2026-10-01 08:16:37,711 - INFO - device is	cuda:0
2026-10-01 08:16:37,818 - INFO - -- CONFIGURATIONS
2026-10-01 08:16:37,818 - INFO - --- train/valid/test: 3628/404/1728
2026-10-01 08:16:37,818 - INFO - --- max no. reactants_train, valid, test respectively: 14, 14, 14
2026-10-01 08:16:37,818 - INFO - --- max no. products_train, valid, test respectively: 1, 1, 1
2026-10-01 08:16:37,818 - INFO - --- model_path: ../logs/approach2_grid_suzuki/e400/runs/Suzuki-Miyaura_split_3_approach_2/model.pt
2026-10-01 08:16:37,825 - INFO - -- TRAINING
2026-10-01 08:16:39,307 - INFO - --- training epoch 0, loss 0.6780, mae 0.9771, rmse 2.3878, time elapsed(min) 0.02---
2026-10-01 08:16:39,524 - INFO - --- validation at epoch 0, val_loss 0.0484, val_mae 0.2540, val_rmse 0.3117, val_r2 -0.2104, val_pearson 0.2319, lr 1.00e-03 ---
2026-10-01 08:16:39,524 - INFO - 
****************************************************************************************************
2026-10-01 08:16:41,426 - INFO - --- training epoch 1, loss 0.0408, mae 0.2459, rmse 0.2856, time elapsed(min) 0.03---
2026-10-01 08:16:41,791 - INFO - --- validation at epoch 1, val_loss 0.0409, val_mae 0.2464, val_rmse 0.2883, val_r2 -0.0353, val_pearson 0.2676, lr 1.00e-03 ---
2026-10-01 08:16:41,791 - INFO - 
****************************************************************************************************
2026-10-01 08:16:43,736 - INFO - --- training epoch 2, loss 0.0396, mae 0.2421, rmse 0.2813, time elapsed(min) 0.03---
2026-10-01 08:16:43,951 - INFO - --- validation at epoch 2, val_loss 0.0354, val_mae 0.2391, val_rmse 0.2721, val_r2 0.0780, val_pearson 0.3146, lr 1.00e-03 ---
2026-10-01 08:16:43,951 - INFO - 
****************************************************************************************************
2026-10-01 08:16:45,764 - INFO - --- training epoch 3, loss 0.0385, mae 0.2373, rmse 0.2774, time elapsed(min) 0.02---
2026-10-01 08:16:45,977 - INFO - --- validation at epoch 3, val_loss 0.0349, val_mae 0.2369, val_rmse 0.2698, val_r2 0.0934, val_pearson 0.3376, lr 1.00e-03 ---
2026-10-01 08:16:45,977 - INFO - 
****************************************************************************************************
2026-10-01 08:16:47,842 - INFO - --- training epoch 4, loss 0.0377, mae 0.2343, rmse 0.2744, time elapsed(min) 0.03---
2026-10-01 08:16:48,177 - INFO - --- validation at epoch 4, val_loss 0.0345, val_mae 0.2355, val_rmse 0.2683, val_r2 0.1030, val_pearson 0.3643, lr 1.00e-03 ---
2026-10-01 08:16:48,177 - INFO - 
****************************************************************************************************
2026-10-01 08:16:50,136 - INFO - --- training epoch 5, loss 0.0376, mae 0.2344, rmse 0.2743, time elapsed(min) 0.03---
2026-10-01 08:16:50,508 - INFO - --- validation at epoch 5, val_loss 0.0346, val_mae 0.2335, val_rmse 0.2678, val_r2 0.1069, val_pearson 0.3644, lr 1.00e-03 ---
2026-10-01 08:16:50,508 - INFO - 
****************************************************************************************************
2026-10-01 08:16:52,341 - INFO - --- training epoch 6, loss 0.0375, mae 0.2334, rmse 0.2738, time elapsed(min) 0.02---
2026-10-01 08:16:52,559 - INFO - --- validation at epoch 6, val_loss 0.0341, val_mae 0.2346, val_rmse 0.2671, val_r2 0.1115, val_pearson 0.3770, lr 1.00e-03 ---
2026-10-01 08:16:52,559 - INFO - 
****************************************************************************************************
2026-10-01 08:16:54,405 - INFO - --- training epoch 7, loss 0.0368, mae 0.2311, rmse 0.2712, time elapsed(min) 0.02---
2026-10-01 08:16:54,641 - INFO - --- validation at epoch 7, val_loss 0.0344, val_mae 0.2371, val_rmse 0.2688, val_r2 0.0997, val_pearson 0.3809, lr 1.00e-03 ---
2026-10-01 08:16:54,641 - INFO - 
****************************************************************************************************
2026-10-01 08:16:56,440 - INFO - --- training epoch 8, loss 0.0366, mae 0.2298, rmse 0.2705, time elapsed(min) 0.03---
2026-10-01 08:16:56,777 - INFO - --- validation at epoch 8, val_loss 0.0341, val_mae 0.2327, val_rmse 0.2657, val_r2 0.1208, val_pearson 0.4082, lr 1.00e-03 ---
2026-10-01 08:16:56,777 - INFO - 
****************************************************************************************************
2026-10-01 08:16:58,787 - INFO - --- training epoch 9, loss 0.0346, mae 0.2216, rmse 0.2632, time elapsed(min) 0.03---
2026-10-01 08:16:59,006 - INFO - --- validation at epoch 9, val_loss 0.0332, val_mae 0.2206, val_rmse 0.2587, val_r2 0.1662, val_pearson 0.4619, lr 1.00e-03 ---
2026-10-01 08:16:59,006 - INFO - 
****************************************************************************************************
2026-10-01 08:17:00,809 - INFO - --- training epoch 10, loss 0.0334, mae 0.2164, rmse 0.2585, time elapsed(min) 0.02---
2026-10-01 08:17:01,022 - INFO - --- validation at epoch 10, val_loss 0.0342, val_mae 0.2208, val_rmse 0.2622, val_r2 0.1434, val_pearson 0.4627, lr 1.00e-03 ---
2026-10-01 08:17:01,022 - INFO - 
****************************************************************************************************
2026-10-01 08:17:02,749 - INFO - --- training epoch 11, loss 0.0338, mae 0.2177, rmse 0.2602, time elapsed(min) 0.02---
2026-10-01 08:17:03,081 - INFO - --- validation at epoch 11, val_loss 0.0340, val_mae 0.2176, val_rmse 0.2603, val_r2 0.1560, val_pearson 0.4689, lr 1.00e-03 ---
2026-10-01 08:17:03,081 - INFO - 
****************************************************************************************************
2026-10-01 08:17:05,138 - INFO - --- training epoch 12, loss 0.0330, mae 0.2152, rmse 0.2569, time elapsed(min) 0.03---
2026-10-01 08:17:05,357 - INFO - --- validation at epoch 12, val_loss 0.0333, val_mae 0.2181, val_rmse 0.2589, val_r2 0.1649, val_pearson 0.4721, lr 1.00e-03 ---
2026-10-01 08:17:05,357 - INFO - 
****************************************************************************************************
2026-10-01 08:17:07,143 - INFO - --- training epoch 13, loss 0.0335, mae 0.2162, rmse 0.2590, time elapsed(min) 0.03---
2026-10-01 08:17:07,355 - INFO - --- validation at epoch 13, val_loss 0.0359, val_mae 0.2236, val_rmse 0.2677, val_r2 0.1075, val_pearson 0.4661, lr 1.00e-03 ---
2026-10-01 08:17:07,355 - INFO - 
****************************************************************************************************
2026-10-01 08:17:09,064 - INFO - --- training epoch 14, loss 0.0341, mae 0.2184, rmse 0.2611, time elapsed(min) 0.02---
2026-10-01 08:17:09,325 - INFO - --- validation at epoch 14, val_loss 0.0316, val_mae 0.2149, val_rmse 0.2529, val_r2 0.2033, val_pearson 0.4722, lr 1.00e-03 ---
2026-10-01 08:17:09,325 - INFO - 
****************************************************************************************************
2026-10-01 08:17:11,258 - INFO - --- training epoch 15, loss 0.0332, mae 0.2145, rmse 0.2575, time elapsed(min) 0.03---
2026-10-01 08:17:11,628 - INFO - --- validation at epoch 15, val_loss 0.0342, val_mae 0.2193, val_rmse 0.2614, val_r2 0.1487, val_pearson 0.4702, lr 1.00e-03 ---
2026-10-01 08:17:11,628 - INFO - 
****************************************************************************************************
2026-10-01 08:17:13,511 - INFO - --- training epoch 16, loss 0.0336, mae 0.2164, rmse 0.2591, time elapsed(min) 0.03---
2026-10-01 08:17:13,725 - INFO - --- validation at epoch 16, val_loss 0.0323, val_mae 0.2169, val_rmse 0.2560, val_r2 0.1839, val_pearson 0.4759, lr 1.00e-03 ---
2026-10-01 08:17:13,725 - INFO - 
****************************************************************************************************
2026-10-01 08:17:15,496 - INFO - --- training epoch 17, loss 0.0334, mae 0.2159, rmse 0.2585, time elapsed(min) 0.02---
2026-10-01 08:17:15,709 - INFO - --- validation at epoch 17, val_loss 0.0322, val_mae 0.2146, val_rmse 0.2557, val_r2 0.1857, val_pearson 0.4703, lr 1.00e-03 ---
2026-10-01 08:17:15,709 - INFO - 
****************************************************************************************************
2026-10-01 08:17:17,524 - INFO - --- training epoch 18, loss 0.0331, mae 0.2147, rmse 0.2574, time elapsed(min) 0.03---
2026-10-01 08:17:17,934 - INFO - --- validation at epoch 18, val_loss 0.0325, val_mae 0.2203, val_rmse 0.2562, val_r2 0.1821, val_pearson 0.4689, lr 1.00e-03 ---
2026-10-01 08:17:17,934 - INFO - 
****************************************************************************************************
2026-10-01 08:17:19,822 - INFO - --- training epoch 19, loss 0.0328, mae 0.2130, rmse 0.2562, time elapsed(min) 0.03---
2026-10-01 08:17:20,051 - INFO - --- validation at epoch 19, val_loss 0.0348, val_mae 0.2199, val_rmse 0.2628, val_r2 0.1395, val_pearson 0.4603, lr 1.00e-03 ---
2026-10-01 08:17:20,051 - INFO - 
****************************************************************************************************
2026-10-01 08:17:21,777 - INFO - --- training epoch 20, loss 0.0332, mae 0.2146, rmse 0.2576, time elapsed(min) 0.02---
2026-10-01 08:17:21,997 - INFO - --- validation at epoch 20, val_loss 0.0332, val_mae 0.2189, val_rmse 0.2581, val_r2 0.1700, val_pearson 0.4713, lr 1.00e-03 ---
2026-10-01 08:17:21,997 - INFO - 
****************************************************************************************************
2026-10-01 08:17:23,772 - INFO - --- training epoch 21, loss 0.0331, mae 0.2148, rmse 0.2574, time elapsed(min) 0.02---
2026-10-01 08:17:23,991 - INFO - --- validation at epoch 21, val_loss 0.0319, val_mae 0.2139, val_rmse 0.2539, val_r2 0.1969, val_pearson 0.4834, lr 1.00e-03 ---
2026-10-01 08:17:23,991 - INFO - 
****************************************************************************************************
2026-10-01 08:17:25,847 - INFO - --- training epoch 22, loss 0.0334, mae 0.2153, rmse 0.2586, time elapsed(min) 0.03---
2026-10-01 08:17:26,243 - INFO - --- validation at epoch 22, val_loss 0.0360, val_mae 0.2203, val_rmse 0.2676, val_r2 0.1077, val_pearson 0.4687, lr 1.00e-03 ---
2026-10-01 08:17:26,243 - INFO - 
****************************************************************************************************
2026-10-01 08:17:28,136 - INFO - --- training epoch 23, loss 0.0333, mae 0.2148, rmse 0.2580, time elapsed(min) 0.02---
2026-10-01 08:17:28,352 - INFO - --- validation at epoch 23, val_loss 0.0318, val_mae 0.2135, val_rmse 0.2525, val_r2 0.2060, val_pearson 0.4839, lr 1.00e-03 ---
2026-10-01 08:17:28,352 - INFO - 
****************************************************************************************************
2026-10-01 08:17:30,107 - INFO - --- training epoch 24, loss 0.0328, mae 0.2132, rmse 0.2562, time elapsed(min) 0.02---
2026-10-01 08:17:30,346 - INFO - --- validation at epoch 24, val_loss 0.0337, val_mae 0.2157, val_rmse 0.2584, val_r2 0.1684, val_pearson 0.4935, lr 1.00e-03 ---
2026-10-01 08:17:30,346 - INFO - 
****************************************************************************************************
2026-10-01 08:17:32,105 - INFO - --- training epoch 25, loss 0.0328, mae 0.2132, rmse 0.2560, time elapsed(min) 0.02---
2026-10-01 08:17:32,449 - INFO - --- validation at epoch 25, val_loss 0.0374, val_mae 0.2295, val_rmse 0.2723, val_r2 0.0765, val_pearson 0.4608, lr 1.00e-03 ---
2026-10-01 08:17:32,449 - INFO - 
****************************************************************************************************
2026-10-01 08:17:34,439 - INFO - --- training epoch 26, loss 0.0336, mae 0.2160, rmse 0.2591, time elapsed(min) 0.03---
2026-10-01 08:17:34,678 - INFO - --- validation at epoch 26, val_loss 0.0299, val_mae 0.2111, val_rmse 0.2483, val_r2 0.2317, val_pearson 0.4823, lr 3.00e-04 ---
2026-10-01 08:17:34,678 - INFO - 
****************************************************************************************************
2026-10-01 08:17:36,497 - INFO - --- training epoch 27, loss 0.0324, mae 0.2119, rmse 0.2545, time elapsed(min) 0.02---
2026-10-01 08:17:36,713 - INFO - --- validation at epoch 27, val_loss 0.0303, val_mae 0.2116, val_rmse 0.2487, val_r2 0.2297, val_pearson 0.4886, lr 3.00e-04 ---
2026-10-01 08:17:36,713 - INFO - 
****************************************************************************************************
2026-10-01 08:17:38,477 - INFO - --- training epoch 28, loss 0.0319, mae 0.2103, rmse 0.2527, time elapsed(min) 0.02---
2026-10-01 08:17:38,818 - INFO - --- validation at epoch 28, val_loss 0.0304, val_mae 0.2117, val_rmse 0.2479, val_r2 0.2344, val_pearson 0.4956, lr 3.00e-04 ---
2026-10-01 08:17:38,818 - INFO - 
****************************************************************************************************
2026-10-01 08:17:40,786 - INFO - --- training epoch 29, loss 0.0320, mae 0.2110, rmse 0.2531, time elapsed(min) 0.03---
2026-10-01 08:17:41,002 - INFO - --- validation at epoch 29, val_loss 0.0307, val_mae 0.2126, val_rmse 0.2491, val_r2 0.2270, val_pearson 0.4951, lr 3.00e-04 ---
2026-10-01 08:17:41,002 - INFO - 
****************************************************************************************************
2026-10-01 08:17:42,742 - INFO - --- training epoch 30, loss 0.0322, mae 0.2113, rmse 0.2538, time elapsed(min) 0.02---
2026-10-01 08:17:42,981 - INFO - --- validation at epoch 30, val_loss 0.0313, val_mae 0.2128, val_rmse 0.2508, val_r2 0.2166, val_pearson 0.4941, lr 3.00e-04 ---
2026-10-01 08:17:42,981 - INFO - 
****************************************************************************************************
2026-10-01 08:17:44,719 - INFO - --- training epoch 31, loss 0.0318, mae 0.2090, rmse 0.2522, time elapsed(min) 0.02---
2026-10-01 08:17:45,062 - INFO - --- validation at epoch 31, val_loss 0.0311, val_mae 0.2119, val_rmse 0.2497, val_r2 0.2230, val_pearson 0.5022, lr 3.00e-04 ---
2026-10-01 08:17:45,062 - INFO - 
****************************************************************************************************
2026-10-01 08:17:47,032 - INFO - --- training epoch 32, loss 0.0317, mae 0.2093, rmse 0.2519, time elapsed(min) 0.03---
2026-10-01 08:17:47,247 - INFO - --- validation at epoch 32, val_loss 0.0332, val_mae 0.2177, val_rmse 0.2569, val_r2 0.1780, val_pearson 0.4897, lr 3.00e-04 ---
2026-10-01 08:17:47,247 - INFO - 
****************************************************************************************************
2026-10-01 08:17:48,956 - INFO - --- training epoch 33, loss 0.0317, mae 0.2092, rmse 0.2519, time elapsed(min) 0.02---
2026-10-01 08:17:49,169 - INFO - --- validation at epoch 33, val_loss 0.0328, val_mae 0.2164, val_rmse 0.2554, val_r2 0.1875, val_pearson 0.4946, lr 3.00e-04 ---
2026-10-01 08:17:49,169 - INFO - 
****************************************************************************************************
2026-10-01 08:17:50,983 - INFO - --- training epoch 34, loss 0.0321, mae 0.2105, rmse 0.2534, time elapsed(min) 0.03---
2026-10-01 08:17:51,245 - INFO - --- validation at epoch 34, val_loss 0.0327, val_mae 0.2157, val_rmse 0.2551, val_r2 0.1896, val_pearson 0.5025, lr 3.00e-04 ---
2026-10-01 08:17:51,245 - INFO - 
****************************************************************************************************
2026-10-01 08:17:53,074 - INFO - --- training epoch 35, loss 0.0318, mae 0.2093, rmse 0.2524, time elapsed(min) 0.03---
2026-10-01 08:17:53,452 - INFO - --- validation at epoch 35, val_loss 0.0321, val_mae 0.2148, val_rmse 0.2535, val_r2 0.1994, val_pearson 0.5054, lr 3.00e-04 ---
2026-10-01 08:17:53,452 - INFO - 
****************************************************************************************************
2026-10-01 08:17:55,408 - INFO - --- training epoch 36, loss 0.0313, mae 0.2082, rmse 0.2504, time elapsed(min) 0.03---
2026-10-01 08:17:55,623 - INFO - --- validation at epoch 36, val_loss 0.0318, val_mae 0.2122, val_rmse 0.2520, val_r2 0.2090, val_pearson 0.5130, lr 3.00e-04 ---
2026-10-01 08:17:55,623 - INFO - 
****************************************************************************************************
2026-10-01 08:17:57,370 - INFO - --- training epoch 37, loss 0.0313, mae 0.2070, rmse 0.2501, time elapsed(min) 0.02---
2026-10-01 08:17:57,582 - INFO - --- validation at epoch 37, val_loss 0.0312, val_mae 0.2092, val_rmse 0.2501, val_r2 0.2208, val_pearson 0.5285, lr 3.00e-04 ---
2026-10-01 08:17:57,582 - INFO - 
****************************************************************************************************
2026-10-01 08:17:59,412 - INFO - --- training epoch 38, loss 0.0302, mae 0.2039, rmse 0.2456, time elapsed(min) 0.03---
2026-10-01 08:17:59,807 - INFO - --- validation at epoch 38, val_loss 0.0280, val_mae 0.1977, val_rmse 0.2381, val_r2 0.2939, val_pearson 0.5639, lr 9.00e-05 ---
2026-10-01 08:17:59,808 - INFO - 
****************************************************************************************************
2026-10-01 08:18:01,728 - INFO - --- training epoch 39, loss 0.0291, mae 0.1992, rmse 0.2413, time elapsed(min) 0.02---
2026-10-01 08:18:01,947 - INFO - --- validation at epoch 39, val_loss 0.0286, val_mae 0.1969, val_rmse 0.2396, val_r2 0.2851, val_pearson 0.5792, lr 9.00e-05 ---
2026-10-01 08:18:01,948 - INFO - 
****************************************************************************************************
2026-10-01 08:18:03,733 - INFO - --- training epoch 40, loss 0.0282, mae 0.1950, rmse 0.2375, time elapsed(min) 0.02---
2026-10-01 08:18:03,946 - INFO - --- validation at epoch 40, val_loss 0.0275, val_mae 0.1918, val_rmse 0.2351, val_r2 0.3112, val_pearson 0.6065, lr 9.00e-05 ---
2026-10-01 08:18:03,946 - INFO - 
****************************************************************************************************
2026-10-01 08:18:05,865 - INFO - --- training epoch 41, loss 0.0269, mae 0.1896, rmse 0.2317, time elapsed(min) 0.03---
2026-10-01 08:18:06,198 - INFO - --- validation at epoch 41, val_loss 0.0252, val_mae 0.1844, val_rmse 0.2256, val_r2 0.3661, val_pearson 0.6473, lr 9.00e-05 ---
2026-10-01 08:18:06,198 - INFO - 
****************************************************************************************************
2026-10-01 08:18:08,277 - INFO - --- training epoch 42, loss 0.0252, mae 0.1845, rmse 0.2247, time elapsed(min) 0.03---
2026-10-01 08:18:08,492 - INFO - --- validation at epoch 42, val_loss 0.0224, val_mae 0.1750, val_rmse 0.2132, val_r2 0.4339, val_pearson 0.6863, lr 9.00e-05 ---
2026-10-01 08:18:08,492 - INFO - 
****************************************************************************************************
2026-10-01 08:18:10,355 - INFO - --- training epoch 43, loss 0.0235, mae 0.1770, rmse 0.2168, time elapsed(min) 0.02---
2026-10-01 08:18:10,568 - INFO - --- validation at epoch 43, val_loss 0.0237, val_mae 0.1788, val_rmse 0.2188, val_r2 0.4037, val_pearson 0.6921, lr 9.00e-05 ---
2026-10-01 08:18:10,568 - INFO - 
****************************************************************************************************
2026-10-01 08:18:12,324 - INFO - --- training epoch 44, loss 0.0229, mae 0.1749, rmse 0.2141, time elapsed(min) 0.02---
2026-10-01 08:18:12,658 - INFO - --- validation at epoch 44, val_loss 0.0182, val_mae 0.1601, val_rmse 0.1946, val_r2 0.5284, val_pearson 0.7296, lr 9.00e-05 ---
2026-10-01 08:18:12,658 - INFO - 
****************************************************************************************************
2026-10-01 08:18:14,813 - INFO - --- training epoch 45, loss 0.0215, mae 0.1693, rmse 0.2076, time elapsed(min) 0.03---
2026-10-01 08:18:15,032 - INFO - --- validation at epoch 45, val_loss 0.0174, val_mae 0.1568, val_rmse 0.1913, val_r2 0.5439, val_pearson 0.7411, lr 9.00e-05 ---
2026-10-01 08:18:15,033 - INFO - 
****************************************************************************************************
2026-10-01 08:18:16,861 - INFO - --- training epoch 46, loss 0.0207, mae 0.1649, rmse 0.2034, time elapsed(min) 0.02---
2026-10-01 08:18:17,075 - INFO - --- validation at epoch 46, val_loss 0.0177, val_mae 0.1569, val_rmse 0.1927, val_r2 0.5377, val_pearson 0.7437, lr 9.00e-05 ---
2026-10-01 08:18:17,075 - INFO - 
****************************************************************************************************
2026-10-01 08:18:18,812 - INFO - --- training epoch 47, loss 0.0202, mae 0.1636, rmse 0.2012, time elapsed(min) 0.02---
2026-10-01 08:18:19,159 - INFO - --- validation at epoch 47, val_loss 0.0170, val_mae 0.1543, val_rmse 0.1894, val_r2 0.5530, val_pearson 0.7479, lr 9.00e-05 ---
2026-10-01 08:18:19,159 - INFO - 
****************************************************************************************************
2026-10-01 08:18:21,175 - INFO - --- training epoch 48, loss 0.0201, mae 0.1631, rmse 0.2007, time elapsed(min) 0.03---
2026-10-01 08:18:21,389 - INFO - --- validation at epoch 48, val_loss 0.0167, val_mae 0.1534, val_rmse 0.1876, val_r2 0.5617, val_pearson 0.7545, lr 9.00e-05 ---
2026-10-01 08:18:21,389 - INFO - 
****************************************************************************************************
2026-10-01 08:18:23,195 - INFO - --- training epoch 49, loss 0.0201, mae 0.1617, rmse 0.2004, time elapsed(min) 0.02---
2026-10-01 08:18:23,410 - INFO - --- validation at epoch 49, val_loss 0.0168, val_mae 0.1514, val_rmse 0.1875, val_r2 0.5623, val_pearson 0.7594, lr 9.00e-05 ---
2026-10-01 08:18:23,410 - INFO - 
****************************************************************************************************
2026-10-01 08:18:25,146 - INFO - --- training epoch 50, loss 0.0197, mae 0.1602, rmse 0.1985, time elapsed(min) 0.02---
2026-10-01 08:18:25,382 - INFO - --- validation at epoch 50, val_loss 0.0180, val_mae 0.1548, val_rmse 0.1931, val_r2 0.5353, val_pearson 0.7565, lr 9.00e-05 ---
2026-10-01 08:18:25,382 - INFO - 
****************************************************************************************************
2026-10-01 08:18:27,182 - INFO - --- training epoch 51, loss 0.0192, mae 0.1569, rmse 0.1958, time elapsed(min) 0.03---
2026-10-01 08:18:27,564 - INFO - --- validation at epoch 51, val_loss 0.0172, val_mae 0.1510, val_rmse 0.1887, val_r2 0.5566, val_pearson 0.7643, lr 9.00e-05 ---
2026-10-01 08:18:27,564 - INFO - 
****************************************************************************************************
2026-10-01 08:18:29,421 - INFO - --- training epoch 52, loss 0.0191, mae 0.1565, rmse 0.1955, time elapsed(min) 0.02---
2026-10-01 08:18:29,635 - INFO - --- validation at epoch 52, val_loss 0.0169, val_mae 0.1497, val_rmse 0.1874, val_r2 0.5628, val_pearson 0.7663, lr 9.00e-05 ---
2026-10-01 08:18:29,635 - INFO - 
****************************************************************************************************
2026-10-01 08:18:31,362 - INFO - --- training epoch 53, loss 0.0190, mae 0.1563, rmse 0.1949, time elapsed(min) 0.02---
2026-10-01 08:18:31,574 - INFO - --- validation at epoch 53, val_loss 0.0167, val_mae 0.1480, val_rmse 0.1866, val_r2 0.5662, val_pearson 0.7682, lr 9.00e-05 ---
2026-10-01 08:18:31,574 - INFO - 
****************************************************************************************************
2026-10-01 08:18:33,414 - INFO - --- training epoch 54, loss 0.0190, mae 0.1555, rmse 0.1951, time elapsed(min) 0.02---
2026-10-01 08:18:33,831 - INFO - --- validation at epoch 54, val_loss 0.0169, val_mae 0.1496, val_rmse 0.1874, val_r2 0.5624, val_pearson 0.7686, lr 9.00e-05 ---
2026-10-01 08:18:33,831 - INFO - 
****************************************************************************************************
2026-10-01 08:18:35,694 - INFO - --- training epoch 55, loss 0.0186, mae 0.1536, rmse 0.1926, time elapsed(min) 0.02---
2026-10-01 08:18:35,908 - INFO - --- validation at epoch 55, val_loss 0.0172, val_mae 0.1497, val_rmse 0.1875, val_r2 0.5620, val_pearson 0.7723, lr 9.00e-05 ---
2026-10-01 08:18:35,908 - INFO - 
****************************************************************************************************
2026-10-01 08:18:37,631 - INFO - --- training epoch 56, loss 0.0183, mae 0.1516, rmse 0.1912, time elapsed(min) 0.02---
2026-10-01 08:18:37,845 - INFO - --- validation at epoch 56, val_loss 0.0173, val_mae 0.1498, val_rmse 0.1887, val_r2 0.5565, val_pearson 0.7706, lr 9.00e-05 ---
2026-10-01 08:18:37,845 - INFO - 
****************************************************************************************************
2026-10-01 08:18:39,587 - INFO - --- training epoch 57, loss 0.0183, mae 0.1520, rmse 0.1915, time elapsed(min) 0.02---
2026-10-01 08:18:39,961 - INFO - --- validation at epoch 57, val_loss 0.0172, val_mae 0.1485, val_rmse 0.1877, val_r2 0.5611, val_pearson 0.7741, lr 9.00e-05 ---
2026-10-01 08:18:39,961 - INFO - 
****************************************************************************************************
2026-10-01 08:18:41,879 - INFO - --- training epoch 58, loss 0.0179, mae 0.1497, rmse 0.1892, time elapsed(min) 0.03---
2026-10-01 08:18:42,091 - INFO - --- validation at epoch 58, val_loss 0.0175, val_mae 0.1505, val_rmse 0.1891, val_r2 0.5548, val_pearson 0.7741, lr 9.00e-05 ---
2026-10-01 08:18:42,091 - INFO - 
****************************************************************************************************
2026-10-01 08:18:43,809 - INFO - --- training epoch 59, loss 0.0177, mae 0.1487, rmse 0.1879, time elapsed(min) 0.02---
2026-10-01 08:18:44,024 - INFO - --- validation at epoch 59, val_loss 0.0172, val_mae 0.1483, val_rmse 0.1875, val_r2 0.5621, val_pearson 0.7744, lr 9.00e-05 ---
2026-10-01 08:18:44,025 - INFO - 
****************************************************************************************************
2026-10-01 08:18:45,777 - INFO - --- training epoch 60, loss 0.0173, mae 0.1468, rmse 0.1859, time elapsed(min) 0.02---
2026-10-01 08:18:46,106 - INFO - --- validation at epoch 60, val_loss 0.0171, val_mae 0.1472, val_rmse 0.1867, val_r2 0.5659, val_pearson 0.7773, lr 9.00e-05 ---
2026-10-01 08:18:46,106 - INFO - 
****************************************************************************************************
2026-10-01 08:18:48,039 - INFO - --- training epoch 61, loss 0.0170, mae 0.1450, rmse 0.1846, time elapsed(min) 0.03---
2026-10-01 08:18:48,270 - INFO - --- validation at epoch 61, val_loss 0.0165, val_mae 0.1463, val_rmse 0.1827, val_r2 0.5841, val_pearson 0.7885, lr 9.00e-05 ---
2026-10-01 08:18:48,271 - INFO - 
****************************************************************************************************
2026-10-01 08:18:50,142 - INFO - --- training epoch 62, loss 0.0172, mae 0.1464, rmse 0.1854, time elapsed(min) 0.03---
2026-10-01 08:18:50,358 - INFO - --- validation at epoch 62, val_loss 0.0158, val_mae 0.1434, val_rmse 0.1786, val_r2 0.6029, val_pearson 0.7937, lr 9.00e-05 ---
2026-10-01 08:18:50,358 - INFO - 
****************************************************************************************************
2026-10-01 08:18:52,204 - INFO - --- training epoch 63, loss 0.0164, mae 0.1424, rmse 0.1813, time elapsed(min) 0.02---
2026-10-01 08:18:52,535 - INFO - --- validation at epoch 63, val_loss 0.0153, val_mae 0.1396, val_rmse 0.1755, val_r2 0.6165, val_pearson 0.7981, lr 9.00e-05 ---
2026-10-01 08:18:52,535 - INFO - 
****************************************************************************************************
2026-10-01 08:18:54,676 - INFO - --- training epoch 64, loss 0.0166, mae 0.1425, rmse 0.1822, time elapsed(min) 0.03---
2026-10-01 08:18:54,891 - INFO - --- validation at epoch 64, val_loss 0.0148, val_mae 0.1377, val_rmse 0.1734, val_r2 0.6255, val_pearson 0.7966, lr 9.00e-05 ---
2026-10-01 08:18:54,891 - INFO - 
****************************************************************************************************
2026-10-01 08:18:56,769 - INFO - --- training epoch 65, loss 0.0162, mae 0.1410, rmse 0.1801, time elapsed(min) 0.03---
2026-10-01 08:18:56,982 - INFO - --- validation at epoch 65, val_loss 0.0147, val_mae 0.1378, val_rmse 0.1721, val_r2 0.6309, val_pearson 0.8018, lr 9.00e-05 ---
2026-10-01 08:18:56,982 - INFO - 
****************************************************************************************************
2026-10-01 08:18:58,874 - INFO - --- training epoch 66, loss 0.0157, mae 0.1382, rmse 0.1771, time elapsed(min) 0.03---
2026-10-01 08:18:59,217 - INFO - --- validation at epoch 66, val_loss 0.0148, val_mae 0.1377, val_rmse 0.1727, val_r2 0.6285, val_pearson 0.8029, lr 9.00e-05 ---
2026-10-01 08:18:59,217 - INFO - 
****************************************************************************************************
2026-10-01 08:19:01,208 - INFO - --- training epoch 67, loss 0.0157, mae 0.1377, rmse 0.1771, time elapsed(min) 0.03---
2026-10-01 08:19:01,424 - INFO - --- validation at epoch 67, val_loss 0.0147, val_mae 0.1366, val_rmse 0.1725, val_r2 0.6295, val_pearson 0.8041, lr 9.00e-05 ---
2026-10-01 08:19:01,424 - INFO - 
****************************************************************************************************
2026-10-01 08:19:03,323 - INFO - --- training epoch 68, loss 0.0157, mae 0.1380, rmse 0.1774, time elapsed(min) 0.03---
2026-10-01 08:19:03,561 - INFO - --- validation at epoch 68, val_loss 0.0143, val_mae 0.1351, val_rmse 0.1700, val_r2 0.6400, val_pearson 0.8049, lr 9.00e-05 ---
2026-10-01 08:19:03,561 - INFO - 
****************************************************************************************************
2026-10-01 08:19:05,388 - INFO - --- training epoch 69, loss 0.0153, mae 0.1361, rmse 0.1752, time elapsed(min) 0.02---
2026-10-01 08:19:05,605 - INFO - --- validation at epoch 69, val_loss 0.0146, val_mae 0.1365, val_rmse 0.1715, val_r2 0.6337, val_pearson 0.8072, lr 9.00e-05 ---
2026-10-01 08:19:05,605 - INFO - 
****************************************************************************************************
2026-10-01 08:19:07,452 - INFO - --- training epoch 70, loss 0.0154, mae 0.1365, rmse 0.1754, time elapsed(min) 0.03---
2026-10-01 08:19:07,834 - INFO - --- validation at epoch 70, val_loss 0.0144, val_mae 0.1338, val_rmse 0.1700, val_r2 0.6401, val_pearson 0.8081, lr 9.00e-05 ---
2026-10-01 08:19:07,834 - INFO - 
****************************************************************************************************
2026-10-01 08:19:09,712 - INFO - --- training epoch 71, loss 0.0154, mae 0.1363, rmse 0.1757, time elapsed(min) 0.02---
2026-10-01 08:19:09,928 - INFO - --- validation at epoch 71, val_loss 0.0145, val_mae 0.1347, val_rmse 0.1705, val_r2 0.6381, val_pearson 0.8098, lr 9.00e-05 ---
2026-10-01 08:19:09,928 - INFO - 
****************************************************************************************************
2026-10-01 08:19:11,715 - INFO - --- training epoch 72, loss 0.0152, mae 0.1348, rmse 0.1743, time elapsed(min) 0.02---
2026-10-01 08:19:11,929 - INFO - --- validation at epoch 72, val_loss 0.0139, val_mae 0.1313, val_rmse 0.1673, val_r2 0.6515, val_pearson 0.8112, lr 9.00e-05 ---
2026-10-01 08:19:11,929 - INFO - 
****************************************************************************************************
2026-10-01 08:19:13,767 - INFO - --- training epoch 73, loss 0.0152, mae 0.1348, rmse 0.1742, time elapsed(min) 0.02---
2026-10-01 08:19:14,143 - INFO - --- validation at epoch 73, val_loss 0.0144, val_mae 0.1327, val_rmse 0.1696, val_r2 0.6418, val_pearson 0.8128, lr 9.00e-05 ---
2026-10-01 08:19:14,143 - INFO - 
****************************************************************************************************
2026-10-01 08:19:16,012 - INFO - --- training epoch 74, loss 0.0150, mae 0.1334, rmse 0.1729, time elapsed(min) 0.02---
2026-10-01 08:19:16,227 - INFO - --- validation at epoch 74, val_loss 0.0137, val_mae 0.1306, val_rmse 0.1662, val_r2 0.6558, val_pearson 0.8130, lr 9.00e-05 ---
2026-10-01 08:19:16,227 - INFO - 
****************************************************************************************************
2026-10-01 08:19:18,065 - INFO - --- training epoch 75, loss 0.0146, mae 0.1323, rmse 0.1709, time elapsed(min) 0.02---
2026-10-01 08:19:18,284 - INFO - --- validation at epoch 75, val_loss 0.0143, val_mae 0.1318, val_rmse 0.1686, val_r2 0.6460, val_pearson 0.8150, lr 9.00e-05 ---
2026-10-01 08:19:18,284 - INFO - 
****************************************************************************************************
2026-10-01 08:19:20,077 - INFO - --- training epoch 76, loss 0.0147, mae 0.1321, rmse 0.1717, time elapsed(min) 0.03---
2026-10-01 08:19:20,413 - INFO - --- validation at epoch 76, val_loss 0.0137, val_mae 0.1301, val_rmse 0.1660, val_r2 0.6567, val_pearson 0.8161, lr 9.00e-05 ---
2026-10-01 08:19:20,413 - INFO - 
****************************************************************************************************
2026-10-01 08:19:22,483 - INFO - --- training epoch 77, loss 0.0146, mae 0.1324, rmse 0.1711, time elapsed(min) 0.03---
2026-10-01 08:19:22,694 - INFO - --- validation at epoch 77, val_loss 0.0141, val_mae 0.1294, val_rmse 0.1687, val_r2 0.6457, val_pearson 0.8155, lr 9.00e-05 ---
2026-10-01 08:19:22,694 - INFO - 
****************************************************************************************************
2026-10-01 08:19:24,430 - INFO - --- training epoch 78, loss 0.0144, mae 0.1304, rmse 0.1698, time elapsed(min) 0.02---
2026-10-01 08:19:24,645 - INFO - --- validation at epoch 78, val_loss 0.0134, val_mae 0.1274, val_rmse 0.1645, val_r2 0.6629, val_pearson 0.8178, lr 9.00e-05 ---
2026-10-01 08:19:24,645 - INFO - 
****************************************************************************************************
2026-10-01 08:19:26,451 - INFO - --- training epoch 79, loss 0.0143, mae 0.1302, rmse 0.1688, time elapsed(min) 0.02---
2026-10-01 08:19:26,781 - INFO - --- validation at epoch 79, val_loss 0.0134, val_mae 0.1271, val_rmse 0.1641, val_r2 0.6644, val_pearson 0.8189, lr 9.00e-05 ---
2026-10-01 08:19:26,781 - INFO - 
****************************************************************************************************
2026-10-01 08:19:28,678 - INFO - --- training epoch 80, loss 0.0143, mae 0.1303, rmse 0.1691, time elapsed(min) 0.03---
2026-10-01 08:19:29,048 - INFO - --- validation at epoch 80, val_loss 0.0136, val_mae 0.1273, val_rmse 0.1647, val_r2 0.6619, val_pearson 0.8203, lr 9.00e-05 ---
2026-10-01 08:19:29,048 - INFO - 
****************************************************************************************************
2026-10-01 08:19:30,955 - INFO - --- training epoch 81, loss 0.0142, mae 0.1301, rmse 0.1688, time elapsed(min) 0.03---
2026-10-01 08:19:31,218 - INFO - --- validation at epoch 81, val_loss 0.0134, val_mae 0.1270, val_rmse 0.1633, val_r2 0.6677, val_pearson 0.8224, lr 9.00e-05 ---
2026-10-01 08:19:31,218 - INFO - 
****************************************************************************************************
2026-10-01 08:19:33,051 - INFO - --- training epoch 82, loss 0.0141, mae 0.1287, rmse 0.1677, time elapsed(min) 0.02---
2026-10-01 08:19:33,263 - INFO - --- validation at epoch 82, val_loss 0.0137, val_mae 0.1277, val_rmse 0.1655, val_r2 0.6587, val_pearson 0.8207, lr 9.00e-05 ---
2026-10-01 08:19:33,263 - INFO - 
****************************************************************************************************
2026-10-01 08:19:35,010 - INFO - --- training epoch 83, loss 0.0138, mae 0.1274, rmse 0.1663, time elapsed(min) 0.02---
2026-10-01 08:19:35,406 - INFO - --- validation at epoch 83, val_loss 0.0131, val_mae 0.1250, val_rmse 0.1622, val_r2 0.6725, val_pearson 0.8249, lr 9.00e-05 ---
2026-10-01 08:19:35,406 - INFO - 
****************************************************************************************************
2026-10-01 08:19:37,330 - INFO - --- training epoch 84, loss 0.0138, mae 0.1280, rmse 0.1664, time elapsed(min) 0.02---
2026-10-01 08:19:37,545 - INFO - --- validation at epoch 84, val_loss 0.0138, val_mae 0.1271, val_rmse 0.1667, val_r2 0.6540, val_pearson 0.8218, lr 9.00e-05 ---
2026-10-01 08:19:37,546 - INFO - 
****************************************************************************************************
2026-10-01 08:19:39,336 - INFO - --- training epoch 85, loss 0.0138, mae 0.1272, rmse 0.1660, time elapsed(min) 0.03---
2026-10-01 08:19:39,552 - INFO - --- validation at epoch 85, val_loss 0.0133, val_mae 0.1249, val_rmse 0.1630, val_r2 0.6691, val_pearson 0.8254, lr 9.00e-05 ---
2026-10-01 08:19:39,552 - INFO - 
****************************************************************************************************
2026-10-01 08:19:41,372 - INFO - --- training epoch 86, loss 0.0137, mae 0.1277, rmse 0.1658, time elapsed(min) 0.03---
2026-10-01 08:19:41,766 - INFO - --- validation at epoch 86, val_loss 0.0133, val_mae 0.1241, val_rmse 0.1626, val_r2 0.6707, val_pearson 0.8275, lr 9.00e-05 ---
2026-10-01 08:19:41,766 - INFO - 
****************************************************************************************************
2026-10-01 08:19:43,650 - INFO - --- training epoch 87, loss 0.0133, mae 0.1257, rmse 0.1634, time elapsed(min) 0.02---
2026-10-01 08:19:43,865 - INFO - --- validation at epoch 87, val_loss 0.0135, val_mae 0.1245, val_rmse 0.1631, val_r2 0.6686, val_pearson 0.8281, lr 9.00e-05 ---
2026-10-01 08:19:43,865 - INFO - 
****************************************************************************************************
2026-10-01 08:19:45,698 - INFO - --- training epoch 88, loss 0.0134, mae 0.1258, rmse 0.1639, time elapsed(min) 0.03---
2026-10-01 08:19:45,912 - INFO - --- validation at epoch 88, val_loss 0.0132, val_mae 0.1234, val_rmse 0.1620, val_r2 0.6733, val_pearson 0.8296, lr 9.00e-05 ---
2026-10-01 08:19:45,912 - INFO - 
****************************************************************************************************
2026-10-01 08:19:47,787 - INFO - --- training epoch 89, loss 0.0133, mae 0.1246, rmse 0.1632, time elapsed(min) 0.03---
2026-10-01 08:19:48,159 - INFO - --- validation at epoch 89, val_loss 0.0133, val_mae 0.1230, val_rmse 0.1622, val_r2 0.6722, val_pearson 0.8295, lr 9.00e-05 ---
2026-10-01 08:19:48,159 - INFO - 
****************************************************************************************************
2026-10-01 08:19:50,182 - INFO - --- training epoch 90, loss 0.0132, mae 0.1243, rmse 0.1624, time elapsed(min) 0.03---
2026-10-01 08:19:50,397 - INFO - --- validation at epoch 90, val_loss 0.0129, val_mae 0.1213, val_rmse 0.1596, val_r2 0.6829, val_pearson 0.8328, lr 9.00e-05 ---
2026-10-01 08:19:50,397 - INFO - 
****************************************************************************************************
2026-10-01 08:19:52,354 - INFO - --- training epoch 91, loss 0.0129, mae 0.1228, rmse 0.1608, time elapsed(min) 0.03---
2026-10-01 08:19:52,567 - INFO - --- validation at epoch 91, val_loss 0.0136, val_mae 0.1230, val_rmse 0.1632, val_r2 0.6681, val_pearson 0.8295, lr 9.00e-05 ---
2026-10-01 08:19:52,567 - INFO - 
****************************************************************************************************
2026-10-01 08:19:54,351 - INFO - --- training epoch 92, loss 0.0131, mae 0.1238, rmse 0.1621, time elapsed(min) 0.03---
2026-10-01 08:19:54,698 - INFO - --- validation at epoch 92, val_loss 0.0132, val_mae 0.1210, val_rmse 0.1610, val_r2 0.6771, val_pearson 0.8337, lr 9.00e-05 ---
2026-10-01 08:19:54,699 - INFO - 
****************************************************************************************************
2026-10-01 08:19:56,629 - INFO - --- training epoch 93, loss 0.0129, mae 0.1230, rmse 0.1605, time elapsed(min) 0.03---
2026-10-01 08:19:56,844 - INFO - --- validation at epoch 93, val_loss 0.0131, val_mae 0.1213, val_rmse 0.1597, val_r2 0.6823, val_pearson 0.8367, lr 9.00e-05 ---
2026-10-01 08:19:56,845 - INFO - 
****************************************************************************************************
2026-10-01 08:19:58,573 - INFO - --- training epoch 94, loss 0.0126, mae 0.1211, rmse 0.1589, time elapsed(min) 0.02---
2026-10-01 08:19:58,787 - INFO - --- validation at epoch 94, val_loss 0.0138, val_mae 0.1233, val_rmse 0.1641, val_r2 0.6645, val_pearson 0.8349, lr 9.00e-05 ---
2026-10-01 08:19:58,787 - INFO - 
****************************************************************************************************
2026-10-01 08:20:00,591 - INFO - --- training epoch 95, loss 0.0131, mae 0.1240, rmse 0.1616, time elapsed(min) 0.03---
2026-10-01 08:20:00,825 - INFO - --- validation at epoch 95, val_loss 0.0142, val_mae 0.1242, val_rmse 0.1664, val_r2 0.6551, val_pearson 0.8330, lr 9.00e-05 ---
2026-10-01 08:20:00,825 - INFO - 
****************************************************************************************************
2026-10-01 08:20:02,750 - INFO - --- training epoch 96, loss 0.0129, mae 0.1229, rmse 0.1608, time elapsed(min) 0.03---
2026-10-01 08:20:03,131 - INFO - --- validation at epoch 96, val_loss 0.0150, val_mae 0.1281, val_rmse 0.1720, val_r2 0.6316, val_pearson 0.8301, lr 9.00e-05 ---
2026-10-01 08:20:03,131 - INFO - 
****************************************************************************************************
2026-10-01 08:20:04,962 - INFO - --- training epoch 97, loss 0.0129, mae 0.1233, rmse 0.1604, time elapsed(min) 0.02---
2026-10-01 08:20:05,177 - INFO - --- validation at epoch 97, val_loss 0.0150, val_mae 0.1286, val_rmse 0.1723, val_r2 0.6302, val_pearson 0.8348, lr 9.00e-05 ---
2026-10-01 08:20:05,177 - INFO - 
****************************************************************************************************
2026-10-01 08:20:06,905 - INFO - --- training epoch 98, loss 0.0125, mae 0.1205, rmse 0.1581, time elapsed(min) 0.02---
2026-10-01 08:20:07,146 - INFO - --- validation at epoch 98, val_loss 0.0135, val_mae 0.1216, val_rmse 0.1633, val_r2 0.6679, val_pearson 0.8370, lr 9.00e-05 ---
2026-10-01 08:20:07,146 - INFO - 
****************************************************************************************************
2026-10-01 08:20:08,883 - INFO - --- training epoch 99, loss 0.0122, mae 0.1189, rmse 0.1559, time elapsed(min) 0.02---
2026-10-01 08:20:09,226 - INFO - --- validation at epoch 99, val_loss 0.0132, val_mae 0.1204, val_rmse 0.1610, val_r2 0.6771, val_pearson 0.8418, lr 9.00e-05 ---
2026-10-01 08:20:09,226 - INFO - 
****************************************************************************************************
2026-10-01 08:20:11,201 - INFO - --- training epoch 100, loss 0.0120, mae 0.1176, rmse 0.1551, time elapsed(min) 0.03---
2026-10-01 08:20:11,415 - INFO - --- validation at epoch 100, val_loss 0.0142, val_mae 0.1242, val_rmse 0.1676, val_r2 0.6502, val_pearson 0.8389, lr 9.00e-05 ---
2026-10-01 08:20:11,415 - INFO - 
****************************************************************************************************
2026-10-01 08:20:13,125 - INFO - --- training epoch 101, loss 0.0123, mae 0.1189, rmse 0.1567, time elapsed(min) 0.02---
2026-10-01 08:20:13,359 - INFO - --- validation at epoch 101, val_loss 0.0137, val_mae 0.1225, val_rmse 0.1648, val_r2 0.6618, val_pearson 0.8415, lr 9.00e-05 ---
2026-10-01 08:20:13,359 - INFO - 
****************************************************************************************************
2026-10-01 08:20:15,157 - INFO - --- training epoch 102, loss 0.0120, mae 0.1184, rmse 0.1548, time elapsed(min) 0.03---
2026-10-01 08:20:15,485 - INFO - --- validation at epoch 102, val_loss 0.0116, val_mae 0.1157, val_rmse 0.1511, val_r2 0.7155, val_pearson 0.8459, lr 2.70e-05 ---
2026-10-01 08:20:15,485 - INFO - 
****************************************************************************************************
2026-10-01 08:20:17,417 - INFO - --- training epoch 103, loss 0.0114, mae 0.1144, rmse 0.1512, time elapsed(min) 0.03---
2026-10-01 08:20:17,784 - INFO - --- validation at epoch 103, val_loss 0.0117, val_mae 0.1155, val_rmse 0.1523, val_r2 0.7110, val_pearson 0.8467, lr 2.70e-05 ---
2026-10-01 08:20:17,785 - INFO - 
****************************************************************************************************
2026-10-01 08:20:19,720 - INFO - --- training epoch 104, loss 0.0112, mae 0.1137, rmse 0.1494, time elapsed(min) 0.03---
2026-10-01 08:20:19,934 - INFO - --- validation at epoch 104, val_loss 0.0116, val_mae 0.1150, val_rmse 0.1513, val_r2 0.7148, val_pearson 0.8474, lr 2.70e-05 ---
2026-10-01 08:20:19,934 - INFO - 
****************************************************************************************************
2026-10-01 08:20:21,698 - INFO - --- training epoch 105, loss 0.0113, mae 0.1139, rmse 0.1505, time elapsed(min) 0.02---
2026-10-01 08:20:21,910 - INFO - --- validation at epoch 105, val_loss 0.0116, val_mae 0.1147, val_rmse 0.1509, val_r2 0.7162, val_pearson 0.8479, lr 2.70e-05 ---
2026-10-01 08:20:21,910 - INFO - 
****************************************************************************************************
2026-10-01 08:20:23,807 - INFO - --- training epoch 106, loss 0.0113, mae 0.1139, rmse 0.1500, time elapsed(min) 0.03---
2026-10-01 08:20:24,179 - INFO - --- validation at epoch 106, val_loss 0.0115, val_mae 0.1144, val_rmse 0.1510, val_r2 0.7161, val_pearson 0.8483, lr 2.70e-05 ---
2026-10-01 08:20:24,179 - INFO - 
****************************************************************************************************
2026-10-01 08:20:26,172 - INFO - --- training epoch 107, loss 0.0114, mae 0.1148, rmse 0.1511, time elapsed(min) 0.03---
2026-10-01 08:20:26,384 - INFO - --- validation at epoch 107, val_loss 0.0115, val_mae 0.1144, val_rmse 0.1510, val_r2 0.7162, val_pearson 0.8480, lr 2.70e-05 ---
2026-10-01 08:20:26,384 - INFO - 
****************************************************************************************************
2026-10-01 08:20:28,371 - INFO - --- training epoch 108, loss 0.0114, mae 0.1147, rmse 0.1507, time elapsed(min) 0.03---
2026-10-01 08:20:28,589 - INFO - --- validation at epoch 108, val_loss 0.0114, val_mae 0.1142, val_rmse 0.1505, val_r2 0.7178, val_pearson 0.8483, lr 2.70e-05 ---
2026-10-01 08:20:28,589 - INFO - 
****************************************************************************************************
2026-10-01 08:20:30,420 - INFO - --- training epoch 109, loss 0.0112, mae 0.1137, rmse 0.1496, time elapsed(min) 0.02---
2026-10-01 08:20:30,766 - INFO - --- validation at epoch 109, val_loss 0.0115, val_mae 0.1138, val_rmse 0.1505, val_r2 0.7177, val_pearson 0.8501, lr 2.70e-05 ---
2026-10-01 08:20:30,767 - INFO - 
****************************************************************************************************
2026-10-01 08:20:32,695 - INFO - --- training epoch 110, loss 0.0114, mae 0.1142, rmse 0.1510, time elapsed(min) 0.03---
2026-10-01 08:20:32,909 - INFO - --- validation at epoch 110, val_loss 0.0113, val_mae 0.1132, val_rmse 0.1493, val_r2 0.7222, val_pearson 0.8509, lr 2.70e-05 ---
2026-10-01 08:20:32,909 - INFO - 
****************************************************************************************************
2026-10-01 08:20:34,716 - INFO - --- training epoch 111, loss 0.0112, mae 0.1142, rmse 0.1500, time elapsed(min) 0.02---
2026-10-01 08:20:34,931 - INFO - --- validation at epoch 111, val_loss 0.0113, val_mae 0.1130, val_rmse 0.1494, val_r2 0.7220, val_pearson 0.8508, lr 2.70e-05 ---
2026-10-01 08:20:34,931 - INFO - 
****************************************************************************************************
2026-10-01 08:20:36,648 - INFO - --- training epoch 112, loss 0.0111, mae 0.1137, rmse 0.1491, time elapsed(min) 0.02---
2026-10-01 08:20:36,862 - INFO - --- validation at epoch 112, val_loss 0.0114, val_mae 0.1126, val_rmse 0.1490, val_r2 0.7235, val_pearson 0.8519, lr 2.70e-05 ---
2026-10-01 08:20:36,862 - INFO - 
****************************************************************************************************
2026-10-01 08:20:38,700 - INFO - --- training epoch 113, loss 0.0113, mae 0.1143, rmse 0.1500, time elapsed(min) 0.03---
2026-10-01 08:20:39,087 - INFO - --- validation at epoch 113, val_loss 0.0113, val_mae 0.1125, val_rmse 0.1495, val_r2 0.7215, val_pearson 0.8513, lr 2.70e-05 ---
2026-10-01 08:20:39,087 - INFO - 
****************************************************************************************************
2026-10-01 08:20:40,935 - INFO - --- training epoch 114, loss 0.0111, mae 0.1127, rmse 0.1487, time elapsed(min) 0.02---
2026-10-01 08:20:41,149 - INFO - --- validation at epoch 114, val_loss 0.0113, val_mae 0.1125, val_rmse 0.1487, val_r2 0.7244, val_pearson 0.8520, lr 2.70e-05 ---
2026-10-01 08:20:41,149 - INFO - 
****************************************************************************************************
2026-10-01 08:20:42,900 - INFO - --- training epoch 115, loss 0.0113, mae 0.1142, rmse 0.1504, time elapsed(min) 0.02---
2026-10-01 08:20:43,117 - INFO - --- validation at epoch 115, val_loss 0.0111, val_mae 0.1119, val_rmse 0.1480, val_r2 0.7273, val_pearson 0.8532, lr 2.70e-05 ---
2026-10-01 08:20:43,117 - INFO - 
****************************************************************************************************
2026-10-01 08:20:44,934 - INFO - --- training epoch 116, loss 0.0112, mae 0.1136, rmse 0.1495, time elapsed(min) 0.02---
2026-10-01 08:20:45,270 - INFO - --- validation at epoch 116, val_loss 0.0112, val_mae 0.1124, val_rmse 0.1486, val_r2 0.7251, val_pearson 0.8521, lr 2.70e-05 ---
2026-10-01 08:20:45,270 - INFO - 
****************************************************************************************************
2026-10-01 08:20:47,123 - INFO - --- training epoch 117, loss 0.0112, mae 0.1139, rmse 0.1495, time elapsed(min) 0.03---
2026-10-01 08:20:47,593 - INFO - --- validation at epoch 117, val_loss 0.0111, val_mae 0.1120, val_rmse 0.1478, val_r2 0.7277, val_pearson 0.8538, lr 2.70e-05 ---
2026-10-01 08:20:47,594 - INFO - 
****************************************************************************************************
2026-10-01 08:20:49,337 - INFO - --- training epoch 118, loss 0.0110, mae 0.1133, rmse 0.1485, time elapsed(min) 0.02---
2026-10-01 08:20:49,548 - INFO - --- validation at epoch 118, val_loss 0.0113, val_mae 0.1118, val_rmse 0.1487, val_r2 0.7245, val_pearson 0.8535, lr 2.70e-05 ---
2026-10-01 08:20:49,548 - INFO - 
****************************************************************************************************
2026-10-01 08:20:51,281 - INFO - --- training epoch 119, loss 0.0109, mae 0.1122, rmse 0.1480, time elapsed(min) 0.02---
2026-10-01 08:20:51,496 - INFO - --- validation at epoch 119, val_loss 0.0110, val_mae 0.1114, val_rmse 0.1478, val_r2 0.7280, val_pearson 0.8540, lr 2.70e-05 ---
2026-10-01 08:20:51,496 - INFO - 
****************************************************************************************************
2026-10-01 08:20:53,414 - INFO - --- training epoch 120, loss 0.0109, mae 0.1122, rmse 0.1476, time elapsed(min) 0.03---
2026-10-01 08:20:53,801 - INFO - --- validation at epoch 120, val_loss 0.0111, val_mae 0.1110, val_rmse 0.1475, val_r2 0.7290, val_pearson 0.8550, lr 2.70e-05 ---
2026-10-01 08:20:53,801 - INFO - 
****************************************************************************************************
2026-10-01 08:20:55,634 - INFO - --- training epoch 121, loss 0.0110, mae 0.1123, rmse 0.1485, time elapsed(min) 0.02---
2026-10-01 08:20:55,847 - INFO - --- validation at epoch 121, val_loss 0.0111, val_mae 0.1110, val_rmse 0.1476, val_r2 0.7287, val_pearson 0.8546, lr 2.70e-05 ---
2026-10-01 08:20:55,847 - INFO - 
****************************************************************************************************
2026-10-01 08:20:57,647 - INFO - --- training epoch 122, loss 0.0111, mae 0.1133, rmse 0.1492, time elapsed(min) 0.02---
2026-10-01 08:20:57,880 - INFO - --- validation at epoch 122, val_loss 0.0110, val_mae 0.1110, val_rmse 0.1474, val_r2 0.7293, val_pearson 0.8547, lr 2.70e-05 ---
2026-10-01 08:20:57,881 - INFO - 
****************************************************************************************************
2026-10-01 08:20:59,702 - INFO - --- training epoch 123, loss 0.0110, mae 0.1128, rmse 0.1486, time elapsed(min) 0.03---
2026-10-01 08:21:00,046 - INFO - --- validation at epoch 123, val_loss 0.0110, val_mae 0.1104, val_rmse 0.1470, val_r2 0.7310, val_pearson 0.8561, lr 2.70e-05 ---
2026-10-01 08:21:00,046 - INFO - 
****************************************************************************************************
2026-10-01 08:21:02,004 - INFO - --- training epoch 124, loss 0.0108, mae 0.1116, rmse 0.1472, time elapsed(min) 0.03---
2026-10-01 08:21:02,219 - INFO - --- validation at epoch 124, val_loss 0.0111, val_mae 0.1105, val_rmse 0.1473, val_r2 0.7298, val_pearson 0.8560, lr 2.70e-05 ---
2026-10-01 08:21:02,219 - INFO - 
****************************************************************************************************
2026-10-01 08:21:03,942 - INFO - --- training epoch 125, loss 0.0109, mae 0.1120, rmse 0.1478, time elapsed(min) 0.02---
2026-10-01 08:21:04,156 - INFO - --- validation at epoch 125, val_loss 0.0111, val_mae 0.1105, val_rmse 0.1475, val_r2 0.7290, val_pearson 0.8560, lr 2.70e-05 ---
2026-10-01 08:21:04,156 - INFO - 
****************************************************************************************************
2026-10-01 08:21:05,891 - INFO - --- training epoch 126, loss 0.0109, mae 0.1122, rmse 0.1478, time elapsed(min) 0.02---
2026-10-01 08:21:06,109 - INFO - --- validation at epoch 126, val_loss 0.0110, val_mae 0.1104, val_rmse 0.1474, val_r2 0.7293, val_pearson 0.8563, lr 2.70e-05 ---
2026-10-01 08:21:06,109 - INFO - 
****************************************************************************************************
2026-10-01 08:21:07,973 - INFO - --- training epoch 127, loss 0.0110, mae 0.1119, rmse 0.1480, time elapsed(min) 0.03---
2026-10-01 08:21:08,451 - INFO - --- validation at epoch 127, val_loss 0.0109, val_mae 0.1103, val_rmse 0.1467, val_r2 0.7318, val_pearson 0.8570, lr 2.70e-05 ---
2026-10-01 08:21:08,451 - INFO - 
****************************************************************************************************
2026-10-01 08:21:10,341 - INFO - --- training epoch 128, loss 0.0111, mae 0.1138, rmse 0.1493, time elapsed(min) 0.03---
2026-10-01 08:21:10,559 - INFO - --- validation at epoch 128, val_loss 0.0110, val_mae 0.1104, val_rmse 0.1466, val_r2 0.7324, val_pearson 0.8575, lr 2.70e-05 ---
2026-10-01 08:21:10,559 - INFO - 
****************************************************************************************************
2026-10-01 08:21:12,280 - INFO - --- training epoch 129, loss 0.0111, mae 0.1131, rmse 0.1487, time elapsed(min) 0.02---
2026-10-01 08:21:12,498 - INFO - --- validation at epoch 129, val_loss 0.0110, val_mae 0.1105, val_rmse 0.1464, val_r2 0.7329, val_pearson 0.8573, lr 2.70e-05 ---
2026-10-01 08:21:12,498 - INFO - 
****************************************************************************************************
2026-10-01 08:21:14,321 - INFO - --- training epoch 130, loss 0.0111, mae 0.1125, rmse 0.1487, time elapsed(min) 0.03---
2026-10-01 08:21:14,708 - INFO - --- validation at epoch 130, val_loss 0.0108, val_mae 0.1098, val_rmse 0.1459, val_r2 0.7349, val_pearson 0.8583, lr 2.70e-05 ---
2026-10-01 08:21:14,708 - INFO - 
****************************************************************************************************
2026-10-01 08:21:16,713 - INFO - --- training epoch 131, loss 0.0110, mae 0.1121, rmse 0.1480, time elapsed(min) 0.02---
2026-10-01 08:21:16,973 - INFO - --- validation at epoch 131, val_loss 0.0108, val_mae 0.1098, val_rmse 0.1457, val_r2 0.7355, val_pearson 0.8583, lr 2.70e-05 ---
2026-10-01 08:21:16,973 - INFO - 
****************************************************************************************************
2026-10-01 08:21:18,845 - INFO - --- training epoch 132, loss 0.0110, mae 0.1120, rmse 0.1482, time elapsed(min) 0.02---
2026-10-01 08:21:19,058 - INFO - --- validation at epoch 132, val_loss 0.0109, val_mae 0.1095, val_rmse 0.1463, val_r2 0.7332, val_pearson 0.8582, lr 2.70e-05 ---
2026-10-01 08:21:19,058 - INFO - 
****************************************************************************************************
2026-10-01 08:21:20,800 - INFO - --- training epoch 133, loss 0.0109, mae 0.1120, rmse 0.1474, time elapsed(min) 0.02---
2026-10-01 08:21:21,148 - INFO - --- validation at epoch 133, val_loss 0.0109, val_mae 0.1095, val_rmse 0.1459, val_r2 0.7347, val_pearson 0.8585, lr 2.70e-05 ---
2026-10-01 08:21:21,148 - INFO - 
****************************************************************************************************
2026-10-01 08:21:23,077 - INFO - --- training epoch 134, loss 0.0107, mae 0.1112, rmse 0.1465, time elapsed(min) 0.03---
2026-10-01 08:21:23,338 - INFO - --- validation at epoch 134, val_loss 0.0109, val_mae 0.1099, val_rmse 0.1458, val_r2 0.7353, val_pearson 0.8586, lr 2.70e-05 ---
2026-10-01 08:21:23,338 - INFO - 
****************************************************************************************************
2026-10-01 08:21:25,059 - INFO - --- training epoch 135, loss 0.0108, mae 0.1107, rmse 0.1467, time elapsed(min) 0.02---
2026-10-01 08:21:25,317 - INFO - --- validation at epoch 135, val_loss 0.0108, val_mae 0.1093, val_rmse 0.1454, val_r2 0.7368, val_pearson 0.8591, lr 2.70e-05 ---
2026-10-01 08:21:25,317 - INFO - 
****************************************************************************************************
2026-10-01 08:21:27,054 - INFO - --- training epoch 136, loss 0.0107, mae 0.1109, rmse 0.1463, time elapsed(min) 0.02---
2026-10-01 08:21:27,385 - INFO - --- validation at epoch 136, val_loss 0.0109, val_mae 0.1097, val_rmse 0.1459, val_r2 0.7349, val_pearson 0.8586, lr 2.70e-05 ---
2026-10-01 08:21:27,385 - INFO - 
****************************************************************************************************
2026-10-01 08:21:29,188 - INFO - --- training epoch 137, loss 0.0108, mae 0.1117, rmse 0.1469, time elapsed(min) 0.03---
2026-10-01 08:21:29,579 - INFO - --- validation at epoch 137, val_loss 0.0108, val_mae 0.1095, val_rmse 0.1461, val_r2 0.7340, val_pearson 0.8591, lr 2.70e-05 ---
2026-10-01 08:21:29,579 - INFO - 
****************************************************************************************************
2026-10-01 08:21:31,427 - INFO - --- training epoch 138, loss 0.0106, mae 0.1105, rmse 0.1458, time elapsed(min) 0.02---
2026-10-01 08:21:31,641 - INFO - --- validation at epoch 138, val_loss 0.0108, val_mae 0.1087, val_rmse 0.1451, val_r2 0.7376, val_pearson 0.8605, lr 2.70e-05 ---
2026-10-01 08:21:31,641 - INFO - 
****************************************************************************************************
2026-10-01 08:21:33,407 - INFO - --- training epoch 139, loss 0.0107, mae 0.1112, rmse 0.1460, time elapsed(min) 0.02---
2026-10-01 08:21:33,645 - INFO - --- validation at epoch 139, val_loss 0.0108, val_mae 0.1092, val_rmse 0.1450, val_r2 0.7380, val_pearson 0.8598, lr 2.70e-05 ---
2026-10-01 08:21:33,646 - INFO - 
****************************************************************************************************
2026-10-01 08:21:35,469 - INFO - --- training epoch 140, loss 0.0107, mae 0.1105, rmse 0.1460, time elapsed(min) 0.02---
2026-10-01 08:21:35,814 - INFO - --- validation at epoch 140, val_loss 0.0109, val_mae 0.1093, val_rmse 0.1459, val_r2 0.7348, val_pearson 0.8586, lr 2.70e-05 ---
2026-10-01 08:21:35,814 - INFO - 
****************************************************************************************************
2026-10-01 08:21:37,846 - INFO - --- training epoch 141, loss 0.0108, mae 0.1111, rmse 0.1469, time elapsed(min) 0.03---
2026-10-01 08:21:38,058 - INFO - --- validation at epoch 141, val_loss 0.0107, val_mae 0.1086, val_rmse 0.1443, val_r2 0.7406, val_pearson 0.8612, lr 2.70e-05 ---
2026-10-01 08:21:38,059 - INFO - 
****************************************************************************************************
2026-10-01 08:21:39,886 - INFO - --- training epoch 142, loss 0.0106, mae 0.1106, rmse 0.1455, time elapsed(min) 0.02---
2026-10-01 08:21:40,117 - INFO - --- validation at epoch 142, val_loss 0.0107, val_mae 0.1084, val_rmse 0.1445, val_r2 0.7398, val_pearson 0.8615, lr 2.70e-05 ---
2026-10-01 08:21:40,117 - INFO - 
****************************************************************************************************
2026-10-01 08:21:41,868 - INFO - --- training epoch 143, loss 0.0107, mae 0.1106, rmse 0.1461, time elapsed(min) 0.02---
2026-10-01 08:21:42,079 - INFO - --- validation at epoch 143, val_loss 0.0107, val_mae 0.1082, val_rmse 0.1439, val_r2 0.7421, val_pearson 0.8621, lr 2.70e-05 ---
2026-10-01 08:21:42,080 - INFO - 
****************************************************************************************************
2026-10-01 08:21:43,958 - INFO - --- training epoch 144, loss 0.0105, mae 0.1092, rmse 0.1446, time elapsed(min) 0.03---
2026-10-01 08:21:44,371 - INFO - --- validation at epoch 144, val_loss 0.0107, val_mae 0.1083, val_rmse 0.1444, val_r2 0.7403, val_pearson 0.8621, lr 2.70e-05 ---
2026-10-01 08:21:44,372 - INFO - 
****************************************************************************************************
2026-10-01 08:21:46,280 - INFO - --- training epoch 145, loss 0.0108, mae 0.1101, rmse 0.1466, time elapsed(min) 0.03---
2026-10-01 08:21:46,495 - INFO - --- validation at epoch 145, val_loss 0.0106, val_mae 0.1078, val_rmse 0.1436, val_r2 0.7433, val_pearson 0.8628, lr 2.70e-05 ---
2026-10-01 08:21:46,495 - INFO - 
****************************************************************************************************
2026-10-01 08:21:48,359 - INFO - --- training epoch 146, loss 0.0107, mae 0.1110, rmse 0.1466, time elapsed(min) 0.03---
2026-10-01 08:21:48,571 - INFO - --- validation at epoch 146, val_loss 0.0105, val_mae 0.1084, val_rmse 0.1439, val_r2 0.7422, val_pearson 0.8622, lr 2.70e-05 ---
2026-10-01 08:21:48,571 - INFO - 
****************************************************************************************************
2026-10-01 08:21:50,398 - INFO - --- training epoch 147, loss 0.0106, mae 0.1104, rmse 0.1453, time elapsed(min) 0.02---
2026-10-01 08:21:50,742 - INFO - --- validation at epoch 147, val_loss 0.0107, val_mae 0.1083, val_rmse 0.1442, val_r2 0.7411, val_pearson 0.8619, lr 2.70e-05 ---
2026-10-01 08:21:50,742 - INFO - 
****************************************************************************************************
2026-10-01 08:21:52,710 - INFO - --- training epoch 148, loss 0.0106, mae 0.1108, rmse 0.1456, time elapsed(min) 0.03---
2026-10-01 08:21:52,926 - INFO - --- validation at epoch 148, val_loss 0.0106, val_mae 0.1081, val_rmse 0.1434, val_r2 0.7438, val_pearson 0.8626, lr 2.70e-05 ---
2026-10-01 08:21:52,926 - INFO - 
****************************************************************************************************
2026-10-01 08:21:54,750 - INFO - --- training epoch 149, loss 0.0105, mae 0.1103, rmse 0.1451, time elapsed(min) 0.03---
2026-10-01 08:21:54,964 - INFO - --- validation at epoch 149, val_loss 0.0106, val_mae 0.1079, val_rmse 0.1439, val_r2 0.7420, val_pearson 0.8628, lr 2.70e-05 ---
2026-10-01 08:21:54,964 - INFO - 
****************************************************************************************************
2026-10-01 08:21:56,790 - INFO - --- training epoch 150, loss 0.0105, mae 0.1094, rmse 0.1450, time elapsed(min) 0.03---
2026-10-01 08:21:57,121 - INFO - --- validation at epoch 150, val_loss 0.0105, val_mae 0.1077, val_rmse 0.1436, val_r2 0.7431, val_pearson 0.8631, lr 2.70e-05 ---
2026-10-01 08:21:57,121 - INFO - 
****************************************************************************************************
2026-10-01 08:21:59,034 - INFO - --- training epoch 151, loss 0.0106, mae 0.1099, rmse 0.1453, time elapsed(min) 0.03---
2026-10-01 08:21:59,528 - INFO - --- validation at epoch 151, val_loss 0.0106, val_mae 0.1074, val_rmse 0.1434, val_r2 0.7437, val_pearson 0.8639, lr 2.70e-05 ---
2026-10-01 08:21:59,528 - INFO - 
****************************************************************************************************
2026-10-01 08:22:01,247 - INFO - --- training epoch 152, loss 0.0104, mae 0.1091, rmse 0.1441, time elapsed(min) 0.02---
2026-10-01 08:22:01,460 - INFO - --- validation at epoch 152, val_loss 0.0106, val_mae 0.1076, val_rmse 0.1438, val_r2 0.7425, val_pearson 0.8635, lr 2.70e-05 ---
2026-10-01 08:22:01,461 - INFO - 
****************************************************************************************************
2026-10-01 08:22:03,195 - INFO - --- training epoch 153, loss 0.0104, mae 0.1090, rmse 0.1445, time elapsed(min) 0.02---
2026-10-01 08:22:03,431 - INFO - --- validation at epoch 153, val_loss 0.0107, val_mae 0.1074, val_rmse 0.1434, val_r2 0.7439, val_pearson 0.8641, lr 2.70e-05 ---
2026-10-01 08:22:03,431 - INFO - 
****************************************************************************************************
2026-10-01 08:22:05,271 - INFO - --- training epoch 154, loss 0.0105, mae 0.1093, rmse 0.1449, time elapsed(min) 0.03---
2026-10-01 08:22:05,643 - INFO - --- validation at epoch 154, val_loss 0.0106, val_mae 0.1079, val_rmse 0.1434, val_r2 0.7438, val_pearson 0.8635, lr 2.70e-05 ---
2026-10-01 08:22:05,643 - INFO - 
****************************************************************************************************
2026-10-01 08:22:07,504 - INFO - --- training epoch 155, loss 0.0104, mae 0.1087, rmse 0.1439, time elapsed(min) 0.02---
2026-10-01 08:22:07,719 - INFO - --- validation at epoch 155, val_loss 0.0106, val_mae 0.1074, val_rmse 0.1438, val_r2 0.7425, val_pearson 0.8640, lr 2.70e-05 ---
2026-10-01 08:22:07,719 - INFO - 
****************************************************************************************************
2026-10-01 08:22:09,455 - INFO - --- training epoch 156, loss 0.0105, mae 0.1098, rmse 0.1451, time elapsed(min) 0.02---
2026-10-01 08:22:09,670 - INFO - --- validation at epoch 156, val_loss 0.0105, val_mae 0.1068, val_rmse 0.1428, val_r2 0.7461, val_pearson 0.8645, lr 2.70e-05 ---
2026-10-01 08:22:09,670 - INFO - 
****************************************************************************************************
2026-10-01 08:22:11,604 - INFO - --- training epoch 157, loss 0.0106, mae 0.1108, rmse 0.1457, time elapsed(min) 0.03---
2026-10-01 08:22:12,001 - INFO - --- validation at epoch 157, val_loss 0.0105, val_mae 0.1067, val_rmse 0.1431, val_r2 0.7450, val_pearson 0.8649, lr 2.70e-05 ---
2026-10-01 08:22:12,001 - INFO - 
****************************************************************************************************
2026-10-01 08:22:13,863 - INFO - --- training epoch 158, loss 0.0103, mae 0.1090, rmse 0.1437, time elapsed(min) 0.02---
2026-10-01 08:22:14,077 - INFO - --- validation at epoch 158, val_loss 0.0105, val_mae 0.1064, val_rmse 0.1424, val_r2 0.7475, val_pearson 0.8656, lr 2.70e-05 ---
2026-10-01 08:22:14,077 - INFO - 
****************************************************************************************************
2026-10-01 08:22:15,835 - INFO - --- training epoch 159, loss 0.0104, mae 0.1097, rmse 0.1445, time elapsed(min) 0.02---
2026-10-01 08:22:16,053 - INFO - --- validation at epoch 159, val_loss 0.0105, val_mae 0.1065, val_rmse 0.1420, val_r2 0.7487, val_pearson 0.8658, lr 2.70e-05 ---
2026-10-01 08:22:16,053 - INFO - 
****************************************************************************************************
2026-10-01 08:22:17,919 - INFO - --- training epoch 160, loss 0.0105, mae 0.1094, rmse 0.1451, time elapsed(min) 0.02---
2026-10-01 08:22:18,255 - INFO - --- validation at epoch 160, val_loss 0.0104, val_mae 0.1067, val_rmse 0.1423, val_r2 0.7478, val_pearson 0.8657, lr 2.70e-05 ---
2026-10-01 08:22:18,255 - INFO - 
****************************************************************************************************
2026-10-01 08:22:20,386 - INFO - --- training epoch 161, loss 0.0103, mae 0.1086, rmse 0.1435, time elapsed(min) 0.03---
2026-10-01 08:22:20,600 - INFO - --- validation at epoch 161, val_loss 0.0104, val_mae 0.1063, val_rmse 0.1425, val_r2 0.7470, val_pearson 0.8660, lr 2.70e-05 ---
2026-10-01 08:22:20,600 - INFO - 
****************************************************************************************************
2026-10-01 08:22:22,434 - INFO - --- training epoch 162, loss 0.0104, mae 0.1097, rmse 0.1444, time elapsed(min) 0.02---
2026-10-01 08:22:22,652 - INFO - --- validation at epoch 162, val_loss 0.0105, val_mae 0.1067, val_rmse 0.1429, val_r2 0.7457, val_pearson 0.8652, lr 2.70e-05 ---
2026-10-01 08:22:22,652 - INFO - 
****************************************************************************************************
2026-10-01 08:22:24,464 - INFO - --- training epoch 163, loss 0.0102, mae 0.1076, rmse 0.1431, time elapsed(min) 0.03---
2026-10-01 08:22:24,676 - INFO - --- validation at epoch 163, val_loss 0.0103, val_mae 0.1061, val_rmse 0.1417, val_r2 0.7497, val_pearson 0.8675, lr 2.70e-05 ---
2026-10-01 08:22:24,676 - INFO - 
****************************************************************************************************
2026-10-01 08:22:26,692 - INFO - --- training epoch 164, loss 0.0104, mae 0.1097, rmse 0.1442, time elapsed(min) 0.03---
2026-10-01 08:22:27,186 - INFO - --- validation at epoch 164, val_loss 0.0103, val_mae 0.1062, val_rmse 0.1417, val_r2 0.7499, val_pearson 0.8668, lr 2.70e-05 ---
2026-10-01 08:22:27,186 - INFO - 
****************************************************************************************************
2026-10-01 08:22:29,031 - INFO - --- training epoch 165, loss 0.0105, mae 0.1094, rmse 0.1451, time elapsed(min) 0.02---
2026-10-01 08:22:29,243 - INFO - --- validation at epoch 165, val_loss 0.0103, val_mae 0.1060, val_rmse 0.1411, val_r2 0.7519, val_pearson 0.8674, lr 2.70e-05 ---
2026-10-01 08:22:29,243 - INFO - 
****************************************************************************************************
2026-10-01 08:22:31,142 - INFO - --- training epoch 166, loss 0.0104, mae 0.1093, rmse 0.1442, time elapsed(min) 0.03---
2026-10-01 08:22:31,357 - INFO - --- validation at epoch 166, val_loss 0.0103, val_mae 0.1065, val_rmse 0.1417, val_r2 0.7498, val_pearson 0.8668, lr 2.70e-05 ---
2026-10-01 08:22:31,357 - INFO - 
****************************************************************************************************
2026-10-01 08:22:33,227 - INFO - --- training epoch 167, loss 0.0103, mae 0.1084, rmse 0.1434, time elapsed(min) 0.03---
2026-10-01 08:22:33,619 - INFO - --- validation at epoch 167, val_loss 0.0102, val_mae 0.1059, val_rmse 0.1412, val_r2 0.7518, val_pearson 0.8676, lr 2.70e-05 ---
2026-10-01 08:22:33,619 - INFO - 
****************************************************************************************************
2026-10-01 08:22:35,598 - INFO - --- training epoch 168, loss 0.0104, mae 0.1083, rmse 0.1440, time elapsed(min) 0.03---
2026-10-01 08:22:35,814 - INFO - --- validation at epoch 168, val_loss 0.0105, val_mae 0.1061, val_rmse 0.1423, val_r2 0.7477, val_pearson 0.8667, lr 2.70e-05 ---
2026-10-01 08:22:35,814 - INFO - 
****************************************************************************************************
2026-10-01 08:22:37,574 - INFO - --- training epoch 169, loss 0.0102, mae 0.1081, rmse 0.1428, time elapsed(min) 0.02---
2026-10-01 08:22:37,787 - INFO - --- validation at epoch 169, val_loss 0.0104, val_mae 0.1071, val_rmse 0.1423, val_r2 0.7478, val_pearson 0.8655, lr 2.70e-05 ---
2026-10-01 08:22:37,787 - INFO - 
****************************************************************************************************
2026-10-01 08:22:39,557 - INFO - --- training epoch 170, loss 0.0103, mae 0.1088, rmse 0.1436, time elapsed(min) 0.02---
2026-10-01 08:22:39,893 - INFO - --- validation at epoch 170, val_loss 0.0105, val_mae 0.1059, val_rmse 0.1426, val_r2 0.7469, val_pearson 0.8667, lr 2.70e-05 ---
2026-10-01 08:22:39,893 - INFO - 
****************************************************************************************************
2026-10-01 08:22:41,834 - INFO - --- training epoch 171, loss 0.0100, mae 0.1076, rmse 0.1418, time elapsed(min) 0.03---
2026-10-01 08:22:42,067 - INFO - --- validation at epoch 171, val_loss 0.0104, val_mae 0.1060, val_rmse 0.1419, val_r2 0.7492, val_pearson 0.8674, lr 2.70e-05 ---
2026-10-01 08:22:42,067 - INFO - 
****************************************************************************************************
2026-10-01 08:22:43,860 - INFO - --- training epoch 172, loss 0.0102, mae 0.1077, rmse 0.1427, time elapsed(min) 0.02---
2026-10-01 08:22:44,076 - INFO - --- validation at epoch 172, val_loss 0.0105, val_mae 0.1066, val_rmse 0.1426, val_r2 0.7467, val_pearson 0.8663, lr 2.70e-05 ---
2026-10-01 08:22:44,076 - INFO - 
****************************************************************************************************
2026-10-01 08:22:45,953 - INFO - --- training epoch 173, loss 0.0101, mae 0.1076, rmse 0.1420, time elapsed(min) 0.03---
2026-10-01 08:22:46,285 - INFO - --- validation at epoch 173, val_loss 0.0104, val_mae 0.1063, val_rmse 0.1422, val_r2 0.7482, val_pearson 0.8667, lr 2.70e-05 ---
2026-10-01 08:22:46,285 - INFO - 
****************************************************************************************************
2026-10-01 08:22:48,323 - INFO - --- training epoch 174, loss 0.0101, mae 0.1080, rmse 0.1423, time elapsed(min) 0.03---
2026-10-01 08:22:48,538 - INFO - --- validation at epoch 174, val_loss 0.0104, val_mae 0.1057, val_rmse 0.1414, val_r2 0.7509, val_pearson 0.8686, lr 2.70e-05 ---
2026-10-01 08:22:48,538 - INFO - 
****************************************************************************************************
2026-10-01 08:22:50,295 - INFO - --- training epoch 175, loss 0.0102, mae 0.1074, rmse 0.1426, time elapsed(min) 0.02---
2026-10-01 08:22:50,513 - INFO - --- validation at epoch 175, val_loss 0.0103, val_mae 0.1058, val_rmse 0.1413, val_r2 0.7513, val_pearson 0.8676, lr 2.70e-05 ---
2026-10-01 08:22:50,513 - INFO - 
****************************************************************************************************
2026-10-01 08:22:52,399 - INFO - --- training epoch 176, loss 0.0102, mae 0.1074, rmse 0.1428, time elapsed(min) 0.03---
2026-10-01 08:22:52,732 - INFO - --- validation at epoch 176, val_loss 0.0104, val_mae 0.1053, val_rmse 0.1411, val_r2 0.7521, val_pearson 0.8685, lr 2.70e-05 ---
2026-10-01 08:22:52,732 - INFO - 
****************************************************************************************************
2026-10-01 08:22:54,671 - INFO - --- training epoch 177, loss 0.0102, mae 0.1081, rmse 0.1429, time elapsed(min) 0.03---
2026-10-01 08:22:54,887 - INFO - --- validation at epoch 177, val_loss 0.0102, val_mae 0.1057, val_rmse 0.1409, val_r2 0.7526, val_pearson 0.8684, lr 2.70e-05 ---
2026-10-01 08:22:54,887 - INFO - 
****************************************************************************************************
2026-10-01 08:22:56,711 - INFO - --- training epoch 178, loss 0.0100, mae 0.1068, rmse 0.1414, time elapsed(min) 0.02---
2026-10-01 08:22:56,925 - INFO - --- validation at epoch 178, val_loss 0.0104, val_mae 0.1061, val_rmse 0.1414, val_r2 0.7509, val_pearson 0.8676, lr 2.70e-05 ---
2026-10-01 08:22:56,925 - INFO - 
****************************************************************************************************
2026-10-01 08:22:58,742 - INFO - --- training epoch 179, loss 0.0100, mae 0.1064, rmse 0.1415, time elapsed(min) 0.03---
2026-10-01 08:22:58,964 - INFO - --- validation at epoch 179, val_loss 0.0106, val_mae 0.1062, val_rmse 0.1428, val_r2 0.7460, val_pearson 0.8674, lr 2.70e-05 ---
2026-10-01 08:22:58,964 - INFO - 
****************************************************************************************************
2026-10-01 08:23:00,988 - INFO - --- training epoch 180, loss 0.0103, mae 0.1080, rmse 0.1434, time elapsed(min) 0.03---
2026-10-01 08:23:01,373 - INFO - --- validation at epoch 180, val_loss 0.0103, val_mae 0.1055, val_rmse 0.1408, val_r2 0.7531, val_pearson 0.8689, lr 2.70e-05 ---
2026-10-01 08:23:01,373 - INFO - 
****************************************************************************************************
2026-10-01 08:23:03,292 - INFO - --- training epoch 181, loss 0.0101, mae 0.1073, rmse 0.1420, time elapsed(min) 0.02---
2026-10-01 08:23:03,503 - INFO - --- validation at epoch 181, val_loss 0.0102, val_mae 0.1046, val_rmse 0.1402, val_r2 0.7552, val_pearson 0.8701, lr 2.70e-05 ---
2026-10-01 08:23:03,503 - INFO - 
****************************************************************************************************
2026-10-01 08:23:05,347 - INFO - --- training epoch 182, loss 0.0102, mae 0.1079, rmse 0.1431, time elapsed(min) 0.02---
2026-10-01 08:23:05,584 - INFO - --- validation at epoch 182, val_loss 0.0103, val_mae 0.1050, val_rmse 0.1411, val_r2 0.7519, val_pearson 0.8692, lr 2.70e-05 ---
2026-10-01 08:23:05,584 - INFO - 
****************************************************************************************************
2026-10-01 08:23:07,337 - INFO - --- training epoch 183, loss 0.0100, mae 0.1072, rmse 0.1414, time elapsed(min) 0.02---
2026-10-01 08:23:07,677 - INFO - --- validation at epoch 183, val_loss 0.0101, val_mae 0.1049, val_rmse 0.1400, val_r2 0.7559, val_pearson 0.8696, lr 2.70e-05 ---
2026-10-01 08:23:07,677 - INFO - 
****************************************************************************************************
2026-10-01 08:23:09,771 - INFO - --- training epoch 184, loss 0.0102, mae 0.1076, rmse 0.1429, time elapsed(min) 0.03---
2026-10-01 08:23:09,985 - INFO - --- validation at epoch 184, val_loss 0.0103, val_mae 0.1043, val_rmse 0.1410, val_r2 0.7524, val_pearson 0.8694, lr 2.70e-05 ---
2026-10-01 08:23:09,985 - INFO - 
****************************************************************************************************
2026-10-01 08:23:11,752 - INFO - --- training epoch 185, loss 0.0102, mae 0.1078, rmse 0.1426, time elapsed(min) 0.02---
2026-10-01 08:23:12,014 - INFO - --- validation at epoch 185, val_loss 0.0101, val_mae 0.1045, val_rmse 0.1404, val_r2 0.7544, val_pearson 0.8694, lr 2.70e-05 ---
2026-10-01 08:23:12,014 - INFO - 
****************************************************************************************************
2026-10-01 08:23:13,756 - INFO - --- training epoch 186, loss 0.0102, mae 0.1074, rmse 0.1430, time elapsed(min) 0.02---
2026-10-01 08:23:13,970 - INFO - --- validation at epoch 186, val_loss 0.0102, val_mae 0.1042, val_rmse 0.1402, val_r2 0.7552, val_pearson 0.8702, lr 2.70e-05 ---
2026-10-01 08:23:13,970 - INFO - 
****************************************************************************************************
2026-10-01 08:23:15,760 - INFO - --- training epoch 187, loss 0.0102, mae 0.1081, rmse 0.1430, time elapsed(min) 0.03---
2026-10-01 08:23:16,143 - INFO - --- validation at epoch 187, val_loss 0.0102, val_mae 0.1044, val_rmse 0.1404, val_r2 0.7545, val_pearson 0.8697, lr 2.70e-05 ---
2026-10-01 08:23:16,143 - INFO - 
****************************************************************************************************
2026-10-01 08:23:17,979 - INFO - --- training epoch 188, loss 0.0099, mae 0.1061, rmse 0.1406, time elapsed(min) 0.02---
2026-10-01 08:23:18,196 - INFO - --- validation at epoch 188, val_loss 0.0101, val_mae 0.1043, val_rmse 0.1402, val_r2 0.7551, val_pearson 0.8703, lr 2.70e-05 ---
2026-10-01 08:23:18,196 - INFO - 
****************************************************************************************************
2026-10-01 08:23:19,996 - INFO - --- training epoch 189, loss 0.0100, mae 0.1060, rmse 0.1411, time elapsed(min) 0.03---
2026-10-01 08:23:20,234 - INFO - --- validation at epoch 189, val_loss 0.0103, val_mae 0.1042, val_rmse 0.1406, val_r2 0.7538, val_pearson 0.8705, lr 2.70e-05 ---
2026-10-01 08:23:20,234 - INFO - 
****************************************************************************************************
2026-10-01 08:23:22,096 - INFO - --- training epoch 190, loss 0.0099, mae 0.1061, rmse 0.1405, time elapsed(min) 0.03---
2026-10-01 08:23:22,439 - INFO - --- validation at epoch 190, val_loss 0.0105, val_mae 0.1049, val_rmse 0.1414, val_r2 0.7510, val_pearson 0.8695, lr 2.70e-05 ---
2026-10-01 08:23:22,439 - INFO - 
****************************************************************************************************
2026-10-01 08:23:24,444 - INFO - --- training epoch 191, loss 0.0099, mae 0.1067, rmse 0.1408, time elapsed(min) 0.03---
2026-10-01 08:23:24,659 - INFO - --- validation at epoch 191, val_loss 0.0104, val_mae 0.1047, val_rmse 0.1412, val_r2 0.7517, val_pearson 0.8693, lr 2.70e-05 ---
2026-10-01 08:23:24,659 - INFO - 
****************************************************************************************************
2026-10-01 08:23:26,406 - INFO - --- training epoch 192, loss 0.0101, mae 0.1064, rmse 0.1422, time elapsed(min) 0.02---
2026-10-01 08:23:26,637 - INFO - --- validation at epoch 192, val_loss 0.0103, val_mae 0.1045, val_rmse 0.1405, val_r2 0.7540, val_pearson 0.8701, lr 2.70e-05 ---
2026-10-01 08:23:26,637 - INFO - 
****************************************************************************************************
2026-10-01 08:23:28,379 - INFO - --- training epoch 193, loss 0.0099, mae 0.1060, rmse 0.1410, time elapsed(min) 0.02---
2026-10-01 08:23:28,724 - INFO - --- validation at epoch 193, val_loss 0.0101, val_mae 0.1039, val_rmse 0.1397, val_r2 0.7570, val_pearson 0.8716, lr 2.70e-05 ---
2026-10-01 08:23:28,724 - INFO - 
****************************************************************************************************
2026-10-01 08:23:30,730 - INFO - --- training epoch 194, loss 0.0100, mae 0.1058, rmse 0.1411, time elapsed(min) 0.03---
2026-10-01 08:23:30,945 - INFO - --- validation at epoch 194, val_loss 0.0103, val_mae 0.1044, val_rmse 0.1409, val_r2 0.7527, val_pearson 0.8704, lr 2.70e-05 ---
2026-10-01 08:23:30,945 - INFO - 
****************************************************************************************************
2026-10-01 08:23:32,679 - INFO - --- training epoch 195, loss 0.0100, mae 0.1060, rmse 0.1415, time elapsed(min) 0.02---
2026-10-01 08:23:32,890 - INFO - --- validation at epoch 195, val_loss 0.0102, val_mae 0.1033, val_rmse 0.1395, val_r2 0.7575, val_pearson 0.8723, lr 2.70e-05 ---
2026-10-01 08:23:32,890 - INFO - 
****************************************************************************************************
2026-10-01 08:23:34,674 - INFO - --- training epoch 196, loss 0.0101, mae 0.1072, rmse 0.1420, time elapsed(min) 0.03---
2026-10-01 08:23:35,034 - INFO - --- validation at epoch 196, val_loss 0.0103, val_mae 0.1038, val_rmse 0.1402, val_r2 0.7551, val_pearson 0.8706, lr 2.70e-05 ---
2026-10-01 08:23:35,034 - INFO - 
****************************************************************************************************
2026-10-01 08:23:36,928 - INFO - --- training epoch 197, loss 0.0099, mae 0.1055, rmse 0.1405, time elapsed(min) 0.03---
2026-10-01 08:23:37,315 - INFO - --- validation at epoch 197, val_loss 0.0102, val_mae 0.1041, val_rmse 0.1397, val_r2 0.7569, val_pearson 0.8709, lr 2.70e-05 ---
2026-10-01 08:23:37,315 - INFO - 
****************************************************************************************************
2026-10-01 08:23:39,151 - INFO - --- training epoch 198, loss 0.0100, mae 0.1065, rmse 0.1412, time elapsed(min) 0.02---
2026-10-01 08:23:39,370 - INFO - --- validation at epoch 198, val_loss 0.0101, val_mae 0.1049, val_rmse 0.1402, val_r2 0.7552, val_pearson 0.8699, lr 2.70e-05 ---
2026-10-01 08:23:39,370 - INFO - 
****************************************************************************************************
2026-10-01 08:23:41,112 - INFO - --- training epoch 199, loss 0.0098, mae 0.1055, rmse 0.1399, time elapsed(min) 0.02---
2026-10-01 08:23:41,367 - INFO - --- validation at epoch 199, val_loss 0.0101, val_mae 0.1044, val_rmse 0.1395, val_r2 0.7576, val_pearson 0.8708, lr 2.70e-05 ---
2026-10-01 08:23:41,367 - INFO - 
****************************************************************************************************
2026-10-01 08:23:43,212 - INFO - --- training epoch 200, loss 0.0098, mae 0.1055, rmse 0.1400, time elapsed(min) 0.03---
2026-10-01 08:23:43,582 - INFO - --- validation at epoch 200, val_loss 0.0102, val_mae 0.1041, val_rmse 0.1401, val_r2 0.7556, val_pearson 0.8708, lr 2.70e-05 ---
2026-10-01 08:23:43,582 - INFO - 
****************************************************************************************************
2026-10-01 08:23:45,428 - INFO - --- training epoch 201, loss 0.0099, mae 0.1062, rmse 0.1406, time elapsed(min) 0.02---
2026-10-01 08:23:45,644 - INFO - --- validation at epoch 201, val_loss 0.0102, val_mae 0.1041, val_rmse 0.1403, val_r2 0.7547, val_pearson 0.8708, lr 2.70e-05 ---
2026-10-01 08:23:45,644 - INFO - 
****************************************************************************************************
2026-10-01 08:23:47,353 - INFO - --- training epoch 202, loss 0.0099, mae 0.1055, rmse 0.1407, time elapsed(min) 0.02---
2026-10-01 08:23:47,572 - INFO - --- validation at epoch 202, val_loss 0.0101, val_mae 0.1037, val_rmse 0.1396, val_r2 0.7571, val_pearson 0.8714, lr 2.70e-05 ---
2026-10-01 08:23:47,572 - INFO - 
****************************************************************************************************
2026-10-01 08:23:49,312 - INFO - --- training epoch 203, loss 0.0099, mae 0.1058, rmse 0.1407, time elapsed(min) 0.02---
2026-10-01 08:23:49,646 - INFO - --- validation at epoch 203, val_loss 0.0101, val_mae 0.1038, val_rmse 0.1392, val_r2 0.7586, val_pearson 0.8720, lr 2.70e-05 ---
2026-10-01 08:23:49,646 - INFO - 
****************************************************************************************************
2026-10-01 08:23:51,731 - INFO - --- training epoch 204, loss 0.0097, mae 0.1047, rmse 0.1395, time elapsed(min) 0.03---
2026-10-01 08:23:51,946 - INFO - --- validation at epoch 204, val_loss 0.0103, val_mae 0.1044, val_rmse 0.1405, val_r2 0.7540, val_pearson 0.8701, lr 2.70e-05 ---
2026-10-01 08:23:51,946 - INFO - 
****************************************************************************************************
2026-10-01 08:23:53,694 - INFO - --- training epoch 205, loss 0.0098, mae 0.1049, rmse 0.1401, time elapsed(min) 0.02---
2026-10-01 08:23:53,927 - INFO - --- validation at epoch 205, val_loss 0.0100, val_mae 0.1038, val_rmse 0.1390, val_r2 0.7594, val_pearson 0.8719, lr 2.70e-05 ---
2026-10-01 08:23:53,927 - INFO - 
****************************************************************************************************
2026-10-01 08:23:55,786 - INFO - --- training epoch 206, loss 0.0097, mae 0.1047, rmse 0.1393, time elapsed(min) 0.02---
2026-10-01 08:23:56,128 - INFO - --- validation at epoch 206, val_loss 0.0100, val_mae 0.1036, val_rmse 0.1391, val_r2 0.7590, val_pearson 0.8719, lr 2.70e-05 ---
2026-10-01 08:23:56,128 - INFO - 
****************************************************************************************************
2026-10-01 08:23:58,170 - INFO - --- training epoch 207, loss 0.0099, mae 0.1064, rmse 0.1409, time elapsed(min) 0.03---
2026-10-01 08:23:58,385 - INFO - --- validation at epoch 207, val_loss 0.0101, val_mae 0.1031, val_rmse 0.1392, val_r2 0.7585, val_pearson 0.8732, lr 2.70e-05 ---
2026-10-01 08:23:58,386 - INFO - 
****************************************************************************************************
2026-10-01 08:24:00,147 - INFO - --- training epoch 208, loss 0.0097, mae 0.1054, rmse 0.1394, time elapsed(min) 0.02---
2026-10-01 08:24:00,363 - INFO - --- validation at epoch 208, val_loss 0.0100, val_mae 0.1033, val_rmse 0.1388, val_r2 0.7601, val_pearson 0.8731, lr 2.70e-05 ---
2026-10-01 08:24:00,363 - INFO - 
****************************************************************************************************
2026-10-01 08:24:02,241 - INFO - --- training epoch 209, loss 0.0098, mae 0.1056, rmse 0.1400, time elapsed(min) 0.02---
2026-10-01 08:24:02,588 - INFO - --- validation at epoch 209, val_loss 0.0102, val_mae 0.1043, val_rmse 0.1403, val_r2 0.7548, val_pearson 0.8719, lr 2.70e-05 ---
2026-10-01 08:24:02,588 - INFO - 
****************************************************************************************************
2026-10-01 08:24:04,576 - INFO - --- training epoch 210, loss 0.0097, mae 0.1047, rmse 0.1390, time elapsed(min) 0.03---
2026-10-01 08:24:04,792 - INFO - --- validation at epoch 210, val_loss 0.0101, val_mae 0.1037, val_rmse 0.1391, val_r2 0.7589, val_pearson 0.8724, lr 2.70e-05 ---
2026-10-01 08:24:04,792 - INFO - 
****************************************************************************************************
2026-10-01 08:24:06,539 - INFO - --- training epoch 211, loss 0.0097, mae 0.1048, rmse 0.1396, time elapsed(min) 0.02---
2026-10-01 08:24:06,749 - INFO - --- validation at epoch 211, val_loss 0.0101, val_mae 0.1039, val_rmse 0.1390, val_r2 0.7594, val_pearson 0.8718, lr 2.70e-05 ---
2026-10-01 08:24:06,749 - INFO - 
****************************************************************************************************
2026-10-01 08:24:08,495 - INFO - --- training epoch 212, loss 0.0097, mae 0.1043, rmse 0.1394, time elapsed(min) 0.02---
2026-10-01 08:24:08,828 - INFO - --- validation at epoch 212, val_loss 0.0100, val_mae 0.1027, val_rmse 0.1385, val_r2 0.7609, val_pearson 0.8732, lr 2.70e-05 ---
2026-10-01 08:24:08,828 - INFO - 
****************************************************************************************************
2026-10-01 08:24:10,763 - INFO - --- training epoch 213, loss 0.0098, mae 0.1049, rmse 0.1397, time elapsed(min) 0.03---
2026-10-01 08:24:10,977 - INFO - --- validation at epoch 213, val_loss 0.0099, val_mae 0.1022, val_rmse 0.1377, val_r2 0.7636, val_pearson 0.8743, lr 2.70e-05 ---
2026-10-01 08:24:10,977 - INFO - 
****************************************************************************************************
2026-10-01 08:24:12,799 - INFO - --- training epoch 214, loss 0.0098, mae 0.1058, rmse 0.1403, time elapsed(min) 0.02---
2026-10-01 08:24:13,010 - INFO - --- validation at epoch 214, val_loss 0.0102, val_mae 0.1033, val_rmse 0.1398, val_r2 0.7567, val_pearson 0.8724, lr 2.70e-05 ---
2026-10-01 08:24:13,010 - INFO - 
****************************************************************************************************
2026-10-01 08:24:14,742 - INFO - --- training epoch 215, loss 0.0097, mae 0.1050, rmse 0.1394, time elapsed(min) 0.02---
2026-10-01 08:24:15,075 - INFO - --- validation at epoch 215, val_loss 0.0100, val_mae 0.1027, val_rmse 0.1386, val_r2 0.7606, val_pearson 0.8733, lr 2.70e-05 ---
2026-10-01 08:24:15,075 - INFO - 
****************************************************************************************************
2026-10-01 08:24:16,898 - INFO - --- training epoch 216, loss 0.0097, mae 0.1039, rmse 0.1395, time elapsed(min) 0.03---
2026-10-01 08:24:17,305 - INFO - --- validation at epoch 216, val_loss 0.0102, val_mae 0.1034, val_rmse 0.1392, val_r2 0.7587, val_pearson 0.8719, lr 2.70e-05 ---
2026-10-01 08:24:17,305 - INFO - 
****************************************************************************************************
2026-10-01 08:24:19,148 - INFO - --- training epoch 217, loss 0.0097, mae 0.1046, rmse 0.1391, time elapsed(min) 0.02---
2026-10-01 08:24:19,376 - INFO - --- validation at epoch 217, val_loss 0.0100, val_mae 0.1026, val_rmse 0.1383, val_r2 0.7619, val_pearson 0.8743, lr 2.70e-05 ---
2026-10-01 08:24:19,377 - INFO - 
****************************************************************************************************
2026-10-01 08:24:21,112 - INFO - --- training epoch 218, loss 0.0095, mae 0.1033, rmse 0.1376, time elapsed(min) 0.02---
2026-10-01 08:24:21,345 - INFO - --- validation at epoch 218, val_loss 0.0100, val_mae 0.1031, val_rmse 0.1387, val_r2 0.7604, val_pearson 0.8733, lr 2.70e-05 ---
2026-10-01 08:24:21,345 - INFO - 
****************************************************************************************************
2026-10-01 08:24:23,099 - INFO - --- training epoch 219, loss 0.0098, mae 0.1046, rmse 0.1397, time elapsed(min) 0.02---
2026-10-01 08:24:23,489 - INFO - --- validation at epoch 219, val_loss 0.0102, val_mae 0.1030, val_rmse 0.1394, val_r2 0.7581, val_pearson 0.8729, lr 2.70e-05 ---
2026-10-01 08:24:23,489 - INFO - 
****************************************************************************************************
2026-10-01 08:24:25,524 - INFO - --- training epoch 220, loss 0.0098, mae 0.1049, rmse 0.1398, time elapsed(min) 0.03---
2026-10-01 08:24:25,737 - INFO - --- validation at epoch 220, val_loss 0.0103, val_mae 0.1031, val_rmse 0.1396, val_r2 0.7571, val_pearson 0.8727, lr 2.70e-05 ---
2026-10-01 08:24:25,737 - INFO - 
****************************************************************************************************
2026-10-01 08:24:27,482 - INFO - --- training epoch 221, loss 0.0097, mae 0.1045, rmse 0.1392, time elapsed(min) 0.02---
2026-10-01 08:24:27,696 - INFO - --- validation at epoch 221, val_loss 0.0099, val_mae 0.1023, val_rmse 0.1378, val_r2 0.7636, val_pearson 0.8753, lr 2.70e-05 ---
2026-10-01 08:24:27,696 - INFO - 
****************************************************************************************************
2026-10-01 08:24:29,550 - INFO - --- training epoch 222, loss 0.0098, mae 0.1051, rmse 0.1401, time elapsed(min) 0.02---
2026-10-01 08:24:29,883 - INFO - --- validation at epoch 222, val_loss 0.0101, val_mae 0.1025, val_rmse 0.1384, val_r2 0.7614, val_pearson 0.8739, lr 2.70e-05 ---
2026-10-01 08:24:29,883 - INFO - 
****************************************************************************************************
2026-10-01 08:24:31,772 - INFO - --- training epoch 223, loss 0.0097, mae 0.1048, rmse 0.1390, time elapsed(min) 0.03---
2026-10-01 08:24:32,272 - INFO - --- validation at epoch 223, val_loss 0.0102, val_mae 0.1025, val_rmse 0.1389, val_r2 0.7597, val_pearson 0.8746, lr 2.70e-05 ---
2026-10-01 08:24:32,273 - INFO - 
****************************************************************************************************
2026-10-01 08:24:34,098 - INFO - --- training epoch 224, loss 0.0096, mae 0.1039, rmse 0.1388, time elapsed(min) 0.03---
2026-10-01 08:24:34,314 - INFO - --- validation at epoch 224, val_loss 0.0100, val_mae 0.1026, val_rmse 0.1381, val_r2 0.7624, val_pearson 0.8740, lr 2.70e-05 ---
2026-10-01 08:24:34,314 - INFO - 
****************************************************************************************************
2026-10-01 08:24:36,058 - INFO - --- training epoch 225, loss 0.0096, mae 0.1035, rmse 0.1387, time elapsed(min) 0.02---
2026-10-01 08:24:36,271 - INFO - --- validation at epoch 225, val_loss 0.0103, val_mae 0.1037, val_rmse 0.1402, val_r2 0.7550, val_pearson 0.8734, lr 2.70e-05 ---
2026-10-01 08:24:36,271 - INFO - 
****************************************************************************************************
2026-10-01 08:24:38,027 - INFO - --- training epoch 226, loss 0.0098, mae 0.1044, rmse 0.1397, time elapsed(min) 0.02---
2026-10-01 08:24:38,414 - INFO - --- validation at epoch 226, val_loss 0.0100, val_mae 0.1032, val_rmse 0.1385, val_r2 0.7612, val_pearson 0.8733, lr 2.70e-05 ---
2026-10-01 08:24:38,414 - INFO - 
****************************************************************************************************
2026-10-01 08:24:40,384 - INFO - --- training epoch 227, loss 0.0095, mae 0.1035, rmse 0.1382, time elapsed(min) 0.03---
2026-10-01 08:24:40,598 - INFO - --- validation at epoch 227, val_loss 0.0099, val_mae 0.1031, val_rmse 0.1383, val_r2 0.7616, val_pearson 0.8736, lr 2.70e-05 ---
2026-10-01 08:24:40,598 - INFO - 
****************************************************************************************************
2026-10-01 08:24:42,359 - INFO - --- training epoch 228, loss 0.0096, mae 0.1038, rmse 0.1388, time elapsed(min) 0.02---
2026-10-01 08:24:42,620 - INFO - --- validation at epoch 228, val_loss 0.0101, val_mae 0.1029, val_rmse 0.1387, val_r2 0.7604, val_pearson 0.8737, lr 2.70e-05 ---
2026-10-01 08:24:42,620 - INFO - 
****************************************************************************************************
2026-10-01 08:24:44,421 - INFO - --- training epoch 229, loss 0.0099, mae 0.1055, rmse 0.1408, time elapsed(min) 0.02---
2026-10-01 08:24:44,764 - INFO - --- validation at epoch 229, val_loss 0.0103, val_mae 0.1032, val_rmse 0.1398, val_r2 0.7565, val_pearson 0.8743, lr 2.70e-05 ---
2026-10-01 08:24:44,764 - INFO - 
****************************************************************************************************
2026-10-01 08:24:46,702 - INFO - --- training epoch 230, loss 0.0097, mae 0.1042, rmse 0.1392, time elapsed(min) 0.03---
2026-10-01 08:24:46,916 - INFO - --- validation at epoch 230, val_loss 0.0101, val_mae 0.1026, val_rmse 0.1384, val_r2 0.7615, val_pearson 0.8737, lr 2.70e-05 ---
2026-10-01 08:24:46,917 - INFO - 
****************************************************************************************************
2026-10-01 08:24:48,660 - INFO - --- training epoch 231, loss 0.0095, mae 0.1033, rmse 0.1377, time elapsed(min) 0.02---
2026-10-01 08:24:48,875 - INFO - --- validation at epoch 231, val_loss 0.0101, val_mae 0.1027, val_rmse 0.1385, val_r2 0.7612, val_pearson 0.8741, lr 2.70e-05 ---
2026-10-01 08:24:48,875 - INFO - 
****************************************************************************************************
2026-10-01 08:24:50,654 - INFO - --- training epoch 232, loss 0.0097, mae 0.1041, rmse 0.1390, time elapsed(min) 0.03---
2026-10-01 08:24:50,985 - INFO - --- validation at epoch 232, val_loss 0.0098, val_mae 0.1016, val_rmse 0.1377, val_r2 0.7640, val_pearson 0.8753, lr 2.70e-05 ---
2026-10-01 08:24:50,985 - INFO - 
****************************************************************************************************
2026-10-01 08:24:52,904 - INFO - --- training epoch 233, loss 0.0095, mae 0.1031, rmse 0.1379, time elapsed(min) 0.03---
2026-10-01 08:24:53,393 - INFO - --- validation at epoch 233, val_loss 0.0101, val_mae 0.1027, val_rmse 0.1386, val_r2 0.7606, val_pearson 0.8745, lr 2.70e-05 ---
2026-10-01 08:24:53,393 - INFO - 
****************************************************************************************************
2026-10-01 08:24:55,127 - INFO - --- training epoch 234, loss 0.0095, mae 0.1037, rmse 0.1379, time elapsed(min) 0.02---
2026-10-01 08:24:55,341 - INFO - --- validation at epoch 234, val_loss 0.0101, val_mae 0.1027, val_rmse 0.1393, val_r2 0.7583, val_pearson 0.8739, lr 2.70e-05 ---
2026-10-01 08:24:55,341 - INFO - 
****************************************************************************************************
2026-10-01 08:24:57,236 - INFO - --- training epoch 235, loss 0.0095, mae 0.1031, rmse 0.1380, time elapsed(min) 0.03---
2026-10-01 08:24:57,451 - INFO - --- validation at epoch 235, val_loss 0.0099, val_mae 0.1021, val_rmse 0.1377, val_r2 0.7639, val_pearson 0.8751, lr 2.70e-05 ---
2026-10-01 08:24:57,451 - INFO - 
****************************************************************************************************
2026-10-01 08:24:59,297 - INFO - --- training epoch 236, loss 0.0094, mae 0.1021, rmse 0.1371, time elapsed(min) 0.03---
2026-10-01 08:24:59,685 - INFO - --- validation at epoch 236, val_loss 0.0100, val_mae 0.1021, val_rmse 0.1387, val_r2 0.7605, val_pearson 0.8747, lr 2.70e-05 ---
2026-10-01 08:24:59,686 - INFO - 
****************************************************************************************************
2026-10-01 08:25:01,523 - INFO - --- training epoch 237, loss 0.0096, mae 0.1040, rmse 0.1387, time elapsed(min) 0.02---
2026-10-01 08:25:01,740 - INFO - --- validation at epoch 237, val_loss 0.0098, val_mae 0.1009, val_rmse 0.1370, val_r2 0.7663, val_pearson 0.8765, lr 2.70e-05 ---
2026-10-01 08:25:01,740 - INFO - 
****************************************************************************************************
2026-10-01 08:25:03,678 - INFO - --- training epoch 238, loss 0.0095, mae 0.1033, rmse 0.1382, time elapsed(min) 0.03---
2026-10-01 08:25:03,893 - INFO - --- validation at epoch 238, val_loss 0.0103, val_mae 0.1029, val_rmse 0.1395, val_r2 0.7577, val_pearson 0.8734, lr 2.70e-05 ---
2026-10-01 08:25:03,893 - INFO - 
****************************************************************************************************
2026-10-01 08:25:05,718 - INFO - --- training epoch 239, loss 0.0098, mae 0.1039, rmse 0.1397, time elapsed(min) 0.03---
2026-10-01 08:25:06,058 - INFO - --- validation at epoch 239, val_loss 0.0104, val_mae 0.1034, val_rmse 0.1402, val_r2 0.7551, val_pearson 0.8733, lr 2.70e-05 ---
2026-10-01 08:25:06,058 - INFO - 
****************************************************************************************************
2026-10-01 08:25:08,036 - INFO - --- training epoch 240, loss 0.0097, mae 0.1038, rmse 0.1389, time elapsed(min) 0.03---
2026-10-01 08:25:08,251 - INFO - --- validation at epoch 240, val_loss 0.0099, val_mae 0.1016, val_rmse 0.1373, val_r2 0.7651, val_pearson 0.8755, lr 2.70e-05 ---
2026-10-01 08:25:08,251 - INFO - 
****************************************************************************************************
2026-10-01 08:25:09,993 - INFO - --- training epoch 241, loss 0.0095, mae 0.1033, rmse 0.1376, time elapsed(min) 0.02---
2026-10-01 08:25:10,210 - INFO - --- validation at epoch 241, val_loss 0.0103, val_mae 0.1032, val_rmse 0.1401, val_r2 0.7554, val_pearson 0.8728, lr 2.70e-05 ---
2026-10-01 08:25:10,210 - INFO - 
****************************************************************************************************
2026-10-01 08:25:12,018 - INFO - --- training epoch 242, loss 0.0095, mae 0.1030, rmse 0.1378, time elapsed(min) 0.03---
2026-10-01 08:25:12,349 - INFO - --- validation at epoch 242, val_loss 0.0100, val_mae 0.1025, val_rmse 0.1387, val_r2 0.7603, val_pearson 0.8753, lr 2.70e-05 ---
2026-10-01 08:25:12,349 - INFO - 
****************************************************************************************************
2026-10-01 08:25:14,339 - INFO - --- training epoch 243, loss 0.0095, mae 0.1032, rmse 0.1378, time elapsed(min) 0.03---
2026-10-01 08:25:14,551 - INFO - --- validation at epoch 243, val_loss 0.0099, val_mae 0.1018, val_rmse 0.1372, val_r2 0.7654, val_pearson 0.8758, lr 2.70e-05 ---
2026-10-01 08:25:14,551 - INFO - 
****************************************************************************************************
2026-10-01 08:25:16,342 - INFO - --- training epoch 244, loss 0.0095, mae 0.1030, rmse 0.1381, time elapsed(min) 0.02---
2026-10-01 08:25:16,554 - INFO - --- validation at epoch 244, val_loss 0.0099, val_mae 0.1016, val_rmse 0.1377, val_r2 0.7638, val_pearson 0.8755, lr 2.70e-05 ---
2026-10-01 08:25:16,554 - INFO - 
****************************************************************************************************
2026-10-01 08:25:18,447 - INFO - --- training epoch 245, loss 0.0092, mae 0.1017, rmse 0.1359, time elapsed(min) 0.03---
2026-10-01 08:25:18,663 - INFO - --- validation at epoch 245, val_loss 0.0099, val_mae 0.1021, val_rmse 0.1377, val_r2 0.7639, val_pearson 0.8754, lr 2.70e-05 ---
2026-10-01 08:25:18,663 - INFO - 
****************************************************************************************************
2026-10-01 08:25:20,485 - INFO - --- training epoch 246, loss 0.0095, mae 0.1031, rmse 0.1377, time elapsed(min) 0.03---
2026-10-01 08:25:20,852 - INFO - --- validation at epoch 246, val_loss 0.0101, val_mae 0.1018, val_rmse 0.1386, val_r2 0.7608, val_pearson 0.8744, lr 2.70e-05 ---
2026-10-01 08:25:20,852 - INFO - 
****************************************************************************************************
2026-10-01 08:25:22,661 - INFO - --- training epoch 247, loss 0.0094, mae 0.1021, rmse 0.1374, time elapsed(min) 0.02---
2026-10-01 08:25:22,878 - INFO - --- validation at epoch 247, val_loss 0.0099, val_mae 0.1022, val_rmse 0.1373, val_r2 0.7651, val_pearson 0.8757, lr 2.70e-05 ---
2026-10-01 08:25:22,878 - INFO - 
****************************************************************************************************
2026-10-01 08:25:24,644 - INFO - --- training epoch 248, loss 0.0095, mae 0.1033, rmse 0.1377, time elapsed(min) 0.02---
2026-10-01 08:25:24,857 - INFO - --- validation at epoch 248, val_loss 0.0098, val_mae 0.1013, val_rmse 0.1371, val_r2 0.7658, val_pearson 0.8760, lr 2.70e-05 ---
2026-10-01 08:25:24,857 - INFO - 
****************************************************************************************************
2026-10-01 08:25:26,608 - INFO - --- training epoch 249, loss 0.0093, mae 0.1022, rmse 0.1364, time elapsed(min) 0.02---
2026-10-01 08:25:26,951 - INFO - --- validation at epoch 249, val_loss 0.0098, val_mae 0.1011, val_rmse 0.1366, val_r2 0.7675, val_pearson 0.8761, lr 8.10e-06 ---
2026-10-01 08:25:26,951 - INFO - 
****************************************************************************************************
2026-10-01 08:25:28,935 - INFO - --- training epoch 250, loss 0.0093, mae 0.1014, rmse 0.1362, time elapsed(min) 0.03---
2026-10-01 08:25:29,201 - INFO - --- validation at epoch 250, val_loss 0.0099, val_mae 0.1016, val_rmse 0.1369, val_r2 0.7667, val_pearson 0.8756, lr 8.10e-06 ---
2026-10-01 08:25:29,201 - INFO - 
****************************************************************************************************
2026-10-01 08:25:31,022 - INFO - --- training epoch 251, loss 0.0091, mae 0.1011, rmse 0.1352, time elapsed(min) 0.03---
2026-10-01 08:25:31,240 - INFO - --- validation at epoch 251, val_loss 0.0099, val_mae 0.1011, val_rmse 0.1367, val_r2 0.7672, val_pearson 0.8763, lr 8.10e-06 ---
2026-10-01 08:25:31,240 - INFO - 
****************************************************************************************************
2026-10-01 08:25:33,054 - INFO - --- training epoch 252, loss 0.0093, mae 0.1021, rmse 0.1364, time elapsed(min) 0.03---
2026-10-01 08:25:33,387 - INFO - --- validation at epoch 252, val_loss 0.0097, val_mae 0.1013, val_rmse 0.1364, val_r2 0.7683, val_pearson 0.8765, lr 8.10e-06 ---
2026-10-01 08:25:33,387 - INFO - 
****************************************************************************************************
2026-10-01 08:25:35,296 - INFO - --- training epoch 253, loss 0.0093, mae 0.1020, rmse 0.1367, time elapsed(min) 0.03---
2026-10-01 08:25:35,662 - INFO - --- validation at epoch 253, val_loss 0.0097, val_mae 0.1012, val_rmse 0.1363, val_r2 0.7686, val_pearson 0.8767, lr 8.10e-06 ---
2026-10-01 08:25:35,662 - INFO - 
****************************************************************************************************
2026-10-01 08:25:37,607 - INFO - --- training epoch 254, loss 0.0092, mae 0.1017, rmse 0.1360, time elapsed(min) 0.02---
2026-10-01 08:25:37,824 - INFO - --- validation at epoch 254, val_loss 0.0098, val_mae 0.1009, val_rmse 0.1365, val_r2 0.7678, val_pearson 0.8766, lr 8.10e-06 ---
2026-10-01 08:25:37,824 - INFO - 
****************************************************************************************************
2026-10-01 08:25:39,586 - INFO - --- training epoch 255, loss 0.0093, mae 0.1015, rmse 0.1361, time elapsed(min) 0.02---
2026-10-01 08:25:39,801 - INFO - --- validation at epoch 255, val_loss 0.0099, val_mae 0.1012, val_rmse 0.1369, val_r2 0.7665, val_pearson 0.8761, lr 8.10e-06 ---
2026-10-01 08:25:39,801 - INFO - 
****************************************************************************************************
2026-10-01 08:25:41,677 - INFO - --- training epoch 256, loss 0.0090, mae 0.0994, rmse 0.1340, time elapsed(min) 0.03---
2026-10-01 08:25:42,069 - INFO - --- validation at epoch 256, val_loss 0.0099, val_mae 0.1015, val_rmse 0.1372, val_r2 0.7656, val_pearson 0.8752, lr 8.10e-06 ---
2026-10-01 08:25:42,069 - INFO - 
****************************************************************************************************
2026-10-01 08:25:43,914 - INFO - --- training epoch 257, loss 0.0092, mae 0.1011, rmse 0.1355, time elapsed(min) 0.02---
2026-10-01 08:25:44,126 - INFO - --- validation at epoch 257, val_loss 0.0098, val_mae 0.1015, val_rmse 0.1366, val_r2 0.7676, val_pearson 0.8763, lr 8.10e-06 ---
2026-10-01 08:25:44,126 - INFO - 
****************************************************************************************************
2026-10-01 08:25:45,965 - INFO - --- training epoch 258, loss 0.0093, mae 0.1016, rmse 0.1362, time elapsed(min) 0.03---
2026-10-01 08:25:46,180 - INFO - --- validation at epoch 258, val_loss 0.0098, val_mae 0.1012, val_rmse 0.1366, val_r2 0.7677, val_pearson 0.8762, lr 8.10e-06 ---
2026-10-01 08:25:46,180 - INFO - 
****************************************************************************************************
2026-10-01 08:25:48,008 - INFO - --- training epoch 259, loss 0.0091, mae 0.1002, rmse 0.1350, time elapsed(min) 0.03---
2026-10-01 08:25:48,354 - INFO - --- validation at epoch 259, val_loss 0.0098, val_mae 0.1008, val_rmse 0.1364, val_r2 0.7682, val_pearson 0.8767, lr 8.10e-06 ---
2026-10-01 08:25:48,354 - INFO - 
****************************************************************************************************
2026-10-01 08:25:50,363 - INFO - --- training epoch 260, loss 0.0092, mae 0.1014, rmse 0.1357, time elapsed(min) 0.03---
2026-10-01 08:25:50,575 - INFO - --- validation at epoch 260, val_loss 0.0098, val_mae 0.1011, val_rmse 0.1365, val_r2 0.7678, val_pearson 0.8765, lr 8.10e-06 ---
2026-10-01 08:25:50,575 - INFO - 
****************************************************************************************************
2026-10-01 08:25:52,324 - INFO - --- training epoch 261, loss 0.0092, mae 0.1017, rmse 0.1354, time elapsed(min) 0.02---
2026-10-01 08:25:52,538 - INFO - --- validation at epoch 261, val_loss 0.0097, val_mae 0.1006, val_rmse 0.1360, val_r2 0.7695, val_pearson 0.8774, lr 8.10e-06 ---
2026-10-01 08:25:52,539 - INFO - 
****************************************************************************************************
2026-10-01 08:25:54,367 - INFO - --- training epoch 262, loss 0.0094, mae 0.1020, rmse 0.1371, time elapsed(min) 0.02---
2026-10-01 08:25:54,702 - INFO - --- validation at epoch 262, val_loss 0.0098, val_mae 0.1011, val_rmse 0.1365, val_r2 0.7678, val_pearson 0.8768, lr 8.10e-06 ---
2026-10-01 08:25:54,702 - INFO - 
****************************************************************************************************
2026-10-01 08:25:56,659 - INFO - --- training epoch 263, loss 0.0091, mae 0.1006, rmse 0.1348, time elapsed(min) 0.03---
2026-10-01 08:25:56,870 - INFO - --- validation at epoch 263, val_loss 0.0098, val_mae 0.1007, val_rmse 0.1364, val_r2 0.7683, val_pearson 0.8771, lr 8.10e-06 ---
2026-10-01 08:25:56,871 - INFO - 
****************************************************************************************************
2026-10-01 08:25:58,637 - INFO - --- training epoch 264, loss 0.0091, mae 0.1008, rmse 0.1349, time elapsed(min) 0.02---
2026-10-01 08:25:58,854 - INFO - --- validation at epoch 264, val_loss 0.0098, val_mae 0.1009, val_rmse 0.1367, val_r2 0.7674, val_pearson 0.8762, lr 8.10e-06 ---
2026-10-01 08:25:58,854 - INFO - 
****************************************************************************************************
2026-10-01 08:26:00,607 - INFO - --- training epoch 265, loss 0.0092, mae 0.1005, rmse 0.1353, time elapsed(min) 0.02---
2026-10-01 08:26:00,939 - INFO - --- validation at epoch 265, val_loss 0.0097, val_mae 0.1009, val_rmse 0.1359, val_r2 0.7698, val_pearson 0.8774, lr 8.10e-06 ---
2026-10-01 08:26:00,939 - INFO - 
****************************************************************************************************
2026-10-01 08:26:02,840 - INFO - --- training epoch 266, loss 0.0092, mae 0.1006, rmse 0.1354, time elapsed(min) 0.03---
2026-10-01 08:26:03,207 - INFO - --- validation at epoch 266, val_loss 0.0097, val_mae 0.1004, val_rmse 0.1360, val_r2 0.7697, val_pearson 0.8775, lr 8.10e-06 ---
2026-10-01 08:26:03,207 - INFO - 
****************************************************************************************************
2026-10-01 08:26:05,059 - INFO - --- training epoch 267, loss 0.0093, mae 0.1020, rmse 0.1363, time elapsed(min) 0.02---
2026-10-01 08:26:05,290 - INFO - --- validation at epoch 267, val_loss 0.0099, val_mae 0.1010, val_rmse 0.1368, val_r2 0.7668, val_pearson 0.8763, lr 8.10e-06 ---
2026-10-01 08:26:05,291 - INFO - 
****************************************************************************************************
2026-10-01 08:26:07,042 - INFO - --- training epoch 268, loss 0.0091, mae 0.1006, rmse 0.1352, time elapsed(min) 0.02---
2026-10-01 08:26:07,259 - INFO - --- validation at epoch 268, val_loss 0.0097, val_mae 0.1006, val_rmse 0.1360, val_r2 0.7697, val_pearson 0.8776, lr 8.10e-06 ---
2026-10-01 08:26:07,259 - INFO - 
****************************************************************************************************
2026-10-01 08:26:09,057 - INFO - --- training epoch 269, loss 0.0092, mae 0.1010, rmse 0.1355, time elapsed(min) 0.02---
2026-10-01 08:26:09,483 - INFO - --- validation at epoch 269, val_loss 0.0098, val_mae 0.1008, val_rmse 0.1364, val_r2 0.7682, val_pearson 0.8767, lr 8.10e-06 ---
2026-10-01 08:26:09,483 - INFO - 
****************************************************************************************************
2026-10-01 08:26:11,424 - INFO - --- training epoch 270, loss 0.0092, mae 0.1008, rmse 0.1354, time elapsed(min) 0.03---
2026-10-01 08:26:11,689 - INFO - --- validation at epoch 270, val_loss 0.0098, val_mae 0.1010, val_rmse 0.1364, val_r2 0.7684, val_pearson 0.8768, lr 8.10e-06 ---
2026-10-01 08:26:11,689 - INFO - 
****************************************************************************************************
2026-10-01 08:26:13,421 - INFO - --- training epoch 271, loss 0.0091, mae 0.1015, rmse 0.1350, time elapsed(min) 0.02---
2026-10-01 08:26:13,670 - INFO - --- validation at epoch 271, val_loss 0.0098, val_mae 0.1006, val_rmse 0.1365, val_r2 0.7678, val_pearson 0.8769, lr 8.10e-06 ---
2026-10-01 08:26:13,670 - INFO - 
****************************************************************************************************
2026-10-01 08:26:15,516 - INFO - --- training epoch 272, loss 0.0091, mae 0.1007, rmse 0.1347, time elapsed(min) 0.03---
2026-10-01 08:26:15,860 - INFO - --- validation at epoch 272, val_loss 0.0099, val_mae 0.1010, val_rmse 0.1366, val_r2 0.7674, val_pearson 0.8763, lr 8.10e-06 ---
2026-10-01 08:26:15,860 - INFO - 
****************************************************************************************************
2026-10-01 08:26:17,831 - INFO - --- training epoch 273, loss 0.0091, mae 0.1013, rmse 0.1348, time elapsed(min) 0.03---
2026-10-01 08:26:18,044 - INFO - --- validation at epoch 273, val_loss 0.0098, val_mae 0.1007, val_rmse 0.1366, val_r2 0.7675, val_pearson 0.8766, lr 8.10e-06 ---
2026-10-01 08:26:18,044 - INFO - 
****************************************************************************************************
2026-10-01 08:26:19,893 - INFO - --- training epoch 274, loss 0.0092, mae 0.1012, rmse 0.1353, time elapsed(min) 0.03---
2026-10-01 08:26:20,107 - INFO - --- validation at epoch 274, val_loss 0.0098, val_mae 0.1008, val_rmse 0.1366, val_r2 0.7674, val_pearson 0.8769, lr 8.10e-06 ---
2026-10-01 08:26:20,107 - INFO - 
****************************************************************************************************
2026-10-01 08:26:21,893 - INFO - --- training epoch 275, loss 0.0092, mae 0.1012, rmse 0.1359, time elapsed(min) 0.02---
2026-10-01 08:26:22,232 - INFO - --- validation at epoch 275, val_loss 0.0098, val_mae 0.1006, val_rmse 0.1365, val_r2 0.7681, val_pearson 0.8767, lr 8.10e-06 ---
2026-10-01 08:26:22,232 - INFO - 
****************************************************************************************************
2026-10-01 08:26:24,168 - INFO - --- training epoch 276, loss 0.0092, mae 0.1013, rmse 0.1359, time elapsed(min) 0.03---
2026-10-01 08:26:24,375 - INFO - --- validation at epoch 276, val_loss 0.0098, val_mae 0.1007, val_rmse 0.1363, val_r2 0.7687, val_pearson 0.8772, lr 8.10e-06 ---
2026-10-01 08:26:24,375 - INFO - 
****************************************************************************************************
2026-10-01 08:26:26,159 - INFO - --- training epoch 277, loss 0.0090, mae 0.1005, rmse 0.1345, time elapsed(min) 0.02---
2026-10-01 08:26:26,374 - INFO - --- validation at epoch 277, val_loss 0.0096, val_mae 0.1009, val_rmse 0.1358, val_r2 0.7702, val_pearson 0.8776, lr 2.43e-06 ---
2026-10-01 08:26:26,374 - INFO - 
****************************************************************************************************
2026-10-01 08:26:28,336 - INFO - --- training epoch 278, loss 0.0093, mae 0.1018, rmse 0.1364, time elapsed(min) 0.03---
2026-10-01 08:26:28,550 - INFO - --- validation at epoch 278, val_loss 0.0096, val_mae 0.1009, val_rmse 0.1359, val_r2 0.7701, val_pearson 0.8776, lr 2.43e-06 ---
2026-10-01 08:26:28,550 - INFO - 
****************************************************************************************************
2026-10-01 08:26:30,571 - INFO - --- training epoch 279, loss 0.0092, mae 0.1007, rmse 0.1354, time elapsed(min) 0.03---
2026-10-01 08:26:30,942 - INFO - --- validation at epoch 279, val_loss 0.0096, val_mae 0.1008, val_rmse 0.1358, val_r2 0.7704, val_pearson 0.8778, lr 2.43e-06 ---
2026-10-01 08:26:30,942 - INFO - 
****************************************************************************************************
2026-10-01 08:26:32,873 - INFO - --- training epoch 280, loss 0.0092, mae 0.1019, rmse 0.1353, time elapsed(min) 0.02---
2026-10-01 08:26:33,089 - INFO - --- validation at epoch 280, val_loss 0.0096, val_mae 0.1008, val_rmse 0.1357, val_r2 0.7705, val_pearson 0.8778, lr 2.43e-06 ---
2026-10-01 08:26:33,089 - INFO - 
****************************************************************************************************
2026-10-01 08:26:34,813 - INFO - --- training epoch 281, loss 0.0092, mae 0.1015, rmse 0.1359, time elapsed(min) 0.02---
2026-10-01 08:26:35,029 - INFO - --- validation at epoch 281, val_loss 0.0096, val_mae 0.1008, val_rmse 0.1357, val_r2 0.7707, val_pearson 0.8779, lr 2.43e-06 ---
2026-10-01 08:26:35,029 - INFO - 
****************************************************************************************************
2026-10-01 08:26:36,936 - INFO - --- training epoch 282, loss 0.0091, mae 0.1004, rmse 0.1352, time elapsed(min) 0.03---
2026-10-01 08:26:37,306 - INFO - --- validation at epoch 282, val_loss 0.0097, val_mae 0.1007, val_rmse 0.1359, val_r2 0.7701, val_pearson 0.8776, lr 2.43e-06 ---
2026-10-01 08:26:37,306 - INFO - 
****************************************************************************************************
2026-10-01 08:26:39,319 - INFO - --- training epoch 283, loss 0.0089, mae 0.0998, rmse 0.1338, time elapsed(min) 0.03---
2026-10-01 08:26:39,583 - INFO - --- validation at epoch 283, val_loss 0.0096, val_mae 0.1009, val_rmse 0.1359, val_r2 0.7700, val_pearson 0.8775, lr 2.43e-06 ---
2026-10-01 08:26:39,583 - INFO - 
****************************************************************************************************
2026-10-01 08:26:41,312 - INFO - --- training epoch 284, loss 0.0090, mae 0.0999, rmse 0.1340, time elapsed(min) 0.02---
2026-10-01 08:26:41,527 - INFO - --- validation at epoch 284, val_loss 0.0096, val_mae 0.1008, val_rmse 0.1358, val_r2 0.7704, val_pearson 0.8777, lr 2.43e-06 ---
2026-10-01 08:26:41,527 - INFO - 
****************************************************************************************************
2026-10-01 08:26:43,318 - INFO - --- training epoch 285, loss 0.0089, mae 0.0999, rmse 0.1337, time elapsed(min) 0.03---
2026-10-01 08:26:43,648 - INFO - --- validation at epoch 285, val_loss 0.0097, val_mae 0.1007, val_rmse 0.1358, val_r2 0.7702, val_pearson 0.8776, lr 2.43e-06 ---
2026-10-01 08:26:43,648 - INFO - 
****************************************************************************************************
2026-10-01 08:26:45,549 - INFO - --- training epoch 286, loss 0.0092, mae 0.1011, rmse 0.1353, time elapsed(min) 0.03---
2026-10-01 08:26:45,763 - INFO - --- validation at epoch 286, val_loss 0.0097, val_mae 0.1010, val_rmse 0.1359, val_r2 0.7700, val_pearson 0.8775, lr 2.43e-06 ---
2026-10-01 08:26:45,764 - INFO - 
****************************************************************************************************
2026-10-01 08:26:47,512 - INFO - --- training epoch 287, loss 0.0090, mae 0.1006, rmse 0.1344, time elapsed(min) 0.02---
2026-10-01 08:26:47,729 - INFO - --- validation at epoch 287, val_loss 0.0096, val_mae 0.1008, val_rmse 0.1356, val_r2 0.7711, val_pearson 0.8781, lr 2.43e-06 ---
2026-10-01 08:26:47,729 - INFO - 
****************************************************************************************************
2026-10-01 08:26:49,606 - INFO - --- training epoch 288, loss 0.0090, mae 0.1005, rmse 0.1340, time elapsed(min) 0.02---
2026-10-01 08:26:49,837 - INFO - --- validation at epoch 288, val_loss 0.0096, val_mae 0.1006, val_rmse 0.1356, val_r2 0.7710, val_pearson 0.8781, lr 2.43e-06 ---
2026-10-01 08:26:49,838 - INFO - 
****************************************************************************************************
2026-10-01 08:26:51,657 - INFO - --- training epoch 289, loss 0.0093, mae 0.1015, rmse 0.1361, time elapsed(min) 0.03---
2026-10-01 08:26:52,150 - INFO - --- validation at epoch 289, val_loss 0.0096, val_mae 0.1007, val_rmse 0.1355, val_r2 0.7711, val_pearson 0.8782, lr 2.43e-06 ---
2026-10-01 08:26:52,150 - INFO - 
****************************************************************************************************
2026-10-01 08:26:53,979 - INFO - --- training epoch 290, loss 0.0091, mae 0.1005, rmse 0.1347, time elapsed(min) 0.03---
2026-10-01 08:26:54,237 - INFO - --- validation at epoch 290, val_loss 0.0096, val_mae 0.1005, val_rmse 0.1355, val_r2 0.7712, val_pearson 0.8782, lr 2.43e-06 ---
2026-10-01 08:26:54,238 - INFO - 
****************************************************************************************************
2026-10-01 08:26:55,971 - INFO - --- training epoch 291, loss 0.0092, mae 0.1008, rmse 0.1354, time elapsed(min) 0.02---
2026-10-01 08:26:56,188 - INFO - --- validation at epoch 291, val_loss 0.0096, val_mae 0.1009, val_rmse 0.1356, val_r2 0.7708, val_pearson 0.8780, lr 2.43e-06 ---
2026-10-01 08:26:56,188 - INFO - 
****************************************************************************************************
2026-10-01 08:26:57,988 - INFO - --- training epoch 292, loss 0.0088, mae 0.0992, rmse 0.1326, time elapsed(min) 0.03---
2026-10-01 08:26:58,404 - INFO - --- validation at epoch 292, val_loss 0.0096, val_mae 0.1008, val_rmse 0.1357, val_r2 0.7707, val_pearson 0.8779, lr 2.43e-06 ---
2026-10-01 08:26:58,404 - INFO - 
****************************************************************************************************
2026-10-01 08:27:00,348 - INFO - --- training epoch 293, loss 0.0090, mae 0.1000, rmse 0.1340, time elapsed(min) 0.03---
2026-10-01 08:27:00,560 - INFO - --- validation at epoch 293, val_loss 0.0097, val_mae 0.1007, val_rmse 0.1357, val_r2 0.7705, val_pearson 0.8778, lr 2.43e-06 ---
2026-10-01 08:27:00,560 - INFO - 
****************************************************************************************************
2026-10-01 08:27:02,278 - INFO - --- training epoch 294, loss 0.0090, mae 0.1002, rmse 0.1345, time elapsed(min) 0.02---
2026-10-01 08:27:02,541 - INFO - --- validation at epoch 294, val_loss 0.0096, val_mae 0.1005, val_rmse 0.1354, val_r2 0.7715, val_pearson 0.8784, lr 2.43e-06 ---
2026-10-01 08:27:02,541 - INFO - 
****************************************************************************************************
2026-10-01 08:27:04,404 - INFO - --- training epoch 295, loss 0.0090, mae 0.0996, rmse 0.1342, time elapsed(min) 0.02---
2026-10-01 08:27:04,733 - INFO - --- validation at epoch 295, val_loss 0.0097, val_mae 0.1007, val_rmse 0.1357, val_r2 0.7707, val_pearson 0.8779, lr 2.43e-06 ---
2026-10-01 08:27:04,733 - INFO - 
****************************************************************************************************
2026-10-01 08:27:06,715 - INFO - --- training epoch 296, loss 0.0090, mae 0.1004, rmse 0.1344, time elapsed(min) 0.03---
2026-10-01 08:27:06,951 - INFO - --- validation at epoch 296, val_loss 0.0096, val_mae 0.1009, val_rmse 0.1356, val_r2 0.7709, val_pearson 0.8781, lr 2.43e-06 ---
2026-10-01 08:27:06,951 - INFO - 
****************************************************************************************************
2026-10-01 08:27:08,690 - INFO - --- training epoch 297, loss 0.0089, mae 0.0993, rmse 0.1335, time elapsed(min) 0.02---
2026-10-01 08:27:08,904 - INFO - --- validation at epoch 297, val_loss 0.0096, val_mae 0.1006, val_rmse 0.1356, val_r2 0.7711, val_pearson 0.8781, lr 2.43e-06 ---
2026-10-01 08:27:08,904 - INFO - 
****************************************************************************************************
2026-10-01 08:27:10,662 - INFO - --- training epoch 298, loss 0.0090, mae 0.1001, rmse 0.1343, time elapsed(min) 0.02---
2026-10-01 08:27:11,013 - INFO - --- validation at epoch 298, val_loss 0.0097, val_mae 0.1006, val_rmse 0.1357, val_r2 0.7706, val_pearson 0.8778, lr 2.43e-06 ---
2026-10-01 08:27:11,013 - INFO - 
****************************************************************************************************
2026-10-01 08:27:12,917 - INFO - --- training epoch 299, loss 0.0093, mae 0.1016, rmse 0.1367, time elapsed(min) 0.03---
2026-10-01 08:27:13,337 - INFO - --- validation at epoch 299, val_loss 0.0097, val_mae 0.1009, val_rmse 0.1357, val_r2 0.7707, val_pearson 0.8779, lr 2.43e-06 ---
2026-10-01 08:27:13,337 - INFO - 
****************************************************************************************************
2026-10-01 08:27:15,188 - INFO - --- training epoch 300, loss 0.0091, mae 0.1006, rmse 0.1352, time elapsed(min) 0.02---
2026-10-01 08:27:15,406 - INFO - --- validation at epoch 300, val_loss 0.0096, val_mae 0.1005, val_rmse 0.1355, val_r2 0.7713, val_pearson 0.8782, lr 2.43e-06 ---
2026-10-01 08:27:15,406 - INFO - 
****************************************************************************************************
2026-10-01 08:27:17,204 - INFO - --- training epoch 301, loss 0.0091, mae 0.1005, rmse 0.1352, time elapsed(min) 0.02---
2026-10-01 08:27:17,438 - INFO - --- validation at epoch 301, val_loss 0.0096, val_mae 0.1004, val_rmse 0.1354, val_r2 0.7717, val_pearson 0.8785, lr 2.43e-06 ---
2026-10-01 08:27:17,438 - INFO - 
****************************************************************************************************
2026-10-01 08:27:19,203 - INFO - --- training epoch 302, loss 0.0090, mae 0.0999, rmse 0.1345, time elapsed(min) 0.02---
2026-10-01 08:27:19,598 - INFO - --- validation at epoch 302, val_loss 0.0097, val_mae 0.1006, val_rmse 0.1356, val_r2 0.7711, val_pearson 0.8781, lr 2.43e-06 ---
2026-10-01 08:27:19,599 - INFO - 
****************************************************************************************************
2026-10-01 08:27:21,544 - INFO - --- training epoch 303, loss 0.0089, mae 0.0992, rmse 0.1333, time elapsed(min) 0.03---
2026-10-01 08:27:21,776 - INFO - --- validation at epoch 303, val_loss 0.0096, val_mae 0.1003, val_rmse 0.1354, val_r2 0.7718, val_pearson 0.8785, lr 2.43e-06 ---
2026-10-01 08:27:21,776 - INFO - 
****************************************************************************************************
2026-10-01 08:27:23,505 - INFO - --- training epoch 304, loss 0.0092, mae 0.1017, rmse 0.1358, time elapsed(min) 0.02---
2026-10-01 08:27:23,716 - INFO - --- validation at epoch 304, val_loss 0.0096, val_mae 0.1007, val_rmse 0.1353, val_r2 0.7719, val_pearson 0.8787, lr 2.43e-06 ---
2026-10-01 08:27:23,717 - INFO - 
****************************************************************************************************
2026-10-01 08:27:25,552 - INFO - --- training epoch 305, loss 0.0091, mae 0.1005, rmse 0.1348, time elapsed(min) 0.02---
2026-10-01 08:27:25,880 - INFO - --- validation at epoch 305, val_loss 0.0096, val_mae 0.1004, val_rmse 0.1354, val_r2 0.7716, val_pearson 0.8785, lr 2.43e-06 ---
2026-10-01 08:27:25,880 - INFO - 
****************************************************************************************************
2026-10-01 08:27:27,888 - INFO - --- training epoch 306, loss 0.0092, mae 0.1018, rmse 0.1358, time elapsed(min) 0.03---
2026-10-01 08:27:28,102 - INFO - --- validation at epoch 306, val_loss 0.0096, val_mae 0.1006, val_rmse 0.1353, val_r2 0.7718, val_pearson 0.8785, lr 2.43e-06 ---
2026-10-01 08:27:28,102 - INFO - 
****************************************************************************************************
2026-10-01 08:27:29,847 - INFO - --- training epoch 307, loss 0.0089, mae 0.0993, rmse 0.1331, time elapsed(min) 0.02---
2026-10-01 08:27:30,062 - INFO - --- validation at epoch 307, val_loss 0.0096, val_mae 0.1005, val_rmse 0.1354, val_r2 0.7716, val_pearson 0.8784, lr 2.43e-06 ---
2026-10-01 08:27:30,062 - INFO - 
****************************************************************************************************
2026-10-01 08:27:31,812 - INFO - --- training epoch 308, loss 0.0093, mae 0.1014, rmse 0.1360, time elapsed(min) 0.02---
2026-10-01 08:27:32,023 - INFO - --- validation at epoch 308, val_loss 0.0096, val_mae 0.1003, val_rmse 0.1354, val_r2 0.7718, val_pearson 0.8786, lr 2.43e-06 ---
2026-10-01 08:27:32,023 - INFO - 
****************************************************************************************************
2026-10-01 08:27:33,782 - INFO - --- training epoch 309, loss 0.0092, mae 0.1010, rmse 0.1356, time elapsed(min) 0.02---
2026-10-01 08:27:34,168 - INFO - --- validation at epoch 309, val_loss 0.0096, val_mae 0.1007, val_rmse 0.1353, val_r2 0.7720, val_pearson 0.8786, lr 2.43e-06 ---
2026-10-01 08:27:34,168 - INFO - 
****************************************************************************************************
2026-10-01 08:27:36,012 - INFO - --- training epoch 310, loss 0.0091, mae 0.1008, rmse 0.1352, time elapsed(min) 0.02---
2026-10-01 08:27:36,245 - INFO - --- validation at epoch 310, val_loss 0.0096, val_mae 0.1005, val_rmse 0.1353, val_r2 0.7718, val_pearson 0.8786, lr 2.43e-06 ---
2026-10-01 08:27:36,245 - INFO - 
****************************************************************************************************
2026-10-01 08:27:38,017 - INFO - --- training epoch 311, loss 0.0089, mae 0.0998, rmse 0.1331, time elapsed(min) 0.02---
2026-10-01 08:27:38,223 - INFO - --- validation at epoch 311, val_loss 0.0096, val_mae 0.1008, val_rmse 0.1354, val_r2 0.7716, val_pearson 0.8785, lr 2.43e-06 ---
2026-10-01 08:27:38,223 - INFO - 
****************************************************************************************************
2026-10-01 08:27:40,066 - INFO - --- training epoch 312, loss 0.0091, mae 0.1006, rmse 0.1349, time elapsed(min) 0.03---
2026-10-01 08:27:40,434 - INFO - --- validation at epoch 312, val_loss 0.0096, val_mae 0.1008, val_rmse 0.1355, val_r2 0.7713, val_pearson 0.8783, lr 2.43e-06 ---
2026-10-01 08:27:40,434 - INFO - 
****************************************************************************************************
2026-10-01 08:27:42,294 - INFO - --- training epoch 313, loss 0.0092, mae 0.1007, rmse 0.1353, time elapsed(min) 0.02---
2026-10-01 08:27:42,508 - INFO - --- validation at epoch 313, val_loss 0.0096, val_mae 0.1006, val_rmse 0.1354, val_r2 0.7716, val_pearson 0.8784, lr 2.43e-06 ---
2026-10-01 08:27:42,508 - INFO - 
****************************************************************************************************
2026-10-01 08:27:44,263 - INFO - --- training epoch 314, loss 0.0089, mae 0.0993, rmse 0.1336, time elapsed(min) 0.02---
2026-10-01 08:27:44,474 - INFO - --- validation at epoch 314, val_loss 0.0096, val_mae 0.1006, val_rmse 0.1355, val_r2 0.7714, val_pearson 0.8783, lr 2.43e-06 ---
2026-10-01 08:27:44,474 - INFO - 
****************************************************************************************************
2026-10-01 08:27:46,372 - INFO - --- training epoch 315, loss 0.0091, mae 0.1002, rmse 0.1349, time elapsed(min) 0.03---
2026-10-01 08:27:46,705 - INFO - --- validation at epoch 315, val_loss 0.0097, val_mae 0.1006, val_rmse 0.1356, val_r2 0.7708, val_pearson 0.8780, lr 2.43e-06 ---
2026-10-01 08:27:46,705 - INFO - 
****************************************************************************************************
2026-10-01 08:27:48,650 - INFO - --- training epoch 316, loss 0.0090, mae 0.1006, rmse 0.1343, time elapsed(min) 0.03---
2026-10-01 08:27:48,866 - INFO - --- validation at epoch 316, val_loss 0.0096, val_mae 0.1005, val_rmse 0.1355, val_r2 0.7713, val_pearson 0.8782, lr 1.00e-06 ---
2026-10-01 08:27:48,866 - INFO - 
****************************************************************************************************
2026-10-01 08:27:50,569 - INFO - --- training epoch 317, loss 0.0091, mae 0.1004, rmse 0.1350, time elapsed(min) 0.02---
2026-10-01 08:27:50,786 - INFO - --- validation at epoch 317, val_loss 0.0096, val_mae 0.1004, val_rmse 0.1355, val_r2 0.7712, val_pearson 0.8782, lr 1.00e-06 ---
2026-10-01 08:27:50,786 - INFO - 
****************************************************************************************************
2026-10-01 08:27:52,523 - INFO - --- training epoch 318, loss 0.0090, mae 0.1000, rmse 0.1342, time elapsed(min) 0.02---
2026-10-01 08:27:52,854 - INFO - --- validation at epoch 318, val_loss 0.0096, val_mae 0.1004, val_rmse 0.1355, val_r2 0.7715, val_pearson 0.8783, lr 1.00e-06 ---
2026-10-01 08:27:52,854 - INFO - 
****************************************************************************************************
2026-10-01 08:27:54,699 - INFO - --- training epoch 319, loss 0.0090, mae 0.0998, rmse 0.1339, time elapsed(min) 0.03---
2026-10-01 08:27:55,080 - INFO - --- validation at epoch 319, val_loss 0.0096, val_mae 0.1004, val_rmse 0.1356, val_r2 0.7711, val_pearson 0.8781, lr 1.00e-06 ---
2026-10-01 08:27:55,080 - INFO - 
****************************************************************************************************
2026-10-01 08:27:56,941 - INFO - --- training epoch 320, loss 0.0091, mae 0.1009, rmse 0.1352, time elapsed(min) 0.02---
2026-10-01 08:27:57,160 - INFO - --- validation at epoch 320, val_loss 0.0096, val_mae 0.1006, val_rmse 0.1355, val_r2 0.7714, val_pearson 0.8783, lr 1.00e-06 ---
2026-10-01 08:27:57,160 - INFO - 
****************************************************************************************************
2026-10-01 08:27:58,919 - INFO - --- training epoch 321, loss 0.0091, mae 0.1000, rmse 0.1347, time elapsed(min) 0.02---
2026-10-01 08:27:59,134 - INFO - --- validation at epoch 321, val_loss 0.0096, val_mae 0.1005, val_rmse 0.1355, val_r2 0.7713, val_pearson 0.8783, lr 1.00e-06 ---
2026-10-01 08:27:59,134 - INFO - 
****************************************************************************************************
2026-10-01 08:28:00,958 - INFO - --- training epoch 322, loss 0.0089, mae 0.0988, rmse 0.1333, time elapsed(min) 0.03---
2026-10-01 08:28:01,327 - INFO - --- validation at epoch 322, val_loss 0.0097, val_mae 0.1003, val_rmse 0.1356, val_r2 0.7710, val_pearson 0.8781, lr 1.00e-06 ---
2026-10-01 08:28:01,327 - INFO - 
****************************************************************************************************
2026-10-01 08:28:03,214 - INFO - --- training epoch 323, loss 0.0090, mae 0.1000, rmse 0.1339, time elapsed(min) 0.02---
2026-10-01 08:28:03,475 - INFO - --- validation at epoch 323, val_loss 0.0096, val_mae 0.1004, val_rmse 0.1354, val_r2 0.7715, val_pearson 0.8784, lr 1.00e-06 ---
2026-10-01 08:28:03,475 - INFO - 
****************************************************************************************************
2026-10-01 08:28:05,362 - INFO - --- training epoch 324, loss 0.0092, mae 0.1016, rmse 0.1360, time elapsed(min) 0.03---
2026-10-01 08:28:05,581 - INFO - --- validation at epoch 324, val_loss 0.0097, val_mae 0.1005, val_rmse 0.1356, val_r2 0.7709, val_pearson 0.8781, lr 1.00e-06 ---
2026-10-01 08:28:05,581 - INFO - 
****************************************************************************************************
2026-10-01 08:28:07,341 - INFO - --- training epoch 325, loss 0.0091, mae 0.1006, rmse 0.1349, time elapsed(min) 0.02---
2026-10-01 08:28:07,673 - INFO - --- validation at epoch 325, val_loss 0.0096, val_mae 0.1004, val_rmse 0.1355, val_r2 0.7714, val_pearson 0.8783, lr 1.00e-06 ---
2026-10-01 08:28:07,673 - INFO - 
****************************************************************************************************
2026-10-01 08:28:09,633 - INFO - --- training epoch 326, loss 0.0091, mae 0.1002, rmse 0.1346, time elapsed(min) 0.03---
2026-10-01 08:28:09,846 - INFO - --- validation at epoch 326, val_loss 0.0096, val_mae 0.1003, val_rmse 0.1355, val_r2 0.7712, val_pearson 0.8783, lr 1.00e-06 ---
2026-10-01 08:28:09,847 - INFO - 
****************************************************************************************************
2026-10-01 08:28:11,596 - INFO - --- training epoch 327, loss 0.0090, mae 0.1000, rmse 0.1340, time elapsed(min) 0.02---
2026-10-01 08:28:11,829 - INFO - --- validation at epoch 327, val_loss 0.0096, val_mae 0.1005, val_rmse 0.1354, val_r2 0.7717, val_pearson 0.8785, lr 1.00e-06 ---
2026-10-01 08:28:11,829 - INFO - 
****************************************************************************************************
2026-10-01 08:28:13,580 - INFO - --- training epoch 328, loss 0.0088, mae 0.0984, rmse 0.1328, time elapsed(min) 0.02---
2026-10-01 08:28:13,925 - INFO - --- validation at epoch 328, val_loss 0.0096, val_mae 0.1004, val_rmse 0.1354, val_r2 0.7717, val_pearson 0.8785, lr 1.00e-06 ---
2026-10-01 08:28:13,925 - INFO - 
****************************************************************************************************
2026-10-01 08:28:15,856 - INFO - --- training epoch 329, loss 0.0092, mae 0.1006, rmse 0.1355, time elapsed(min) 0.03---
2026-10-01 08:28:16,072 - INFO - --- validation at epoch 329, val_loss 0.0096, val_mae 0.1003, val_rmse 0.1354, val_r2 0.7716, val_pearson 0.8784, lr 1.00e-06 ---
2026-10-01 08:28:16,072 - INFO - 
****************************************************************************************************
2026-10-01 08:28:17,850 - INFO - --- training epoch 330, loss 0.0089, mae 0.0993, rmse 0.1332, time elapsed(min) 0.02---
2026-10-01 08:28:18,061 - INFO - --- validation at epoch 330, val_loss 0.0096, val_mae 0.1003, val_rmse 0.1353, val_r2 0.7719, val_pearson 0.8786, lr 1.00e-06 ---
2026-10-01 08:28:18,061 - INFO - 
****************************************************************************************************
2026-10-01 08:28:19,843 - INFO - --- training epoch 331, loss 0.0089, mae 0.0990, rmse 0.1335, time elapsed(min) 0.03---
2026-10-01 08:28:20,057 - INFO - --- validation at epoch 331, val_loss 0.0096, val_mae 0.1004, val_rmse 0.1354, val_r2 0.7715, val_pearson 0.8784, lr 1.00e-06 ---
2026-10-01 08:28:20,057 - INFO - 
****************************************************************************************************
2026-10-01 08:28:21,841 - INFO - --- training epoch 332, loss 0.0090, mae 0.1002, rmse 0.1344, time elapsed(min) 0.02---
2026-10-01 08:28:22,229 - INFO - --- validation at epoch 332, val_loss 0.0096, val_mae 0.1003, val_rmse 0.1354, val_r2 0.7716, val_pearson 0.8784, lr 1.00e-06 ---
2026-10-01 08:28:22,229 - INFO - 
****************************************************************************************************
2026-10-01 08:28:24,116 - INFO - --- training epoch 333, loss 0.0091, mae 0.1006, rmse 0.1350, time elapsed(min) 0.02---
2026-10-01 08:28:24,330 - INFO - --- validation at epoch 333, val_loss 0.0096, val_mae 0.1003, val_rmse 0.1354, val_r2 0.7717, val_pearson 0.8785, lr 1.00e-06 ---
2026-10-01 08:28:24,330 - INFO - 
****************************************************************************************************
2026-10-01 08:28:26,070 - INFO - --- training epoch 334, loss 0.0092, mae 0.1006, rmse 0.1357, time elapsed(min) 0.02---
2026-10-01 08:28:26,304 - INFO - --- validation at epoch 334, val_loss 0.0096, val_mae 0.1003, val_rmse 0.1354, val_r2 0.7717, val_pearson 0.8785, lr 1.00e-06 ---
2026-10-01 08:28:26,304 - INFO - 
****************************************************************************************************
2026-10-01 08:28:28,190 - INFO - --- training epoch 335, loss 0.0090, mae 0.1000, rmse 0.1344, time elapsed(min) 0.03---
2026-10-01 08:28:28,523 - INFO - --- validation at epoch 335, val_loss 0.0096, val_mae 0.1004, val_rmse 0.1354, val_r2 0.7716, val_pearson 0.8785, lr 1.00e-06 ---
2026-10-01 08:28:28,523 - INFO - 
****************************************************************************************************
2026-10-01 08:28:30,459 - INFO - --- training epoch 336, loss 0.0090, mae 0.1003, rmse 0.1344, time elapsed(min) 0.03---
2026-10-01 08:28:30,668 - INFO - --- validation at epoch 336, val_loss 0.0096, val_mae 0.1004, val_rmse 0.1353, val_r2 0.7718, val_pearson 0.8786, lr 1.00e-06 ---
2026-10-01 08:28:30,669 - INFO - 
****************************************************************************************************
2026-10-01 08:28:32,381 - INFO - --- training epoch 337, loss 0.0091, mae 0.1002, rmse 0.1348, time elapsed(min) 0.02---
2026-10-01 08:28:32,599 - INFO - --- validation at epoch 337, val_loss 0.0096, val_mae 0.1002, val_rmse 0.1355, val_r2 0.7714, val_pearson 0.8784, lr 1.00e-06 ---
2026-10-01 08:28:32,599 - INFO - 
****************************************************************************************************
2026-10-01 08:28:34,435 - INFO - --- training epoch 338, loss 0.0090, mae 0.0998, rmse 0.1340, time elapsed(min) 0.03---
2026-10-01 08:28:34,777 - INFO - --- validation at epoch 338, val_loss 0.0096, val_mae 0.1004, val_rmse 0.1355, val_r2 0.7714, val_pearson 0.8783, lr 1.00e-06 ---
2026-10-01 08:28:34,777 - INFO - 
****************************************************************************************************
2026-10-01 08:28:36,745 - INFO - --- training epoch 339, loss 0.0090, mae 0.1001, rmse 0.1343, time elapsed(min) 0.03---
2026-10-01 08:28:36,963 - INFO - --- validation at epoch 339, val_loss 0.0096, val_mae 0.1004, val_rmse 0.1355, val_r2 0.7713, val_pearson 0.8783, lr 1.00e-06 ---
2026-10-01 08:28:36,963 - INFO - 
****************************************************************************************************
2026-10-01 08:28:38,677 - INFO - --- training epoch 340, loss 0.0089, mae 0.0997, rmse 0.1333, time elapsed(min) 0.02---
2026-10-01 08:28:38,889 - INFO - --- validation at epoch 340, val_loss 0.0096, val_mae 0.1003, val_rmse 0.1355, val_r2 0.7712, val_pearson 0.8782, lr 1.00e-06 ---
2026-10-01 08:28:38,890 - INFO - 
****************************************************************************************************
2026-10-01 08:28:40,676 - INFO - --- training epoch 341, loss 0.0090, mae 0.0994, rmse 0.1343, time elapsed(min) 0.03---
2026-10-01 08:28:41,006 - INFO - --- validation at epoch 341, val_loss 0.0096, val_mae 0.1002, val_rmse 0.1355, val_r2 0.7713, val_pearson 0.8783, lr 1.00e-06 ---
2026-10-01 08:28:41,006 - INFO - 
****************************************************************************************************
2026-10-01 08:28:42,832 - INFO - --- training epoch 342, loss 0.0089, mae 0.0994, rmse 0.1336, time elapsed(min) 0.03---
2026-10-01 08:28:43,304 - INFO - --- validation at epoch 342, val_loss 0.0096, val_mae 0.1003, val_rmse 0.1354, val_r2 0.7715, val_pearson 0.8784, lr 1.00e-06 ---
2026-10-01 08:28:43,304 - INFO - 
****************************************************************************************************
2026-10-01 08:28:45,008 - INFO - --- training epoch 343, loss 0.0089, mae 0.0988, rmse 0.1333, time elapsed(min) 0.02---
2026-10-01 08:28:45,242 - INFO - --- validation at epoch 343, val_loss 0.0096, val_mae 0.1004, val_rmse 0.1355, val_r2 0.7712, val_pearson 0.8782, lr 1.00e-06 ---
2026-10-01 08:28:45,243 - INFO - 
****************************************************************************************************
2026-10-01 08:28:47,182 - INFO - --- training epoch 344, loss 0.0091, mae 0.1004, rmse 0.1350, time elapsed(min) 0.03---
2026-10-01 08:28:47,399 - INFO - --- validation at epoch 344, val_loss 0.0096, val_mae 0.1003, val_rmse 0.1355, val_r2 0.7713, val_pearson 0.8783, lr 1.00e-06 ---
2026-10-01 08:28:47,399 - INFO - 
****************************************************************************************************
2026-10-01 08:28:49,231 - INFO - --- training epoch 345, loss 0.0090, mae 0.1000, rmse 0.1343, time elapsed(min) 0.03---
2026-10-01 08:28:49,614 - INFO - --- validation at epoch 345, val_loss 0.0096, val_mae 0.1005, val_rmse 0.1355, val_r2 0.7714, val_pearson 0.8783, lr 1.00e-06 ---
2026-10-01 08:28:49,614 - INFO - 
****************************************************************************************************
2026-10-01 08:28:51,442 - INFO - --- training epoch 346, loss 0.0091, mae 0.1007, rmse 0.1351, time elapsed(min) 0.02---
2026-10-01 08:28:51,661 - INFO - --- validation at epoch 346, val_loss 0.0096, val_mae 0.1004, val_rmse 0.1356, val_r2 0.7711, val_pearson 0.8782, lr 1.00e-06 ---
2026-10-01 08:28:51,662 - INFO - 
****************************************************************************************************
2026-10-01 08:28:53,435 - INFO - --- training epoch 347, loss 0.0089, mae 0.0997, rmse 0.1337, time elapsed(min) 0.02---
2026-10-01 08:28:53,646 - INFO - --- validation at epoch 347, val_loss 0.0096, val_mae 0.1004, val_rmse 0.1355, val_r2 0.7713, val_pearson 0.8782, lr 1.00e-06 ---
2026-10-01 08:28:53,646 - INFO - 
****************************************************************************************************
2026-10-01 08:28:55,498 - INFO - --- training epoch 348, loss 0.0088, mae 0.0992, rmse 0.1326, time elapsed(min) 0.03---
2026-10-01 08:28:55,888 - INFO - --- validation at epoch 348, val_loss 0.0096, val_mae 0.1002, val_rmse 0.1355, val_r2 0.7715, val_pearson 0.8784, lr 1.00e-06 ---
2026-10-01 08:28:55,888 - INFO - 
****************************************************************************************************
2026-10-01 08:28:57,790 - INFO - --- training epoch 349, loss 0.0091, mae 0.1006, rmse 0.1349, time elapsed(min) 0.03---
2026-10-01 08:28:58,003 - INFO - --- validation at epoch 349, val_loss 0.0096, val_mae 0.1002, val_rmse 0.1355, val_r2 0.7713, val_pearson 0.8783, lr 1.00e-06 ---
2026-10-01 08:28:58,003 - INFO - 
****************************************************************************************************
2026-10-01 08:28:59,830 - INFO - --- training epoch 350, loss 0.0090, mae 0.1006, rmse 0.1345, time elapsed(min) 0.03---
2026-10-01 08:29:00,043 - INFO - --- validation at epoch 350, val_loss 0.0096, val_mae 0.1003, val_rmse 0.1354, val_r2 0.7715, val_pearson 0.8784, lr 1.00e-06 ---
2026-10-01 08:29:00,043 - INFO - 
****************************************************************************************************
2026-10-01 08:29:01,786 - INFO - --- training epoch 351, loss 0.0089, mae 0.0999, rmse 0.1337, time elapsed(min) 0.02---
2026-10-01 08:29:02,199 - INFO - --- validation at epoch 351, val_loss 0.0096, val_mae 0.1004, val_rmse 0.1355, val_r2 0.7715, val_pearson 0.8783, lr 1.00e-06 ---
2026-10-01 08:29:02,199 - INFO - 
****************************************************************************************************
2026-10-01 08:29:04,200 - INFO - --- training epoch 352, loss 0.0089, mae 0.0993, rmse 0.1333, time elapsed(min) 0.03---
2026-10-01 08:29:04,410 - INFO - --- validation at epoch 352, val_loss 0.0096, val_mae 0.1004, val_rmse 0.1355, val_r2 0.7713, val_pearson 0.8783, lr 1.00e-06 ---
2026-10-01 08:29:04,410 - INFO - 
****************************************************************************************************
2026-10-01 08:29:06,177 - INFO - --- training epoch 353, loss 0.0089, mae 0.0984, rmse 0.1331, time elapsed(min) 0.02---
2026-10-01 08:29:06,390 - INFO - --- validation at epoch 353, val_loss 0.0097, val_mae 0.1003, val_rmse 0.1356, val_r2 0.7709, val_pearson 0.8781, lr 1.00e-06 ---
2026-10-01 08:29:06,390 - INFO - 
****************************************************************************************************
2026-10-01 08:29:08,140 - INFO - --- training epoch 354, loss 0.0089, mae 0.1000, rmse 0.1332, time elapsed(min) 0.02---
2026-10-01 08:29:08,473 - INFO - --- validation at epoch 354, val_loss 0.0096, val_mae 0.1004, val_rmse 0.1355, val_r2 0.7714, val_pearson 0.8783, lr 1.00e-06 ---
2026-10-01 08:29:08,473 - INFO - 
****************************************************************************************************
2026-10-01 08:29:08,766 - INFO - --- early stopping at epoch 354: val_loss did not improve for 50 epochs ---
2026-10-01 08:29:09,202 - INFO - --- selected checkpoint from epoch 304, val_loss 0.0096, val_mae 0.1007, val_rmse 0.1353
2026-10-01 08:29:10,221 - INFO - -- RESULT
2026-10-01 08:29:10,221 - INFO - --- test size: 1728
2026-10-01 08:29:10,221 - INFO - --- MAE: 0.1044 (10.44 pp), RMSE: 0.1429 (14.29 pp), R2: 0.7394, Pearson: 0.8612
2026-10-01 08:29:12,370 - INFO - --- Suzuki-Miyaura | split_3 | approach_2: test R2 0.7394 MAE 0.1044 RMSE 0.1429 | 751.0s (2.1s/epoch)
2026-10-01 08:29:12,380 - INFO - --- Suzuki-Miyaura | split_3 | MLP control (ind/mlp) (ind/mlp)
