2026-10-01 07:34:07,380 - INFO - device is	cuda:0
2026-10-01 07:34:07,487 - INFO - -- CONFIGURATIONS
2026-10-01 07:34:07,487 - INFO - --- train/valid/test: 3628/404/1728
2026-10-01 07:34:07,487 - INFO - --- max no. reactants_train, valid, test respectively: 14, 14, 14
2026-10-01 07:34:07,487 - INFO - --- max no. products_train, valid, test respectively: 1, 1, 1
2026-10-01 07:34:07,487 - INFO - --- model_path: ../logs/approach2_grid_suzuki/e400/runs/Suzuki-Miyaura_split_2_approach_3/model.pt
2026-10-01 07:34:07,494 - INFO - -- TRAINING
2026-10-01 07:34:08,949 - INFO - --- training epoch 0, loss 2.1418, mae 2.4842, rmse 6.5356, time elapsed(min) 0.02---
2026-10-01 07:34:09,284 - INFO - --- validation at epoch 0, val_loss 0.0427, val_mae 0.2592, val_rmse 0.2953, val_r2 -0.1200, val_pearson 0.0791, lr 1.00e-03 ---
2026-10-01 07:34:09,284 - INFO - 
****************************************************************************************************
2026-10-01 07:34:11,345 - INFO - --- training epoch 1, loss 0.0432, mae 0.2489, rmse 0.2941, time elapsed(min) 0.03---
2026-10-01 07:34:11,563 - INFO - --- validation at epoch 1, val_loss 0.0371, val_mae 0.2303, val_rmse 0.2704, val_r2 0.0605, val_pearson 0.3197, lr 1.00e-03 ---
2026-10-01 07:34:11,563 - INFO - 
****************************************************************************************************
2026-10-01 07:34:13,379 - INFO - --- training epoch 2, loss 0.0386, mae 0.2386, rmse 0.2778, time elapsed(min) 0.02---
2026-10-01 07:34:13,595 - INFO - --- validation at epoch 2, val_loss 0.0368, val_mae 0.2265, val_rmse 0.2693, val_r2 0.0685, val_pearson 0.3399, lr 1.00e-03 ---
2026-10-01 07:34:13,596 - INFO - 
****************************************************************************************************
2026-10-01 07:34:15,463 - INFO - --- training epoch 3, loss 0.0388, mae 0.2383, rmse 0.2784, time elapsed(min) 0.03---
2026-10-01 07:34:15,682 - INFO - --- validation at epoch 3, val_loss 0.0348, val_mae 0.2272, val_rmse 0.2636, val_r2 0.1076, val_pearson 0.3597, lr 1.00e-03 ---
2026-10-01 07:34:15,682 - INFO - 
****************************************************************************************************
2026-10-01 07:34:17,522 - INFO - --- training epoch 4, loss 0.0377, mae 0.2351, rmse 0.2745, time elapsed(min) 0.03---
2026-10-01 07:34:17,891 - INFO - --- validation at epoch 4, val_loss 0.0354, val_mae 0.2257, val_rmse 0.2657, val_r2 0.0934, val_pearson 0.3696, lr 1.00e-03 ---
2026-10-01 07:34:17,891 - INFO - 
****************************************************************************************************
2026-10-01 07:34:19,701 - INFO - --- training epoch 5, loss 0.0375, mae 0.2337, rmse 0.2740, time elapsed(min) 0.02---
2026-10-01 07:34:19,915 - INFO - --- validation at epoch 5, val_loss 0.0355, val_mae 0.2249, val_rmse 0.2663, val_r2 0.0887, val_pearson 0.3796, lr 1.00e-03 ---
2026-10-01 07:34:19,915 - INFO - 
****************************************************************************************************
2026-10-01 07:34:21,666 - INFO - --- training epoch 6, loss 0.0377, mae 0.2342, rmse 0.2746, time elapsed(min) 0.02---
2026-10-01 07:34:21,879 - INFO - --- validation at epoch 6, val_loss 0.0359, val_mae 0.2235, val_rmse 0.2677, val_r2 0.0796, val_pearson 0.3972, lr 1.00e-03 ---
2026-10-01 07:34:21,879 - INFO - 
****************************************************************************************************
2026-10-01 07:34:23,788 - INFO - --- training epoch 7, loss 0.0409, mae 0.2417, rmse 0.2859, time elapsed(min) 0.03---
2026-10-01 07:34:24,138 - INFO - --- validation at epoch 7, val_loss 0.0440, val_mae 0.2320, val_rmse 0.2946, val_r2 -0.1148, val_pearson 0.4147, lr 1.00e-03 ---
2026-10-01 07:34:24,138 - INFO - 
****************************************************************************************************
2026-10-01 07:34:26,033 - INFO - --- training epoch 8, loss 0.0371, mae 0.2287, rmse 0.2724, time elapsed(min) 0.03---
2026-10-01 07:34:26,248 - INFO - --- validation at epoch 8, val_loss 0.0335, val_mae 0.2134, val_rmse 0.2608, val_r2 0.1260, val_pearson 0.4104, lr 1.00e-03 ---
2026-10-01 07:34:26,248 - INFO - 
****************************************************************************************************
2026-10-01 07:34:28,096 - INFO - --- training epoch 9, loss 0.0343, mae 0.2184, rmse 0.2618, time elapsed(min) 0.03---
2026-10-01 07:34:28,313 - INFO - --- validation at epoch 9, val_loss 0.0315, val_mae 0.2094, val_rmse 0.2542, val_r2 0.1700, val_pearson 0.4240, lr 1.00e-03 ---
2026-10-01 07:34:28,313 - INFO - 
****************************************************************************************************
2026-10-01 07:34:30,161 - INFO - --- training epoch 10, loss 0.0327, mae 0.2125, rmse 0.2558, time elapsed(min) 0.02---
2026-10-01 07:34:30,491 - INFO - --- validation at epoch 10, val_loss 0.0311, val_mae 0.2074, val_rmse 0.2528, val_r2 0.1788, val_pearson 0.4548, lr 1.00e-03 ---
2026-10-01 07:34:30,491 - INFO - 
****************************************************************************************************
2026-10-01 07:34:32,553 - INFO - --- training epoch 11, loss 0.0330, mae 0.2133, rmse 0.2570, time elapsed(min) 0.03---
2026-10-01 07:34:32,769 - INFO - --- validation at epoch 11, val_loss 0.0297, val_mae 0.2068, val_rmse 0.2488, val_r2 0.2049, val_pearson 0.4546, lr 1.00e-03 ---
2026-10-01 07:34:32,769 - INFO - 
****************************************************************************************************
2026-10-01 07:34:34,543 - INFO - --- training epoch 12, loss 0.0319, mae 0.2094, rmse 0.2526, time elapsed(min) 0.02---
2026-10-01 07:34:34,760 - INFO - --- validation at epoch 12, val_loss 0.0291, val_mae 0.2039, val_rmse 0.2460, val_r2 0.2226, val_pearson 0.4745, lr 1.00e-03 ---
2026-10-01 07:34:34,761 - INFO - 
****************************************************************************************************
2026-10-01 07:34:36,559 - INFO - --- training epoch 13, loss 0.0318, mae 0.2082, rmse 0.2520, time elapsed(min) 0.02---
2026-10-01 07:34:36,794 - INFO - --- validation at epoch 13, val_loss 0.0288, val_mae 0.2017, val_rmse 0.2443, val_r2 0.2334, val_pearson 0.4970, lr 1.00e-03 ---
2026-10-01 07:34:36,794 - INFO - 
****************************************************************************************************
2026-10-01 07:34:38,698 - INFO - --- training epoch 14, loss 0.0311, mae 0.2041, rmse 0.2493, time elapsed(min) 0.03---
2026-10-01 07:34:39,074 - INFO - --- validation at epoch 14, val_loss 0.0296, val_mae 0.2013, val_rmse 0.2439, val_r2 0.2358, val_pearson 0.5423, lr 1.00e-03 ---
2026-10-01 07:34:39,074 - INFO - 
****************************************************************************************************
2026-10-01 07:34:40,947 - INFO - --- training epoch 15, loss 0.0314, mae 0.2075, rmse 0.2508, time elapsed(min) 0.02---
2026-10-01 07:34:41,160 - INFO - --- validation at epoch 15, val_loss 0.0265, val_mae 0.1959, val_rmse 0.2349, val_r2 0.2911, val_pearson 0.5483, lr 1.00e-03 ---
2026-10-01 07:34:41,160 - INFO - 
****************************************************************************************************
2026-10-01 07:34:42,968 - INFO - --- training epoch 16, loss 0.0300, mae 0.2007, rmse 0.2450, time elapsed(min) 0.02---
2026-10-01 07:34:43,185 - INFO - --- validation at epoch 16, val_loss 0.0278, val_mae 0.1949, val_rmse 0.2385, val_r2 0.2690, val_pearson 0.5879, lr 1.00e-03 ---
2026-10-01 07:34:43,185 - INFO - 
****************************************************************************************************
2026-10-01 07:34:44,918 - INFO - --- training epoch 17, loss 0.0262, mae 0.1890, rmse 0.2290, time elapsed(min) 0.02---
2026-10-01 07:34:45,262 - INFO - --- validation at epoch 17, val_loss 0.0242, val_mae 0.1834, val_rmse 0.2176, val_r2 0.3916, val_pearson 0.6931, lr 1.00e-03 ---
2026-10-01 07:34:45,262 - INFO - 
****************************************************************************************************
2026-10-01 07:34:47,330 - INFO - --- training epoch 18, loss 0.0336, mae 0.2120, rmse 0.2593, time elapsed(min) 0.03---
2026-10-01 07:34:47,550 - INFO - --- validation at epoch 18, val_loss 0.0272, val_mae 0.2008, val_rmse 0.2358, val_r2 0.2857, val_pearson 0.5926, lr 1.00e-03 ---
2026-10-01 07:34:47,550 - INFO - 
****************************************************************************************************
2026-10-01 07:34:49,315 - INFO - --- training epoch 19, loss 0.0259, mae 0.1865, rmse 0.2274, time elapsed(min) 0.02---
2026-10-01 07:34:49,532 - INFO - --- validation at epoch 19, val_loss 0.0199, val_mae 0.1622, val_rmse 0.1990, val_r2 0.4912, val_pearson 0.7326, lr 1.00e-03 ---
2026-10-01 07:34:49,532 - INFO - 
****************************************************************************************************
2026-10-01 07:34:51,402 - INFO - --- training epoch 20, loss 0.0226, mae 0.1703, rmse 0.2124, time elapsed(min) 0.03---
2026-10-01 07:34:51,616 - INFO - --- validation at epoch 20, val_loss 0.0191, val_mae 0.1539, val_rmse 0.1943, val_r2 0.5149, val_pearson 0.7489, lr 1.00e-03 ---
2026-10-01 07:34:51,616 - INFO - 
****************************************************************************************************
2026-10-01 07:34:53,504 - INFO - --- training epoch 21, loss 0.0218, mae 0.1679, rmse 0.2087, time elapsed(min) 0.03---
2026-10-01 07:34:53,873 - INFO - --- validation at epoch 21, val_loss 0.0194, val_mae 0.1536, val_rmse 0.1934, val_r2 0.5197, val_pearson 0.7491, lr 1.00e-03 ---
2026-10-01 07:34:53,873 - INFO - 
****************************************************************************************************
2026-10-01 07:34:55,871 - INFO - --- training epoch 22, loss 0.0213, mae 0.1650, rmse 0.2066, time elapsed(min) 0.03---
2026-10-01 07:34:56,089 - INFO - --- validation at epoch 22, val_loss 0.0181, val_mae 0.1465, val_rmse 0.1885, val_r2 0.5436, val_pearson 0.7548, lr 1.00e-03 ---
2026-10-01 07:34:56,089 - INFO - 
****************************************************************************************************
2026-10-01 07:34:57,879 - INFO - --- training epoch 23, loss 0.0206, mae 0.1615, rmse 0.2029, time elapsed(min) 0.02---
2026-10-01 07:34:58,094 - INFO - --- validation at epoch 23, val_loss 0.0198, val_mae 0.1535, val_rmse 0.1953, val_r2 0.5100, val_pearson 0.7589, lr 1.00e-03 ---
2026-10-01 07:34:58,094 - INFO - 
****************************************************************************************************
2026-10-01 07:34:59,853 - INFO - --- training epoch 24, loss 0.0203, mae 0.1602, rmse 0.2013, time elapsed(min) 0.02---
2026-10-01 07:35:00,219 - INFO - --- validation at epoch 24, val_loss 0.0179, val_mae 0.1461, val_rmse 0.1855, val_r2 0.5579, val_pearson 0.7594, lr 1.00e-03 ---
2026-10-01 07:35:00,219 - INFO - 
****************************************************************************************************
2026-10-01 07:35:02,154 - INFO - --- training epoch 25, loss 0.0250, mae 0.1775, rmse 0.2235, time elapsed(min) 0.02---
2026-10-01 07:35:02,368 - INFO - --- validation at epoch 25, val_loss 0.0197, val_mae 0.1570, val_rmse 0.1964, val_r2 0.5043, val_pearson 0.7594, lr 1.00e-03 ---
2026-10-01 07:35:02,368 - INFO - 
****************************************************************************************************
2026-10-01 07:35:04,095 - INFO - --- training epoch 26, loss 0.0216, mae 0.1675, rmse 0.2081, time elapsed(min) 0.02---
2026-10-01 07:35:04,308 - INFO - --- validation at epoch 26, val_loss 0.0172, val_mae 0.1476, val_rmse 0.1825, val_r2 0.5720, val_pearson 0.7612, lr 1.00e-03 ---
2026-10-01 07:35:04,308 - INFO - 
****************************************************************************************************
2026-10-01 07:35:06,194 - INFO - --- training epoch 27, loss 0.0202, mae 0.1597, rmse 0.2012, time elapsed(min) 0.03---
2026-10-01 07:35:06,537 - INFO - --- validation at epoch 27, val_loss 0.0183, val_mae 0.1477, val_rmse 0.1891, val_r2 0.5405, val_pearson 0.7682, lr 1.00e-03 ---
2026-10-01 07:35:06,537 - INFO - 
****************************************************************************************************
2026-10-01 07:35:08,521 - INFO - --- training epoch 28, loss 0.0193, mae 0.1559, rmse 0.1967, time elapsed(min) 0.03---
2026-10-01 07:35:08,735 - INFO - --- validation at epoch 28, val_loss 0.0158, val_mae 0.1405, val_rmse 0.1773, val_r2 0.5960, val_pearson 0.7727, lr 1.00e-03 ---
2026-10-01 07:35:08,736 - INFO - 
****************************************************************************************************
2026-10-01 07:35:10,537 - INFO - --- training epoch 29, loss 0.0194, mae 0.1564, rmse 0.1972, time elapsed(min) 0.02---
2026-10-01 07:35:10,749 - INFO - --- validation at epoch 29, val_loss 0.0155, val_mae 0.1420, val_rmse 0.1760, val_r2 0.6019, val_pearson 0.7819, lr 1.00e-03 ---
2026-10-01 07:35:10,749 - INFO - 
****************************************************************************************************
2026-10-01 07:35:12,584 - INFO - --- training epoch 30, loss 0.0191, mae 0.1552, rmse 0.1956, time elapsed(min) 0.02---
2026-10-01 07:35:12,914 - INFO - --- validation at epoch 30, val_loss 0.0174, val_mae 0.1421, val_rmse 0.1837, val_r2 0.5666, val_pearson 0.7852, lr 1.00e-03 ---
2026-10-01 07:35:12,914 - INFO - 
****************************************************************************************************
2026-10-01 07:35:14,725 - INFO - --- training epoch 31, loss 0.0186, mae 0.1521, rmse 0.1928, time elapsed(min) 0.03---
2026-10-01 07:35:15,199 - INFO - --- validation at epoch 31, val_loss 0.0164, val_mae 0.1412, val_rmse 0.1798, val_r2 0.5847, val_pearson 0.7898, lr 1.00e-03 ---
2026-10-01 07:35:15,199 - INFO - 
****************************************************************************************************
2026-10-01 07:35:16,946 - INFO - --- training epoch 32, loss 0.0187, mae 0.1523, rmse 0.1933, time elapsed(min) 0.02---
2026-10-01 07:35:17,162 - INFO - --- validation at epoch 32, val_loss 0.0163, val_mae 0.1399, val_rmse 0.1791, val_r2 0.5878, val_pearson 0.7990, lr 1.00e-03 ---
2026-10-01 07:35:17,163 - INFO - 
****************************************************************************************************
2026-10-01 07:35:18,994 - INFO - --- training epoch 33, loss 0.0205, mae 0.1599, rmse 0.2026, time elapsed(min) 0.03---
2026-10-01 07:35:19,210 - INFO - --- validation at epoch 33, val_loss 0.0167, val_mae 0.1535, val_rmse 0.1858, val_r2 0.5564, val_pearson 0.7657, lr 1.00e-03 ---
2026-10-01 07:35:19,210 - INFO - 
****************************************************************************************************
2026-10-01 07:35:20,949 - INFO - --- training epoch 34, loss 0.0195, mae 0.1579, rmse 0.1975, time elapsed(min) 0.02---
2026-10-01 07:35:21,343 - INFO - --- validation at epoch 34, val_loss 0.0169, val_mae 0.1450, val_rmse 0.1844, val_r2 0.5634, val_pearson 0.7793, lr 1.00e-03 ---
2026-10-01 07:35:21,343 - INFO - 
****************************************************************************************************
2026-10-01 07:35:23,231 - INFO - --- training epoch 35, loss 0.0177, mae 0.1483, rmse 0.1883, time elapsed(min) 0.03---
2026-10-01 07:35:23,443 - INFO - --- validation at epoch 35, val_loss 0.0173, val_mae 0.1431, val_rmse 0.1850, val_r2 0.5602, val_pearson 0.8034, lr 1.00e-03 ---
2026-10-01 07:35:23,443 - INFO - 
****************************************************************************************************
2026-10-01 07:35:25,215 - INFO - --- training epoch 36, loss 0.0169, mae 0.1433, rmse 0.1836, time elapsed(min) 0.02---
2026-10-01 07:35:25,452 - INFO - --- validation at epoch 36, val_loss 0.0157, val_mae 0.1413, val_rmse 0.1787, val_r2 0.5896, val_pearson 0.8005, lr 1.00e-03 ---
2026-10-01 07:35:25,452 - INFO - 
****************************************************************************************************
2026-10-01 07:35:27,212 - INFO - --- training epoch 37, loss 0.0170, mae 0.1450, rmse 0.1846, time elapsed(min) 0.02---
2026-10-01 07:35:27,586 - INFO - --- validation at epoch 37, val_loss 0.0158, val_mae 0.1389, val_rmse 0.1783, val_r2 0.5915, val_pearson 0.7950, lr 1.00e-03 ---
2026-10-01 07:35:27,586 - INFO - 
****************************************************************************************************
2026-10-01 07:35:29,487 - INFO - --- training epoch 38, loss 0.0171, mae 0.1449, rmse 0.1848, time elapsed(min) 0.03---
2026-10-01 07:35:29,700 - INFO - --- validation at epoch 38, val_loss 0.0146, val_mae 0.1326, val_rmse 0.1705, val_r2 0.6266, val_pearson 0.8132, lr 1.00e-03 ---
2026-10-01 07:35:29,700 - INFO - 
****************************************************************************************************
2026-10-01 07:35:31,485 - INFO - --- training epoch 39, loss 0.0169, mae 0.1437, rmse 0.1839, time elapsed(min) 0.02---
2026-10-01 07:35:31,700 - INFO - --- validation at epoch 39, val_loss 0.0155, val_mae 0.1397, val_rmse 0.1761, val_r2 0.6018, val_pearson 0.8016, lr 1.00e-03 ---
2026-10-01 07:35:31,700 - INFO - 
****************************************************************************************************
2026-10-01 07:35:33,428 - INFO - --- training epoch 40, loss 0.0168, mae 0.1435, rmse 0.1831, time elapsed(min) 0.02---
2026-10-01 07:35:33,756 - INFO - --- validation at epoch 40, val_loss 0.0143, val_mae 0.1325, val_rmse 0.1684, val_r2 0.6355, val_pearson 0.8091, lr 1.00e-03 ---
2026-10-01 07:35:33,756 - INFO - 
****************************************************************************************************
2026-10-01 07:35:35,769 - INFO - --- training epoch 41, loss 0.0164, mae 0.1417, rmse 0.1809, time elapsed(min) 0.03---
2026-10-01 07:35:35,984 - INFO - --- validation at epoch 41, val_loss 0.0133, val_mae 0.1300, val_rmse 0.1620, val_r2 0.6629, val_pearson 0.8199, lr 1.00e-03 ---
2026-10-01 07:35:35,984 - INFO - 
****************************************************************************************************
2026-10-01 07:35:37,960 - INFO - --- training epoch 42, loss 0.0171, mae 0.1449, rmse 0.1851, time elapsed(min) 0.03---
2026-10-01 07:35:38,213 - INFO - --- validation at epoch 42, val_loss 0.0165, val_mae 0.1418, val_rmse 0.1766, val_r2 0.5994, val_pearson 0.7803, lr 1.00e-03 ---
2026-10-01 07:35:38,213 - INFO - 
****************************************************************************************************
2026-10-01 07:35:40,015 - INFO - --- training epoch 43, loss 0.0164, mae 0.1416, rmse 0.1814, time elapsed(min) 0.03---
2026-10-01 07:35:40,227 - INFO - --- validation at epoch 43, val_loss 0.0144, val_mae 0.1296, val_rmse 0.1661, val_r2 0.6457, val_pearson 0.8223, lr 1.00e-03 ---
2026-10-01 07:35:40,227 - INFO - 
****************************************************************************************************
2026-10-01 07:35:42,060 - INFO - --- training epoch 44, loss 0.0169, mae 0.1436, rmse 0.1836, time elapsed(min) 0.03---
2026-10-01 07:35:42,461 - INFO - --- validation at epoch 44, val_loss 0.0143, val_mae 0.1353, val_rmse 0.1692, val_r2 0.6324, val_pearson 0.7961, lr 1.00e-03 ---
2026-10-01 07:35:42,461 - INFO - 
****************************************************************************************************
2026-10-01 07:35:44,305 - INFO - --- training epoch 45, loss 0.0162, mae 0.1408, rmse 0.1799, time elapsed(min) 0.02---
2026-10-01 07:35:44,517 - INFO - --- validation at epoch 45, val_loss 0.0148, val_mae 0.1301, val_rmse 0.1691, val_r2 0.6327, val_pearson 0.8268, lr 1.00e-03 ---
2026-10-01 07:35:44,517 - INFO - 
****************************************************************************************************
2026-10-01 07:35:46,297 - INFO - --- training epoch 46, loss 0.0156, mae 0.1362, rmse 0.1767, time elapsed(min) 0.02---
2026-10-01 07:35:46,560 - INFO - --- validation at epoch 46, val_loss 0.0137, val_mae 0.1276, val_rmse 0.1618, val_r2 0.6638, val_pearson 0.8205, lr 1.00e-03 ---
2026-10-01 07:35:46,560 - INFO - 
****************************************************************************************************
2026-10-01 07:35:48,289 - INFO - --- training epoch 47, loss 0.0166, mae 0.1417, rmse 0.1822, time elapsed(min) 0.02---
2026-10-01 07:35:48,676 - INFO - --- validation at epoch 47, val_loss 0.0156, val_mae 0.1358, val_rmse 0.1755, val_r2 0.6042, val_pearson 0.8254, lr 1.00e-03 ---
2026-10-01 07:35:48,677 - INFO - 
****************************************************************************************************
2026-10-01 07:35:50,521 - INFO - --- training epoch 48, loss 0.0147, mae 0.1331, rmse 0.1717, time elapsed(min) 0.02---
2026-10-01 07:35:50,736 - INFO - --- validation at epoch 48, val_loss 0.0142, val_mae 0.1287, val_rmse 0.1657, val_r2 0.6473, val_pearson 0.8227, lr 1.00e-03 ---
2026-10-01 07:35:50,736 - INFO - 
****************************************************************************************************
2026-10-01 07:35:52,470 - INFO - --- training epoch 49, loss 0.0150, mae 0.1341, rmse 0.1732, time elapsed(min) 0.02---
2026-10-01 07:35:52,689 - INFO - --- validation at epoch 49, val_loss 0.0129, val_mae 0.1256, val_rmse 0.1601, val_r2 0.6709, val_pearson 0.8269, lr 1.00e-03 ---
2026-10-01 07:35:52,689 - INFO - 
****************************************************************************************************
2026-10-01 07:35:54,564 - INFO - --- training epoch 50, loss 0.0153, mae 0.1361, rmse 0.1748, time elapsed(min) 0.02---
2026-10-01 07:35:54,896 - INFO - --- validation at epoch 50, val_loss 0.0140, val_mae 0.1267, val_rmse 0.1628, val_r2 0.6595, val_pearson 0.8263, lr 1.00e-03 ---
2026-10-01 07:35:54,896 - INFO - 
****************************************************************************************************
2026-10-01 07:35:56,924 - INFO - --- training epoch 51, loss 0.0149, mae 0.1343, rmse 0.1724, time elapsed(min) 0.03---
2026-10-01 07:35:57,137 - INFO - --- validation at epoch 51, val_loss 0.0144, val_mae 0.1320, val_rmse 0.1664, val_r2 0.6444, val_pearson 0.8134, lr 1.00e-03 ---
2026-10-01 07:35:57,137 - INFO - 
****************************************************************************************************
2026-10-01 07:35:58,854 - INFO - --- training epoch 52, loss 0.0146, mae 0.1317, rmse 0.1708, time elapsed(min) 0.02---
2026-10-01 07:35:59,067 - INFO - --- validation at epoch 52, val_loss 0.0139, val_mae 0.1294, val_rmse 0.1652, val_r2 0.6493, val_pearson 0.8282, lr 1.00e-03 ---
2026-10-01 07:35:59,067 - INFO - 
****************************************************************************************************
2026-10-01 07:36:00,854 - INFO - --- training epoch 53, loss 0.0143, mae 0.1300, rmse 0.1689, time elapsed(min) 0.02---
2026-10-01 07:36:01,070 - INFO - --- validation at epoch 53, val_loss 0.0129, val_mae 0.1242, val_rmse 0.1574, val_r2 0.6816, val_pearson 0.8257, lr 1.00e-03 ---
2026-10-01 07:36:01,070 - INFO - 
****************************************************************************************************
2026-10-01 07:36:02,865 - INFO - --- training epoch 54, loss 0.0156, mae 0.1373, rmse 0.1764, time elapsed(min) 0.03---
2026-10-01 07:36:03,247 - INFO - --- validation at epoch 54, val_loss 0.0152, val_mae 0.1335, val_rmse 0.1679, val_r2 0.6377, val_pearson 0.8041, lr 1.00e-03 ---
2026-10-01 07:36:03,247 - INFO - 
****************************************************************************************************
2026-10-01 07:36:05,085 - INFO - --- training epoch 55, loss 0.0145, mae 0.1317, rmse 0.1703, time elapsed(min) 0.02---
2026-10-01 07:36:05,299 - INFO - --- validation at epoch 55, val_loss 0.0150, val_mae 0.1292, val_rmse 0.1692, val_r2 0.6324, val_pearson 0.8272, lr 1.00e-03 ---
2026-10-01 07:36:05,299 - INFO - 
****************************************************************************************************
2026-10-01 07:36:07,085 - INFO - --- training epoch 56, loss 0.0133, mae 0.1253, rmse 0.1634, time elapsed(min) 0.03---
2026-10-01 07:36:07,300 - INFO - --- validation at epoch 56, val_loss 0.0141, val_mae 0.1289, val_rmse 0.1615, val_r2 0.6648, val_pearson 0.8161, lr 1.00e-03 ---
2026-10-01 07:36:07,301 - INFO - 
****************************************************************************************************
2026-10-01 07:36:09,218 - INFO - --- training epoch 57, loss 0.0141, mae 0.1295, rmse 0.1678, time elapsed(min) 0.03---
2026-10-01 07:36:09,566 - INFO - --- validation at epoch 57, val_loss 0.0126, val_mae 0.1194, val_rmse 0.1550, val_r2 0.6914, val_pearson 0.8319, lr 1.00e-03 ---
2026-10-01 07:36:09,566 - INFO - 
****************************************************************************************************
2026-10-01 07:36:11,593 - INFO - --- training epoch 58, loss 0.0142, mae 0.1302, rmse 0.1682, time elapsed(min) 0.03---
2026-10-01 07:36:11,808 - INFO - --- validation at epoch 58, val_loss 0.0160, val_mae 0.1373, val_rmse 0.1733, val_r2 0.6142, val_pearson 0.7905, lr 1.00e-03 ---
2026-10-01 07:36:11,808 - INFO - 
****************************************************************************************************
2026-10-01 07:36:13,535 - INFO - --- training epoch 59, loss 0.0144, mae 0.1318, rmse 0.1698, time elapsed(min) 0.02---
2026-10-01 07:36:13,747 - INFO - --- validation at epoch 59, val_loss 0.0123, val_mae 0.1179, val_rmse 0.1529, val_r2 0.6996, val_pearson 0.8434, lr 1.00e-03 ---
2026-10-01 07:36:13,747 - INFO - 
****************************************************************************************************
2026-10-01 07:36:15,567 - INFO - --- training epoch 60, loss 0.0137, mae 0.1279, rmse 0.1658, time elapsed(min) 0.02---
2026-10-01 07:36:15,893 - INFO - --- validation at epoch 60, val_loss 0.0133, val_mae 0.1236, val_rmse 0.1591, val_r2 0.6747, val_pearson 0.8275, lr 1.00e-03 ---
2026-10-01 07:36:15,893 - INFO - 
****************************************************************************************************
2026-10-01 07:36:17,712 - INFO - --- training epoch 61, loss 0.0139, mae 0.1285, rmse 0.1665, time elapsed(min) 0.03---
2026-10-01 07:36:18,081 - INFO - --- validation at epoch 61, val_loss 0.0129, val_mae 0.1168, val_rmse 0.1548, val_r2 0.6922, val_pearson 0.8406, lr 1.00e-03 ---
2026-10-01 07:36:18,081 - INFO - 
****************************************************************************************************
2026-10-01 07:36:19,982 - INFO - --- training epoch 62, loss 0.0137, mae 0.1279, rmse 0.1657, time elapsed(min) 0.03---
2026-10-01 07:36:20,196 - INFO - --- validation at epoch 62, val_loss 0.0137, val_mae 0.1229, val_rmse 0.1604, val_r2 0.6695, val_pearson 0.8319, lr 1.00e-03 ---
2026-10-01 07:36:20,196 - INFO - 
****************************************************************************************************
2026-10-01 07:36:21,929 - INFO - --- training epoch 63, loss 0.0133, mae 0.1250, rmse 0.1633, time elapsed(min) 0.02---
2026-10-01 07:36:22,141 - INFO - --- validation at epoch 63, val_loss 0.0127, val_mae 0.1180, val_rmse 0.1545, val_r2 0.6933, val_pearson 0.8486, lr 1.00e-03 ---
2026-10-01 07:36:22,141 - INFO - 
****************************************************************************************************
2026-10-01 07:36:23,925 - INFO - --- training epoch 64, loss 0.0130, mae 0.1240, rmse 0.1614, time elapsed(min) 0.03---
2026-10-01 07:36:24,296 - INFO - --- validation at epoch 64, val_loss 0.0115, val_mae 0.1124, val_rmse 0.1478, val_r2 0.7193, val_pearson 0.8501, lr 1.00e-03 ---
2026-10-01 07:36:24,296 - INFO - 
****************************************************************************************************
2026-10-01 07:36:26,276 - INFO - --- training epoch 65, loss 0.0128, mae 0.1227, rmse 0.1597, time elapsed(min) 0.03---
2026-10-01 07:36:26,490 - INFO - --- validation at epoch 65, val_loss 0.0119, val_mae 0.1131, val_rmse 0.1497, val_r2 0.7120, val_pearson 0.8506, lr 1.00e-03 ---
2026-10-01 07:36:26,490 - INFO - 
****************************************************************************************************
2026-10-01 07:36:28,244 - INFO - --- training epoch 66, loss 0.0132, mae 0.1255, rmse 0.1626, time elapsed(min) 0.02---
2026-10-01 07:36:28,457 - INFO - --- validation at epoch 66, val_loss 0.0133, val_mae 0.1210, val_rmse 0.1582, val_r2 0.6785, val_pearson 0.8383, lr 1.00e-03 ---
2026-10-01 07:36:28,457 - INFO - 
****************************************************************************************************
2026-10-01 07:36:30,213 - INFO - --- training epoch 67, loss 0.0128, mae 0.1228, rmse 0.1599, time elapsed(min) 0.02---
2026-10-01 07:36:30,556 - INFO - --- validation at epoch 67, val_loss 0.0121, val_mae 0.1139, val_rmse 0.1497, val_r2 0.7123, val_pearson 0.8511, lr 1.00e-03 ---
2026-10-01 07:36:30,556 - INFO - 
****************************************************************************************************
2026-10-01 07:36:32,527 - INFO - --- training epoch 68, loss 0.0122, mae 0.1195, rmse 0.1564, time elapsed(min) 0.03---
2026-10-01 07:36:32,741 - INFO - --- validation at epoch 68, val_loss 0.0116, val_mae 0.1132, val_rmse 0.1473, val_r2 0.7211, val_pearson 0.8515, lr 1.00e-03 ---
2026-10-01 07:36:32,741 - INFO - 
****************************************************************************************************
2026-10-01 07:36:34,435 - INFO - --- training epoch 69, loss 0.0122, mae 0.1196, rmse 0.1560, time elapsed(min) 0.02---
2026-10-01 07:36:34,668 - INFO - --- validation at epoch 69, val_loss 0.0126, val_mae 0.1187, val_rmse 0.1528, val_r2 0.6999, val_pearson 0.8369, lr 1.00e-03 ---
2026-10-01 07:36:34,668 - INFO - 
****************************************************************************************************
2026-10-01 07:36:36,446 - INFO - --- training epoch 70, loss 0.0129, mae 0.1237, rmse 0.1608, time elapsed(min) 0.02---
2026-10-01 07:36:36,776 - INFO - --- validation at epoch 70, val_loss 0.0118, val_mae 0.1159, val_rmse 0.1486, val_r2 0.7163, val_pearson 0.8506, lr 1.00e-03 ---
2026-10-01 07:36:36,776 - INFO - 
****************************************************************************************************
2026-10-01 07:36:38,716 - INFO - --- training epoch 71, loss 0.0129, mae 0.1237, rmse 0.1604, time elapsed(min) 0.03---
2026-10-01 07:36:38,932 - INFO - --- validation at epoch 71, val_loss 0.0117, val_mae 0.1148, val_rmse 0.1488, val_r2 0.7157, val_pearson 0.8466, lr 1.00e-03 ---
2026-10-01 07:36:38,932 - INFO - 
****************************************************************************************************
2026-10-01 07:36:40,662 - INFO - --- training epoch 72, loss 0.0129, mae 0.1236, rmse 0.1608, time elapsed(min) 0.02---
2026-10-01 07:36:40,879 - INFO - --- validation at epoch 72, val_loss 0.0121, val_mae 0.1158, val_rmse 0.1505, val_r2 0.7089, val_pearson 0.8426, lr 1.00e-03 ---
2026-10-01 07:36:40,879 - INFO - 
****************************************************************************************************
2026-10-01 07:36:42,621 - INFO - --- training epoch 73, loss 0.0130, mae 0.1242, rmse 0.1613, time elapsed(min) 0.02---
2026-10-01 07:36:42,948 - INFO - --- validation at epoch 73, val_loss 0.0128, val_mae 0.1193, val_rmse 0.1534, val_r2 0.6977, val_pearson 0.8364, lr 1.00e-03 ---
2026-10-01 07:36:42,948 - INFO - 
****************************************************************************************************
2026-10-01 07:36:44,728 - INFO - --- training epoch 74, loss 0.0131, mae 0.1258, rmse 0.1617, time elapsed(min) 0.03---
2026-10-01 07:36:45,111 - INFO - --- validation at epoch 74, val_loss 0.0138, val_mae 0.1220, val_rmse 0.1578, val_r2 0.6803, val_pearson 0.8411, lr 1.00e-03 ---
2026-10-01 07:36:45,111 - INFO - 
****************************************************************************************************
2026-10-01 07:36:47,092 - INFO - --- training epoch 75, loss 0.0131, mae 0.1251, rmse 0.1621, time elapsed(min) 0.03---
2026-10-01 07:36:47,327 - INFO - --- validation at epoch 75, val_loss 0.0108, val_mae 0.1093, val_rmse 0.1425, val_r2 0.7392, val_pearson 0.8603, lr 1.00e-03 ---
2026-10-01 07:36:47,327 - INFO - 
****************************************************************************************************
2026-10-01 07:36:49,120 - INFO - --- training epoch 76, loss 0.0120, mae 0.1193, rmse 0.1552, time elapsed(min) 0.02---
2026-10-01 07:36:49,352 - INFO - --- validation at epoch 76, val_loss 0.0110, val_mae 0.1095, val_rmse 0.1446, val_r2 0.7314, val_pearson 0.8611, lr 1.00e-03 ---
2026-10-01 07:36:49,352 - INFO - 
****************************************************************************************************
2026-10-01 07:36:51,127 - INFO - --- training epoch 77, loss 0.0124, mae 0.1215, rmse 0.1577, time elapsed(min) 0.03---
2026-10-01 07:36:51,496 - INFO - --- validation at epoch 77, val_loss 0.0113, val_mae 0.1123, val_rmse 0.1469, val_r2 0.7228, val_pearson 0.8504, lr 1.00e-03 ---
2026-10-01 07:36:51,496 - INFO - 
****************************************************************************************************
2026-10-01 07:36:53,437 - INFO - --- training epoch 78, loss 0.0124, mae 0.1203, rmse 0.1574, time elapsed(min) 0.03---
2026-10-01 07:36:53,652 - INFO - --- validation at epoch 78, val_loss 0.0128, val_mae 0.1165, val_rmse 0.1532, val_r2 0.6984, val_pearson 0.8624, lr 1.00e-03 ---
2026-10-01 07:36:53,652 - INFO - 
****************************************************************************************************
2026-10-01 07:36:55,469 - INFO - --- training epoch 79, loss 0.0115, mae 0.1159, rmse 0.1519, time elapsed(min) 0.03---
2026-10-01 07:36:55,684 - INFO - --- validation at epoch 79, val_loss 0.0123, val_mae 0.1127, val_rmse 0.1488, val_r2 0.7156, val_pearson 0.8472, lr 1.00e-03 ---
2026-10-01 07:36:55,684 - INFO - 
****************************************************************************************************
2026-10-01 07:36:57,457 - INFO - --- training epoch 80, loss 0.0167, mae 0.1403, rmse 0.1829, time elapsed(min) 0.03---
2026-10-01 07:36:57,690 - INFO - --- validation at epoch 80, val_loss 0.0156, val_mae 0.1322, val_rmse 0.1712, val_r2 0.6237, val_pearson 0.8262, lr 1.00e-03 ---
2026-10-01 07:36:57,690 - INFO - 
****************************************************************************************************
2026-10-01 07:36:59,548 - INFO - --- training epoch 81, loss 0.0137, mae 0.1282, rmse 0.1657, time elapsed(min) 0.03---
2026-10-01 07:36:59,938 - INFO - --- validation at epoch 81, val_loss 0.0133, val_mae 0.1225, val_rmse 0.1583, val_r2 0.6780, val_pearson 0.8577, lr 1.00e-03 ---
2026-10-01 07:36:59,938 - INFO - 
****************************************************************************************************
2026-10-01 07:37:01,762 - INFO - --- training epoch 82, loss 0.0118, mae 0.1179, rmse 0.1539, time elapsed(min) 0.02---
2026-10-01 07:37:01,974 - INFO - --- validation at epoch 82, val_loss 0.0110, val_mae 0.1096, val_rmse 0.1416, val_r2 0.7423, val_pearson 0.8649, lr 1.00e-03 ---
2026-10-01 07:37:01,974 - INFO - 
****************************************************************************************************
2026-10-01 07:37:03,747 - INFO - --- training epoch 83, loss 0.0113, mae 0.1142, rmse 0.1504, time elapsed(min) 0.02---
2026-10-01 07:37:03,968 - INFO - --- validation at epoch 83, val_loss 0.0118, val_mae 0.1142, val_rmse 0.1478, val_r2 0.7194, val_pearson 0.8603, lr 1.00e-03 ---
2026-10-01 07:37:03,968 - INFO - 
****************************************************************************************************
2026-10-01 07:37:05,731 - INFO - --- training epoch 84, loss 0.0118, mae 0.1160, rmse 0.1533, time elapsed(min) 0.02---
2026-10-01 07:37:06,109 - INFO - --- validation at epoch 84, val_loss 0.0114, val_mae 0.1104, val_rmse 0.1450, val_r2 0.7301, val_pearson 0.8552, lr 1.00e-03 ---
2026-10-01 07:37:06,109 - INFO - 
****************************************************************************************************
2026-10-01 07:37:07,916 - INFO - --- training epoch 85, loss 0.0121, mae 0.1189, rmse 0.1559, time elapsed(min) 0.02---
2026-10-01 07:37:08,131 - INFO - --- validation at epoch 85, val_loss 0.0108, val_mae 0.1074, val_rmse 0.1411, val_r2 0.7442, val_pearson 0.8641, lr 1.00e-03 ---
2026-10-01 07:37:08,131 - INFO - 
****************************************************************************************************
2026-10-01 07:37:09,929 - INFO - --- training epoch 86, loss 0.0114, mae 0.1142, rmse 0.1509, time elapsed(min) 0.02---
2026-10-01 07:37:10,144 - INFO - --- validation at epoch 86, val_loss 0.0116, val_mae 0.1098, val_rmse 0.1441, val_r2 0.7334, val_pearson 0.8593, lr 1.00e-03 ---
2026-10-01 07:37:10,144 - INFO - 
****************************************************************************************************
2026-10-01 07:37:11,942 - INFO - --- training epoch 87, loss 0.0113, mae 0.1145, rmse 0.1506, time elapsed(min) 0.03---
2026-10-01 07:37:12,315 - INFO - --- validation at epoch 87, val_loss 0.0124, val_mae 0.1178, val_rmse 0.1517, val_r2 0.7045, val_pearson 0.8529, lr 1.00e-03 ---
2026-10-01 07:37:12,316 - INFO - 
****************************************************************************************************
2026-10-01 07:37:14,264 - INFO - --- training epoch 88, loss 0.0110, mae 0.1126, rmse 0.1482, time elapsed(min) 0.03---
2026-10-01 07:37:14,476 - INFO - --- validation at epoch 88, val_loss 0.0108, val_mae 0.1093, val_rmse 0.1423, val_r2 0.7398, val_pearson 0.8682, lr 1.00e-03 ---
2026-10-01 07:37:14,476 - INFO - 
****************************************************************************************************
2026-10-01 07:37:16,182 - INFO - --- training epoch 89, loss 0.0108, mae 0.1107, rmse 0.1470, time elapsed(min) 0.02---
2026-10-01 07:37:16,397 - INFO - --- validation at epoch 89, val_loss 0.0108, val_mae 0.1049, val_rmse 0.1404, val_r2 0.7467, val_pearson 0.8669, lr 1.00e-03 ---
2026-10-01 07:37:16,397 - INFO - 
****************************************************************************************************
2026-10-01 07:37:18,129 - INFO - --- training epoch 90, loss 0.0106, mae 0.1102, rmse 0.1458, time elapsed(min) 0.02---
2026-10-01 07:37:18,467 - INFO - --- validation at epoch 90, val_loss 0.0101, val_mae 0.1047, val_rmse 0.1371, val_r2 0.7585, val_pearson 0.8728, lr 1.00e-03 ---
2026-10-01 07:37:18,467 - INFO - 
****************************************************************************************************
2026-10-01 07:37:20,466 - INFO - --- training epoch 91, loss 0.0103, mae 0.1080, rmse 0.1433, time elapsed(min) 0.03---
2026-10-01 07:37:20,679 - INFO - --- validation at epoch 91, val_loss 0.0111, val_mae 0.1051, val_rmse 0.1398, val_r2 0.7491, val_pearson 0.8661, lr 1.00e-03 ---
2026-10-01 07:37:20,679 - INFO - 
****************************************************************************************************
2026-10-01 07:37:22,435 - INFO - --- training epoch 92, loss 0.0110, mae 0.1124, rmse 0.1486, time elapsed(min) 0.02---
2026-10-01 07:37:22,655 - INFO - --- validation at epoch 92, val_loss 0.0111, val_mae 0.1096, val_rmse 0.1426, val_r2 0.7387, val_pearson 0.8637, lr 1.00e-03 ---
2026-10-01 07:37:22,655 - INFO - 
****************************************************************************************************
2026-10-01 07:37:24,388 - INFO - --- training epoch 93, loss 0.0110, mae 0.1118, rmse 0.1480, time elapsed(min) 0.02---
2026-10-01 07:37:24,718 - INFO - --- validation at epoch 93, val_loss 0.0111, val_mae 0.1072, val_rmse 0.1425, val_r2 0.7393, val_pearson 0.8665, lr 1.00e-03 ---
2026-10-01 07:37:24,718 - INFO - 
****************************************************************************************************
2026-10-01 07:37:26,686 - INFO - --- training epoch 94, loss 0.0109, mae 0.1119, rmse 0.1477, time elapsed(min) 0.03---
2026-10-01 07:37:26,905 - INFO - --- validation at epoch 94, val_loss 0.0133, val_mae 0.1196, val_rmse 0.1548, val_r2 0.6922, val_pearson 0.8364, lr 1.00e-03 ---
2026-10-01 07:37:26,905 - INFO - 
****************************************************************************************************
2026-10-01 07:37:28,631 - INFO - --- training epoch 95, loss 0.0108, mae 0.1115, rmse 0.1469, time elapsed(min) 0.02---
2026-10-01 07:37:28,847 - INFO - --- validation at epoch 95, val_loss 0.0111, val_mae 0.1061, val_rmse 0.1404, val_r2 0.7468, val_pearson 0.8654, lr 1.00e-03 ---
2026-10-01 07:37:28,847 - INFO - 
****************************************************************************************************
2026-10-01 07:37:30,555 - INFO - --- training epoch 96, loss 0.0102, mae 0.1077, rmse 0.1427, time elapsed(min) 0.02---
2026-10-01 07:37:30,789 - INFO - --- validation at epoch 96, val_loss 0.0114, val_mae 0.1112, val_rmse 0.1414, val_r2 0.7430, val_pearson 0.8662, lr 1.00e-03 ---
2026-10-01 07:37:30,789 - INFO - 
****************************************************************************************************
2026-10-01 07:37:32,577 - INFO - --- training epoch 97, loss 0.0102, mae 0.1071, rmse 0.1426, time elapsed(min) 0.03---
2026-10-01 07:37:32,960 - INFO - --- validation at epoch 97, val_loss 0.0115, val_mae 0.1078, val_rmse 0.1409, val_r2 0.7449, val_pearson 0.8639, lr 1.00e-03 ---
2026-10-01 07:37:32,960 - INFO - 
****************************************************************************************************
2026-10-01 07:37:34,943 - INFO - --- training epoch 98, loss 0.0105, mae 0.1098, rmse 0.1452, time elapsed(min) 0.03---
2026-10-01 07:37:35,200 - INFO - --- validation at epoch 98, val_loss 0.0109, val_mae 0.1044, val_rmse 0.1401, val_r2 0.7478, val_pearson 0.8691, lr 1.00e-03 ---
2026-10-01 07:37:35,200 - INFO - 
****************************************************************************************************
2026-10-01 07:37:36,938 - INFO - --- training epoch 99, loss 0.0114, mae 0.1146, rmse 0.1511, time elapsed(min) 0.02---
2026-10-01 07:37:37,171 - INFO - --- validation at epoch 99, val_loss 0.0107, val_mae 0.1056, val_rmse 0.1392, val_r2 0.7511, val_pearson 0.8708, lr 1.00e-03 ---
2026-10-01 07:37:37,171 - INFO - 
****************************************************************************************************
2026-10-01 07:37:38,893 - INFO - --- training epoch 100, loss 0.0104, mae 0.1070, rmse 0.1439, time elapsed(min) 0.02---
2026-10-01 07:37:39,247 - INFO - --- validation at epoch 100, val_loss 0.0115, val_mae 0.1108, val_rmse 0.1429, val_r2 0.7378, val_pearson 0.8711, lr 1.00e-03 ---
2026-10-01 07:37:39,247 - INFO - 
****************************************************************************************************
2026-10-01 07:37:41,212 - INFO - --- training epoch 101, loss 0.0103, mae 0.1076, rmse 0.1438, time elapsed(min) 0.03---
2026-10-01 07:37:41,427 - INFO - --- validation at epoch 101, val_loss 0.0105, val_mae 0.1048, val_rmse 0.1370, val_r2 0.7588, val_pearson 0.8751, lr 1.00e-03 ---
2026-10-01 07:37:41,427 - INFO - 
****************************************************************************************************
2026-10-01 07:37:43,213 - INFO - --- training epoch 102, loss 0.0087, mae 0.0968, rmse 0.1321, time elapsed(min) 0.03---
2026-10-01 07:37:43,428 - INFO - --- validation at epoch 102, val_loss 0.0099, val_mae 0.0997, val_rmse 0.1332, val_r2 0.7721, val_pearson 0.8802, lr 3.00e-04 ---
2026-10-01 07:37:43,428 - INFO - 
****************************************************************************************************
2026-10-01 07:37:45,278 - INFO - --- training epoch 103, loss 0.0085, mae 0.0961, rmse 0.1301, time elapsed(min) 0.03---
2026-10-01 07:37:45,492 - INFO - --- validation at epoch 103, val_loss 0.0095, val_mae 0.0984, val_rmse 0.1306, val_r2 0.7807, val_pearson 0.8845, lr 3.00e-04 ---
2026-10-01 07:37:45,492 - INFO - 
****************************************************************************************************
2026-10-01 07:37:47,425 - INFO - --- training epoch 104, loss 0.0083, mae 0.0952, rmse 0.1287, time elapsed(min) 0.03---
2026-10-01 07:37:47,798 - INFO - --- validation at epoch 104, val_loss 0.0094, val_mae 0.0978, val_rmse 0.1299, val_r2 0.7833, val_pearson 0.8851, lr 3.00e-04 ---
2026-10-01 07:37:47,798 - INFO - 
****************************************************************************************************
2026-10-01 07:37:49,711 - INFO - --- training epoch 105, loss 0.0082, mae 0.0949, rmse 0.1284, time elapsed(min) 0.02---
2026-10-01 07:37:49,930 - INFO - --- validation at epoch 105, val_loss 0.0095, val_mae 0.0983, val_rmse 0.1311, val_r2 0.7794, val_pearson 0.8843, lr 3.00e-04 ---
2026-10-01 07:37:49,930 - INFO - 
****************************************************************************************************
2026-10-01 07:37:51,640 - INFO - --- training epoch 106, loss 0.0082, mae 0.0946, rmse 0.1277, time elapsed(min) 0.02---
2026-10-01 07:37:51,858 - INFO - --- validation at epoch 106, val_loss 0.0091, val_mae 0.0970, val_rmse 0.1288, val_r2 0.7868, val_pearson 0.8874, lr 3.00e-04 ---
2026-10-01 07:37:51,858 - INFO - 
****************************************************************************************************
2026-10-01 07:37:53,745 - INFO - --- training epoch 107, loss 0.0080, mae 0.0935, rmse 0.1265, time elapsed(min) 0.03---
2026-10-01 07:37:54,089 - INFO - --- validation at epoch 107, val_loss 0.0091, val_mae 0.0966, val_rmse 0.1283, val_r2 0.7884, val_pearson 0.8883, lr 3.00e-04 ---
2026-10-01 07:37:54,089 - INFO - 
****************************************************************************************************
2026-10-01 07:37:56,090 - INFO - --- training epoch 108, loss 0.0080, mae 0.0939, rmse 0.1267, time elapsed(min) 0.03---
2026-10-01 07:37:56,327 - INFO - --- validation at epoch 108, val_loss 0.0093, val_mae 0.0977, val_rmse 0.1303, val_r2 0.7818, val_pearson 0.8850, lr 3.00e-04 ---
2026-10-01 07:37:56,327 - INFO - 
****************************************************************************************************
2026-10-01 07:37:58,130 - INFO - --- training epoch 109, loss 0.0082, mae 0.0942, rmse 0.1277, time elapsed(min) 0.03---
2026-10-01 07:37:58,342 - INFO - --- validation at epoch 109, val_loss 0.0092, val_mae 0.0967, val_rmse 0.1291, val_r2 0.7858, val_pearson 0.8872, lr 3.00e-04 ---
2026-10-01 07:37:58,342 - INFO - 
****************************************************************************************************
2026-10-01 07:38:00,086 - INFO - --- training epoch 110, loss 0.0079, mae 0.0928, rmse 0.1258, time elapsed(min) 0.02---
2026-10-01 07:38:00,418 - INFO - --- validation at epoch 110, val_loss 0.0093, val_mae 0.0970, val_rmse 0.1304, val_r2 0.7815, val_pearson 0.8879, lr 3.00e-04 ---
2026-10-01 07:38:00,418 - INFO - 
****************************************************************************************************
2026-10-01 07:38:02,241 - INFO - --- training epoch 111, loss 0.0081, mae 0.0939, rmse 0.1272, time elapsed(min) 0.03---
2026-10-01 07:38:02,714 - INFO - --- validation at epoch 111, val_loss 0.0090, val_mae 0.0967, val_rmse 0.1291, val_r2 0.7860, val_pearson 0.8881, lr 3.00e-04 ---
2026-10-01 07:38:02,714 - INFO - 
****************************************************************************************************
2026-10-01 07:38:04,495 - INFO - --- training epoch 112, loss 0.0081, mae 0.0939, rmse 0.1270, time elapsed(min) 0.02---
2026-10-01 07:38:04,713 - INFO - --- validation at epoch 112, val_loss 0.0091, val_mae 0.0978, val_rmse 0.1293, val_r2 0.7852, val_pearson 0.8877, lr 3.00e-04 ---
2026-10-01 07:38:04,713 - INFO - 
****************************************************************************************************
2026-10-01 07:38:06,447 - INFO - --- training epoch 113, loss 0.0080, mae 0.0935, rmse 0.1264, time elapsed(min) 0.02---
2026-10-01 07:38:06,657 - INFO - --- validation at epoch 113, val_loss 0.0092, val_mae 0.0976, val_rmse 0.1293, val_r2 0.7853, val_pearson 0.8874, lr 3.00e-04 ---
2026-10-01 07:38:06,657 - INFO - 
****************************************************************************************************
2026-10-01 07:38:08,446 - INFO - --- training epoch 114, loss 0.0082, mae 0.0949, rmse 0.1282, time elapsed(min) 0.03---
2026-10-01 07:38:08,832 - INFO - --- validation at epoch 114, val_loss 0.0091, val_mae 0.0962, val_rmse 0.1290, val_r2 0.7863, val_pearson 0.8885, lr 3.00e-04 ---
2026-10-01 07:38:08,832 - INFO - 
****************************************************************************************************
2026-10-01 07:38:10,709 - INFO - --- training epoch 115, loss 0.0081, mae 0.0946, rmse 0.1275, time elapsed(min) 0.02---
2026-10-01 07:38:10,926 - INFO - --- validation at epoch 115, val_loss 0.0093, val_mae 0.0976, val_rmse 0.1303, val_r2 0.7821, val_pearson 0.8862, lr 3.00e-04 ---
2026-10-01 07:38:10,926 - INFO - 
****************************************************************************************************
2026-10-01 07:38:12,703 - INFO - --- training epoch 116, loss 0.0082, mae 0.0947, rmse 0.1277, time elapsed(min) 0.03---
2026-10-01 07:38:12,918 - INFO - --- validation at epoch 116, val_loss 0.0090, val_mae 0.0968, val_rmse 0.1287, val_r2 0.7873, val_pearson 0.8884, lr 3.00e-04 ---
2026-10-01 07:38:12,918 - INFO - 
****************************************************************************************************
2026-10-01 07:38:14,670 - INFO - --- training epoch 117, loss 0.0078, mae 0.0925, rmse 0.1251, time elapsed(min) 0.02---
2026-10-01 07:38:15,002 - INFO - --- validation at epoch 117, val_loss 0.0091, val_mae 0.0966, val_rmse 0.1295, val_r2 0.7846, val_pearson 0.8889, lr 3.00e-04 ---
2026-10-01 07:38:15,002 - INFO - 
****************************************************************************************************
2026-10-01 07:38:16,997 - INFO - --- training epoch 118, loss 0.0078, mae 0.0917, rmse 0.1247, time elapsed(min) 0.03---
2026-10-01 07:38:17,212 - INFO - --- validation at epoch 118, val_loss 0.0091, val_mae 0.0964, val_rmse 0.1291, val_r2 0.7858, val_pearson 0.8894, lr 3.00e-04 ---
2026-10-01 07:38:17,212 - INFO - 
****************************************************************************************************
2026-10-01 07:38:18,938 - INFO - --- training epoch 119, loss 0.0079, mae 0.0933, rmse 0.1256, time elapsed(min) 0.02---
2026-10-01 07:38:19,153 - INFO - --- validation at epoch 119, val_loss 0.0091, val_mae 0.0971, val_rmse 0.1294, val_r2 0.7849, val_pearson 0.8870, lr 3.00e-04 ---
2026-10-01 07:38:19,153 - INFO - 
****************************************************************************************************
2026-10-01 07:38:20,883 - INFO - --- training epoch 120, loss 0.0079, mae 0.0934, rmse 0.1256, time elapsed(min) 0.02---
2026-10-01 07:38:21,098 - INFO - --- validation at epoch 120, val_loss 0.0091, val_mae 0.0969, val_rmse 0.1292, val_r2 0.7857, val_pearson 0.8880, lr 3.00e-04 ---
2026-10-01 07:38:21,098 - INFO - 
****************************************************************************************************
2026-10-01 07:38:22,900 - INFO - --- training epoch 121, loss 0.0080, mae 0.0935, rmse 0.1261, time elapsed(min) 0.03---
2026-10-01 07:38:23,404 - INFO - --- validation at epoch 121, val_loss 0.0090, val_mae 0.0959, val_rmse 0.1278, val_r2 0.7903, val_pearson 0.8905, lr 3.00e-04 ---
2026-10-01 07:38:23,404 - INFO - 
****************************************************************************************************
2026-10-01 07:38:25,177 - INFO - --- training epoch 122, loss 0.0079, mae 0.0937, rmse 0.1260, time elapsed(min) 0.02---
2026-10-01 07:38:25,392 - INFO - --- validation at epoch 122, val_loss 0.0089, val_mae 0.0958, val_rmse 0.1277, val_r2 0.7905, val_pearson 0.8897, lr 3.00e-04 ---
2026-10-01 07:38:25,392 - INFO - 
****************************************************************************************************
2026-10-01 07:38:27,208 - INFO - --- training epoch 123, loss 0.0077, mae 0.0916, rmse 0.1238, time elapsed(min) 0.02---
2026-10-01 07:38:27,421 - INFO - --- validation at epoch 123, val_loss 0.0092, val_mae 0.0971, val_rmse 0.1289, val_r2 0.7866, val_pearson 0.8886, lr 3.00e-04 ---
2026-10-01 07:38:27,421 - INFO - 
****************************************************************************************************
2026-10-01 07:38:29,198 - INFO - --- training epoch 124, loss 0.0078, mae 0.0920, rmse 0.1249, time elapsed(min) 0.03---
2026-10-01 07:38:29,585 - INFO - --- validation at epoch 124, val_loss 0.0088, val_mae 0.0958, val_rmse 0.1281, val_r2 0.7892, val_pearson 0.8910, lr 3.00e-04 ---
2026-10-01 07:38:29,585 - INFO - 
****************************************************************************************************
2026-10-01 07:38:31,493 - INFO - --- training epoch 125, loss 0.0077, mae 0.0919, rmse 0.1241, time elapsed(min) 0.02---
2026-10-01 07:38:31,708 - INFO - --- validation at epoch 125, val_loss 0.0090, val_mae 0.0971, val_rmse 0.1299, val_r2 0.7834, val_pearson 0.8871, lr 3.00e-04 ---
2026-10-01 07:38:31,708 - INFO - 
****************************************************************************************************
2026-10-01 07:38:33,421 - INFO - --- training epoch 126, loss 0.0077, mae 0.0915, rmse 0.1239, time elapsed(min) 0.02---
2026-10-01 07:38:33,654 - INFO - --- validation at epoch 126, val_loss 0.0095, val_mae 0.1012, val_rmse 0.1330, val_r2 0.7729, val_pearson 0.8857, lr 3.00e-04 ---
2026-10-01 07:38:33,654 - INFO - 
****************************************************************************************************
2026-10-01 07:38:35,505 - INFO - --- training epoch 127, loss 0.0078, mae 0.0935, rmse 0.1251, time elapsed(min) 0.03---
2026-10-01 07:38:35,850 - INFO - --- validation at epoch 127, val_loss 0.0089, val_mae 0.0979, val_rmse 0.1297, val_r2 0.7838, val_pearson 0.8882, lr 3.00e-04 ---
2026-10-01 07:38:35,850 - INFO - 
****************************************************************************************************
2026-10-01 07:38:37,846 - INFO - --- training epoch 128, loss 0.0076, mae 0.0921, rmse 0.1236, time elapsed(min) 0.03---
2026-10-01 07:38:38,073 - INFO - --- validation at epoch 128, val_loss 0.0095, val_mae 0.0987, val_rmse 0.1320, val_r2 0.7763, val_pearson 0.8850, lr 3.00e-04 ---
2026-10-01 07:38:38,074 - INFO - 
****************************************************************************************************
2026-10-01 07:38:39,811 - INFO - --- training epoch 129, loss 0.0077, mae 0.0928, rmse 0.1245, time elapsed(min) 0.02---
2026-10-01 07:38:40,023 - INFO - --- validation at epoch 129, val_loss 0.0092, val_mae 0.1000, val_rmse 0.1322, val_r2 0.7754, val_pearson 0.8874, lr 3.00e-04 ---
2026-10-01 07:38:40,023 - INFO - 
****************************************************************************************************
2026-10-01 07:38:41,821 - INFO - --- training epoch 130, loss 0.0078, mae 0.0930, rmse 0.1249, time elapsed(min) 0.03---
2026-10-01 07:38:42,162 - INFO - --- validation at epoch 130, val_loss 0.0094, val_mae 0.0997, val_rmse 0.1318, val_r2 0.7768, val_pearson 0.8844, lr 3.00e-04 ---
2026-10-01 07:38:42,162 - INFO - 
****************************************************************************************************
2026-10-01 07:38:44,083 - INFO - --- training epoch 131, loss 0.0077, mae 0.0922, rmse 0.1242, time elapsed(min) 0.03---
2026-10-01 07:38:44,298 - INFO - --- validation at epoch 131, val_loss 0.0093, val_mae 0.0988, val_rmse 0.1306, val_r2 0.7808, val_pearson 0.8890, lr 3.00e-04 ---
2026-10-01 07:38:44,298 - INFO - 
****************************************************************************************************
2026-10-01 07:38:46,067 - INFO - --- training epoch 132, loss 0.0077, mae 0.0920, rmse 0.1240, time elapsed(min) 0.02---
2026-10-01 07:38:46,283 - INFO - --- validation at epoch 132, val_loss 0.0093, val_mae 0.0992, val_rmse 0.1310, val_r2 0.7796, val_pearson 0.8881, lr 3.00e-04 ---
2026-10-01 07:38:46,283 - INFO - 
****************************************************************************************************
2026-10-01 07:38:48,030 - INFO - --- training epoch 133, loss 0.0077, mae 0.0922, rmse 0.1243, time elapsed(min) 0.02---
2026-10-01 07:38:48,242 - INFO - --- validation at epoch 133, val_loss 0.0094, val_mae 0.0996, val_rmse 0.1319, val_r2 0.7764, val_pearson 0.8880, lr 3.00e-04 ---
2026-10-01 07:38:48,242 - INFO - 
****************************************************************************************************
2026-10-01 07:38:50,058 - INFO - --- training epoch 134, loss 0.0078, mae 0.0931, rmse 0.1248, time elapsed(min) 0.03---
2026-10-01 07:38:50,474 - INFO - --- validation at epoch 134, val_loss 0.0090, val_mae 0.0964, val_rmse 0.1286, val_r2 0.7876, val_pearson 0.8887, lr 3.00e-04 ---
2026-10-01 07:38:50,474 - INFO - 
****************************************************************************************************
2026-10-01 07:38:52,318 - INFO - --- training epoch 135, loss 0.0075, mae 0.0907, rmse 0.1229, time elapsed(min) 0.02---
2026-10-01 07:38:52,529 - INFO - --- validation at epoch 135, val_loss 0.0089, val_mae 0.0967, val_rmse 0.1293, val_r2 0.7852, val_pearson 0.8905, lr 3.00e-04 ---
2026-10-01 07:38:52,529 - INFO - 
****************************************************************************************************
2026-10-01 07:38:54,317 - INFO - --- training epoch 136, loss 0.0070, mae 0.0872, rmse 0.1187, time elapsed(min) 0.03---
2026-10-01 07:38:54,533 - INFO - --- validation at epoch 136, val_loss 0.0085, val_mae 0.0927, val_rmse 0.1253, val_r2 0.7982, val_pearson 0.8953, lr 9.00e-05 ---
2026-10-01 07:38:54,533 - INFO - 
****************************************************************************************************
2026-10-01 07:38:56,342 - INFO - --- training epoch 137, loss 0.0069, mae 0.0858, rmse 0.1175, time elapsed(min) 0.02---
2026-10-01 07:38:56,689 - INFO - --- validation at epoch 137, val_loss 0.0085, val_mae 0.0927, val_rmse 0.1254, val_r2 0.7979, val_pearson 0.8957, lr 9.00e-05 ---
2026-10-01 07:38:56,689 - INFO - 
****************************************************************************************************
2026-10-01 07:38:58,649 - INFO - --- training epoch 138, loss 0.0070, mae 0.0867, rmse 0.1185, time elapsed(min) 0.03---
2026-10-01 07:38:58,862 - INFO - --- validation at epoch 138, val_loss 0.0083, val_mae 0.0926, val_rmse 0.1248, val_r2 0.7999, val_pearson 0.8970, lr 9.00e-05 ---
2026-10-01 07:38:58,862 - INFO - 
****************************************************************************************************
2026-10-01 07:39:00,666 - INFO - --- training epoch 139, loss 0.0069, mae 0.0858, rmse 0.1173, time elapsed(min) 0.02---
2026-10-01 07:39:00,881 - INFO - --- validation at epoch 139, val_loss 0.0083, val_mae 0.0927, val_rmse 0.1247, val_r2 0.8002, val_pearson 0.8967, lr 9.00e-05 ---
2026-10-01 07:39:00,881 - INFO - 
****************************************************************************************************
2026-10-01 07:39:02,676 - INFO - --- training epoch 140, loss 0.0068, mae 0.0853, rmse 0.1166, time elapsed(min) 0.02---
2026-10-01 07:39:02,908 - INFO - --- validation at epoch 140, val_loss 0.0083, val_mae 0.0925, val_rmse 0.1247, val_r2 0.8004, val_pearson 0.8962, lr 9.00e-05 ---
2026-10-01 07:39:02,908 - INFO - 
****************************************************************************************************
2026-10-01 07:39:04,782 - INFO - --- training epoch 141, loss 0.0068, mae 0.0854, rmse 0.1169, time elapsed(min) 0.03---
2026-10-01 07:39:05,258 - INFO - --- validation at epoch 141, val_loss 0.0085, val_mae 0.0929, val_rmse 0.1251, val_r2 0.7990, val_pearson 0.8959, lr 9.00e-05 ---
2026-10-01 07:39:05,258 - INFO - 
****************************************************************************************************
2026-10-01 07:39:07,042 - INFO - --- training epoch 142, loss 0.0068, mae 0.0850, rmse 0.1163, time elapsed(min) 0.03---
2026-10-01 07:39:07,257 - INFO - --- validation at epoch 142, val_loss 0.0082, val_mae 0.0926, val_rmse 0.1245, val_r2 0.8009, val_pearson 0.8966, lr 9.00e-05 ---
2026-10-01 07:39:07,257 - INFO - 
****************************************************************************************************
2026-10-01 07:39:09,058 - INFO - --- training epoch 143, loss 0.0068, mae 0.0847, rmse 0.1163, time elapsed(min) 0.02---
2026-10-01 07:39:09,272 - INFO - --- validation at epoch 143, val_loss 0.0082, val_mae 0.0927, val_rmse 0.1244, val_r2 0.8013, val_pearson 0.8970, lr 9.00e-05 ---
2026-10-01 07:39:09,272 - INFO - 
****************************************************************************************************
2026-10-01 07:39:11,187 - INFO - --- training epoch 144, loss 0.0067, mae 0.0846, rmse 0.1158, time elapsed(min) 0.03---
2026-10-01 07:39:11,576 - INFO - --- validation at epoch 144, val_loss 0.0083, val_mae 0.0927, val_rmse 0.1247, val_r2 0.8001, val_pearson 0.8969, lr 9.00e-05 ---
2026-10-01 07:39:11,576 - INFO - 
****************************************************************************************************
2026-10-01 07:39:13,536 - INFO - --- training epoch 145, loss 0.0068, mae 0.0848, rmse 0.1165, time elapsed(min) 0.03---
2026-10-01 07:39:13,752 - INFO - --- validation at epoch 145, val_loss 0.0082, val_mae 0.0925, val_rmse 0.1240, val_r2 0.8026, val_pearson 0.8978, lr 9.00e-05 ---
2026-10-01 07:39:13,752 - INFO - 
****************************************************************************************************
2026-10-01 07:39:15,568 - INFO - --- training epoch 146, loss 0.0067, mae 0.0851, rmse 0.1161, time elapsed(min) 0.02---
2026-10-01 07:39:15,806 - INFO - --- validation at epoch 146, val_loss 0.0083, val_mae 0.0933, val_rmse 0.1253, val_r2 0.7982, val_pearson 0.8968, lr 9.00e-05 ---
2026-10-01 07:39:15,806 - INFO - 
****************************************************************************************************
2026-10-01 07:39:17,554 - INFO - --- training epoch 147, loss 0.0068, mae 0.0850, rmse 0.1168, time elapsed(min) 0.02---
2026-10-01 07:39:17,896 - INFO - --- validation at epoch 147, val_loss 0.0081, val_mae 0.0919, val_rmse 0.1235, val_r2 0.8041, val_pearson 0.8985, lr 9.00e-05 ---
2026-10-01 07:39:17,896 - INFO - 
****************************************************************************************************
2026-10-01 07:39:19,917 - INFO - --- training epoch 148, loss 0.0067, mae 0.0849, rmse 0.1160, time elapsed(min) 0.03---
2026-10-01 07:39:20,128 - INFO - --- validation at epoch 148, val_loss 0.0081, val_mae 0.0922, val_rmse 0.1241, val_r2 0.8022, val_pearson 0.8975, lr 9.00e-05 ---
2026-10-01 07:39:20,128 - INFO - 
****************************************************************************************************
2026-10-01 07:39:21,838 - INFO - --- training epoch 149, loss 0.0067, mae 0.0843, rmse 0.1159, time elapsed(min) 0.02---
2026-10-01 07:39:22,054 - INFO - --- validation at epoch 149, val_loss 0.0081, val_mae 0.0921, val_rmse 0.1239, val_r2 0.8027, val_pearson 0.8972, lr 9.00e-05 ---
2026-10-01 07:39:22,054 - INFO - 
****************************************************************************************************
2026-10-01 07:39:23,828 - INFO - --- training epoch 150, loss 0.0067, mae 0.0845, rmse 0.1158, time elapsed(min) 0.03---
2026-10-01 07:39:24,170 - INFO - --- validation at epoch 150, val_loss 0.0082, val_mae 0.0934, val_rmse 0.1246, val_r2 0.8005, val_pearson 0.8971, lr 9.00e-05 ---
2026-10-01 07:39:24,170 - INFO - 
****************************************************************************************************
2026-10-01 07:39:26,020 - INFO - --- training epoch 151, loss 0.0067, mae 0.0846, rmse 0.1154, time elapsed(min) 0.03---
2026-10-01 07:39:26,394 - INFO - --- validation at epoch 151, val_loss 0.0080, val_mae 0.0921, val_rmse 0.1235, val_r2 0.8040, val_pearson 0.8987, lr 9.00e-05 ---
2026-10-01 07:39:26,394 - INFO - 
****************************************************************************************************
2026-10-01 07:39:28,313 - INFO - --- training epoch 152, loss 0.0066, mae 0.0841, rmse 0.1147, time elapsed(min) 0.02---
2026-10-01 07:39:28,526 - INFO - --- validation at epoch 152, val_loss 0.0082, val_mae 0.0921, val_rmse 0.1242, val_r2 0.8018, val_pearson 0.8974, lr 9.00e-05 ---
2026-10-01 07:39:28,526 - INFO - 
****************************************************************************************************
2026-10-01 07:39:30,271 - INFO - --- training epoch 153, loss 0.0067, mae 0.0844, rmse 0.1158, time elapsed(min) 0.02---
2026-10-01 07:39:30,485 - INFO - --- validation at epoch 153, val_loss 0.0081, val_mae 0.0930, val_rmse 0.1245, val_r2 0.8009, val_pearson 0.8970, lr 9.00e-05 ---
2026-10-01 07:39:30,485 - INFO - 
****************************************************************************************************
2026-10-01 07:39:32,349 - INFO - --- training epoch 154, loss 0.0066, mae 0.0844, rmse 0.1152, time elapsed(min) 0.03---
2026-10-01 07:39:32,685 - INFO - --- validation at epoch 154, val_loss 0.0082, val_mae 0.0935, val_rmse 0.1249, val_r2 0.7995, val_pearson 0.8958, lr 9.00e-05 ---
2026-10-01 07:39:32,685 - INFO - 
****************************************************************************************************
2026-10-01 07:39:34,549 - INFO - --- training epoch 155, loss 0.0066, mae 0.0837, rmse 0.1147, time elapsed(min) 0.02---
2026-10-01 07:39:34,764 - INFO - --- validation at epoch 155, val_loss 0.0082, val_mae 0.0931, val_rmse 0.1250, val_r2 0.7991, val_pearson 0.8972, lr 9.00e-05 ---
2026-10-01 07:39:34,764 - INFO - 
****************************************************************************************************
2026-10-01 07:39:36,505 - INFO - --- training epoch 156, loss 0.0067, mae 0.0850, rmse 0.1161, time elapsed(min) 0.02---
2026-10-01 07:39:36,721 - INFO - --- validation at epoch 156, val_loss 0.0079, val_mae 0.0927, val_rmse 0.1241, val_r2 0.8020, val_pearson 0.8974, lr 9.00e-05 ---
2026-10-01 07:39:36,721 - INFO - 
****************************************************************************************************
2026-10-01 07:39:38,559 - INFO - --- training epoch 157, loss 0.0066, mae 0.0837, rmse 0.1149, time elapsed(min) 0.02---
2026-10-01 07:39:38,893 - INFO - --- validation at epoch 157, val_loss 0.0082, val_mae 0.0937, val_rmse 0.1249, val_r2 0.7995, val_pearson 0.8972, lr 9.00e-05 ---
2026-10-01 07:39:38,893 - INFO - 
****************************************************************************************************
2026-10-01 07:39:40,812 - INFO - --- training epoch 158, loss 0.0067, mae 0.0844, rmse 0.1154, time elapsed(min) 0.03---
2026-10-01 07:39:41,023 - INFO - --- validation at epoch 158, val_loss 0.0081, val_mae 0.0936, val_rmse 0.1251, val_r2 0.7988, val_pearson 0.8965, lr 9.00e-05 ---
2026-10-01 07:39:41,023 - INFO - 
****************************************************************************************************
2026-10-01 07:39:42,759 - INFO - --- training epoch 159, loss 0.0066, mae 0.0843, rmse 0.1149, time elapsed(min) 0.02---
2026-10-01 07:39:42,974 - INFO - --- validation at epoch 159, val_loss 0.0081, val_mae 0.0924, val_rmse 0.1246, val_r2 0.8006, val_pearson 0.8977, lr 9.00e-05 ---
2026-10-01 07:39:42,974 - INFO - 
****************************************************************************************************
2026-10-01 07:39:44,709 - INFO - --- training epoch 160, loss 0.0066, mae 0.0838, rmse 0.1150, time elapsed(min) 0.02---
2026-10-01 07:39:45,037 - INFO - --- validation at epoch 160, val_loss 0.0082, val_mae 0.0932, val_rmse 0.1249, val_r2 0.7995, val_pearson 0.8961, lr 9.00e-05 ---
2026-10-01 07:39:45,037 - INFO - 
****************************************************************************************************
2026-10-01 07:39:46,874 - INFO - --- training epoch 161, loss 0.0066, mae 0.0839, rmse 0.1146, time elapsed(min) 0.03---
2026-10-01 07:39:47,262 - INFO - --- validation at epoch 161, val_loss 0.0079, val_mae 0.0928, val_rmse 0.1243, val_r2 0.8016, val_pearson 0.8974, lr 9.00e-05 ---
2026-10-01 07:39:47,262 - INFO - 
****************************************************************************************************
2026-10-01 07:39:49,089 - INFO - --- training epoch 162, loss 0.0066, mae 0.0838, rmse 0.1147, time elapsed(min) 0.02---
2026-10-01 07:39:49,325 - INFO - --- validation at epoch 162, val_loss 0.0081, val_mae 0.0935, val_rmse 0.1248, val_r2 0.8000, val_pearson 0.8983, lr 9.00e-05 ---
2026-10-01 07:39:49,325 - INFO - 
****************************************************************************************************
2026-10-01 07:39:51,060 - INFO - --- training epoch 163, loss 0.0066, mae 0.0838, rmse 0.1148, time elapsed(min) 0.02---
2026-10-01 07:39:51,274 - INFO - --- validation at epoch 163, val_loss 0.0080, val_mae 0.0934, val_rmse 0.1244, val_r2 0.8011, val_pearson 0.8966, lr 9.00e-05 ---
2026-10-01 07:39:51,274 - INFO - 
****************************************************************************************************
2026-10-01 07:39:53,051 - INFO - --- training epoch 164, loss 0.0066, mae 0.0844, rmse 0.1151, time elapsed(min) 0.02---
2026-10-01 07:39:53,436 - INFO - --- validation at epoch 164, val_loss 0.0079, val_mae 0.0930, val_rmse 0.1243, val_r2 0.8015, val_pearson 0.8969, lr 9.00e-05 ---
2026-10-01 07:39:53,436 - INFO - 
****************************************************************************************************
2026-10-01 07:39:55,288 - INFO - --- training epoch 165, loss 0.0066, mae 0.0838, rmse 0.1145, time elapsed(min) 0.02---
2026-10-01 07:39:55,503 - INFO - --- validation at epoch 165, val_loss 0.0080, val_mae 0.0932, val_rmse 0.1244, val_r2 0.8011, val_pearson 0.8984, lr 9.00e-05 ---
2026-10-01 07:39:55,503 - INFO - 
****************************************************************************************************
2026-10-01 07:39:57,233 - INFO - --- training epoch 166, loss 0.0065, mae 0.0833, rmse 0.1141, time elapsed(min) 0.02---
2026-10-01 07:39:57,451 - INFO - --- validation at epoch 166, val_loss 0.0079, val_mae 0.0928, val_rmse 0.1240, val_r2 0.8024, val_pearson 0.8979, lr 9.00e-05 ---
2026-10-01 07:39:57,451 - INFO - 
****************************************************************************************************
2026-10-01 07:39:59,300 - INFO - --- training epoch 167, loss 0.0066, mae 0.0840, rmse 0.1146, time elapsed(min) 0.02---
2026-10-01 07:39:59,647 - INFO - --- validation at epoch 167, val_loss 0.0079, val_mae 0.0926, val_rmse 0.1237, val_r2 0.8035, val_pearson 0.8979, lr 9.00e-05 ---
2026-10-01 07:39:59,647 - INFO - 
****************************************************************************************************
2026-10-01 07:40:01,616 - INFO - --- training epoch 168, loss 0.0066, mae 0.0840, rmse 0.1146, time elapsed(min) 0.03---
2026-10-01 07:40:01,831 - INFO - --- validation at epoch 168, val_loss 0.0080, val_mae 0.0931, val_rmse 0.1248, val_r2 0.8000, val_pearson 0.8974, lr 9.00e-05 ---
2026-10-01 07:40:01,831 - INFO - 
****************************************************************************************************
2026-10-01 07:40:03,591 - INFO - --- training epoch 169, loss 0.0066, mae 0.0835, rmse 0.1151, time elapsed(min) 0.02---
2026-10-01 07:40:03,804 - INFO - --- validation at epoch 169, val_loss 0.0080, val_mae 0.0929, val_rmse 0.1239, val_r2 0.8029, val_pearson 0.8976, lr 9.00e-05 ---
2026-10-01 07:40:03,804 - INFO - 
****************************************************************************************************
2026-10-01 07:40:05,534 - INFO - --- training epoch 170, loss 0.0065, mae 0.0831, rmse 0.1137, time elapsed(min) 0.02---
2026-10-01 07:40:05,874 - INFO - --- validation at epoch 170, val_loss 0.0079, val_mae 0.0933, val_rmse 0.1237, val_r2 0.8033, val_pearson 0.8977, lr 9.00e-05 ---
2026-10-01 07:40:05,874 - INFO - 
****************************************************************************************************
2026-10-01 07:40:07,777 - INFO - --- training epoch 171, loss 0.0065, mae 0.0833, rmse 0.1143, time elapsed(min) 0.03---
2026-10-01 07:40:07,991 - INFO - --- validation at epoch 171, val_loss 0.0080, val_mae 0.0933, val_rmse 0.1242, val_r2 0.8018, val_pearson 0.8979, lr 9.00e-05 ---
2026-10-01 07:40:07,991 - INFO - 
****************************************************************************************************
2026-10-01 07:40:09,760 - INFO - --- training epoch 172, loss 0.0063, mae 0.0820, rmse 0.1125, time elapsed(min) 0.02---
2026-10-01 07:40:09,981 - INFO - --- validation at epoch 172, val_loss 0.0079, val_mae 0.0932, val_rmse 0.1240, val_r2 0.8025, val_pearson 0.8987, lr 9.00e-05 ---
2026-10-01 07:40:09,981 - INFO - 
****************************************************************************************************
2026-10-01 07:40:11,872 - INFO - --- training epoch 173, loss 0.0065, mae 0.0828, rmse 0.1136, time elapsed(min) 0.03---
2026-10-01 07:40:12,083 - INFO - --- validation at epoch 173, val_loss 0.0079, val_mae 0.0930, val_rmse 0.1241, val_r2 0.8022, val_pearson 0.8981, lr 9.00e-05 ---
2026-10-01 07:40:12,083 - INFO - 
****************************************************************************************************
2026-10-01 07:40:13,903 - INFO - --- training epoch 174, loss 0.0066, mae 0.0836, rmse 0.1146, time elapsed(min) 0.03---
2026-10-01 07:40:14,290 - INFO - --- validation at epoch 174, val_loss 0.0079, val_mae 0.0923, val_rmse 0.1237, val_r2 0.8034, val_pearson 0.8991, lr 9.00e-05 ---
2026-10-01 07:40:14,290 - INFO - 
****************************************************************************************************
2026-10-01 07:40:16,151 - INFO - --- training epoch 175, loss 0.0064, mae 0.0829, rmse 0.1135, time elapsed(min) 0.02---
2026-10-01 07:40:16,363 - INFO - --- validation at epoch 175, val_loss 0.0078, val_mae 0.0916, val_rmse 0.1228, val_r2 0.8063, val_pearson 0.8999, lr 9.00e-05 ---
2026-10-01 07:40:16,363 - INFO - 
****************************************************************************************************
2026-10-01 07:40:18,187 - INFO - --- training epoch 176, loss 0.0063, mae 0.0823, rmse 0.1126, time elapsed(min) 0.02---
2026-10-01 07:40:18,400 - INFO - --- validation at epoch 176, val_loss 0.0078, val_mae 0.0912, val_rmse 0.1228, val_r2 0.8062, val_pearson 0.9002, lr 9.00e-05 ---
2026-10-01 07:40:18,400 - INFO - 
****************************************************************************************************
2026-10-01 07:40:20,297 - INFO - --- training epoch 177, loss 0.0064, mae 0.0832, rmse 0.1133, time elapsed(min) 0.03---
2026-10-01 07:40:20,666 - INFO - --- validation at epoch 177, val_loss 0.0078, val_mae 0.0915, val_rmse 0.1229, val_r2 0.8060, val_pearson 0.9000, lr 9.00e-05 ---
2026-10-01 07:40:20,666 - INFO - 
****************************************************************************************************
2026-10-01 07:40:22,590 - INFO - --- training epoch 178, loss 0.0066, mae 0.0842, rmse 0.1150, time elapsed(min) 0.03---
2026-10-01 07:40:22,803 - INFO - --- validation at epoch 178, val_loss 0.0079, val_mae 0.0933, val_rmse 0.1249, val_r2 0.7997, val_pearson 0.8984, lr 9.00e-05 ---
2026-10-01 07:40:22,803 - INFO - 
****************************************************************************************************
2026-10-01 07:40:24,570 - INFO - --- training epoch 179, loss 0.0064, mae 0.0829, rmse 0.1128, time elapsed(min) 0.02---
2026-10-01 07:40:24,790 - INFO - --- validation at epoch 179, val_loss 0.0077, val_mae 0.0922, val_rmse 0.1228, val_r2 0.8063, val_pearson 0.8988, lr 9.00e-05 ---
2026-10-01 07:40:24,790 - INFO - 
****************************************************************************************************
2026-10-01 07:40:26,611 - INFO - --- training epoch 180, loss 0.0064, mae 0.0829, rmse 0.1134, time elapsed(min) 0.02---
2026-10-01 07:40:26,941 - INFO - --- validation at epoch 180, val_loss 0.0078, val_mae 0.0936, val_rmse 0.1249, val_r2 0.7995, val_pearson 0.8964, lr 9.00e-05 ---
2026-10-01 07:40:26,941 - INFO - 
****************************************************************************************************
2026-10-01 07:40:28,897 - INFO - --- training epoch 181, loss 0.0064, mae 0.0830, rmse 0.1133, time elapsed(min) 0.03---
2026-10-01 07:40:29,114 - INFO - --- validation at epoch 181, val_loss 0.0078, val_mae 0.0925, val_rmse 0.1232, val_r2 0.8049, val_pearson 0.9002, lr 9.00e-05 ---
2026-10-01 07:40:29,114 - INFO - 
****************************************************************************************************
2026-10-01 07:40:30,844 - INFO - --- training epoch 182, loss 0.0065, mae 0.0836, rmse 0.1140, time elapsed(min) 0.02---
2026-10-01 07:40:31,057 - INFO - --- validation at epoch 182, val_loss 0.0080, val_mae 0.0929, val_rmse 0.1246, val_r2 0.8006, val_pearson 0.8984, lr 9.00e-05 ---
2026-10-01 07:40:31,057 - INFO - 
****************************************************************************************************
2026-10-01 07:40:32,800 - INFO - --- training epoch 183, loss 0.0066, mae 0.0840, rmse 0.1145, time elapsed(min) 0.02---
2026-10-01 07:40:33,138 - INFO - --- validation at epoch 183, val_loss 0.0078, val_mae 0.0933, val_rmse 0.1249, val_r2 0.7996, val_pearson 0.8963, lr 9.00e-05 ---
2026-10-01 07:40:33,138 - INFO - 
****************************************************************************************************
2026-10-01 07:40:35,058 - INFO - --- training epoch 184, loss 0.0064, mae 0.0833, rmse 0.1132, time elapsed(min) 0.03---
2026-10-01 07:40:35,278 - INFO - --- validation at epoch 184, val_loss 0.0078, val_mae 0.0929, val_rmse 0.1244, val_r2 0.8012, val_pearson 0.8993, lr 9.00e-05 ---
2026-10-01 07:40:35,278 - INFO - 
****************************************************************************************************
2026-10-01 07:40:37,009 - INFO - --- training epoch 185, loss 0.0064, mae 0.0829, rmse 0.1135, time elapsed(min) 0.02---
2026-10-01 07:40:37,224 - INFO - --- validation at epoch 185, val_loss 0.0077, val_mae 0.0929, val_rmse 0.1237, val_r2 0.8036, val_pearson 0.8997, lr 9.00e-05 ---
2026-10-01 07:40:37,224 - INFO - 
****************************************************************************************************
2026-10-01 07:40:39,067 - INFO - --- training epoch 186, loss 0.0064, mae 0.0829, rmse 0.1132, time elapsed(min) 0.02---
2026-10-01 07:40:39,282 - INFO - --- validation at epoch 186, val_loss 0.0078, val_mae 0.0927, val_rmse 0.1237, val_r2 0.8034, val_pearson 0.8977, lr 9.00e-05 ---
2026-10-01 07:40:39,283 - INFO - 
****************************************************************************************************
2026-10-01 07:40:41,083 - INFO - --- training epoch 187, loss 0.0064, mae 0.0829, rmse 0.1134, time elapsed(min) 0.03---
2026-10-01 07:40:41,574 - INFO - --- validation at epoch 187, val_loss 0.0078, val_mae 0.0932, val_rmse 0.1243, val_r2 0.8016, val_pearson 0.8971, lr 9.00e-05 ---
2026-10-01 07:40:41,574 - INFO - 
****************************************************************************************************
2026-10-01 07:40:43,297 - INFO - --- training epoch 188, loss 0.0063, mae 0.0826, rmse 0.1122, time elapsed(min) 0.02---
2026-10-01 07:40:43,512 - INFO - --- validation at epoch 188, val_loss 0.0080, val_mae 0.0930, val_rmse 0.1253, val_r2 0.7982, val_pearson 0.8967, lr 9.00e-05 ---
2026-10-01 07:40:43,512 - INFO - 
****************************************************************************************************
2026-10-01 07:40:45,212 - INFO - --- training epoch 189, loss 0.0063, mae 0.0825, rmse 0.1124, time elapsed(min) 0.02---
2026-10-01 07:40:45,425 - INFO - --- validation at epoch 189, val_loss 0.0080, val_mae 0.0937, val_rmse 0.1260, val_r2 0.7960, val_pearson 0.8979, lr 9.00e-05 ---
2026-10-01 07:40:45,425 - INFO - 
****************************************************************************************************
2026-10-01 07:40:47,226 - INFO - --- training epoch 190, loss 0.0065, mae 0.0837, rmse 0.1142, time elapsed(min) 0.03---
2026-10-01 07:40:47,599 - INFO - --- validation at epoch 190, val_loss 0.0076, val_mae 0.0929, val_rmse 0.1232, val_r2 0.8049, val_pearson 0.8997, lr 9.00e-05 ---
2026-10-01 07:40:47,599 - INFO - 
****************************************************************************************************
2026-10-01 07:40:49,507 - INFO - --- training epoch 191, loss 0.0064, mae 0.0831, rmse 0.1129, time elapsed(min) 0.02---
2026-10-01 07:40:49,724 - INFO - --- validation at epoch 191, val_loss 0.0077, val_mae 0.0925, val_rmse 0.1233, val_r2 0.8047, val_pearson 0.9002, lr 9.00e-05 ---
2026-10-01 07:40:49,724 - INFO - 
****************************************************************************************************
2026-10-01 07:40:51,492 - INFO - --- training epoch 192, loss 0.0064, mae 0.0837, rmse 0.1130, time elapsed(min) 0.02---
2026-10-01 07:40:51,705 - INFO - --- validation at epoch 192, val_loss 0.0077, val_mae 0.0935, val_rmse 0.1242, val_r2 0.8019, val_pearson 0.8972, lr 9.00e-05 ---
2026-10-01 07:40:51,705 - INFO - 
****************************************************************************************************
2026-10-01 07:40:53,465 - INFO - --- training epoch 193, loss 0.0063, mae 0.0831, rmse 0.1127, time elapsed(min) 0.02---
2026-10-01 07:40:53,797 - INFO - --- validation at epoch 193, val_loss 0.0078, val_mae 0.0924, val_rmse 0.1245, val_r2 0.8008, val_pearson 0.8990, lr 9.00e-05 ---
2026-10-01 07:40:53,797 - INFO - 
****************************************************************************************************
2026-10-01 07:40:55,764 - INFO - --- training epoch 194, loss 0.0064, mae 0.0829, rmse 0.1131, time elapsed(min) 0.03---
2026-10-01 07:40:55,978 - INFO - --- validation at epoch 194, val_loss 0.0078, val_mae 0.0935, val_rmse 0.1251, val_r2 0.7989, val_pearson 0.8994, lr 9.00e-05 ---
2026-10-01 07:40:55,978 - INFO - 
****************************************************************************************************
2026-10-01 07:40:57,707 - INFO - --- training epoch 195, loss 0.0064, mae 0.0831, rmse 0.1130, time elapsed(min) 0.02---
2026-10-01 07:40:57,921 - INFO - --- validation at epoch 195, val_loss 0.0078, val_mae 0.0926, val_rmse 0.1245, val_r2 0.8010, val_pearson 0.8982, lr 9.00e-05 ---
2026-10-01 07:40:57,921 - INFO - 
****************************************************************************************************
2026-10-01 07:40:59,665 - INFO - --- training epoch 196, loss 0.0063, mae 0.0825, rmse 0.1126, time elapsed(min) 0.02---
2026-10-01 07:40:59,992 - INFO - --- validation at epoch 196, val_loss 0.0073, val_mae 0.0913, val_rmse 0.1217, val_r2 0.8096, val_pearson 0.9015, lr 9.00e-05 ---
2026-10-01 07:40:59,992 - INFO - 
****************************************************************************************************
2026-10-01 07:41:01,892 - INFO - --- training epoch 197, loss 0.0063, mae 0.0824, rmse 0.1120, time elapsed(min) 0.03---
2026-10-01 07:41:02,367 - INFO - --- validation at epoch 197, val_loss 0.0075, val_mae 0.0913, val_rmse 0.1221, val_r2 0.8085, val_pearson 0.9015, lr 9.00e-05 ---
2026-10-01 07:41:02,367 - INFO - 
****************************************************************************************************
2026-10-01 07:41:04,223 - INFO - --- training epoch 198, loss 0.0063, mae 0.0821, rmse 0.1122, time elapsed(min) 0.03---
2026-10-01 07:41:04,436 - INFO - --- validation at epoch 198, val_loss 0.0077, val_mae 0.0924, val_rmse 0.1243, val_r2 0.8015, val_pearson 0.8997, lr 9.00e-05 ---
2026-10-01 07:41:04,436 - INFO - 
****************************************************************************************************
2026-10-01 07:41:06,174 - INFO - --- training epoch 199, loss 0.0063, mae 0.0828, rmse 0.1126, time elapsed(min) 0.02---
2026-10-01 07:41:06,388 - INFO - --- validation at epoch 199, val_loss 0.0077, val_mae 0.0918, val_rmse 0.1233, val_r2 0.8047, val_pearson 0.9004, lr 9.00e-05 ---
2026-10-01 07:41:06,388 - INFO - 
****************************************************************************************************
2026-10-01 07:41:08,215 - INFO - --- training epoch 200, loss 0.0061, mae 0.0818, rmse 0.1109, time elapsed(min) 0.03---
2026-10-01 07:41:08,588 - INFO - --- validation at epoch 200, val_loss 0.0078, val_mae 0.0926, val_rmse 0.1247, val_r2 0.8001, val_pearson 0.8986, lr 9.00e-05 ---
2026-10-01 07:41:08,588 - INFO - 
****************************************************************************************************
2026-10-01 07:41:10,519 - INFO - --- training epoch 201, loss 0.0063, mae 0.0825, rmse 0.1125, time elapsed(min) 0.03---
2026-10-01 07:41:10,734 - INFO - --- validation at epoch 201, val_loss 0.0075, val_mae 0.0915, val_rmse 0.1225, val_r2 0.8073, val_pearson 0.9002, lr 9.00e-05 ---
2026-10-01 07:41:10,734 - INFO - 
****************************************************************************************************
2026-10-01 07:41:12,477 - INFO - --- training epoch 202, loss 0.0063, mae 0.0819, rmse 0.1124, time elapsed(min) 0.02---
2026-10-01 07:41:12,732 - INFO - --- validation at epoch 202, val_loss 0.0078, val_mae 0.0933, val_rmse 0.1254, val_r2 0.7980, val_pearson 0.8987, lr 9.00e-05 ---
2026-10-01 07:41:12,732 - INFO - 
****************************************************************************************************
2026-10-01 07:41:14,471 - INFO - --- training epoch 203, loss 0.0064, mae 0.0827, rmse 0.1127, time elapsed(min) 0.02---
2026-10-01 07:41:14,801 - INFO - --- validation at epoch 203, val_loss 0.0076, val_mae 0.0912, val_rmse 0.1225, val_r2 0.8072, val_pearson 0.9022, lr 9.00e-05 ---
2026-10-01 07:41:14,801 - INFO - 
****************************************************************************************************
2026-10-01 07:41:16,738 - INFO - --- training epoch 204, loss 0.0063, mae 0.0829, rmse 0.1124, time elapsed(min) 0.03---
2026-10-01 07:41:16,952 - INFO - --- validation at epoch 204, val_loss 0.0076, val_mae 0.0912, val_rmse 0.1232, val_r2 0.8050, val_pearson 0.9017, lr 9.00e-05 ---
2026-10-01 07:41:16,952 - INFO - 
****************************************************************************************************
2026-10-01 07:41:18,683 - INFO - --- training epoch 205, loss 0.0063, mae 0.0821, rmse 0.1119, time elapsed(min) 0.02---
2026-10-01 07:41:18,896 - INFO - --- validation at epoch 205, val_loss 0.0080, val_mae 0.0931, val_rmse 0.1250, val_r2 0.7991, val_pearson 0.8983, lr 9.00e-05 ---
2026-10-01 07:41:18,896 - INFO - 
****************************************************************************************************
2026-10-01 07:41:20,654 - INFO - --- training epoch 206, loss 0.0062, mae 0.0822, rmse 0.1117, time elapsed(min) 0.02---
2026-10-01 07:41:20,867 - INFO - --- validation at epoch 206, val_loss 0.0080, val_mae 0.0941, val_rmse 0.1256, val_r2 0.7975, val_pearson 0.8985, lr 9.00e-05 ---
2026-10-01 07:41:20,867 - INFO - 
****************************************************************************************************
2026-10-01 07:41:22,687 - INFO - --- training epoch 207, loss 0.0064, mae 0.0838, rmse 0.1134, time elapsed(min) 0.03---
2026-10-01 07:41:23,156 - INFO - --- validation at epoch 207, val_loss 0.0075, val_mae 0.0911, val_rmse 0.1223, val_r2 0.8080, val_pearson 0.9009, lr 9.00e-05 ---
2026-10-01 07:41:23,156 - INFO - 
****************************************************************************************************
2026-10-01 07:41:24,885 - INFO - --- training epoch 208, loss 0.0059, mae 0.0794, rmse 0.1089, time elapsed(min) 0.02---
2026-10-01 07:41:25,097 - INFO - --- validation at epoch 208, val_loss 0.0073, val_mae 0.0905, val_rmse 0.1213, val_r2 0.8110, val_pearson 0.9034, lr 2.70e-05 ---
2026-10-01 07:41:25,097 - INFO - 
****************************************************************************************************
2026-10-01 07:41:26,969 - INFO - --- training epoch 209, loss 0.0059, mae 0.0791, rmse 0.1088, time elapsed(min) 0.03---
2026-10-01 07:41:27,186 - INFO - --- validation at epoch 209, val_loss 0.0074, val_mae 0.0900, val_rmse 0.1212, val_r2 0.8114, val_pearson 0.9034, lr 2.70e-05 ---
2026-10-01 07:41:27,186 - INFO - 
****************************************************************************************************
2026-10-01 07:41:28,956 - INFO - --- training epoch 210, loss 0.0060, mae 0.0798, rmse 0.1092, time elapsed(min) 0.02---
2026-10-01 07:41:29,325 - INFO - --- validation at epoch 210, val_loss 0.0073, val_mae 0.0896, val_rmse 0.1207, val_r2 0.8128, val_pearson 0.9034, lr 2.70e-05 ---
2026-10-01 07:41:29,325 - INFO - 
****************************************************************************************************
2026-10-01 07:41:31,279 - INFO - --- training epoch 211, loss 0.0060, mae 0.0795, rmse 0.1093, time elapsed(min) 0.02---
2026-10-01 07:41:31,490 - INFO - --- validation at epoch 211, val_loss 0.0072, val_mae 0.0895, val_rmse 0.1201, val_r2 0.8148, val_pearson 0.9047, lr 2.70e-05 ---
2026-10-01 07:41:31,490 - INFO - 
****************************************************************************************************
2026-10-01 07:41:33,272 - INFO - --- training epoch 212, loss 0.0060, mae 0.0800, rmse 0.1097, time elapsed(min) 0.02---
2026-10-01 07:41:33,490 - INFO - --- validation at epoch 212, val_loss 0.0072, val_mae 0.0901, val_rmse 0.1208, val_r2 0.8126, val_pearson 0.9038, lr 2.70e-05 ---
2026-10-01 07:41:33,490 - INFO - 
****************************************************************************************************
2026-10-01 07:41:35,297 - INFO - --- training epoch 213, loss 0.0061, mae 0.0802, rmse 0.1102, time elapsed(min) 0.03---
2026-10-01 07:41:35,670 - INFO - --- validation at epoch 213, val_loss 0.0074, val_mae 0.0901, val_rmse 0.1212, val_r2 0.8112, val_pearson 0.9030, lr 2.70e-05 ---
2026-10-01 07:41:35,670 - INFO - 
****************************************************************************************************
2026-10-01 07:41:37,601 - INFO - --- training epoch 214, loss 0.0059, mae 0.0790, rmse 0.1086, time elapsed(min) 0.03---
2026-10-01 07:41:37,817 - INFO - --- validation at epoch 214, val_loss 0.0073, val_mae 0.0907, val_rmse 0.1215, val_r2 0.8105, val_pearson 0.9037, lr 2.70e-05 ---
2026-10-01 07:41:37,817 - INFO - 
****************************************************************************************************
2026-10-01 07:41:39,569 - INFO - --- training epoch 215, loss 0.0060, mae 0.0799, rmse 0.1098, time elapsed(min) 0.02---
2026-10-01 07:41:39,780 - INFO - --- validation at epoch 215, val_loss 0.0073, val_mae 0.0898, val_rmse 0.1213, val_r2 0.8110, val_pearson 0.9031, lr 2.70e-05 ---
2026-10-01 07:41:39,780 - INFO - 
****************************************************************************************************
2026-10-01 07:41:41,553 - INFO - --- training epoch 216, loss 0.0058, mae 0.0787, rmse 0.1080, time elapsed(min) 0.02---
2026-10-01 07:41:41,884 - INFO - --- validation at epoch 216, val_loss 0.0074, val_mae 0.0906, val_rmse 0.1216, val_r2 0.8102, val_pearson 0.9032, lr 2.70e-05 ---
2026-10-01 07:41:41,884 - INFO - 
****************************************************************************************************
2026-10-01 07:41:43,867 - INFO - --- training epoch 217, loss 0.0058, mae 0.0790, rmse 0.1080, time elapsed(min) 0.03---
2026-10-01 07:41:44,082 - INFO - --- validation at epoch 217, val_loss 0.0073, val_mae 0.0900, val_rmse 0.1211, val_r2 0.8115, val_pearson 0.9032, lr 2.70e-05 ---
2026-10-01 07:41:44,082 - INFO - 
****************************************************************************************************
2026-10-01 07:41:45,900 - INFO - --- training epoch 218, loss 0.0059, mae 0.0787, rmse 0.1082, time elapsed(min) 0.03---
2026-10-01 07:41:46,111 - INFO - --- validation at epoch 218, val_loss 0.0072, val_mae 0.0901, val_rmse 0.1207, val_r2 0.8130, val_pearson 0.9043, lr 2.70e-05 ---
2026-10-01 07:41:46,111 - INFO - 
****************************************************************************************************
2026-10-01 07:41:47,923 - INFO - --- training epoch 219, loss 0.0059, mae 0.0794, rmse 0.1090, time elapsed(min) 0.02---
2026-10-01 07:41:48,251 - INFO - --- validation at epoch 219, val_loss 0.0073, val_mae 0.0895, val_rmse 0.1205, val_r2 0.8135, val_pearson 0.9047, lr 2.70e-05 ---
2026-10-01 07:41:48,251 - INFO - 
****************************************************************************************************
2026-10-01 07:41:50,215 - INFO - --- training epoch 220, loss 0.0060, mae 0.0799, rmse 0.1093, time elapsed(min) 0.03---
2026-10-01 07:41:50,430 - INFO - --- validation at epoch 220, val_loss 0.0072, val_mae 0.0901, val_rmse 0.1211, val_r2 0.8116, val_pearson 0.9036, lr 2.70e-05 ---
2026-10-01 07:41:50,431 - INFO - 
****************************************************************************************************
2026-10-01 07:41:52,146 - INFO - --- training epoch 221, loss 0.0059, mae 0.0795, rmse 0.1088, time elapsed(min) 0.02---
2026-10-01 07:41:52,361 - INFO - --- validation at epoch 221, val_loss 0.0072, val_mae 0.0897, val_rmse 0.1206, val_r2 0.8131, val_pearson 0.9044, lr 2.70e-05 ---
2026-10-01 07:41:52,361 - INFO - 
****************************************************************************************************
2026-10-01 07:41:54,159 - INFO - --- training epoch 222, loss 0.0060, mae 0.0796, rmse 0.1092, time elapsed(min) 0.03---
2026-10-01 07:41:54,495 - INFO - --- validation at epoch 222, val_loss 0.0072, val_mae 0.0904, val_rmse 0.1212, val_r2 0.8112, val_pearson 0.9033, lr 2.70e-05 ---
2026-10-01 07:41:54,495 - INFO - 
****************************************************************************************************
2026-10-01 07:41:56,411 - INFO - --- training epoch 223, loss 0.0058, mae 0.0778, rmse 0.1073, time elapsed(min) 0.03---
2026-10-01 07:41:56,624 - INFO - --- validation at epoch 223, val_loss 0.0072, val_mae 0.0899, val_rmse 0.1208, val_r2 0.8127, val_pearson 0.9040, lr 8.10e-06 ---
2026-10-01 07:41:56,624 - INFO - 
****************************************************************************************************
2026-10-01 07:41:58,361 - INFO - --- training epoch 224, loss 0.0058, mae 0.0778, rmse 0.1076, time elapsed(min) 0.02---
2026-10-01 07:41:58,578 - INFO - --- validation at epoch 224, val_loss 0.0072, val_mae 0.0898, val_rmse 0.1206, val_r2 0.8132, val_pearson 0.9043, lr 8.10e-06 ---
2026-10-01 07:41:58,578 - INFO - 
****************************************************************************************************
2026-10-01 07:42:00,509 - INFO - --- training epoch 225, loss 0.0057, mae 0.0779, rmse 0.1067, time elapsed(min) 0.03---
2026-10-01 07:42:00,769 - INFO - --- validation at epoch 225, val_loss 0.0072, val_mae 0.0903, val_rmse 0.1210, val_r2 0.8120, val_pearson 0.9039, lr 8.10e-06 ---
2026-10-01 07:42:00,769 - INFO - 
****************************************************************************************************
2026-10-01 07:42:02,644 - INFO - --- training epoch 226, loss 0.0057, mae 0.0777, rmse 0.1072, time elapsed(min) 0.03---
2026-10-01 07:42:03,012 - INFO - --- validation at epoch 226, val_loss 0.0072, val_mae 0.0900, val_rmse 0.1210, val_r2 0.8120, val_pearson 0.9039, lr 8.10e-06 ---
2026-10-01 07:42:03,012 - INFO - 
****************************************************************************************************
2026-10-01 07:42:04,869 - INFO - --- training epoch 227, loss 0.0057, mae 0.0777, rmse 0.1067, time elapsed(min) 0.02---
2026-10-01 07:42:05,083 - INFO - --- validation at epoch 227, val_loss 0.0072, val_mae 0.0901, val_rmse 0.1209, val_r2 0.8121, val_pearson 0.9039, lr 8.10e-06 ---
2026-10-01 07:42:05,083 - INFO - 
****************************************************************************************************
2026-10-01 07:42:06,805 - INFO - --- training epoch 228, loss 0.0057, mae 0.0777, rmse 0.1069, time elapsed(min) 0.02---
2026-10-01 07:42:07,019 - INFO - --- validation at epoch 228, val_loss 0.0072, val_mae 0.0904, val_rmse 0.1213, val_r2 0.8111, val_pearson 0.9036, lr 8.10e-06 ---
2026-10-01 07:42:07,019 - INFO - 
****************************************************************************************************
2026-10-01 07:42:08,753 - INFO - --- training epoch 229, loss 0.0057, mae 0.0774, rmse 0.1067, time elapsed(min) 0.02---
2026-10-01 07:42:09,154 - INFO - --- validation at epoch 229, val_loss 0.0072, val_mae 0.0904, val_rmse 0.1212, val_r2 0.8114, val_pearson 0.9037, lr 8.10e-06 ---
2026-10-01 07:42:09,154 - INFO - 
****************************************************************************************************
2026-10-01 07:42:11,055 - INFO - --- training epoch 230, loss 0.0056, mae 0.0772, rmse 0.1063, time elapsed(min) 0.03---
2026-10-01 07:42:11,269 - INFO - --- validation at epoch 230, val_loss 0.0073, val_mae 0.0903, val_rmse 0.1210, val_r2 0.8118, val_pearson 0.9038, lr 8.10e-06 ---
2026-10-01 07:42:11,269 - INFO - 
****************************************************************************************************
2026-10-01 07:42:12,992 - INFO - --- training epoch 231, loss 0.0057, mae 0.0777, rmse 0.1070, time elapsed(min) 0.02---
2026-10-01 07:42:13,206 - INFO - --- validation at epoch 231, val_loss 0.0072, val_mae 0.0900, val_rmse 0.1207, val_r2 0.8128, val_pearson 0.9041, lr 8.10e-06 ---
2026-10-01 07:42:13,206 - INFO - 
****************************************************************************************************
2026-10-01 07:42:14,929 - INFO - --- training epoch 232, loss 0.0058, mae 0.0783, rmse 0.1077, time elapsed(min) 0.02---
2026-10-01 07:42:15,258 - INFO - --- validation at epoch 232, val_loss 0.0073, val_mae 0.0905, val_rmse 0.1213, val_r2 0.8110, val_pearson 0.9032, lr 8.10e-06 ---
2026-10-01 07:42:15,259 - INFO - 
****************************************************************************************************
2026-10-01 07:42:17,173 - INFO - --- training epoch 233, loss 0.0056, mae 0.0773, rmse 0.1063, time elapsed(min) 0.03---
2026-10-01 07:42:17,389 - INFO - --- validation at epoch 233, val_loss 0.0073, val_mae 0.0905, val_rmse 0.1214, val_r2 0.8108, val_pearson 0.9034, lr 8.10e-06 ---
2026-10-01 07:42:17,389 - INFO - 
****************************************************************************************************
2026-10-01 07:42:19,174 - INFO - --- training epoch 234, loss 0.0058, mae 0.0788, rmse 0.1079, time elapsed(min) 0.03---
2026-10-01 07:42:19,386 - INFO - --- validation at epoch 234, val_loss 0.0073, val_mae 0.0903, val_rmse 0.1214, val_r2 0.8107, val_pearson 0.9031, lr 8.10e-06 ---
2026-10-01 07:42:19,386 - INFO - 
****************************************************************************************************
2026-10-01 07:42:21,130 - INFO - --- training epoch 235, loss 0.0057, mae 0.0779, rmse 0.1065, time elapsed(min) 0.02---
2026-10-01 07:42:21,462 - INFO - --- validation at epoch 235, val_loss 0.0073, val_mae 0.0906, val_rmse 0.1214, val_r2 0.8107, val_pearson 0.9032, lr 8.10e-06 ---
2026-10-01 07:42:21,462 - INFO - 
****************************************************************************************************
2026-10-01 07:42:23,491 - INFO - --- training epoch 236, loss 0.0056, mae 0.0773, rmse 0.1062, time elapsed(min) 0.03---
2026-10-01 07:42:23,709 - INFO - --- validation at epoch 236, val_loss 0.0073, val_mae 0.0903, val_rmse 0.1214, val_r2 0.8108, val_pearson 0.9033, lr 2.43e-06 ---
2026-10-01 07:42:23,709 - INFO - 
****************************************************************************************************
2026-10-01 07:42:25,423 - INFO - --- training epoch 237, loss 0.0057, mae 0.0776, rmse 0.1068, time elapsed(min) 0.02---
2026-10-01 07:42:25,638 - INFO - --- validation at epoch 237, val_loss 0.0073, val_mae 0.0906, val_rmse 0.1215, val_r2 0.8102, val_pearson 0.9032, lr 2.43e-06 ---
2026-10-01 07:42:25,638 - INFO - 
****************************************************************************************************
2026-10-01 07:42:27,452 - INFO - --- training epoch 238, loss 0.0057, mae 0.0773, rmse 0.1068, time elapsed(min) 0.03---
2026-10-01 07:42:27,665 - INFO - --- validation at epoch 238, val_loss 0.0073, val_mae 0.0905, val_rmse 0.1215, val_r2 0.8103, val_pearson 0.9033, lr 2.43e-06 ---
2026-10-01 07:42:27,665 - INFO - 
****************************************************************************************************
2026-10-01 07:42:29,485 - INFO - --- training epoch 239, loss 0.0057, mae 0.0774, rmse 0.1064, time elapsed(min) 0.03---
2026-10-01 07:42:29,978 - INFO - --- validation at epoch 239, val_loss 0.0073, val_mae 0.0906, val_rmse 0.1215, val_r2 0.8102, val_pearson 0.9033, lr 2.43e-06 ---
2026-10-01 07:42:29,979 - INFO - 
****************************************************************************************************
2026-10-01 07:42:31,692 - INFO - --- training epoch 240, loss 0.0057, mae 0.0773, rmse 0.1064, time elapsed(min) 0.02---
2026-10-01 07:42:31,909 - INFO - --- validation at epoch 240, val_loss 0.0073, val_mae 0.0904, val_rmse 0.1213, val_r2 0.8110, val_pearson 0.9036, lr 2.43e-06 ---
2026-10-01 07:42:31,909 - INFO - 
****************************************************************************************************
2026-10-01 07:42:33,651 - INFO - --- training epoch 241, loss 0.0057, mae 0.0776, rmse 0.1067, time elapsed(min) 0.02---
2026-10-01 07:42:33,867 - INFO - --- validation at epoch 241, val_loss 0.0073, val_mae 0.0905, val_rmse 0.1214, val_r2 0.8107, val_pearson 0.9035, lr 2.43e-06 ---
2026-10-01 07:42:33,867 - INFO - 
****************************************************************************************************
2026-10-01 07:42:35,726 - INFO - --- training epoch 242, loss 0.0059, mae 0.0792, rmse 0.1085, time elapsed(min) 0.03---
2026-10-01 07:42:36,109 - INFO - --- validation at epoch 242, val_loss 0.0072, val_mae 0.0904, val_rmse 0.1211, val_r2 0.8115, val_pearson 0.9038, lr 2.43e-06 ---
2026-10-01 07:42:36,109 - INFO - 
****************************************************************************************************
2026-10-01 07:42:37,967 - INFO - --- training epoch 243, loss 0.0056, mae 0.0765, rmse 0.1057, time elapsed(min) 0.02---
2026-10-01 07:42:38,181 - INFO - --- validation at epoch 243, val_loss 0.0072, val_mae 0.0907, val_rmse 0.1213, val_r2 0.8109, val_pearson 0.9037, lr 2.43e-06 ---
2026-10-01 07:42:38,181 - INFO - 
****************************************************************************************************
2026-10-01 07:42:39,960 - INFO - --- training epoch 244, loss 0.0057, mae 0.0777, rmse 0.1067, time elapsed(min) 0.03---
2026-10-01 07:42:40,178 - INFO - --- validation at epoch 244, val_loss 0.0072, val_mae 0.0905, val_rmse 0.1212, val_r2 0.8113, val_pearson 0.9038, lr 2.43e-06 ---
2026-10-01 07:42:40,178 - INFO - 
****************************************************************************************************
2026-10-01 07:42:42,000 - INFO - --- training epoch 245, loss 0.0057, mae 0.0785, rmse 0.1072, time elapsed(min) 0.03---
2026-10-01 07:42:42,346 - INFO - --- validation at epoch 245, val_loss 0.0072, val_mae 0.0906, val_rmse 0.1213, val_r2 0.8110, val_pearson 0.9037, lr 2.43e-06 ---
2026-10-01 07:42:42,346 - INFO - 
****************************************************************************************************
2026-10-01 07:42:44,280 - INFO - --- training epoch 246, loss 0.0056, mae 0.0774, rmse 0.1062, time elapsed(min) 0.03---
2026-10-01 07:42:44,495 - INFO - --- validation at epoch 246, val_loss 0.0072, val_mae 0.0904, val_rmse 0.1211, val_r2 0.8115, val_pearson 0.9039, lr 2.43e-06 ---
2026-10-01 07:42:44,496 - INFO - 
****************************************************************************************************
2026-10-01 07:42:46,279 - INFO - --- training epoch 247, loss 0.0058, mae 0.0777, rmse 0.1073, time elapsed(min) 0.02---
2026-10-01 07:42:46,492 - INFO - --- validation at epoch 247, val_loss 0.0072, val_mae 0.0904, val_rmse 0.1212, val_r2 0.8114, val_pearson 0.9039, lr 1.00e-06 ---
2026-10-01 07:42:46,493 - INFO - 
****************************************************************************************************
2026-10-01 07:42:48,243 - INFO - --- training epoch 248, loss 0.0056, mae 0.0778, rmse 0.1062, time elapsed(min) 0.02---
2026-10-01 07:42:48,580 - INFO - --- validation at epoch 248, val_loss 0.0072, val_mae 0.0904, val_rmse 0.1212, val_r2 0.8113, val_pearson 0.9039, lr 1.00e-06 ---
2026-10-01 07:42:48,580 - INFO - 
****************************************************************************************************
2026-10-01 07:42:50,507 - INFO - --- training epoch 249, loss 0.0058, mae 0.0775, rmse 0.1073, time elapsed(min) 0.03---
2026-10-01 07:42:50,722 - INFO - --- validation at epoch 249, val_loss 0.0072, val_mae 0.0904, val_rmse 0.1212, val_r2 0.8112, val_pearson 0.9038, lr 1.00e-06 ---
2026-10-01 07:42:50,722 - INFO - 
****************************************************************************************************
2026-10-01 07:42:52,585 - INFO - --- training epoch 250, loss 0.0057, mae 0.0778, rmse 0.1065, time elapsed(min) 0.03---
2026-10-01 07:42:52,801 - INFO - --- validation at epoch 250, val_loss 0.0072, val_mae 0.0905, val_rmse 0.1213, val_r2 0.8111, val_pearson 0.9038, lr 1.00e-06 ---
2026-10-01 07:42:52,801 - INFO - 
****************************************************************************************************
2026-10-01 07:42:54,616 - INFO - --- training epoch 251, loss 0.0057, mae 0.0776, rmse 0.1069, time elapsed(min) 0.02---
2026-10-01 07:42:54,829 - INFO - --- validation at epoch 251, val_loss 0.0072, val_mae 0.0905, val_rmse 0.1213, val_r2 0.8111, val_pearson 0.9037, lr 1.00e-06 ---
2026-10-01 07:42:54,829 - INFO - 
****************************************************************************************************
2026-10-01 07:42:56,752 - INFO - --- training epoch 252, loss 0.0057, mae 0.0774, rmse 0.1065, time elapsed(min) 0.03---
2026-10-01 07:42:57,124 - INFO - --- validation at epoch 252, val_loss 0.0072, val_mae 0.0905, val_rmse 0.1213, val_r2 0.8111, val_pearson 0.9037, lr 1.00e-06 ---
2026-10-01 07:42:57,124 - INFO - 
****************************************************************************************************
2026-10-01 07:42:59,000 - INFO - --- training epoch 253, loss 0.0056, mae 0.0776, rmse 0.1063, time elapsed(min) 0.02---
2026-10-01 07:42:59,215 - INFO - --- validation at epoch 253, val_loss 0.0072, val_mae 0.0905, val_rmse 0.1213, val_r2 0.8110, val_pearson 0.9037, lr 1.00e-06 ---
2026-10-01 07:42:59,215 - INFO - 
****************************************************************************************************
2026-10-01 07:43:00,946 - INFO - --- training epoch 254, loss 0.0057, mae 0.0784, rmse 0.1069, time elapsed(min) 0.02---
2026-10-01 07:43:01,161 - INFO - --- validation at epoch 254, val_loss 0.0073, val_mae 0.0905, val_rmse 0.1213, val_r2 0.8109, val_pearson 0.9037, lr 1.00e-06 ---
2026-10-01 07:43:01,162 - INFO - 
****************************************************************************************************
2026-10-01 07:43:02,977 - INFO - --- training epoch 255, loss 0.0056, mae 0.0776, rmse 0.1061, time elapsed(min) 0.03---
2026-10-01 07:43:03,345 - INFO - --- validation at epoch 255, val_loss 0.0073, val_mae 0.0906, val_rmse 0.1213, val_r2 0.8109, val_pearson 0.9037, lr 1.00e-06 ---
2026-10-01 07:43:03,345 - INFO - 
****************************************************************************************************
2026-10-01 07:43:05,288 - INFO - --- training epoch 256, loss 0.0057, mae 0.0775, rmse 0.1066, time elapsed(min) 0.03---
2026-10-01 07:43:05,507 - INFO - --- validation at epoch 256, val_loss 0.0073, val_mae 0.0906, val_rmse 0.1213, val_r2 0.8109, val_pearson 0.9037, lr 1.00e-06 ---
2026-10-01 07:43:05,507 - INFO - 
****************************************************************************************************
2026-10-01 07:43:07,255 - INFO - --- training epoch 257, loss 0.0057, mae 0.0778, rmse 0.1070, time elapsed(min) 0.02---
2026-10-01 07:43:07,466 - INFO - --- validation at epoch 257, val_loss 0.0073, val_mae 0.0905, val_rmse 0.1213, val_r2 0.8109, val_pearson 0.9036, lr 1.00e-06 ---
2026-10-01 07:43:07,467 - INFO - 
****************************************************************************************************
2026-10-01 07:43:09,207 - INFO - --- training epoch 258, loss 0.0057, mae 0.0775, rmse 0.1066, time elapsed(min) 0.02---
2026-10-01 07:43:09,542 - INFO - --- validation at epoch 258, val_loss 0.0072, val_mae 0.0904, val_rmse 0.1212, val_r2 0.8111, val_pearson 0.9037, lr 1.00e-06 ---
2026-10-01 07:43:09,542 - INFO - 
****************************************************************************************************
2026-10-01 07:43:11,370 - INFO - --- training epoch 259, loss 0.0057, mae 0.0778, rmse 0.1070, time elapsed(min) 0.03---
2026-10-01 07:43:11,871 - INFO - --- validation at epoch 259, val_loss 0.0072, val_mae 0.0904, val_rmse 0.1212, val_r2 0.8114, val_pearson 0.9038, lr 1.00e-06 ---
2026-10-01 07:43:11,871 - INFO - 
****************************************************************************************************
2026-10-01 07:43:13,711 - INFO - --- training epoch 260, loss 0.0057, mae 0.0775, rmse 0.1063, time elapsed(min) 0.03---
2026-10-01 07:43:13,945 - INFO - --- validation at epoch 260, val_loss 0.0072, val_mae 0.0903, val_rmse 0.1212, val_r2 0.8113, val_pearson 0.9038, lr 1.00e-06 ---
2026-10-01 07:43:13,945 - INFO - 
****************************************************************************************************
2026-10-01 07:43:15,693 - INFO - --- training epoch 261, loss 0.0058, mae 0.0778, rmse 0.1073, time elapsed(min) 0.02---
2026-10-01 07:43:15,907 - INFO - --- validation at epoch 261, val_loss 0.0072, val_mae 0.0904, val_rmse 0.1213, val_r2 0.8111, val_pearson 0.9038, lr 1.00e-06 ---
2026-10-01 07:43:15,907 - INFO - 
****************************************************************************************************
2026-10-01 07:43:17,744 - INFO - --- training epoch 262, loss 0.0057, mae 0.0779, rmse 0.1069, time elapsed(min) 0.03---
2026-10-01 07:43:18,122 - INFO - --- validation at epoch 262, val_loss 0.0072, val_mae 0.0905, val_rmse 0.1213, val_r2 0.8111, val_pearson 0.9039, lr 1.00e-06 ---
2026-10-01 07:43:18,122 - INFO - 
****************************************************************************************************
2026-10-01 07:43:19,947 - INFO - --- training epoch 263, loss 0.0058, mae 0.0783, rmse 0.1076, time elapsed(min) 0.02---
2026-10-01 07:43:20,159 - INFO - --- validation at epoch 263, val_loss 0.0072, val_mae 0.0905, val_rmse 0.1213, val_r2 0.8110, val_pearson 0.9038, lr 1.00e-06 ---
2026-10-01 07:43:20,159 - INFO - 
****************************************************************************************************
2026-10-01 07:43:21,898 - INFO - --- training epoch 264, loss 0.0057, mae 0.0777, rmse 0.1067, time elapsed(min) 0.02---
2026-10-01 07:43:22,113 - INFO - --- validation at epoch 264, val_loss 0.0072, val_mae 0.0906, val_rmse 0.1213, val_r2 0.8110, val_pearson 0.9038, lr 1.00e-06 ---
2026-10-01 07:43:22,113 - INFO - 
****************************************************************************************************
2026-10-01 07:43:23,872 - INFO - --- training epoch 265, loss 0.0058, mae 0.0782, rmse 0.1074, time elapsed(min) 0.02---
2026-10-01 07:43:24,284 - INFO - --- validation at epoch 265, val_loss 0.0072, val_mae 0.0905, val_rmse 0.1212, val_r2 0.8112, val_pearson 0.9038, lr 1.00e-06 ---
2026-10-01 07:43:24,284 - INFO - 
****************************************************************************************************
2026-10-01 07:43:26,116 - INFO - --- training epoch 266, loss 0.0057, mae 0.0773, rmse 0.1064, time elapsed(min) 0.02---
2026-10-01 07:43:26,329 - INFO - --- validation at epoch 266, val_loss 0.0072, val_mae 0.0905, val_rmse 0.1212, val_r2 0.8112, val_pearson 0.9038, lr 1.00e-06 ---
2026-10-01 07:43:26,329 - INFO - 
****************************************************************************************************
2026-10-01 07:43:28,084 - INFO - --- training epoch 267, loss 0.0057, mae 0.0777, rmse 0.1065, time elapsed(min) 0.02---
2026-10-01 07:43:28,304 - INFO - --- validation at epoch 267, val_loss 0.0072, val_mae 0.0904, val_rmse 0.1212, val_r2 0.8114, val_pearson 0.9039, lr 1.00e-06 ---
2026-10-01 07:43:28,304 - INFO - 
****************************************************************************************************
2026-10-01 07:43:30,156 - INFO - --- training epoch 268, loss 0.0058, mae 0.0785, rmse 0.1073, time elapsed(min) 0.03---
2026-10-01 07:43:30,535 - INFO - --- validation at epoch 268, val_loss 0.0072, val_mae 0.0904, val_rmse 0.1212, val_r2 0.8113, val_pearson 0.9039, lr 1.00e-06 ---
2026-10-01 07:43:30,535 - INFO - 
****************************************************************************************************
2026-10-01 07:43:32,482 - INFO - --- training epoch 269, loss 0.0057, mae 0.0773, rmse 0.1067, time elapsed(min) 0.03---
2026-10-01 07:43:32,717 - INFO - --- validation at epoch 269, val_loss 0.0072, val_mae 0.0905, val_rmse 0.1212, val_r2 0.8114, val_pearson 0.9039, lr 1.00e-06 ---
2026-10-01 07:43:32,717 - INFO - 
****************************************************************************************************
2026-10-01 07:43:34,513 - INFO - --- training epoch 270, loss 0.0056, mae 0.0774, rmse 0.1061, time elapsed(min) 0.03---
2026-10-01 07:43:34,751 - INFO - --- validation at epoch 270, val_loss 0.0072, val_mae 0.0904, val_rmse 0.1212, val_r2 0.8114, val_pearson 0.9039, lr 1.00e-06 ---
2026-10-01 07:43:34,751 - INFO - 
****************************************************************************************************
2026-10-01 07:43:36,612 - INFO - --- training epoch 271, loss 0.0055, mae 0.0762, rmse 0.1048, time elapsed(min) 0.03---
2026-10-01 07:43:36,955 - INFO - --- validation at epoch 271, val_loss 0.0072, val_mae 0.0904, val_rmse 0.1211, val_r2 0.8115, val_pearson 0.9039, lr 1.00e-06 ---
2026-10-01 07:43:36,955 - INFO - 
****************************************************************************************************
2026-10-01 07:43:38,903 - INFO - --- training epoch 272, loss 0.0056, mae 0.0769, rmse 0.1059, time elapsed(min) 0.03---
2026-10-01 07:43:39,125 - INFO - --- validation at epoch 272, val_loss 0.0072, val_mae 0.0903, val_rmse 0.1211, val_r2 0.8116, val_pearson 0.9039, lr 1.00e-06 ---
2026-10-01 07:43:39,126 - INFO - 
****************************************************************************************************
2026-10-01 07:43:40,869 - INFO - --- training epoch 273, loss 0.0057, mae 0.0776, rmse 0.1065, time elapsed(min) 0.02---
2026-10-01 07:43:41,085 - INFO - --- validation at epoch 273, val_loss 0.0072, val_mae 0.0904, val_rmse 0.1212, val_r2 0.8114, val_pearson 0.9038, lr 1.00e-06 ---
2026-10-01 07:43:41,085 - INFO - 
****************************************************************************************************
2026-10-01 07:43:42,880 - INFO - --- training epoch 274, loss 0.0056, mae 0.0773, rmse 0.1063, time elapsed(min) 0.03---
2026-10-01 07:43:43,097 - INFO - --- validation at epoch 274, val_loss 0.0072, val_mae 0.0904, val_rmse 0.1212, val_r2 0.8114, val_pearson 0.9039, lr 1.00e-06 ---
2026-10-01 07:43:43,097 - INFO - 
****************************************************************************************************
2026-10-01 07:43:43,367 - INFO - --- early stopping at epoch 274: val_loss did not improve for 50 epochs ---
2026-10-01 07:43:43,788 - INFO - --- selected checkpoint from epoch 224, val_loss 0.0072, val_mae 0.0898, val_rmse 0.1206
2026-10-01 07:43:44,579 - INFO - -- RESULT
2026-10-01 07:43:44,579 - INFO - --- test size: 1728
2026-10-01 07:43:44,579 - INFO - --- MAE: 0.0824 (8.24 pp), RMSE: 0.1136 (11.36 pp), R2: 0.8367, Pearson: 0.9159
2026-10-01 07:43:46,870 - INFO - --- Suzuki-Miyaura | split_2 | approach_3: test R2 0.8367 MAE 0.0824 RMSE 0.1136 | 575.9s (2.1s/epoch)
2026-10-01 07:43:46,875 - INFO - --- Suzuki-Miyaura | split_2 | approach 2 (comb/mlp) (comb/mlp)
