2026-10-01 07:57:49,212 - INFO - device is	cuda:0
2026-10-01 07:57:49,351 - INFO - -- CONFIGURATIONS
2026-10-01 07:57:49,351 - INFO - --- train/valid/test: 3628/404/1728
2026-10-01 07:57:49,351 - INFO - --- max no. reactants_train, valid, test respectively: 14, 14, 14
2026-10-01 07:57:49,351 - INFO - --- max no. products_train, valid, test respectively: 1, 1, 1
2026-10-01 07:57:49,351 - INFO - --- model_path: ../logs/approach2_grid_suzuki/e400/runs/Suzuki-Miyaura_split_3_current_model/model.pt
2026-10-01 07:57:49,358 - INFO - -- TRAINING
2026-10-01 07:57:50,626 - INFO - --- training epoch 0, loss 2.3457, mae 2.7041, rmse 6.7798, time elapsed(min) 0.02---
2026-10-01 07:57:50,867 - INFO - --- validation at epoch 0, val_loss 0.0959, val_mae 0.3401, val_rmse 0.4343, val_r2 -1.3495, val_pearson 0.3131, lr 1.00e-03 ---
2026-10-01 07:57:50,867 - INFO - 
****************************************************************************************************
2026-10-01 07:57:52,480 - INFO - --- training epoch 1, loss 0.0465, mae 0.2560, rmse 0.3050, time elapsed(min) 0.02---
2026-10-01 07:57:52,872 - INFO - --- validation at epoch 1, val_loss 0.0387, val_mae 0.2454, val_rmse 0.2824, val_r2 0.0068, val_pearson 0.2357, lr 1.00e-03 ---
2026-10-01 07:57:52,873 - INFO - 
****************************************************************************************************
2026-10-01 07:57:54,643 - INFO - --- training epoch 2, loss 0.0395, mae 0.2426, rmse 0.2809, time elapsed(min) 0.02---
2026-10-01 07:57:54,848 - INFO - --- validation at epoch 2, val_loss 0.0390, val_mae 0.2441, val_rmse 0.2830, val_r2 0.0026, val_pearson 0.2659, lr 1.00e-03 ---
2026-10-01 07:57:54,848 - INFO - 
****************************************************************************************************
2026-10-01 07:57:56,363 - INFO - --- training epoch 3, loss 0.0396, mae 0.2421, rmse 0.2815, time elapsed(min) 0.02---
2026-10-01 07:57:56,574 - INFO - --- validation at epoch 3, val_loss 0.0395, val_mae 0.2421, val_rmse 0.2843, val_r2 -0.0069, val_pearson 0.3121, lr 1.00e-03 ---
2026-10-01 07:57:56,574 - INFO - 
****************************************************************************************************
2026-10-01 07:57:58,115 - INFO - --- training epoch 4, loss 0.0379, mae 0.2372, rmse 0.2753, time elapsed(min) 0.02---
2026-10-01 07:57:58,439 - INFO - --- validation at epoch 4, val_loss 0.0375, val_mae 0.2362, val_rmse 0.2777, val_r2 0.0394, val_pearson 0.3420, lr 1.00e-03 ---
2026-10-01 07:57:58,439 - INFO - 
****************************************************************************************************
2026-10-01 07:58:00,214 - INFO - --- training epoch 5, loss 0.0375, mae 0.2339, rmse 0.2739, time elapsed(min) 0.02---
2026-10-01 07:58:00,588 - INFO - --- validation at epoch 5, val_loss 0.0361, val_mae 0.2320, val_rmse 0.2729, val_r2 0.0725, val_pearson 0.3536, lr 1.00e-03 ---
2026-10-01 07:58:00,588 - INFO - 
****************************************************************************************************
2026-10-01 07:58:02,337 - INFO - --- training epoch 6, loss 0.0374, mae 0.2327, rmse 0.2734, time elapsed(min) 0.02---
2026-10-01 07:58:02,542 - INFO - --- validation at epoch 6, val_loss 0.0343, val_mae 0.2309, val_rmse 0.2673, val_r2 0.1101, val_pearson 0.3661, lr 1.00e-03 ---
2026-10-01 07:58:02,542 - INFO - 
****************************************************************************************************
2026-10-01 07:58:04,241 - INFO - --- training epoch 7, loss 0.0365, mae 0.2305, rmse 0.2701, time elapsed(min) 0.02---
2026-10-01 07:58:04,448 - INFO - --- validation at epoch 7, val_loss 0.0344, val_mae 0.2289, val_rmse 0.2670, val_r2 0.1123, val_pearson 0.3786, lr 1.00e-03 ---
2026-10-01 07:58:04,448 - INFO - 
****************************************************************************************************
2026-10-01 07:58:06,075 - INFO - --- training epoch 8, loss 0.0365, mae 0.2298, rmse 0.2701, time elapsed(min) 0.02---
2026-10-01 07:58:06,409 - INFO - --- validation at epoch 8, val_loss 0.0330, val_mae 0.2279, val_rmse 0.2629, val_r2 0.1393, val_pearson 0.3918, lr 1.00e-03 ---
2026-10-01 07:58:06,409 - INFO - 
****************************************************************************************************
2026-10-01 07:58:08,277 - INFO - --- training epoch 9, loss 0.0367, mae 0.2305, rmse 0.2709, time elapsed(min) 0.03---
2026-10-01 07:58:08,527 - INFO - --- validation at epoch 9, val_loss 0.0325, val_mae 0.2293, val_rmse 0.2627, val_r2 0.1406, val_pearson 0.4070, lr 1.00e-03 ---
2026-10-01 07:58:08,527 - INFO - 
****************************************************************************************************
2026-10-01 07:58:10,152 - INFO - --- training epoch 10, loss 0.0361, mae 0.2284, rmse 0.2688, time elapsed(min) 0.02---
2026-10-01 07:58:10,356 - INFO - --- validation at epoch 10, val_loss 0.0315, val_mae 0.2245, val_rmse 0.2579, val_r2 0.1716, val_pearson 0.4300, lr 1.00e-03 ---
2026-10-01 07:58:10,356 - INFO - 
****************************************************************************************************
2026-10-01 07:58:12,035 - INFO - --- training epoch 11, loss 0.0350, mae 0.2242, rmse 0.2644, time elapsed(min) 0.02---
2026-10-01 07:58:12,239 - INFO - --- validation at epoch 11, val_loss 0.0305, val_mae 0.2197, val_rmse 0.2532, val_r2 0.2017, val_pearson 0.4656, lr 1.00e-03 ---
2026-10-01 07:58:12,239 - INFO - 
****************************************************************************************************
2026-10-01 07:58:13,960 - INFO - --- training epoch 12, loss 0.0344, mae 0.2204, rmse 0.2623, time elapsed(min) 0.02---
2026-10-01 07:58:14,336 - INFO - --- validation at epoch 12, val_loss 0.0295, val_mae 0.2148, val_rmse 0.2487, val_r2 0.2295, val_pearson 0.5148, lr 1.00e-03 ---
2026-10-01 07:58:14,336 - INFO - 
****************************************************************************************************
2026-10-01 07:58:16,121 - INFO - --- training epoch 13, loss 0.0326, mae 0.2124, rmse 0.2552, time elapsed(min) 0.02---
2026-10-01 07:58:16,329 - INFO - --- validation at epoch 13, val_loss 0.0277, val_mae 0.2050, val_rmse 0.2425, val_r2 0.2677, val_pearson 0.5350, lr 1.00e-03 ---
2026-10-01 07:58:16,329 - INFO - 
****************************************************************************************************
2026-10-01 07:58:18,041 - INFO - --- training epoch 14, loss 0.0314, mae 0.2077, rmse 0.2507, time elapsed(min) 0.02---
2026-10-01 07:58:18,248 - INFO - --- validation at epoch 14, val_loss 0.0278, val_mae 0.2040, val_rmse 0.2428, val_r2 0.2655, val_pearson 0.5520, lr 1.00e-03 ---
2026-10-01 07:58:18,248 - INFO - 
****************************************************************************************************
2026-10-01 07:58:19,797 - INFO - --- training epoch 15, loss 0.0312, mae 0.2061, rmse 0.2496, time elapsed(min) 0.02---
2026-10-01 07:58:20,158 - INFO - --- validation at epoch 15, val_loss 0.0274, val_mae 0.2022, val_rmse 0.2412, val_r2 0.2755, val_pearson 0.5652, lr 1.00e-03 ---
2026-10-01 07:58:20,158 - INFO - 
****************************************************************************************************
2026-10-01 07:58:21,932 - INFO - --- training epoch 16, loss 0.0307, mae 0.2041, rmse 0.2478, time elapsed(min) 0.02---
2026-10-01 07:58:22,157 - INFO - --- validation at epoch 16, val_loss 0.0273, val_mae 0.2019, val_rmse 0.2406, val_r2 0.2787, val_pearson 0.5716, lr 1.00e-03 ---
2026-10-01 07:58:22,157 - INFO - 
****************************************************************************************************
2026-10-01 07:58:23,789 - INFO - --- training epoch 17, loss 0.0303, mae 0.2023, rmse 0.2461, time elapsed(min) 0.02---
2026-10-01 07:58:23,996 - INFO - --- validation at epoch 17, val_loss 0.0276, val_mae 0.2022, val_rmse 0.2419, val_r2 0.2711, val_pearson 0.5856, lr 1.00e-03 ---
2026-10-01 07:58:23,996 - INFO - 
****************************************************************************************************
2026-10-01 07:58:25,616 - INFO - --- training epoch 18, loss 0.0297, mae 0.2000, rmse 0.2436, time elapsed(min) 0.02---
2026-10-01 07:58:25,951 - INFO - --- validation at epoch 18, val_loss 0.0261, val_mae 0.1943, val_rmse 0.2331, val_r2 0.3235, val_pearson 0.6122, lr 1.00e-03 ---
2026-10-01 07:58:25,952 - INFO - 
****************************************************************************************************
2026-10-01 07:58:27,829 - INFO - --- training epoch 19, loss 0.0279, mae 0.1930, rmse 0.2364, time elapsed(min) 0.03---
2026-10-01 07:58:28,032 - INFO - --- validation at epoch 19, val_loss 0.0225, val_mae 0.1736, val_rmse 0.2143, val_r2 0.4278, val_pearson 0.7128, lr 1.00e-03 ---
2026-10-01 07:58:28,032 - INFO - 
****************************************************************************************************
2026-10-01 07:58:29,779 - INFO - --- training epoch 20, loss 0.0227, mae 0.1705, rmse 0.2132, time elapsed(min) 0.02---
2026-10-01 07:58:29,988 - INFO - --- validation at epoch 20, val_loss 0.0275, val_mae 0.1775, val_rmse 0.2345, val_r2 0.3151, val_pearson 0.6723, lr 1.00e-03 ---
2026-10-01 07:58:29,988 - INFO - 
****************************************************************************************************
2026-10-01 07:58:31,633 - INFO - --- training epoch 21, loss 0.0217, mae 0.1657, rmse 0.2082, time elapsed(min) 0.02---
2026-10-01 07:58:31,962 - INFO - --- validation at epoch 21, val_loss 0.0199, val_mae 0.1599, val_rmse 0.2032, val_r2 0.4857, val_pearson 0.7229, lr 1.00e-03 ---
2026-10-01 07:58:31,962 - INFO - 
****************************************************************************************************
2026-10-01 07:58:33,695 - INFO - --- training epoch 22, loss 0.0201, mae 0.1588, rmse 0.2007, time elapsed(min) 0.02---
2026-10-01 07:58:34,057 - INFO - --- validation at epoch 22, val_loss 0.0205, val_mae 0.1591, val_rmse 0.2046, val_r2 0.4785, val_pearson 0.7289, lr 1.00e-03 ---
2026-10-01 07:58:34,057 - INFO - 
****************************************************************************************************
2026-10-01 07:58:35,741 - INFO - --- training epoch 23, loss 0.0193, mae 0.1553, rmse 0.1965, time elapsed(min) 0.02---
2026-10-01 07:58:35,951 - INFO - --- validation at epoch 23, val_loss 0.0223, val_mae 0.1618, val_rmse 0.2099, val_r2 0.4511, val_pearson 0.7353, lr 1.00e-03 ---
2026-10-01 07:58:35,951 - INFO - 
****************************************************************************************************
2026-10-01 07:58:37,498 - INFO - --- training epoch 24, loss 0.0190, mae 0.1541, rmse 0.1951, time elapsed(min) 0.02---
2026-10-01 07:58:37,702 - INFO - --- validation at epoch 24, val_loss 0.0202, val_mae 0.1575, val_rmse 0.2014, val_r2 0.4947, val_pearson 0.7705, lr 1.00e-03 ---
2026-10-01 07:58:37,702 - INFO - 
****************************************************************************************************
2026-10-01 07:58:39,367 - INFO - --- training epoch 25, loss 0.0190, mae 0.1548, rmse 0.1949, time elapsed(min) 0.02---
2026-10-01 07:58:39,749 - INFO - --- validation at epoch 25, val_loss 0.0169, val_mae 0.1459, val_rmse 0.1863, val_r2 0.5677, val_pearson 0.7775, lr 1.00e-03 ---
2026-10-01 07:58:39,749 - INFO - 
****************************************************************************************************
2026-10-01 07:58:41,554 - INFO - --- training epoch 26, loss 0.0181, mae 0.1493, rmse 0.1900, time elapsed(min) 0.02---
2026-10-01 07:58:41,758 - INFO - --- validation at epoch 26, val_loss 0.0163, val_mae 0.1421, val_rmse 0.1803, val_r2 0.5950, val_pearson 0.7937, lr 1.00e-03 ---
2026-10-01 07:58:41,759 - INFO - 
****************************************************************************************************
2026-10-01 07:58:43,463 - INFO - --- training epoch 27, loss 0.0174, mae 0.1466, rmse 0.1868, time elapsed(min) 0.02---
2026-10-01 07:58:43,710 - INFO - --- validation at epoch 27, val_loss 0.0155, val_mae 0.1378, val_rmse 0.1755, val_r2 0.6165, val_pearson 0.8014, lr 1.00e-03 ---
2026-10-01 07:58:43,710 - INFO - 
****************************************************************************************************
2026-10-01 07:58:45,510 - INFO - --- training epoch 28, loss 0.0175, mae 0.1469, rmse 0.1868, time elapsed(min) 0.02---
2026-10-01 07:58:45,894 - INFO - --- validation at epoch 28, val_loss 0.0149, val_mae 0.1349, val_rmse 0.1722, val_r2 0.6304, val_pearson 0.8139, lr 1.00e-03 ---
2026-10-01 07:58:45,894 - INFO - 
****************************************************************************************************
2026-10-01 07:58:47,796 - INFO - --- training epoch 29, loss 0.0171, mae 0.1431, rmse 0.1847, time elapsed(min) 0.02---
2026-10-01 07:58:48,000 - INFO - --- validation at epoch 29, val_loss 0.0137, val_mae 0.1292, val_rmse 0.1663, val_r2 0.6555, val_pearson 0.8136, lr 1.00e-03 ---
2026-10-01 07:58:48,000 - INFO - 
****************************************************************************************************
2026-10-01 07:58:49,598 - INFO - --- training epoch 30, loss 0.0164, mae 0.1408, rmse 0.1809, time elapsed(min) 0.02---
2026-10-01 07:58:49,804 - INFO - --- validation at epoch 30, val_loss 0.0160, val_mae 0.1358, val_rmse 0.1771, val_r2 0.6094, val_pearson 0.8249, lr 1.00e-03 ---
2026-10-01 07:58:49,804 - INFO - 
****************************************************************************************************
2026-10-01 07:58:51,433 - INFO - --- training epoch 31, loss 0.0162, mae 0.1385, rmse 0.1798, time elapsed(min) 0.02---
2026-10-01 07:58:51,766 - INFO - --- validation at epoch 31, val_loss 0.0136, val_mae 0.1283, val_rmse 0.1652, val_r2 0.6599, val_pearson 0.8214, lr 1.00e-03 ---
2026-10-01 07:58:51,766 - INFO - 
****************************************************************************************************
2026-10-01 07:58:53,587 - INFO - --- training epoch 32, loss 0.0155, mae 0.1366, rmse 0.1761, time elapsed(min) 0.02---
2026-10-01 07:58:53,809 - INFO - --- validation at epoch 32, val_loss 0.0144, val_mae 0.1305, val_rmse 0.1670, val_r2 0.6526, val_pearson 0.8195, lr 1.00e-03 ---
2026-10-01 07:58:53,810 - INFO - 
****************************************************************************************************
2026-10-01 07:58:55,357 - INFO - --- training epoch 33, loss 0.0156, mae 0.1360, rmse 0.1766, time elapsed(min) 0.02---
2026-10-01 07:58:55,566 - INFO - --- validation at epoch 33, val_loss 0.0130, val_mae 0.1229, val_rmse 0.1604, val_r2 0.6797, val_pearson 0.8380, lr 1.00e-03 ---
2026-10-01 07:58:55,566 - INFO - 
****************************************************************************************************
2026-10-01 07:58:57,243 - INFO - --- training epoch 34, loss 0.0153, mae 0.1348, rmse 0.1749, time elapsed(min) 0.02---
2026-10-01 07:58:57,466 - INFO - --- validation at epoch 34, val_loss 0.0136, val_mae 0.1242, val_rmse 0.1608, val_r2 0.6778, val_pearson 0.8306, lr 1.00e-03 ---
2026-10-01 07:58:57,467 - INFO - 
****************************************************************************************************
2026-10-01 07:58:59,169 - INFO - --- training epoch 35, loss 0.0147, mae 0.1315, rmse 0.1712, time elapsed(min) 0.02---
2026-10-01 07:58:59,670 - INFO - --- validation at epoch 35, val_loss 0.0129, val_mae 0.1202, val_rmse 0.1573, val_r2 0.6918, val_pearson 0.8385, lr 1.00e-03 ---
2026-10-01 07:58:59,670 - INFO - 
****************************************************************************************************
2026-10-01 07:59:01,293 - INFO - --- training epoch 36, loss 0.0139, mae 0.1270, rmse 0.1668, time elapsed(min) 0.02---
2026-10-01 07:59:01,500 - INFO - --- validation at epoch 36, val_loss 0.0126, val_mae 0.1214, val_rmse 0.1580, val_r2 0.6892, val_pearson 0.8492, lr 1.00e-03 ---
2026-10-01 07:59:01,500 - INFO - 
****************************************************************************************************
2026-10-01 07:59:03,159 - INFO - --- training epoch 37, loss 0.0168, mae 0.1418, rmse 0.1836, time elapsed(min) 0.02---
2026-10-01 07:59:03,366 - INFO - --- validation at epoch 37, val_loss 0.0115, val_mae 0.1181, val_rmse 0.1516, val_r2 0.7136, val_pearson 0.8476, lr 1.00e-03 ---
2026-10-01 07:59:03,366 - INFO - 
****************************************************************************************************
2026-10-01 07:59:05,086 - INFO - --- training epoch 38, loss 0.0143, mae 0.1304, rmse 0.1694, time elapsed(min) 0.02---
2026-10-01 07:59:05,467 - INFO - --- validation at epoch 38, val_loss 0.0106, val_mae 0.1139, val_rmse 0.1475, val_r2 0.7291, val_pearson 0.8567, lr 1.00e-03 ---
2026-10-01 07:59:05,467 - INFO - 
****************************************************************************************************
2026-10-01 07:59:07,231 - INFO - --- training epoch 39, loss 0.0135, mae 0.1251, rmse 0.1643, time elapsed(min) 0.02---
2026-10-01 07:59:07,439 - INFO - --- validation at epoch 39, val_loss 0.0104, val_mae 0.1097, val_rmse 0.1453, val_r2 0.7371, val_pearson 0.8598, lr 1.00e-03 ---
2026-10-01 07:59:07,439 - INFO - 
****************************************************************************************************
2026-10-01 07:59:09,192 - INFO - --- training epoch 40, loss 0.0129, mae 0.1216, rmse 0.1608, time elapsed(min) 0.02---
2026-10-01 07:59:09,418 - INFO - --- validation at epoch 40, val_loss 0.0128, val_mae 0.1189, val_rmse 0.1565, val_r2 0.6948, val_pearson 0.8486, lr 1.00e-03 ---
2026-10-01 07:59:09,418 - INFO - 
****************************************************************************************************
2026-10-01 07:59:10,985 - INFO - --- training epoch 41, loss 0.0156, mae 0.1364, rmse 0.1768, time elapsed(min) 0.02---
2026-10-01 07:59:11,315 - INFO - --- validation at epoch 41, val_loss 0.0145, val_mae 0.1357, val_rmse 0.1679, val_r2 0.6490, val_pearson 0.8381, lr 1.00e-03 ---
2026-10-01 07:59:11,315 - INFO - 
****************************************************************************************************
2026-10-01 07:59:13,074 - INFO - --- training epoch 42, loss 0.0144, mae 0.1307, rmse 0.1694, time elapsed(min) 0.02---
2026-10-01 07:59:13,293 - INFO - --- validation at epoch 42, val_loss 0.0114, val_mae 0.1174, val_rmse 0.1489, val_r2 0.7237, val_pearson 0.8549, lr 1.00e-03 ---
2026-10-01 07:59:13,293 - INFO - 
****************************************************************************************************
2026-10-01 07:59:14,858 - INFO - --- training epoch 43, loss 0.0126, mae 0.1212, rmse 0.1589, time elapsed(min) 0.02---
2026-10-01 07:59:15,072 - INFO - --- validation at epoch 43, val_loss 0.0095, val_mae 0.1049, val_rmse 0.1399, val_r2 0.7561, val_pearson 0.8699, lr 1.00e-03 ---
2026-10-01 07:59:15,073 - INFO - 
****************************************************************************************************
2026-10-01 07:59:16,715 - INFO - --- training epoch 44, loss 0.0126, mae 0.1198, rmse 0.1589, time elapsed(min) 0.02---
2026-10-01 07:59:17,045 - INFO - --- validation at epoch 44, val_loss 0.0093, val_mae 0.1069, val_rmse 0.1398, val_r2 0.7564, val_pearson 0.8711, lr 1.00e-03 ---
2026-10-01 07:59:17,046 - INFO - 
****************************************************************************************************
2026-10-01 07:59:18,895 - INFO - --- training epoch 45, loss 0.0124, mae 0.1191, rmse 0.1575, time elapsed(min) 0.02---
2026-10-01 07:59:19,099 - INFO - --- validation at epoch 45, val_loss 0.0103, val_mae 0.1079, val_rmse 0.1458, val_r2 0.7353, val_pearson 0.8632, lr 1.00e-03 ---
2026-10-01 07:59:19,100 - INFO - 
****************************************************************************************************
2026-10-01 07:59:20,644 - INFO - --- training epoch 46, loss 0.0124, mae 0.1195, rmse 0.1575, time elapsed(min) 0.02---
2026-10-01 07:59:20,850 - INFO - --- validation at epoch 46, val_loss 0.0093, val_mae 0.1052, val_rmse 0.1395, val_r2 0.7575, val_pearson 0.8713, lr 1.00e-03 ---
2026-10-01 07:59:20,850 - INFO - 
****************************************************************************************************
2026-10-01 07:59:22,417 - INFO - --- training epoch 47, loss 0.0127, mae 0.1209, rmse 0.1592, time elapsed(min) 0.02---
2026-10-01 07:59:22,744 - INFO - --- validation at epoch 47, val_loss 0.0093, val_mae 0.1060, val_rmse 0.1398, val_r2 0.7565, val_pearson 0.8703, lr 1.00e-03 ---
2026-10-01 07:59:22,745 - INFO - 
****************************************************************************************************
2026-10-01 07:59:24,568 - INFO - --- training epoch 48, loss 0.0128, mae 0.1206, rmse 0.1599, time elapsed(min) 0.02---
2026-10-01 07:59:25,050 - INFO - --- validation at epoch 48, val_loss 0.0098, val_mae 0.1081, val_rmse 0.1430, val_r2 0.7454, val_pearson 0.8684, lr 1.00e-03 ---
2026-10-01 07:59:25,050 - INFO - 
****************************************************************************************************
2026-10-01 07:59:26,595 - INFO - --- training epoch 49, loss 0.0121, mae 0.1184, rmse 0.1558, time elapsed(min) 0.02---
2026-10-01 07:59:26,797 - INFO - --- validation at epoch 49, val_loss 0.0097, val_mae 0.1057, val_rmse 0.1407, val_r2 0.7534, val_pearson 0.8693, lr 1.00e-03 ---
2026-10-01 07:59:26,797 - INFO - 
****************************************************************************************************
2026-10-01 07:59:28,347 - INFO - --- training epoch 50, loss 0.0120, mae 0.1171, rmse 0.1552, time elapsed(min) 0.02---
2026-10-01 07:59:28,555 - INFO - --- validation at epoch 50, val_loss 0.0096, val_mae 0.1066, val_rmse 0.1421, val_r2 0.7486, val_pearson 0.8677, lr 1.00e-03 ---
2026-10-01 07:59:28,555 - INFO - 
****************************************************************************************************
2026-10-01 07:59:30,256 - INFO - --- training epoch 51, loss 0.0118, mae 0.1154, rmse 0.1537, time elapsed(min) 0.02---
2026-10-01 07:59:30,676 - INFO - --- validation at epoch 51, val_loss 0.0093, val_mae 0.1033, val_rmse 0.1393, val_r2 0.7583, val_pearson 0.8722, lr 1.00e-03 ---
2026-10-01 07:59:30,676 - INFO - 
****************************************************************************************************
2026-10-01 07:59:32,387 - INFO - --- training epoch 52, loss 0.0117, mae 0.1150, rmse 0.1528, time elapsed(min) 0.02---
2026-10-01 07:59:32,637 - INFO - --- validation at epoch 52, val_loss 0.0116, val_mae 0.1118, val_rmse 0.1527, val_r2 0.7097, val_pearson 0.8600, lr 1.00e-03 ---
2026-10-01 07:59:32,637 - INFO - 
****************************************************************************************************
2026-10-01 07:59:34,236 - INFO - --- training epoch 53, loss 0.0116, mae 0.1151, rmse 0.1525, time elapsed(min) 0.02---
2026-10-01 07:59:34,444 - INFO - --- validation at epoch 53, val_loss 0.0098, val_mae 0.1056, val_rmse 0.1432, val_r2 0.7446, val_pearson 0.8698, lr 1.00e-03 ---
2026-10-01 07:59:34,444 - INFO - 
****************************************************************************************************
2026-10-01 07:59:36,147 - INFO - --- training epoch 54, loss 0.0112, mae 0.1137, rmse 0.1499, time elapsed(min) 0.02---
2026-10-01 07:59:36,511 - INFO - --- validation at epoch 54, val_loss 0.0089, val_mae 0.1035, val_rmse 0.1391, val_r2 0.7590, val_pearson 0.8719, lr 1.00e-03 ---
2026-10-01 07:59:36,511 - INFO - 
****************************************************************************************************
2026-10-01 07:59:38,328 - INFO - --- training epoch 55, loss 0.0113, mae 0.1134, rmse 0.1504, time elapsed(min) 0.02---
2026-10-01 07:59:38,547 - INFO - --- validation at epoch 55, val_loss 0.0095, val_mae 0.1044, val_rmse 0.1404, val_r2 0.7544, val_pearson 0.8696, lr 1.00e-03 ---
2026-10-01 07:59:38,547 - INFO - 
****************************************************************************************************
2026-10-01 07:59:40,136 - INFO - --- training epoch 56, loss 0.0112, mae 0.1124, rmse 0.1494, time elapsed(min) 0.02---
2026-10-01 07:59:40,360 - INFO - --- validation at epoch 56, val_loss 0.0095, val_mae 0.1037, val_rmse 0.1406, val_r2 0.7539, val_pearson 0.8771, lr 1.00e-03 ---
2026-10-01 07:59:40,360 - INFO - 
****************************************************************************************************
2026-10-01 07:59:41,912 - INFO - --- training epoch 57, loss 0.0107, mae 0.1100, rmse 0.1466, time elapsed(min) 0.02---
2026-10-01 07:59:42,246 - INFO - --- validation at epoch 57, val_loss 0.0092, val_mae 0.1045, val_rmse 0.1406, val_r2 0.7539, val_pearson 0.8766, lr 1.00e-03 ---
2026-10-01 07:59:42,246 - INFO - 
****************************************************************************************************
2026-10-01 07:59:43,980 - INFO - --- training epoch 58, loss 0.0106, mae 0.1097, rmse 0.1455, time elapsed(min) 0.02---
2026-10-01 07:59:44,186 - INFO - --- validation at epoch 58, val_loss 0.0104, val_mae 0.1120, val_rmse 0.1460, val_r2 0.7346, val_pearson 0.8659, lr 1.00e-03 ---
2026-10-01 07:59:44,186 - INFO - 
****************************************************************************************************
2026-10-01 07:59:45,741 - INFO - --- training epoch 59, loss 0.0112, mae 0.1130, rmse 0.1493, time elapsed(min) 0.02---
2026-10-01 07:59:45,990 - INFO - --- validation at epoch 59, val_loss 0.0110, val_mae 0.1152, val_rmse 0.1520, val_r2 0.7122, val_pearson 0.8592, lr 1.00e-03 ---
2026-10-01 07:59:45,990 - INFO - 
****************************************************************************************************
2026-10-01 07:59:47,611 - INFO - --- training epoch 60, loss 0.0115, mae 0.1157, rmse 0.1516, time elapsed(min) 0.02---
2026-10-01 07:59:47,940 - INFO - --- validation at epoch 60, val_loss 0.0095, val_mae 0.1066, val_rmse 0.1393, val_r2 0.7582, val_pearson 0.8719, lr 1.00e-03 ---
2026-10-01 07:59:47,940 - INFO - 
****************************************************************************************************
2026-10-01 07:59:49,615 - INFO - --- training epoch 61, loss 0.0113, mae 0.1143, rmse 0.1505, time elapsed(min) 0.02---
2026-10-01 07:59:50,076 - INFO - --- validation at epoch 61, val_loss 0.0090, val_mae 0.1016, val_rmse 0.1393, val_r2 0.7584, val_pearson 0.8724, lr 1.00e-03 ---
2026-10-01 07:59:50,076 - INFO - 
****************************************************************************************************
2026-10-01 07:59:51,754 - INFO - --- training epoch 62, loss 0.0123, mae 0.1200, rmse 0.1565, time elapsed(min) 0.02---
2026-10-01 07:59:51,999 - INFO - --- validation at epoch 62, val_loss 0.0090, val_mae 0.1015, val_rmse 0.1368, val_r2 0.7670, val_pearson 0.8795, lr 1.00e-03 ---
2026-10-01 07:59:51,999 - INFO - 
****************************************************************************************************
2026-10-01 07:59:53,565 - INFO - --- training epoch 63, loss 0.0104, mae 0.1084, rmse 0.1444, time elapsed(min) 0.02---
2026-10-01 07:59:53,793 - INFO - --- validation at epoch 63, val_loss 0.0100, val_mae 0.1066, val_rmse 0.1433, val_r2 0.7444, val_pearson 0.8701, lr 1.00e-03 ---
2026-10-01 07:59:53,793 - INFO - 
****************************************************************************************************
2026-10-01 07:59:55,479 - INFO - --- training epoch 64, loss 0.0107, mae 0.1107, rmse 0.1465, time elapsed(min) 0.02---
2026-10-01 07:59:55,977 - INFO - --- validation at epoch 64, val_loss 0.0086, val_mae 0.1012, val_rmse 0.1373, val_r2 0.7652, val_pearson 0.8796, lr 1.00e-03 ---
2026-10-01 07:59:55,977 - INFO - 
****************************************************************************************************
2026-10-01 07:59:57,604 - INFO - --- training epoch 65, loss 0.0102, mae 0.1076, rmse 0.1429, time elapsed(min) 0.02---
2026-10-01 07:59:57,830 - INFO - --- validation at epoch 65, val_loss 0.0085, val_mae 0.0971, val_rmse 0.1352, val_r2 0.7723, val_pearson 0.8816, lr 1.00e-03 ---
2026-10-01 07:59:57,830 - INFO - 
****************************************************************************************************
2026-10-01 07:59:59,469 - INFO - --- training epoch 66, loss 0.0105, mae 0.1090, rmse 0.1447, time elapsed(min) 0.02---
2026-10-01 07:59:59,676 - INFO - --- validation at epoch 66, val_loss 0.0095, val_mae 0.1052, val_rmse 0.1426, val_r2 0.7468, val_pearson 0.8658, lr 1.00e-03 ---
2026-10-01 07:59:59,676 - INFO - 
****************************************************************************************************
2026-10-01 08:00:01,422 - INFO - --- training epoch 67, loss 0.0105, mae 0.1090, rmse 0.1446, time elapsed(min) 0.02---
2026-10-01 08:00:01,781 - INFO - --- validation at epoch 67, val_loss 0.0087, val_mae 0.1023, val_rmse 0.1356, val_r2 0.7711, val_pearson 0.8785, lr 1.00e-03 ---
2026-10-01 08:00:01,781 - INFO - 
****************************************************************************************************
2026-10-01 08:00:03,437 - INFO - --- training epoch 68, loss 0.0104, mae 0.1084, rmse 0.1439, time elapsed(min) 0.02---
2026-10-01 08:00:03,648 - INFO - --- validation at epoch 68, val_loss 0.0082, val_mae 0.1005, val_rmse 0.1327, val_r2 0.7808, val_pearson 0.8839, lr 1.00e-03 ---
2026-10-01 08:00:03,648 - INFO - 
****************************************************************************************************
2026-10-01 08:00:05,304 - INFO - --- training epoch 69, loss 0.0102, mae 0.1070, rmse 0.1426, time elapsed(min) 0.02---
2026-10-01 08:00:05,514 - INFO - --- validation at epoch 69, val_loss 0.0087, val_mae 0.0995, val_rmse 0.1359, val_r2 0.7700, val_pearson 0.8811, lr 1.00e-03 ---
2026-10-01 08:00:05,514 - INFO - 
****************************************************************************************************
2026-10-01 08:00:07,101 - INFO - --- training epoch 70, loss 0.0100, mae 0.1073, rmse 0.1411, time elapsed(min) 0.02---
2026-10-01 08:00:07,437 - INFO - --- validation at epoch 70, val_loss 0.0081, val_mae 0.0993, val_rmse 0.1337, val_r2 0.7774, val_pearson 0.8821, lr 1.00e-03 ---
2026-10-01 08:00:07,437 - INFO - 
****************************************************************************************************
2026-10-01 08:00:09,361 - INFO - --- training epoch 71, loss 0.0102, mae 0.1077, rmse 0.1426, time elapsed(min) 0.03---
2026-10-01 08:00:09,616 - INFO - --- validation at epoch 71, val_loss 0.0084, val_mae 0.1014, val_rmse 0.1342, val_r2 0.7758, val_pearson 0.8816, lr 1.00e-03 ---
2026-10-01 08:00:09,616 - INFO - 
****************************************************************************************************
2026-10-01 08:00:11,221 - INFO - --- training epoch 72, loss 0.0102, mae 0.1080, rmse 0.1430, time elapsed(min) 0.02---
2026-10-01 08:00:11,428 - INFO - --- validation at epoch 72, val_loss 0.0088, val_mae 0.1036, val_rmse 0.1359, val_r2 0.7698, val_pearson 0.8777, lr 1.00e-03 ---
2026-10-01 08:00:11,428 - INFO - 
****************************************************************************************************
2026-10-01 08:00:13,006 - INFO - --- training epoch 73, loss 0.0104, mae 0.1100, rmse 0.1444, time elapsed(min) 0.02---
2026-10-01 08:00:13,337 - INFO - --- validation at epoch 73, val_loss 0.0086, val_mae 0.1049, val_rmse 0.1365, val_r2 0.7679, val_pearson 0.8814, lr 1.00e-03 ---
2026-10-01 08:00:13,337 - INFO - 
****************************************************************************************************
2026-10-01 08:00:15,132 - INFO - --- training epoch 74, loss 0.0102, mae 0.1087, rmse 0.1428, time elapsed(min) 0.03---
2026-10-01 08:00:15,338 - INFO - --- validation at epoch 74, val_loss 0.0095, val_mae 0.1066, val_rmse 0.1388, val_r2 0.7601, val_pearson 0.8721, lr 1.00e-03 ---
2026-10-01 08:00:15,338 - INFO - 
****************************************************************************************************
2026-10-01 08:00:16,882 - INFO - --- training epoch 75, loss 0.0114, mae 0.1152, rmse 0.1509, time elapsed(min) 0.02---
2026-10-01 08:00:17,089 - INFO - --- validation at epoch 75, val_loss 0.0202, val_mae 0.1552, val_rmse 0.1967, val_r2 0.5179, val_pearson 0.8746, lr 1.00e-03 ---
2026-10-01 08:00:17,089 - INFO - 
****************************************************************************************************
2026-10-01 08:00:18,677 - INFO - --- training epoch 76, loss 0.0114, mae 0.1159, rmse 0.1512, time elapsed(min) 0.02---
2026-10-01 08:00:18,896 - INFO - --- validation at epoch 76, val_loss 0.0101, val_mae 0.1120, val_rmse 0.1422, val_r2 0.7480, val_pearson 0.8688, lr 1.00e-03 ---
2026-10-01 08:00:18,896 - INFO - 
****************************************************************************************************
2026-10-01 08:00:20,542 - INFO - --- training epoch 77, loss 0.0105, mae 0.1102, rmse 0.1447, time elapsed(min) 0.02---
2026-10-01 08:00:20,926 - INFO - --- validation at epoch 77, val_loss 0.0089, val_mae 0.1092, val_rmse 0.1375, val_r2 0.7644, val_pearson 0.8787, lr 1.00e-03 ---
2026-10-01 08:00:20,926 - INFO - 
****************************************************************************************************
2026-10-01 08:00:22,731 - INFO - --- training epoch 78, loss 0.0099, mae 0.1067, rmse 0.1405, time elapsed(min) 0.02---
2026-10-01 08:00:22,939 - INFO - --- validation at epoch 78, val_loss 0.0085, val_mae 0.1066, val_rmse 0.1351, val_r2 0.7727, val_pearson 0.8802, lr 1.00e-03 ---
2026-10-01 08:00:22,939 - INFO - 
****************************************************************************************************
2026-10-01 08:00:24,508 - INFO - --- training epoch 79, loss 0.0102, mae 0.1078, rmse 0.1431, time elapsed(min) 0.02---
2026-10-01 08:00:24,718 - INFO - --- validation at epoch 79, val_loss 0.0085, val_mae 0.1027, val_rmse 0.1348, val_r2 0.7736, val_pearson 0.8829, lr 1.00e-03 ---
2026-10-01 08:00:24,718 - INFO - 
****************************************************************************************************
2026-10-01 08:00:26,360 - INFO - --- training epoch 80, loss 0.0104, mae 0.1094, rmse 0.1444, time elapsed(min) 0.02---
2026-10-01 08:00:26,736 - INFO - --- validation at epoch 80, val_loss 0.0094, val_mae 0.1074, val_rmse 0.1384, val_r2 0.7614, val_pearson 0.8904, lr 1.00e-03 ---
2026-10-01 08:00:26,737 - INFO - 
****************************************************************************************************
2026-10-01 08:00:28,542 - INFO - --- training epoch 81, loss 0.0103, mae 0.1082, rmse 0.1435, time elapsed(min) 0.03---
2026-10-01 08:00:28,744 - INFO - --- validation at epoch 81, val_loss 0.0083, val_mae 0.0988, val_rmse 0.1315, val_r2 0.7847, val_pearson 0.8859, lr 1.00e-03 ---
2026-10-01 08:00:28,744 - INFO - 
****************************************************************************************************
2026-10-01 08:00:30,338 - INFO - --- training epoch 82, loss 0.0087, mae 0.0986, rmse 0.1322, time elapsed(min) 0.02---
2026-10-01 08:00:30,563 - INFO - --- validation at epoch 82, val_loss 0.0077, val_mae 0.0945, val_rmse 0.1267, val_r2 0.8001, val_pearson 0.8959, lr 3.00e-04 ---
2026-10-01 08:00:30,563 - INFO - 
****************************************************************************************************
2026-10-01 08:00:32,186 - INFO - --- training epoch 83, loss 0.0084, mae 0.0962, rmse 0.1298, time elapsed(min) 0.02---
2026-10-01 08:00:32,521 - INFO - --- validation at epoch 83, val_loss 0.0077, val_mae 0.0951, val_rmse 0.1278, val_r2 0.7965, val_pearson 0.8931, lr 3.00e-04 ---
2026-10-01 08:00:32,521 - INFO - 
****************************************************************************************************
2026-10-01 08:00:34,378 - INFO - --- training epoch 84, loss 0.0086, mae 0.0977, rmse 0.1309, time elapsed(min) 0.03---
2026-10-01 08:00:34,607 - INFO - --- validation at epoch 84, val_loss 0.0074, val_mae 0.0939, val_rmse 0.1256, val_r2 0.8034, val_pearson 0.8976, lr 3.00e-04 ---
2026-10-01 08:00:34,607 - INFO - 
****************************************************************************************************
2026-10-01 08:00:36,294 - INFO - --- training epoch 85, loss 0.0083, mae 0.0963, rmse 0.1290, time elapsed(min) 0.02---
2026-10-01 08:00:36,502 - INFO - --- validation at epoch 85, val_loss 0.0075, val_mae 0.0941, val_rmse 0.1278, val_r2 0.7964, val_pearson 0.8962, lr 3.00e-04 ---
2026-10-01 08:00:36,502 - INFO - 
****************************************************************************************************
2026-10-01 08:00:38,049 - INFO - --- training epoch 86, loss 0.0084, mae 0.0960, rmse 0.1293, time elapsed(min) 0.02---
2026-10-01 08:00:38,272 - INFO - --- validation at epoch 86, val_loss 0.0077, val_mae 0.0952, val_rmse 0.1287, val_r2 0.7936, val_pearson 0.8965, lr 3.00e-04 ---
2026-10-01 08:00:38,272 - INFO - 
****************************************************************************************************
2026-10-01 08:00:39,920 - INFO - --- training epoch 87, loss 0.0085, mae 0.0973, rmse 0.1303, time elapsed(min) 0.02---
2026-10-01 08:00:40,279 - INFO - --- validation at epoch 87, val_loss 0.0073, val_mae 0.0940, val_rmse 0.1266, val_r2 0.8003, val_pearson 0.8957, lr 3.00e-04 ---
2026-10-01 08:00:40,279 - INFO - 
****************************************************************************************************
2026-10-01 08:00:42,098 - INFO - --- training epoch 88, loss 0.0085, mae 0.0971, rmse 0.1306, time elapsed(min) 0.02---
2026-10-01 08:00:42,300 - INFO - --- validation at epoch 88, val_loss 0.0071, val_mae 0.0916, val_rmse 0.1238, val_r2 0.8090, val_pearson 0.9004, lr 3.00e-04 ---
2026-10-01 08:00:42,301 - INFO - 
****************************************************************************************************
2026-10-01 08:00:44,103 - INFO - --- training epoch 89, loss 0.0081, mae 0.0938, rmse 0.1270, time elapsed(min) 0.02---
2026-10-01 08:00:44,311 - INFO - --- validation at epoch 89, val_loss 0.0074, val_mae 0.0929, val_rmse 0.1258, val_r2 0.8028, val_pearson 0.9000, lr 3.00e-04 ---
2026-10-01 08:00:44,311 - INFO - 
****************************************************************************************************
2026-10-01 08:00:45,916 - INFO - --- training epoch 90, loss 0.0084, mae 0.0958, rmse 0.1295, time elapsed(min) 0.02---
2026-10-01 08:00:46,301 - INFO - --- validation at epoch 90, val_loss 0.0076, val_mae 0.0946, val_rmse 0.1279, val_r2 0.7962, val_pearson 0.8959, lr 3.00e-04 ---
2026-10-01 08:00:46,302 - INFO - 
****************************************************************************************************
2026-10-01 08:00:47,962 - INFO - --- training epoch 91, loss 0.0083, mae 0.0968, rmse 0.1285, time elapsed(min) 0.02---
2026-10-01 08:00:48,167 - INFO - --- validation at epoch 91, val_loss 0.0076, val_mae 0.0950, val_rmse 0.1274, val_r2 0.7980, val_pearson 0.8991, lr 3.00e-04 ---
2026-10-01 08:00:48,167 - INFO - 
****************************************************************************************************
2026-10-01 08:00:49,720 - INFO - --- training epoch 92, loss 0.0083, mae 0.0963, rmse 0.1287, time elapsed(min) 0.02---
2026-10-01 08:00:49,928 - INFO - --- validation at epoch 92, val_loss 0.0074, val_mae 0.0935, val_rmse 0.1264, val_r2 0.8010, val_pearson 0.8999, lr 3.00e-04 ---
2026-10-01 08:00:49,928 - INFO - 
****************************************************************************************************
2026-10-01 08:00:51,500 - INFO - --- training epoch 93, loss 0.0083, mae 0.0962, rmse 0.1286, time elapsed(min) 0.02---
2026-10-01 08:00:51,832 - INFO - --- validation at epoch 93, val_loss 0.0072, val_mae 0.0931, val_rmse 0.1251, val_r2 0.8050, val_pearson 0.8987, lr 3.00e-04 ---
2026-10-01 08:00:51,832 - INFO - 
****************************************************************************************************
2026-10-01 08:00:53,709 - INFO - --- training epoch 94, loss 0.0083, mae 0.0954, rmse 0.1285, time elapsed(min) 0.03---
2026-10-01 08:00:53,935 - INFO - --- validation at epoch 94, val_loss 0.0073, val_mae 0.0938, val_rmse 0.1253, val_r2 0.8044, val_pearson 0.9009, lr 3.00e-04 ---
2026-10-01 08:00:53,935 - INFO - 
****************************************************************************************************
2026-10-01 08:00:55,602 - INFO - --- training epoch 95, loss 0.0081, mae 0.0947, rmse 0.1270, time elapsed(min) 0.02---
2026-10-01 08:00:55,852 - INFO - --- validation at epoch 95, val_loss 0.0075, val_mae 0.0932, val_rmse 0.1267, val_r2 0.8002, val_pearson 0.8985, lr 3.00e-04 ---
2026-10-01 08:00:55,853 - INFO - 
****************************************************************************************************
2026-10-01 08:00:57,432 - INFO - --- training epoch 96, loss 0.0081, mae 0.0951, rmse 0.1270, time elapsed(min) 0.02---
2026-10-01 08:00:57,636 - INFO - --- validation at epoch 96, val_loss 0.0075, val_mae 0.0956, val_rmse 0.1279, val_r2 0.7961, val_pearson 0.8955, lr 3.00e-04 ---
2026-10-01 08:00:57,636 - INFO - 
****************************************************************************************************
2026-10-01 08:00:59,336 - INFO - --- training epoch 97, loss 0.0081, mae 0.0945, rmse 0.1272, time elapsed(min) 0.02---
2026-10-01 08:00:59,712 - INFO - --- validation at epoch 97, val_loss 0.0077, val_mae 0.0942, val_rmse 0.1273, val_r2 0.7980, val_pearson 0.8993, lr 3.00e-04 ---
2026-10-01 08:00:59,712 - INFO - 
****************************************************************************************************
2026-10-01 08:01:01,422 - INFO - --- training epoch 98, loss 0.0082, mae 0.0957, rmse 0.1277, time elapsed(min) 0.02---
2026-10-01 08:01:01,624 - INFO - --- validation at epoch 98, val_loss 0.0078, val_mae 0.0970, val_rmse 0.1295, val_r2 0.7911, val_pearson 0.8994, lr 3.00e-04 ---
2026-10-01 08:01:01,624 - INFO - 
****************************************************************************************************
2026-10-01 08:01:03,170 - INFO - --- training epoch 99, loss 0.0084, mae 0.0964, rmse 0.1293, time elapsed(min) 0.02---
2026-10-01 08:01:03,383 - INFO - --- validation at epoch 99, val_loss 0.0074, val_mae 0.0935, val_rmse 0.1260, val_r2 0.8023, val_pearson 0.9029, lr 3.00e-04 ---
2026-10-01 08:01:03,383 - INFO - 
****************************************************************************************************
2026-10-01 08:01:04,948 - INFO - --- training epoch 100, loss 0.0078, mae 0.0923, rmse 0.1250, time elapsed(min) 0.02---
2026-10-01 08:01:05,153 - INFO - --- validation at epoch 100, val_loss 0.0069, val_mae 0.0915, val_rmse 0.1225, val_r2 0.8130, val_pearson 0.9023, lr 9.00e-05 ---
2026-10-01 08:01:05,153 - INFO - 
****************************************************************************************************
2026-10-01 08:01:06,896 - INFO - --- training epoch 101, loss 0.0074, mae 0.0902, rmse 0.1217, time elapsed(min) 0.02---
2026-10-01 08:01:07,283 - INFO - --- validation at epoch 101, val_loss 0.0069, val_mae 0.0909, val_rmse 0.1222, val_r2 0.8141, val_pearson 0.9033, lr 9.00e-05 ---
2026-10-01 08:01:07,283 - INFO - 
****************************************************************************************************
2026-10-01 08:01:08,997 - INFO - --- training epoch 102, loss 0.0077, mae 0.0916, rmse 0.1241, time elapsed(min) 0.02---
2026-10-01 08:01:09,208 - INFO - --- validation at epoch 102, val_loss 0.0068, val_mae 0.0906, val_rmse 0.1222, val_r2 0.8140, val_pearson 0.9035, lr 9.00e-05 ---
2026-10-01 08:01:09,208 - INFO - 
****************************************************************************************************
2026-10-01 08:01:10,835 - INFO - --- training epoch 103, loss 0.0076, mae 0.0916, rmse 0.1236, time elapsed(min) 0.02---
2026-10-01 08:01:11,038 - INFO - --- validation at epoch 103, val_loss 0.0068, val_mae 0.0908, val_rmse 0.1220, val_r2 0.8145, val_pearson 0.9033, lr 9.00e-05 ---
2026-10-01 08:01:11,038 - INFO - 
****************************************************************************************************
2026-10-01 08:01:12,691 - INFO - --- training epoch 104, loss 0.0076, mae 0.0907, rmse 0.1232, time elapsed(min) 0.02---
2026-10-01 08:01:13,025 - INFO - --- validation at epoch 104, val_loss 0.0069, val_mae 0.0909, val_rmse 0.1225, val_r2 0.8132, val_pearson 0.9020, lr 9.00e-05 ---
2026-10-01 08:01:13,025 - INFO - 
****************************************************************************************************
2026-10-01 08:01:14,692 - INFO - --- training epoch 105, loss 0.0075, mae 0.0911, rmse 0.1223, time elapsed(min) 0.02---
2026-10-01 08:01:14,899 - INFO - --- validation at epoch 105, val_loss 0.0069, val_mae 0.0910, val_rmse 0.1223, val_r2 0.8137, val_pearson 0.9030, lr 9.00e-05 ---
2026-10-01 08:01:14,899 - INFO - 
****************************************************************************************************
2026-10-01 08:01:16,445 - INFO - --- training epoch 106, loss 0.0075, mae 0.0905, rmse 0.1222, time elapsed(min) 0.02---
2026-10-01 08:01:16,654 - INFO - --- validation at epoch 106, val_loss 0.0066, val_mae 0.0902, val_rmse 0.1214, val_r2 0.8165, val_pearson 0.9047, lr 9.00e-05 ---
2026-10-01 08:01:16,654 - INFO - 
****************************************************************************************************
2026-10-01 08:01:18,351 - INFO - --- training epoch 107, loss 0.0076, mae 0.0912, rmse 0.1231, time elapsed(min) 0.02---
2026-10-01 08:01:18,682 - INFO - --- validation at epoch 107, val_loss 0.0066, val_mae 0.0897, val_rmse 0.1211, val_r2 0.8175, val_pearson 0.9047, lr 9.00e-05 ---
2026-10-01 08:01:18,682 - INFO - 
****************************************************************************************************
2026-10-01 08:01:20,573 - INFO - --- training epoch 108, loss 0.0077, mae 0.0912, rmse 0.1237, time elapsed(min) 0.03---
2026-10-01 08:01:20,796 - INFO - --- validation at epoch 108, val_loss 0.0068, val_mae 0.0912, val_rmse 0.1224, val_r2 0.8133, val_pearson 0.9027, lr 9.00e-05 ---
2026-10-01 08:01:20,796 - INFO - 
****************************************************************************************************
2026-10-01 08:01:22,350 - INFO - --- training epoch 109, loss 0.0075, mae 0.0904, rmse 0.1222, time elapsed(min) 0.02---
2026-10-01 08:01:22,555 - INFO - --- validation at epoch 109, val_loss 0.0066, val_mae 0.0899, val_rmse 0.1209, val_r2 0.8179, val_pearson 0.9050, lr 9.00e-05 ---
2026-10-01 08:01:22,555 - INFO - 
****************************************************************************************************
2026-10-01 08:01:24,201 - INFO - --- training epoch 110, loss 0.0074, mae 0.0901, rmse 0.1217, time elapsed(min) 0.02---
2026-10-01 08:01:24,408 - INFO - --- validation at epoch 110, val_loss 0.0066, val_mae 0.0895, val_rmse 0.1208, val_r2 0.8181, val_pearson 0.9049, lr 9.00e-05 ---
2026-10-01 08:01:24,408 - INFO - 
****************************************************************************************************
2026-10-01 08:01:26,169 - INFO - --- training epoch 111, loss 0.0074, mae 0.0903, rmse 0.1217, time elapsed(min) 0.02---
2026-10-01 08:01:26,529 - INFO - --- validation at epoch 111, val_loss 0.0067, val_mae 0.0893, val_rmse 0.1207, val_r2 0.8187, val_pearson 0.9052, lr 9.00e-05 ---
2026-10-01 08:01:26,529 - INFO - 
****************************************************************************************************
2026-10-01 08:01:28,339 - INFO - --- training epoch 112, loss 0.0074, mae 0.0900, rmse 0.1217, time elapsed(min) 0.02---
2026-10-01 08:01:28,557 - INFO - --- validation at epoch 112, val_loss 0.0066, val_mae 0.0899, val_rmse 0.1209, val_r2 0.8179, val_pearson 0.9046, lr 9.00e-05 ---
2026-10-01 08:01:28,557 - INFO - 
****************************************************************************************************
2026-10-01 08:01:30,186 - INFO - --- training epoch 113, loss 0.0075, mae 0.0904, rmse 0.1223, time elapsed(min) 0.02---
2026-10-01 08:01:30,395 - INFO - --- validation at epoch 113, val_loss 0.0066, val_mae 0.0894, val_rmse 0.1207, val_r2 0.8186, val_pearson 0.9053, lr 9.00e-05 ---
2026-10-01 08:01:30,395 - INFO - 
****************************************************************************************************
2026-10-01 08:01:32,128 - INFO - --- training epoch 114, loss 0.0073, mae 0.0891, rmse 0.1206, time elapsed(min) 0.02---
2026-10-01 08:01:32,490 - INFO - --- validation at epoch 114, val_loss 0.0066, val_mae 0.0898, val_rmse 0.1211, val_r2 0.8174, val_pearson 0.9044, lr 9.00e-05 ---
2026-10-01 08:01:32,490 - INFO - 
****************************************************************************************************
2026-10-01 08:01:34,266 - INFO - --- training epoch 115, loss 0.0074, mae 0.0901, rmse 0.1221, time elapsed(min) 0.02---
2026-10-01 08:01:34,475 - INFO - --- validation at epoch 115, val_loss 0.0065, val_mae 0.0885, val_rmse 0.1196, val_r2 0.8218, val_pearson 0.9070, lr 9.00e-05 ---
2026-10-01 08:01:34,475 - INFO - 
****************************************************************************************************
2026-10-01 08:01:36,183 - INFO - --- training epoch 116, loss 0.0071, mae 0.0883, rmse 0.1194, time elapsed(min) 0.02---
2026-10-01 08:01:36,393 - INFO - --- validation at epoch 116, val_loss 0.0066, val_mae 0.0900, val_rmse 0.1211, val_r2 0.8173, val_pearson 0.9042, lr 9.00e-05 ---
2026-10-01 08:01:36,393 - INFO - 
****************************************************************************************************
2026-10-01 08:01:38,051 - INFO - --- training epoch 117, loss 0.0073, mae 0.0902, rmse 0.1210, time elapsed(min) 0.02---
2026-10-01 08:01:38,412 - INFO - --- validation at epoch 117, val_loss 0.0065, val_mae 0.0897, val_rmse 0.1205, val_r2 0.8192, val_pearson 0.9053, lr 9.00e-05 ---
2026-10-01 08:01:38,412 - INFO - 
****************************************************************************************************
2026-10-01 08:01:40,075 - INFO - --- training epoch 118, loss 0.0073, mae 0.0893, rmse 0.1208, time elapsed(min) 0.02---
2026-10-01 08:01:40,282 - INFO - --- validation at epoch 118, val_loss 0.0066, val_mae 0.0901, val_rmse 0.1207, val_r2 0.8184, val_pearson 0.9050, lr 9.00e-05 ---
2026-10-01 08:01:40,282 - INFO - 
****************************************************************************************************
2026-10-01 08:01:41,827 - INFO - --- training epoch 119, loss 0.0072, mae 0.0884, rmse 0.1196, time elapsed(min) 0.02---
2026-10-01 08:01:42,051 - INFO - --- validation at epoch 119, val_loss 0.0067, val_mae 0.0906, val_rmse 0.1212, val_r2 0.8172, val_pearson 0.9044, lr 9.00e-05 ---
2026-10-01 08:01:42,051 - INFO - 
****************************************************************************************************
2026-10-01 08:01:43,598 - INFO - --- training epoch 120, loss 0.0074, mae 0.0905, rmse 0.1217, time elapsed(min) 0.02---
2026-10-01 08:01:43,956 - INFO - --- validation at epoch 120, val_loss 0.0067, val_mae 0.0907, val_rmse 0.1221, val_r2 0.8144, val_pearson 0.9033, lr 9.00e-05 ---
2026-10-01 08:01:43,956 - INFO - 
****************************************************************************************************
2026-10-01 08:01:45,782 - INFO - --- training epoch 121, loss 0.0072, mae 0.0892, rmse 0.1201, time elapsed(min) 0.03---
2026-10-01 08:01:45,991 - INFO - --- validation at epoch 121, val_loss 0.0065, val_mae 0.0891, val_rmse 0.1202, val_r2 0.8201, val_pearson 0.9060, lr 9.00e-05 ---
2026-10-01 08:01:45,992 - INFO - 
****************************************************************************************************
2026-10-01 08:01:47,552 - INFO - --- training epoch 122, loss 0.0072, mae 0.0897, rmse 0.1202, time elapsed(min) 0.02---
2026-10-01 08:01:47,773 - INFO - --- validation at epoch 122, val_loss 0.0067, val_mae 0.0895, val_rmse 0.1211, val_r2 0.8172, val_pearson 0.9045, lr 9.00e-05 ---
2026-10-01 08:01:47,773 - INFO - 
****************************************************************************************************
2026-10-01 08:01:49,396 - INFO - --- training epoch 123, loss 0.0073, mae 0.0893, rmse 0.1204, time elapsed(min) 0.02---
2026-10-01 08:01:49,727 - INFO - --- validation at epoch 123, val_loss 0.0064, val_mae 0.0890, val_rmse 0.1201, val_r2 0.8202, val_pearson 0.9059, lr 9.00e-05 ---
2026-10-01 08:01:49,727 - INFO - 
****************************************************************************************************
2026-10-01 08:01:51,568 - INFO - --- training epoch 124, loss 0.0073, mae 0.0893, rmse 0.1208, time elapsed(min) 0.02---
2026-10-01 08:01:51,777 - INFO - --- validation at epoch 124, val_loss 0.0065, val_mae 0.0890, val_rmse 0.1204, val_r2 0.8193, val_pearson 0.9054, lr 9.00e-05 ---
2026-10-01 08:01:51,777 - INFO - 
****************************************************************************************************
2026-10-01 08:01:53,398 - INFO - --- training epoch 125, loss 0.0072, mae 0.0887, rmse 0.1202, time elapsed(min) 0.02---
2026-10-01 08:01:53,601 - INFO - --- validation at epoch 125, val_loss 0.0066, val_mae 0.0896, val_rmse 0.1208, val_r2 0.8182, val_pearson 0.9049, lr 9.00e-05 ---
2026-10-01 08:01:53,601 - INFO - 
****************************************************************************************************
2026-10-01 08:01:55,220 - INFO - --- training epoch 126, loss 0.0074, mae 0.0908, rmse 0.1213, time elapsed(min) 0.02---
2026-10-01 08:01:55,424 - INFO - --- validation at epoch 126, val_loss 0.0065, val_mae 0.0891, val_rmse 0.1202, val_r2 0.8199, val_pearson 0.9059, lr 9.00e-05 ---
2026-10-01 08:01:55,424 - INFO - 
****************************************************************************************************
2026-10-01 08:01:57,225 - INFO - --- training epoch 127, loss 0.0073, mae 0.0896, rmse 0.1205, time elapsed(min) 0.03---
2026-10-01 08:01:57,430 - INFO - --- validation at epoch 127, val_loss 0.0065, val_mae 0.0897, val_rmse 0.1205, val_r2 0.8192, val_pearson 0.9056, lr 9.00e-05 ---
2026-10-01 08:01:57,430 - INFO - 
****************************************************************************************************
2026-10-01 08:01:59,054 - INFO - --- training epoch 128, loss 0.0072, mae 0.0887, rmse 0.1203, time elapsed(min) 0.02---
2026-10-01 08:01:59,305 - INFO - --- validation at epoch 128, val_loss 0.0066, val_mae 0.0902, val_rmse 0.1209, val_r2 0.8180, val_pearson 0.9050, lr 9.00e-05 ---
2026-10-01 08:01:59,305 - INFO - 
****************************************************************************************************
2026-10-01 08:02:01,014 - INFO - --- training epoch 129, loss 0.0074, mae 0.0903, rmse 0.1219, time elapsed(min) 0.02---
2026-10-01 08:02:01,222 - INFO - --- validation at epoch 129, val_loss 0.0065, val_mae 0.0892, val_rmse 0.1206, val_r2 0.8187, val_pearson 0.9056, lr 9.00e-05 ---
2026-10-01 08:02:01,222 - INFO - 
****************************************************************************************************
2026-10-01 08:02:02,859 - INFO - --- training epoch 130, loss 0.0072, mae 0.0891, rmse 0.1202, time elapsed(min) 0.02---
2026-10-01 08:02:03,243 - INFO - --- validation at epoch 130, val_loss 0.0067, val_mae 0.0901, val_rmse 0.1215, val_r2 0.8161, val_pearson 0.9047, lr 9.00e-05 ---
2026-10-01 08:02:03,243 - INFO - 
****************************************************************************************************
2026-10-01 08:02:04,989 - INFO - --- training epoch 131, loss 0.0073, mae 0.0892, rmse 0.1206, time elapsed(min) 0.02---
2026-10-01 08:02:05,195 - INFO - --- validation at epoch 131, val_loss 0.0066, val_mae 0.0891, val_rmse 0.1213, val_r2 0.8167, val_pearson 0.9042, lr 9.00e-05 ---
2026-10-01 08:02:05,195 - INFO - 
****************************************************************************************************
2026-10-01 08:02:06,758 - INFO - --- training epoch 132, loss 0.0072, mae 0.0887, rmse 0.1202, time elapsed(min) 0.02---
2026-10-01 08:02:06,960 - INFO - --- validation at epoch 132, val_loss 0.0065, val_mae 0.0892, val_rmse 0.1203, val_r2 0.8199, val_pearson 0.9059, lr 9.00e-05 ---
2026-10-01 08:02:06,960 - INFO - 
****************************************************************************************************
2026-10-01 08:02:08,606 - INFO - --- training epoch 133, loss 0.0073, mae 0.0894, rmse 0.1205, time elapsed(min) 0.02---
2026-10-01 08:02:08,941 - INFO - --- validation at epoch 133, val_loss 0.0065, val_mae 0.0896, val_rmse 0.1210, val_r2 0.8175, val_pearson 0.9046, lr 9.00e-05 ---
2026-10-01 08:02:08,941 - INFO - 
****************************************************************************************************
2026-10-01 08:02:10,791 - INFO - --- training epoch 134, loss 0.0070, mae 0.0878, rmse 0.1183, time elapsed(min) 0.03---
2026-10-01 08:02:10,994 - INFO - --- validation at epoch 134, val_loss 0.0066, val_mae 0.0898, val_rmse 0.1215, val_r2 0.8162, val_pearson 0.9047, lr 9.00e-05 ---
2026-10-01 08:02:10,994 - INFO - 
****************************************************************************************************
2026-10-01 08:02:12,567 - INFO - --- training epoch 135, loss 0.0071, mae 0.0879, rmse 0.1192, time elapsed(min) 0.02---
2026-10-01 08:02:12,786 - INFO - --- validation at epoch 135, val_loss 0.0066, val_mae 0.0891, val_rmse 0.1210, val_r2 0.8177, val_pearson 0.9067, lr 2.70e-05 ---
2026-10-01 08:02:12,787 - INFO - 
****************************************************************************************************
2026-10-01 08:02:14,362 - INFO - --- training epoch 136, loss 0.0069, mae 0.0869, rmse 0.1178, time elapsed(min) 0.02---
2026-10-01 08:02:14,693 - INFO - --- validation at epoch 136, val_loss 0.0067, val_mae 0.0891, val_rmse 0.1215, val_r2 0.8160, val_pearson 0.9065, lr 2.70e-05 ---
2026-10-01 08:02:14,693 - INFO - 
****************************************************************************************************
2026-10-01 08:02:16,456 - INFO - --- training epoch 137, loss 0.0071, mae 0.0876, rmse 0.1188, time elapsed(min) 0.02---
2026-10-01 08:02:16,659 - INFO - --- validation at epoch 137, val_loss 0.0066, val_mae 0.0888, val_rmse 0.1208, val_r2 0.8181, val_pearson 0.9065, lr 2.70e-05 ---
2026-10-01 08:02:16,659 - INFO - 
****************************************************************************************************
2026-10-01 08:02:18,215 - INFO - --- training epoch 138, loss 0.0069, mae 0.0868, rmse 0.1173, time elapsed(min) 0.02---
2026-10-01 08:02:18,419 - INFO - --- validation at epoch 138, val_loss 0.0066, val_mae 0.0890, val_rmse 0.1208, val_r2 0.8181, val_pearson 0.9070, lr 2.70e-05 ---
2026-10-01 08:02:18,419 - INFO - 
****************************************************************************************************
2026-10-01 08:02:19,966 - INFO - --- training epoch 139, loss 0.0069, mae 0.0873, rmse 0.1178, time elapsed(min) 0.02---
2026-10-01 08:02:20,169 - INFO - --- validation at epoch 139, val_loss 0.0066, val_mae 0.0894, val_rmse 0.1210, val_r2 0.8176, val_pearson 0.9065, lr 2.70e-05 ---
2026-10-01 08:02:20,169 - INFO - 
****************************************************************************************************
2026-10-01 08:02:21,879 - INFO - --- training epoch 140, loss 0.0069, mae 0.0870, rmse 0.1178, time elapsed(min) 0.02---
2026-10-01 08:02:22,254 - INFO - --- validation at epoch 140, val_loss 0.0065, val_mae 0.0887, val_rmse 0.1202, val_r2 0.8200, val_pearson 0.9071, lr 2.70e-05 ---
2026-10-01 08:02:22,254 - INFO - 
****************************************************************************************************
2026-10-01 08:02:23,962 - INFO - --- training epoch 141, loss 0.0068, mae 0.0871, rmse 0.1167, time elapsed(min) 0.02---
2026-10-01 08:02:24,169 - INFO - --- validation at epoch 141, val_loss 0.0066, val_mae 0.0887, val_rmse 0.1208, val_r2 0.8183, val_pearson 0.9070, lr 2.70e-05 ---
2026-10-01 08:02:24,169 - INFO - 
****************************************************************************************************
2026-10-01 08:02:25,726 - INFO - --- training epoch 142, loss 0.0069, mae 0.0872, rmse 0.1174, time elapsed(min) 0.02---
2026-10-01 08:02:25,951 - INFO - --- validation at epoch 142, val_loss 0.0065, val_mae 0.0887, val_rmse 0.1205, val_r2 0.8190, val_pearson 0.9073, lr 2.70e-05 ---
2026-10-01 08:02:25,951 - INFO - 
****************************************************************************************************
2026-10-01 08:02:27,514 - INFO - --- training epoch 143, loss 0.0070, mae 0.0882, rmse 0.1185, time elapsed(min) 0.02---
2026-10-01 08:02:27,891 - INFO - --- validation at epoch 143, val_loss 0.0067, val_mae 0.0892, val_rmse 0.1211, val_r2 0.8172, val_pearson 0.9070, lr 2.70e-05 ---
2026-10-01 08:02:27,891 - INFO - 
****************************************************************************************************
2026-10-01 08:02:29,698 - INFO - --- training epoch 144, loss 0.0070, mae 0.0879, rmse 0.1181, time elapsed(min) 0.03---
2026-10-01 08:02:29,905 - INFO - --- validation at epoch 144, val_loss 0.0065, val_mae 0.0888, val_rmse 0.1203, val_r2 0.8197, val_pearson 0.9077, lr 2.70e-05 ---
2026-10-01 08:02:29,905 - INFO - 
****************************************************************************************************
2026-10-01 08:02:31,423 - INFO - --- training epoch 145, loss 0.0071, mae 0.0882, rmse 0.1193, time elapsed(min) 0.02---
2026-10-01 08:02:31,650 - INFO - --- validation at epoch 145, val_loss 0.0065, val_mae 0.0885, val_rmse 0.1205, val_r2 0.8190, val_pearson 0.9074, lr 2.70e-05 ---
2026-10-01 08:02:31,650 - INFO - 
****************************************************************************************************
2026-10-01 08:02:33,282 - INFO - --- training epoch 146, loss 0.0069, mae 0.0864, rmse 0.1174, time elapsed(min) 0.02---
2026-10-01 08:02:33,606 - INFO - --- validation at epoch 146, val_loss 0.0064, val_mae 0.0883, val_rmse 0.1200, val_r2 0.8205, val_pearson 0.9078, lr 8.10e-06 ---
2026-10-01 08:02:33,606 - INFO - 
****************************************************************************************************
2026-10-01 08:02:35,581 - INFO - --- training epoch 147, loss 0.0069, mae 0.0874, rmse 0.1178, time elapsed(min) 0.03---
2026-10-01 08:02:35,831 - INFO - --- validation at epoch 147, val_loss 0.0065, val_mae 0.0882, val_rmse 0.1201, val_r2 0.8204, val_pearson 0.9080, lr 8.10e-06 ---
2026-10-01 08:02:35,831 - INFO - 
****************************************************************************************************
2026-10-01 08:02:37,373 - INFO - --- training epoch 148, loss 0.0068, mae 0.0868, rmse 0.1169, time elapsed(min) 0.02---
2026-10-01 08:02:37,581 - INFO - --- validation at epoch 148, val_loss 0.0065, val_mae 0.0881, val_rmse 0.1201, val_r2 0.8205, val_pearson 0.9078, lr 8.10e-06 ---
2026-10-01 08:02:37,581 - INFO - 
****************************************************************************************************
2026-10-01 08:02:39,137 - INFO - --- training epoch 149, loss 0.0069, mae 0.0871, rmse 0.1177, time elapsed(min) 0.02---
2026-10-01 08:02:39,475 - INFO - --- validation at epoch 149, val_loss 0.0064, val_mae 0.0879, val_rmse 0.1196, val_r2 0.8218, val_pearson 0.9088, lr 8.10e-06 ---
2026-10-01 08:02:39,475 - INFO - 
****************************************************************************************************
2026-10-01 08:02:41,191 - INFO - --- training epoch 150, loss 0.0068, mae 0.0858, rmse 0.1163, time elapsed(min) 0.02---
2026-10-01 08:02:41,560 - INFO - --- validation at epoch 150, val_loss 0.0064, val_mae 0.0879, val_rmse 0.1197, val_r2 0.8214, val_pearson 0.9085, lr 8.10e-06 ---
2026-10-01 08:02:41,560 - INFO - 
****************************************************************************************************
2026-10-01 08:02:43,215 - INFO - --- training epoch 151, loss 0.0069, mae 0.0876, rmse 0.1176, time elapsed(min) 0.02---
2026-10-01 08:02:43,422 - INFO - --- validation at epoch 151, val_loss 0.0064, val_mae 0.0877, val_rmse 0.1195, val_r2 0.8222, val_pearson 0.9086, lr 8.10e-06 ---
2026-10-01 08:02:43,422 - INFO - 
****************************************************************************************************
2026-10-01 08:02:45,043 - INFO - --- training epoch 152, loss 0.0068, mae 0.0859, rmse 0.1165, time elapsed(min) 0.02---
2026-10-01 08:02:45,247 - INFO - --- validation at epoch 152, val_loss 0.0064, val_mae 0.0880, val_rmse 0.1196, val_r2 0.8218, val_pearson 0.9090, lr 8.10e-06 ---
2026-10-01 08:02:45,247 - INFO - 
****************************************************************************************************
2026-10-01 08:02:47,015 - INFO - --- training epoch 153, loss 0.0068, mae 0.0863, rmse 0.1164, time elapsed(min) 0.02---
2026-10-01 08:02:47,398 - INFO - --- validation at epoch 153, val_loss 0.0064, val_mae 0.0878, val_rmse 0.1196, val_r2 0.8218, val_pearson 0.9086, lr 8.10e-06 ---
2026-10-01 08:02:47,398 - INFO - 
****************************************************************************************************
2026-10-01 08:02:49,046 - INFO - --- training epoch 154, loss 0.0068, mae 0.0856, rmse 0.1167, time elapsed(min) 0.02---
2026-10-01 08:02:49,250 - INFO - --- validation at epoch 154, val_loss 0.0064, val_mae 0.0879, val_rmse 0.1196, val_r2 0.8217, val_pearson 0.9083, lr 8.10e-06 ---
2026-10-01 08:02:49,250 - INFO - 
****************************************************************************************************
2026-10-01 08:02:50,889 - INFO - --- training epoch 155, loss 0.0068, mae 0.0866, rmse 0.1163, time elapsed(min) 0.02---
2026-10-01 08:02:51,090 - INFO - --- validation at epoch 155, val_loss 0.0065, val_mae 0.0881, val_rmse 0.1202, val_r2 0.8201, val_pearson 0.9082, lr 8.10e-06 ---
2026-10-01 08:02:51,090 - INFO - 
****************************************************************************************************
2026-10-01 08:02:52,647 - INFO - --- training epoch 156, loss 0.0070, mae 0.0874, rmse 0.1181, time elapsed(min) 0.02---
2026-10-01 08:02:53,014 - INFO - --- validation at epoch 156, val_loss 0.0064, val_mae 0.0875, val_rmse 0.1193, val_r2 0.8228, val_pearson 0.9091, lr 8.10e-06 ---
2026-10-01 08:02:53,014 - INFO - 
****************************************************************************************************
2026-10-01 08:02:54,892 - INFO - --- training epoch 157, loss 0.0067, mae 0.0862, rmse 0.1160, time elapsed(min) 0.03---
2026-10-01 08:02:55,096 - INFO - --- validation at epoch 157, val_loss 0.0065, val_mae 0.0878, val_rmse 0.1200, val_r2 0.8208, val_pearson 0.9086, lr 8.10e-06 ---
2026-10-01 08:02:55,096 - INFO - 
****************************************************************************************************
2026-10-01 08:02:56,668 - INFO - --- training epoch 158, loss 0.0069, mae 0.0865, rmse 0.1173, time elapsed(min) 0.02---
2026-10-01 08:02:56,874 - INFO - --- validation at epoch 158, val_loss 0.0064, val_mae 0.0876, val_rmse 0.1196, val_r2 0.8217, val_pearson 0.9088, lr 8.10e-06 ---
2026-10-01 08:02:56,874 - INFO - 
****************************************************************************************************
2026-10-01 08:02:58,436 - INFO - --- training epoch 159, loss 0.0069, mae 0.0865, rmse 0.1173, time elapsed(min) 0.02---
2026-10-01 08:02:58,765 - INFO - --- validation at epoch 159, val_loss 0.0065, val_mae 0.0879, val_rmse 0.1201, val_r2 0.8205, val_pearson 0.9084, lr 8.10e-06 ---
2026-10-01 08:02:58,765 - INFO - 
****************************************************************************************************
2026-10-01 08:03:00,575 - INFO - --- training epoch 160, loss 0.0069, mae 0.0868, rmse 0.1171, time elapsed(min) 0.03---
2026-10-01 08:03:00,783 - INFO - --- validation at epoch 160, val_loss 0.0064, val_mae 0.0878, val_rmse 0.1196, val_r2 0.8217, val_pearson 0.9091, lr 8.10e-06 ---
2026-10-01 08:03:00,784 - INFO - 
****************************************************************************************************
2026-10-01 08:03:02,348 - INFO - --- training epoch 161, loss 0.0066, mae 0.0857, rmse 0.1153, time elapsed(min) 0.02---
2026-10-01 08:03:02,553 - INFO - --- validation at epoch 161, val_loss 0.0064, val_mae 0.0876, val_rmse 0.1196, val_r2 0.8219, val_pearson 0.9091, lr 8.10e-06 ---
2026-10-01 08:03:02,553 - INFO - 
****************************************************************************************************
2026-10-01 08:03:04,114 - INFO - --- training epoch 162, loss 0.0068, mae 0.0859, rmse 0.1163, time elapsed(min) 0.02---
2026-10-01 08:03:04,321 - INFO - --- validation at epoch 162, val_loss 0.0064, val_mae 0.0878, val_rmse 0.1197, val_r2 0.8214, val_pearson 0.9087, lr 8.10e-06 ---
2026-10-01 08:03:04,321 - INFO - 
****************************************************************************************************
2026-10-01 08:03:05,988 - INFO - --- training epoch 163, loss 0.0070, mae 0.0877, rmse 0.1184, time elapsed(min) 0.02---
2026-10-01 08:03:06,479 - INFO - --- validation at epoch 163, val_loss 0.0065, val_mae 0.0880, val_rmse 0.1202, val_r2 0.8200, val_pearson 0.9083, lr 8.10e-06 ---
2026-10-01 08:03:06,479 - INFO - 
****************************************************************************************************
2026-10-01 08:03:08,071 - INFO - --- training epoch 164, loss 0.0069, mae 0.0873, rmse 0.1171, time elapsed(min) 0.02---
2026-10-01 08:03:08,275 - INFO - --- validation at epoch 164, val_loss 0.0064, val_mae 0.0876, val_rmse 0.1197, val_r2 0.8214, val_pearson 0.9087, lr 8.10e-06 ---
2026-10-01 08:03:08,276 - INFO - 
****************************************************************************************************
2026-10-01 08:03:09,838 - INFO - --- training epoch 165, loss 0.0068, mae 0.0865, rmse 0.1165, time elapsed(min) 0.02---
2026-10-01 08:03:10,041 - INFO - --- validation at epoch 165, val_loss 0.0064, val_mae 0.0877, val_rmse 0.1198, val_r2 0.8213, val_pearson 0.9090, lr 8.10e-06 ---
2026-10-01 08:03:10,041 - INFO - 
****************************************************************************************************
2026-10-01 08:03:11,593 - INFO - --- training epoch 166, loss 0.0067, mae 0.0850, rmse 0.1154, time elapsed(min) 0.02---
2026-10-01 08:03:11,957 - INFO - --- validation at epoch 166, val_loss 0.0064, val_mae 0.0873, val_rmse 0.1192, val_r2 0.8231, val_pearson 0.9093, lr 8.10e-06 ---
2026-10-01 08:03:11,957 - INFO - 
****************************************************************************************************
2026-10-01 08:03:13,740 - INFO - --- training epoch 167, loss 0.0069, mae 0.0862, rmse 0.1172, time elapsed(min) 0.02---
2026-10-01 08:03:13,937 - INFO - --- validation at epoch 167, val_loss 0.0064, val_mae 0.0877, val_rmse 0.1197, val_r2 0.8216, val_pearson 0.9091, lr 8.10e-06 ---
2026-10-01 08:03:13,937 - INFO - 
****************************************************************************************************
2026-10-01 08:03:15,480 - INFO - --- training epoch 168, loss 0.0070, mae 0.0876, rmse 0.1179, time elapsed(min) 0.02---
2026-10-01 08:03:15,685 - INFO - --- validation at epoch 168, val_loss 0.0064, val_mae 0.0876, val_rmse 0.1193, val_r2 0.8226, val_pearson 0.9092, lr 8.10e-06 ---
2026-10-01 08:03:15,685 - INFO - 
****************************************************************************************************
2026-10-01 08:03:17,257 - INFO - --- training epoch 169, loss 0.0067, mae 0.0856, rmse 0.1158, time elapsed(min) 0.02---
2026-10-01 08:03:17,593 - INFO - --- validation at epoch 169, val_loss 0.0064, val_mae 0.0877, val_rmse 0.1198, val_r2 0.8213, val_pearson 0.9089, lr 8.10e-06 ---
2026-10-01 08:03:17,593 - INFO - 
****************************************************************************************************
2026-10-01 08:03:19,362 - INFO - --- training epoch 170, loss 0.0069, mae 0.0864, rmse 0.1171, time elapsed(min) 0.02---
2026-10-01 08:03:19,582 - INFO - --- validation at epoch 170, val_loss 0.0064, val_mae 0.0876, val_rmse 0.1198, val_r2 0.8213, val_pearson 0.9086, lr 8.10e-06 ---
2026-10-01 08:03:19,582 - INFO - 
****************************************************************************************************
2026-10-01 08:03:21,122 - INFO - --- training epoch 171, loss 0.0069, mae 0.0864, rmse 0.1172, time elapsed(min) 0.02---
2026-10-01 08:03:21,329 - INFO - --- validation at epoch 171, val_loss 0.0064, val_mae 0.0878, val_rmse 0.1197, val_r2 0.8215, val_pearson 0.9084, lr 8.10e-06 ---
2026-10-01 08:03:21,329 - INFO - 
****************************************************************************************************
2026-10-01 08:03:22,936 - INFO - --- training epoch 172, loss 0.0068, mae 0.0871, rmse 0.1169, time elapsed(min) 0.02---
2026-10-01 08:03:23,265 - INFO - --- validation at epoch 172, val_loss 0.0064, val_mae 0.0875, val_rmse 0.1195, val_r2 0.8222, val_pearson 0.9090, lr 8.10e-06 ---
2026-10-01 08:03:23,265 - INFO - 
****************************************************************************************************
2026-10-01 08:03:24,940 - INFO - --- training epoch 173, loss 0.0070, mae 0.0872, rmse 0.1181, time elapsed(min) 0.02---
2026-10-01 08:03:25,322 - INFO - --- validation at epoch 173, val_loss 0.0065, val_mae 0.0880, val_rmse 0.1204, val_r2 0.8193, val_pearson 0.9085, lr 8.10e-06 ---
2026-10-01 08:03:25,322 - INFO - 
****************************************************************************************************
2026-10-01 08:03:27,138 - INFO - --- training epoch 174, loss 0.0070, mae 0.0877, rmse 0.1182, time elapsed(min) 0.02---
2026-10-01 08:03:27,342 - INFO - --- validation at epoch 174, val_loss 0.0065, val_mae 0.0877, val_rmse 0.1200, val_r2 0.8206, val_pearson 0.9085, lr 8.10e-06 ---
2026-10-01 08:03:27,342 - INFO - 
****************************************************************************************************
2026-10-01 08:03:28,891 - INFO - --- training epoch 175, loss 0.0067, mae 0.0859, rmse 0.1161, time elapsed(min) 0.02---
2026-10-01 08:03:29,098 - INFO - --- validation at epoch 175, val_loss 0.0065, val_mae 0.0875, val_rmse 0.1200, val_r2 0.8207, val_pearson 0.9084, lr 8.10e-06 ---
2026-10-01 08:03:29,099 - INFO - 
****************************************************************************************************
2026-10-01 08:03:30,748 - INFO - --- training epoch 176, loss 0.0069, mae 0.0867, rmse 0.1176, time elapsed(min) 0.02---
2026-10-01 08:03:31,147 - INFO - --- validation at epoch 176, val_loss 0.0065, val_mae 0.0876, val_rmse 0.1200, val_r2 0.8207, val_pearson 0.9081, lr 8.10e-06 ---
2026-10-01 08:03:31,147 - INFO - 
****************************************************************************************************
2026-10-01 08:03:32,897 - INFO - --- training epoch 177, loss 0.0069, mae 0.0873, rmse 0.1174, time elapsed(min) 0.02---
2026-10-01 08:03:33,105 - INFO - --- validation at epoch 177, val_loss 0.0064, val_mae 0.0875, val_rmse 0.1199, val_r2 0.8210, val_pearson 0.9086, lr 8.10e-06 ---
2026-10-01 08:03:33,105 - INFO - 
****************************************************************************************************
2026-10-01 08:03:34,685 - INFO - --- training epoch 178, loss 0.0068, mae 0.0865, rmse 0.1165, time elapsed(min) 0.02---
2026-10-01 08:03:34,891 - INFO - --- validation at epoch 178, val_loss 0.0064, val_mae 0.0872, val_rmse 0.1193, val_r2 0.8227, val_pearson 0.9088, lr 2.43e-06 ---
2026-10-01 08:03:34,891 - INFO - 
****************************************************************************************************
2026-10-01 08:03:36,550 - INFO - --- training epoch 179, loss 0.0069, mae 0.0873, rmse 0.1175, time elapsed(min) 0.02---
2026-10-01 08:03:36,885 - INFO - --- validation at epoch 179, val_loss 0.0064, val_mae 0.0872, val_rmse 0.1193, val_r2 0.8227, val_pearson 0.9087, lr 2.43e-06 ---
2026-10-01 08:03:36,885 - INFO - 
****************************************************************************************************
2026-10-01 08:03:38,666 - INFO - --- training epoch 180, loss 0.0068, mae 0.0867, rmse 0.1169, time elapsed(min) 0.02---
2026-10-01 08:03:38,891 - INFO - --- validation at epoch 180, val_loss 0.0064, val_mae 0.0873, val_rmse 0.1194, val_r2 0.8225, val_pearson 0.9087, lr 2.43e-06 ---
2026-10-01 08:03:38,891 - INFO - 
****************************************************************************************************
2026-10-01 08:03:40,437 - INFO - --- training epoch 181, loss 0.0065, mae 0.0850, rmse 0.1144, time elapsed(min) 0.02---
2026-10-01 08:03:40,644 - INFO - --- validation at epoch 181, val_loss 0.0064, val_mae 0.0872, val_rmse 0.1191, val_r2 0.8232, val_pearson 0.9090, lr 2.43e-06 ---
2026-10-01 08:03:40,644 - INFO - 
****************************************************************************************************
2026-10-01 08:03:42,328 - INFO - --- training epoch 182, loss 0.0067, mae 0.0852, rmse 0.1157, time elapsed(min) 0.02---
2026-10-01 08:03:42,564 - INFO - --- validation at epoch 182, val_loss 0.0064, val_mae 0.0872, val_rmse 0.1193, val_r2 0.8228, val_pearson 0.9089, lr 2.43e-06 ---
2026-10-01 08:03:42,564 - INFO - 
****************************************************************************************************
2026-10-01 08:03:44,258 - INFO - --- training epoch 183, loss 0.0068, mae 0.0865, rmse 0.1169, time elapsed(min) 0.02---
2026-10-01 08:03:44,623 - INFO - --- validation at epoch 183, val_loss 0.0064, val_mae 0.0872, val_rmse 0.1192, val_r2 0.8229, val_pearson 0.9088, lr 2.43e-06 ---
2026-10-01 08:03:44,624 - INFO - 
****************************************************************************************************
2026-10-01 08:03:46,424 - INFO - --- training epoch 184, loss 0.0069, mae 0.0863, rmse 0.1172, time elapsed(min) 0.02---
2026-10-01 08:03:46,649 - INFO - --- validation at epoch 184, val_loss 0.0064, val_mae 0.0874, val_rmse 0.1195, val_r2 0.8222, val_pearson 0.9084, lr 2.43e-06 ---
2026-10-01 08:03:46,649 - INFO - 
****************************************************************************************************
2026-10-01 08:03:48,211 - INFO - --- training epoch 185, loss 0.0068, mae 0.0863, rmse 0.1169, time elapsed(min) 0.02---
2026-10-01 08:03:48,432 - INFO - --- validation at epoch 185, val_loss 0.0064, val_mae 0.0875, val_rmse 0.1196, val_r2 0.8218, val_pearson 0.9084, lr 2.43e-06 ---
2026-10-01 08:03:48,432 - INFO - 
****************************************************************************************************
2026-10-01 08:03:50,079 - INFO - --- training epoch 186, loss 0.0069, mae 0.0875, rmse 0.1178, time elapsed(min) 0.02---
2026-10-01 08:03:50,414 - INFO - --- validation at epoch 186, val_loss 0.0064, val_mae 0.0874, val_rmse 0.1194, val_r2 0.8224, val_pearson 0.9088, lr 2.43e-06 ---
2026-10-01 08:03:50,414 - INFO - 
****************************************************************************************************
2026-10-01 08:03:52,201 - INFO - --- training epoch 187, loss 0.0068, mae 0.0859, rmse 0.1168, time elapsed(min) 0.02---
2026-10-01 08:03:52,409 - INFO - --- validation at epoch 187, val_loss 0.0064, val_mae 0.0874, val_rmse 0.1193, val_r2 0.8226, val_pearson 0.9088, lr 2.43e-06 ---
2026-10-01 08:03:52,409 - INFO - 
****************************************************************************************************
2026-10-01 08:03:53,947 - INFO - --- training epoch 188, loss 0.0068, mae 0.0864, rmse 0.1169, time elapsed(min) 0.02---
2026-10-01 08:03:54,169 - INFO - --- validation at epoch 188, val_loss 0.0064, val_mae 0.0873, val_rmse 0.1195, val_r2 0.8221, val_pearson 0.9086, lr 2.43e-06 ---
2026-10-01 08:03:54,169 - INFO - 
****************************************************************************************************
2026-10-01 08:03:55,773 - INFO - --- training epoch 189, loss 0.0068, mae 0.0861, rmse 0.1163, time elapsed(min) 0.02---
2026-10-01 08:03:56,122 - INFO - --- validation at epoch 189, val_loss 0.0064, val_mae 0.0873, val_rmse 0.1194, val_r2 0.8223, val_pearson 0.9086, lr 2.43e-06 ---
2026-10-01 08:03:56,122 - INFO - 
****************************************************************************************************
2026-10-01 08:03:57,782 - INFO - --- training epoch 190, loss 0.0068, mae 0.0859, rmse 0.1164, time elapsed(min) 0.02---
2026-10-01 08:03:58,253 - INFO - --- validation at epoch 190, val_loss 0.0064, val_mae 0.0872, val_rmse 0.1192, val_r2 0.8229, val_pearson 0.9089, lr 2.43e-06 ---
2026-10-01 08:03:58,253 - INFO - 
****************************************************************************************************
2026-10-01 08:03:59,853 - INFO - --- training epoch 191, loss 0.0068, mae 0.0859, rmse 0.1162, time elapsed(min) 0.02---
2026-10-01 08:04:00,079 - INFO - --- validation at epoch 191, val_loss 0.0064, val_mae 0.0872, val_rmse 0.1193, val_r2 0.8227, val_pearson 0.9089, lr 2.43e-06 ---
2026-10-01 08:04:00,079 - INFO - 
****************************************************************************************************
2026-10-01 08:04:01,625 - INFO - --- training epoch 192, loss 0.0068, mae 0.0859, rmse 0.1163, time elapsed(min) 0.02---
2026-10-01 08:04:01,833 - INFO - --- validation at epoch 192, val_loss 0.0064, val_mae 0.0871, val_rmse 0.1190, val_r2 0.8236, val_pearson 0.9090, lr 2.43e-06 ---
2026-10-01 08:04:01,833 - INFO - 
****************************************************************************************************
2026-10-01 08:04:03,500 - INFO - --- training epoch 193, loss 0.0067, mae 0.0854, rmse 0.1157, time elapsed(min) 0.02---
2026-10-01 08:04:03,925 - INFO - --- validation at epoch 193, val_loss 0.0063, val_mae 0.0871, val_rmse 0.1190, val_r2 0.8236, val_pearson 0.9090, lr 1.00e-06 ---
2026-10-01 08:04:03,926 - INFO - 
****************************************************************************************************
2026-10-01 08:04:05,666 - INFO - --- training epoch 194, loss 0.0069, mae 0.0865, rmse 0.1175, time elapsed(min) 0.02---
2026-10-01 08:04:05,869 - INFO - --- validation at epoch 194, val_loss 0.0063, val_mae 0.0871, val_rmse 0.1190, val_r2 0.8236, val_pearson 0.9091, lr 1.00e-06 ---
2026-10-01 08:04:05,869 - INFO - 
****************************************************************************************************
2026-10-01 08:04:07,497 - INFO - --- training epoch 195, loss 0.0067, mae 0.0861, rmse 0.1161, time elapsed(min) 0.02---
2026-10-01 08:04:07,717 - INFO - --- validation at epoch 195, val_loss 0.0063, val_mae 0.0871, val_rmse 0.1190, val_r2 0.8236, val_pearson 0.9091, lr 1.00e-06 ---
2026-10-01 08:04:07,717 - INFO - 
****************************************************************************************************
2026-10-01 08:04:09,283 - INFO - --- training epoch 196, loss 0.0069, mae 0.0870, rmse 0.1173, time elapsed(min) 0.02---
2026-10-01 08:04:09,616 - INFO - --- validation at epoch 196, val_loss 0.0064, val_mae 0.0871, val_rmse 0.1190, val_r2 0.8236, val_pearson 0.9092, lr 1.00e-06 ---
2026-10-01 08:04:09,616 - INFO - 
****************************************************************************************************
2026-10-01 08:04:11,416 - INFO - --- training epoch 197, loss 0.0067, mae 0.0862, rmse 0.1160, time elapsed(min) 0.03---
2026-10-01 08:04:11,641 - INFO - --- validation at epoch 197, val_loss 0.0064, val_mae 0.0870, val_rmse 0.1190, val_r2 0.8235, val_pearson 0.9092, lr 1.00e-06 ---
2026-10-01 08:04:11,641 - INFO - 
****************************************************************************************************
2026-10-01 08:04:13,183 - INFO - --- training epoch 198, loss 0.0067, mae 0.0851, rmse 0.1157, time elapsed(min) 0.02---
2026-10-01 08:04:13,390 - INFO - --- validation at epoch 198, val_loss 0.0063, val_mae 0.0870, val_rmse 0.1189, val_r2 0.8238, val_pearson 0.9092, lr 1.00e-06 ---
2026-10-01 08:04:13,391 - INFO - 
****************************************************************************************************
2026-10-01 08:04:15,028 - INFO - --- training epoch 199, loss 0.0066, mae 0.0850, rmse 0.1146, time elapsed(min) 0.02---
2026-10-01 08:04:15,369 - INFO - --- validation at epoch 199, val_loss 0.0063, val_mae 0.0870, val_rmse 0.1189, val_r2 0.8238, val_pearson 0.9092, lr 1.00e-06 ---
2026-10-01 08:04:15,369 - INFO - 
****************************************************************************************************
2026-10-01 08:04:17,183 - INFO - --- training epoch 200, loss 0.0066, mae 0.0854, rmse 0.1152, time elapsed(min) 0.03---
2026-10-01 08:04:17,388 - INFO - --- validation at epoch 200, val_loss 0.0064, val_mae 0.0871, val_rmse 0.1190, val_r2 0.8235, val_pearson 0.9091, lr 1.00e-06 ---
2026-10-01 08:04:17,388 - INFO - 
****************************************************************************************************
2026-10-01 08:04:18,933 - INFO - --- training epoch 201, loss 0.0068, mae 0.0870, rmse 0.1169, time elapsed(min) 0.02---
2026-10-01 08:04:19,141 - INFO - --- validation at epoch 201, val_loss 0.0064, val_mae 0.0871, val_rmse 0.1191, val_r2 0.8232, val_pearson 0.9091, lr 1.00e-06 ---
2026-10-01 08:04:19,142 - INFO - 
****************************************************************************************************
2026-10-01 08:04:20,710 - INFO - --- training epoch 202, loss 0.0069, mae 0.0866, rmse 0.1174, time elapsed(min) 0.02---
2026-10-01 08:04:20,916 - INFO - --- validation at epoch 202, val_loss 0.0064, val_mae 0.0872, val_rmse 0.1193, val_r2 0.8228, val_pearson 0.9090, lr 1.00e-06 ---
2026-10-01 08:04:20,916 - INFO - 
****************************************************************************************************
2026-10-01 08:04:22,565 - INFO - --- training epoch 203, loss 0.0069, mae 0.0867, rmse 0.1173, time elapsed(min) 0.02---
2026-10-01 08:04:22,991 - INFO - --- validation at epoch 203, val_loss 0.0064, val_mae 0.0871, val_rmse 0.1191, val_r2 0.8234, val_pearson 0.9091, lr 1.00e-06 ---
2026-10-01 08:04:22,991 - INFO - 
****************************************************************************************************
2026-10-01 08:04:24,657 - INFO - --- training epoch 204, loss 0.0067, mae 0.0858, rmse 0.1153, time elapsed(min) 0.02---
2026-10-01 08:04:24,867 - INFO - --- validation at epoch 204, val_loss 0.0064, val_mae 0.0871, val_rmse 0.1191, val_r2 0.8234, val_pearson 0.9091, lr 1.00e-06 ---
2026-10-01 08:04:24,868 - INFO - 
****************************************************************************************************
2026-10-01 08:04:26,567 - INFO - --- training epoch 205, loss 0.0068, mae 0.0863, rmse 0.1165, time elapsed(min) 0.02---
2026-10-01 08:04:26,819 - INFO - --- validation at epoch 205, val_loss 0.0064, val_mae 0.0870, val_rmse 0.1191, val_r2 0.8233, val_pearson 0.9091, lr 1.00e-06 ---
2026-10-01 08:04:26,819 - INFO - 
****************************************************************************************************
2026-10-01 08:04:28,418 - INFO - --- training epoch 206, loss 0.0066, mae 0.0856, rmse 0.1152, time elapsed(min) 0.02---
2026-10-01 08:04:28,785 - INFO - --- validation at epoch 206, val_loss 0.0064, val_mae 0.0871, val_rmse 0.1191, val_r2 0.8233, val_pearson 0.9092, lr 1.00e-06 ---
2026-10-01 08:04:28,786 - INFO - 
****************************************************************************************************
2026-10-01 08:04:30,546 - INFO - --- training epoch 207, loss 0.0066, mae 0.0851, rmse 0.1153, time elapsed(min) 0.02---
2026-10-01 08:04:30,751 - INFO - --- validation at epoch 207, val_loss 0.0063, val_mae 0.0870, val_rmse 0.1188, val_r2 0.8241, val_pearson 0.9093, lr 1.00e-06 ---
2026-10-01 08:04:30,751 - INFO - 
****************************************************************************************************
2026-10-01 08:04:32,372 - INFO - --- training epoch 208, loss 0.0068, mae 0.0870, rmse 0.1166, time elapsed(min) 0.02---
2026-10-01 08:04:32,599 - INFO - --- validation at epoch 208, val_loss 0.0064, val_mae 0.0870, val_rmse 0.1189, val_r2 0.8238, val_pearson 0.9092, lr 1.00e-06 ---
2026-10-01 08:04:32,600 - INFO - 
****************************************************************************************************
2026-10-01 08:04:34,186 - INFO - --- training epoch 209, loss 0.0066, mae 0.0843, rmse 0.1146, time elapsed(min) 0.02---
2026-10-01 08:04:34,507 - INFO - --- validation at epoch 209, val_loss 0.0064, val_mae 0.0871, val_rmse 0.1191, val_r2 0.8233, val_pearson 0.9091, lr 1.00e-06 ---
2026-10-01 08:04:34,507 - INFO - 
****************************************************************************************************
2026-10-01 08:04:36,233 - INFO - --- training epoch 210, loss 0.0068, mae 0.0859, rmse 0.1168, time elapsed(min) 0.02---
2026-10-01 08:04:36,697 - INFO - --- validation at epoch 210, val_loss 0.0063, val_mae 0.0870, val_rmse 0.1190, val_r2 0.8237, val_pearson 0.9093, lr 1.00e-06 ---
2026-10-01 08:04:36,697 - INFO - 
****************************************************************************************************
2026-10-01 08:04:38,417 - INFO - --- training epoch 211, loss 0.0068, mae 0.0869, rmse 0.1164, time elapsed(min) 0.02---
2026-10-01 08:04:38,670 - INFO - --- validation at epoch 211, val_loss 0.0064, val_mae 0.0870, val_rmse 0.1191, val_r2 0.8234, val_pearson 0.9092, lr 1.00e-06 ---
2026-10-01 08:04:38,670 - INFO - 
****************************************************************************************************
2026-10-01 08:04:40,293 - INFO - --- training epoch 212, loss 0.0069, mae 0.0871, rmse 0.1174, time elapsed(min) 0.02---
2026-10-01 08:04:40,502 - INFO - --- validation at epoch 212, val_loss 0.0063, val_mae 0.0870, val_rmse 0.1189, val_r2 0.8239, val_pearson 0.9093, lr 1.00e-06 ---
2026-10-01 08:04:40,502 - INFO - 
****************************************************************************************************
2026-10-01 08:04:42,213 - INFO - --- training epoch 213, loss 0.0068, mae 0.0859, rmse 0.1167, time elapsed(min) 0.02---
2026-10-01 08:04:42,588 - INFO - --- validation at epoch 213, val_loss 0.0063, val_mae 0.0870, val_rmse 0.1189, val_r2 0.8240, val_pearson 0.9093, lr 1.00e-06 ---
2026-10-01 08:04:42,588 - INFO - 
****************************************************************************************************
2026-10-01 08:04:44,381 - INFO - --- training epoch 214, loss 0.0067, mae 0.0853, rmse 0.1162, time elapsed(min) 0.02---
2026-10-01 08:04:44,585 - INFO - --- validation at epoch 214, val_loss 0.0063, val_mae 0.0870, val_rmse 0.1189, val_r2 0.8240, val_pearson 0.9094, lr 1.00e-06 ---
2026-10-01 08:04:44,585 - INFO - 
****************************************************************************************************
2026-10-01 08:04:46,209 - INFO - --- training epoch 215, loss 0.0068, mae 0.0861, rmse 0.1163, time elapsed(min) 0.02---
2026-10-01 08:04:46,414 - INFO - --- validation at epoch 215, val_loss 0.0063, val_mae 0.0869, val_rmse 0.1188, val_r2 0.8241, val_pearson 0.9095, lr 1.00e-06 ---
2026-10-01 08:04:46,414 - INFO - 
****************************************************************************************************
2026-10-01 08:04:48,071 - INFO - --- training epoch 216, loss 0.0069, mae 0.0869, rmse 0.1172, time elapsed(min) 0.02---
2026-10-01 08:04:48,434 - INFO - --- validation at epoch 216, val_loss 0.0063, val_mae 0.0869, val_rmse 0.1188, val_r2 0.8242, val_pearson 0.9095, lr 1.00e-06 ---
2026-10-01 08:04:48,434 - INFO - 
****************************************************************************************************
2026-10-01 08:04:50,266 - INFO - --- training epoch 217, loss 0.0068, mae 0.0860, rmse 0.1162, time elapsed(min) 0.02---
2026-10-01 08:04:50,474 - INFO - --- validation at epoch 217, val_loss 0.0063, val_mae 0.0870, val_rmse 0.1190, val_r2 0.8236, val_pearson 0.9093, lr 1.00e-06 ---
2026-10-01 08:04:50,474 - INFO - 
****************************************************************************************************
2026-10-01 08:04:52,030 - INFO - --- training epoch 218, loss 0.0068, mae 0.0860, rmse 0.1169, time elapsed(min) 0.02---
2026-10-01 08:04:52,248 - INFO - --- validation at epoch 218, val_loss 0.0063, val_mae 0.0869, val_rmse 0.1190, val_r2 0.8238, val_pearson 0.9093, lr 1.00e-06 ---
2026-10-01 08:04:52,248 - INFO - 
****************************************************************************************************
2026-10-01 08:04:53,904 - INFO - --- training epoch 219, loss 0.0067, mae 0.0856, rmse 0.1161, time elapsed(min) 0.02---
2026-10-01 08:04:54,240 - INFO - --- validation at epoch 219, val_loss 0.0063, val_mae 0.0869, val_rmse 0.1189, val_r2 0.8239, val_pearson 0.9093, lr 1.00e-06 ---
2026-10-01 08:04:54,240 - INFO - 
****************************************************************************************************
2026-10-01 08:04:56,012 - INFO - --- training epoch 220, loss 0.0069, mae 0.0863, rmse 0.1173, time elapsed(min) 0.02---
2026-10-01 08:04:56,233 - INFO - --- validation at epoch 220, val_loss 0.0063, val_mae 0.0869, val_rmse 0.1189, val_r2 0.8240, val_pearson 0.9094, lr 1.00e-06 ---
2026-10-01 08:04:56,233 - INFO - 
****************************************************************************************************
2026-10-01 08:04:57,854 - INFO - --- training epoch 221, loss 0.0070, mae 0.0878, rmse 0.1181, time elapsed(min) 0.02---
2026-10-01 08:04:58,078 - INFO - --- validation at epoch 221, val_loss 0.0063, val_mae 0.0869, val_rmse 0.1189, val_r2 0.8238, val_pearson 0.9093, lr 1.00e-06 ---
2026-10-01 08:04:58,078 - INFO - 
****************************************************************************************************
2026-10-01 08:04:59,645 - INFO - --- training epoch 222, loss 0.0067, mae 0.0856, rmse 0.1160, time elapsed(min) 0.02---
2026-10-01 08:04:59,973 - INFO - --- validation at epoch 222, val_loss 0.0064, val_mae 0.0870, val_rmse 0.1190, val_r2 0.8235, val_pearson 0.9092, lr 1.00e-06 ---
2026-10-01 08:04:59,973 - INFO - 
****************************************************************************************************
2026-10-01 08:05:01,710 - INFO - --- training epoch 223, loss 0.0068, mae 0.0866, rmse 0.1170, time elapsed(min) 0.02---
2026-10-01 08:05:01,936 - INFO - --- validation at epoch 223, val_loss 0.0063, val_mae 0.0869, val_rmse 0.1189, val_r2 0.8238, val_pearson 0.9093, lr 1.00e-06 ---
2026-10-01 08:05:01,936 - INFO - 
****************************************************************************************************
2026-10-01 08:05:03,488 - INFO - --- training epoch 224, loss 0.0066, mae 0.0851, rmse 0.1150, time elapsed(min) 0.02---
2026-10-01 08:05:03,711 - INFO - --- validation at epoch 224, val_loss 0.0063, val_mae 0.0870, val_rmse 0.1189, val_r2 0.8239, val_pearson 0.9093, lr 1.00e-06 ---
2026-10-01 08:05:03,711 - INFO - 
****************************************************************************************************
2026-10-01 08:05:05,272 - INFO - --- training epoch 225, loss 0.0067, mae 0.0851, rmse 0.1155, time elapsed(min) 0.02---
2026-10-01 08:05:05,598 - INFO - --- validation at epoch 225, val_loss 0.0064, val_mae 0.0871, val_rmse 0.1191, val_r2 0.8233, val_pearson 0.9092, lr 1.00e-06 ---
2026-10-01 08:05:05,598 - INFO - 
****************************************************************************************************
2026-10-01 08:05:07,406 - INFO - --- training epoch 226, loss 0.0068, mae 0.0861, rmse 0.1164, time elapsed(min) 0.03---
2026-10-01 08:05:07,631 - INFO - --- validation at epoch 226, val_loss 0.0064, val_mae 0.0871, val_rmse 0.1191, val_r2 0.8234, val_pearson 0.9092, lr 1.00e-06 ---
2026-10-01 08:05:07,631 - INFO - 
****************************************************************************************************
2026-10-01 08:05:09,193 - INFO - --- training epoch 227, loss 0.0067, mae 0.0853, rmse 0.1157, time elapsed(min) 0.02---
2026-10-01 08:05:09,396 - INFO - --- validation at epoch 227, val_loss 0.0064, val_mae 0.0870, val_rmse 0.1191, val_r2 0.8234, val_pearson 0.9092, lr 1.00e-06 ---
2026-10-01 08:05:09,396 - INFO - 
****************************************************************************************************
2026-10-01 08:05:11,080 - INFO - --- training epoch 228, loss 0.0068, mae 0.0875, rmse 0.1170, time elapsed(min) 0.02---
2026-10-01 08:05:11,412 - INFO - --- validation at epoch 228, val_loss 0.0064, val_mae 0.0871, val_rmse 0.1192, val_r2 0.8229, val_pearson 0.9091, lr 1.00e-06 ---
2026-10-01 08:05:11,412 - INFO - 
****************************************************************************************************
2026-10-01 08:05:13,170 - INFO - --- training epoch 229, loss 0.0069, mae 0.0866, rmse 0.1171, time elapsed(min) 0.02---
2026-10-01 08:05:13,376 - INFO - --- validation at epoch 229, val_loss 0.0064, val_mae 0.0871, val_rmse 0.1193, val_r2 0.8227, val_pearson 0.9091, lr 1.00e-06 ---
2026-10-01 08:05:13,376 - INFO - 
****************************************************************************************************
2026-10-01 08:05:14,946 - INFO - --- training epoch 230, loss 0.0067, mae 0.0857, rmse 0.1159, time elapsed(min) 0.02---
2026-10-01 08:05:15,158 - INFO - --- validation at epoch 230, val_loss 0.0064, val_mae 0.0870, val_rmse 0.1191, val_r2 0.8232, val_pearson 0.9091, lr 1.00e-06 ---
2026-10-01 08:05:15,158 - INFO - 
****************************************************************************************************
2026-10-01 08:05:16,778 - INFO - --- training epoch 231, loss 0.0068, mae 0.0861, rmse 0.1169, time elapsed(min) 0.02---
2026-10-01 08:05:17,117 - INFO - --- validation at epoch 231, val_loss 0.0063, val_mae 0.0870, val_rmse 0.1190, val_r2 0.8236, val_pearson 0.9093, lr 1.00e-06 ---
2026-10-01 08:05:17,117 - INFO - 
****************************************************************************************************
2026-10-01 08:05:18,835 - INFO - --- training epoch 232, loss 0.0068, mae 0.0868, rmse 0.1163, time elapsed(min) 0.02---
2026-10-01 08:05:19,303 - INFO - --- validation at epoch 232, val_loss 0.0064, val_mae 0.0871, val_rmse 0.1192, val_r2 0.8231, val_pearson 0.9092, lr 1.00e-06 ---
2026-10-01 08:05:19,303 - INFO - 
****************************************************************************************************
2026-10-01 08:05:20,890 - INFO - --- training epoch 233, loss 0.0065, mae 0.0846, rmse 0.1144, time elapsed(min) 0.02---
2026-10-01 08:05:21,100 - INFO - --- validation at epoch 233, val_loss 0.0064, val_mae 0.0870, val_rmse 0.1190, val_r2 0.8236, val_pearson 0.9092, lr 1.00e-06 ---
2026-10-01 08:05:21,100 - INFO - 
****************************************************************************************************
2026-10-01 08:05:22,662 - INFO - --- training epoch 234, loss 0.0067, mae 0.0855, rmse 0.1157, time elapsed(min) 0.02---
2026-10-01 08:05:22,868 - INFO - --- validation at epoch 234, val_loss 0.0063, val_mae 0.0869, val_rmse 0.1189, val_r2 0.8238, val_pearson 0.9093, lr 1.00e-06 ---
2026-10-01 08:05:22,868 - INFO - 
****************************************************************************************************
2026-10-01 08:05:24,514 - INFO - --- training epoch 235, loss 0.0068, mae 0.0861, rmse 0.1164, time elapsed(min) 0.02---
2026-10-01 08:05:24,921 - INFO - --- validation at epoch 235, val_loss 0.0064, val_mae 0.0870, val_rmse 0.1192, val_r2 0.8231, val_pearson 0.9092, lr 1.00e-06 ---
2026-10-01 08:05:24,921 - INFO - 
****************************************************************************************************
2026-10-01 08:05:26,638 - INFO - --- training epoch 236, loss 0.0067, mae 0.0861, rmse 0.1161, time elapsed(min) 0.02---
2026-10-01 08:05:26,839 - INFO - --- validation at epoch 236, val_loss 0.0064, val_mae 0.0870, val_rmse 0.1191, val_r2 0.8232, val_pearson 0.9091, lr 1.00e-06 ---
2026-10-01 08:05:26,839 - INFO - 
****************************************************************************************************
2026-10-01 08:05:28,388 - INFO - --- training epoch 237, loss 0.0068, mae 0.0862, rmse 0.1163, time elapsed(min) 0.02---
2026-10-01 08:05:28,593 - INFO - --- validation at epoch 237, val_loss 0.0063, val_mae 0.0869, val_rmse 0.1189, val_r2 0.8239, val_pearson 0.9093, lr 1.00e-06 ---
2026-10-01 08:05:28,593 - INFO - 
****************************************************************************************************
2026-10-01 08:05:30,170 - INFO - --- training epoch 238, loss 0.0067, mae 0.0857, rmse 0.1159, time elapsed(min) 0.02---
2026-10-01 08:05:30,503 - INFO - --- validation at epoch 238, val_loss 0.0064, val_mae 0.0871, val_rmse 0.1191, val_r2 0.8232, val_pearson 0.9091, lr 1.00e-06 ---
2026-10-01 08:05:30,503 - INFO - 
****************************************************************************************************
2026-10-01 08:05:32,165 - INFO - --- training epoch 239, loss 0.0069, mae 0.0867, rmse 0.1176, time elapsed(min) 0.02---
2026-10-01 08:05:32,540 - INFO - --- validation at epoch 239, val_loss 0.0064, val_mae 0.0870, val_rmse 0.1191, val_r2 0.8235, val_pearson 0.9091, lr 1.00e-06 ---
2026-10-01 08:05:32,540 - INFO - 
****************************************************************************************************
2026-10-01 08:05:34,206 - INFO - --- training epoch 240, loss 0.0068, mae 0.0860, rmse 0.1165, time elapsed(min) 0.02---
2026-10-01 08:05:34,412 - INFO - --- validation at epoch 240, val_loss 0.0064, val_mae 0.0870, val_rmse 0.1191, val_r2 0.8234, val_pearson 0.9092, lr 1.00e-06 ---
2026-10-01 08:05:34,412 - INFO - 
****************************************************************************************************
2026-10-01 08:05:36,033 - INFO - --- training epoch 241, loss 0.0069, mae 0.0865, rmse 0.1172, time elapsed(min) 0.02---
2026-10-01 08:05:36,233 - INFO - --- validation at epoch 241, val_loss 0.0064, val_mae 0.0871, val_rmse 0.1191, val_r2 0.8232, val_pearson 0.9091, lr 1.00e-06 ---
2026-10-01 08:05:36,233 - INFO - 
****************************************************************************************************
2026-10-01 08:05:38,035 - INFO - --- training epoch 242, loss 0.0068, mae 0.0857, rmse 0.1166, time elapsed(min) 0.03---
2026-10-01 08:05:38,412 - INFO - --- validation at epoch 242, val_loss 0.0064, val_mae 0.0871, val_rmse 0.1191, val_r2 0.8232, val_pearson 0.9091, lr 1.00e-06 ---
2026-10-01 08:05:38,412 - INFO - 
****************************************************************************************************
2026-10-01 08:05:40,093 - INFO - --- training epoch 243, loss 0.0068, mae 0.0860, rmse 0.1163, time elapsed(min) 0.02---
2026-10-01 08:05:40,313 - INFO - --- validation at epoch 243, val_loss 0.0064, val_mae 0.0871, val_rmse 0.1191, val_r2 0.8232, val_pearson 0.9090, lr 1.00e-06 ---
2026-10-01 08:05:40,313 - INFO - 
****************************************************************************************************
2026-10-01 08:05:41,874 - INFO - --- training epoch 244, loss 0.0068, mae 0.0862, rmse 0.1162, time elapsed(min) 0.02---
2026-10-01 08:05:42,116 - INFO - --- validation at epoch 244, val_loss 0.0064, val_mae 0.0871, val_rmse 0.1192, val_r2 0.8231, val_pearson 0.9091, lr 1.00e-06 ---
2026-10-01 08:05:42,116 - INFO - 
****************************************************************************************************
2026-10-01 08:05:43,754 - INFO - --- training epoch 245, loss 0.0067, mae 0.0853, rmse 0.1161, time elapsed(min) 0.02---
2026-10-01 08:05:44,150 - INFO - --- validation at epoch 245, val_loss 0.0064, val_mae 0.0871, val_rmse 0.1192, val_r2 0.8230, val_pearson 0.9089, lr 1.00e-06 ---
2026-10-01 08:05:44,150 - INFO - 
****************************************************************************************************
2026-10-01 08:05:45,896 - INFO - --- training epoch 246, loss 0.0067, mae 0.0851, rmse 0.1161, time elapsed(min) 0.02---
2026-10-01 08:05:46,114 - INFO - --- validation at epoch 246, val_loss 0.0064, val_mae 0.0871, val_rmse 0.1193, val_r2 0.8228, val_pearson 0.9089, lr 1.00e-06 ---
2026-10-01 08:05:46,114 - INFO - 
****************************************************************************************************
2026-10-01 08:05:47,664 - INFO - --- training epoch 247, loss 0.0068, mae 0.0863, rmse 0.1164, time elapsed(min) 0.02---
2026-10-01 08:05:47,878 - INFO - --- validation at epoch 247, val_loss 0.0064, val_mae 0.0871, val_rmse 0.1191, val_r2 0.8233, val_pearson 0.9090, lr 1.00e-06 ---
2026-10-01 08:05:47,878 - INFO - 
****************************************************************************************************
2026-10-01 08:05:49,428 - INFO - --- training epoch 248, loss 0.0067, mae 0.0854, rmse 0.1157, time elapsed(min) 0.02---
2026-10-01 08:05:49,755 - INFO - --- validation at epoch 248, val_loss 0.0064, val_mae 0.0870, val_rmse 0.1190, val_r2 0.8235, val_pearson 0.9092, lr 1.00e-06 ---
2026-10-01 08:05:49,755 - INFO - 
****************************************************************************************************
2026-10-01 08:05:51,538 - INFO - --- training epoch 249, loss 0.0068, mae 0.0868, rmse 0.1169, time elapsed(min) 0.02---
2026-10-01 08:05:51,747 - INFO - --- validation at epoch 249, val_loss 0.0064, val_mae 0.0871, val_rmse 0.1190, val_r2 0.8236, val_pearson 0.9092, lr 1.00e-06 ---
2026-10-01 08:05:51,747 - INFO - 
****************************************************************************************************
2026-10-01 08:05:53,283 - INFO - --- training epoch 250, loss 0.0068, mae 0.0863, rmse 0.1167, time elapsed(min) 0.02---
2026-10-01 08:05:53,490 - INFO - --- validation at epoch 250, val_loss 0.0063, val_mae 0.0870, val_rmse 0.1190, val_r2 0.8237, val_pearson 0.9092, lr 1.00e-06 ---
2026-10-01 08:05:53,490 - INFO - 
****************************************************************************************************
2026-10-01 08:05:55,066 - INFO - --- training epoch 251, loss 0.0069, mae 0.0874, rmse 0.1178, time elapsed(min) 0.02---
2026-10-01 08:05:55,391 - INFO - --- validation at epoch 251, val_loss 0.0064, val_mae 0.0871, val_rmse 0.1191, val_r2 0.8233, val_pearson 0.9091, lr 1.00e-06 ---
2026-10-01 08:05:55,391 - INFO - 
****************************************************************************************************
2026-10-01 08:05:57,216 - INFO - --- training epoch 252, loss 0.0068, mae 0.0865, rmse 0.1169, time elapsed(min) 0.03---
2026-10-01 08:05:57,419 - INFO - --- validation at epoch 252, val_loss 0.0064, val_mae 0.0871, val_rmse 0.1192, val_r2 0.8230, val_pearson 0.9089, lr 1.00e-06 ---
2026-10-01 08:05:57,419 - INFO - 
****************************************************************************************************
2026-10-01 08:05:59,099 - INFO - --- training epoch 253, loss 0.0067, mae 0.0862, rmse 0.1159, time elapsed(min) 0.02---
2026-10-01 08:05:59,304 - INFO - --- validation at epoch 253, val_loss 0.0064, val_mae 0.0871, val_rmse 0.1191, val_r2 0.8233, val_pearson 0.9091, lr 1.00e-06 ---
2026-10-01 08:05:59,304 - INFO - 
****************************************************************************************************
2026-10-01 08:06:00,874 - INFO - --- training epoch 254, loss 0.0067, mae 0.0867, rmse 0.1160, time elapsed(min) 0.02---
2026-10-01 08:06:01,081 - INFO - --- validation at epoch 254, val_loss 0.0063, val_mae 0.0870, val_rmse 0.1189, val_r2 0.8238, val_pearson 0.9093, lr 1.00e-06 ---
2026-10-01 08:06:01,081 - INFO - 
****************************************************************************************************
2026-10-01 08:06:02,657 - INFO - --- training epoch 255, loss 0.0068, mae 0.0867, rmse 0.1167, time elapsed(min) 0.02---
2026-10-01 08:06:03,033 - INFO - --- validation at epoch 255, val_loss 0.0063, val_mae 0.0869, val_rmse 0.1189, val_r2 0.8239, val_pearson 0.9094, lr 1.00e-06 ---
2026-10-01 08:06:03,033 - INFO - 
****************************************************************************************************
2026-10-01 08:06:04,707 - INFO - --- training epoch 256, loss 0.0066, mae 0.0850, rmse 0.1151, time elapsed(min) 0.02---
2026-10-01 08:06:04,911 - INFO - --- validation at epoch 256, val_loss 0.0063, val_mae 0.0869, val_rmse 0.1189, val_r2 0.8240, val_pearson 0.9093, lr 1.00e-06 ---
2026-10-01 08:06:04,911 - INFO - 
****************************************************************************************************
2026-10-01 08:06:06,480 - INFO - --- training epoch 257, loss 0.0066, mae 0.0855, rmse 0.1152, time elapsed(min) 0.02---
2026-10-01 08:06:06,687 - INFO - --- validation at epoch 257, val_loss 0.0063, val_mae 0.0869, val_rmse 0.1190, val_r2 0.8237, val_pearson 0.9093, lr 1.00e-06 ---
2026-10-01 08:06:06,687 - INFO - 
****************************************************************************************************
2026-10-01 08:06:08,386 - INFO - --- training epoch 258, loss 0.0066, mae 0.0850, rmse 0.1153, time elapsed(min) 0.02---
2026-10-01 08:06:08,787 - INFO - --- validation at epoch 258, val_loss 0.0064, val_mae 0.0870, val_rmse 0.1191, val_r2 0.8233, val_pearson 0.9091, lr 1.00e-06 ---
2026-10-01 08:06:08,787 - INFO - 
****************************************************************************************************
2026-10-01 08:06:10,445 - INFO - --- training epoch 259, loss 0.0068, mae 0.0867, rmse 0.1169, time elapsed(min) 0.02---
2026-10-01 08:06:10,650 - INFO - --- validation at epoch 259, val_loss 0.0064, val_mae 0.0870, val_rmse 0.1191, val_r2 0.8233, val_pearson 0.9092, lr 1.00e-06 ---
2026-10-01 08:06:10,650 - INFO - 
****************************************************************************************************
2026-10-01 08:06:12,194 - INFO - --- training epoch 260, loss 0.0069, mae 0.0871, rmse 0.1177, time elapsed(min) 0.02---
2026-10-01 08:06:12,399 - INFO - --- validation at epoch 260, val_loss 0.0063, val_mae 0.0870, val_rmse 0.1191, val_r2 0.8234, val_pearson 0.9092, lr 1.00e-06 ---
2026-10-01 08:06:12,399 - INFO - 
****************************************************************************************************
2026-10-01 08:06:13,968 - INFO - --- training epoch 261, loss 0.0069, mae 0.0862, rmse 0.1172, time elapsed(min) 0.02---
2026-10-01 08:06:14,377 - INFO - --- validation at epoch 261, val_loss 0.0063, val_mae 0.0870, val_rmse 0.1190, val_r2 0.8237, val_pearson 0.9093, lr 1.00e-06 ---
2026-10-01 08:06:14,377 - INFO - 
****************************************************************************************************
2026-10-01 08:06:16,066 - INFO - --- training epoch 262, loss 0.0067, mae 0.0860, rmse 0.1154, time elapsed(min) 0.02---
2026-10-01 08:06:16,271 - INFO - --- validation at epoch 262, val_loss 0.0063, val_mae 0.0870, val_rmse 0.1189, val_r2 0.8240, val_pearson 0.9094, lr 1.00e-06 ---
2026-10-01 08:06:16,271 - INFO - 
****************************************************************************************************
2026-10-01 08:06:17,822 - INFO - --- training epoch 263, loss 0.0068, mae 0.0859, rmse 0.1168, time elapsed(min) 0.02---
2026-10-01 08:06:18,033 - INFO - --- validation at epoch 263, val_loss 0.0064, val_mae 0.0871, val_rmse 0.1192, val_r2 0.8231, val_pearson 0.9091, lr 1.00e-06 ---
2026-10-01 08:06:18,033 - INFO - 
****************************************************************************************************
2026-10-01 08:06:19,615 - INFO - --- training epoch 264, loss 0.0068, mae 0.0866, rmse 0.1167, time elapsed(min) 0.02---
2026-10-01 08:06:19,955 - INFO - --- validation at epoch 264, val_loss 0.0064, val_mae 0.0872, val_rmse 0.1193, val_r2 0.8227, val_pearson 0.9089, lr 1.00e-06 ---
2026-10-01 08:06:19,955 - INFO - 
****************************************************************************************************
2026-10-01 08:06:21,865 - INFO - --- training epoch 265, loss 0.0069, mae 0.0866, rmse 0.1174, time elapsed(min) 0.03---
2026-10-01 08:06:22,070 - INFO - --- validation at epoch 265, val_loss 0.0064, val_mae 0.0872, val_rmse 0.1192, val_r2 0.8231, val_pearson 0.9089, lr 1.00e-06 ---
2026-10-01 08:06:22,070 - INFO - 
****************************************************************************************************
2026-10-01 08:06:23,687 - INFO - --- training epoch 266, loss 0.0068, mae 0.0867, rmse 0.1165, time elapsed(min) 0.02---
2026-10-01 08:06:23,890 - INFO - --- validation at epoch 266, val_loss 0.0064, val_mae 0.0872, val_rmse 0.1192, val_r2 0.8231, val_pearson 0.9089, lr 1.00e-06 ---
2026-10-01 08:06:23,890 - INFO - 
****************************************************************************************************
2026-10-01 08:06:24,174 - INFO - --- early stopping at epoch 266: val_loss did not improve for 50 epochs ---
2026-10-01 08:06:24,420 - INFO - --- selected checkpoint from epoch 216, val_loss 0.0063, val_mae 0.0869, val_rmse 0.1188
2026-10-01 08:06:25,189 - INFO - -- RESULT
2026-10-01 08:06:25,189 - INFO - --- test size: 1728
2026-10-01 08:06:25,189 - INFO - --- MAE: 0.0891 (8.91 pp), RMSE: 0.1246 (12.46 pp), R2: 0.8019, Pearson: 0.8979
2026-10-01 08:06:27,236 - INFO - --- Suzuki-Miyaura | split_3 | current_model: test R2 0.8019 MAE 0.0891 RMSE 0.1246 | 514.8s (1.9s/epoch)
2026-10-01 08:06:27,256 - INFO - --- Suzuki-Miyaura | split_3 | approach 3 (comb/linear) (comb/linear)
