2026-09-30 22:04:58,009 - INFO - device is	cuda:0
2026-09-30 22:04:58,227 - INFO - -- CONFIGURATIONS
2026-09-30 22:04:58,227 - INFO - --- train/valid/test: 2491/277/1187
2026-09-30 22:04:58,227 - INFO - --- max no. reactants_train, valid, test respectively: 6, 6, 6
2026-09-30 22:04:58,227 - INFO - --- max no. products_train, valid, test respectively: 1, 1, 1
2026-09-30 22:04:58,227 - INFO - --- model_path: ../logs/approach2_grid_bh/e400/runs/Buchwald-Hartwig_fullcv04_split70_current_model/model.pt
2026-09-30 22:04:58,238 - INFO - -- TRAINING
2026-09-30 22:04:59,124 - INFO - --- training epoch 0, loss 23.9098, mae 24.4046, rmse 29.9429, time elapsed(min) 0.01---
2026-09-30 22:04:59,362 - INFO - --- validation at epoch 0, val_loss 22.5422, val_mae 22.7284, val_rmse 27.1584, val_r2 -0.0188, val_pearson -0.2319, lr 1.00e-03 ---
2026-09-30 22:04:59,362 - INFO - 
****************************************************************************************************
2026-09-30 22:05:01,169 - INFO - --- training epoch 1, loss 22.5778, mae 23.0740, rmse 27.6400, time elapsed(min) 0.02---
2026-09-30 22:05:01,391 - INFO - --- validation at epoch 1, val_loss 22.8479, val_mae 23.7411, val_rmse 30.6511, val_r2 -0.2977, val_pearson 0.2281, lr 1.00e-03 ---
2026-09-30 22:05:01,391 - INFO - 
****************************************************************************************************
2026-09-30 22:05:03,043 - INFO - --- training epoch 2, loss 22.8606, mae 23.3570, rmse 28.0713, time elapsed(min) 0.02---
2026-09-30 22:05:03,280 - INFO - --- validation at epoch 2, val_loss 22.4786, val_mae 22.5083, val_rmse 26.5765, val_r2 0.0244, val_pearson 0.2382, lr 1.00e-03 ---
2026-09-30 22:05:03,280 - INFO - 
****************************************************************************************************
2026-09-30 22:05:05,082 - INFO - --- training epoch 3, loss 22.7369, mae 23.2318, rmse 28.0525, time elapsed(min) 0.02---
2026-09-30 22:05:05,330 - INFO - --- validation at epoch 3, val_loss 23.7263, val_mae 23.7688, val_rmse 27.7289, val_r2 -0.0621, val_pearson 0.2523, lr 1.00e-03 ---
2026-09-30 22:05:05,331 - INFO - 
****************************************************************************************************
2026-09-30 22:05:07,335 - INFO - --- training epoch 4, loss 22.2272, mae 22.7237, rmse 27.1950, time elapsed(min) 0.03---
2026-09-30 22:05:07,584 - INFO - --- validation at epoch 4, val_loss 21.4710, val_mae 21.9815, val_rmse 26.1503, val_r2 0.0554, val_pearson 0.2915, lr 1.00e-03 ---
2026-09-30 22:05:07,584 - INFO - 
****************************************************************************************************
2026-09-30 22:05:09,054 - INFO - --- training epoch 5, loss 21.4030, mae 21.8981, rmse 26.4767, time elapsed(min) 0.02---
2026-09-30 22:05:09,290 - INFO - --- validation at epoch 5, val_loss 21.8649, val_mae 22.1225, val_rmse 26.2458, val_r2 0.0485, val_pearson 0.3094, lr 1.00e-03 ---
2026-09-30 22:05:09,290 - INFO - 
****************************************************************************************************
2026-09-30 22:05:10,643 - INFO - --- training epoch 6, loss 21.8331, mae 22.3287, rmse 26.6798, time elapsed(min) 0.02---
2026-09-30 22:05:10,872 - INFO - --- validation at epoch 6, val_loss 20.6852, val_mae 20.8475, val_rmse 24.9936, val_r2 0.1371, val_pearson 0.3740, lr 1.00e-03 ---
2026-09-30 22:05:10,872 - INFO - 
****************************************************************************************************
2026-09-30 22:05:12,834 - INFO - --- training epoch 7, loss 21.3221, mae 21.8185, rmse 26.2141, time elapsed(min) 0.02---
2026-09-30 22:05:13,069 - INFO - --- validation at epoch 7, val_loss 20.5269, val_mae 20.5441, val_rmse 24.7243, val_r2 0.1556, val_pearson 0.4127, lr 1.00e-03 ---
2026-09-30 22:05:13,069 - INFO - 
****************************************************************************************************
2026-09-30 22:05:14,864 - INFO - --- training epoch 8, loss 20.4206, mae 20.9161, rmse 25.0967, time elapsed(min) 0.02---
2026-09-30 22:05:15,097 - INFO - --- validation at epoch 8, val_loss 19.7354, val_mae 20.1975, val_rmse 24.3974, val_r2 0.1778, val_pearson 0.4450, lr 1.00e-03 ---
2026-09-30 22:05:15,097 - INFO - 
****************************************************************************************************
2026-09-30 22:05:16,878 - INFO - --- training epoch 9, loss 20.4539, mae 20.9484, rmse 25.2900, time elapsed(min) 0.02---
2026-09-30 22:05:17,450 - INFO - --- validation at epoch 9, val_loss 21.2881, val_mae 21.3384, val_rmse 25.9788, val_r2 0.0677, val_pearson 0.4350, lr 1.00e-03 ---
2026-09-30 22:05:17,450 - INFO - 
****************************************************************************************************
2026-09-30 22:05:19,066 - INFO - --- training epoch 10, loss 21.0640, mae 21.5608, rmse 25.7820, time elapsed(min) 0.02---
2026-09-30 22:05:19,315 - INFO - --- validation at epoch 10, val_loss 24.5071, val_mae 24.9479, val_rmse 30.8988, val_r2 -0.3188, val_pearson 0.3836, lr 1.00e-03 ---
2026-09-30 22:05:19,315 - INFO - 
****************************************************************************************************
2026-09-30 22:05:20,658 - INFO - --- training epoch 11, loss 22.0083, mae 22.5042, rmse 26.9194, time elapsed(min) 0.02---
2026-09-30 22:05:20,899 - INFO - --- validation at epoch 11, val_loss 22.5639, val_mae 22.2690, val_rmse 25.7723, val_r2 0.0825, val_pearson 0.4562, lr 1.00e-03 ---
2026-09-30 22:05:20,899 - INFO - 
****************************************************************************************************
2026-09-30 22:05:22,582 - INFO - --- training epoch 12, loss 20.7439, mae 21.2402, rmse 25.4300, time elapsed(min) 0.02---
2026-09-30 22:05:22,850 - INFO - --- validation at epoch 12, val_loss 20.7152, val_mae 20.6385, val_rmse 24.8956, val_r2 0.1439, val_pearson 0.4799, lr 1.00e-03 ---
2026-09-30 22:05:22,850 - INFO - 
****************************************************************************************************
2026-09-30 22:05:24,554 - INFO - --- training epoch 13, loss 20.1559, mae 20.6519, rmse 25.0699, time elapsed(min) 0.02---
2026-09-30 22:05:24,787 - INFO - --- validation at epoch 13, val_loss 20.0303, val_mae 20.1375, val_rmse 24.5689, val_r2 0.1662, val_pearson 0.4678, lr 1.00e-03 ---
2026-09-30 22:05:24,788 - INFO - 
****************************************************************************************************
2026-09-30 22:05:26,543 - INFO - --- training epoch 14, loss 19.8825, mae 20.3784, rmse 24.8372, time elapsed(min) 0.02---
2026-09-30 22:05:26,779 - INFO - --- validation at epoch 14, val_loss 19.3659, val_mae 19.4543, val_rmse 23.2759, val_r2 0.2516, val_pearson 0.5026, lr 1.00e-03 ---
2026-09-30 22:05:26,779 - INFO - 
****************************************************************************************************
2026-09-30 22:05:28,509 - INFO - --- training epoch 15, loss 19.6155, mae 20.1110, rmse 24.5465, time elapsed(min) 0.02---
2026-09-30 22:05:28,746 - INFO - --- validation at epoch 15, val_loss 20.1119, val_mae 19.8847, val_rmse 24.2011, val_r2 0.1910, val_pearson 0.5086, lr 1.00e-03 ---
2026-09-30 22:05:28,746 - INFO - 
****************************************************************************************************
2026-09-30 22:05:30,180 - INFO - --- training epoch 16, loss 20.1738, mae 20.6684, rmse 25.1564, time elapsed(min) 0.02---
2026-09-30 22:05:30,452 - INFO - --- validation at epoch 16, val_loss 21.4866, val_mae 21.5168, val_rmse 26.4291, val_r2 0.0351, val_pearson 0.4718, lr 1.00e-03 ---
2026-09-30 22:05:30,452 - INFO - 
****************************************************************************************************
2026-09-30 22:05:31,859 - INFO - --- training epoch 17, loss 20.2615, mae 20.7564, rmse 25.3203, time elapsed(min) 0.02---
2026-09-30 22:05:32,094 - INFO - --- validation at epoch 17, val_loss 19.8825, val_mae 19.7492, val_rmse 23.5208, val_r2 0.2358, val_pearson 0.4956, lr 1.00e-03 ---
2026-09-30 22:05:32,094 - INFO - 
****************************************************************************************************
2026-09-30 22:05:33,831 - INFO - --- training epoch 18, loss 19.7269, mae 20.2222, rmse 24.8490, time elapsed(min) 0.02---
2026-09-30 22:05:34,071 - INFO - --- validation at epoch 18, val_loss 19.6121, val_mae 19.7170, val_rmse 24.1165, val_r2 0.1966, val_pearson 0.4904, lr 1.00e-03 ---
2026-09-30 22:05:34,071 - INFO - 
****************************************************************************************************
2026-09-30 22:05:35,838 - INFO - --- training epoch 19, loss 19.7819, mae 20.2779, rmse 24.5213, time elapsed(min) 0.02---
2026-09-30 22:05:36,081 - INFO - --- validation at epoch 19, val_loss 19.4636, val_mae 19.4440, val_rmse 23.8244, val_r2 0.2160, val_pearson 0.5084, lr 1.00e-03 ---
2026-09-30 22:05:36,081 - INFO - 
****************************************************************************************************
2026-09-30 22:05:38,128 - INFO - --- training epoch 20, loss 20.2478, mae 20.7426, rmse 25.3616, time elapsed(min) 0.03---
2026-09-30 22:05:38,379 - INFO - --- validation at epoch 20, val_loss 20.4517, val_mae 20.1926, val_rmse 24.4386, val_r2 0.1750, val_pearson 0.5121, lr 1.00e-03 ---
2026-09-30 22:05:38,379 - INFO - 
****************************************************************************************************
2026-09-30 22:05:39,794 - INFO - --- training epoch 21, loss 19.7523, mae 20.2478, rmse 24.7337, time elapsed(min) 0.02---
2026-09-30 22:05:40,021 - INFO - --- validation at epoch 21, val_loss 20.1730, val_mae 19.8977, val_rmse 24.0882, val_r2 0.1985, val_pearson 0.5198, lr 1.00e-03 ---
2026-09-30 22:05:40,021 - INFO - 
****************************************************************************************************
2026-09-30 22:05:41,439 - INFO - --- training epoch 22, loss 19.7877, mae 20.2822, rmse 24.6823, time elapsed(min) 0.02---
2026-09-30 22:05:41,682 - INFO - --- validation at epoch 22, val_loss 19.4459, val_mae 19.4609, val_rmse 23.7272, val_r2 0.2223, val_pearson 0.4967, lr 1.00e-03 ---
2026-09-30 22:05:41,682 - INFO - 
****************************************************************************************************
2026-09-30 22:05:43,353 - INFO - --- training epoch 23, loss 19.6673, mae 20.1627, rmse 24.5950, time elapsed(min) 0.02---
2026-09-30 22:05:43,640 - INFO - --- validation at epoch 23, val_loss 20.1849, val_mae 20.3526, val_rmse 25.3163, val_r2 0.1147, val_pearson 0.4740, lr 1.00e-03 ---
2026-09-30 22:05:43,641 - INFO - 
****************************************************************************************************
2026-09-30 22:05:45,439 - INFO - --- training epoch 24, loss 19.7919, mae 20.2865, rmse 24.6084, time elapsed(min) 0.02---
2026-09-30 22:05:45,680 - INFO - --- validation at epoch 24, val_loss 20.6761, val_mae 20.3739, val_rmse 24.7830, val_r2 0.1516, val_pearson 0.5293, lr 1.00e-03 ---
2026-09-30 22:05:45,680 - INFO - 
****************************************************************************************************
2026-09-30 22:05:47,480 - INFO - --- training epoch 25, loss 19.7206, mae 20.2153, rmse 24.6277, time elapsed(min) 0.02---
2026-09-30 22:05:48,148 - INFO - --- validation at epoch 25, val_loss 18.7820, val_mae 18.9551, val_rmse 22.8629, val_r2 0.2780, val_pearson 0.5361, lr 1.00e-03 ---
2026-09-30 22:05:48,148 - INFO - 
****************************************************************************************************
2026-09-30 22:05:49,971 - INFO - --- training epoch 26, loss 19.2103, mae 19.7044, rmse 24.1768, time elapsed(min) 0.02---
2026-09-30 22:05:50,246 - INFO - --- validation at epoch 26, val_loss 20.5253, val_mae 20.3335, val_rmse 24.1728, val_r2 0.1929, val_pearson 0.5093, lr 1.00e-03 ---
2026-09-30 22:05:50,247 - INFO - 
****************************************************************************************************
2026-09-30 22:05:51,687 - INFO - --- training epoch 27, loss 19.1452, mae 19.6397, rmse 24.0258, time elapsed(min) 0.02---
2026-09-30 22:05:51,928 - INFO - --- validation at epoch 27, val_loss 20.1173, val_mae 20.1151, val_rmse 25.0592, val_r2 0.1326, val_pearson 0.5136, lr 1.00e-03 ---
2026-09-30 22:05:51,928 - INFO - 
****************************************************************************************************
2026-09-30 22:05:53,747 - INFO - --- training epoch 28, loss 19.1737, mae 19.6687, rmse 24.1812, time elapsed(min) 0.02---
2026-09-30 22:05:54,042 - INFO - --- validation at epoch 28, val_loss 19.1120, val_mae 18.9024, val_rmse 23.1161, val_r2 0.2619, val_pearson 0.5375, lr 1.00e-03 ---
2026-09-30 22:05:54,043 - INFO - 
****************************************************************************************************
2026-09-30 22:05:55,761 - INFO - --- training epoch 29, loss 19.3281, mae 19.8241, rmse 24.2021, time elapsed(min) 0.02---
2026-09-30 22:05:55,987 - INFO - --- validation at epoch 29, val_loss 21.5797, val_mae 21.1832, val_rmse 25.7590, val_r2 0.0835, val_pearson 0.4620, lr 1.00e-03 ---
2026-09-30 22:05:55,987 - INFO - 
****************************************************************************************************
2026-09-30 22:05:57,855 - INFO - --- training epoch 30, loss 20.7965, mae 21.2920, rmse 26.0310, time elapsed(min) 0.02---
2026-09-30 22:05:58,094 - INFO - --- validation at epoch 30, val_loss 21.5503, val_mae 21.3728, val_rmse 25.4558, val_r2 0.1049, val_pearson 0.4756, lr 1.00e-03 ---
2026-09-30 22:05:58,094 - INFO - 
****************************************************************************************************
2026-09-30 22:05:59,804 - INFO - --- training epoch 31, loss 19.7407, mae 20.2356, rmse 24.7676, time elapsed(min) 0.02---
2026-09-30 22:06:00,044 - INFO - --- validation at epoch 31, val_loss 20.1770, val_mae 20.3089, val_rmse 24.6785, val_r2 0.1587, val_pearson 0.4903, lr 1.00e-03 ---
2026-09-30 22:06:00,045 - INFO - 
****************************************************************************************************
2026-09-30 22:06:01,455 - INFO - --- training epoch 32, loss 19.3907, mae 19.8863, rmse 24.4587, time elapsed(min) 0.02---
2026-09-30 22:06:01,686 - INFO - --- validation at epoch 32, val_loss 19.0339, val_mae 19.0706, val_rmse 23.2027, val_r2 0.2563, val_pearson 0.5159, lr 1.00e-03 ---
2026-09-30 22:06:01,686 - INFO - 
****************************************************************************************************
2026-09-30 22:06:03,356 - INFO - --- training epoch 33, loss 19.2405, mae 19.7369, rmse 24.0666, time elapsed(min) 0.02---
2026-09-30 22:06:03,594 - INFO - --- validation at epoch 33, val_loss 19.0704, val_mae 19.0397, val_rmse 23.0321, val_r2 0.2672, val_pearson 0.5250, lr 1.00e-03 ---
2026-09-30 22:06:03,594 - INFO - 
****************************************************************************************************
2026-09-30 22:06:05,316 - INFO - --- training epoch 34, loss 18.9554, mae 19.4512, rmse 23.7748, time elapsed(min) 0.02---
2026-09-30 22:06:05,557 - INFO - --- validation at epoch 34, val_loss 19.5194, val_mae 19.2332, val_rmse 23.5089, val_r2 0.2366, val_pearson 0.5359, lr 1.00e-03 ---
2026-09-30 22:06:05,557 - INFO - 
****************************************************************************************************
2026-09-30 22:06:07,312 - INFO - --- training epoch 35, loss 18.7211, mae 19.2161, rmse 23.6634, time elapsed(min) 0.02---
2026-09-30 22:06:07,528 - INFO - --- validation at epoch 35, val_loss 18.5115, val_mae 18.3892, val_rmse 22.6049, val_r2 0.2942, val_pearson 0.5504, lr 1.00e-03 ---
2026-09-30 22:06:07,528 - INFO - 
****************************************************************************************************
2026-09-30 22:06:09,720 - INFO - --- training epoch 36, loss 18.5211, mae 19.0158, rmse 23.3731, time elapsed(min) 0.03---
2026-09-30 22:06:09,997 - INFO - --- validation at epoch 36, val_loss 17.7585, val_mae 17.7572, val_rmse 22.2080, val_r2 0.3187, val_pearson 0.5696, lr 1.00e-03 ---
2026-09-30 22:06:09,998 - INFO - 
****************************************************************************************************
2026-09-30 22:06:11,525 - INFO - --- training epoch 37, loss 17.9775, mae 18.4717, rmse 22.8272, time elapsed(min) 0.02---
2026-09-30 22:06:11,787 - INFO - --- validation at epoch 37, val_loss 17.8148, val_mae 17.4091, val_rmse 21.6511, val_r2 0.3525, val_pearson 0.6045, lr 1.00e-03 ---
2026-09-30 22:06:11,788 - INFO - 
****************************************************************************************************
2026-09-30 22:06:13,190 - INFO - --- training epoch 38, loss 17.9161, mae 18.4112, rmse 22.6566, time elapsed(min) 0.02---
2026-09-30 22:06:13,425 - INFO - --- validation at epoch 38, val_loss 17.7310, val_mae 17.7482, val_rmse 22.7806, val_r2 0.2832, val_pearson 0.6096, lr 1.00e-03 ---
2026-09-30 22:06:13,426 - INFO - 
****************************************************************************************************
2026-09-30 22:06:15,356 - INFO - --- training epoch 39, loss 18.0246, mae 18.5201, rmse 22.8355, time elapsed(min) 0.02---
2026-09-30 22:06:15,609 - INFO - --- validation at epoch 39, val_loss 18.5144, val_mae 18.2301, val_rmse 22.6951, val_r2 0.2885, val_pearson 0.6017, lr 1.00e-03 ---
2026-09-30 22:06:15,609 - INFO - 
****************************************************************************************************
2026-09-30 22:06:17,368 - INFO - --- training epoch 40, loss 17.9368, mae 18.4300, rmse 22.9241, time elapsed(min) 0.02---
2026-09-30 22:06:17,600 - INFO - --- validation at epoch 40, val_loss 17.6541, val_mae 17.1634, val_rmse 21.2113, val_r2 0.3785, val_pearson 0.6213, lr 1.00e-03 ---
2026-09-30 22:06:17,600 - INFO - 
****************************************************************************************************
2026-09-30 22:06:19,674 - INFO - --- training epoch 41, loss 17.2941, mae 17.7865, rmse 22.4623, time elapsed(min) 0.03---
2026-09-30 22:06:19,927 - INFO - --- validation at epoch 41, val_loss 17.8268, val_mae 17.2957, val_rmse 21.7851, val_r2 0.3444, val_pearson 0.6216, lr 1.00e-03 ---
2026-09-30 22:06:19,927 - INFO - 
****************************************************************************************************
2026-09-30 22:06:21,313 - INFO - --- training epoch 42, loss 17.5430, mae 18.0373, rmse 22.5309, time elapsed(min) 0.02---
2026-09-30 22:06:21,569 - INFO - --- validation at epoch 42, val_loss 17.1483, val_mae 16.7387, val_rmse 20.9239, val_r2 0.3952, val_pearson 0.6319, lr 1.00e-03 ---
2026-09-30 22:06:21,569 - INFO - 
****************************************************************************************************
2026-09-30 22:06:23,065 - INFO - --- training epoch 43, loss 17.6460, mae 18.1388, rmse 22.5743, time elapsed(min) 0.02---
2026-09-30 22:06:23,326 - INFO - --- validation at epoch 43, val_loss 17.4616, val_mae 16.8754, val_rmse 21.4958, val_r2 0.3617, val_pearson 0.6182, lr 1.00e-03 ---
2026-09-30 22:06:23,326 - INFO - 
****************************************************************************************************
2026-09-30 22:06:25,228 - INFO - --- training epoch 44, loss 17.5877, mae 18.0808, rmse 22.4928, time elapsed(min) 0.02---
2026-09-30 22:06:25,461 - INFO - --- validation at epoch 44, val_loss 17.2723, val_mae 16.8379, val_rmse 21.0005, val_r2 0.3908, val_pearson 0.6283, lr 1.00e-03 ---
2026-09-30 22:06:25,461 - INFO - 
****************************************************************************************************
2026-09-30 22:06:27,178 - INFO - --- training epoch 45, loss 17.5590, mae 18.0538, rmse 22.5201, time elapsed(min) 0.02---
2026-09-30 22:06:27,420 - INFO - --- validation at epoch 45, val_loss 17.4503, val_mae 16.9670, val_rmse 21.3317, val_r2 0.3714, val_pearson 0.6165, lr 1.00e-03 ---
2026-09-30 22:06:27,420 - INFO - 
****************************************************************************************************
2026-09-30 22:06:29,166 - INFO - --- training epoch 46, loss 17.1225, mae 17.6154, rmse 22.2435, time elapsed(min) 0.02---
2026-09-30 22:06:29,755 - INFO - --- validation at epoch 46, val_loss 17.3045, val_mae 16.7932, val_rmse 21.3038, val_r2 0.3731, val_pearson 0.6290, lr 1.00e-03 ---
2026-09-30 22:06:29,755 - INFO - 
****************************************************************************************************
2026-09-30 22:06:31,453 - INFO - --- training epoch 47, loss 16.9942, mae 17.4869, rmse 22.2364, time elapsed(min) 0.02---
2026-09-30 22:06:31,708 - INFO - --- validation at epoch 47, val_loss 17.5976, val_mae 17.0210, val_rmse 21.6030, val_r2 0.3554, val_pearson 0.6239, lr 1.00e-03 ---
2026-09-30 22:06:31,708 - INFO - 
****************************************************************************************************
2026-09-30 22:06:33,135 - INFO - --- training epoch 48, loss 18.1534, mae 18.6472, rmse 23.0555, time elapsed(min) 0.02---
2026-09-30 22:06:33,374 - INFO - --- validation at epoch 48, val_loss 18.1643, val_mae 17.5449, val_rmse 21.7133, val_r2 0.3487, val_pearson 0.6082, lr 1.00e-03 ---
2026-09-30 22:06:33,374 - INFO - 
****************************************************************************************************
2026-09-30 22:06:35,087 - INFO - --- training epoch 49, loss 17.4432, mae 17.9384, rmse 22.4835, time elapsed(min) 0.02---
2026-09-30 22:06:35,359 - INFO - --- validation at epoch 49, val_loss 17.4276, val_mae 17.0145, val_rmse 21.3849, val_r2 0.3683, val_pearson 0.6224, lr 1.00e-03 ---
2026-09-30 22:06:35,359 - INFO - 
****************************************************************************************************
2026-09-30 22:06:37,071 - INFO - --- training epoch 50, loss 16.8161, mae 17.3095, rmse 21.9816, time elapsed(min) 0.02---
2026-09-30 22:06:37,310 - INFO - --- validation at epoch 50, val_loss 16.9732, val_mae 16.4548, val_rmse 21.2528, val_r2 0.3761, val_pearson 0.6498, lr 1.00e-03 ---
2026-09-30 22:06:37,310 - INFO - 
****************************************************************************************************
2026-09-30 22:06:39,124 - INFO - --- training epoch 51, loss 17.7090, mae 18.2040, rmse 22.8026, time elapsed(min) 0.02---
2026-09-30 22:06:39,714 - INFO - --- validation at epoch 51, val_loss 18.3809, val_mae 17.7965, val_rmse 21.5856, val_r2 0.3564, val_pearson 0.6073, lr 1.00e-03 ---
2026-09-30 22:06:39,714 - INFO - 
****************************************************************************************************
2026-09-30 22:06:41,413 - INFO - --- training epoch 52, loss 17.5034, mae 17.9969, rmse 22.4741, time elapsed(min) 0.02---
2026-09-30 22:06:41,661 - INFO - --- validation at epoch 52, val_loss 18.0979, val_mae 17.2177, val_rmse 21.9531, val_r2 0.3343, val_pearson 0.6383, lr 1.00e-03 ---
2026-09-30 22:06:41,662 - INFO - 
****************************************************************************************************
2026-09-30 22:06:43,071 - INFO - --- training epoch 53, loss 17.6814, mae 18.1745, rmse 22.7358, time elapsed(min) 0.02---
2026-09-30 22:06:43,313 - INFO - --- validation at epoch 53, val_loss 17.5987, val_mae 17.0602, val_rmse 21.8680, val_r2 0.3394, val_pearson 0.6125, lr 1.00e-03 ---
2026-09-30 22:06:43,313 - INFO - 
****************************************************************************************************
2026-09-30 22:06:44,955 - INFO - --- training epoch 54, loss 17.3949, mae 17.8870, rmse 22.4664, time elapsed(min) 0.02---
2026-09-30 22:06:45,215 - INFO - --- validation at epoch 54, val_loss 17.1082, val_mae 16.7039, val_rmse 21.1215, val_r2 0.3838, val_pearson 0.6312, lr 1.00e-03 ---
2026-09-30 22:06:45,215 - INFO - 
****************************************************************************************************
2026-09-30 22:06:46,973 - INFO - --- training epoch 55, loss 16.8936, mae 17.3859, rmse 22.1052, time elapsed(min) 0.02---
2026-09-30 22:06:47,215 - INFO - --- validation at epoch 55, val_loss 17.5161, val_mae 16.9688, val_rmse 21.3046, val_r2 0.3730, val_pearson 0.6341, lr 1.00e-03 ---
2026-09-30 22:06:47,215 - INFO - 
****************************************************************************************************
2026-09-30 22:06:48,990 - INFO - --- training epoch 56, loss 17.8017, mae 18.2961, rmse 22.7466, time elapsed(min) 0.02---
2026-09-30 22:06:49,236 - INFO - --- validation at epoch 56, val_loss 17.3326, val_mae 17.0532, val_rmse 21.5554, val_r2 0.3582, val_pearson 0.6179, lr 1.00e-03 ---
2026-09-30 22:06:49,236 - INFO - 
****************************************************************************************************
2026-09-30 22:06:51,276 - INFO - --- training epoch 57, loss 17.5508, mae 18.0451, rmse 22.6492, time elapsed(min) 0.03---
2026-09-30 22:06:51,534 - INFO - --- validation at epoch 57, val_loss 17.0660, val_mae 16.9650, val_rmse 21.4417, val_r2 0.3649, val_pearson 0.6160, lr 1.00e-03 ---
2026-09-30 22:06:51,534 - INFO - 
****************************************************************************************************
2026-09-30 22:06:52,924 - INFO - --- training epoch 58, loss 16.7657, mae 17.2595, rmse 21.9029, time elapsed(min) 0.02---
2026-09-30 22:06:53,220 - INFO - --- validation at epoch 58, val_loss 17.0287, val_mae 16.6515, val_rmse 21.4906, val_r2 0.3620, val_pearson 0.6271, lr 1.00e-03 ---
2026-09-30 22:06:53,220 - INFO - 
****************************************************************************************************
2026-09-30 22:06:54,594 - INFO - --- training epoch 59, loss 16.6952, mae 17.1890, rmse 21.9011, time elapsed(min) 0.02---
2026-09-30 22:06:54,851 - INFO - --- validation at epoch 59, val_loss 17.7574, val_mae 17.2934, val_rmse 21.8788, val_r2 0.3388, val_pearson 0.6224, lr 1.00e-03 ---
2026-09-30 22:06:54,851 - INFO - 
****************************************************************************************************
2026-09-30 22:06:56,613 - INFO - --- training epoch 60, loss 17.2771, mae 17.7699, rmse 22.4063, time elapsed(min) 0.02---
2026-09-30 22:06:56,854 - INFO - --- validation at epoch 60, val_loss 17.3495, val_mae 16.7644, val_rmse 21.2440, val_r2 0.3766, val_pearson 0.6311, lr 1.00e-03 ---
2026-09-30 22:06:56,854 - INFO - 
****************************************************************************************************
2026-09-30 22:06:58,760 - INFO - --- training epoch 61, loss 16.7310, mae 17.2243, rmse 22.1031, time elapsed(min) 0.02---
2026-09-30 22:06:59,050 - INFO - --- validation at epoch 61, val_loss 16.5612, val_mae 16.3033, val_rmse 21.2768, val_r2 0.3747, val_pearson 0.6358, lr 1.00e-03 ---
2026-09-30 22:06:59,050 - INFO - 
****************************************************************************************************
2026-09-30 22:07:00,873 - INFO - --- training epoch 62, loss 16.5951, mae 17.0894, rmse 21.8846, time elapsed(min) 0.02---
2026-09-30 22:07:01,423 - INFO - --- validation at epoch 62, val_loss 17.3061, val_mae 16.8987, val_rmse 21.9002, val_r2 0.3375, val_pearson 0.6208, lr 1.00e-03 ---
2026-09-30 22:07:01,423 - INFO - 
****************************************************************************************************
2026-09-30 22:07:03,110 - INFO - --- training epoch 63, loss 16.5701, mae 17.0629, rmse 21.8525, time elapsed(min) 0.02---
2026-09-30 22:07:03,351 - INFO - --- validation at epoch 63, val_loss 16.9996, val_mae 16.4499, val_rmse 21.2067, val_r2 0.3788, val_pearson 0.6345, lr 1.00e-03 ---
2026-09-30 22:07:03,351 - INFO - 
****************************************************************************************************
2026-09-30 22:07:04,778 - INFO - --- training epoch 64, loss 16.4177, mae 16.9124, rmse 21.7668, time elapsed(min) 0.02---
2026-09-30 22:07:05,030 - INFO - --- validation at epoch 64, val_loss 16.7677, val_mae 16.5300, val_rmse 21.6394, val_r2 0.3532, val_pearson 0.6331, lr 1.00e-03 ---
2026-09-30 22:07:05,030 - INFO - 
****************************************************************************************************
2026-09-30 22:07:06,945 - INFO - --- training epoch 65, loss 17.5753, mae 18.0696, rmse 22.9024, time elapsed(min) 0.02---
2026-09-30 22:07:07,185 - INFO - --- validation at epoch 65, val_loss 18.9010, val_mae 18.4719, val_rmse 23.8768, val_r2 0.2125, val_pearson 0.5850, lr 1.00e-03 ---
2026-09-30 22:07:07,185 - INFO - 
****************************************************************************************************
2026-09-30 22:07:08,928 - INFO - --- training epoch 66, loss 18.0004, mae 18.4950, rmse 23.3913, time elapsed(min) 0.02---
2026-09-30 22:07:09,150 - INFO - --- validation at epoch 66, val_loss 18.6519, val_mae 18.1960, val_rmse 21.8145, val_r2 0.3427, val_pearson 0.5868, lr 1.00e-03 ---
2026-09-30 22:07:09,150 - INFO - 
****************************************************************************************************
2026-09-30 22:07:10,950 - INFO - --- training epoch 67, loss 17.8333, mae 18.3279, rmse 22.7409, time elapsed(min) 0.02---
2026-09-30 22:07:11,191 - INFO - --- validation at epoch 67, val_loss 17.4033, val_mae 16.8639, val_rmse 21.4792, val_r2 0.3627, val_pearson 0.6245, lr 1.00e-03 ---
2026-09-30 22:07:11,191 - INFO - 
****************************************************************************************************
2026-09-30 22:07:12,876 - INFO - --- training epoch 68, loss 17.4540, mae 17.9471, rmse 22.5370, time elapsed(min) 0.02---
2026-09-30 22:07:13,129 - INFO - --- validation at epoch 68, val_loss 16.9966, val_mae 16.4574, val_rmse 21.0025, val_r2 0.3907, val_pearson 0.6549, lr 1.00e-03 ---
2026-09-30 22:07:13,129 - INFO - 
****************************************************************************************************
2026-09-30 22:07:14,517 - INFO - --- training epoch 69, loss 17.2412, mae 17.7348, rmse 22.3808, time elapsed(min) 0.02---
2026-09-30 22:07:14,774 - INFO - --- validation at epoch 69, val_loss 17.6987, val_mae 17.2889, val_rmse 22.3391, val_r2 0.3107, val_pearson 0.6249, lr 1.00e-03 ---
2026-09-30 22:07:14,774 - INFO - 
****************************************************************************************************
2026-09-30 22:07:16,415 - INFO - --- training epoch 70, loss 17.3069, mae 17.8020, rmse 22.3543, time elapsed(min) 0.02---
2026-09-30 22:07:16,666 - INFO - --- validation at epoch 70, val_loss 17.2261, val_mae 16.8295, val_rmse 22.1841, val_r2 0.3202, val_pearson 0.6447, lr 1.00e-03 ---
2026-09-30 22:07:16,666 - INFO - 
****************************************************************************************************
2026-09-30 22:07:18,348 - INFO - --- training epoch 71, loss 16.7190, mae 17.2123, rmse 21.8902, time elapsed(min) 0.02---
2026-09-30 22:07:18,602 - INFO - --- validation at epoch 71, val_loss 16.4691, val_mae 16.1240, val_rmse 20.9409, val_r2 0.3943, val_pearson 0.6586, lr 1.00e-03 ---
2026-09-30 22:07:18,602 - INFO - 
****************************************************************************************************
2026-09-30 22:07:20,464 - INFO - --- training epoch 72, loss 16.4233, mae 16.9153, rmse 21.6409, time elapsed(min) 0.02---
2026-09-30 22:07:20,705 - INFO - --- validation at epoch 72, val_loss 16.6196, val_mae 16.2834, val_rmse 21.3373, val_r2 0.3711, val_pearson 0.6563, lr 1.00e-03 ---
2026-09-30 22:07:20,705 - INFO - 
****************************************************************************************************
2026-09-30 22:07:22,825 - INFO - --- training epoch 73, loss 16.2252, mae 16.7185, rmse 21.5124, time elapsed(min) 0.03---
2026-09-30 22:07:23,071 - INFO - --- validation at epoch 73, val_loss 16.3221, val_mae 16.0000, val_rmse 21.4399, val_r2 0.3650, val_pearson 0.6525, lr 1.00e-03 ---
2026-09-30 22:07:23,072 - INFO - 
****************************************************************************************************
2026-09-30 22:07:24,530 - INFO - --- training epoch 74, loss 15.8265, mae 16.3192, rmse 21.3244, time elapsed(min) 0.02---
2026-09-30 22:07:24,815 - INFO - --- validation at epoch 74, val_loss 15.1116, val_mae 15.1294, val_rmse 20.0497, val_r2 0.4447, val_pearson 0.6974, lr 1.00e-03 ---
2026-09-30 22:07:24,815 - INFO - 
****************************************************************************************************
2026-09-30 22:07:26,299 - INFO - --- training epoch 75, loss 16.1514, mae 16.6430, rmse 21.2574, time elapsed(min) 0.02---
2026-09-30 22:07:26,524 - INFO - --- validation at epoch 75, val_loss 16.8981, val_mae 16.5818, val_rmse 20.4954, val_r2 0.4198, val_pearson 0.6750, lr 1.00e-03 ---
2026-09-30 22:07:26,524 - INFO - 
****************************************************************************************************
2026-09-30 22:07:28,132 - INFO - --- training epoch 76, loss 16.9655, mae 17.4603, rmse 22.0052, time elapsed(min) 0.02---
2026-09-30 22:07:28,393 - INFO - --- validation at epoch 76, val_loss 16.7014, val_mae 15.9762, val_rmse 20.1029, val_r2 0.4418, val_pearson 0.6698, lr 1.00e-03 ---
2026-09-30 22:07:28,393 - INFO - 
****************************************************************************************************
2026-09-30 22:07:30,286 - INFO - --- training epoch 77, loss 15.5293, mae 16.0228, rmse 20.4564, time elapsed(min) 0.02---
2026-09-30 22:07:30,516 - INFO - --- validation at epoch 77, val_loss 15.2976, val_mae 14.3918, val_rmse 18.0093, val_r2 0.5520, val_pearson 0.7483, lr 1.00e-03 ---
2026-09-30 22:07:30,516 - INFO - 
****************************************************************************************************
2026-09-30 22:07:32,259 - INFO - --- training epoch 78, loss 16.9362, mae 17.4312, rmse 21.7249, time elapsed(min) 0.02---
2026-09-30 22:07:32,813 - INFO - --- validation at epoch 78, val_loss 18.9568, val_mae 18.7911, val_rmse 22.6822, val_r2 0.2893, val_pearson 0.5646, lr 1.00e-03 ---
2026-09-30 22:07:32,813 - INFO - 
****************************************************************************************************
2026-09-30 22:07:34,444 - INFO - --- training epoch 79, loss 17.5381, mae 18.0337, rmse 22.2850, time elapsed(min) 0.02---
2026-09-30 22:07:34,717 - INFO - --- validation at epoch 79, val_loss 17.1464, val_mae 16.3100, val_rmse 20.5441, val_r2 0.4170, val_pearson 0.6801, lr 1.00e-03 ---
2026-09-30 22:07:34,717 - INFO - 
****************************************************************************************************
2026-09-30 22:07:36,105 - INFO - --- training epoch 80, loss 17.8570, mae 18.3510, rmse 23.0023, time elapsed(min) 0.02---
2026-09-30 22:07:36,344 - INFO - --- validation at epoch 80, val_loss 16.8754, val_mae 16.5957, val_rmse 20.4101, val_r2 0.4246, val_pearson 0.6636, lr 1.00e-03 ---
2026-09-30 22:07:36,344 - INFO - 
****************************************************************************************************
2026-09-30 22:07:38,078 - INFO - --- training epoch 81, loss 16.1121, mae 16.6061, rmse 20.7699, time elapsed(min) 0.02---
2026-09-30 22:07:38,318 - INFO - --- validation at epoch 81, val_loss 15.4348, val_mae 14.9011, val_rmse 18.4322, val_r2 0.5307, val_pearson 0.7295, lr 1.00e-03 ---
2026-09-30 22:07:38,318 - INFO - 
****************************************************************************************************
2026-09-30 22:07:40,094 - INFO - --- training epoch 82, loss 15.8502, mae 16.3437, rmse 20.4198, time elapsed(min) 0.02---
2026-09-30 22:07:40,387 - INFO - --- validation at epoch 82, val_loss 17.6989, val_mae 17.0647, val_rmse 20.9656, val_r2 0.3928, val_pearson 0.6274, lr 1.00e-03 ---
2026-09-30 22:07:40,387 - INFO - 
****************************************************************************************************
2026-09-30 22:07:42,105 - INFO - --- training epoch 83, loss 15.5898, mae 16.0846, rmse 19.9970, time elapsed(min) 0.02---
2026-09-30 22:07:42,354 - INFO - --- validation at epoch 83, val_loss 14.2901, val_mae 14.0904, val_rmse 18.1922, val_r2 0.5428, val_pearson 0.7450, lr 1.00e-03 ---
2026-09-30 22:07:42,354 - INFO - 
****************************************************************************************************
2026-09-30 22:07:44,095 - INFO - --- training epoch 84, loss 14.2372, mae 14.7301, rmse 18.7755, time elapsed(min) 0.02---
2026-09-30 22:07:44,325 - INFO - --- validation at epoch 84, val_loss 13.6176, val_mae 13.3116, val_rmse 17.1837, val_r2 0.5921, val_pearson 0.7700, lr 1.00e-03 ---
2026-09-30 22:07:44,326 - INFO - 
****************************************************************************************************
2026-09-30 22:07:45,773 - INFO - --- training epoch 85, loss 13.5270, mae 14.0169, rmse 17.9698, time elapsed(min) 0.01---
2026-09-30 22:07:46,022 - INFO - --- validation at epoch 85, val_loss 13.0747, val_mae 12.9883, val_rmse 16.6519, val_r2 0.6170, val_pearson 0.7889, lr 1.00e-03 ---
2026-09-30 22:07:46,022 - INFO - 
****************************************************************************************************
2026-09-30 22:07:47,728 - INFO - --- training epoch 86, loss 13.2999, mae 13.7918, rmse 17.7100, time elapsed(min) 0.02---
2026-09-30 22:07:47,992 - INFO - --- validation at epoch 86, val_loss 17.4115, val_mae 16.9845, val_rmse 22.0742, val_r2 0.3269, val_pearson 0.7329, lr 1.00e-03 ---
2026-09-30 22:07:47,992 - INFO - 
****************************************************************************************************
2026-09-30 22:07:49,706 - INFO - --- training epoch 87, loss 18.6158, mae 19.1103, rmse 23.5467, time elapsed(min) 0.02---
2026-09-30 22:07:49,977 - INFO - --- validation at epoch 87, val_loss 19.5696, val_mae 19.9543, val_rmse 25.8614, val_r2 0.0762, val_pearson 0.5381, lr 1.00e-03 ---
2026-09-30 22:07:49,977 - INFO - 
****************************************************************************************************
2026-09-30 22:07:51,949 - INFO - --- training epoch 88, loss 21.3874, mae 21.8827, rmse 26.8298, time elapsed(min) 0.02---
2026-09-30 22:07:52,212 - INFO - --- validation at epoch 88, val_loss 22.7450, val_mae 22.0047, val_rmse 25.7972, val_r2 0.0807, val_pearson 0.5143, lr 1.00e-03 ---
2026-09-30 22:07:52,212 - INFO - 
****************************************************************************************************
2026-09-30 22:07:54,217 - INFO - --- training epoch 89, loss 19.8927, mae 20.3886, rmse 24.6465, time elapsed(min) 0.03---
2026-09-30 22:07:54,475 - INFO - --- validation at epoch 89, val_loss 18.0534, val_mae 17.3676, val_rmse 21.2557, val_r2 0.3759, val_pearson 0.6232, lr 1.00e-03 ---
2026-09-30 22:07:54,475 - INFO - 
****************************************************************************************************
2026-09-30 22:07:55,880 - INFO - --- training epoch 90, loss 17.7537, mae 18.2476, rmse 22.4752, time elapsed(min) 0.02---
2026-09-30 22:07:56,129 - INFO - --- validation at epoch 90, val_loss 18.3351, val_mae 17.3909, val_rmse 22.1568, val_r2 0.3219, val_pearson 0.6330, lr 1.00e-03 ---
2026-09-30 22:07:56,129 - INFO - 
****************************************************************************************************
2026-09-30 22:07:57,801 - INFO - --- training epoch 91, loss 17.2122, mae 17.7059, rmse 22.1155, time elapsed(min) 0.02---
2026-09-30 22:07:58,041 - INFO - --- validation at epoch 91, val_loss 18.3559, val_mae 17.6530, val_rmse 21.8015, val_r2 0.3434, val_pearson 0.6010, lr 1.00e-03 ---
2026-09-30 22:07:58,041 - INFO - 
****************************************************************************************************
2026-09-30 22:07:59,707 - INFO - --- training epoch 92, loss 18.4677, mae 18.9614, rmse 23.1303, time elapsed(min) 0.02---
2026-09-30 22:08:00,001 - INFO - --- validation at epoch 92, val_loss 17.2473, val_mae 16.6648, val_rmse 21.1051, val_r2 0.3847, val_pearson 0.6336, lr 1.00e-03 ---
2026-09-30 22:08:00,001 - INFO - 
****************************************************************************************************
2026-09-30 22:08:01,687 - INFO - --- training epoch 93, loss 16.4569, mae 16.9514, rmse 21.1510, time elapsed(min) 0.02---
2026-09-30 22:08:01,942 - INFO - --- validation at epoch 93, val_loss 16.4213, val_mae 15.7818, val_rmse 20.1090, val_r2 0.4414, val_pearson 0.6974, lr 1.00e-03 ---
2026-09-30 22:08:01,942 - INFO - 
****************************************************************************************************
2026-09-30 22:08:03,672 - INFO - --- training epoch 94, loss 15.2084, mae 15.7016, rmse 19.7022, time elapsed(min) 0.02---
2026-09-30 22:08:03,897 - INFO - --- validation at epoch 94, val_loss 15.3237, val_mae 14.7367, val_rmse 18.4808, val_r2 0.5282, val_pearson 0.7292, lr 1.00e-03 ---
2026-09-30 22:08:03,897 - INFO - 
****************************************************************************************************
2026-09-30 22:08:05,573 - INFO - --- training epoch 95, loss 14.1062, mae 14.6017, rmse 18.3461, time elapsed(min) 0.02---
2026-09-30 22:08:05,826 - INFO - --- validation at epoch 95, val_loss 13.9624, val_mae 13.2491, val_rmse 17.2498, val_r2 0.5890, val_pearson 0.7800, lr 1.00e-03 ---
2026-09-30 22:08:05,826 - INFO - 
****************************************************************************************************
2026-09-30 22:08:07,223 - INFO - --- training epoch 96, loss 13.6359, mae 14.1284, rmse 17.9652, time elapsed(min) 0.02---
2026-09-30 22:08:07,480 - INFO - --- validation at epoch 96, val_loss 14.0272, val_mae 13.1897, val_rmse 17.4669, val_r2 0.5786, val_pearson 0.7875, lr 1.00e-03 ---
2026-09-30 22:08:07,481 - INFO - 
****************************************************************************************************
2026-09-30 22:08:09,147 - INFO - --- training epoch 97, loss 13.2981, mae 13.7895, rmse 17.6136, time elapsed(min) 0.02---
2026-09-30 22:08:09,417 - INFO - --- validation at epoch 97, val_loss 13.0559, val_mae 12.5716, val_rmse 16.2669, val_r2 0.6345, val_pearson 0.7971, lr 3.00e-04 ---
2026-09-30 22:08:09,418 - INFO - 
****************************************************************************************************
2026-09-30 22:08:11,246 - INFO - --- training epoch 98, loss 13.0638, mae 13.5526, rmse 17.4736, time elapsed(min) 0.02---
2026-09-30 22:08:11,482 - INFO - --- validation at epoch 98, val_loss 13.2989, val_mae 12.6942, val_rmse 16.5005, val_r2 0.6239, val_pearson 0.7947, lr 3.00e-04 ---
2026-09-30 22:08:11,482 - INFO - 
****************************************************************************************************
2026-09-30 22:08:13,211 - INFO - --- training epoch 99, loss 13.1078, mae 13.5991, rmse 17.3876, time elapsed(min) 0.02---
2026-09-30 22:08:13,446 - INFO - --- validation at epoch 99, val_loss 13.3156, val_mae 12.4826, val_rmse 16.2937, val_r2 0.6333, val_pearson 0.7980, lr 3.00e-04 ---
2026-09-30 22:08:13,446 - INFO - 
****************************************************************************************************
2026-09-30 22:08:15,506 - INFO - --- training epoch 100, loss 12.9239, mae 13.4148, rmse 17.3792, time elapsed(min) 0.03---
2026-09-30 22:08:15,774 - INFO - --- validation at epoch 100, val_loss 12.8941, val_mae 12.3739, val_rmse 16.2611, val_r2 0.6347, val_pearson 0.7982, lr 3.00e-04 ---
2026-09-30 22:08:15,774 - INFO - 
****************************************************************************************************
2026-09-30 22:08:17,243 - INFO - --- training epoch 101, loss 12.6811, mae 13.1736, rmse 17.1060, time elapsed(min) 0.02---
2026-09-30 22:08:17,526 - INFO - --- validation at epoch 101, val_loss 12.9099, val_mae 12.3607, val_rmse 16.5455, val_r2 0.6219, val_pearson 0.7907, lr 3.00e-04 ---
2026-09-30 22:08:17,526 - INFO - 
****************************************************************************************************
2026-09-30 22:08:18,947 - INFO - --- training epoch 102, loss 13.2156, mae 13.7071, rmse 17.6112, time elapsed(min) 0.02---
2026-09-30 22:08:19,182 - INFO - --- validation at epoch 102, val_loss 13.2685, val_mae 12.7756, val_rmse 16.6138, val_r2 0.6187, val_pearson 0.7982, lr 3.00e-04 ---
2026-09-30 22:08:19,182 - INFO - 
****************************************************************************************************
2026-09-30 22:08:20,817 - INFO - --- training epoch 103, loss 13.0314, mae 13.5218, rmse 17.4790, time elapsed(min) 0.02---
2026-09-30 22:08:21,051 - INFO - --- validation at epoch 103, val_loss 12.7864, val_mae 12.3265, val_rmse 16.4015, val_r2 0.6284, val_pearson 0.7934, lr 3.00e-04 ---
2026-09-30 22:08:21,051 - INFO - 
****************************************************************************************************
2026-09-30 22:08:22,852 - INFO - --- training epoch 104, loss 13.0167, mae 13.5081, rmse 17.4786, time elapsed(min) 0.02---
2026-09-30 22:08:23,084 - INFO - --- validation at epoch 104, val_loss 13.2627, val_mae 12.6458, val_rmse 16.7182, val_r2 0.6139, val_pearson 0.7994, lr 3.00e-04 ---
2026-09-30 22:08:23,084 - INFO - 
****************************************************************************************************
2026-09-30 22:08:24,908 - INFO - --- training epoch 105, loss 12.9593, mae 13.4508, rmse 17.3292, time elapsed(min) 0.02---
2026-09-30 22:08:25,495 - INFO - --- validation at epoch 105, val_loss 13.5455, val_mae 12.6444, val_rmse 16.7699, val_r2 0.6115, val_pearson 0.7946, lr 3.00e-04 ---
2026-09-30 22:08:25,495 - INFO - 
****************************************************************************************************
2026-09-30 22:08:27,202 - INFO - --- training epoch 106, loss 13.1428, mae 13.6349, rmse 17.7487, time elapsed(min) 0.02---
2026-09-30 22:08:27,454 - INFO - --- validation at epoch 106, val_loss 13.6724, val_mae 13.6136, val_rmse 17.8021, val_r2 0.5622, val_pearson 0.7579, lr 3.00e-04 ---
2026-09-30 22:08:27,454 - INFO - 
****************************************************************************************************
2026-09-30 22:08:28,846 - INFO - --- training epoch 107, loss 13.3418, mae 13.8328, rmse 17.8115, time elapsed(min) 0.02---
2026-09-30 22:08:29,101 - INFO - --- validation at epoch 107, val_loss 13.4016, val_mae 13.1653, val_rmse 17.2792, val_r2 0.5876, val_pearson 0.7836, lr 3.00e-04 ---
2026-09-30 22:08:29,101 - INFO - 
****************************************************************************************************
2026-09-30 22:08:30,771 - INFO - --- training epoch 108, loss 13.0143, mae 13.5064, rmse 17.4714, time elapsed(min) 0.02---
2026-09-30 22:08:31,012 - INFO - --- validation at epoch 108, val_loss 13.2216, val_mae 12.8679, val_rmse 16.9472, val_r2 0.6033, val_pearson 0.7901, lr 3.00e-04 ---
2026-09-30 22:08:31,012 - INFO - 
****************************************************************************************************
2026-09-30 22:08:32,736 - INFO - --- training epoch 109, loss 12.8097, mae 13.2992, rmse 17.2440, time elapsed(min) 0.02---
2026-09-30 22:08:32,967 - INFO - --- validation at epoch 109, val_loss 12.8255, val_mae 12.3577, val_rmse 16.1508, val_r2 0.6397, val_pearson 0.8011, lr 3.00e-04 ---
2026-09-30 22:08:32,967 - INFO - 
****************************************************************************************************
2026-09-30 22:08:34,704 - INFO - --- training epoch 110, loss 12.7612, mae 13.2516, rmse 17.0419, time elapsed(min) 0.02---
2026-09-30 22:08:34,951 - INFO - --- validation at epoch 110, val_loss 12.8620, val_mae 12.1786, val_rmse 16.0950, val_r2 0.6422, val_pearson 0.8033, lr 3.00e-04 ---
2026-09-30 22:08:34,951 - INFO - 
****************************************************************************************************
2026-09-30 22:08:37,099 - INFO - --- training epoch 111, loss 12.8934, mae 13.3852, rmse 17.1360, time elapsed(min) 0.03---
2026-09-30 22:08:37,325 - INFO - --- validation at epoch 111, val_loss 13.3240, val_mae 12.5295, val_rmse 16.3708, val_r2 0.6298, val_pearson 0.8052, lr 3.00e-04 ---
2026-09-30 22:08:37,325 - INFO - 
****************************************************************************************************
2026-09-30 22:08:38,690 - INFO - --- training epoch 112, loss 12.7742, mae 13.2645, rmse 17.1945, time elapsed(min) 0.02---
2026-09-30 22:08:38,931 - INFO - --- validation at epoch 112, val_loss 12.8388, val_mae 12.1691, val_rmse 16.0159, val_r2 0.6457, val_pearson 0.8069, lr 3.00e-04 ---
2026-09-30 22:08:38,931 - INFO - 
****************************************************************************************************
2026-09-30 22:08:40,360 - INFO - --- training epoch 113, loss 12.6884, mae 13.1781, rmse 17.1178, time elapsed(min) 0.02---
2026-09-30 22:08:40,621 - INFO - --- validation at epoch 113, val_loss 12.8948, val_mae 12.1885, val_rmse 15.9536, val_r2 0.6484, val_pearson 0.8083, lr 3.00e-04 ---
2026-09-30 22:08:40,622 - INFO - 
****************************************************************************************************
2026-09-30 22:08:42,267 - INFO - --- training epoch 114, loss 12.6832, mae 13.1728, rmse 16.9925, time elapsed(min) 0.02---
2026-09-30 22:08:42,532 - INFO - --- validation at epoch 114, val_loss 12.6047, val_mae 12.0840, val_rmse 15.8892, val_r2 0.6513, val_pearson 0.8114, lr 3.00e-04 ---
2026-09-30 22:08:42,532 - INFO - 
****************************************************************************************************
2026-09-30 22:08:44,287 - INFO - --- training epoch 115, loss 12.7251, mae 13.2174, rmse 17.1091, time elapsed(min) 0.02---
2026-09-30 22:08:44,546 - INFO - --- validation at epoch 115, val_loss 13.3444, val_mae 13.0718, val_rmse 17.0122, val_r2 0.6002, val_pearson 0.7822, lr 3.00e-04 ---
2026-09-30 22:08:44,546 - INFO - 
****************************************************************************************************
2026-09-30 22:08:46,346 - INFO - --- training epoch 116, loss 12.9545, mae 13.4475, rmse 17.3958, time elapsed(min) 0.02---
2026-09-30 22:08:46,932 - INFO - --- validation at epoch 116, val_loss 13.1826, val_mae 12.6227, val_rmse 16.2712, val_r2 0.6343, val_pearson 0.7978, lr 3.00e-04 ---
2026-09-30 22:08:46,932 - INFO - 
****************************************************************************************************
2026-09-30 22:08:48,659 - INFO - --- training epoch 117, loss 12.8955, mae 13.3877, rmse 17.1068, time elapsed(min) 0.02---
2026-09-30 22:08:48,906 - INFO - --- validation at epoch 117, val_loss 13.0805, val_mae 12.5641, val_rmse 16.4787, val_r2 0.6249, val_pearson 0.7979, lr 3.00e-04 ---
2026-09-30 22:08:48,906 - INFO - 
****************************************************************************************************
2026-09-30 22:08:50,347 - INFO - --- training epoch 118, loss 12.9129, mae 13.4048, rmse 17.3762, time elapsed(min) 0.02---
2026-09-30 22:08:50,583 - INFO - --- validation at epoch 118, val_loss 13.0569, val_mae 12.5086, val_rmse 16.5160, val_r2 0.6232, val_pearson 0.7934, lr 3.00e-04 ---
2026-09-30 22:08:50,584 - INFO - 
****************************************************************************************************
2026-09-30 22:08:52,294 - INFO - --- training epoch 119, loss 12.6507, mae 13.1425, rmse 17.0842, time elapsed(min) 0.02---
2026-09-30 22:08:52,524 - INFO - --- validation at epoch 119, val_loss 12.6340, val_mae 12.1041, val_rmse 16.0653, val_r2 0.6435, val_pearson 0.8036, lr 3.00e-04 ---
2026-09-30 22:08:52,524 - INFO - 
****************************************************************************************************
2026-09-30 22:08:54,235 - INFO - --- training epoch 120, loss 12.5156, mae 13.0074, rmse 16.9677, time elapsed(min) 0.02---
2026-09-30 22:08:54,494 - INFO - --- validation at epoch 120, val_loss 12.8800, val_mae 12.1954, val_rmse 16.2862, val_r2 0.6336, val_pearson 0.8031, lr 3.00e-04 ---
2026-09-30 22:08:54,494 - INFO - 
****************************************************************************************************
2026-09-30 22:08:56,221 - INFO - --- training epoch 121, loss 12.4950, mae 12.9853, rmse 16.8843, time elapsed(min) 0.02---
2026-09-30 22:08:56,795 - INFO - --- validation at epoch 121, val_loss 12.9245, val_mae 12.1683, val_rmse 16.1173, val_r2 0.6412, val_pearson 0.8081, lr 3.00e-04 ---
2026-09-30 22:08:56,795 - INFO - 
****************************************************************************************************
2026-09-30 22:08:58,440 - INFO - --- training epoch 122, loss 12.4741, mae 12.9653, rmse 16.8915, time elapsed(min) 0.01---
2026-09-30 22:08:58,677 - INFO - --- validation at epoch 122, val_loss 12.6936, val_mae 12.2547, val_rmse 16.1051, val_r2 0.6417, val_pearson 0.8063, lr 3.00e-04 ---
2026-09-30 22:08:58,677 - INFO - 
****************************************************************************************************
2026-09-30 22:09:00,048 - INFO - --- training epoch 123, loss 12.2830, mae 12.7739, rmse 16.5450, time elapsed(min) 0.01---
2026-09-30 22:09:00,299 - INFO - --- validation at epoch 123, val_loss 12.5997, val_mae 12.1199, val_rmse 16.0931, val_r2 0.6423, val_pearson 0.8072, lr 3.00e-04 ---
2026-09-30 22:09:00,299 - INFO - 
****************************************************************************************************
2026-09-30 22:09:01,990 - INFO - --- training epoch 124, loss 12.3328, mae 12.8233, rmse 16.6668, time elapsed(min) 0.02---
2026-09-30 22:09:02,231 - INFO - --- validation at epoch 124, val_loss 12.8104, val_mae 12.3840, val_rmse 16.2349, val_r2 0.6359, val_pearson 0.8080, lr 3.00e-04 ---
2026-09-30 22:09:02,231 - INFO - 
****************************************************************************************************
2026-09-30 22:09:03,985 - INFO - --- training epoch 125, loss 12.2311, mae 12.7221, rmse 16.5679, time elapsed(min) 0.02---
2026-09-30 22:09:04,209 - INFO - --- validation at epoch 125, val_loss 12.3564, val_mae 12.0460, val_rmse 15.8853, val_r2 0.6514, val_pearson 0.8094, lr 3.00e-04 ---
2026-09-30 22:09:04,209 - INFO - 
****************************************************************************************************
2026-09-30 22:09:06,063 - INFO - --- training epoch 126, loss 12.0978, mae 12.5888, rmse 16.4679, time elapsed(min) 0.02---
2026-09-30 22:09:06,691 - INFO - --- validation at epoch 126, val_loss 12.3816, val_mae 11.9064, val_rmse 15.8256, val_r2 0.6540, val_pearson 0.8123, lr 3.00e-04 ---
2026-09-30 22:09:06,692 - INFO - 
****************************************************************************************************
2026-09-30 22:09:08,400 - INFO - --- training epoch 127, loss 12.2318, mae 12.7227, rmse 16.6362, time elapsed(min) 0.02---
2026-09-30 22:09:08,657 - INFO - --- validation at epoch 127, val_loss 12.4710, val_mae 12.0099, val_rmse 15.8540, val_r2 0.6528, val_pearson 0.8117, lr 3.00e-04 ---
2026-09-30 22:09:08,657 - INFO - 
****************************************************************************************************
2026-09-30 22:09:10,063 - INFO - --- training epoch 128, loss 12.1649, mae 12.6546, rmse 16.4881, time elapsed(min) 0.02---
2026-09-30 22:09:10,298 - INFO - --- validation at epoch 128, val_loss 12.4396, val_mae 12.0218, val_rmse 15.8725, val_r2 0.6520, val_pearson 0.8148, lr 3.00e-04 ---
2026-09-30 22:09:10,298 - INFO - 
****************************************************************************************************
2026-09-30 22:09:12,244 - INFO - --- training epoch 129, loss 12.1641, mae 12.6541, rmse 16.4961, time elapsed(min) 0.02---
2026-09-30 22:09:12,494 - INFO - --- validation at epoch 129, val_loss 12.5026, val_mae 12.1190, val_rmse 15.8944, val_r2 0.6510, val_pearson 0.8161, lr 3.00e-04 ---
2026-09-30 22:09:12,494 - INFO - 
****************************************************************************************************
2026-09-30 22:09:14,206 - INFO - --- training epoch 130, loss 12.1881, mae 12.6773, rmse 16.4886, time elapsed(min) 0.02---
2026-09-30 22:09:14,482 - INFO - --- validation at epoch 130, val_loss 12.1392, val_mae 11.8420, val_rmse 15.8138, val_r2 0.6546, val_pearson 0.8094, lr 3.00e-04 ---
2026-09-30 22:09:14,482 - INFO - 
****************************************************************************************************
2026-09-30 22:09:16,635 - INFO - --- training epoch 131, loss 12.0979, mae 12.5881, rmse 16.3904, time elapsed(min) 0.03---
2026-09-30 22:09:16,907 - INFO - --- validation at epoch 131, val_loss 12.3598, val_mae 11.9807, val_rmse 15.8702, val_r2 0.6521, val_pearson 0.8090, lr 3.00e-04 ---
2026-09-30 22:09:16,907 - INFO - 
****************************************************************************************************
2026-09-30 22:09:18,297 - INFO - --- training epoch 132, loss 12.0746, mae 12.5655, rmse 16.3447, time elapsed(min) 0.02---
2026-09-30 22:09:18,512 - INFO - --- validation at epoch 132, val_loss 12.0688, val_mae 11.6076, val_rmse 15.4724, val_r2 0.6693, val_pearson 0.8188, lr 3.00e-04 ---
2026-09-30 22:09:18,512 - INFO - 
****************************************************************************************************
2026-09-30 22:09:19,996 - INFO - --- training epoch 133, loss 12.0571, mae 12.5466, rmse 16.3513, time elapsed(min) 0.02---
2026-09-30 22:09:20,234 - INFO - --- validation at epoch 133, val_loss 12.5270, val_mae 11.7155, val_rmse 15.6366, val_r2 0.6623, val_pearson 0.8208, lr 3.00e-04 ---
2026-09-30 22:09:20,234 - INFO - 
****************************************************************************************************
2026-09-30 22:09:22,150 - INFO - --- training epoch 134, loss 11.9857, mae 12.4765, rmse 16.2931, time elapsed(min) 0.02---
2026-09-30 22:09:22,411 - INFO - --- validation at epoch 134, val_loss 12.0226, val_mae 11.3941, val_rmse 15.2699, val_r2 0.6779, val_pearson 0.8250, lr 3.00e-04 ---
2026-09-30 22:09:22,411 - INFO - 
****************************************************************************************************
2026-09-30 22:09:24,296 - INFO - --- training epoch 135, loss 11.9070, mae 12.3975, rmse 16.2920, time elapsed(min) 0.02---
2026-09-30 22:09:24,528 - INFO - --- validation at epoch 135, val_loss 12.1365, val_mae 11.7174, val_rmse 15.5101, val_r2 0.6677, val_pearson 0.8188, lr 3.00e-04 ---
2026-09-30 22:09:24,528 - INFO - 
****************************************************************************************************
2026-09-30 22:09:26,716 - INFO - --- training epoch 136, loss 11.9545, mae 12.4452, rmse 16.3436, time elapsed(min) 0.03---
2026-09-30 22:09:26,959 - INFO - --- validation at epoch 136, val_loss 12.1171, val_mae 11.5578, val_rmse 15.5115, val_r2 0.6676, val_pearson 0.8244, lr 3.00e-04 ---
2026-09-30 22:09:26,959 - INFO - 
****************************************************************************************************
2026-09-30 22:09:28,368 - INFO - --- training epoch 137, loss 11.8277, mae 12.3166, rmse 16.1470, time elapsed(min) 0.02---
2026-09-30 22:09:28,623 - INFO - --- validation at epoch 137, val_loss 11.9320, val_mae 11.5095, val_rmse 15.3700, val_r2 0.6737, val_pearson 0.8233, lr 3.00e-04 ---
2026-09-30 22:09:28,623 - INFO - 
****************************************************************************************************
2026-09-30 22:09:30,326 - INFO - --- training epoch 138, loss 11.8781, mae 12.3661, rmse 16.2379, time elapsed(min) 0.02---
2026-09-30 22:09:30,556 - INFO - --- validation at epoch 138, val_loss 12.0150, val_mae 11.3999, val_rmse 15.3496, val_r2 0.6745, val_pearson 0.8217, lr 3.00e-04 ---
2026-09-30 22:09:30,556 - INFO - 
****************************************************************************************************
2026-09-30 22:09:32,446 - INFO - --- training epoch 139, loss 11.7147, mae 12.2048, rmse 16.0108, time elapsed(min) 0.02---
2026-09-30 22:09:32,706 - INFO - --- validation at epoch 139, val_loss 11.7497, val_mae 11.1120, val_rmse 15.0598, val_r2 0.6867, val_pearson 0.8299, lr 3.00e-04 ---
2026-09-30 22:09:32,706 - INFO - 
****************************************************************************************************
2026-09-30 22:09:34,478 - INFO - --- training epoch 140, loss 11.8488, mae 12.3381, rmse 16.2014, time elapsed(min) 0.02---
2026-09-30 22:09:34,767 - INFO - --- validation at epoch 140, val_loss 11.9072, val_mae 11.3926, val_rmse 15.1298, val_r2 0.6838, val_pearson 0.8332, lr 3.00e-04 ---
2026-09-30 22:09:34,767 - INFO - 
****************************************************************************************************
2026-09-30 22:09:36,523 - INFO - --- training epoch 141, loss 11.7566, mae 12.2476, rmse 16.0220, time elapsed(min) 0.02---
2026-09-30 22:09:37,092 - INFO - --- validation at epoch 141, val_loss 11.6113, val_mae 11.0632, val_rmse 14.7591, val_r2 0.6991, val_pearson 0.8370, lr 3.00e-04 ---
2026-09-30 22:09:37,092 - INFO - 
****************************************************************************************************
2026-09-30 22:09:38,800 - INFO - --- training epoch 142, loss 11.6134, mae 12.1027, rmse 15.9018, time elapsed(min) 0.02---
2026-09-30 22:09:39,044 - INFO - --- validation at epoch 142, val_loss 11.5961, val_mae 11.0066, val_rmse 14.6845, val_r2 0.7021, val_pearson 0.8388, lr 3.00e-04 ---
2026-09-30 22:09:39,045 - INFO - 
****************************************************************************************************
2026-09-30 22:09:40,517 - INFO - --- training epoch 143, loss 11.7609, mae 12.2513, rmse 16.0295, time elapsed(min) 0.02---
2026-09-30 22:09:40,783 - INFO - --- validation at epoch 143, val_loss 12.0729, val_mae 11.4596, val_rmse 14.9026, val_r2 0.6932, val_pearson 0.8347, lr 3.00e-04 ---
2026-09-30 22:09:40,783 - INFO - 
****************************************************************************************************
2026-09-30 22:09:42,481 - INFO - --- training epoch 144, loss 11.7223, mae 12.2144, rmse 15.9812, time elapsed(min) 0.02---
2026-09-30 22:09:42,728 - INFO - --- validation at epoch 144, val_loss 11.5659, val_mae 11.1136, val_rmse 14.6758, val_r2 0.7025, val_pearson 0.8384, lr 3.00e-04 ---
2026-09-30 22:09:42,728 - INFO - 
****************************************************************************************************
2026-09-30 22:09:44,557 - INFO - --- training epoch 145, loss 11.5272, mae 12.0170, rmse 15.9270, time elapsed(min) 0.02---
2026-09-30 22:09:44,797 - INFO - --- validation at epoch 145, val_loss 11.2595, val_mae 10.6429, val_rmse 14.0444, val_r2 0.7275, val_pearson 0.8533, lr 3.00e-04 ---
2026-09-30 22:09:44,797 - INFO - 
****************************************************************************************************
2026-09-30 22:09:46,672 - INFO - --- training epoch 146, loss 11.2688, mae 11.7587, rmse 15.7415, time elapsed(min) 0.02---
2026-09-30 22:09:46,909 - INFO - --- validation at epoch 146, val_loss 11.3711, val_mae 10.4460, val_rmse 13.7405, val_r2 0.7392, val_pearson 0.8604, lr 3.00e-04 ---
2026-09-30 22:09:46,910 - INFO - 
****************************************************************************************************
2026-09-30 22:09:48,606 - INFO - --- training epoch 147, loss 11.3893, mae 11.8797, rmse 15.7073, time elapsed(min) 0.02---
2026-09-30 22:09:48,860 - INFO - --- validation at epoch 147, val_loss 11.6701, val_mae 11.3175, val_rmse 14.6229, val_r2 0.7046, val_pearson 0.8707, lr 3.00e-04 ---
2026-09-30 22:09:48,860 - INFO - 
****************************************************************************************************
2026-09-30 22:09:50,248 - INFO - --- training epoch 148, loss 11.2821, mae 11.7714, rmse 15.5773, time elapsed(min) 0.02---
2026-09-30 22:09:50,491 - INFO - --- validation at epoch 148, val_loss 11.5162, val_mae 11.2482, val_rmse 14.7859, val_r2 0.6980, val_pearson 0.8385, lr 3.00e-04 ---
2026-09-30 22:09:50,491 - INFO - 
****************************************************************************************************
2026-09-30 22:09:51,878 - INFO - --- training epoch 149, loss 11.1083, mae 11.5976, rmse 15.3478, time elapsed(min) 0.02---
2026-09-30 22:09:52,118 - INFO - --- validation at epoch 149, val_loss 11.3529, val_mae 10.6451, val_rmse 13.8344, val_r2 0.7356, val_pearson 0.8648, lr 3.00e-04 ---
2026-09-30 22:09:52,118 - INFO - 
****************************************************************************************************
2026-09-30 22:09:53,829 - INFO - --- training epoch 150, loss 11.6705, mae 12.1578, rmse 16.0166, time elapsed(min) 0.02---
2026-09-30 22:09:54,079 - INFO - --- validation at epoch 150, val_loss 11.1340, val_mae 10.2336, val_rmse 13.5195, val_r2 0.7475, val_pearson 0.8722, lr 3.00e-04 ---
2026-09-30 22:09:54,079 - INFO - 
****************************************************************************************************
2026-09-30 22:09:55,919 - INFO - --- training epoch 151, loss 10.9981, mae 11.4875, rmse 15.2969, time elapsed(min) 0.02---
2026-09-30 22:09:56,144 - INFO - --- validation at epoch 151, val_loss 10.8407, val_mae 10.0258, val_rmse 13.4001, val_r2 0.7520, val_pearson 0.8699, lr 3.00e-04 ---
2026-09-30 22:09:56,145 - INFO - 
****************************************************************************************************
2026-09-30 22:09:57,960 - INFO - --- training epoch 152, loss 11.0282, mae 11.5167, rmse 15.3476, time elapsed(min) 0.02---
2026-09-30 22:09:58,609 - INFO - --- validation at epoch 152, val_loss 10.2369, val_mae 9.8446, val_rmse 13.0033, val_r2 0.7664, val_pearson 0.8763, lr 3.00e-04 ---
2026-09-30 22:09:58,609 - INFO - 
****************************************************************************************************
2026-09-30 22:10:00,352 - INFO - --- training epoch 153, loss 10.8918, mae 11.3831, rmse 15.0516, time elapsed(min) 0.02---
2026-09-30 22:10:00,604 - INFO - --- validation at epoch 153, val_loss 10.6587, val_mae 10.0980, val_rmse 13.3426, val_r2 0.7541, val_pearson 0.8696, lr 3.00e-04 ---
2026-09-30 22:10:00,604 - INFO - 
****************************************************************************************************
2026-09-30 22:10:02,000 - INFO - --- training epoch 154, loss 10.6867, mae 11.1744, rmse 14.8146, time elapsed(min) 0.02---
2026-09-30 22:10:02,238 - INFO - --- validation at epoch 154, val_loss 11.1965, val_mae 10.4655, val_rmse 13.9731, val_r2 0.7303, val_pearson 0.8641, lr 3.00e-04 ---
2026-09-30 22:10:02,238 - INFO - 
****************************************************************************************************
2026-09-30 22:10:03,952 - INFO - --- training epoch 155, loss 10.6899, mae 11.1797, rmse 14.9303, time elapsed(min) 0.02---
2026-09-30 22:10:04,212 - INFO - --- validation at epoch 155, val_loss 10.2228, val_mae 9.4969, val_rmse 12.9859, val_r2 0.7671, val_pearson 0.8801, lr 3.00e-04 ---
2026-09-30 22:10:04,212 - INFO - 
****************************************************************************************************
2026-09-30 22:10:06,321 - INFO - --- training epoch 156, loss 10.7948, mae 11.2835, rmse 15.3261, time elapsed(min) 0.03---
2026-09-30 22:10:06,569 - INFO - --- validation at epoch 156, val_loss 10.4183, val_mae 10.0500, val_rmse 13.5476, val_r2 0.7465, val_pearson 0.8723, lr 3.00e-04 ---
2026-09-30 22:10:06,569 - INFO - 
****************************************************************************************************
2026-09-30 22:10:08,361 - INFO - --- training epoch 157, loss 10.5169, mae 11.0059, rmse 15.0188, time elapsed(min) 0.02---
2026-09-30 22:10:08,970 - INFO - --- validation at epoch 157, val_loss 10.2796, val_mae 9.7125, val_rmse 12.8892, val_r2 0.7705, val_pearson 0.8809, lr 3.00e-04 ---
2026-09-30 22:10:08,971 - INFO - 
****************************************************************************************************
2026-09-30 22:10:10,668 - INFO - --- training epoch 158, loss 10.2816, mae 10.7710, rmse 14.4804, time elapsed(min) 0.02---
2026-09-30 22:10:10,910 - INFO - --- validation at epoch 158, val_loss 10.0481, val_mae 9.4124, val_rmse 12.8000, val_r2 0.7737, val_pearson 0.8832, lr 3.00e-04 ---
2026-09-30 22:10:10,910 - INFO - 
****************************************************************************************************
2026-09-30 22:10:12,449 - INFO - --- training epoch 159, loss 10.0949, mae 10.5811, rmse 14.4370, time elapsed(min) 0.02---
2026-09-30 22:10:12,690 - INFO - --- validation at epoch 159, val_loss 10.1049, val_mae 9.5243, val_rmse 13.0539, val_r2 0.7646, val_pearson 0.8867, lr 3.00e-04 ---
2026-09-30 22:10:12,691 - INFO - 
****************************************************************************************************
2026-09-30 22:10:14,486 - INFO - --- training epoch 160, loss 10.2877, mae 10.7762, rmse 14.5565, time elapsed(min) 0.02---
2026-09-30 22:10:14,713 - INFO - --- validation at epoch 160, val_loss 10.3156, val_mae 9.5397, val_rmse 13.0260, val_r2 0.7656, val_pearson 0.8828, lr 3.00e-04 ---
2026-09-30 22:10:14,713 - INFO - 
****************************************************************************************************
2026-09-30 22:10:16,503 - INFO - --- training epoch 161, loss 11.2639, mae 11.7556, rmse 15.5746, time elapsed(min) 0.02---
2026-09-30 22:10:16,744 - INFO - --- validation at epoch 161, val_loss 11.5578, val_mae 11.2123, val_rmse 14.2344, val_r2 0.7201, val_pearson 0.8491, lr 3.00e-04 ---
2026-09-30 22:10:16,744 - INFO - 
****************************************************************************************************
2026-09-30 22:10:18,638 - INFO - --- training epoch 162, loss 10.7458, mae 11.2359, rmse 15.0170, time elapsed(min) 0.02---
2026-09-30 22:10:18,905 - INFO - --- validation at epoch 162, val_loss 10.4997, val_mae 9.7136, val_rmse 12.8409, val_r2 0.7722, val_pearson 0.8812, lr 3.00e-04 ---
2026-09-30 22:10:18,905 - INFO - 
****************************************************************************************************
2026-09-30 22:10:20,568 - INFO - --- training epoch 163, loss 10.1784, mae 10.6674, rmse 14.4626, time elapsed(min) 0.02---
2026-09-30 22:10:20,840 - INFO - --- validation at epoch 163, val_loss 10.0322, val_mae 9.6275, val_rmse 12.5814, val_r2 0.7813, val_pearson 0.8875, lr 3.00e-04 ---
2026-09-30 22:10:20,841 - INFO - 
****************************************************************************************************
2026-09-30 22:10:22,303 - INFO - --- training epoch 164, loss 11.8636, mae 12.3553, rmse 16.5365, time elapsed(min) 0.01---
2026-09-30 22:10:22,565 - INFO - --- validation at epoch 164, val_loss 11.7193, val_mae 11.4778, val_rmse 14.7722, val_r2 0.6986, val_pearson 0.8372, lr 3.00e-04 ---
2026-09-30 22:10:22,565 - INFO - 
****************************************************************************************************
2026-09-30 22:10:23,977 - INFO - --- training epoch 165, loss 11.1459, mae 11.6357, rmse 15.3614, time elapsed(min) 0.02---
2026-09-30 22:10:24,225 - INFO - --- validation at epoch 165, val_loss 11.2343, val_mae 10.6918, val_rmse 13.8464, val_r2 0.7352, val_pearson 0.8615, lr 3.00e-04 ---
2026-09-30 22:10:24,226 - INFO - 
****************************************************************************************************
2026-09-30 22:10:25,962 - INFO - --- training epoch 166, loss 10.6751, mae 11.1629, rmse 14.8804, time elapsed(min) 0.02---
2026-09-30 22:10:26,223 - INFO - --- validation at epoch 166, val_loss 10.5763, val_mae 10.0664, val_rmse 13.1611, val_r2 0.7607, val_pearson 0.8745, lr 3.00e-04 ---
2026-09-30 22:10:26,223 - INFO - 
****************************************************************************************************
2026-09-30 22:10:28,009 - INFO - --- training epoch 167, loss 10.2208, mae 10.7129, rmse 14.3235, time elapsed(min) 0.02---
2026-09-30 22:10:28,254 - INFO - --- validation at epoch 167, val_loss 10.0375, val_mae 9.3190, val_rmse 12.6527, val_r2 0.7789, val_pearson 0.8894, lr 3.00e-04 ---
2026-09-30 22:10:28,255 - INFO - 
****************************************************************************************************
2026-09-30 22:10:30,367 - INFO - --- training epoch 168, loss 10.5366, mae 11.0254, rmse 14.5244, time elapsed(min) 0.03---
2026-09-30 22:10:30,643 - INFO - --- validation at epoch 168, val_loss 10.1569, val_mae 9.4347, val_rmse 13.1830, val_r2 0.7599, val_pearson 0.8854, lr 3.00e-04 ---
2026-09-30 22:10:30,643 - INFO - 
****************************************************************************************************
2026-09-30 22:10:32,040 - INFO - --- training epoch 169, loss 9.9908, mae 10.4800, rmse 14.0185, time elapsed(min) 0.02---
2026-09-30 22:10:32,285 - INFO - --- validation at epoch 169, val_loss 9.4870, val_mae 8.7347, val_rmse 12.3605, val_r2 0.7890, val_pearson 0.8955, lr 3.00e-04 ---
2026-09-30 22:10:32,285 - INFO - 
****************************************************************************************************
2026-09-30 22:10:33,795 - INFO - --- training epoch 170, loss 9.7904, mae 10.2777, rmse 13.9231, time elapsed(min) 0.02---
2026-09-30 22:10:34,059 - INFO - --- validation at epoch 170, val_loss 9.5201, val_mae 8.8839, val_rmse 12.2358, val_r2 0.7932, val_pearson 0.8946, lr 3.00e-04 ---
2026-09-30 22:10:34,059 - INFO - 
****************************************************************************************************
2026-09-30 22:10:35,777 - INFO - --- training epoch 171, loss 10.2290, mae 10.7188, rmse 14.3904, time elapsed(min) 0.02---
2026-09-30 22:10:36,035 - INFO - --- validation at epoch 171, val_loss 9.8158, val_mae 9.1977, val_rmse 12.6313, val_r2 0.7796, val_pearson 0.8903, lr 3.00e-04 ---
2026-09-30 22:10:36,035 - INFO - 
****************************************************************************************************
2026-09-30 22:10:37,801 - INFO - --- training epoch 172, loss 10.0229, mae 10.5132, rmse 14.2347, time elapsed(min) 0.02---
2026-09-30 22:10:38,040 - INFO - --- validation at epoch 172, val_loss 10.3661, val_mae 9.7880, val_rmse 13.3046, val_r2 0.7555, val_pearson 0.8827, lr 3.00e-04 ---
2026-09-30 22:10:38,040 - INFO - 
****************************************************************************************************
2026-09-30 22:10:39,695 - INFO - --- training epoch 173, loss 10.5818, mae 11.0703, rmse 14.6275, time elapsed(min) 0.02---
2026-09-30 22:10:39,943 - INFO - --- validation at epoch 173, val_loss 10.5797, val_mae 10.0511, val_rmse 13.3083, val_r2 0.7554, val_pearson 0.8836, lr 3.00e-04 ---
2026-09-30 22:10:39,944 - INFO - 
****************************************************************************************************
2026-09-30 22:10:41,339 - INFO - --- training epoch 174, loss 10.4788, mae 10.9695, rmse 14.6847, time elapsed(min) 0.01---
2026-09-30 22:10:41,602 - INFO - --- validation at epoch 174, val_loss 9.4409, val_mae 9.0502, val_rmse 12.2341, val_r2 0.7933, val_pearson 0.8961, lr 3.00e-04 ---
2026-09-30 22:10:41,602 - INFO - 
****************************************************************************************************
2026-09-30 22:10:43,086 - INFO - --- training epoch 175, loss 10.5640, mae 11.0528, rmse 14.7520, time elapsed(min) 0.02---
2026-09-30 22:10:43,335 - INFO - --- validation at epoch 175, val_loss 11.4968, val_mae 11.2914, val_rmse 14.4934, val_r2 0.7098, val_pearson 0.8639, lr 3.00e-04 ---
2026-09-30 22:10:43,335 - INFO - 
****************************************************************************************************
2026-09-30 22:10:45,049 - INFO - --- training epoch 176, loss 10.8451, mae 11.3348, rmse 15.1404, time elapsed(min) 0.02---
2026-09-30 22:10:45,325 - INFO - --- validation at epoch 176, val_loss 10.3022, val_mae 9.9853, val_rmse 12.8995, val_r2 0.7702, val_pearson 0.8816, lr 3.00e-04 ---
2026-09-30 22:10:45,325 - INFO - 
****************************************************************************************************
2026-09-30 22:10:47,128 - INFO - --- training epoch 177, loss 10.3731, mae 10.8615, rmse 14.5749, time elapsed(min) 0.02---
2026-09-30 22:10:47,385 - INFO - --- validation at epoch 177, val_loss 9.5752, val_mae 8.9984, val_rmse 12.3254, val_r2 0.7902, val_pearson 0.8941, lr 3.00e-04 ---
2026-09-30 22:10:47,385 - INFO - 
****************************************************************************************************
2026-09-30 22:10:49,570 - INFO - --- training epoch 178, loss 10.0029, mae 10.4915, rmse 14.0754, time elapsed(min) 0.03---
2026-09-30 22:10:49,817 - INFO - --- validation at epoch 178, val_loss 9.3378, val_mae 8.9606, val_rmse 12.2135, val_r2 0.7939, val_pearson 0.8954, lr 3.00e-04 ---
2026-09-30 22:10:49,817 - INFO - 
****************************************************************************************************
2026-09-30 22:10:51,331 - INFO - --- training epoch 179, loss 9.9132, mae 10.4026, rmse 13.9935, time elapsed(min) 0.02---
2026-09-30 22:10:51,562 - INFO - --- validation at epoch 179, val_loss 9.8672, val_mae 9.4127, val_rmse 12.4257, val_r2 0.7867, val_pearson 0.8942, lr 3.00e-04 ---
2026-09-30 22:10:51,563 - INFO - 
****************************************************************************************************
2026-09-30 22:10:53,294 - INFO - --- training epoch 180, loss 9.8537, mae 10.3393, rmse 14.0678, time elapsed(min) 0.02---
2026-09-30 22:10:53,537 - INFO - --- validation at epoch 180, val_loss 9.5318, val_mae 9.0340, val_rmse 12.1444, val_r2 0.7963, val_pearson 0.8959, lr 3.00e-04 ---
2026-09-30 22:10:53,537 - INFO - 
****************************************************************************************************
2026-09-30 22:10:55,228 - INFO - --- training epoch 181, loss 9.6501, mae 10.1396, rmse 13.7707, time elapsed(min) 0.02---
2026-09-30 22:10:55,477 - INFO - --- validation at epoch 181, val_loss 9.0367, val_mae 8.9099, val_rmse 12.0264, val_r2 0.8002, val_pearson 0.8971, lr 3.00e-04 ---
2026-09-30 22:10:55,477 - INFO - 
****************************************************************************************************
2026-09-30 22:10:57,327 - INFO - --- training epoch 182, loss 9.7293, mae 10.2186, rmse 13.9493, time elapsed(min) 0.02---
2026-09-30 22:10:57,566 - INFO - --- validation at epoch 182, val_loss 8.7193, val_mae 8.3883, val_rmse 11.4898, val_r2 0.8176, val_pearson 0.9058, lr 3.00e-04 ---
2026-09-30 22:10:57,566 - INFO - 
****************************************************************************************************
2026-09-30 22:10:59,343 - INFO - --- training epoch 183, loss 9.8111, mae 10.2996, rmse 13.8658, time elapsed(min) 0.02---
2026-09-30 22:10:59,603 - INFO - --- validation at epoch 183, val_loss 9.4278, val_mae 8.8191, val_rmse 11.9400, val_r2 0.8031, val_pearson 0.8996, lr 3.00e-04 ---
2026-09-30 22:10:59,603 - INFO - 
****************************************************************************************************
2026-09-30 22:11:01,010 - INFO - --- training epoch 184, loss 9.6274, mae 10.1160, rmse 13.9126, time elapsed(min) 0.02---
2026-09-30 22:11:01,249 - INFO - --- validation at epoch 184, val_loss 9.4081, val_mae 8.8827, val_rmse 12.0044, val_r2 0.8009, val_pearson 0.8984, lr 3.00e-04 ---
2026-09-30 22:11:01,249 - INFO - 
****************************************************************************************************
2026-09-30 22:11:02,882 - INFO - --- training epoch 185, loss 9.8160, mae 10.3030, rmse 14.0716, time elapsed(min) 0.02---
2026-09-30 22:11:03,122 - INFO - --- validation at epoch 185, val_loss 9.0156, val_mae 8.4595, val_rmse 11.7603, val_r2 0.8090, val_pearson 0.9031, lr 3.00e-04 ---
2026-09-30 22:11:03,122 - INFO - 
****************************************************************************************************
2026-09-30 22:11:04,853 - INFO - --- training epoch 186, loss 9.6212, mae 10.1072, rmse 13.7695, time elapsed(min) 0.02---
2026-09-30 22:11:05,115 - INFO - --- validation at epoch 186, val_loss 8.7423, val_mae 8.5494, val_rmse 11.8614, val_r2 0.8057, val_pearson 0.9000, lr 3.00e-04 ---
2026-09-30 22:11:05,116 - INFO - 
****************************************************************************************************
2026-09-30 22:11:07,082 - INFO - --- training epoch 187, loss 9.7488, mae 10.2381, rmse 13.8341, time elapsed(min) 0.02---
2026-09-30 22:11:07,347 - INFO - --- validation at epoch 187, val_loss 9.2037, val_mae 8.8923, val_rmse 12.3054, val_r2 0.7908, val_pearson 0.8937, lr 3.00e-04 ---
2026-09-30 22:11:07,347 - INFO - 
****************************************************************************************************
2026-09-30 22:11:09,432 - INFO - --- training epoch 188, loss 9.7915, mae 10.2798, rmse 14.0125, time elapsed(min) 0.03---
2026-09-30 22:11:09,675 - INFO - --- validation at epoch 188, val_loss 9.4192, val_mae 8.9243, val_rmse 12.1228, val_r2 0.7970, val_pearson 0.8949, lr 3.00e-04 ---
2026-09-30 22:11:09,675 - INFO - 
****************************************************************************************************
2026-09-30 22:11:11,092 - INFO - --- training epoch 189, loss 9.9748, mae 10.4645, rmse 14.1577, time elapsed(min) 0.02---
2026-09-30 22:11:11,322 - INFO - --- validation at epoch 189, val_loss 9.8364, val_mae 9.7699, val_rmse 12.7895, val_r2 0.7741, val_pearson 0.8912, lr 3.00e-04 ---
2026-09-30 22:11:11,322 - INFO - 
****************************************************************************************************
2026-09-30 22:11:12,720 - INFO - --- training epoch 190, loss 9.6856, mae 10.1725, rmse 14.1010, time elapsed(min) 0.02---
2026-09-30 22:11:12,943 - INFO - --- validation at epoch 190, val_loss 8.9310, val_mae 8.6303, val_rmse 11.7889, val_r2 0.8080, val_pearson 0.9025, lr 3.00e-04 ---
2026-09-30 22:11:12,943 - INFO - 
****************************************************************************************************
2026-09-30 22:11:14,721 - INFO - --- training epoch 191, loss 9.7597, mae 10.2476, rmse 13.9227, time elapsed(min) 0.02---
2026-09-30 22:11:14,965 - INFO - --- validation at epoch 191, val_loss 9.4047, val_mae 8.6496, val_rmse 11.8627, val_r2 0.8056, val_pearson 0.9004, lr 3.00e-04 ---
2026-09-30 22:11:14,965 - INFO - 
****************************************************************************************************
2026-09-30 22:11:16,715 - INFO - --- training epoch 192, loss 9.7593, mae 10.2461, rmse 13.9071, time elapsed(min) 0.02---
2026-09-30 22:11:16,951 - INFO - --- validation at epoch 192, val_loss 9.2843, val_mae 8.8777, val_rmse 12.0323, val_r2 0.8000, val_pearson 0.8976, lr 3.00e-04 ---
2026-09-30 22:11:16,951 - INFO - 
****************************************************************************************************
2026-09-30 22:11:18,913 - INFO - --- training epoch 193, loss 9.5738, mae 10.0608, rmse 13.8829, time elapsed(min) 0.02---
2026-09-30 22:11:19,156 - INFO - --- validation at epoch 193, val_loss 9.2429, val_mae 8.8070, val_rmse 12.1820, val_r2 0.7950, val_pearson 0.9004, lr 3.00e-04 ---
2026-09-30 22:11:19,157 - INFO - 
****************************************************************************************************
2026-09-30 22:11:20,553 - INFO - --- training epoch 194, loss 9.4379, mae 9.9214, rmse 13.7392, time elapsed(min) 0.02---
2026-09-30 22:11:20,832 - INFO - --- validation at epoch 194, val_loss 9.0194, val_mae 8.7341, val_rmse 11.8272, val_r2 0.8068, val_pearson 0.9009, lr 9.00e-05 ---
2026-09-30 22:11:20,832 - INFO - 
****************************************************************************************************
2026-09-30 22:11:22,454 - INFO - --- training epoch 195, loss 9.2350, mae 9.7210, rmse 13.3913, time elapsed(min) 0.02---
2026-09-30 22:11:22,723 - INFO - --- validation at epoch 195, val_loss 9.0989, val_mae 8.6860, val_rmse 11.9336, val_r2 0.8033, val_pearson 0.8987, lr 9.00e-05 ---
2026-09-30 22:11:22,724 - INFO - 
****************************************************************************************************
2026-09-30 22:11:24,562 - INFO - --- training epoch 196, loss 9.2351, mae 9.7215, rmse 13.3673, time elapsed(min) 0.02---
2026-09-30 22:11:24,799 - INFO - --- validation at epoch 196, val_loss 9.1838, val_mae 8.7247, val_rmse 11.8003, val_r2 0.8077, val_pearson 0.8999, lr 9.00e-05 ---
2026-09-30 22:11:24,799 - INFO - 
****************************************************************************************************
2026-09-30 22:11:26,623 - INFO - --- training epoch 197, loss 9.2360, mae 9.7242, rmse 13.3358, time elapsed(min) 0.02---
2026-09-30 22:11:26,863 - INFO - --- validation at epoch 197, val_loss 9.1765, val_mae 8.6816, val_rmse 11.7552, val_r2 0.8091, val_pearson 0.9019, lr 9.00e-05 ---
2026-09-30 22:11:26,863 - INFO - 
****************************************************************************************************
2026-09-30 22:11:28,508 - INFO - --- training epoch 198, loss 9.1703, mae 9.6561, rmse 13.3481, time elapsed(min) 0.02---
2026-09-30 22:11:28,764 - INFO - --- validation at epoch 198, val_loss 8.8680, val_mae 8.5012, val_rmse 11.5758, val_r2 0.8149, val_pearson 0.9042, lr 9.00e-05 ---
2026-09-30 22:11:28,764 - INFO - 
****************************************************************************************************
2026-09-30 22:11:30,158 - INFO - --- training epoch 199, loss 9.1238, mae 9.6124, rmse 13.3305, time elapsed(min) 0.02---
2026-09-30 22:11:30,408 - INFO - --- validation at epoch 199, val_loss 8.9255, val_mae 8.5432, val_rmse 11.6734, val_r2 0.8118, val_pearson 0.9034, lr 9.00e-05 ---
2026-09-30 22:11:30,409 - INFO - 
****************************************************************************************************
2026-09-30 22:11:32,130 - INFO - --- training epoch 200, loss 8.9875, mae 9.4747, rmse 13.1882, time elapsed(min) 0.02---
2026-09-30 22:11:32,361 - INFO - --- validation at epoch 200, val_loss 8.6657, val_mae 8.3020, val_rmse 11.3793, val_r2 0.8211, val_pearson 0.9078, lr 9.00e-05 ---
2026-09-30 22:11:32,361 - INFO - 
****************************************************************************************************
2026-09-30 22:11:34,151 - INFO - --- training epoch 201, loss 9.0367, mae 9.5223, rmse 13.2649, time elapsed(min) 0.02---
2026-09-30 22:11:34,413 - INFO - --- validation at epoch 201, val_loss 8.6856, val_mae 8.3135, val_rmse 11.3862, val_r2 0.8209, val_pearson 0.9070, lr 9.00e-05 ---
2026-09-30 22:11:34,413 - INFO - 
****************************************************************************************************
2026-09-30 22:11:36,166 - INFO - --- training epoch 202, loss 9.0703, mae 9.5571, rmse 13.2573, time elapsed(min) 0.02---
2026-09-30 22:11:36,462 - INFO - --- validation at epoch 202, val_loss 8.7270, val_mae 8.3502, val_rmse 11.4386, val_r2 0.8193, val_pearson 0.9072, lr 9.00e-05 ---
2026-09-30 22:11:36,462 - INFO - 
****************************************************************************************************
2026-09-30 22:11:38,513 - INFO - --- training epoch 203, loss 9.2162, mae 9.7023, rmse 13.3812, time elapsed(min) 0.03---
2026-09-30 22:11:38,749 - INFO - --- validation at epoch 203, val_loss 8.7365, val_mae 8.4011, val_rmse 11.4570, val_r2 0.8187, val_pearson 0.9076, lr 9.00e-05 ---
2026-09-30 22:11:38,749 - INFO - 
****************************************************************************************************
2026-09-30 22:11:40,209 - INFO - --- training epoch 204, loss 9.1261, mae 9.6134, rmse 13.3250, time elapsed(min) 0.02---
2026-09-30 22:11:40,455 - INFO - --- validation at epoch 204, val_loss 8.9304, val_mae 8.3036, val_rmse 11.6375, val_r2 0.8129, val_pearson 0.9051, lr 9.00e-05 ---
2026-09-30 22:11:40,455 - INFO - 
****************************************************************************************************
2026-09-30 22:11:42,069 - INFO - --- training epoch 205, loss 9.2330, mae 9.7173, rmse 13.3086, time elapsed(min) 0.02---
2026-09-30 22:11:42,349 - INFO - --- validation at epoch 205, val_loss 8.7971, val_mae 8.3436, val_rmse 11.4081, val_r2 0.8202, val_pearson 0.9064, lr 9.00e-05 ---
2026-09-30 22:11:42,349 - INFO - 
****************************************************************************************************
2026-09-30 22:11:44,253 - INFO - --- training epoch 206, loss 9.1995, mae 9.6848, rmse 13.3810, time elapsed(min) 0.02---
2026-09-30 22:11:44,486 - INFO - --- validation at epoch 206, val_loss 8.9211, val_mae 8.4949, val_rmse 11.7435, val_r2 0.8095, val_pearson 0.9028, lr 9.00e-05 ---
2026-09-30 22:11:44,486 - INFO - 
****************************************************************************************************
2026-09-30 22:11:46,216 - INFO - --- training epoch 207, loss 9.0547, mae 9.5419, rmse 13.2370, time elapsed(min) 0.02---
2026-09-30 22:11:46,467 - INFO - --- validation at epoch 207, val_loss 8.8180, val_mae 8.3940, val_rmse 11.5797, val_r2 0.8148, val_pearson 0.9045, lr 9.00e-05 ---
2026-09-30 22:11:46,467 - INFO - 
****************************************************************************************************
2026-09-30 22:11:48,514 - INFO - --- training epoch 208, loss 9.0817, mae 9.5682, rmse 13.2479, time elapsed(min) 0.03---
2026-09-30 22:11:48,773 - INFO - --- validation at epoch 208, val_loss 8.8369, val_mae 8.4031, val_rmse 11.6144, val_r2 0.8137, val_pearson 0.9036, lr 9.00e-05 ---
2026-09-30 22:11:48,773 - INFO - 
****************************************************************************************************
2026-09-30 22:11:50,163 - INFO - --- training epoch 209, loss 9.1851, mae 9.6721, rmse 13.3399, time elapsed(min) 0.01---
2026-09-30 22:11:50,418 - INFO - --- validation at epoch 209, val_loss 8.6876, val_mae 8.4130, val_rmse 11.5449, val_r2 0.8159, val_pearson 0.9044, lr 9.00e-05 ---
2026-09-30 22:11:50,418 - INFO - 
****************************************************************************************************
2026-09-30 22:11:51,835 - INFO - --- training epoch 210, loss 8.8714, mae 9.3569, rmse 13.0819, time elapsed(min) 0.02---
2026-09-30 22:11:52,085 - INFO - --- validation at epoch 210, val_loss 8.3426, val_mae 8.1469, val_rmse 11.2952, val_r2 0.8238, val_pearson 0.9099, lr 9.00e-05 ---
2026-09-30 22:11:52,085 - INFO - 
****************************************************************************************************
2026-09-30 22:11:53,876 - INFO - --- training epoch 211, loss 9.1288, mae 9.6139, rmse 13.3122, time elapsed(min) 0.02---
2026-09-30 22:11:54,152 - INFO - --- validation at epoch 211, val_loss 8.5542, val_mae 8.2501, val_rmse 11.4300, val_r2 0.8195, val_pearson 0.9070, lr 9.00e-05 ---
2026-09-30 22:11:54,153 - INFO - 
****************************************************************************************************
2026-09-30 22:11:55,911 - INFO - --- training epoch 212, loss 9.1369, mae 9.6220, rmse 13.4322, time elapsed(min) 0.02---
2026-09-30 22:11:56,129 - INFO - --- validation at epoch 212, val_loss 8.8796, val_mae 8.4210, val_rmse 11.5602, val_r2 0.8154, val_pearson 0.9052, lr 9.00e-05 ---
2026-09-30 22:11:56,129 - INFO - 
****************************************************************************************************
2026-09-30 22:11:58,119 - INFO - --- training epoch 213, loss 9.1721, mae 9.6612, rmse 13.3078, time elapsed(min) 0.02---
2026-09-30 22:11:58,380 - INFO - --- validation at epoch 213, val_loss 8.8140, val_mae 8.3897, val_rmse 11.5468, val_r2 0.8158, val_pearson 0.9057, lr 9.00e-05 ---
2026-09-30 22:11:58,380 - INFO - 
****************************************************************************************************
2026-09-30 22:11:59,766 - INFO - --- training epoch 214, loss 8.8909, mae 9.3775, rmse 13.1004, time elapsed(min) 0.01---
2026-09-30 22:12:00,020 - INFO - --- validation at epoch 214, val_loss 8.5979, val_mae 8.1918, val_rmse 11.3356, val_r2 0.8225, val_pearson 0.9093, lr 9.00e-05 ---
2026-09-30 22:12:00,020 - INFO - 
****************************************************************************************************
2026-09-30 22:12:01,758 - INFO - --- training epoch 215, loss 9.0315, mae 9.5180, rmse 13.2104, time elapsed(min) 0.02---
2026-09-30 22:12:02,022 - INFO - --- validation at epoch 215, val_loss 8.8724, val_mae 8.5067, val_rmse 11.7338, val_r2 0.8098, val_pearson 0.9037, lr 9.00e-05 ---
2026-09-30 22:12:02,022 - INFO - 
****************************************************************************************************
2026-09-30 22:12:03,742 - INFO - --- training epoch 216, loss 8.8868, mae 9.3739, rmse 13.1086, time elapsed(min) 0.02---
2026-09-30 22:12:03,983 - INFO - --- validation at epoch 216, val_loss 8.4528, val_mae 8.1941, val_rmse 11.2392, val_r2 0.8255, val_pearson 0.9107, lr 9.00e-05 ---
2026-09-30 22:12:03,983 - INFO - 
****************************************************************************************************
2026-09-30 22:12:05,920 - INFO - --- training epoch 217, loss 9.0098, mae 9.4940, rmse 13.1766, time elapsed(min) 0.02---
2026-09-30 22:12:06,182 - INFO - --- validation at epoch 217, val_loss 8.5578, val_mae 8.1913, val_rmse 11.4281, val_r2 0.8196, val_pearson 0.9088, lr 9.00e-05 ---
2026-09-30 22:12:06,182 - INFO - 
****************************************************************************************************
2026-09-30 22:12:08,156 - INFO - --- training epoch 218, loss 8.8028, mae 9.2873, rmse 12.9932, time elapsed(min) 0.02---
2026-09-30 22:12:08,387 - INFO - --- validation at epoch 218, val_loss 8.8177, val_mae 8.4196, val_rmse 11.4364, val_r2 0.8193, val_pearson 0.9068, lr 9.00e-05 ---
2026-09-30 22:12:08,388 - INFO - 
****************************************************************************************************
2026-09-30 22:12:09,793 - INFO - --- training epoch 219, loss 8.8499, mae 9.3366, rmse 13.0023, time elapsed(min) 0.02---
2026-09-30 22:12:10,047 - INFO - --- validation at epoch 219, val_loss 8.6787, val_mae 8.3043, val_rmse 11.4084, val_r2 0.8202, val_pearson 0.9079, lr 9.00e-05 ---
2026-09-30 22:12:10,047 - INFO - 
****************************************************************************************************
2026-09-30 22:12:11,471 - INFO - --- training epoch 220, loss 8.9431, mae 9.4285, rmse 13.1556, time elapsed(min) 0.02---
2026-09-30 22:12:11,709 - INFO - --- validation at epoch 220, val_loss 8.8327, val_mae 8.4199, val_rmse 11.6042, val_r2 0.8140, val_pearson 0.9042, lr 9.00e-05 ---
2026-09-30 22:12:11,709 - INFO - 
****************************************************************************************************
2026-09-30 22:12:13,660 - INFO - --- training epoch 221, loss 8.8457, mae 9.3293, rmse 13.1182, time elapsed(min) 0.02---
2026-09-30 22:12:13,896 - INFO - --- validation at epoch 221, val_loss 8.7728, val_mae 8.2904, val_rmse 11.4138, val_r2 0.8200, val_pearson 0.9066, lr 9.00e-05 ---
2026-09-30 22:12:13,896 - INFO - 
****************************************************************************************************
2026-09-30 22:12:15,760 - INFO - --- training epoch 222, loss 8.7856, mae 9.2705, rmse 13.0347, time elapsed(min) 0.02---
2026-09-30 22:12:16,000 - INFO - --- validation at epoch 222, val_loss 8.7860, val_mae 8.2427, val_rmse 11.4275, val_r2 0.8196, val_pearson 0.9070, lr 2.70e-05 ---
2026-09-30 22:12:16,000 - INFO - 
****************************************************************************************************
2026-09-30 22:12:17,722 - INFO - --- training epoch 223, loss 8.8073, mae 9.2936, rmse 13.0915, time elapsed(min) 0.02---
2026-09-30 22:12:17,969 - INFO - --- validation at epoch 223, val_loss 8.7835, val_mae 8.3100, val_rmse 11.4313, val_r2 0.8195, val_pearson 0.9065, lr 2.70e-05 ---
2026-09-30 22:12:17,969 - INFO - 
****************************************************************************************************
2026-09-30 22:12:19,392 - INFO - --- training epoch 224, loss 8.7900, mae 9.2751, rmse 13.0186, time elapsed(min) 0.02---
2026-09-30 22:12:19,607 - INFO - --- validation at epoch 224, val_loss 8.7485, val_mae 8.3258, val_rmse 11.4703, val_r2 0.8183, val_pearson 0.9060, lr 2.70e-05 ---
2026-09-30 22:12:19,607 - INFO - 
****************************************************************************************************
2026-09-30 22:12:21,032 - INFO - --- training epoch 225, loss 8.6683, mae 9.1546, rmse 12.8748, time elapsed(min) 0.02---
2026-09-30 22:12:21,263 - INFO - --- validation at epoch 225, val_loss 8.7796, val_mae 8.3661, val_rmse 11.5348, val_r2 0.8162, val_pearson 0.9053, lr 2.70e-05 ---
2026-09-30 22:12:21,263 - INFO - 
****************************************************************************************************
2026-09-30 22:12:22,959 - INFO - --- training epoch 226, loss 8.6967, mae 9.1822, rmse 12.8705, time elapsed(min) 0.02---
2026-09-30 22:12:23,177 - INFO - --- validation at epoch 226, val_loss 8.7531, val_mae 8.2432, val_rmse 11.4773, val_r2 0.8180, val_pearson 0.9065, lr 2.70e-05 ---
2026-09-30 22:12:23,177 - INFO - 
****************************************************************************************************
2026-09-30 22:12:25,003 - INFO - --- training epoch 227, loss 8.6539, mae 9.1395, rmse 12.9533, time elapsed(min) 0.02---
2026-09-30 22:12:25,240 - INFO - --- validation at epoch 227, val_loss 8.8122, val_mae 8.2591, val_rmse 11.4831, val_r2 0.8179, val_pearson 0.9067, lr 2.70e-05 ---
2026-09-30 22:12:25,240 - INFO - 
****************************************************************************************************
2026-09-30 22:12:27,307 - INFO - --- training epoch 228, loss 8.7813, mae 9.2666, rmse 13.0089, time elapsed(min) 0.03---
2026-09-30 22:12:27,578 - INFO - --- validation at epoch 228, val_loss 8.8026, val_mae 8.3005, val_rmse 11.4866, val_r2 0.8177, val_pearson 0.9063, lr 2.70e-05 ---
2026-09-30 22:12:27,578 - INFO - 
****************************************************************************************************
2026-09-30 22:12:28,966 - INFO - --- training epoch 229, loss 8.7059, mae 9.1906, rmse 12.9508, time elapsed(min) 0.02---
2026-09-30 22:12:29,207 - INFO - --- validation at epoch 229, val_loss 8.8676, val_mae 8.3629, val_rmse 11.5664, val_r2 0.8152, val_pearson 0.9049, lr 2.70e-05 ---
2026-09-30 22:12:29,207 - INFO - 
****************************************************************************************************
2026-09-30 22:12:30,897 - INFO - --- training epoch 230, loss 8.8773, mae 9.3607, rmse 13.0758, time elapsed(min) 0.02---
2026-09-30 22:12:31,117 - INFO - --- validation at epoch 230, val_loss 8.8676, val_mae 8.3487, val_rmse 11.5652, val_r2 0.8152, val_pearson 0.9051, lr 2.70e-05 ---
2026-09-30 22:12:31,118 - INFO - 
****************************************************************************************************
2026-09-30 22:12:32,862 - INFO - --- training epoch 231, loss 8.6247, mae 9.1106, rmse 12.9695, time elapsed(min) 0.02---
2026-09-30 22:12:33,112 - INFO - --- validation at epoch 231, val_loss 8.8421, val_mae 8.2822, val_rmse 11.5258, val_r2 0.8165, val_pearson 0.9062, lr 2.70e-05 ---
2026-09-30 22:12:33,112 - INFO - 
****************************************************************************************************
2026-09-30 22:12:34,880 - INFO - --- training epoch 232, loss 8.7138, mae 9.1981, rmse 12.9704, time elapsed(min) 0.02---
2026-09-30 22:12:35,126 - INFO - --- validation at epoch 232, val_loss 8.8121, val_mae 8.2857, val_rmse 11.5224, val_r2 0.8166, val_pearson 0.9061, lr 2.70e-05 ---
2026-09-30 22:12:35,126 - INFO - 
****************************************************************************************************
2026-09-30 22:12:37,187 - INFO - --- training epoch 233, loss 8.6483, mae 9.1322, rmse 12.9495, time elapsed(min) 0.03---
2026-09-30 22:12:37,448 - INFO - --- validation at epoch 233, val_loss 8.8192, val_mae 8.2895, val_rmse 11.5319, val_r2 0.8163, val_pearson 0.9059, lr 8.10e-06 ---
2026-09-30 22:12:37,448 - INFO - 
****************************************************************************************************
2026-09-30 22:12:38,823 - INFO - --- training epoch 234, loss 8.7352, mae 9.2222, rmse 12.9283, time elapsed(min) 0.02---
2026-09-30 22:12:39,069 - INFO - --- validation at epoch 234, val_loss 8.8151, val_mae 8.2755, val_rmse 11.5234, val_r2 0.8166, val_pearson 0.9060, lr 8.10e-06 ---
2026-09-30 22:12:39,069 - INFO - 
****************************************************************************************************
2026-09-30 22:12:40,685 - INFO - --- training epoch 235, loss 8.7205, mae 9.2083, rmse 12.9444, time elapsed(min) 0.02---
2026-09-30 22:12:40,982 - INFO - --- validation at epoch 235, val_loss 8.9069, val_mae 8.3008, val_rmse 11.5635, val_r2 0.8153, val_pearson 0.9054, lr 8.10e-06 ---
2026-09-30 22:12:40,982 - INFO - 
****************************************************************************************************
2026-09-30 22:12:42,677 - INFO - --- training epoch 236, loss 8.6012, mae 9.0851, rmse 12.8752, time elapsed(min) 0.02---
2026-09-30 22:12:42,932 - INFO - --- validation at epoch 236, val_loss 8.9499, val_mae 8.3377, val_rmse 11.5852, val_r2 0.8146, val_pearson 0.9052, lr 8.10e-06 ---
2026-09-30 22:12:42,932 - INFO - 
****************************************************************************************************
2026-09-30 22:12:44,677 - INFO - --- training epoch 237, loss 8.7206, mae 9.2058, rmse 12.9569, time elapsed(min) 0.02---
2026-09-30 22:12:44,917 - INFO - --- validation at epoch 237, val_loss 8.9541, val_mae 8.3500, val_rmse 11.5773, val_r2 0.8149, val_pearson 0.9050, lr 8.10e-06 ---
2026-09-30 22:12:44,917 - INFO - 
****************************************************************************************************
2026-09-30 22:12:46,946 - INFO - --- training epoch 238, loss 8.5942, mae 9.0805, rmse 12.8735, time elapsed(min) 0.03---
2026-09-30 22:12:47,189 - INFO - --- validation at epoch 238, val_loss 8.9548, val_mae 8.3431, val_rmse 11.5592, val_r2 0.8154, val_pearson 0.9051, lr 8.10e-06 ---
2026-09-30 22:12:47,189 - INFO - 
****************************************************************************************************
2026-09-30 22:12:48,601 - INFO - --- training epoch 239, loss 8.6274, mae 9.1121, rmse 12.8610, time elapsed(min) 0.02---
2026-09-30 22:12:48,851 - INFO - --- validation at epoch 239, val_loss 8.9342, val_mae 8.3179, val_rmse 11.5405, val_r2 0.8160, val_pearson 0.9055, lr 8.10e-06 ---
2026-09-30 22:12:48,851 - INFO - 
****************************************************************************************************
2026-09-30 22:12:50,291 - INFO - --- training epoch 240, loss 8.6668, mae 9.1529, rmse 12.8941, time elapsed(min) 0.02---
2026-09-30 22:12:50,549 - INFO - --- validation at epoch 240, val_loss 8.9344, val_mae 8.3372, val_rmse 11.5468, val_r2 0.8158, val_pearson 0.9055, lr 8.10e-06 ---
2026-09-30 22:12:50,550 - INFO - 
****************************************************************************************************
2026-09-30 22:12:52,362 - INFO - --- training epoch 241, loss 8.6762, mae 9.1607, rmse 12.9681, time elapsed(min) 0.02---
2026-09-30 22:12:52,610 - INFO - --- validation at epoch 241, val_loss 8.8998, val_mae 8.3078, val_rmse 11.5173, val_r2 0.8168, val_pearson 0.9060, lr 8.10e-06 ---
2026-09-30 22:12:52,610 - INFO - 
****************************************************************************************************
2026-09-30 22:12:54,365 - INFO - --- training epoch 242, loss 8.7491, mae 9.2364, rmse 12.9217, time elapsed(min) 0.02---
2026-09-30 22:12:54,589 - INFO - --- validation at epoch 242, val_loss 8.8924, val_mae 8.3107, val_rmse 11.5127, val_r2 0.8169, val_pearson 0.9062, lr 8.10e-06 ---
2026-09-30 22:12:54,589 - INFO - 
****************************************************************************************************
2026-09-30 22:12:56,310 - INFO - --- training epoch 243, loss 8.6887, mae 9.1739, rmse 12.9414, time elapsed(min) 0.02---
2026-09-30 22:12:56,897 - INFO - --- validation at epoch 243, val_loss 8.9154, val_mae 8.3202, val_rmse 11.5382, val_r2 0.8161, val_pearson 0.9059, lr 8.10e-06 ---
2026-09-30 22:12:56,898 - INFO - 
****************************************************************************************************
2026-09-30 22:12:58,499 - INFO - --- training epoch 244, loss 8.6571, mae 9.1399, rmse 12.8940, time elapsed(min) 0.02---
2026-09-30 22:12:58,727 - INFO - --- validation at epoch 244, val_loss 8.9041, val_mae 8.3066, val_rmse 11.5226, val_r2 0.8166, val_pearson 0.9061, lr 2.43e-06 ---
2026-09-30 22:12:58,727 - INFO - 
****************************************************************************************************
2026-09-30 22:13:00,132 - INFO - --- training epoch 245, loss 8.6511, mae 9.1359, rmse 12.8074, time elapsed(min) 0.02---
2026-09-30 22:13:00,403 - INFO - --- validation at epoch 245, val_loss 8.9009, val_mae 8.2989, val_rmse 11.5110, val_r2 0.8170, val_pearson 0.9062, lr 2.43e-06 ---
2026-09-30 22:13:00,403 - INFO - 
****************************************************************************************************
2026-09-30 22:13:02,170 - INFO - --- training epoch 246, loss 8.6579, mae 9.1436, rmse 12.9066, time elapsed(min) 0.02---
2026-09-30 22:13:02,422 - INFO - --- validation at epoch 246, val_loss 8.9053, val_mae 8.3046, val_rmse 11.5133, val_r2 0.8169, val_pearson 0.9061, lr 2.43e-06 ---
2026-09-30 22:13:02,422 - INFO - 
****************************************************************************************************
2026-09-30 22:13:04,183 - INFO - --- training epoch 247, loss 8.7401, mae 9.2286, rmse 12.9437, time elapsed(min) 0.02---
2026-09-30 22:13:04,435 - INFO - --- validation at epoch 247, val_loss 8.9059, val_mae 8.3050, val_rmse 11.5130, val_r2 0.8169, val_pearson 0.9061, lr 2.43e-06 ---
2026-09-30 22:13:04,435 - INFO - 
****************************************************************************************************
2026-09-30 22:13:06,225 - INFO - --- training epoch 248, loss 8.6483, mae 9.1343, rmse 12.8795, time elapsed(min) 0.02---
2026-09-30 22:13:06,859 - INFO - --- validation at epoch 248, val_loss 8.9041, val_mae 8.3055, val_rmse 11.5140, val_r2 0.8169, val_pearson 0.9061, lr 2.43e-06 ---
2026-09-30 22:13:06,859 - INFO - 
****************************************************************************************************
2026-09-30 22:13:08,526 - INFO - --- training epoch 249, loss 8.6553, mae 9.1428, rmse 12.9099, time elapsed(min) 0.02---
2026-09-30 22:13:08,783 - INFO - --- validation at epoch 249, val_loss 8.8988, val_mae 8.3026, val_rmse 11.5100, val_r2 0.8170, val_pearson 0.9062, lr 2.43e-06 ---
2026-09-30 22:13:08,783 - INFO - 
****************************************************************************************************
2026-09-30 22:13:10,234 - INFO - --- training epoch 250, loss 8.7430, mae 9.2290, rmse 13.0137, time elapsed(min) 0.02---
2026-09-30 22:13:10,479 - INFO - --- validation at epoch 250, val_loss 8.8786, val_mae 8.3084, val_rmse 11.5191, val_r2 0.8167, val_pearson 0.9061, lr 2.43e-06 ---
2026-09-30 22:13:10,479 - INFO - 
****************************************************************************************************
2026-09-30 22:13:12,128 - INFO - --- training epoch 251, loss 8.6921, mae 9.1761, rmse 12.9371, time elapsed(min) 0.02---
2026-09-30 22:13:12,361 - INFO - --- validation at epoch 251, val_loss 8.8709, val_mae 8.2978, val_rmse 11.5104, val_r2 0.8170, val_pearson 0.9062, lr 2.43e-06 ---
2026-09-30 22:13:12,361 - INFO - 
****************************************************************************************************
2026-09-30 22:13:14,076 - INFO - --- training epoch 252, loss 8.6007, mae 9.0856, rmse 12.9159, time elapsed(min) 0.02---
2026-09-30 22:13:14,302 - INFO - --- validation at epoch 252, val_loss 8.8814, val_mae 8.2980, val_rmse 11.5087, val_r2 0.8170, val_pearson 0.9062, lr 2.43e-06 ---
2026-09-30 22:13:14,302 - INFO - 
****************************************************************************************************
2026-09-30 22:13:16,092 - INFO - --- training epoch 253, loss 8.7246, mae 9.2095, rmse 13.1018, time elapsed(min) 0.02---
2026-09-30 22:13:16,753 - INFO - --- validation at epoch 253, val_loss 8.8777, val_mae 8.2916, val_rmse 11.5014, val_r2 0.8173, val_pearson 0.9063, lr 2.43e-06 ---
2026-09-30 22:13:16,753 - INFO - 
****************************************************************************************************
2026-09-30 22:13:18,408 - INFO - --- training epoch 254, loss 8.6137, mae 9.0991, rmse 12.9280, time elapsed(min) 0.02---
2026-09-30 22:13:18,631 - INFO - --- validation at epoch 254, val_loss 8.8583, val_mae 8.3038, val_rmse 11.5128, val_r2 0.8169, val_pearson 0.9062, lr 2.43e-06 ---
2026-09-30 22:13:18,631 - INFO - 
****************************************************************************************************
2026-09-30 22:13:20,274 - INFO - --- training epoch 255, loss 8.6381, mae 9.1239, rmse 12.8969, time elapsed(min) 0.02---
2026-09-30 22:13:20,511 - INFO - --- validation at epoch 255, val_loss 8.8553, val_mae 8.3013, val_rmse 11.5106, val_r2 0.8170, val_pearson 0.9062, lr 1.00e-06 ---
2026-09-30 22:13:20,511 - INFO - 
****************************************************************************************************
2026-09-30 22:13:22,187 - INFO - --- training epoch 256, loss 8.6332, mae 9.1183, rmse 12.8892, time elapsed(min) 0.02---
2026-09-30 22:13:22,455 - INFO - --- validation at epoch 256, val_loss 8.8578, val_mae 8.2982, val_rmse 11.5118, val_r2 0.8169, val_pearson 0.9062, lr 1.00e-06 ---
2026-09-30 22:13:22,455 - INFO - 
****************************************************************************************************
2026-09-30 22:13:24,305 - INFO - --- training epoch 257, loss 8.6327, mae 9.1158, rmse 13.0202, time elapsed(min) 0.02---
2026-09-30 22:13:24,547 - INFO - --- validation at epoch 257, val_loss 8.8587, val_mae 8.2986, val_rmse 11.5123, val_r2 0.8169, val_pearson 0.9062, lr 1.00e-06 ---
2026-09-30 22:13:24,547 - INFO - 
****************************************************************************************************
2026-09-30 22:13:26,555 - INFO - --- training epoch 258, loss 8.5563, mae 9.0422, rmse 12.8466, time elapsed(min) 0.03---
2026-09-30 22:13:26,829 - INFO - --- validation at epoch 258, val_loss 8.8563, val_mae 8.2952, val_rmse 11.5093, val_r2 0.8170, val_pearson 0.9063, lr 1.00e-06 ---
2026-09-30 22:13:26,829 - INFO - 
****************************************************************************************************
2026-09-30 22:13:28,213 - INFO - --- training epoch 259, loss 8.6101, mae 9.0974, rmse 12.8351, time elapsed(min) 0.01---
2026-09-30 22:13:28,483 - INFO - --- validation at epoch 259, val_loss 8.8685, val_mae 8.2976, val_rmse 11.5095, val_r2 0.8170, val_pearson 0.9063, lr 1.00e-06 ---
2026-09-30 22:13:28,483 - INFO - 
****************************************************************************************************
2026-09-30 22:13:30,151 - INFO - --- training epoch 260, loss 8.6732, mae 9.1586, rmse 12.8563, time elapsed(min) 0.02---
2026-09-30 22:13:30,385 - INFO - --- validation at epoch 260, val_loss 8.8696, val_mae 8.2972, val_rmse 11.5082, val_r2 0.8171, val_pearson 0.9062, lr 1.00e-06 ---
2026-09-30 22:13:30,385 - INFO - 
****************************************************************************************************
2026-09-30 22:13:30,870 - INFO - --- early stopping at epoch 260: val_loss did not improve for 50 epochs ---
2026-09-30 22:13:31,156 - INFO - --- selected checkpoint from epoch 210, val_loss 8.3426, val_mae 8.1469, val_rmse 11.2952
2026-09-30 22:13:32,020 - INFO - -- RESULT
2026-09-30 22:13:32,021 - INFO - --- test size: 1187
2026-09-30 22:13:32,021 - INFO - --- MAE: 9.1154 pp, RMSE: 12.9429 pp, R2: 0.7726, Pearson: 0.8813
2026-09-30 22:13:34,048 - INFO - --- Buchwald-Hartwig | fullcv04_split70 | current_model: test R2 0.7726 MAE 9.1154 RMSE 12.9429 | 512.6s (2.0s/epoch)
2026-09-30 22:13:34,089 - INFO - --- Buchwald-Hartwig | fullcv04_split70 | approach 3 (comb/linear) (comb/linear)
