2026-09-30 21:45:04,565 - INFO - device is	cuda:0
2026-09-30 21:45:04,680 - INFO - -- CONFIGURATIONS
2026-09-30 21:45:04,680 - INFO - --- train/valid/test: 2491/277/1187
2026-09-30 21:45:04,680 - INFO - --- max no. reactants_train, valid, test respectively: 6, 6, 6
2026-09-30 21:45:04,680 - INFO - --- max no. products_train, valid, test respectively: 1, 1, 1
2026-09-30 21:45:04,680 - INFO - --- model_path: ../logs/approach2_grid_bh/e400/runs/Buchwald-Hartwig_fullcv03_split70_approach_3/model.pt
2026-09-30 21:45:04,691 - INFO - -- TRAINING
2026-09-30 21:45:06,116 - INFO - --- training epoch 0, loss 23.7508, mae 24.2459, rmse 29.6324, time elapsed(min) 0.02---
2026-09-30 21:45:06,363 - INFO - --- validation at epoch 0, val_loss 22.3976, val_mae 23.5773, val_rmse 27.6832, val_r2 -0.0405, val_pearson -0.3902, lr 1.00e-03 ---
2026-09-30 21:45:06,363 - INFO - 
****************************************************************************************************
2026-09-30 21:45:08,197 - INFO - --- training epoch 1, loss 22.8880, mae 23.3846, rmse 28.1432, time elapsed(min) 0.02---
2026-09-30 21:45:08,456 - INFO - --- validation at epoch 1, val_loss 22.5572, val_mae 23.4435, val_rmse 28.4591, val_r2 -0.0997, val_pearson 0.1535, lr 1.00e-03 ---
2026-09-30 21:45:08,456 - INFO - 
****************************************************************************************************
2026-09-30 21:45:10,242 - INFO - --- training epoch 2, loss 22.5581, mae 23.0539, rmse 27.9698, time elapsed(min) 0.02---
2026-09-30 21:45:10,481 - INFO - --- validation at epoch 2, val_loss 23.7999, val_mae 24.4817, val_rmse 30.7010, val_r2 -0.2797, val_pearson 0.1914, lr 1.00e-03 ---
2026-09-30 21:45:10,482 - INFO - 
****************************************************************************************************
2026-09-30 21:45:12,559 - INFO - --- training epoch 3, loss 22.3987, mae 22.8947, rmse 27.6452, time elapsed(min) 0.03---
2026-09-30 21:45:12,789 - INFO - --- validation at epoch 3, val_loss 21.7066, val_mae 22.5954, val_rmse 26.2668, val_r2 0.0632, val_pearson 0.2537, lr 1.00e-03 ---
2026-09-30 21:45:12,790 - INFO - 
****************************************************************************************************
2026-09-30 21:45:14,229 - INFO - --- training epoch 4, loss 21.5554, mae 22.0503, rmse 26.5007, time elapsed(min) 0.02---
2026-09-30 21:45:14,471 - INFO - --- validation at epoch 4, val_loss 22.4314, val_mae 22.8474, val_rmse 27.9808, val_r2 -0.0630, val_pearson 0.2483, lr 1.00e-03 ---
2026-09-30 21:45:14,471 - INFO - 
****************************************************************************************************
2026-09-30 21:45:15,833 - INFO - --- training epoch 5, loss 20.8362, mae 21.3323, rmse 26.0026, time elapsed(min) 0.02---
2026-09-30 21:45:16,068 - INFO - --- validation at epoch 5, val_loss 21.8489, val_mae 22.0662, val_rmse 26.3415, val_r2 0.0579, val_pearson 0.2947, lr 1.00e-03 ---
2026-09-30 21:45:16,069 - INFO - 
****************************************************************************************************
2026-09-30 21:45:17,768 - INFO - --- training epoch 6, loss 21.5773, mae 22.0721, rmse 26.5658, time elapsed(min) 0.02---
2026-09-30 21:45:17,988 - INFO - --- validation at epoch 6, val_loss 21.1701, val_mae 22.0796, val_rmse 26.1793, val_r2 0.0695, val_pearson 0.3382, lr 1.00e-03 ---
2026-09-30 21:45:17,988 - INFO - 
****************************************************************************************************
2026-09-30 21:45:19,777 - INFO - --- training epoch 7, loss 21.2225, mae 21.7192, rmse 26.2812, time elapsed(min) 0.02---
2026-09-30 21:45:20,020 - INFO - --- validation at epoch 7, val_loss 21.7783, val_mae 22.3432, val_rmse 26.8742, val_r2 0.0194, val_pearson 0.2811, lr 1.00e-03 ---
2026-09-30 21:45:20,020 - INFO - 
****************************************************************************************************
2026-09-30 21:45:21,731 - INFO - --- training epoch 8, loss 20.9483, mae 21.4418, rmse 25.8763, time elapsed(min) 0.02---
2026-09-30 21:45:22,371 - INFO - --- validation at epoch 8, val_loss 19.9704, val_mae 20.8516, val_rmse 25.5159, val_r2 0.1160, val_pearson 0.3818, lr 1.00e-03 ---
2026-09-30 21:45:22,371 - INFO - 
****************************************************************************************************
2026-09-30 21:45:24,090 - INFO - --- training epoch 9, loss 20.3467, mae 20.8404, rmse 25.1835, time elapsed(min) 0.02---
2026-09-30 21:45:24,327 - INFO - --- validation at epoch 9, val_loss 19.4437, val_mae 20.7357, val_rmse 24.9536, val_r2 0.1546, val_pearson 0.4404, lr 1.00e-03 ---
2026-09-30 21:45:24,327 - INFO - 
****************************************************************************************************
2026-09-30 21:45:25,831 - INFO - --- training epoch 10, loss 22.3500, mae 22.8450, rmse 27.6947, time elapsed(min) 0.02---
2026-09-30 21:45:26,069 - INFO - --- validation at epoch 10, val_loss 21.6030, val_mae 22.5503, val_rmse 26.1613, val_r2 0.0708, val_pearson 0.3235, lr 1.00e-03 ---
2026-09-30 21:45:26,069 - INFO - 
****************************************************************************************************
2026-09-30 21:45:27,469 - INFO - --- training epoch 11, loss 21.5368, mae 22.0325, rmse 26.3128, time elapsed(min) 0.02---
2026-09-30 21:45:27,694 - INFO - --- validation at epoch 11, val_loss 20.9083, val_mae 21.6345, val_rmse 26.2723, val_r2 0.0629, val_pearson 0.3938, lr 1.00e-03 ---
2026-09-30 21:45:27,694 - INFO - 
****************************************************************************************************
2026-09-30 21:45:29,435 - INFO - --- training epoch 12, loss 20.9706, mae 21.4670, rmse 25.6259, time elapsed(min) 0.02---
2026-09-30 21:45:29,682 - INFO - --- validation at epoch 12, val_loss 20.4708, val_mae 21.0645, val_rmse 25.6962, val_r2 0.1035, val_pearson 0.4736, lr 1.00e-03 ---
2026-09-30 21:45:29,682 - INFO - 
****************************************************************************************************
2026-09-30 21:45:31,442 - INFO - --- training epoch 13, loss 19.9789, mae 20.4743, rmse 24.9606, time elapsed(min) 0.02---
2026-09-30 21:45:31,688 - INFO - --- validation at epoch 13, val_loss 19.7944, val_mae 20.1312, val_rmse 24.7677, val_r2 0.1671, val_pearson 0.4875, lr 1.00e-03 ---
2026-09-30 21:45:31,688 - INFO - 
****************************************************************************************************
2026-09-30 21:45:33,313 - INFO - --- training epoch 14, loss 20.1011, mae 20.5960, rmse 24.9743, time elapsed(min) 0.02---
2026-09-30 21:45:33,562 - INFO - --- validation at epoch 14, val_loss 19.0217, val_mae 19.0954, val_rmse 23.8936, val_r2 0.2249, val_pearson 0.5042, lr 1.00e-03 ---
2026-09-30 21:45:33,562 - INFO - 
****************************************************************************************************
2026-09-30 21:45:35,029 - INFO - --- training epoch 15, loss 19.8017, mae 20.2976, rmse 24.7583, time elapsed(min) 0.02---
2026-09-30 21:45:35,266 - INFO - --- validation at epoch 15, val_loss 19.0048, val_mae 19.7322, val_rmse 23.8826, val_r2 0.2256, val_pearson 0.4942, lr 1.00e-03 ---
2026-09-30 21:45:35,266 - INFO - 
****************************************************************************************************
2026-09-30 21:45:36,756 - INFO - --- training epoch 16, loss 19.8280, mae 20.3236, rmse 24.5434, time elapsed(min) 0.02---
2026-09-30 21:45:36,992 - INFO - --- validation at epoch 16, val_loss 19.2047, val_mae 19.7648, val_rmse 24.1060, val_r2 0.2110, val_pearson 0.4707, lr 1.00e-03 ---
2026-09-30 21:45:36,992 - INFO - 
****************************************************************************************************
2026-09-30 21:45:38,750 - INFO - --- training epoch 17, loss 19.8203, mae 20.3167, rmse 24.6912, time elapsed(min) 0.02---
2026-09-30 21:45:38,978 - INFO - --- validation at epoch 17, val_loss 19.2877, val_mae 19.7466, val_rmse 24.0753, val_r2 0.2130, val_pearson 0.4779, lr 1.00e-03 ---
2026-09-30 21:45:38,978 - INFO - 
****************************************************************************************************
2026-09-30 21:45:40,988 - INFO - --- training epoch 18, loss 19.6741, mae 20.1698, rmse 24.6209, time elapsed(min) 0.03---
2026-09-30 21:45:41,238 - INFO - --- validation at epoch 18, val_loss 18.7995, val_mae 19.1904, val_rmse 23.3705, val_r2 0.2584, val_pearson 0.5239, lr 1.00e-03 ---
2026-09-30 21:45:41,238 - INFO - 
****************************************************************************************************
2026-09-30 21:45:43,224 - INFO - --- training epoch 19, loss 19.1562, mae 19.6511, rmse 24.3530, time elapsed(min) 0.02---
2026-09-30 21:45:43,840 - INFO - --- validation at epoch 19, val_loss 18.0761, val_mae 18.4862, val_rmse 22.7996, val_r2 0.2942, val_pearson 0.5586, lr 1.00e-03 ---
2026-09-30 21:45:43,840 - INFO - 
****************************************************************************************************
2026-09-30 21:45:45,584 - INFO - --- training epoch 20, loss 19.6044, mae 20.1002, rmse 24.6208, time elapsed(min) 0.02---
2026-09-30 21:45:45,833 - INFO - --- validation at epoch 20, val_loss 19.7099, val_mae 19.8500, val_rmse 24.5116, val_r2 0.1842, val_pearson 0.5059, lr 1.00e-03 ---
2026-09-30 21:45:45,834 - INFO - 
****************************************************************************************************
2026-09-30 21:45:47,213 - INFO - --- training epoch 21, loss 18.5651, mae 19.0591, rmse 23.7012, time elapsed(min) 0.02---
2026-09-30 21:45:47,459 - INFO - --- validation at epoch 21, val_loss 18.7681, val_mae 18.2960, val_rmse 22.5407, val_r2 0.3102, val_pearson 0.5679, lr 1.00e-03 ---
2026-09-30 21:45:47,459 - INFO - 
****************************************************************************************************
2026-09-30 21:45:49,069 - INFO - --- training epoch 22, loss 18.0939, mae 18.5875, rmse 23.0880, time elapsed(min) 0.02---
2026-09-30 21:45:49,304 - INFO - --- validation at epoch 22, val_loss 16.8210, val_mae 17.1559, val_rmse 21.2826, val_r2 0.3850, val_pearson 0.6229, lr 1.00e-03 ---
2026-09-30 21:45:49,304 - INFO - 
****************************************************************************************************
2026-09-30 21:45:51,066 - INFO - --- training epoch 23, loss 16.6841, mae 17.1776, rmse 21.5243, time elapsed(min) 0.02---
2026-09-30 21:45:51,313 - INFO - --- validation at epoch 23, val_loss 16.8043, val_mae 16.6780, val_rmse 20.7460, val_r2 0.4156, val_pearson 0.6874, lr 1.00e-03 ---
2026-09-30 21:45:51,313 - INFO - 
****************************************************************************************************
2026-09-30 21:45:53,188 - INFO - --- training epoch 24, loss 16.4794, mae 16.9721, rmse 21.4639, time elapsed(min) 0.02---
2026-09-30 21:45:53,416 - INFO - --- validation at epoch 24, val_loss 15.6127, val_mae 16.0250, val_rmse 19.9036, val_r2 0.4621, val_pearson 0.6946, lr 1.00e-03 ---
2026-09-30 21:45:53,417 - INFO - 
****************************************************************************************************
2026-09-30 21:45:55,534 - INFO - --- training epoch 25, loss 16.7353, mae 17.2300, rmse 21.5466, time elapsed(min) 0.03---
2026-09-30 21:45:55,799 - INFO - --- validation at epoch 25, val_loss 16.1096, val_mae 16.3564, val_rmse 20.5085, val_r2 0.4289, val_pearson 0.6837, lr 1.00e-03 ---
2026-09-30 21:45:55,799 - INFO - 
****************************************************************************************************
2026-09-30 21:45:57,214 - INFO - --- training epoch 26, loss 16.5268, mae 17.0196, rmse 21.2179, time elapsed(min) 0.02---
2026-09-30 21:45:57,457 - INFO - --- validation at epoch 26, val_loss 15.8129, val_mae 17.0528, val_rmse 21.2027, val_r2 0.3896, val_pearson 0.6317, lr 1.00e-03 ---
2026-09-30 21:45:57,457 - INFO - 
****************************************************************************************************
2026-09-30 21:45:58,867 - INFO - --- training epoch 27, loss 15.9539, mae 16.4466, rmse 21.0311, time elapsed(min) 0.02---
2026-09-30 21:45:59,100 - INFO - --- validation at epoch 27, val_loss 14.6290, val_mae 15.3676, val_rmse 19.2329, val_r2 0.4978, val_pearson 0.7136, lr 1.00e-03 ---
2026-09-30 21:45:59,100 - INFO - 
****************************************************************************************************
2026-09-30 21:46:01,083 - INFO - --- training epoch 28, loss 15.6988, mae 16.1909, rmse 20.5512, time elapsed(min) 0.02---
2026-09-30 21:46:01,318 - INFO - --- validation at epoch 28, val_loss 14.6380, val_mae 16.1110, val_rmse 20.2402, val_r2 0.4438, val_pearson 0.7019, lr 1.00e-03 ---
2026-09-30 21:46:01,319 - INFO - 
****************************************************************************************************
2026-09-30 21:46:03,047 - INFO - --- training epoch 29, loss 15.5567, mae 16.0496, rmse 20.4884, time elapsed(min) 0.02---
2026-09-30 21:46:03,320 - INFO - --- validation at epoch 29, val_loss 14.1881, val_mae 15.1070, val_rmse 19.0726, val_r2 0.5061, val_pearson 0.7154, lr 1.00e-03 ---
2026-09-30 21:46:03,320 - INFO - 
****************************************************************************************************
2026-09-30 21:46:05,412 - INFO - --- training epoch 30, loss 15.5489, mae 16.0437, rmse 20.5759, time elapsed(min) 0.03---
2026-09-30 21:46:05,665 - INFO - --- validation at epoch 30, val_loss 14.9025, val_mae 15.4221, val_rmse 19.8950, val_r2 0.4626, val_pearson 0.6830, lr 1.00e-03 ---
2026-09-30 21:46:05,665 - INFO - 
****************************************************************************************************
2026-09-30 21:46:07,100 - INFO - --- training epoch 31, loss 16.1383, mae 16.6309, rmse 21.2248, time elapsed(min) 0.02---
2026-09-30 21:46:07,341 - INFO - --- validation at epoch 31, val_loss 14.7021, val_mae 16.1032, val_rmse 20.5839, val_r2 0.4247, val_pearson 0.7005, lr 1.00e-03 ---
2026-09-30 21:46:07,341 - INFO - 
****************************************************************************************************
2026-09-30 21:46:08,763 - INFO - --- training epoch 32, loss 15.4637, mae 15.9560, rmse 20.6477, time elapsed(min) 0.02---
2026-09-30 21:46:08,994 - INFO - --- validation at epoch 32, val_loss 15.5492, val_mae 16.0966, val_rmse 20.3280, val_r2 0.4389, val_pearson 0.6972, lr 1.00e-03 ---
2026-09-30 21:46:08,995 - INFO - 
****************************************************************************************************
2026-09-30 21:46:10,688 - INFO - --- training epoch 33, loss 15.3905, mae 15.8817, rmse 20.3820, time elapsed(min) 0.02---
2026-09-30 21:46:10,925 - INFO - --- validation at epoch 33, val_loss 14.8886, val_mae 15.0588, val_rmse 19.0395, val_r2 0.5078, val_pearson 0.7234, lr 1.00e-03 ---
2026-09-30 21:46:10,925 - INFO - 
****************************************************************************************************
2026-09-30 21:46:12,760 - INFO - --- training epoch 34, loss 15.0523, mae 15.5426, rmse 20.1458, time elapsed(min) 0.02---
2026-09-30 21:46:13,059 - INFO - --- validation at epoch 34, val_loss 14.4561, val_mae 15.7353, val_rmse 20.1268, val_r2 0.4500, val_pearson 0.7126, lr 1.00e-03 ---
2026-09-30 21:46:13,059 - INFO - 
****************************************************************************************************
2026-09-30 21:46:14,813 - INFO - --- training epoch 35, loss 14.9819, mae 15.4736, rmse 19.9455, time elapsed(min) 0.02---
2026-09-30 21:46:15,387 - INFO - --- validation at epoch 35, val_loss 13.7873, val_mae 15.0028, val_rmse 19.2612, val_r2 0.4963, val_pearson 0.7126, lr 1.00e-03 ---
2026-09-30 21:46:15,387 - INFO - 
****************************************************************************************************
2026-09-30 21:46:17,150 - INFO - --- training epoch 36, loss 14.7758, mae 15.2656, rmse 19.8262, time elapsed(min) 0.02---
2026-09-30 21:46:17,452 - INFO - --- validation at epoch 36, val_loss 15.2692, val_mae 15.2841, val_rmse 19.9748, val_r2 0.4583, val_pearson 0.7156, lr 1.00e-03 ---
2026-09-30 21:46:17,452 - INFO - 
****************************************************************************************************
2026-09-30 21:46:18,835 - INFO - --- training epoch 37, loss 15.1972, mae 15.6880, rmse 20.4080, time elapsed(min) 0.02---
2026-09-30 21:46:19,097 - INFO - --- validation at epoch 37, val_loss 13.5920, val_mae 15.0946, val_rmse 19.8186, val_r2 0.4667, val_pearson 0.6997, lr 1.00e-03 ---
2026-09-30 21:46:19,097 - INFO - 
****************************************************************************************************
2026-09-30 21:46:20,878 - INFO - --- training epoch 38, loss 14.8089, mae 15.3001, rmse 19.7139, time elapsed(min) 0.02---
2026-09-30 21:46:21,175 - INFO - --- validation at epoch 38, val_loss 14.2793, val_mae 14.6562, val_rmse 18.8513, val_r2 0.5175, val_pearson 0.7224, lr 1.00e-03 ---
2026-09-30 21:46:21,175 - INFO - 
****************************************************************************************************
2026-09-30 21:46:23,117 - INFO - --- training epoch 39, loss 14.5916, mae 15.0816, rmse 19.7043, time elapsed(min) 0.02---
2026-09-30 21:46:23,388 - INFO - --- validation at epoch 39, val_loss 14.0479, val_mae 15.3781, val_rmse 19.3795, val_r2 0.4901, val_pearson 0.7148, lr 1.00e-03 ---
2026-09-30 21:46:23,389 - INFO - 
****************************************************************************************************
2026-09-30 21:46:25,172 - INFO - --- training epoch 40, loss 14.5187, mae 15.0097, rmse 19.4430, time elapsed(min) 0.02---
2026-09-30 21:46:25,757 - INFO - --- validation at epoch 40, val_loss 13.4245, val_mae 14.3303, val_rmse 18.9169, val_r2 0.5141, val_pearson 0.7184, lr 1.00e-03 ---
2026-09-30 21:46:25,757 - INFO - 
****************************************************************************************************
2026-09-30 21:46:27,462 - INFO - --- training epoch 41, loss 14.2758, mae 14.7660, rmse 19.3927, time elapsed(min) 0.02---
2026-09-30 21:46:27,704 - INFO - --- validation at epoch 41, val_loss 14.7049, val_mae 14.8753, val_rmse 19.6891, val_r2 0.4737, val_pearson 0.7156, lr 1.00e-03 ---
2026-09-30 21:46:27,704 - INFO - 
****************************************************************************************************
2026-09-30 21:46:29,138 - INFO - --- training epoch 42, loss 14.2143, mae 14.7033, rmse 19.5967, time elapsed(min) 0.02---
2026-09-30 21:46:29,412 - INFO - --- validation at epoch 42, val_loss 13.4645, val_mae 14.1882, val_rmse 18.6947, val_r2 0.5255, val_pearson 0.7286, lr 1.00e-03 ---
2026-09-30 21:46:29,413 - INFO - 
****************************************************************************************************
2026-09-30 21:46:31,100 - INFO - --- training epoch 43, loss 15.6469, mae 16.1388, rmse 21.2847, time elapsed(min) 0.02---
2026-09-30 21:46:31,348 - INFO - --- validation at epoch 43, val_loss 14.7555, val_mae 15.1287, val_rmse 20.0202, val_r2 0.4558, val_pearson 0.6808, lr 1.00e-03 ---
2026-09-30 21:46:31,348 - INFO - 
****************************************************************************************************
2026-09-30 21:46:33,283 - INFO - --- training epoch 44, loss 15.2729, mae 15.7645, rmse 20.8138, time elapsed(min) 0.02---
2026-09-30 21:46:33,506 - INFO - --- validation at epoch 44, val_loss 13.4998, val_mae 14.7025, val_rmse 18.7962, val_r2 0.5203, val_pearson 0.7317, lr 1.00e-03 ---
2026-09-30 21:46:33,506 - INFO - 
****************************************************************************************************
2026-09-30 21:46:35,316 - INFO - --- training epoch 45, loss 14.4679, mae 14.9590, rmse 19.6493, time elapsed(min) 0.02---
2026-09-30 21:46:35,560 - INFO - --- validation at epoch 45, val_loss 13.7286, val_mae 14.2455, val_rmse 18.1483, val_r2 0.5528, val_pearson 0.7457, lr 1.00e-03 ---
2026-09-30 21:46:35,560 - INFO - 
****************************************************************************************************
2026-09-30 21:46:37,205 - INFO - --- training epoch 46, loss 14.2820, mae 14.7746, rmse 19.5413, time elapsed(min) 0.02---
2026-09-30 21:46:37,464 - INFO - --- validation at epoch 46, val_loss 13.4644, val_mae 14.2756, val_rmse 18.6765, val_r2 0.5264, val_pearson 0.7300, lr 1.00e-03 ---
2026-09-30 21:46:37,464 - INFO - 
****************************************************************************************************
2026-09-30 21:46:38,881 - INFO - --- training epoch 47, loss 14.0759, mae 14.5681, rmse 19.1646, time elapsed(min) 0.02---
2026-09-30 21:46:39,134 - INFO - --- validation at epoch 47, val_loss 13.2613, val_mae 13.9148, val_rmse 17.8094, val_r2 0.5694, val_pearson 0.7608, lr 1.00e-03 ---
2026-09-30 21:46:39,134 - INFO - 
****************************************************************************************************
2026-09-30 21:46:40,866 - INFO - --- training epoch 48, loss 14.1883, mae 14.6770, rmse 19.3254, time elapsed(min) 0.02---
2026-09-30 21:46:41,102 - INFO - --- validation at epoch 48, val_loss 13.4555, val_mae 13.8894, val_rmse 18.1439, val_r2 0.5530, val_pearson 0.7535, lr 1.00e-03 ---
2026-09-30 21:46:41,102 - INFO - 
****************************************************************************************************
2026-09-30 21:46:42,801 - INFO - --- training epoch 49, loss 13.9141, mae 14.4046, rmse 19.1493, time elapsed(min) 0.02---
2026-09-30 21:46:43,057 - INFO - --- validation at epoch 49, val_loss 13.2004, val_mae 13.6152, val_rmse 17.6946, val_r2 0.5749, val_pearson 0.7612, lr 1.00e-03 ---
2026-09-30 21:46:43,057 - INFO - 
****************************************************************************************************
2026-09-30 21:46:44,903 - INFO - --- training epoch 50, loss 13.6794, mae 14.1703, rmse 18.9598, time elapsed(min) 0.02---
2026-09-30 21:46:45,193 - INFO - --- validation at epoch 50, val_loss 13.5589, val_mae 14.3226, val_rmse 18.8804, val_r2 0.5160, val_pearson 0.7587, lr 1.00e-03 ---
2026-09-30 21:46:45,193 - INFO - 
****************************************************************************************************
2026-09-30 21:46:47,332 - INFO - --- training epoch 51, loss 13.8027, mae 14.2947, rmse 18.9367, time elapsed(min) 0.03---
2026-09-30 21:46:47,586 - INFO - --- validation at epoch 51, val_loss 13.1872, val_mae 13.2621, val_rmse 17.5646, val_r2 0.5811, val_pearson 0.7755, lr 1.00e-03 ---
2026-09-30 21:46:47,586 - INFO - 
****************************************************************************************************
2026-09-30 21:46:49,027 - INFO - --- training epoch 52, loss 13.3894, mae 13.8797, rmse 18.8057, time elapsed(min) 0.01---
2026-09-30 21:46:49,286 - INFO - --- validation at epoch 52, val_loss 12.7624, val_mae 13.5131, val_rmse 18.3683, val_r2 0.5419, val_pearson 0.7557, lr 1.00e-03 ---
2026-09-30 21:46:49,286 - INFO - 
****************************************************************************************************
2026-09-30 21:46:51,088 - INFO - --- training epoch 53, loss 13.2287, mae 13.7182, rmse 18.7628, time elapsed(min) 0.02---
2026-09-30 21:46:51,321 - INFO - --- validation at epoch 53, val_loss 13.1596, val_mae 13.2504, val_rmse 17.7396, val_r2 0.5727, val_pearson 0.7654, lr 1.00e-03 ---
2026-09-30 21:46:51,321 - INFO - 
****************************************************************************************************
2026-09-30 21:46:53,022 - INFO - --- training epoch 54, loss 14.6292, mae 15.1213, rmse 19.9431, time elapsed(min) 0.02---
2026-09-30 21:46:53,266 - INFO - --- validation at epoch 54, val_loss 13.7410, val_mae 13.8930, val_rmse 18.0847, val_r2 0.5559, val_pearson 0.7471, lr 1.00e-03 ---
2026-09-30 21:46:53,266 - INFO - 
****************************************************************************************************
2026-09-30 21:46:54,992 - INFO - --- training epoch 55, loss 13.4674, mae 13.9567, rmse 18.4646, time elapsed(min) 0.02---
2026-09-30 21:46:55,292 - INFO - --- validation at epoch 55, val_loss 12.9630, val_mae 12.8538, val_rmse 17.6128, val_r2 0.5788, val_pearson 0.7903, lr 1.00e-03 ---
2026-09-30 21:46:55,292 - INFO - 
****************************************************************************************************
2026-09-30 21:46:57,275 - INFO - --- training epoch 56, loss 12.9488, mae 13.4381, rmse 18.2394, time elapsed(min) 0.03---
2026-09-30 21:46:57,511 - INFO - --- validation at epoch 56, val_loss 13.1285, val_mae 13.0611, val_rmse 17.9903, val_r2 0.5606, val_pearson 0.7622, lr 1.00e-03 ---
2026-09-30 21:46:57,512 - INFO - 
****************************************************************************************************
2026-09-30 21:46:58,936 - INFO - --- training epoch 57, loss 14.5628, mae 15.0546, rmse 20.1757, time elapsed(min) 0.02---
2026-09-30 21:46:59,200 - INFO - --- validation at epoch 57, val_loss 15.2678, val_mae 14.8822, val_rmse 18.6829, val_r2 0.5261, val_pearson 0.7357, lr 1.00e-03 ---
2026-09-30 21:46:59,200 - INFO - 
****************************************************************************************************
2026-09-30 21:47:00,830 - INFO - --- training epoch 58, loss 14.1074, mae 14.5997, rmse 19.1943, time elapsed(min) 0.02---
2026-09-30 21:47:01,069 - INFO - --- validation at epoch 58, val_loss 11.8229, val_mae 11.9057, val_rmse 16.0198, val_r2 0.6516, val_pearson 0.8102, lr 1.00e-03 ---
2026-09-30 21:47:01,069 - INFO - 
****************************************************************************************************
2026-09-30 21:47:03,075 - INFO - --- training epoch 59, loss 12.6792, mae 13.1697, rmse 17.5478, time elapsed(min) 0.02---
2026-09-30 21:47:03,327 - INFO - --- validation at epoch 59, val_loss 11.9807, val_mae 11.7710, val_rmse 16.0538, val_r2 0.6501, val_pearson 0.8072, lr 1.00e-03 ---
2026-09-30 21:47:03,327 - INFO - 
****************************************************************************************************
2026-09-30 21:47:05,256 - INFO - --- training epoch 60, loss 12.8090, mae 13.2987, rmse 18.0820, time elapsed(min) 0.02---
2026-09-30 21:47:05,522 - INFO - --- validation at epoch 60, val_loss 11.9850, val_mae 12.2229, val_rmse 16.9176, val_r2 0.6114, val_pearson 0.7872, lr 1.00e-03 ---
2026-09-30 21:47:05,522 - INFO - 
****************************************************************************************************
2026-09-30 21:47:07,378 - INFO - --- training epoch 61, loss 12.5454, mae 13.0354, rmse 17.2924, time elapsed(min) 0.02---
2026-09-30 21:47:08,041 - INFO - --- validation at epoch 61, val_loss 14.4724, val_mae 14.3339, val_rmse 20.6384, val_r2 0.4217, val_pearson 0.7832, lr 1.00e-03 ---
2026-09-30 21:47:08,042 - INFO - 
****************************************************************************************************
2026-09-30 21:47:09,717 - INFO - --- training epoch 62, loss 12.2708, mae 12.7586, rmse 17.1986, time elapsed(min) 0.01---
2026-09-30 21:47:09,980 - INFO - --- validation at epoch 62, val_loss 12.2537, val_mae 11.5081, val_rmse 15.7902, val_r2 0.6615, val_pearson 0.8262, lr 1.00e-03 ---
2026-09-30 21:47:09,980 - INFO - 
****************************************************************************************************
2026-09-30 21:47:11,691 - INFO - --- training epoch 63, loss 11.8127, mae 12.3008, rmse 16.6334, time elapsed(min) 0.02---
2026-09-30 21:47:11,965 - INFO - --- validation at epoch 63, val_loss 10.6249, val_mae 10.6210, val_rmse 14.8386, val_r2 0.7010, val_pearson 0.8378, lr 1.00e-03 ---
2026-09-30 21:47:11,966 - INFO - 
****************************************************************************************************
2026-09-30 21:47:13,758 - INFO - --- training epoch 64, loss 13.5797, mae 14.0709, rmse 19.1254, time elapsed(min) 0.02---
2026-09-30 21:47:13,987 - INFO - --- validation at epoch 64, val_loss 14.1248, val_mae 15.2599, val_rmse 19.6927, val_r2 0.4735, val_pearson 0.6939, lr 1.00e-03 ---
2026-09-30 21:47:13,987 - INFO - 
****************************************************************************************************
2026-09-30 21:47:15,740 - INFO - --- training epoch 65, loss 14.7730, mae 15.2640, rmse 19.9411, time elapsed(min) 0.02---
2026-09-30 21:47:15,957 - INFO - --- validation at epoch 65, val_loss 13.4175, val_mae 14.5975, val_rmse 18.7987, val_r2 0.5202, val_pearson 0.7241, lr 1.00e-03 ---
2026-09-30 21:47:15,957 - INFO - 
****************************************************************************************************
2026-09-30 21:47:17,976 - INFO - --- training epoch 66, loss 13.9563, mae 14.4459, rmse 19.1159, time elapsed(min) 0.03---
2026-09-30 21:47:18,251 - INFO - --- validation at epoch 66, val_loss 13.0506, val_mae 13.4307, val_rmse 18.0939, val_r2 0.5555, val_pearson 0.7464, lr 1.00e-03 ---
2026-09-30 21:47:18,251 - INFO - 
****************************************************************************************************
2026-09-30 21:47:19,661 - INFO - --- training epoch 67, loss 13.5124, mae 14.0042, rmse 18.6205, time elapsed(min) 0.02---
2026-09-30 21:47:19,902 - INFO - --- validation at epoch 67, val_loss 12.4456, val_mae 12.9509, val_rmse 17.1590, val_r2 0.6002, val_pearson 0.7790, lr 1.00e-03 ---
2026-09-30 21:47:19,902 - INFO - 
****************************************************************************************************
2026-09-30 21:47:21,298 - INFO - --- training epoch 68, loss 12.8007, mae 13.2927, rmse 17.6447, time elapsed(min) 0.02---
2026-09-30 21:47:21,565 - INFO - --- validation at epoch 68, val_loss 11.4629, val_mae 11.7124, val_rmse 15.4829, val_r2 0.6745, val_pearson 0.8283, lr 1.00e-03 ---
2026-09-30 21:47:21,565 - INFO - 
****************************************************************************************************
2026-09-30 21:47:23,462 - INFO - --- training epoch 69, loss 12.5926, mae 13.0820, rmse 17.4906, time elapsed(min) 0.02---
2026-09-30 21:47:23,738 - INFO - --- validation at epoch 69, val_loss 10.6709, val_mae 10.9169, val_rmse 15.4780, val_r2 0.6747, val_pearson 0.8232, lr 1.00e-03 ---
2026-09-30 21:47:23,738 - INFO - 
****************************************************************************************************
2026-09-30 21:47:25,531 - INFO - --- training epoch 70, loss 12.4063, mae 12.8949, rmse 17.4879, time elapsed(min) 0.02---
2026-09-30 21:47:25,758 - INFO - --- validation at epoch 70, val_loss 12.2194, val_mae 12.2792, val_rmse 17.2971, val_r2 0.5938, val_pearson 0.8164, lr 1.00e-03 ---
2026-09-30 21:47:25,758 - INFO - 
****************************************************************************************************
2026-09-30 21:47:27,830 - INFO - --- training epoch 71, loss 12.2176, mae 12.7074, rmse 17.4016, time elapsed(min) 0.03---
2026-09-30 21:47:28,083 - INFO - --- validation at epoch 71, val_loss 12.3136, val_mae 12.2914, val_rmse 17.1710, val_r2 0.5997, val_pearson 0.8040, lr 1.00e-03 ---
2026-09-30 21:47:28,083 - INFO - 
****************************************************************************************************
2026-09-30 21:47:29,500 - INFO - --- training epoch 72, loss 11.2792, mae 11.7676, rmse 16.0365, time elapsed(min) 0.02---
2026-09-30 21:47:29,746 - INFO - --- validation at epoch 72, val_loss 11.1121, val_mae 11.0820, val_rmse 15.2760, val_r2 0.6832, val_pearson 0.8286, lr 1.00e-03 ---
2026-09-30 21:47:29,746 - INFO - 
****************************************************************************************************
2026-09-30 21:47:31,154 - INFO - --- training epoch 73, loss 10.9144, mae 11.4026, rmse 15.6737, time elapsed(min) 0.02---
2026-09-30 21:47:31,411 - INFO - --- validation at epoch 73, val_loss 9.7693, val_mae 9.9240, val_rmse 14.9470, val_r2 0.6967, val_pearson 0.8410, lr 1.00e-03 ---
2026-09-30 21:47:31,411 - INFO - 
****************************************************************************************************
2026-09-30 21:47:33,372 - INFO - --- training epoch 74, loss 11.0180, mae 11.5058, rmse 15.9427, time elapsed(min) 0.02---
2026-09-30 21:47:33,612 - INFO - --- validation at epoch 74, val_loss 11.2213, val_mae 11.0260, val_rmse 15.0217, val_r2 0.6936, val_pearson 0.8483, lr 1.00e-03 ---
2026-09-30 21:47:33,612 - INFO - 
****************************************************************************************************
2026-09-30 21:47:35,317 - INFO - --- training epoch 75, loss 11.2504, mae 11.7381, rmse 16.0741, time elapsed(min) 0.02---
2026-09-30 21:47:35,574 - INFO - --- validation at epoch 75, val_loss 11.0476, val_mae 10.8017, val_rmse 14.8738, val_r2 0.6996, val_pearson 0.8401, lr 1.00e-03 ---
2026-09-30 21:47:35,574 - INFO - 
****************************************************************************************************
2026-09-30 21:47:37,631 - INFO - --- training epoch 76, loss 10.5912, mae 11.0791, rmse 15.2576, time elapsed(min) 0.03---
2026-09-30 21:47:37,904 - INFO - --- validation at epoch 76, val_loss 10.8588, val_mae 10.1255, val_rmse 14.5713, val_r2 0.7117, val_pearson 0.8494, lr 1.00e-03 ---
2026-09-30 21:47:37,904 - INFO - 
****************************************************************************************************
2026-09-30 21:47:39,315 - INFO - --- training epoch 77, loss 10.1084, mae 10.5981, rmse 14.8391, time elapsed(min) 0.02---
2026-09-30 21:47:39,563 - INFO - --- validation at epoch 77, val_loss 10.0322, val_mae 9.5789, val_rmse 13.5727, val_r2 0.7499, val_pearson 0.8690, lr 1.00e-03 ---
2026-09-30 21:47:39,563 - INFO - 
****************************************************************************************************
2026-09-30 21:47:40,982 - INFO - --- training epoch 78, loss 9.9470, mae 10.4338, rmse 14.6847, time elapsed(min) 0.02---
2026-09-30 21:47:41,233 - INFO - --- validation at epoch 78, val_loss 11.9329, val_mae 11.4180, val_rmse 15.6398, val_r2 0.6679, val_pearson 0.8516, lr 1.00e-03 ---
2026-09-30 21:47:41,234 - INFO - 
****************************************************************************************************
2026-09-30 21:47:42,942 - INFO - --- training epoch 79, loss 10.2502, mae 10.7375, rmse 14.7601, time elapsed(min) 0.02---
2026-09-30 21:47:43,200 - INFO - --- validation at epoch 79, val_loss 10.4087, val_mae 9.6653, val_rmse 13.8165, val_r2 0.7408, val_pearson 0.8654, lr 1.00e-03 ---
2026-09-30 21:47:43,200 - INFO - 
****************************************************************************************************
2026-09-30 21:47:44,971 - INFO - --- training epoch 80, loss 9.9553, mae 10.4456, rmse 14.5210, time elapsed(min) 0.02---
2026-09-30 21:47:45,229 - INFO - --- validation at epoch 80, val_loss 10.2066, val_mae 9.5062, val_rmse 13.6423, val_r2 0.7473, val_pearson 0.8688, lr 1.00e-03 ---
2026-09-30 21:47:45,229 - INFO - 
****************************************************************************************************
2026-09-30 21:47:47,225 - INFO - --- training epoch 81, loss 9.8337, mae 10.3194, rmse 14.4786, time elapsed(min) 0.03---
2026-09-30 21:47:47,455 - INFO - --- validation at epoch 81, val_loss 10.2025, val_mae 9.5491, val_rmse 13.6806, val_r2 0.7459, val_pearson 0.8646, lr 1.00e-03 ---
2026-09-30 21:47:47,455 - INFO - 
****************************************************************************************************
2026-09-30 21:47:48,900 - INFO - --- training epoch 82, loss 9.4120, mae 9.8973, rmse 14.0856, time elapsed(min) 0.02---
2026-09-30 21:47:49,164 - INFO - --- validation at epoch 82, val_loss 10.9908, val_mae 10.0917, val_rmse 14.5791, val_r2 0.7114, val_pearson 0.8549, lr 1.00e-03 ---
2026-09-30 21:47:49,164 - INFO - 
****************************************************************************************************
2026-09-30 21:47:50,574 - INFO - --- training epoch 83, loss 9.8665, mae 10.3540, rmse 14.5558, time elapsed(min) 0.02---
2026-09-30 21:47:50,831 - INFO - --- validation at epoch 83, val_loss 10.8466, val_mae 10.5925, val_rmse 14.6680, val_r2 0.7079, val_pearson 0.8416, lr 1.00e-03 ---
2026-09-30 21:47:50,831 - INFO - 
****************************************************************************************************
2026-09-30 21:47:52,653 - INFO - --- training epoch 84, loss 9.8978, mae 10.3837, rmse 14.6313, time elapsed(min) 0.02---
2026-09-30 21:47:52,906 - INFO - --- validation at epoch 84, val_loss 9.5454, val_mae 9.7212, val_rmse 14.2831, val_r2 0.7230, val_pearson 0.8552, lr 1.00e-03 ---
2026-09-30 21:47:52,906 - INFO - 
****************************************************************************************************
2026-09-30 21:47:54,794 - INFO - --- training epoch 85, loss 9.5555, mae 10.0412, rmse 14.3780, time elapsed(min) 0.02---
2026-09-30 21:47:55,034 - INFO - --- validation at epoch 85, val_loss 9.8734, val_mae 9.7500, val_rmse 14.0994, val_r2 0.7301, val_pearson 0.8546, lr 1.00e-03 ---
2026-09-30 21:47:55,034 - INFO - 
****************************************************************************************************
2026-09-30 21:47:57,093 - INFO - --- training epoch 86, loss 10.6586, mae 11.1471, rmse 15.2138, time elapsed(min) 0.03---
2026-09-30 21:47:57,359 - INFO - --- validation at epoch 86, val_loss 9.5795, val_mae 9.5964, val_rmse 13.5641, val_r2 0.7502, val_pearson 0.8763, lr 1.00e-03 ---
2026-09-30 21:47:57,359 - INFO - 
****************************************************************************************************
2026-09-30 21:47:58,776 - INFO - --- training epoch 87, loss 9.8770, mae 10.3645, rmse 14.4517, time elapsed(min) 0.02---
2026-09-30 21:47:59,038 - INFO - --- validation at epoch 87, val_loss 10.7338, val_mae 10.0409, val_rmse 14.4229, val_r2 0.7176, val_pearson 0.8532, lr 1.00e-03 ---
2026-09-30 21:47:59,038 - INFO - 
****************************************************************************************************
2026-09-30 21:48:00,476 - INFO - --- training epoch 88, loss 9.6205, mae 10.1080, rmse 14.4865, time elapsed(min) 0.02---
2026-09-30 21:48:00,706 - INFO - --- validation at epoch 88, val_loss 9.9517, val_mae 9.4238, val_rmse 14.0546, val_r2 0.7318, val_pearson 0.8639, lr 1.00e-03 ---
2026-09-30 21:48:00,706 - INFO - 
****************************************************************************************************
2026-09-30 21:48:02,447 - INFO - --- training epoch 89, loss 9.4881, mae 9.9781, rmse 14.0760, time elapsed(min) 0.02---
2026-09-30 21:48:02,694 - INFO - --- validation at epoch 89, val_loss 9.9876, val_mae 9.3486, val_rmse 13.4395, val_r2 0.7548, val_pearson 0.8718, lr 1.00e-03 ---
2026-09-30 21:48:02,694 - INFO - 
****************************************************************************************************
2026-09-30 21:48:04,534 - INFO - --- training epoch 90, loss 9.5810, mae 10.0675, rmse 14.2103, time elapsed(min) 0.02---
2026-09-30 21:48:04,772 - INFO - --- validation at epoch 90, val_loss 10.0918, val_mae 9.9460, val_rmse 14.1350, val_r2 0.7287, val_pearson 0.8559, lr 1.00e-03 ---
2026-09-30 21:48:04,772 - INFO - 
****************************************************************************************************
2026-09-30 21:48:06,864 - INFO - --- training epoch 91, loss 9.8326, mae 10.3198, rmse 14.4407, time elapsed(min) 0.03---
2026-09-30 21:48:07,111 - INFO - --- validation at epoch 91, val_loss 10.9391, val_mae 10.8952, val_rmse 15.5524, val_r2 0.6716, val_pearson 0.8363, lr 1.00e-03 ---
2026-09-30 21:48:07,111 - INFO - 
****************************************************************************************************
2026-09-30 21:48:08,522 - INFO - --- training epoch 92, loss 9.7857, mae 10.2730, rmse 14.2953, time elapsed(min) 0.02---
2026-09-30 21:48:08,773 - INFO - --- validation at epoch 92, val_loss 10.0182, val_mae 9.5871, val_rmse 13.8499, val_r2 0.7396, val_pearson 0.8660, lr 1.00e-03 ---
2026-09-30 21:48:08,773 - INFO - 
****************************************************************************************************
2026-09-30 21:48:10,179 - INFO - --- training epoch 93, loss 9.2216, mae 9.7080, rmse 13.8617, time elapsed(min) 0.02---
2026-09-30 21:48:10,428 - INFO - --- validation at epoch 93, val_loss 10.4388, val_mae 9.8975, val_rmse 13.8992, val_r2 0.7377, val_pearson 0.8705, lr 1.00e-03 ---
2026-09-30 21:48:10,428 - INFO - 
****************************************************************************************************
2026-09-30 21:48:12,162 - INFO - --- training epoch 94, loss 9.0979, mae 9.5832, rmse 13.5799, time elapsed(min) 0.02---
2026-09-30 21:48:12,426 - INFO - --- validation at epoch 94, val_loss 9.7776, val_mae 9.3229, val_rmse 13.5873, val_r2 0.7493, val_pearson 0.8721, lr 1.00e-03 ---
2026-09-30 21:48:12,426 - INFO - 
****************************************************************************************************
2026-09-30 21:48:14,355 - INFO - --- training epoch 95, loss 9.2569, mae 9.7458, rmse 13.6578, time elapsed(min) 0.02---
2026-09-30 21:48:14,585 - INFO - --- validation at epoch 95, val_loss 10.4053, val_mae 9.9167, val_rmse 13.7883, val_r2 0.7419, val_pearson 0.8727, lr 1.00e-03 ---
2026-09-30 21:48:14,585 - INFO - 
****************************************************************************************************
2026-09-30 21:48:16,326 - INFO - --- training epoch 96, loss 9.0374, mae 9.5234, rmse 13.5636, time elapsed(min) 0.02---
2026-09-30 21:48:16,922 - INFO - --- validation at epoch 96, val_loss 9.7198, val_mae 9.0628, val_rmse 13.2712, val_r2 0.7609, val_pearson 0.8799, lr 3.00e-04 ---
2026-09-30 21:48:16,922 - INFO - 
****************************************************************************************************
2026-09-30 21:48:18,635 - INFO - --- training epoch 97, loss 8.5529, mae 9.0376, rmse 13.0168, time elapsed(min) 0.02---
2026-09-30 21:48:18,908 - INFO - --- validation at epoch 97, val_loss 9.7720, val_mae 9.1487, val_rmse 13.3850, val_r2 0.7568, val_pearson 0.8808, lr 3.00e-04 ---
2026-09-30 21:48:18,908 - INFO - 
****************************************************************************************************
2026-09-30 21:48:20,330 - INFO - --- training epoch 98, loss 8.4238, mae 8.9076, rmse 12.9968, time elapsed(min) 0.02---
2026-09-30 21:48:20,569 - INFO - --- validation at epoch 98, val_loss 9.8652, val_mae 9.2853, val_rmse 13.5645, val_r2 0.7502, val_pearson 0.8759, lr 3.00e-04 ---
2026-09-30 21:48:20,570 - INFO - 
****************************************************************************************************
2026-09-30 21:48:22,284 - INFO - --- training epoch 99, loss 8.4077, mae 8.8910, rmse 13.0369, time elapsed(min) 0.02---
2026-09-30 21:48:22,537 - INFO - --- validation at epoch 99, val_loss 9.5083, val_mae 8.6529, val_rmse 12.9567, val_r2 0.7721, val_pearson 0.8851, lr 3.00e-04 ---
2026-09-30 21:48:22,538 - INFO - 
****************************************************************************************************
2026-09-30 21:48:24,337 - INFO - --- training epoch 100, loss 8.3687, mae 8.8503, rmse 12.9791, time elapsed(min) 0.02---
2026-09-30 21:48:24,609 - INFO - --- validation at epoch 100, val_loss 9.4131, val_mae 8.6478, val_rmse 12.9440, val_r2 0.7725, val_pearson 0.8836, lr 3.00e-04 ---
2026-09-30 21:48:24,610 - INFO - 
****************************************************************************************************
2026-09-30 21:48:26,434 - INFO - --- training epoch 101, loss 8.5175, mae 9.0029, rmse 13.1817, time elapsed(min) 0.02---
2026-09-30 21:48:26,678 - INFO - --- validation at epoch 101, val_loss 9.4803, val_mae 8.6319, val_rmse 12.9805, val_r2 0.7712, val_pearson 0.8870, lr 3.00e-04 ---
2026-09-30 21:48:26,678 - INFO - 
****************************************************************************************************
2026-09-30 21:48:28,394 - INFO - --- training epoch 102, loss 8.3486, mae 8.8322, rmse 12.9070, time elapsed(min) 0.02---
2026-09-30 21:48:28,652 - INFO - --- validation at epoch 102, val_loss 9.6384, val_mae 8.7473, val_rmse 12.9014, val_r2 0.7740, val_pearson 0.8862, lr 3.00e-04 ---
2026-09-30 21:48:28,653 - INFO - 
****************************************************************************************************
2026-09-30 21:48:30,072 - INFO - --- training epoch 103, loss 8.1579, mae 8.6406, rmse 12.7218, time elapsed(min) 0.02---
2026-09-30 21:48:30,312 - INFO - --- validation at epoch 103, val_loss 9.4434, val_mae 8.6298, val_rmse 12.8102, val_r2 0.7772, val_pearson 0.8861, lr 3.00e-04 ---
2026-09-30 21:48:30,312 - INFO - 
****************************************************************************************************
2026-09-30 21:48:32,004 - INFO - --- training epoch 104, loss 8.0920, mae 8.5747, rmse 12.6589, time elapsed(min) 0.02---
2026-09-30 21:48:32,252 - INFO - --- validation at epoch 104, val_loss 9.7468, val_mae 8.7844, val_rmse 13.0398, val_r2 0.7691, val_pearson 0.8849, lr 3.00e-04 ---
2026-09-30 21:48:32,252 - INFO - 
****************************************************************************************************
2026-09-30 21:48:34,014 - INFO - --- training epoch 105, loss 8.2730, mae 8.7555, rmse 12.8597, time elapsed(min) 0.02---
2026-09-30 21:48:34,268 - INFO - --- validation at epoch 105, val_loss 9.3479, val_mae 8.3408, val_rmse 12.6517, val_r2 0.7827, val_pearson 0.8918, lr 3.00e-04 ---
2026-09-30 21:48:34,268 - INFO - 
****************************************************************************************************
2026-09-30 21:48:36,146 - INFO - --- training epoch 106, loss 8.2074, mae 8.6913, rmse 12.8438, time elapsed(min) 0.02---
2026-09-30 21:48:36,367 - INFO - --- validation at epoch 106, val_loss 9.5617, val_mae 8.8099, val_rmse 13.1060, val_r2 0.7668, val_pearson 0.8839, lr 3.00e-04 ---
2026-09-30 21:48:36,367 - INFO - 
****************************************************************************************************
2026-09-30 21:48:38,103 - INFO - --- training epoch 107, loss 8.0130, mae 8.4947, rmse 12.5617, time elapsed(min) 0.02---
2026-09-30 21:48:38,385 - INFO - --- validation at epoch 107, val_loss 9.7654, val_mae 8.9321, val_rmse 13.0937, val_r2 0.7672, val_pearson 0.8849, lr 3.00e-04 ---
2026-09-30 21:48:38,385 - INFO - 
****************************************************************************************************
2026-09-30 21:48:39,859 - INFO - --- training epoch 108, loss 8.0797, mae 8.5628, rmse 12.6581, time elapsed(min) 0.02---
2026-09-30 21:48:40,102 - INFO - --- validation at epoch 108, val_loss 9.5580, val_mae 8.6456, val_rmse 12.8527, val_r2 0.7757, val_pearson 0.8881, lr 3.00e-04 ---
2026-09-30 21:48:40,102 - INFO - 
****************************************************************************************************
2026-09-30 21:48:41,826 - INFO - --- training epoch 109, loss 8.0114, mae 8.4915, rmse 12.5075, time elapsed(min) 0.02---
2026-09-30 21:48:42,061 - INFO - --- validation at epoch 109, val_loss 9.6411, val_mae 8.6601, val_rmse 12.9448, val_r2 0.7725, val_pearson 0.8880, lr 3.00e-04 ---
2026-09-30 21:48:42,061 - INFO - 
****************************************************************************************************
2026-09-30 21:48:43,811 - INFO - --- training epoch 110, loss 8.0046, mae 8.4873, rmse 12.5319, time elapsed(min) 0.02---
2026-09-30 21:48:44,067 - INFO - --- validation at epoch 110, val_loss 9.6076, val_mae 8.7158, val_rmse 12.8860, val_r2 0.7746, val_pearson 0.8889, lr 3.00e-04 ---
2026-09-30 21:48:44,067 - INFO - 
****************************************************************************************************
2026-09-30 21:48:45,886 - INFO - --- training epoch 111, loss 8.1664, mae 8.6502, rmse 12.7890, time elapsed(min) 0.02---
2026-09-30 21:48:46,105 - INFO - --- validation at epoch 111, val_loss 9.8382, val_mae 8.9745, val_rmse 13.1003, val_r2 0.7670, val_pearson 0.8877, lr 3.00e-04 ---
2026-09-30 21:48:46,105 - INFO - 
****************************************************************************************************
2026-09-30 21:48:48,304 - INFO - --- training epoch 112, loss 8.2241, mae 8.7075, rmse 12.6925, time elapsed(min) 0.03---
2026-09-30 21:48:48,543 - INFO - --- validation at epoch 112, val_loss 9.5352, val_mae 8.6685, val_rmse 13.0460, val_r2 0.7689, val_pearson 0.8874, lr 3.00e-04 ---
2026-09-30 21:48:48,544 - INFO - 
****************************************************************************************************
2026-09-30 21:48:49,966 - INFO - --- training epoch 113, loss 8.0042, mae 8.4832, rmse 12.6767, time elapsed(min) 0.02---
2026-09-30 21:48:50,216 - INFO - --- validation at epoch 113, val_loss 9.4399, val_mae 8.6071, val_rmse 12.9591, val_r2 0.7720, val_pearson 0.8867, lr 3.00e-04 ---
2026-09-30 21:48:50,216 - INFO - 
****************************************************************************************************
2026-09-30 21:48:51,852 - INFO - --- training epoch 114, loss 8.1989, mae 8.6822, rmse 12.8956, time elapsed(min) 0.02---
2026-09-30 21:48:52,124 - INFO - --- validation at epoch 114, val_loss 9.4828, val_mae 8.8378, val_rmse 13.1683, val_r2 0.7646, val_pearson 0.8851, lr 3.00e-04 ---
2026-09-30 21:48:52,125 - INFO - 
****************************************************************************************************
2026-09-30 21:48:54,056 - INFO - --- training epoch 115, loss 7.9973, mae 8.4807, rmse 12.6833, time elapsed(min) 0.02---
2026-09-30 21:48:54,294 - INFO - --- validation at epoch 115, val_loss 9.3709, val_mae 8.4478, val_rmse 12.6814, val_r2 0.7817, val_pearson 0.8895, lr 3.00e-04 ---
2026-09-30 21:48:54,294 - INFO - 
****************************************************************************************************
2026-09-30 21:48:56,263 - INFO - --- training epoch 116, loss 7.9140, mae 8.3974, rmse 12.5808, time elapsed(min) 0.02---
2026-09-30 21:48:56,505 - INFO - --- validation at epoch 116, val_loss 9.3142, val_mae 8.2785, val_rmse 12.4765, val_r2 0.7887, val_pearson 0.8943, lr 3.00e-04 ---
2026-09-30 21:48:56,506 - INFO - 
****************************************************************************************************
2026-09-30 21:48:58,280 - INFO - --- training epoch 117, loss 7.9651, mae 8.4468, rmse 12.6345, time elapsed(min) 0.02---
2026-09-30 21:48:58,557 - INFO - --- validation at epoch 117, val_loss 9.8874, val_mae 8.6754, val_rmse 12.9796, val_r2 0.7713, val_pearson 0.8872, lr 3.00e-04 ---
2026-09-30 21:48:58,558 - INFO - 
****************************************************************************************************
2026-09-30 21:48:59,961 - INFO - --- training epoch 118, loss 8.0555, mae 8.5387, rmse 12.7146, time elapsed(min) 0.02---
2026-09-30 21:49:00,211 - INFO - --- validation at epoch 118, val_loss 9.3598, val_mae 8.2871, val_rmse 12.6184, val_r2 0.7838, val_pearson 0.8928, lr 3.00e-04 ---
2026-09-30 21:49:00,211 - INFO - 
****************************************************************************************************
2026-09-30 21:49:01,933 - INFO - --- training epoch 119, loss 7.9244, mae 8.4032, rmse 12.6160, time elapsed(min) 0.02---
2026-09-30 21:49:02,179 - INFO - --- validation at epoch 119, val_loss 9.1623, val_mae 8.3252, val_rmse 12.5337, val_r2 0.7867, val_pearson 0.8914, lr 3.00e-04 ---
2026-09-30 21:49:02,179 - INFO - 
****************************************************************************************************
2026-09-30 21:49:04,036 - INFO - --- training epoch 120, loss 7.8787, mae 8.3599, rmse 12.4945, time elapsed(min) 0.02---
2026-09-30 21:49:04,293 - INFO - --- validation at epoch 120, val_loss 9.1014, val_mae 8.3561, val_rmse 12.5331, val_r2 0.7867, val_pearson 0.8923, lr 3.00e-04 ---
2026-09-30 21:49:04,293 - INFO - 
****************************************************************************************************
2026-09-30 21:49:06,084 - INFO - --- training epoch 121, loss 7.8705, mae 8.3537, rmse 12.4467, time elapsed(min) 0.02---
2026-09-30 21:49:06,366 - INFO - --- validation at epoch 121, val_loss 9.2404, val_mae 8.3106, val_rmse 12.5317, val_r2 0.7868, val_pearson 0.8949, lr 3.00e-04 ---
2026-09-30 21:49:06,367 - INFO - 
****************************************************************************************************
2026-09-30 21:49:08,423 - INFO - --- training epoch 122, loss 7.7100, mae 8.1916, rmse 12.3199, time elapsed(min) 0.03---
2026-09-30 21:49:08,673 - INFO - --- validation at epoch 122, val_loss 9.8603, val_mae 8.6287, val_rmse 12.7631, val_r2 0.7788, val_pearson 0.8942, lr 3.00e-04 ---
2026-09-30 21:49:08,673 - INFO - 
****************************************************************************************************
2026-09-30 21:49:10,145 - INFO - --- training epoch 123, loss 7.7856, mae 8.2687, rmse 12.2351, time elapsed(min) 0.02---
2026-09-30 21:49:10,383 - INFO - --- validation at epoch 123, val_loss 9.3967, val_mae 8.4712, val_rmse 12.5529, val_r2 0.7861, val_pearson 0.8953, lr 3.00e-04 ---
2026-09-30 21:49:10,383 - INFO - 
****************************************************************************************************
2026-09-30 21:49:12,039 - INFO - --- training epoch 124, loss 7.7254, mae 8.2056, rmse 12.2562, time elapsed(min) 0.02---
2026-09-30 21:49:12,268 - INFO - --- validation at epoch 124, val_loss 9.7100, val_mae 8.7722, val_rmse 13.1264, val_r2 0.7661, val_pearson 0.8878, lr 3.00e-04 ---
2026-09-30 21:49:12,268 - INFO - 
****************************************************************************************************
2026-09-30 21:49:13,993 - INFO - --- training epoch 125, loss 7.9262, mae 8.4081, rmse 12.6953, time elapsed(min) 0.02---
2026-09-30 21:49:14,250 - INFO - --- validation at epoch 125, val_loss 9.2664, val_mae 8.2608, val_rmse 12.4338, val_r2 0.7901, val_pearson 0.8981, lr 3.00e-04 ---
2026-09-30 21:49:14,250 - INFO - 
****************************************************************************************************
2026-09-30 21:49:15,991 - INFO - --- training epoch 126, loss 7.8342, mae 8.3182, rmse 12.6005, time elapsed(min) 0.02---
2026-09-30 21:49:16,228 - INFO - --- validation at epoch 126, val_loss 9.1016, val_mae 8.2993, val_rmse 12.3654, val_r2 0.7924, val_pearson 0.8976, lr 3.00e-04 ---
2026-09-30 21:49:16,229 - INFO - 
****************************************************************************************************
2026-09-30 21:49:17,973 - INFO - --- training epoch 127, loss 7.7089, mae 8.1918, rmse 12.4086, time elapsed(min) 0.02---
2026-09-30 21:49:18,241 - INFO - --- validation at epoch 127, val_loss 9.5999, val_mae 8.5614, val_rmse 12.5915, val_r2 0.7847, val_pearson 0.8956, lr 3.00e-04 ---
2026-09-30 21:49:18,241 - INFO - 
****************************************************************************************************
2026-09-30 21:49:19,682 - INFO - --- training epoch 128, loss 7.8318, mae 8.3152, rmse 12.4800, time elapsed(min) 0.02---
2026-09-30 21:49:19,935 - INFO - --- validation at epoch 128, val_loss 9.1915, val_mae 8.0200, val_rmse 12.1503, val_r2 0.7996, val_pearson 0.8996, lr 3.00e-04 ---
2026-09-30 21:49:19,935 - INFO - 
****************************************************************************************************
2026-09-30 21:49:21,369 - INFO - --- training epoch 129, loss 7.6377, mae 8.1174, rmse 12.2133, time elapsed(min) 0.02---
2026-09-30 21:49:21,603 - INFO - --- validation at epoch 129, val_loss 9.4203, val_mae 8.3568, val_rmse 12.3878, val_r2 0.7916, val_pearson 0.8974, lr 3.00e-04 ---
2026-09-30 21:49:21,603 - INFO - 
****************************************************************************************************
2026-09-30 21:49:23,529 - INFO - --- training epoch 130, loss 7.6971, mae 8.1793, rmse 12.2902, time elapsed(min) 0.02---
2026-09-30 21:49:23,790 - INFO - --- validation at epoch 130, val_loss 8.7182, val_mae 7.7954, val_rmse 11.8390, val_r2 0.8097, val_pearson 0.9044, lr 3.00e-04 ---
2026-09-30 21:49:23,790 - INFO - 
****************************************************************************************************
2026-09-30 21:49:25,654 - INFO - --- training epoch 131, loss 7.5469, mae 8.0281, rmse 12.0766, time elapsed(min) 0.02---
2026-09-30 21:49:25,898 - INFO - --- validation at epoch 131, val_loss 9.0212, val_mae 8.0546, val_rmse 12.0154, val_r2 0.8040, val_pearson 0.9025, lr 3.00e-04 ---
2026-09-30 21:49:25,898 - INFO - 
****************************************************************************************************
2026-09-30 21:49:27,988 - INFO - --- training epoch 132, loss 7.5687, mae 8.0502, rmse 12.0976, time elapsed(min) 0.03---
2026-09-30 21:49:28,233 - INFO - --- validation at epoch 132, val_loss 9.0066, val_mae 8.0393, val_rmse 12.0440, val_r2 0.8031, val_pearson 0.9029, lr 3.00e-04 ---
2026-09-30 21:49:28,233 - INFO - 
****************************************************************************************************
2026-09-30 21:49:29,631 - INFO - --- training epoch 133, loss 7.5481, mae 8.0281, rmse 12.0196, time elapsed(min) 0.01---
2026-09-30 21:49:29,903 - INFO - --- validation at epoch 133, val_loss 8.8969, val_mae 7.7246, val_rmse 11.9256, val_r2 0.8069, val_pearson 0.9034, lr 3.00e-04 ---
2026-09-30 21:49:29,903 - INFO - 
****************************************************************************************************
2026-09-30 21:49:31,333 - INFO - --- training epoch 134, loss 7.5130, mae 7.9948, rmse 12.1056, time elapsed(min) 0.02---
2026-09-30 21:49:31,598 - INFO - --- validation at epoch 134, val_loss 8.6618, val_mae 7.9883, val_rmse 11.9236, val_r2 0.8070, val_pearson 0.9037, lr 3.00e-04 ---
2026-09-30 21:49:31,598 - INFO - 
****************************************************************************************************
2026-09-30 21:49:33,530 - INFO - --- training epoch 135, loss 7.4863, mae 7.9651, rmse 12.1118, time elapsed(min) 0.02---
2026-09-30 21:49:33,812 - INFO - --- validation at epoch 135, val_loss 9.1532, val_mae 8.2010, val_rmse 12.0999, val_r2 0.8012, val_pearson 0.9023, lr 3.00e-04 ---
2026-09-30 21:49:33,812 - INFO - 
****************************************************************************************************
2026-09-30 21:49:35,512 - INFO - --- training epoch 136, loss 7.5767, mae 8.0613, rmse 12.1044, time elapsed(min) 0.02---
2026-09-30 21:49:35,826 - INFO - --- validation at epoch 136, val_loss 9.0999, val_mae 8.0891, val_rmse 11.9856, val_r2 0.8050, val_pearson 0.9030, lr 3.00e-04 ---
2026-09-30 21:49:35,826 - INFO - 
****************************************************************************************************
2026-09-30 21:49:37,495 - INFO - --- training epoch 137, loss 7.6298, mae 8.1111, rmse 12.2027, time elapsed(min) 0.02---
2026-09-30 21:49:37,742 - INFO - --- validation at epoch 137, val_loss 8.7093, val_mae 7.7964, val_rmse 11.8028, val_r2 0.8109, val_pearson 0.9052, lr 3.00e-04 ---
2026-09-30 21:49:37,742 - INFO - 
****************************************************************************************************
2026-09-30 21:49:39,170 - INFO - --- training epoch 138, loss 7.4395, mae 7.9192, rmse 12.1127, time elapsed(min) 0.02---
2026-09-30 21:49:39,396 - INFO - --- validation at epoch 138, val_loss 8.9030, val_mae 8.0864, val_rmse 11.8221, val_r2 0.8102, val_pearson 0.9064, lr 3.00e-04 ---
2026-09-30 21:49:39,396 - INFO - 
****************************************************************************************************
2026-09-30 21:49:41,061 - INFO - --- training epoch 139, loss 7.4144, mae 7.8939, rmse 11.9806, time elapsed(min) 0.02---
2026-09-30 21:49:41,287 - INFO - --- validation at epoch 139, val_loss 8.3993, val_mae 7.4367, val_rmse 11.3596, val_r2 0.8248, val_pearson 0.9122, lr 3.00e-04 ---
2026-09-30 21:49:41,287 - INFO - 
****************************************************************************************************
2026-09-30 21:49:43,309 - INFO - --- training epoch 140, loss 7.3552, mae 7.8340, rmse 11.8833, time elapsed(min) 0.02---
2026-09-30 21:49:43,566 - INFO - --- validation at epoch 140, val_loss 8.4302, val_mae 7.5576, val_rmse 11.5153, val_r2 0.8200, val_pearson 0.9107, lr 3.00e-04 ---
2026-09-30 21:49:43,567 - INFO - 
****************************************************************************************************
2026-09-30 21:49:45,573 - INFO - --- training epoch 141, loss 7.4751, mae 7.9552, rmse 12.0598, time elapsed(min) 0.03---
2026-09-30 21:49:45,852 - INFO - --- validation at epoch 141, val_loss 8.6257, val_mae 7.5903, val_rmse 11.5605, val_r2 0.8185, val_pearson 0.9094, lr 3.00e-04 ---
2026-09-30 21:49:45,853 - INFO - 
****************************************************************************************************
2026-09-30 21:49:47,669 - INFO - --- training epoch 142, loss 7.4838, mae 7.9628, rmse 11.9775, time elapsed(min) 0.02---
2026-09-30 21:49:48,239 - INFO - --- validation at epoch 142, val_loss 8.8700, val_mae 7.8969, val_rmse 11.9081, val_r2 0.8075, val_pearson 0.9054, lr 3.00e-04 ---
2026-09-30 21:49:48,239 - INFO - 
****************************************************************************************************
2026-09-30 21:49:49,953 - INFO - --- training epoch 143, loss 7.3358, mae 7.8147, rmse 11.9453, time elapsed(min) 0.02---
2026-09-30 21:49:50,233 - INFO - --- validation at epoch 143, val_loss 8.9668, val_mae 8.1272, val_rmse 12.0696, val_r2 0.8022, val_pearson 0.9039, lr 3.00e-04 ---
2026-09-30 21:49:50,234 - INFO - 
****************************************************************************************************
2026-09-30 21:49:51,608 - INFO - --- training epoch 144, loss 7.3919, mae 7.8751, rmse 11.8659, time elapsed(min) 0.01---
2026-09-30 21:49:51,863 - INFO - --- validation at epoch 144, val_loss 8.5892, val_mae 7.7699, val_rmse 11.7844, val_r2 0.8114, val_pearson 0.9065, lr 3.00e-04 ---
2026-09-30 21:49:51,864 - INFO - 
****************************************************************************************************
2026-09-30 21:49:53,619 - INFO - --- training epoch 145, loss 7.4632, mae 7.9447, rmse 11.9706, time elapsed(min) 0.02---
2026-09-30 21:49:53,851 - INFO - --- validation at epoch 145, val_loss 8.7012, val_mae 7.9716, val_rmse 11.8562, val_r2 0.8091, val_pearson 0.9092, lr 3.00e-04 ---
2026-09-30 21:49:53,851 - INFO - 
****************************************************************************************************
2026-09-30 21:49:55,608 - INFO - --- training epoch 146, loss 7.4697, mae 7.9486, rmse 12.0189, time elapsed(min) 0.02---
2026-09-30 21:49:55,884 - INFO - --- validation at epoch 146, val_loss 8.5971, val_mae 7.8229, val_rmse 11.6763, val_r2 0.8149, val_pearson 0.9098, lr 3.00e-04 ---
2026-09-30 21:49:55,884 - INFO - 
****************************************************************************************************
2026-09-30 21:49:57,926 - INFO - --- training epoch 147, loss 7.3930, mae 7.8711, rmse 11.9982, time elapsed(min) 0.03---
2026-09-30 21:49:58,188 - INFO - --- validation at epoch 147, val_loss 8.3035, val_mae 7.3986, val_rmse 11.4371, val_r2 0.8224, val_pearson 0.9112, lr 3.00e-04 ---
2026-09-30 21:49:58,188 - INFO - 
****************************************************************************************************
2026-09-30 21:49:59,694 - INFO - --- training epoch 148, loss 7.2902, mae 7.7707, rmse 11.8561, time elapsed(min) 0.02---
2026-09-30 21:49:59,930 - INFO - --- validation at epoch 148, val_loss 8.3912, val_mae 7.5299, val_rmse 11.4399, val_r2 0.8223, val_pearson 0.9111, lr 3.00e-04 ---
2026-09-30 21:49:59,930 - INFO - 
****************************************************************************************************
2026-09-30 21:50:01,344 - INFO - --- training epoch 149, loss 7.1252, mae 7.6073, rmse 11.7773, time elapsed(min) 0.02---
2026-09-30 21:50:01,578 - INFO - --- validation at epoch 149, val_loss 8.8341, val_mae 7.8174, val_rmse 11.9704, val_r2 0.8054, val_pearson 0.9052, lr 3.00e-04 ---
2026-09-30 21:50:01,578 - INFO - 
****************************************************************************************************
2026-09-30 21:50:03,381 - INFO - --- training epoch 150, loss 7.3012, mae 7.7808, rmse 11.9105, time elapsed(min) 0.02---
2026-09-30 21:50:03,675 - INFO - --- validation at epoch 150, val_loss 8.5423, val_mae 7.6064, val_rmse 11.5476, val_r2 0.8190, val_pearson 0.9102, lr 3.00e-04 ---
2026-09-30 21:50:03,675 - INFO - 
****************************************************************************************************
2026-09-30 21:50:05,666 - INFO - --- training epoch 151, loss 7.1135, mae 7.5940, rmse 11.5989, time elapsed(min) 0.03---
2026-09-30 21:50:05,897 - INFO - --- validation at epoch 151, val_loss 8.4741, val_mae 7.6583, val_rmse 11.6410, val_r2 0.8160, val_pearson 0.9100, lr 3.00e-04 ---
2026-09-30 21:50:05,897 - INFO - 
****************************************************************************************************
2026-09-30 21:50:07,629 - INFO - --- training epoch 152, loss 7.1276, mae 7.6060, rmse 11.7981, time elapsed(min) 0.02---
2026-09-30 21:50:08,217 - INFO - --- validation at epoch 152, val_loss 8.4128, val_mae 7.5001, val_rmse 11.5851, val_r2 0.8178, val_pearson 0.9080, lr 3.00e-04 ---
2026-09-30 21:50:08,217 - INFO - 
****************************************************************************************************
2026-09-30 21:50:09,883 - INFO - --- training epoch 153, loss 7.2593, mae 7.7387, rmse 11.8737, time elapsed(min) 0.02---
2026-09-30 21:50:10,121 - INFO - --- validation at epoch 153, val_loss 8.5626, val_mae 7.7142, val_rmse 11.6861, val_r2 0.8146, val_pearson 0.9105, lr 3.00e-04 ---
2026-09-30 21:50:10,122 - INFO - 
****************************************************************************************************
2026-09-30 21:50:11,570 - INFO - --- training epoch 154, loss 7.3208, mae 7.8039, rmse 11.9383, time elapsed(min) 0.02---
2026-09-30 21:50:11,818 - INFO - --- validation at epoch 154, val_loss 8.5554, val_mae 7.7203, val_rmse 11.8569, val_r2 0.8091, val_pearson 0.9084, lr 3.00e-04 ---
2026-09-30 21:50:11,818 - INFO - 
****************************************************************************************************
2026-09-30 21:50:13,485 - INFO - --- training epoch 155, loss 7.2069, mae 7.6865, rmse 11.7210, time elapsed(min) 0.02---
2026-09-30 21:50:13,711 - INFO - --- validation at epoch 155, val_loss 7.9289, val_mae 7.2846, val_rmse 11.2650, val_r2 0.8277, val_pearson 0.9133, lr 3.00e-04 ---
2026-09-30 21:50:13,712 - INFO - 
****************************************************************************************************
2026-09-30 21:50:15,496 - INFO - --- training epoch 156, loss 7.1818, mae 7.6628, rmse 11.7921, time elapsed(min) 0.02---
2026-09-30 21:50:15,749 - INFO - --- validation at epoch 156, val_loss 8.4442, val_mae 7.6266, val_rmse 11.6204, val_r2 0.8167, val_pearson 0.9091, lr 3.00e-04 ---
2026-09-30 21:50:15,749 - INFO - 
****************************************************************************************************
2026-09-30 21:50:17,537 - INFO - --- training epoch 157, loss 7.3486, mae 7.8297, rmse 11.9586, time elapsed(min) 0.02---
2026-09-30 21:50:17,761 - INFO - --- validation at epoch 157, val_loss 8.4681, val_mae 7.7439, val_rmse 11.6749, val_r2 0.8149, val_pearson 0.9088, lr 3.00e-04 ---
2026-09-30 21:50:17,761 - INFO - 
****************************************************************************************************
2026-09-30 21:50:19,391 - INFO - --- training epoch 158, loss 7.2557, mae 7.7359, rmse 11.7809, time elapsed(min) 0.02---
2026-09-30 21:50:19,640 - INFO - --- validation at epoch 158, val_loss 8.4360, val_mae 7.7441, val_rmse 11.9017, val_r2 0.8077, val_pearson 0.9055, lr 3.00e-04 ---
2026-09-30 21:50:19,640 - INFO - 
****************************************************************************************************
2026-09-30 21:50:21,062 - INFO - --- training epoch 159, loss 7.1961, mae 7.6752, rmse 11.8588, time elapsed(min) 0.02---
2026-09-30 21:50:21,341 - INFO - --- validation at epoch 159, val_loss 8.2650, val_mae 7.5701, val_rmse 11.5569, val_r2 0.8187, val_pearson 0.9089, lr 3.00e-04 ---
2026-09-30 21:50:21,341 - INFO - 
****************************************************************************************************
2026-09-30 21:50:22,767 - INFO - --- training epoch 160, loss 7.1366, mae 7.6159, rmse 11.5853, time elapsed(min) 0.02---
2026-09-30 21:50:22,990 - INFO - --- validation at epoch 160, val_loss 8.0615, val_mae 7.2716, val_rmse 11.3866, val_r2 0.8240, val_pearson 0.9109, lr 3.00e-04 ---
2026-09-30 21:50:22,990 - INFO - 
****************************************************************************************************
2026-09-30 21:50:24,766 - INFO - --- training epoch 161, loss 7.0835, mae 7.5636, rmse 11.5508, time elapsed(min) 0.02---
2026-09-30 21:50:25,018 - INFO - --- validation at epoch 161, val_loss 7.9439, val_mae 7.0844, val_rmse 11.2005, val_r2 0.8297, val_pearson 0.9156, lr 3.00e-04 ---
2026-09-30 21:50:25,018 - INFO - 
****************************************************************************************************
2026-09-30 21:50:26,866 - INFO - --- training epoch 162, loss 6.9359, mae 7.4133, rmse 11.6029, time elapsed(min) 0.02---
2026-09-30 21:50:27,115 - INFO - --- validation at epoch 162, val_loss 8.3443, val_mae 7.6500, val_rmse 11.6510, val_r2 0.8157, val_pearson 0.9080, lr 3.00e-04 ---
2026-09-30 21:50:27,116 - INFO - 
****************************************************************************************************
2026-09-30 21:50:29,210 - INFO - --- training epoch 163, loss 7.1103, mae 7.5897, rmse 11.7098, time elapsed(min) 0.03---
2026-09-30 21:50:29,464 - INFO - --- validation at epoch 163, val_loss 8.3984, val_mae 7.6990, val_rmse 11.4939, val_r2 0.8206, val_pearson 0.9128, lr 3.00e-04 ---
2026-09-30 21:50:29,464 - INFO - 
****************************************************************************************************
2026-09-30 21:50:30,903 - INFO - --- training epoch 164, loss 7.1553, mae 7.6343, rmse 11.6730, time elapsed(min) 0.02---
2026-09-30 21:50:31,167 - INFO - --- validation at epoch 164, val_loss 8.6379, val_mae 7.8581, val_rmse 11.8040, val_r2 0.8108, val_pearson 0.9034, lr 3.00e-04 ---
2026-09-30 21:50:31,167 - INFO - 
****************************************************************************************************
2026-09-30 21:50:32,800 - INFO - --- training epoch 165, loss 7.1739, mae 7.6561, rmse 11.8378, time elapsed(min) 0.02---
2026-09-30 21:50:33,047 - INFO - --- validation at epoch 165, val_loss 8.3539, val_mae 7.5104, val_rmse 11.5059, val_r2 0.8203, val_pearson 0.9115, lr 3.00e-04 ---
2026-09-30 21:50:33,047 - INFO - 
****************************************************************************************************
2026-09-30 21:50:34,779 - INFO - --- training epoch 166, loss 7.1543, mae 7.6354, rmse 11.6623, time elapsed(min) 0.02---
2026-09-30 21:50:34,995 - INFO - --- validation at epoch 166, val_loss 8.3169, val_mae 7.3732, val_rmse 11.4791, val_r2 0.8211, val_pearson 0.9108, lr 3.00e-04 ---
2026-09-30 21:50:34,995 - INFO - 
****************************************************************************************************
2026-09-30 21:50:36,750 - INFO - --- training epoch 167, loss 6.9146, mae 7.3929, rmse 11.3674, time elapsed(min) 0.02---
2026-09-30 21:50:37,016 - INFO - --- validation at epoch 167, val_loss 8.0735, val_mae 7.1584, val_rmse 11.2272, val_r2 0.8289, val_pearson 0.9161, lr 9.00e-05 ---
2026-09-30 21:50:37,016 - INFO - 
****************************************************************************************************
2026-09-30 21:50:38,757 - INFO - --- training epoch 168, loss 6.8735, mae 7.3510, rmse 11.4562, time elapsed(min) 0.02---
2026-09-30 21:50:39,039 - INFO - --- validation at epoch 168, val_loss 8.3805, val_mae 7.4212, val_rmse 11.5149, val_r2 0.8200, val_pearson 0.9155, lr 9.00e-05 ---
2026-09-30 21:50:39,039 - INFO - 
****************************************************************************************************
2026-09-30 21:50:40,472 - INFO - --- training epoch 169, loss 6.7826, mae 7.2620, rmse 11.3192, time elapsed(min) 0.02---
2026-09-30 21:50:40,727 - INFO - --- validation at epoch 169, val_loss 8.4203, val_mae 7.3748, val_rmse 11.5667, val_r2 0.8184, val_pearson 0.9158, lr 9.00e-05 ---
2026-09-30 21:50:40,727 - INFO - 
****************************************************************************************************
2026-09-30 21:50:42,408 - INFO - --- training epoch 170, loss 6.8317, mae 7.3120, rmse 11.3565, time elapsed(min) 0.02---
2026-09-30 21:50:42,650 - INFO - --- validation at epoch 170, val_loss 8.3134, val_mae 7.2699, val_rmse 11.3644, val_r2 0.8247, val_pearson 0.9161, lr 9.00e-05 ---
2026-09-30 21:50:42,651 - INFO - 
****************************************************************************************************
2026-09-30 21:50:44,407 - INFO - --- training epoch 171, loss 6.7140, mae 7.1914, rmse 11.2839, time elapsed(min) 0.02---
2026-09-30 21:50:44,648 - INFO - --- validation at epoch 171, val_loss 8.3776, val_mae 7.3185, val_rmse 11.4680, val_r2 0.8214, val_pearson 0.9181, lr 9.00e-05 ---
2026-09-30 21:50:44,648 - INFO - 
****************************************************************************************************
2026-09-30 21:50:46,502 - INFO - --- training epoch 172, loss 6.8979, mae 7.3780, rmse 11.5289, time elapsed(min) 0.02---
2026-09-30 21:50:46,758 - INFO - --- validation at epoch 172, val_loss 8.0301, val_mae 7.0933, val_rmse 11.0305, val_r2 0.8348, val_pearson 0.9188, lr 9.00e-05 ---
2026-09-30 21:50:46,758 - INFO - 
****************************************************************************************************
2026-09-30 21:50:48,858 - INFO - --- training epoch 173, loss 6.7310, mae 7.2089, rmse 11.3909, time elapsed(min) 0.03---
2026-09-30 21:50:49,131 - INFO - --- validation at epoch 173, val_loss 8.1506, val_mae 7.2134, val_rmse 11.2148, val_r2 0.8292, val_pearson 0.9192, lr 9.00e-05 ---
2026-09-30 21:50:49,131 - INFO - 
****************************************************************************************************
2026-09-30 21:50:50,547 - INFO - --- training epoch 174, loss 6.7368, mae 7.2152, rmse 11.1978, time elapsed(min) 0.02---
2026-09-30 21:50:50,792 - INFO - --- validation at epoch 174, val_loss 8.0978, val_mae 7.1734, val_rmse 11.2070, val_r2 0.8295, val_pearson 0.9198, lr 9.00e-05 ---
2026-09-30 21:50:50,793 - INFO - 
****************************************************************************************************
2026-09-30 21:50:52,443 - INFO - --- training epoch 175, loss 6.7102, mae 7.1883, rmse 11.2078, time elapsed(min) 0.02---
2026-09-30 21:50:52,694 - INFO - --- validation at epoch 175, val_loss 7.9833, val_mae 7.0922, val_rmse 11.0611, val_r2 0.8339, val_pearson 0.9200, lr 9.00e-05 ---
2026-09-30 21:50:52,694 - INFO - 
****************************************************************************************************
2026-09-30 21:50:54,349 - INFO - --- training epoch 176, loss 6.6618, mae 7.1392, rmse 11.1926, time elapsed(min) 0.02---
2026-09-30 21:50:54,577 - INFO - --- validation at epoch 176, val_loss 8.1535, val_mae 7.1315, val_rmse 11.0823, val_r2 0.8332, val_pearson 0.9199, lr 9.00e-05 ---
2026-09-30 21:50:54,577 - INFO - 
****************************************************************************************************
2026-09-30 21:50:56,353 - INFO - --- training epoch 177, loss 6.6650, mae 7.1424, rmse 11.1961, time elapsed(min) 0.02---
2026-09-30 21:50:56,630 - INFO - --- validation at epoch 177, val_loss 7.9632, val_mae 7.0935, val_rmse 10.9859, val_r2 0.8361, val_pearson 0.9200, lr 9.00e-05 ---
2026-09-30 21:50:56,630 - INFO - 
****************************************************************************************************
2026-09-30 21:50:58,282 - INFO - --- training epoch 178, loss 6.6213, mae 7.0962, rmse 11.1494, time elapsed(min) 0.02---
2026-09-30 21:50:58,527 - INFO - --- validation at epoch 178, val_loss 7.9544, val_mae 7.0907, val_rmse 10.9592, val_r2 0.8369, val_pearson 0.9201, lr 2.70e-05 ---
2026-09-30 21:50:58,527 - INFO - 
****************************************************************************************************
2026-09-30 21:50:59,974 - INFO - --- training epoch 179, loss 6.6777, mae 7.1551, rmse 11.2170, time elapsed(min) 0.02---
2026-09-30 21:51:00,222 - INFO - --- validation at epoch 179, val_loss 7.9268, val_mae 7.0054, val_rmse 10.9048, val_r2 0.8385, val_pearson 0.9208, lr 2.70e-05 ---
2026-09-30 21:51:00,222 - INFO - 
****************************************************************************************************
2026-09-30 21:51:01,984 - INFO - --- training epoch 180, loss 6.5291, mae 7.0080, rmse 11.0720, time elapsed(min) 0.02---
2026-09-30 21:51:02,228 - INFO - --- validation at epoch 180, val_loss 7.9555, val_mae 7.0195, val_rmse 10.9064, val_r2 0.8385, val_pearson 0.9215, lr 2.70e-05 ---
2026-09-30 21:51:02,229 - INFO - 
****************************************************************************************************
2026-09-30 21:51:03,949 - INFO - --- training epoch 181, loss 6.5756, mae 7.0529, rmse 11.2021, time elapsed(min) 0.02---
2026-09-30 21:51:04,216 - INFO - --- validation at epoch 181, val_loss 7.9006, val_mae 6.9566, val_rmse 10.8435, val_r2 0.8404, val_pearson 0.9211, lr 2.70e-05 ---
2026-09-30 21:51:04,217 - INFO - 
****************************************************************************************************
2026-09-30 21:51:06,061 - INFO - --- training epoch 182, loss 6.5664, mae 7.0432, rmse 11.1444, time elapsed(min) 0.02---
2026-09-30 21:51:06,316 - INFO - --- validation at epoch 182, val_loss 7.9775, val_mae 6.9894, val_rmse 10.8999, val_r2 0.8387, val_pearson 0.9204, lr 2.70e-05 ---
2026-09-30 21:51:06,316 - INFO - 
****************************************************************************************************
2026-09-30 21:51:08,384 - INFO - --- training epoch 183, loss 6.5602, mae 7.0350, rmse 11.0965, time elapsed(min) 0.03---
2026-09-30 21:51:08,636 - INFO - --- validation at epoch 183, val_loss 8.0124, val_mae 7.0644, val_rmse 10.9479, val_r2 0.8373, val_pearson 0.9202, lr 2.70e-05 ---
2026-09-30 21:51:08,636 - INFO - 
****************************************************************************************************
2026-09-30 21:51:10,050 - INFO - --- training epoch 184, loss 6.5035, mae 6.9789, rmse 11.0521, time elapsed(min) 0.02---
2026-09-30 21:51:10,337 - INFO - --- validation at epoch 184, val_loss 7.9316, val_mae 6.9846, val_rmse 10.9044, val_r2 0.8386, val_pearson 0.9210, lr 2.70e-05 ---
2026-09-30 21:51:10,337 - INFO - 
****************************************************************************************************
2026-09-30 21:51:11,775 - INFO - --- training epoch 185, loss 6.6452, mae 7.1218, rmse 11.2134, time elapsed(min) 0.02---
2026-09-30 21:51:12,004 - INFO - --- validation at epoch 185, val_loss 7.9649, val_mae 7.0350, val_rmse 10.9388, val_r2 0.8375, val_pearson 0.9201, lr 2.70e-05 ---
2026-09-30 21:51:12,004 - INFO - 
****************************************************************************************************
2026-09-30 21:51:13,871 - INFO - --- training epoch 186, loss 6.5933, mae 7.0704, rmse 11.1082, time elapsed(min) 0.02---
2026-09-30 21:51:14,104 - INFO - --- validation at epoch 186, val_loss 7.9681, val_mae 7.0358, val_rmse 10.9531, val_r2 0.8371, val_pearson 0.9200, lr 2.70e-05 ---
2026-09-30 21:51:14,105 - INFO - 
****************************************************************************************************
2026-09-30 21:51:16,004 - INFO - --- training epoch 187, loss 6.4673, mae 6.9442, rmse 11.0143, time elapsed(min) 0.02---
2026-09-30 21:51:16,279 - INFO - --- validation at epoch 187, val_loss 7.8951, val_mae 6.9742, val_rmse 10.8765, val_r2 0.8394, val_pearson 0.9211, lr 2.70e-05 ---
2026-09-30 21:51:16,279 - INFO - 
****************************************************************************************************
2026-09-30 21:51:18,376 - INFO - --- training epoch 188, loss 6.4942, mae 6.9701, rmse 11.0837, time elapsed(min) 0.03---
2026-09-30 21:51:18,600 - INFO - --- validation at epoch 188, val_loss 7.9389, val_mae 7.0026, val_rmse 10.9277, val_r2 0.8379, val_pearson 0.9208, lr 2.70e-05 ---
2026-09-30 21:51:18,600 - INFO - 
****************************************************************************************************
2026-09-30 21:51:20,011 - INFO - --- training epoch 189, loss 6.5281, mae 7.0056, rmse 11.0985, time elapsed(min) 0.02---
2026-09-30 21:51:20,246 - INFO - --- validation at epoch 189, val_loss 7.9452, val_mae 7.0293, val_rmse 10.9218, val_r2 0.8380, val_pearson 0.9204, lr 2.70e-05 ---
2026-09-30 21:51:20,246 - INFO - 
****************************************************************************************************
2026-09-30 21:51:21,877 - INFO - --- training epoch 190, loss 6.5955, mae 7.0724, rmse 11.0981, time elapsed(min) 0.02---
2026-09-30 21:51:22,139 - INFO - --- validation at epoch 190, val_loss 7.9187, val_mae 6.9880, val_rmse 10.9152, val_r2 0.8382, val_pearson 0.9199, lr 2.70e-05 ---
2026-09-30 21:51:22,139 - INFO - 
****************************************************************************************************
2026-09-30 21:51:23,842 - INFO - --- training epoch 191, loss 6.5469, mae 7.0233, rmse 11.0627, time elapsed(min) 0.02---
2026-09-30 21:51:24,093 - INFO - --- validation at epoch 191, val_loss 7.8776, val_mae 6.9651, val_rmse 10.9283, val_r2 0.8378, val_pearson 0.9210, lr 2.70e-05 ---
2026-09-30 21:51:24,094 - INFO - 
****************************************************************************************************
2026-09-30 21:51:25,925 - INFO - --- training epoch 192, loss 6.6100, mae 7.0890, rmse 11.0433, time elapsed(min) 0.02---
2026-09-30 21:51:26,175 - INFO - --- validation at epoch 192, val_loss 7.8752, val_mae 6.9729, val_rmse 10.8588, val_r2 0.8399, val_pearson 0.9210, lr 2.70e-05 ---
2026-09-30 21:51:26,175 - INFO - 
****************************************************************************************************
2026-09-30 21:51:28,398 - INFO - --- training epoch 193, loss 6.5454, mae 7.0237, rmse 11.0585, time elapsed(min) 0.03---
2026-09-30 21:51:28,668 - INFO - --- validation at epoch 193, val_loss 7.8965, val_mae 6.9681, val_rmse 10.8581, val_r2 0.8399, val_pearson 0.9218, lr 2.70e-05 ---
2026-09-30 21:51:28,668 - INFO - 
****************************************************************************************************
2026-09-30 21:51:30,084 - INFO - --- training epoch 194, loss 6.4955, mae 6.9749, rmse 11.1038, time elapsed(min) 0.02---
2026-09-30 21:51:30,316 - INFO - --- validation at epoch 194, val_loss 7.8993, val_mae 6.9620, val_rmse 10.8613, val_r2 0.8398, val_pearson 0.9208, lr 2.70e-05 ---
2026-09-30 21:51:30,316 - INFO - 
****************************************************************************************************
2026-09-30 21:51:31,925 - INFO - --- training epoch 195, loss 6.5630, mae 7.0401, rmse 11.0181, time elapsed(min) 0.02---
2026-09-30 21:51:32,199 - INFO - --- validation at epoch 195, val_loss 7.8457, val_mae 6.9298, val_rmse 10.8259, val_r2 0.8409, val_pearson 0.9211, lr 2.70e-05 ---
2026-09-30 21:51:32,200 - INFO - 
****************************************************************************************************
2026-09-30 21:51:34,012 - INFO - --- training epoch 196, loss 6.5031, mae 6.9818, rmse 10.9616, time elapsed(min) 0.02---
2026-09-30 21:51:34,261 - INFO - --- validation at epoch 196, val_loss 7.8415, val_mae 6.9065, val_rmse 10.8082, val_r2 0.8414, val_pearson 0.9219, lr 2.70e-05 ---
2026-09-30 21:51:34,261 - INFO - 
****************************************************************************************************
2026-09-30 21:51:36,338 - INFO - --- training epoch 197, loss 6.5176, mae 6.9969, rmse 11.0956, time elapsed(min) 0.03---
2026-09-30 21:51:36,617 - INFO - --- validation at epoch 197, val_loss 7.8739, val_mae 6.9554, val_rmse 10.8690, val_r2 0.8396, val_pearson 0.9222, lr 2.70e-05 ---
2026-09-30 21:51:36,617 - INFO - 
****************************************************************************************************
2026-09-30 21:51:38,658 - INFO - --- training epoch 198, loss 6.5331, mae 7.0082, rmse 11.1946, time elapsed(min) 0.03---
2026-09-30 21:51:38,911 - INFO - --- validation at epoch 198, val_loss 7.7448, val_mae 6.8516, val_rmse 10.7191, val_r2 0.8440, val_pearson 0.9229, lr 2.70e-05 ---
2026-09-30 21:51:38,911 - INFO - 
****************************************************************************************************
2026-09-30 21:51:40,421 - INFO - --- training epoch 199, loss 6.5404, mae 7.0188, rmse 11.1401, time elapsed(min) 0.02---
2026-09-30 21:51:40,678 - INFO - --- validation at epoch 199, val_loss 7.8202, val_mae 6.8728, val_rmse 10.8026, val_r2 0.8416, val_pearson 0.9231, lr 2.70e-05 ---
2026-09-30 21:51:40,679 - INFO - 
****************************************************************************************************
2026-09-30 21:51:42,167 - INFO - --- training epoch 200, loss 6.3914, mae 6.8661, rmse 10.9875, time elapsed(min) 0.02---
2026-09-30 21:51:42,413 - INFO - --- validation at epoch 200, val_loss 7.7587, val_mae 6.8193, val_rmse 10.7093, val_r2 0.8443, val_pearson 0.9226, lr 2.70e-05 ---
2026-09-30 21:51:42,413 - INFO - 
****************************************************************************************************
2026-09-30 21:51:44,192 - INFO - --- training epoch 201, loss 6.5088, mae 6.9868, rmse 11.0940, time elapsed(min) 0.02---
2026-09-30 21:51:44,468 - INFO - --- validation at epoch 201, val_loss 7.7653, val_mae 6.8173, val_rmse 10.7214, val_r2 0.8439, val_pearson 0.9230, lr 2.70e-05 ---
2026-09-30 21:51:44,469 - INFO - 
****************************************************************************************************
2026-09-30 21:51:46,219 - INFO - --- training epoch 202, loss 6.5138, mae 6.9929, rmse 11.1097, time elapsed(min) 0.02---
2026-09-30 21:51:46,467 - INFO - --- validation at epoch 202, val_loss 7.8497, val_mae 6.8593, val_rmse 10.7940, val_r2 0.8418, val_pearson 0.9224, lr 2.70e-05 ---
2026-09-30 21:51:46,467 - INFO - 
****************************************************************************************************
2026-09-30 21:51:48,164 - INFO - --- training epoch 203, loss 6.4731, mae 6.9499, rmse 10.9963, time elapsed(min) 0.02---
2026-09-30 21:51:48,405 - INFO - --- validation at epoch 203, val_loss 7.8569, val_mae 6.8813, val_rmse 10.7990, val_r2 0.8417, val_pearson 0.9229, lr 2.70e-05 ---
2026-09-30 21:51:48,405 - INFO - 
****************************************************************************************************
2026-09-30 21:51:49,810 - INFO - --- training epoch 204, loss 6.5963, mae 7.0741, rmse 11.1251, time elapsed(min) 0.02---
2026-09-30 21:51:50,042 - INFO - --- validation at epoch 204, val_loss 7.8503, val_mae 6.8709, val_rmse 10.8319, val_r2 0.8407, val_pearson 0.9221, lr 2.70e-05 ---
2026-09-30 21:51:50,042 - INFO - 
****************************************************************************************************
2026-09-30 21:51:51,648 - INFO - --- training epoch 205, loss 6.5087, mae 6.9871, rmse 11.0899, time elapsed(min) 0.02---
2026-09-30 21:51:51,933 - INFO - --- validation at epoch 205, val_loss 7.8087, val_mae 6.8296, val_rmse 10.7065, val_r2 0.8444, val_pearson 0.9240, lr 2.70e-05 ---
2026-09-30 21:51:51,933 - INFO - 
****************************************************************************************************
2026-09-30 21:51:53,665 - INFO - --- training epoch 206, loss 6.5559, mae 7.0321, rmse 11.0777, time elapsed(min) 0.02---
2026-09-30 21:51:53,923 - INFO - --- validation at epoch 206, val_loss 7.7020, val_mae 6.8111, val_rmse 10.6871, val_r2 0.8449, val_pearson 0.9233, lr 2.70e-05 ---
2026-09-30 21:51:53,923 - INFO - 
****************************************************************************************************
2026-09-30 21:51:55,808 - INFO - --- training epoch 207, loss 6.5362, mae 7.0137, rmse 11.1269, time elapsed(min) 0.02---
2026-09-30 21:51:56,055 - INFO - --- validation at epoch 207, val_loss 7.7515, val_mae 6.8345, val_rmse 10.7566, val_r2 0.8429, val_pearson 0.9228, lr 2.70e-05 ---
2026-09-30 21:51:56,055 - INFO - 
****************************************************************************************************
2026-09-30 21:51:57,720 - INFO - --- training epoch 208, loss 6.3897, mae 6.8666, rmse 10.8881, time elapsed(min) 0.02---
2026-09-30 21:51:57,963 - INFO - --- validation at epoch 208, val_loss 7.8043, val_mae 6.9206, val_rmse 10.7846, val_r2 0.8421, val_pearson 0.9219, lr 2.70e-05 ---
2026-09-30 21:51:57,963 - INFO - 
****************************************************************************************************
2026-09-30 21:51:59,390 - INFO - --- training epoch 209, loss 6.5442, mae 7.0224, rmse 11.0965, time elapsed(min) 0.02---
2026-09-30 21:51:59,627 - INFO - --- validation at epoch 209, val_loss 7.8299, val_mae 6.8911, val_rmse 10.8145, val_r2 0.8412, val_pearson 0.9222, lr 2.70e-05 ---
2026-09-30 21:51:59,627 - INFO - 
****************************************************************************************************
2026-09-30 21:52:01,079 - INFO - --- training epoch 210, loss 6.5356, mae 7.0138, rmse 11.0953, time elapsed(min) 0.02---
2026-09-30 21:52:01,342 - INFO - --- validation at epoch 210, val_loss 7.8166, val_mae 6.8987, val_rmse 10.8222, val_r2 0.8410, val_pearson 0.9230, lr 2.70e-05 ---
2026-09-30 21:52:01,342 - INFO - 
****************************************************************************************************
2026-09-30 21:52:03,067 - INFO - --- training epoch 211, loss 6.4525, mae 6.9286, rmse 11.0589, time elapsed(min) 0.02---
2026-09-30 21:52:03,346 - INFO - --- validation at epoch 211, val_loss 7.7163, val_mae 6.8265, val_rmse 10.7267, val_r2 0.8438, val_pearson 0.9223, lr 2.70e-05 ---
2026-09-30 21:52:03,346 - INFO - 
****************************************************************************************************
2026-09-30 21:52:05,202 - INFO - --- training epoch 212, loss 6.4686, mae 6.9458, rmse 11.0527, time elapsed(min) 0.02---
2026-09-30 21:52:05,437 - INFO - --- validation at epoch 212, val_loss 7.8951, val_mae 6.9225, val_rmse 10.8263, val_r2 0.8409, val_pearson 0.9227, lr 2.70e-05 ---
2026-09-30 21:52:05,437 - INFO - 
****************************************************************************************************
2026-09-30 21:52:07,141 - INFO - --- training epoch 213, loss 6.5165, mae 6.9942, rmse 11.0399, time elapsed(min) 0.02---
2026-09-30 21:52:07,379 - INFO - --- validation at epoch 213, val_loss 7.9285, val_mae 6.9369, val_rmse 10.8445, val_r2 0.8403, val_pearson 0.9226, lr 2.70e-05 ---
2026-09-30 21:52:07,379 - INFO - 
****************************************************************************************************
2026-09-30 21:52:08,784 - INFO - --- training epoch 214, loss 6.5286, mae 7.0069, rmse 11.1810, time elapsed(min) 0.02---
2026-09-30 21:52:09,043 - INFO - --- validation at epoch 214, val_loss 7.8508, val_mae 6.9242, val_rmse 10.8457, val_r2 0.8403, val_pearson 0.9213, lr 2.70e-05 ---
2026-09-30 21:52:09,044 - INFO - 
****************************************************************************************************
2026-09-30 21:52:10,769 - INFO - --- training epoch 215, loss 6.4547, mae 6.9323, rmse 10.9632, time elapsed(min) 0.02---
2026-09-30 21:52:11,023 - INFO - --- validation at epoch 215, val_loss 7.9068, val_mae 6.9495, val_rmse 10.9184, val_r2 0.8381, val_pearson 0.9215, lr 2.70e-05 ---
2026-09-30 21:52:11,023 - INFO - 
****************************************************************************************************
2026-09-30 21:52:12,794 - INFO - --- training epoch 216, loss 6.4295, mae 6.9052, rmse 10.9067, time elapsed(min) 0.02---
2026-09-30 21:52:13,021 - INFO - --- validation at epoch 216, val_loss 7.8474, val_mae 6.9660, val_rmse 10.8366, val_r2 0.8406, val_pearson 0.9214, lr 2.70e-05 ---
2026-09-30 21:52:13,021 - INFO - 
****************************************************************************************************
2026-09-30 21:52:14,783 - INFO - --- training epoch 217, loss 6.5632, mae 7.0408, rmse 11.1208, time elapsed(min) 0.02---
2026-09-30 21:52:15,312 - INFO - --- validation at epoch 217, val_loss 7.9532, val_mae 7.0187, val_rmse 11.0106, val_r2 0.8354, val_pearson 0.9214, lr 2.70e-05 ---
2026-09-30 21:52:15,312 - INFO - 
****************************************************************************************************
2026-09-30 21:52:16,965 - INFO - --- training epoch 218, loss 6.3744, mae 6.8479, rmse 10.9256, time elapsed(min) 0.02---
2026-09-30 21:52:17,214 - INFO - --- validation at epoch 218, val_loss 7.9027, val_mae 6.9604, val_rmse 10.9234, val_r2 0.8380, val_pearson 0.9217, lr 8.10e-06 ---
2026-09-30 21:52:17,214 - INFO - 
****************************************************************************************************
2026-09-30 21:52:18,631 - INFO - --- training epoch 219, loss 6.5627, mae 7.0416, rmse 11.0933, time elapsed(min) 0.02---
2026-09-30 21:52:18,907 - INFO - --- validation at epoch 219, val_loss 7.8414, val_mae 6.9137, val_rmse 10.8525, val_r2 0.8401, val_pearson 0.9219, lr 8.10e-06 ---
2026-09-30 21:52:18,907 - INFO - 
****************************************************************************************************
2026-09-30 21:52:20,329 - INFO - --- training epoch 220, loss 6.3603, mae 6.8369, rmse 10.9455, time elapsed(min) 0.02---
2026-09-30 21:52:20,576 - INFO - --- validation at epoch 220, val_loss 7.8597, val_mae 6.9251, val_rmse 10.8740, val_r2 0.8395, val_pearson 0.9219, lr 8.10e-06 ---
2026-09-30 21:52:20,576 - INFO - 
****************************************************************************************************
2026-09-30 21:52:22,380 - INFO - --- training epoch 221, loss 6.4411, mae 6.9207, rmse 10.9481, time elapsed(min) 0.02---
2026-09-30 21:52:22,644 - INFO - --- validation at epoch 221, val_loss 7.8111, val_mae 6.8893, val_rmse 10.8128, val_r2 0.8413, val_pearson 0.9220, lr 8.10e-06 ---
2026-09-30 21:52:22,644 - INFO - 
****************************************************************************************************
2026-09-30 21:52:24,401 - INFO - --- training epoch 222, loss 6.4506, mae 6.9269, rmse 10.9878, time elapsed(min) 0.02---
2026-09-30 21:52:24,649 - INFO - --- validation at epoch 222, val_loss 7.7987, val_mae 6.9021, val_rmse 10.7989, val_r2 0.8417, val_pearson 0.9219, lr 8.10e-06 ---
2026-09-30 21:52:24,650 - INFO - 
****************************************************************************************************
2026-09-30 21:52:26,369 - INFO - --- training epoch 223, loss 6.5049, mae 6.9833, rmse 11.0392, time elapsed(min) 0.02---
2026-09-30 21:52:26,638 - INFO - --- validation at epoch 223, val_loss 7.8165, val_mae 6.8974, val_rmse 10.8393, val_r2 0.8405, val_pearson 0.9221, lr 8.10e-06 ---
2026-09-30 21:52:26,638 - INFO - 
****************************************************************************************************
2026-09-30 21:52:28,071 - INFO - --- training epoch 224, loss 6.4505, mae 6.9254, rmse 11.0120, time elapsed(min) 0.02---
2026-09-30 21:52:28,317 - INFO - --- validation at epoch 224, val_loss 7.8400, val_mae 6.9066, val_rmse 10.8648, val_r2 0.8397, val_pearson 0.9221, lr 8.10e-06 ---
2026-09-30 21:52:28,317 - INFO - 
****************************************************************************************************
2026-09-30 21:52:29,756 - INFO - --- training epoch 225, loss 6.4267, mae 6.9054, rmse 10.8608, time elapsed(min) 0.02---
2026-09-30 21:52:30,016 - INFO - --- validation at epoch 225, val_loss 7.8084, val_mae 6.8720, val_rmse 10.8415, val_r2 0.8404, val_pearson 0.9221, lr 8.10e-06 ---
2026-09-30 21:52:30,017 - INFO - 
****************************************************************************************************
2026-09-30 21:52:31,757 - INFO - --- training epoch 226, loss 6.5071, mae 6.9849, rmse 11.1153, time elapsed(min) 0.02---
2026-09-30 21:52:31,998 - INFO - --- validation at epoch 226, val_loss 7.8258, val_mae 6.8824, val_rmse 10.8579, val_r2 0.8399, val_pearson 0.9220, lr 8.10e-06 ---
2026-09-30 21:52:31,998 - INFO - 
****************************************************************************************************
2026-09-30 21:52:33,863 - INFO - --- training epoch 227, loss 6.3663, mae 6.8420, rmse 10.9837, time elapsed(min) 0.02---
2026-09-30 21:52:34,090 - INFO - --- validation at epoch 227, val_loss 7.8085, val_mae 6.8551, val_rmse 10.8398, val_r2 0.8405, val_pearson 0.9222, lr 8.10e-06 ---
2026-09-30 21:52:34,090 - INFO - 
****************************************************************************************************
2026-09-30 21:52:35,805 - INFO - --- training epoch 228, loss 6.4108, mae 6.8890, rmse 10.8884, time elapsed(min) 0.02---
2026-09-30 21:52:36,057 - INFO - --- validation at epoch 228, val_loss 7.8742, val_mae 6.9078, val_rmse 10.8994, val_r2 0.8387, val_pearson 0.9220, lr 8.10e-06 ---
2026-09-30 21:52:36,057 - INFO - 
****************************************************************************************************
2026-09-30 21:52:37,481 - INFO - --- training epoch 229, loss 6.4836, mae 6.9597, rmse 10.9983, time elapsed(min) 0.02---
2026-09-30 21:52:37,712 - INFO - --- validation at epoch 229, val_loss 7.8555, val_mae 6.8901, val_rmse 10.8834, val_r2 0.8392, val_pearson 0.9219, lr 2.43e-06 ---
2026-09-30 21:52:37,712 - INFO - 
****************************************************************************************************
2026-09-30 21:52:39,390 - INFO - --- training epoch 230, loss 6.4140, mae 6.8930, rmse 11.0646, time elapsed(min) 0.02---
2026-09-30 21:52:39,633 - INFO - --- validation at epoch 230, val_loss 7.8336, val_mae 6.8713, val_rmse 10.8617, val_r2 0.8398, val_pearson 0.9219, lr 2.43e-06 ---
2026-09-30 21:52:39,633 - INFO - 
****************************************************************************************************
2026-09-30 21:52:41,458 - INFO - --- training epoch 231, loss 6.5712, mae 7.0476, rmse 11.0780, time elapsed(min) 0.02---
2026-09-30 21:52:41,681 - INFO - --- validation at epoch 231, val_loss 7.8233, val_mae 6.8580, val_rmse 10.8459, val_r2 0.8403, val_pearson 0.9220, lr 2.43e-06 ---
2026-09-30 21:52:41,681 - INFO - 
****************************************************************************************************
2026-09-30 21:52:43,504 - INFO - --- training epoch 232, loss 6.4285, mae 6.9041, rmse 10.9234, time elapsed(min) 0.02---
2026-09-30 21:52:43,731 - INFO - --- validation at epoch 232, val_loss 7.8195, val_mae 6.8537, val_rmse 10.8372, val_r2 0.8405, val_pearson 0.9221, lr 2.43e-06 ---
2026-09-30 21:52:43,731 - INFO - 
****************************************************************************************************
2026-09-30 21:52:45,825 - INFO - --- training epoch 233, loss 6.3714, mae 6.8486, rmse 10.8578, time elapsed(min) 0.03---
2026-09-30 21:52:46,070 - INFO - --- validation at epoch 233, val_loss 7.8218, val_mae 6.8559, val_rmse 10.8405, val_r2 0.8404, val_pearson 0.9222, lr 2.43e-06 ---
2026-09-30 21:52:46,071 - INFO - 
****************************************************************************************************
2026-09-30 21:52:47,496 - INFO - --- training epoch 234, loss 6.5084, mae 6.9841, rmse 11.0623, time elapsed(min) 0.02---
2026-09-30 21:52:47,748 - INFO - --- validation at epoch 234, val_loss 7.8122, val_mae 6.8434, val_rmse 10.8275, val_r2 0.8408, val_pearson 0.9224, lr 2.43e-06 ---
2026-09-30 21:52:47,748 - INFO - 
****************************************************************************************************
2026-09-30 21:52:49,169 - INFO - --- training epoch 235, loss 6.4091, mae 6.8849, rmse 11.0538, time elapsed(min) 0.02---
2026-09-30 21:52:49,402 - INFO - --- validation at epoch 235, val_loss 7.8077, val_mae 6.8357, val_rmse 10.8204, val_r2 0.8410, val_pearson 0.9224, lr 2.43e-06 ---
2026-09-30 21:52:49,402 - INFO - 
****************************************************************************************************
2026-09-30 21:52:51,016 - INFO - --- training epoch 236, loss 6.3696, mae 6.8485, rmse 10.9894, time elapsed(min) 0.02---
2026-09-30 21:52:51,232 - INFO - --- validation at epoch 236, val_loss 7.8037, val_mae 6.8322, val_rmse 10.8125, val_r2 0.8413, val_pearson 0.9224, lr 2.43e-06 ---
2026-09-30 21:52:51,232 - INFO - 
****************************************************************************************************
2026-09-30 21:52:52,957 - INFO - --- training epoch 237, loss 6.4530, mae 6.9301, rmse 10.9718, time elapsed(min) 0.02---
2026-09-30 21:52:53,209 - INFO - --- validation at epoch 237, val_loss 7.8090, val_mae 6.8405, val_rmse 10.8203, val_r2 0.8410, val_pearson 0.9224, lr 2.43e-06 ---
2026-09-30 21:52:53,209 - INFO - 
****************************************************************************************************
2026-09-30 21:52:55,207 - INFO - --- training epoch 238, loss 6.4204, mae 6.8990, rmse 10.9568, time elapsed(min) 0.03---
2026-09-30 21:52:55,438 - INFO - --- validation at epoch 238, val_loss 7.8165, val_mae 6.8477, val_rmse 10.8249, val_r2 0.8409, val_pearson 0.9224, lr 2.43e-06 ---
2026-09-30 21:52:55,439 - INFO - 
****************************************************************************************************
2026-09-30 21:52:56,843 - INFO - --- training epoch 239, loss 6.4142, mae 6.8947, rmse 11.0336, time elapsed(min) 0.02---
2026-09-30 21:52:57,076 - INFO - --- validation at epoch 239, val_loss 7.8084, val_mae 6.8428, val_rmse 10.8145, val_r2 0.8412, val_pearson 0.9224, lr 2.43e-06 ---
2026-09-30 21:52:57,076 - INFO - 
****************************************************************************************************
2026-09-30 21:52:58,502 - INFO - --- training epoch 240, loss 6.5365, mae 7.0132, rmse 11.0330, time elapsed(min) 0.02---
2026-09-30 21:52:58,753 - INFO - --- validation at epoch 240, val_loss 7.8134, val_mae 6.8475, val_rmse 10.8190, val_r2 0.8411, val_pearson 0.9224, lr 1.00e-06 ---
2026-09-30 21:52:58,753 - INFO - 
****************************************************************************************************
2026-09-30 21:53:00,526 - INFO - --- training epoch 241, loss 6.4294, mae 6.9035, rmse 10.9982, time elapsed(min) 0.02---
2026-09-30 21:53:00,752 - INFO - --- validation at epoch 241, val_loss 7.8161, val_mae 6.8507, val_rmse 10.8208, val_r2 0.8410, val_pearson 0.9224, lr 1.00e-06 ---
2026-09-30 21:53:00,752 - INFO - 
****************************************************************************************************
2026-09-30 21:53:02,517 - INFO - --- training epoch 242, loss 6.3619, mae 6.8386, rmse 10.9994, time elapsed(min) 0.02---
2026-09-30 21:53:02,747 - INFO - --- validation at epoch 242, val_loss 7.8236, val_mae 6.8557, val_rmse 10.8292, val_r2 0.8408, val_pearson 0.9223, lr 1.00e-06 ---
2026-09-30 21:53:02,747 - INFO - 
****************************************************************************************************
2026-09-30 21:53:04,494 - INFO - --- training epoch 243, loss 6.4572, mae 6.9352, rmse 11.0688, time elapsed(min) 0.02---
2026-09-30 21:53:04,746 - INFO - --- validation at epoch 243, val_loss 7.8237, val_mae 6.8536, val_rmse 10.8275, val_r2 0.8408, val_pearson 0.9223, lr 1.00e-06 ---
2026-09-30 21:53:04,746 - INFO - 
****************************************************************************************************
2026-09-30 21:53:06,177 - INFO - --- training epoch 244, loss 6.4683, mae 6.9471, rmse 11.0055, time elapsed(min) 0.02---
2026-09-30 21:53:06,420 - INFO - --- validation at epoch 244, val_loss 7.8207, val_mae 6.8520, val_rmse 10.8231, val_r2 0.8410, val_pearson 0.9224, lr 1.00e-06 ---
2026-09-30 21:53:06,420 - INFO - 
****************************************************************************************************
2026-09-30 21:53:08,069 - INFO - --- training epoch 245, loss 6.3069, mae 6.7844, rmse 10.8023, time elapsed(min) 0.02---
2026-09-30 21:53:08,300 - INFO - --- validation at epoch 245, val_loss 7.8182, val_mae 6.8491, val_rmse 10.8176, val_r2 0.8411, val_pearson 0.9224, lr 1.00e-06 ---
2026-09-30 21:53:08,300 - INFO - 
****************************************************************************************************
2026-09-30 21:53:10,162 - INFO - --- training epoch 246, loss 6.3973, mae 6.8729, rmse 10.9622, time elapsed(min) 0.02---
2026-09-30 21:53:10,407 - INFO - --- validation at epoch 246, val_loss 7.8152, val_mae 6.8477, val_rmse 10.8166, val_r2 0.8411, val_pearson 0.9224, lr 1.00e-06 ---
2026-09-30 21:53:10,407 - INFO - 
****************************************************************************************************
2026-09-30 21:53:12,387 - INFO - --- training epoch 247, loss 6.3606, mae 6.8364, rmse 10.8808, time elapsed(min) 0.02---
2026-09-30 21:53:12,648 - INFO - --- validation at epoch 247, val_loss 7.8024, val_mae 6.8358, val_rmse 10.8046, val_r2 0.8415, val_pearson 0.9225, lr 1.00e-06 ---
2026-09-30 21:53:12,648 - INFO - 
****************************************************************************************************
2026-09-30 21:53:14,716 - INFO - --- training epoch 248, loss 6.4993, mae 6.9758, rmse 11.1042, time elapsed(min) 0.03---
2026-09-30 21:53:14,972 - INFO - --- validation at epoch 248, val_loss 7.7912, val_mae 6.8260, val_rmse 10.7947, val_r2 0.8418, val_pearson 0.9225, lr 1.00e-06 ---
2026-09-30 21:53:14,972 - INFO - 
****************************************************************************************************
2026-09-30 21:53:16,362 - INFO - --- training epoch 249, loss 6.4027, mae 6.8777, rmse 10.9084, time elapsed(min) 0.02---
2026-09-30 21:53:16,627 - INFO - --- validation at epoch 249, val_loss 7.7884, val_mae 6.8239, val_rmse 10.7929, val_r2 0.8418, val_pearson 0.9225, lr 1.00e-06 ---
2026-09-30 21:53:16,627 - INFO - 
****************************************************************************************************
2026-09-30 21:53:18,321 - INFO - --- training epoch 250, loss 6.3672, mae 6.8416, rmse 10.8785, time elapsed(min) 0.02---
2026-09-30 21:53:18,549 - INFO - --- validation at epoch 250, val_loss 7.7826, val_mae 6.8191, val_rmse 10.7891, val_r2 0.8420, val_pearson 0.9225, lr 1.00e-06 ---
2026-09-30 21:53:18,549 - INFO - 
****************************************************************************************************
2026-09-30 21:53:20,340 - INFO - --- training epoch 251, loss 6.4365, mae 6.9116, rmse 10.9012, time elapsed(min) 0.02---
2026-09-30 21:53:20,585 - INFO - --- validation at epoch 251, val_loss 7.7809, val_mae 6.8178, val_rmse 10.7880, val_r2 0.8420, val_pearson 0.9225, lr 1.00e-06 ---
2026-09-30 21:53:20,585 - INFO - 
****************************************************************************************************
2026-09-30 21:53:22,575 - INFO - --- training epoch 252, loss 6.4755, mae 6.9537, rmse 11.0140, time elapsed(min) 0.02---
2026-09-30 21:53:22,821 - INFO - --- validation at epoch 252, val_loss 7.7823, val_mae 6.8187, val_rmse 10.7917, val_r2 0.8419, val_pearson 0.9225, lr 1.00e-06 ---
2026-09-30 21:53:22,821 - INFO - 
****************************************************************************************************
2026-09-30 21:53:24,861 - INFO - --- training epoch 253, loss 6.4154, mae 6.8929, rmse 10.9665, time elapsed(min) 0.03---
2026-09-30 21:53:25,121 - INFO - --- validation at epoch 253, val_loss 7.7927, val_mae 6.8276, val_rmse 10.8034, val_r2 0.8415, val_pearson 0.9225, lr 1.00e-06 ---
2026-09-30 21:53:25,121 - INFO - 
****************************************************************************************************
2026-09-30 21:53:26,547 - INFO - --- training epoch 254, loss 6.4167, mae 6.8925, rmse 10.9849, time elapsed(min) 0.02---
2026-09-30 21:53:26,805 - INFO - --- validation at epoch 254, val_loss 7.7962, val_mae 6.8310, val_rmse 10.8066, val_r2 0.8414, val_pearson 0.9224, lr 1.00e-06 ---
2026-09-30 21:53:26,805 - INFO - 
****************************************************************************************************
2026-09-30 21:53:28,216 - INFO - --- training epoch 255, loss 6.3506, mae 6.8302, rmse 10.8877, time elapsed(min) 0.02---
2026-09-30 21:53:28,466 - INFO - --- validation at epoch 255, val_loss 7.8025, val_mae 6.8379, val_rmse 10.8166, val_r2 0.8411, val_pearson 0.9224, lr 1.00e-06 ---
2026-09-30 21:53:28,466 - INFO - 
****************************************************************************************************
2026-09-30 21:53:30,197 - INFO - --- training epoch 256, loss 6.3534, mae 6.8307, rmse 10.9056, time elapsed(min) 0.02---
2026-09-30 21:53:30,448 - INFO - --- validation at epoch 256, val_loss 7.7997, val_mae 6.8343, val_rmse 10.8125, val_r2 0.8413, val_pearson 0.9224, lr 1.00e-06 ---
2026-09-30 21:53:30,448 - INFO - 
****************************************************************************************************
2026-09-30 21:53:30,930 - INFO - --- early stopping at epoch 256: val_loss did not improve for 50 epochs ---
2026-09-30 21:53:31,203 - INFO - --- selected checkpoint from epoch 206, val_loss 7.7020, val_mae 6.8111, val_rmse 10.6871
2026-09-30 21:53:32,160 - INFO - -- RESULT
2026-09-30 21:53:32,160 - INFO - --- test size: 1187
2026-09-30 21:53:32,160 - INFO - --- MAE: 7.2892 pp, RMSE: 11.4549 pp, R2: 0.8211, Pearson: 0.9078
2026-09-30 21:53:34,408 - INFO - --- Buchwald-Hartwig | fullcv03_split70 | approach_3: test R2 0.8211 MAE 7.2892 RMSE 11.4549 | 506.3s (2.0s/epoch)
2026-09-30 21:53:34,412 - INFO - --- Buchwald-Hartwig | fullcv03_split70 | approach 2 (comb/mlp) (comb/mlp)
