2026-10-01 11:15:57,486 - INFO - device is	cuda:0
2026-10-01 11:15:57,678 - INFO - -- CONFIGURATIONS
2026-10-01 11:15:57,678 - INFO - --- train/valid/test: 3628/404/1728
2026-10-01 11:15:57,678 - INFO - --- max no. reactants_train, valid, test respectively: 14, 14, 14
2026-10-01 11:15:57,678 - INFO - --- max no. products_train, valid, test respectively: 1, 1, 1
2026-10-01 11:15:57,678 - INFO - --- model_path: ../logs/approach2_grid_suzuki/e400/runs/Suzuki-Miyaura_split_8_current_model/model.pt
2026-10-01 11:15:57,685 - INFO - -- TRAINING
2026-10-01 11:15:59,084 - INFO - --- training epoch 0, loss 2.7163, mae 3.1070, rmse 7.7268, time elapsed(min) 0.02---
2026-10-01 11:15:59,462 - INFO - --- validation at epoch 0, val_loss 0.0379, val_mae 0.2469, val_rmse 0.2807, val_r2 -0.0177, val_pearson 0.0825, lr 1.00e-03 ---
2026-10-01 11:15:59,462 - INFO - 
****************************************************************************************************
2026-10-01 11:16:01,545 - INFO - --- training epoch 1, loss 0.0461, mae 0.2584, rmse 0.3038, time elapsed(min) 0.03---
2026-10-01 11:16:01,762 - INFO - --- validation at epoch 1, val_loss 0.0372, val_mae 0.2387, val_rmse 0.2771, val_r2 0.0078, val_pearson 0.1493, lr 1.00e-03 ---
2026-10-01 11:16:01,762 - INFO - 
****************************************************************************************************
2026-10-01 11:16:03,569 - INFO - --- training epoch 2, loss 0.0399, mae 0.2445, rmse 0.2825, time elapsed(min) 0.02---
2026-10-01 11:16:03,794 - INFO - --- validation at epoch 2, val_loss 0.0370, val_mae 0.2369, val_rmse 0.2763, val_r2 0.0134, val_pearson 0.1937, lr 1.00e-03 ---
2026-10-01 11:16:03,794 - INFO - 
****************************************************************************************************
2026-10-01 11:16:05,509 - INFO - --- training epoch 3, loss 0.0389, mae 0.2409, rmse 0.2789, time elapsed(min) 0.02---
2026-10-01 11:16:05,733 - INFO - --- validation at epoch 3, val_loss 0.0387, val_mae 0.2349, val_rmse 0.2817, val_r2 -0.0250, val_pearson 0.2281, lr 1.00e-03 ---
2026-10-01 11:16:05,733 - INFO - 
****************************************************************************************************
2026-10-01 11:16:07,535 - INFO - --- training epoch 4, loss 0.0380, mae 0.2393, rmse 0.2756, time elapsed(min) 0.03---
2026-10-01 11:16:07,953 - INFO - --- validation at epoch 4, val_loss 0.0354, val_mae 0.2323, val_rmse 0.2712, val_r2 0.0495, val_pearson 0.2580, lr 1.00e-03 ---
2026-10-01 11:16:07,953 - INFO - 
****************************************************************************************************
2026-10-01 11:16:09,995 - INFO - --- training epoch 5, loss 0.0372, mae 0.2342, rmse 0.2726, time elapsed(min) 0.03---
2026-10-01 11:16:10,214 - INFO - --- validation at epoch 5, val_loss 0.0364, val_mae 0.2297, val_rmse 0.2746, val_r2 0.0259, val_pearson 0.2759, lr 1.00e-03 ---
2026-10-01 11:16:10,215 - INFO - 
****************************************************************************************************
2026-10-01 11:16:12,068 - INFO - --- training epoch 6, loss 0.0366, mae 0.2317, rmse 0.2707, time elapsed(min) 0.03---
2026-10-01 11:16:12,283 - INFO - --- validation at epoch 6, val_loss 0.0385, val_mae 0.2312, val_rmse 0.2817, val_r2 -0.0253, val_pearson 0.2838, lr 1.00e-03 ---
2026-10-01 11:16:12,283 - INFO - 
****************************************************************************************************
2026-10-01 11:16:14,038 - INFO - --- training epoch 7, loss 0.0364, mae 0.2306, rmse 0.2698, time elapsed(min) 0.02---
2026-10-01 11:16:14,405 - INFO - --- validation at epoch 7, val_loss 0.0379, val_mae 0.2300, val_rmse 0.2788, val_r2 -0.0046, val_pearson 0.2958, lr 1.00e-03 ---
2026-10-01 11:16:14,405 - INFO - 
****************************************************************************************************
2026-10-01 11:16:16,497 - INFO - --- training epoch 8, loss 0.0357, mae 0.2286, rmse 0.2673, time elapsed(min) 0.03---
2026-10-01 11:16:16,718 - INFO - --- validation at epoch 8, val_loss 0.0341, val_mae 0.2262, val_rmse 0.2652, val_r2 0.0913, val_pearson 0.3043, lr 1.00e-03 ---
2026-10-01 11:16:16,718 - INFO - 
****************************************************************************************************
2026-10-01 11:16:18,714 - INFO - --- training epoch 9, loss 0.0348, mae 0.2241, rmse 0.2636, time elapsed(min) 0.03---
2026-10-01 11:16:18,980 - INFO - --- validation at epoch 9, val_loss 0.0342, val_mae 0.2237, val_rmse 0.2635, val_r2 0.1029, val_pearson 0.3230, lr 1.00e-03 ---
2026-10-01 11:16:18,980 - INFO - 
****************************************************************************************************
2026-10-01 11:16:20,687 - INFO - --- training epoch 10, loss 0.0340, mae 0.2189, rmse 0.2608, time elapsed(min) 0.02---
2026-10-01 11:16:21,072 - INFO - --- validation at epoch 10, val_loss 0.0337, val_mae 0.2194, val_rmse 0.2610, val_r2 0.1199, val_pearson 0.3496, lr 1.00e-03 ---
2026-10-01 11:16:21,072 - INFO - 
****************************************************************************************************
2026-10-01 11:16:23,033 - INFO - --- training epoch 11, loss 0.0342, mae 0.2187, rmse 0.2614, time elapsed(min) 0.03---
2026-10-01 11:16:23,436 - INFO - --- validation at epoch 11, val_loss 0.0378, val_mae 0.2236, val_rmse 0.2752, val_r2 0.0217, val_pearson 0.3607, lr 1.00e-03 ---
2026-10-01 11:16:23,436 - INFO - 
****************************************************************************************************
2026-10-01 11:16:25,245 - INFO - --- training epoch 12, loss 0.0330, mae 0.2160, rmse 0.2568, time elapsed(min) 0.02---
2026-10-01 11:16:25,465 - INFO - --- validation at epoch 12, val_loss 0.0352, val_mae 0.2185, val_rmse 0.2656, val_r2 0.0889, val_pearson 0.3696, lr 1.00e-03 ---
2026-10-01 11:16:25,465 - INFO - 
****************************************************************************************************
2026-10-01 11:16:27,147 - INFO - --- training epoch 13, loss 0.0325, mae 0.2137, rmse 0.2550, time elapsed(min) 0.02---
2026-10-01 11:16:27,361 - INFO - --- validation at epoch 13, val_loss 0.0335, val_mae 0.2158, val_rmse 0.2600, val_r2 0.1269, val_pearson 0.3868, lr 1.00e-03 ---
2026-10-01 11:16:27,361 - INFO - 
****************************************************************************************************
2026-10-01 11:16:29,211 - INFO - --- training epoch 14, loss 0.0357, mae 0.2232, rmse 0.2673, time elapsed(min) 0.02---
2026-10-01 11:16:29,609 - INFO - --- validation at epoch 14, val_loss 0.0362, val_mae 0.2180, val_rmse 0.2705, val_r2 0.0545, val_pearson 0.4376, lr 1.00e-03 ---
2026-10-01 11:16:29,609 - INFO - 
****************************************************************************************************
2026-10-01 11:16:31,409 - INFO - --- training epoch 15, loss 0.0354, mae 0.2208, rmse 0.2660, time elapsed(min) 0.02---
2026-10-01 11:16:31,635 - INFO - --- validation at epoch 15, val_loss 0.0352, val_mae 0.2120, val_rmse 0.2653, val_r2 0.0904, val_pearson 0.4247, lr 1.00e-03 ---
2026-10-01 11:16:31,635 - INFO - 
****************************************************************************************************
2026-10-01 11:16:33,387 - INFO - --- training epoch 16, loss 0.0325, mae 0.2102, rmse 0.2550, time elapsed(min) 0.02---
2026-10-01 11:16:33,605 - INFO - --- validation at epoch 16, val_loss 0.0323, val_mae 0.2062, val_rmse 0.2570, val_r2 0.1463, val_pearson 0.4742, lr 1.00e-03 ---
2026-10-01 11:16:33,605 - INFO - 
****************************************************************************************************
2026-10-01 11:16:35,375 - INFO - --- training epoch 17, loss 0.0298, mae 0.2000, rmse 0.2443, time elapsed(min) 0.02---
2026-10-01 11:16:35,754 - INFO - --- validation at epoch 17, val_loss 0.0274, val_mae 0.1942, val_rmse 0.2382, val_r2 0.2672, val_pearson 0.5183, lr 1.00e-03 ---
2026-10-01 11:16:35,754 - INFO - 
****************************************************************************************************
2026-10-01 11:16:37,805 - INFO - --- training epoch 18, loss 0.0288, mae 0.1967, rmse 0.2401, time elapsed(min) 0.03---
2026-10-01 11:16:38,023 - INFO - --- validation at epoch 18, val_loss 0.0269, val_mae 0.1927, val_rmse 0.2365, val_r2 0.2772, val_pearson 0.5468, lr 1.00e-03 ---
2026-10-01 11:16:38,023 - INFO - 
****************************************************************************************************
2026-10-01 11:16:39,795 - INFO - --- training epoch 19, loss 0.0267, mae 0.1879, rmse 0.2310, time elapsed(min) 0.02---
2026-10-01 11:16:40,016 - INFO - --- validation at epoch 19, val_loss 0.0243, val_mae 0.1861, val_rmse 0.2245, val_r2 0.3486, val_pearson 0.6052, lr 1.00e-03 ---
2026-10-01 11:16:40,016 - INFO - 
****************************************************************************************************
2026-10-01 11:16:41,860 - INFO - --- training epoch 20, loss 0.0233, mae 0.1756, rmse 0.2158, time elapsed(min) 0.02---
2026-10-01 11:16:42,233 - INFO - --- validation at epoch 20, val_loss 0.0185, val_mae 0.1574, val_rmse 0.1924, val_r2 0.5217, val_pearson 0.7305, lr 1.00e-03 ---
2026-10-01 11:16:42,234 - INFO - 
****************************************************************************************************
2026-10-01 11:16:44,367 - INFO - --- training epoch 21, loss 0.0213, mae 0.1666, rmse 0.2064, time elapsed(min) 0.03---
2026-10-01 11:16:44,586 - INFO - --- validation at epoch 21, val_loss 0.0188, val_mae 0.1609, val_rmse 0.1955, val_r2 0.5064, val_pearson 0.7347, lr 1.00e-03 ---
2026-10-01 11:16:44,586 - INFO - 
****************************************************************************************************
2026-10-01 11:16:46,273 - INFO - --- training epoch 22, loss 0.0207, mae 0.1635, rmse 0.2034, time elapsed(min) 0.02---
2026-10-01 11:16:46,493 - INFO - --- validation at epoch 22, val_loss 0.0181, val_mae 0.1555, val_rmse 0.1889, val_r2 0.5390, val_pearson 0.7437, lr 1.00e-03 ---
2026-10-01 11:16:46,493 - INFO - 
****************************************************************************************************
2026-10-01 11:16:48,238 - INFO - --- training epoch 23, loss 0.0200, mae 0.1599, rmse 0.1998, time elapsed(min) 0.02---
2026-10-01 11:16:48,610 - INFO - --- validation at epoch 23, val_loss 0.0179, val_mae 0.1528, val_rmse 0.1882, val_r2 0.5424, val_pearson 0.7425, lr 1.00e-03 ---
2026-10-01 11:16:48,610 - INFO - 
****************************************************************************************************
2026-10-01 11:16:50,474 - INFO - --- training epoch 24, loss 0.0200, mae 0.1607, rmse 0.2001, time elapsed(min) 0.02---
2026-10-01 11:16:50,902 - INFO - --- validation at epoch 24, val_loss 0.0178, val_mae 0.1520, val_rmse 0.1873, val_r2 0.5466, val_pearson 0.7441, lr 1.00e-03 ---
2026-10-01 11:16:50,903 - INFO - 
****************************************************************************************************
2026-10-01 11:16:52,766 - INFO - --- training epoch 25, loss 0.0197, mae 0.1587, rmse 0.1986, time elapsed(min) 0.02---
2026-10-01 11:16:52,992 - INFO - --- validation at epoch 25, val_loss 0.0169, val_mae 0.1480, val_rmse 0.1824, val_r2 0.5703, val_pearson 0.7638, lr 1.00e-03 ---
2026-10-01 11:16:52,992 - INFO - 
****************************************************************************************************
2026-10-01 11:16:54,769 - INFO - --- training epoch 26, loss 0.0195, mae 0.1582, rmse 0.1976, time elapsed(min) 0.02---
2026-10-01 11:16:54,990 - INFO - --- validation at epoch 26, val_loss 0.0182, val_mae 0.1566, val_rmse 0.1880, val_r2 0.5432, val_pearson 0.7638, lr 1.00e-03 ---
2026-10-01 11:16:54,990 - INFO - 
****************************************************************************************************
2026-10-01 11:16:56,800 - INFO - --- training epoch 27, loss 0.0193, mae 0.1574, rmse 0.1967, time elapsed(min) 0.03---
2026-10-01 11:16:57,234 - INFO - --- validation at epoch 27, val_loss 0.0180, val_mae 0.1512, val_rmse 0.1863, val_r2 0.5516, val_pearson 0.7513, lr 1.00e-03 ---
2026-10-01 11:16:57,234 - INFO - 
****************************************************************************************************
2026-10-01 11:16:59,068 - INFO - --- training epoch 28, loss 0.0190, mae 0.1555, rmse 0.1951, time elapsed(min) 0.02---
2026-10-01 11:16:59,292 - INFO - --- validation at epoch 28, val_loss 0.0184, val_mae 0.1555, val_rmse 0.1890, val_r2 0.5386, val_pearson 0.7530, lr 1.00e-03 ---
2026-10-01 11:16:59,292 - INFO - 
****************************************************************************************************
2026-10-01 11:17:01,090 - INFO - --- training epoch 29, loss 0.0190, mae 0.1564, rmse 0.1951, time elapsed(min) 0.03---
2026-10-01 11:17:01,308 - INFO - --- validation at epoch 29, val_loss 0.0166, val_mae 0.1450, val_rmse 0.1793, val_r2 0.5846, val_pearson 0.7747, lr 1.00e-03 ---
2026-10-01 11:17:01,308 - INFO - 
****************************************************************************************************
2026-10-01 11:17:03,067 - INFO - --- training epoch 30, loss 0.0186, mae 0.1533, rmse 0.1930, time elapsed(min) 0.02---
2026-10-01 11:17:03,452 - INFO - --- validation at epoch 30, val_loss 0.0165, val_mae 0.1420, val_rmse 0.1775, val_r2 0.5929, val_pearson 0.7779, lr 1.00e-03 ---
2026-10-01 11:17:03,452 - INFO - 
****************************************************************************************************
2026-10-01 11:17:05,476 - INFO - --- training epoch 31, loss 0.0182, mae 0.1510, rmse 0.1907, time elapsed(min) 0.03---
2026-10-01 11:17:05,689 - INFO - --- validation at epoch 31, val_loss 0.0167, val_mae 0.1436, val_rmse 0.1774, val_r2 0.5935, val_pearson 0.7835, lr 1.00e-03 ---
2026-10-01 11:17:05,689 - INFO - 
****************************************************************************************************
2026-10-01 11:17:07,370 - INFO - --- training epoch 32, loss 0.0226, mae 0.1710, rmse 0.2127, time elapsed(min) 0.02---
2026-10-01 11:17:07,598 - INFO - --- validation at epoch 32, val_loss 0.0177, val_mae 0.1462, val_rmse 0.1837, val_r2 0.5638, val_pearson 0.7611, lr 1.00e-03 ---
2026-10-01 11:17:07,598 - INFO - 
****************************************************************************************************
2026-10-01 11:17:09,345 - INFO - --- training epoch 33, loss 0.0180, mae 0.1500, rmse 0.1898, time elapsed(min) 0.02---
2026-10-01 11:17:09,716 - INFO - --- validation at epoch 33, val_loss 0.0161, val_mae 0.1374, val_rmse 0.1731, val_r2 0.6127, val_pearson 0.7888, lr 1.00e-03 ---
2026-10-01 11:17:09,716 - INFO - 
****************************************************************************************************
2026-10-01 11:17:11,740 - INFO - --- training epoch 34, loss 0.0207, mae 0.1613, rmse 0.2034, time elapsed(min) 0.03---
2026-10-01 11:17:11,955 - INFO - --- validation at epoch 34, val_loss 0.0236, val_mae 0.1645, val_rmse 0.2140, val_r2 0.4081, val_pearson 0.7552, lr 1.00e-03 ---
2026-10-01 11:17:11,955 - INFO - 
****************************************************************************************************
2026-10-01 11:17:13,616 - INFO - --- training epoch 35, loss 0.0189, mae 0.1537, rmse 0.1947, time elapsed(min) 0.02---
2026-10-01 11:17:13,836 - INFO - --- validation at epoch 35, val_loss 0.0159, val_mae 0.1373, val_rmse 0.1733, val_r2 0.6121, val_pearson 0.7903, lr 1.00e-03 ---
2026-10-01 11:17:13,836 - INFO - 
****************************************************************************************************
2026-10-01 11:17:15,602 - INFO - --- training epoch 36, loss 0.0169, mae 0.1449, rmse 0.1838, time elapsed(min) 0.02---
2026-10-01 11:17:15,963 - INFO - --- validation at epoch 36, val_loss 0.0163, val_mae 0.1366, val_rmse 0.1724, val_r2 0.6161, val_pearson 0.7933, lr 1.00e-03 ---
2026-10-01 11:17:15,963 - INFO - 
****************************************************************************************************
2026-10-01 11:17:17,906 - INFO - --- training epoch 37, loss 0.0159, mae 0.1412, rmse 0.1783, time elapsed(min) 0.03---
2026-10-01 11:17:18,121 - INFO - --- validation at epoch 37, val_loss 0.0150, val_mae 0.1281, val_rmse 0.1647, val_r2 0.6493, val_pearson 0.8072, lr 1.00e-03 ---
2026-10-01 11:17:18,121 - INFO - 
****************************************************************************************************
2026-10-01 11:17:20,066 - INFO - --- training epoch 38, loss 0.0158, mae 0.1405, rmse 0.1779, time elapsed(min) 0.03---
2026-10-01 11:17:20,286 - INFO - --- validation at epoch 38, val_loss 0.0147, val_mae 0.1287, val_rmse 0.1655, val_r2 0.6463, val_pearson 0.8070, lr 1.00e-03 ---
2026-10-01 11:17:20,286 - INFO - 
****************************************************************************************************
2026-10-01 11:17:22,276 - INFO - --- training epoch 39, loss 0.0154, mae 0.1374, rmse 0.1753, time elapsed(min) 0.03---
2026-10-01 11:17:22,500 - INFO - --- validation at epoch 39, val_loss 0.0142, val_mae 0.1237, val_rmse 0.1591, val_r2 0.6728, val_pearson 0.8219, lr 1.00e-03 ---
2026-10-01 11:17:22,500 - INFO - 
****************************************************************************************************
2026-10-01 11:17:24,510 - INFO - --- training epoch 40, loss 0.0149, mae 0.1359, rmse 0.1725, time elapsed(min) 0.03---
2026-10-01 11:17:24,927 - INFO - --- validation at epoch 40, val_loss 0.0160, val_mae 0.1311, val_rmse 0.1692, val_r2 0.6300, val_pearson 0.7996, lr 1.00e-03 ---
2026-10-01 11:17:24,927 - INFO - 
****************************************************************************************************
2026-10-01 11:17:26,738 - INFO - --- training epoch 41, loss 0.0144, mae 0.1329, rmse 0.1694, time elapsed(min) 0.02---
2026-10-01 11:17:26,958 - INFO - --- validation at epoch 41, val_loss 0.0149, val_mae 0.1235, val_rmse 0.1606, val_r2 0.6667, val_pearson 0.8221, lr 1.00e-03 ---
2026-10-01 11:17:26,959 - INFO - 
****************************************************************************************************
2026-10-01 11:17:28,620 - INFO - --- training epoch 42, loss 0.0147, mae 0.1335, rmse 0.1712, time elapsed(min) 0.02---
2026-10-01 11:17:28,842 - INFO - --- validation at epoch 42, val_loss 0.0140, val_mae 0.1217, val_rmse 0.1595, val_r2 0.6712, val_pearson 0.8213, lr 1.00e-03 ---
2026-10-01 11:17:28,842 - INFO - 
****************************************************************************************************
2026-10-01 11:17:30,882 - INFO - --- training epoch 43, loss 0.0138, mae 0.1309, rmse 0.1663, time elapsed(min) 0.03---
2026-10-01 11:17:31,306 - INFO - --- validation at epoch 43, val_loss 0.0137, val_mae 0.1205, val_rmse 0.1568, val_r2 0.6824, val_pearson 0.8290, lr 1.00e-03 ---
2026-10-01 11:17:31,306 - INFO - 
****************************************************************************************************
2026-10-01 11:17:33,171 - INFO - --- training epoch 44, loss 0.0141, mae 0.1315, rmse 0.1681, time elapsed(min) 0.02---
2026-10-01 11:17:33,390 - INFO - --- validation at epoch 44, val_loss 0.0142, val_mae 0.1244, val_rmse 0.1623, val_r2 0.6598, val_pearson 0.8189, lr 1.00e-03 ---
2026-10-01 11:17:33,390 - INFO - 
****************************************************************************************************
2026-10-01 11:17:35,060 - INFO - --- training epoch 45, loss 0.0137, mae 0.1290, rmse 0.1656, time elapsed(min) 0.02---
2026-10-01 11:17:35,273 - INFO - --- validation at epoch 45, val_loss 0.0143, val_mae 0.1209, val_rmse 0.1583, val_r2 0.6762, val_pearson 0.8260, lr 1.00e-03 ---
2026-10-01 11:17:35,273 - INFO - 
****************************************************************************************************
2026-10-01 11:17:37,049 - INFO - --- training epoch 46, loss 0.0131, mae 0.1268, rmse 0.1621, time elapsed(min) 0.02---
2026-10-01 11:17:37,433 - INFO - --- validation at epoch 46, val_loss 0.0139, val_mae 0.1196, val_rmse 0.1572, val_r2 0.6807, val_pearson 0.8267, lr 1.00e-03 ---
2026-10-01 11:17:37,433 - INFO - 
****************************************************************************************************
2026-10-01 11:17:39,365 - INFO - --- training epoch 47, loss 0.0134, mae 0.1269, rmse 0.1638, time elapsed(min) 0.03---
2026-10-01 11:17:39,583 - INFO - --- validation at epoch 47, val_loss 0.0146, val_mae 0.1222, val_rmse 0.1603, val_r2 0.6678, val_pearson 0.8259, lr 1.00e-03 ---
2026-10-01 11:17:39,583 - INFO - 
****************************************************************************************************
2026-10-01 11:17:41,467 - INFO - --- training epoch 48, loss 0.0130, mae 0.1251, rmse 0.1612, time elapsed(min) 0.03---
2026-10-01 11:17:41,688 - INFO - --- validation at epoch 48, val_loss 0.0148, val_mae 0.1256, val_rmse 0.1637, val_r2 0.6538, val_pearson 0.8138, lr 1.00e-03 ---
2026-10-01 11:17:41,688 - INFO - 
****************************************************************************************************
2026-10-01 11:17:43,602 - INFO - --- training epoch 49, loss 0.0130, mae 0.1258, rmse 0.1614, time elapsed(min) 0.03---
2026-10-01 11:17:43,976 - INFO - --- validation at epoch 49, val_loss 0.0150, val_mae 0.1224, val_rmse 0.1627, val_r2 0.6581, val_pearson 0.8314, lr 1.00e-03 ---
2026-10-01 11:17:43,976 - INFO - 
****************************************************************************************************
2026-10-01 11:17:46,008 - INFO - --- training epoch 50, loss 0.0127, mae 0.1236, rmse 0.1596, time elapsed(min) 0.03---
2026-10-01 11:17:46,231 - INFO - --- validation at epoch 50, val_loss 0.0139, val_mae 0.1205, val_rmse 0.1592, val_r2 0.6727, val_pearson 0.8332, lr 1.00e-03 ---
2026-10-01 11:17:46,231 - INFO - 
****************************************************************************************************
2026-10-01 11:17:47,897 - INFO - --- training epoch 51, loss 0.0193, mae 0.1530, rmse 0.1965, time elapsed(min) 0.02---
2026-10-01 11:17:48,120 - INFO - --- validation at epoch 51, val_loss 0.0148, val_mae 0.1195, val_rmse 0.1587, val_r2 0.6748, val_pearson 0.8230, lr 1.00e-03 ---
2026-10-01 11:17:48,120 - INFO - 
****************************************************************************************************
2026-10-01 11:17:49,851 - INFO - --- training epoch 52, loss 0.0167, mae 0.1433, rmse 0.1828, time elapsed(min) 0.02---
2026-10-01 11:17:50,235 - INFO - --- validation at epoch 52, val_loss 0.0132, val_mae 0.1226, val_rmse 0.1589, val_r2 0.6736, val_pearson 0.8418, lr 1.00e-03 ---
2026-10-01 11:17:50,235 - INFO - 
****************************************************************************************************
2026-10-01 11:17:52,255 - INFO - --- training epoch 53, loss 0.0130, mae 0.1238, rmse 0.1614, time elapsed(min) 0.03---
2026-10-01 11:17:52,470 - INFO - --- validation at epoch 53, val_loss 0.0137, val_mae 0.1202, val_rmse 0.1577, val_r2 0.6787, val_pearson 0.8291, lr 1.00e-03 ---
2026-10-01 11:17:52,470 - INFO - 
****************************************************************************************************
2026-10-01 11:17:54,272 - INFO - --- training epoch 54, loss 0.0127, mae 0.1244, rmse 0.1595, time elapsed(min) 0.03---
2026-10-01 11:17:54,490 - INFO - --- validation at epoch 54, val_loss 0.0125, val_mae 0.1138, val_rmse 0.1527, val_r2 0.6988, val_pearson 0.8406, lr 1.00e-03 ---
2026-10-01 11:17:54,490 - INFO - 
****************************************************************************************************
2026-10-01 11:17:56,430 - INFO - --- training epoch 55, loss 0.0126, mae 0.1225, rmse 0.1588, time elapsed(min) 0.03---
2026-10-01 11:17:56,800 - INFO - --- validation at epoch 55, val_loss 0.0126, val_mae 0.1126, val_rmse 0.1517, val_r2 0.7029, val_pearson 0.8421, lr 1.00e-03 ---
2026-10-01 11:17:56,800 - INFO - 
****************************************************************************************************
2026-10-01 11:17:58,713 - INFO - --- training epoch 56, loss 0.0120, mae 0.1189, rmse 0.1546, time elapsed(min) 0.03---
2026-10-01 11:17:58,931 - INFO - --- validation at epoch 56, val_loss 0.0134, val_mae 0.1147, val_rmse 0.1553, val_r2 0.6884, val_pearson 0.8423, lr 1.00e-03 ---
2026-10-01 11:17:58,931 - INFO - 
****************************************************************************************************
2026-10-01 11:18:00,605 - INFO - --- training epoch 57, loss 0.0120, mae 0.1201, rmse 0.1547, time elapsed(min) 0.02---
2026-10-01 11:18:00,827 - INFO - --- validation at epoch 57, val_loss 0.0122, val_mae 0.1110, val_rmse 0.1496, val_r2 0.7108, val_pearson 0.8473, lr 1.00e-03 ---
2026-10-01 11:18:00,827 - INFO - 
****************************************************************************************************
2026-10-01 11:18:02,651 - INFO - --- training epoch 58, loss 0.0119, mae 0.1185, rmse 0.1542, time elapsed(min) 0.02---
2026-10-01 11:18:03,025 - INFO - --- validation at epoch 58, val_loss 0.0116, val_mae 0.1082, val_rmse 0.1455, val_r2 0.7266, val_pearson 0.8539, lr 1.00e-03 ---
2026-10-01 11:18:03,025 - INFO - 
****************************************************************************************************
2026-10-01 11:18:05,030 - INFO - --- training epoch 59, loss 0.0118, mae 0.1188, rmse 0.1536, time elapsed(min) 0.03---
2026-10-01 11:18:05,243 - INFO - --- validation at epoch 59, val_loss 0.0123, val_mae 0.1113, val_rmse 0.1497, val_r2 0.7106, val_pearson 0.8538, lr 1.00e-03 ---
2026-10-01 11:18:05,243 - INFO - 
****************************************************************************************************
2026-10-01 11:18:06,917 - INFO - --- training epoch 60, loss 0.0111, mae 0.1146, rmse 0.1492, time elapsed(min) 0.02---
2026-10-01 11:18:07,141 - INFO - --- validation at epoch 60, val_loss 0.0115, val_mae 0.1087, val_rmse 0.1455, val_r2 0.7265, val_pearson 0.8541, lr 1.00e-03 ---
2026-10-01 11:18:07,141 - INFO - 
****************************************************************************************************
2026-10-01 11:18:09,014 - INFO - --- training epoch 61, loss 0.0110, mae 0.1139, rmse 0.1486, time elapsed(min) 0.02---
2026-10-01 11:18:09,261 - INFO - --- validation at epoch 61, val_loss 0.0125, val_mae 0.1121, val_rmse 0.1513, val_r2 0.7042, val_pearson 0.8415, lr 1.00e-03 ---
2026-10-01 11:18:09,261 - INFO - 
****************************************************************************************************
2026-10-01 11:18:11,060 - INFO - --- training epoch 62, loss 0.0128, mae 0.1235, rmse 0.1599, time elapsed(min) 0.03---
2026-10-01 11:18:11,465 - INFO - --- validation at epoch 62, val_loss 0.0120, val_mae 0.1154, val_rmse 0.1496, val_r2 0.7108, val_pearson 0.8583, lr 1.00e-03 ---
2026-10-01 11:18:11,465 - INFO - 
****************************************************************************************************
2026-10-01 11:18:13,324 - INFO - --- training epoch 63, loss 0.0111, mae 0.1145, rmse 0.1488, time elapsed(min) 0.02---
2026-10-01 11:18:13,538 - INFO - --- validation at epoch 63, val_loss 0.0107, val_mae 0.1043, val_rmse 0.1395, val_r2 0.7486, val_pearson 0.8677, lr 1.00e-03 ---
2026-10-01 11:18:13,538 - INFO - 
****************************************************************************************************
2026-10-01 11:18:15,280 - INFO - --- training epoch 64, loss 0.0108, mae 0.1125, rmse 0.1470, time elapsed(min) 0.02---
2026-10-01 11:18:15,520 - INFO - --- validation at epoch 64, val_loss 0.0109, val_mae 0.1045, val_rmse 0.1418, val_r2 0.7402, val_pearson 0.8631, lr 1.00e-03 ---
2026-10-01 11:18:15,520 - INFO - 
****************************************************************************************************
2026-10-01 11:18:17,305 - INFO - --- training epoch 65, loss 0.0104, mae 0.1097, rmse 0.1439, time elapsed(min) 0.02---
2026-10-01 11:18:17,724 - INFO - --- validation at epoch 65, val_loss 0.0107, val_mae 0.1051, val_rmse 0.1407, val_r2 0.7441, val_pearson 0.8649, lr 1.00e-03 ---
2026-10-01 11:18:17,724 - INFO - 
****************************************************************************************************
2026-10-01 11:18:19,523 - INFO - --- training epoch 66, loss 0.0106, mae 0.1105, rmse 0.1453, time elapsed(min) 0.02---
2026-10-01 11:18:19,740 - INFO - --- validation at epoch 66, val_loss 0.0116, val_mae 0.1100, val_rmse 0.1447, val_r2 0.7296, val_pearson 0.8551, lr 1.00e-03 ---
2026-10-01 11:18:19,740 - INFO - 
****************************************************************************************************
2026-10-01 11:18:21,525 - INFO - --- training epoch 67, loss 0.0104, mae 0.1107, rmse 0.1439, time elapsed(min) 0.02---
2026-10-01 11:18:21,744 - INFO - --- validation at epoch 67, val_loss 0.0114, val_mae 0.1067, val_rmse 0.1428, val_r2 0.7364, val_pearson 0.8612, lr 1.00e-03 ---
2026-10-01 11:18:21,744 - INFO - 
****************************************************************************************************
2026-10-01 11:18:23,424 - INFO - --- training epoch 68, loss 0.0104, mae 0.1104, rmse 0.1442, time elapsed(min) 0.02---
2026-10-01 11:18:23,842 - INFO - --- validation at epoch 68, val_loss 0.0105, val_mae 0.1032, val_rmse 0.1379, val_r2 0.7544, val_pearson 0.8721, lr 1.00e-03 ---
2026-10-01 11:18:23,842 - INFO - 
****************************************************************************************************
2026-10-01 11:18:25,735 - INFO - --- training epoch 69, loss 0.0105, mae 0.1103, rmse 0.1446, time elapsed(min) 0.02---
2026-10-01 11:18:25,955 - INFO - --- validation at epoch 69, val_loss 0.0113, val_mae 0.1077, val_rmse 0.1440, val_r2 0.7321, val_pearson 0.8598, lr 1.00e-03 ---
2026-10-01 11:18:25,955 - INFO - 
****************************************************************************************************
2026-10-01 11:18:27,617 - INFO - --- training epoch 70, loss 0.0099, mae 0.1068, rmse 0.1409, time elapsed(min) 0.02---
2026-10-01 11:18:27,846 - INFO - --- validation at epoch 70, val_loss 0.0108, val_mae 0.1070, val_rmse 0.1414, val_r2 0.7416, val_pearson 0.8615, lr 1.00e-03 ---
2026-10-01 11:18:27,846 - INFO - 
****************************************************************************************************
2026-10-01 11:18:29,656 - INFO - --- training epoch 71, loss 0.0104, mae 0.1109, rmse 0.1442, time elapsed(min) 0.03---
2026-10-01 11:18:30,035 - INFO - --- validation at epoch 71, val_loss 0.0106, val_mae 0.1027, val_rmse 0.1366, val_r2 0.7589, val_pearson 0.8733, lr 1.00e-03 ---
2026-10-01 11:18:30,035 - INFO - 
****************************************************************************************************
2026-10-01 11:18:32,007 - INFO - --- training epoch 72, loss 0.0102, mae 0.1083, rmse 0.1428, time elapsed(min) 0.03---
2026-10-01 11:18:32,224 - INFO - --- validation at epoch 72, val_loss 0.0102, val_mae 0.1033, val_rmse 0.1361, val_r2 0.7607, val_pearson 0.8752, lr 1.00e-03 ---
2026-10-01 11:18:32,224 - INFO - 
****************************************************************************************************
2026-10-01 11:18:33,974 - INFO - --- training epoch 73, loss 0.0145, mae 0.1255, rmse 0.1700, time elapsed(min) 0.02---
2026-10-01 11:18:34,198 - INFO - --- validation at epoch 73, val_loss 0.0208, val_mae 0.1718, val_rmse 0.2113, val_r2 0.4229, val_pearson 0.6710, lr 1.00e-03 ---
2026-10-01 11:18:34,198 - INFO - 
****************************************************************************************************
2026-10-01 11:18:35,859 - INFO - --- training epoch 74, loss 0.0243, mae 0.1735, rmse 0.2204, time elapsed(min) 0.02---
2026-10-01 11:18:36,241 - INFO - --- validation at epoch 74, val_loss 0.0171, val_mae 0.1361, val_rmse 0.1769, val_r2 0.5958, val_pearson 0.7902, lr 1.00e-03 ---
2026-10-01 11:18:36,241 - INFO - 
****************************************************************************************************
2026-10-01 11:18:38,015 - INFO - --- training epoch 75, loss 0.0140, mae 0.1296, rmse 0.1672, time elapsed(min) 0.02---
2026-10-01 11:18:38,554 - INFO - --- validation at epoch 75, val_loss 0.0115, val_mae 0.1127, val_rmse 0.1475, val_r2 0.7191, val_pearson 0.8483, lr 1.00e-03 ---
2026-10-01 11:18:38,554 - INFO - 
****************************************************************************************************
2026-10-01 11:18:40,439 - INFO - --- training epoch 76, loss 0.0115, mae 0.1176, rmse 0.1515, time elapsed(min) 0.03---
2026-10-01 11:18:40,657 - INFO - --- validation at epoch 76, val_loss 0.0106, val_mae 0.1055, val_rmse 0.1394, val_r2 0.7489, val_pearson 0.8654, lr 1.00e-03 ---
2026-10-01 11:18:40,657 - INFO - 
****************************************************************************************************
2026-10-01 11:18:42,321 - INFO - --- training epoch 77, loss 0.0110, mae 0.1142, rmse 0.1483, time elapsed(min) 0.02---
2026-10-01 11:18:42,537 - INFO - --- validation at epoch 77, val_loss 0.0102, val_mae 0.1020, val_rmse 0.1367, val_r2 0.7586, val_pearson 0.8740, lr 1.00e-03 ---
2026-10-01 11:18:42,537 - INFO - 
****************************************************************************************************
2026-10-01 11:18:44,203 - INFO - --- training epoch 78, loss 0.0100, mae 0.1079, rmse 0.1416, time elapsed(min) 0.02---
2026-10-01 11:18:44,617 - INFO - --- validation at epoch 78, val_loss 0.0101, val_mae 0.1013, val_rmse 0.1356, val_r2 0.7624, val_pearson 0.8739, lr 1.00e-03 ---
2026-10-01 11:18:44,617 - INFO - 
****************************************************************************************************
2026-10-01 11:18:46,503 - INFO - --- training epoch 79, loss 0.0101, mae 0.1075, rmse 0.1420, time elapsed(min) 0.02---
2026-10-01 11:18:46,722 - INFO - --- validation at epoch 79, val_loss 0.0103, val_mae 0.1033, val_rmse 0.1377, val_r2 0.7551, val_pearson 0.8745, lr 1.00e-03 ---
2026-10-01 11:18:46,722 - INFO - 
****************************************************************************************************
2026-10-01 11:18:48,400 - INFO - --- training epoch 80, loss 0.0113, mae 0.1149, rmse 0.1503, time elapsed(min) 0.02---
2026-10-01 11:18:48,613 - INFO - --- validation at epoch 80, val_loss 0.0119, val_mae 0.1125, val_rmse 0.1493, val_r2 0.7120, val_pearson 0.8742, lr 1.00e-03 ---
2026-10-01 11:18:48,613 - INFO - 
****************************************************************************************************
2026-10-01 11:18:50,467 - INFO - --- training epoch 81, loss 0.0102, mae 0.1096, rmse 0.1431, time elapsed(min) 0.03---
2026-10-01 11:18:50,849 - INFO - --- validation at epoch 81, val_loss 0.0104, val_mae 0.1013, val_rmse 0.1364, val_r2 0.7596, val_pearson 0.8752, lr 1.00e-03 ---
2026-10-01 11:18:50,849 - INFO - 
****************************************************************************************************
2026-10-01 11:18:52,769 - INFO - --- training epoch 82, loss 0.0102, mae 0.1088, rmse 0.1426, time elapsed(min) 0.03---
2026-10-01 11:18:52,986 - INFO - --- validation at epoch 82, val_loss 0.0100, val_mae 0.1017, val_rmse 0.1342, val_r2 0.7674, val_pearson 0.8775, lr 1.00e-03 ---
2026-10-01 11:18:52,986 - INFO - 
****************************************************************************************************
2026-10-01 11:18:54,742 - INFO - --- training epoch 83, loss 0.0103, mae 0.1102, rmse 0.1433, time elapsed(min) 0.02---
2026-10-01 11:18:54,967 - INFO - --- validation at epoch 83, val_loss 0.0095, val_mae 0.0984, val_rmse 0.1323, val_r2 0.7739, val_pearson 0.8811, lr 1.00e-03 ---
2026-10-01 11:18:54,967 - INFO - 
****************************************************************************************************
2026-10-01 11:18:56,738 - INFO - --- training epoch 84, loss 0.0108, mae 0.1126, rmse 0.1470, time elapsed(min) 0.02---
2026-10-01 11:18:57,109 - INFO - --- validation at epoch 84, val_loss 0.0102, val_mae 0.1028, val_rmse 0.1374, val_r2 0.7562, val_pearson 0.8705, lr 1.00e-03 ---
2026-10-01 11:18:57,109 - INFO - 
****************************************************************************************************
2026-10-01 11:18:59,031 - INFO - --- training epoch 85, loss 0.0102, mae 0.1095, rmse 0.1430, time elapsed(min) 0.03---
2026-10-01 11:18:59,248 - INFO - --- validation at epoch 85, val_loss 0.0092, val_mae 0.0977, val_rmse 0.1314, val_r2 0.7770, val_pearson 0.8829, lr 1.00e-03 ---
2026-10-01 11:18:59,248 - INFO - 
****************************************************************************************************
2026-10-01 11:19:00,995 - INFO - --- training epoch 86, loss 0.0096, mae 0.1050, rmse 0.1388, time elapsed(min) 0.02---
2026-10-01 11:19:01,223 - INFO - --- validation at epoch 86, val_loss 0.0097, val_mae 0.0995, val_rmse 0.1335, val_r2 0.7697, val_pearson 0.8801, lr 1.00e-03 ---
2026-10-01 11:19:01,223 - INFO - 
****************************************************************************************************
2026-10-01 11:19:02,901 - INFO - --- training epoch 87, loss 0.0095, mae 0.1048, rmse 0.1376, time elapsed(min) 0.02---
2026-10-01 11:19:03,283 - INFO - --- validation at epoch 87, val_loss 0.0099, val_mae 0.1004, val_rmse 0.1345, val_r2 0.7664, val_pearson 0.8799, lr 1.00e-03 ---
2026-10-01 11:19:03,283 - INFO - 
****************************************************************************************************
2026-10-01 11:19:05,055 - INFO - --- training epoch 88, loss 0.0098, mae 0.1071, rmse 0.1397, time elapsed(min) 0.02---
2026-10-01 11:19:05,466 - INFO - --- validation at epoch 88, val_loss 0.0094, val_mae 0.0976, val_rmse 0.1320, val_r2 0.7747, val_pearson 0.8871, lr 1.00e-03 ---
2026-10-01 11:19:05,466 - INFO - 
****************************************************************************************************
2026-10-01 11:19:07,297 - INFO - --- training epoch 89, loss 0.0096, mae 0.1060, rmse 0.1388, time elapsed(min) 0.02---
2026-10-01 11:19:07,516 - INFO - --- validation at epoch 89, val_loss 0.0100, val_mae 0.0992, val_rmse 0.1341, val_r2 0.7677, val_pearson 0.8849, lr 1.00e-03 ---
2026-10-01 11:19:07,516 - INFO - 
****************************************************************************************************
2026-10-01 11:19:09,201 - INFO - --- training epoch 90, loss 0.0097, mae 0.1064, rmse 0.1390, time elapsed(min) 0.02---
2026-10-01 11:19:09,422 - INFO - --- validation at epoch 90, val_loss 0.0108, val_mae 0.1031, val_rmse 0.1374, val_r2 0.7561, val_pearson 0.8797, lr 1.00e-03 ---
2026-10-01 11:19:09,422 - INFO - 
****************************************************************************************************
2026-10-01 11:19:11,114 - INFO - --- training epoch 91, loss 0.0098, mae 0.1069, rmse 0.1399, time elapsed(min) 0.02---
2026-10-01 11:19:11,533 - INFO - --- validation at epoch 91, val_loss 0.0105, val_mae 0.0994, val_rmse 0.1338, val_r2 0.7686, val_pearson 0.8826, lr 1.00e-03 ---
2026-10-01 11:19:11,533 - INFO - 
****************************************************************************************************
2026-10-01 11:19:13,487 - INFO - --- training epoch 92, loss 0.0095, mae 0.1050, rmse 0.1375, time elapsed(min) 0.03---
2026-10-01 11:19:13,706 - INFO - --- validation at epoch 92, val_loss 0.0095, val_mae 0.0982, val_rmse 0.1320, val_r2 0.7748, val_pearson 0.8827, lr 1.00e-03 ---
2026-10-01 11:19:13,706 - INFO - 
****************************************************************************************************
2026-10-01 11:19:15,353 - INFO - --- training epoch 93, loss 0.0096, mae 0.1059, rmse 0.1389, time elapsed(min) 0.02---
2026-10-01 11:19:15,571 - INFO - --- validation at epoch 93, val_loss 0.0095, val_mae 0.0988, val_rmse 0.1322, val_r2 0.7741, val_pearson 0.8800, lr 1.00e-03 ---
2026-10-01 11:19:15,571 - INFO - 
****************************************************************************************************
2026-10-01 11:19:17,335 - INFO - --- training epoch 94, loss 0.0094, mae 0.1048, rmse 0.1373, time elapsed(min) 0.02---
2026-10-01 11:19:17,714 - INFO - --- validation at epoch 94, val_loss 0.0096, val_mae 0.0953, val_rmse 0.1300, val_r2 0.7818, val_pearson 0.8859, lr 1.00e-03 ---
2026-10-01 11:19:17,714 - INFO - 
****************************************************************************************************
2026-10-01 11:19:19,628 - INFO - --- training epoch 95, loss 0.0096, mae 0.1060, rmse 0.1385, time elapsed(min) 0.03---
2026-10-01 11:19:19,848 - INFO - --- validation at epoch 95, val_loss 0.0095, val_mae 0.0984, val_rmse 0.1312, val_r2 0.7775, val_pearson 0.8826, lr 1.00e-03 ---
2026-10-01 11:19:19,848 - INFO - 
****************************************************************************************************
2026-10-01 11:19:21,583 - INFO - --- training epoch 96, loss 0.0100, mae 0.1085, rmse 0.1416, time elapsed(min) 0.02---
2026-10-01 11:19:21,801 - INFO - --- validation at epoch 96, val_loss 0.0096, val_mae 0.0967, val_rmse 0.1307, val_r2 0.7794, val_pearson 0.8839, lr 1.00e-03 ---
2026-10-01 11:19:21,801 - INFO - 
****************************************************************************************************
2026-10-01 11:19:23,537 - INFO - --- training epoch 97, loss 0.0082, mae 0.0967, rmse 0.1281, time elapsed(min) 0.02---
2026-10-01 11:19:23,757 - INFO - --- validation at epoch 97, val_loss 0.0087, val_mae 0.0918, val_rmse 0.1258, val_r2 0.7956, val_pearson 0.8946, lr 3.00e-04 ---
2026-10-01 11:19:23,757 - INFO - 
****************************************************************************************************
2026-10-01 11:19:25,638 - INFO - --- training epoch 98, loss 0.0080, mae 0.0952, rmse 0.1267, time elapsed(min) 0.03---
2026-10-01 11:19:26,061 - INFO - --- validation at epoch 98, val_loss 0.0094, val_mae 0.0937, val_rmse 0.1283, val_r2 0.7873, val_pearson 0.8938, lr 3.00e-04 ---
2026-10-01 11:19:26,061 - INFO - 
****************************************************************************************************
2026-10-01 11:19:27,924 - INFO - --- training epoch 99, loss 0.0079, mae 0.0946, rmse 0.1253, time elapsed(min) 0.02---
2026-10-01 11:19:28,143 - INFO - --- validation at epoch 99, val_loss 0.0089, val_mae 0.0922, val_rmse 0.1269, val_r2 0.7921, val_pearson 0.8942, lr 3.00e-04 ---
2026-10-01 11:19:28,143 - INFO - 
****************************************************************************************************
2026-10-01 11:19:29,886 - INFO - --- training epoch 100, loss 0.0077, mae 0.0940, rmse 0.1241, time elapsed(min) 0.02---
2026-10-01 11:19:30,106 - INFO - --- validation at epoch 100, val_loss 0.0091, val_mae 0.0917, val_rmse 0.1269, val_r2 0.7920, val_pearson 0.8935, lr 3.00e-04 ---
2026-10-01 11:19:30,106 - INFO - 
****************************************************************************************************
2026-10-01 11:19:31,788 - INFO - --- training epoch 101, loss 0.0077, mae 0.0938, rmse 0.1238, time elapsed(min) 0.02---
2026-10-01 11:19:32,194 - INFO - --- validation at epoch 101, val_loss 0.0090, val_mae 0.0918, val_rmse 0.1268, val_r2 0.7924, val_pearson 0.8956, lr 3.00e-04 ---
2026-10-01 11:19:32,194 - INFO - 
****************************************************************************************************
2026-10-01 11:19:33,990 - INFO - --- training epoch 102, loss 0.0078, mae 0.0943, rmse 0.1252, time elapsed(min) 0.02---
2026-10-01 11:19:34,236 - INFO - --- validation at epoch 102, val_loss 0.0085, val_mae 0.0915, val_rmse 0.1250, val_r2 0.7982, val_pearson 0.8963, lr 3.00e-04 ---
2026-10-01 11:19:34,236 - INFO - 
****************************************************************************************************
2026-10-01 11:19:35,986 - INFO - --- training epoch 103, loss 0.0079, mae 0.0945, rmse 0.1255, time elapsed(min) 0.02---
2026-10-01 11:19:36,212 - INFO - --- validation at epoch 103, val_loss 0.0083, val_mae 0.0899, val_rmse 0.1232, val_r2 0.8039, val_pearson 0.8981, lr 3.00e-04 ---
2026-10-01 11:19:36,212 - INFO - 
****************************************************************************************************
2026-10-01 11:19:37,977 - INFO - --- training epoch 104, loss 0.0078, mae 0.0934, rmse 0.1248, time elapsed(min) 0.02---
2026-10-01 11:19:38,370 - INFO - --- validation at epoch 104, val_loss 0.0084, val_mae 0.0900, val_rmse 0.1231, val_r2 0.8043, val_pearson 0.8981, lr 3.00e-04 ---
2026-10-01 11:19:38,370 - INFO - 
****************************************************************************************************
2026-10-01 11:19:40,275 - INFO - --- training epoch 105, loss 0.0078, mae 0.0936, rmse 0.1246, time elapsed(min) 0.03---
2026-10-01 11:19:40,496 - INFO - --- validation at epoch 105, val_loss 0.0085, val_mae 0.0901, val_rmse 0.1239, val_r2 0.8017, val_pearson 0.8998, lr 3.00e-04 ---
2026-10-01 11:19:40,497 - INFO - 
****************************************************************************************************
2026-10-01 11:19:42,140 - INFO - --- training epoch 106, loss 0.0078, mae 0.0941, rmse 0.1247, time elapsed(min) 0.02---
2026-10-01 11:19:42,363 - INFO - --- validation at epoch 106, val_loss 0.0081, val_mae 0.0883, val_rmse 0.1205, val_r2 0.8123, val_pearson 0.9017, lr 3.00e-04 ---
2026-10-01 11:19:42,363 - INFO - 
****************************************************************************************************
2026-10-01 11:19:44,137 - INFO - --- training epoch 107, loss 0.0078, mae 0.0939, rmse 0.1250, time elapsed(min) 0.02---
2026-10-01 11:19:44,501 - INFO - --- validation at epoch 107, val_loss 0.0086, val_mae 0.0917, val_rmse 0.1258, val_r2 0.7956, val_pearson 0.8973, lr 3.00e-04 ---
2026-10-01 11:19:44,501 - INFO - 
****************************************************************************************************
2026-10-01 11:19:46,439 - INFO - --- training epoch 108, loss 0.0075, mae 0.0921, rmse 0.1227, time elapsed(min) 0.03---
2026-10-01 11:19:46,654 - INFO - --- validation at epoch 108, val_loss 0.0082, val_mae 0.0902, val_rmse 0.1229, val_r2 0.8049, val_pearson 0.8982, lr 3.00e-04 ---
2026-10-01 11:19:46,654 - INFO - 
****************************************************************************************************
2026-10-01 11:19:48,319 - INFO - --- training epoch 109, loss 0.0076, mae 0.0931, rmse 0.1235, time elapsed(min) 0.02---
2026-10-01 11:19:48,544 - INFO - --- validation at epoch 109, val_loss 0.0085, val_mae 0.0889, val_rmse 0.1233, val_r2 0.8036, val_pearson 0.8984, lr 3.00e-04 ---
2026-10-01 11:19:48,544 - INFO - 
****************************************************************************************************
2026-10-01 11:19:50,196 - INFO - --- training epoch 110, loss 0.0076, mae 0.0933, rmse 0.1236, time elapsed(min) 0.02---
2026-10-01 11:19:50,585 - INFO - --- validation at epoch 110, val_loss 0.0084, val_mae 0.0901, val_rmse 0.1234, val_r2 0.8032, val_pearson 0.8969, lr 3.00e-04 ---
2026-10-01 11:19:50,585 - INFO - 
****************************************************************************************************
2026-10-01 11:19:52,353 - INFO - --- training epoch 111, loss 0.0076, mae 0.0926, rmse 0.1232, time elapsed(min) 0.02---
2026-10-01 11:19:52,891 - INFO - --- validation at epoch 111, val_loss 0.0087, val_mae 0.0919, val_rmse 0.1263, val_r2 0.7938, val_pearson 0.8956, lr 3.00e-04 ---
2026-10-01 11:19:52,891 - INFO - 
****************************************************************************************************
2026-10-01 11:19:54,545 - INFO - --- training epoch 112, loss 0.0077, mae 0.0930, rmse 0.1244, time elapsed(min) 0.02---
2026-10-01 11:19:54,764 - INFO - --- validation at epoch 112, val_loss 0.0082, val_mae 0.0896, val_rmse 0.1217, val_r2 0.8086, val_pearson 0.9004, lr 3.00e-04 ---
2026-10-01 11:19:54,764 - INFO - 
****************************************************************************************************
2026-10-01 11:19:56,423 - INFO - --- training epoch 113, loss 0.0076, mae 0.0923, rmse 0.1233, time elapsed(min) 0.02---
2026-10-01 11:19:56,645 - INFO - --- validation at epoch 113, val_loss 0.0079, val_mae 0.0887, val_rmse 0.1211, val_r2 0.8105, val_pearson 0.9007, lr 3.00e-04 ---
2026-10-01 11:19:56,645 - INFO - 
****************************************************************************************************
2026-10-01 11:19:58,587 - INFO - --- training epoch 114, loss 0.0075, mae 0.0915, rmse 0.1225, time elapsed(min) 0.03---
2026-10-01 11:19:59,005 - INFO - --- validation at epoch 114, val_loss 0.0083, val_mae 0.0893, val_rmse 0.1223, val_r2 0.8068, val_pearson 0.9000, lr 3.00e-04 ---
2026-10-01 11:19:59,005 - INFO - 
****************************************************************************************************
2026-10-01 11:20:00,813 - INFO - --- training epoch 115, loss 0.0077, mae 0.0922, rmse 0.1238, time elapsed(min) 0.02---
2026-10-01 11:20:01,036 - INFO - --- validation at epoch 115, val_loss 0.0079, val_mae 0.0895, val_rmse 0.1215, val_r2 0.8092, val_pearson 0.9008, lr 3.00e-04 ---
2026-10-01 11:20:01,036 - INFO - 
****************************************************************************************************
2026-10-01 11:20:02,866 - INFO - --- training epoch 116, loss 0.0077, mae 0.0922, rmse 0.1237, time elapsed(min) 0.02---
2026-10-01 11:20:03,093 - INFO - --- validation at epoch 116, val_loss 0.0079, val_mae 0.0904, val_rmse 0.1212, val_r2 0.8102, val_pearson 0.9008, lr 3.00e-04 ---
2026-10-01 11:20:03,093 - INFO - 
****************************************************************************************************
2026-10-01 11:20:04,871 - INFO - --- training epoch 117, loss 0.0076, mae 0.0922, rmse 0.1233, time elapsed(min) 0.02---
2026-10-01 11:20:05,259 - INFO - --- validation at epoch 117, val_loss 0.0081, val_mae 0.0904, val_rmse 0.1218, val_r2 0.8082, val_pearson 0.8997, lr 3.00e-04 ---
2026-10-01 11:20:05,259 - INFO - 
****************************************************************************************************
2026-10-01 11:20:07,209 - INFO - --- training epoch 118, loss 0.0079, mae 0.0942, rmse 0.1254, time elapsed(min) 0.03---
2026-10-01 11:20:07,429 - INFO - --- validation at epoch 118, val_loss 0.0080, val_mae 0.0896, val_rmse 0.1223, val_r2 0.8068, val_pearson 0.8995, lr 3.00e-04 ---
2026-10-01 11:20:07,429 - INFO - 
****************************************************************************************************
2026-10-01 11:20:09,210 - INFO - --- training epoch 119, loss 0.0077, mae 0.0928, rmse 0.1241, time elapsed(min) 0.02---
2026-10-01 11:20:09,429 - INFO - --- validation at epoch 119, val_loss 0.0090, val_mae 0.0932, val_rmse 0.1285, val_r2 0.7866, val_pearson 0.8966, lr 3.00e-04 ---
2026-10-01 11:20:09,429 - INFO - 
****************************************************************************************************
2026-10-01 11:20:11,109 - INFO - --- training epoch 120, loss 0.0075, mae 0.0923, rmse 0.1228, time elapsed(min) 0.02---
2026-10-01 11:20:11,473 - INFO - --- validation at epoch 120, val_loss 0.0082, val_mae 0.0892, val_rmse 0.1223, val_r2 0.8067, val_pearson 0.9004, lr 3.00e-04 ---
2026-10-01 11:20:11,473 - INFO - 
****************************************************************************************************
2026-10-01 11:20:13,266 - INFO - --- training epoch 121, loss 0.0074, mae 0.0911, rmse 0.1218, time elapsed(min) 0.03---
2026-10-01 11:20:13,837 - INFO - --- validation at epoch 121, val_loss 0.0082, val_mae 0.0903, val_rmse 0.1218, val_r2 0.8083, val_pearson 0.9005, lr 3.00e-04 ---
2026-10-01 11:20:13,838 - INFO - 
****************************************************************************************************
2026-10-01 11:20:15,515 - INFO - --- training epoch 122, loss 0.0074, mae 0.0917, rmse 0.1219, time elapsed(min) 0.02---
2026-10-01 11:20:15,734 - INFO - --- validation at epoch 122, val_loss 0.0079, val_mae 0.0905, val_rmse 0.1215, val_r2 0.8093, val_pearson 0.9002, lr 3.00e-04 ---
2026-10-01 11:20:15,734 - INFO - 
****************************************************************************************************
2026-10-01 11:20:17,401 - INFO - --- training epoch 123, loss 0.0076, mae 0.0925, rmse 0.1235, time elapsed(min) 0.02---
2026-10-01 11:20:17,621 - INFO - --- validation at epoch 123, val_loss 0.0081, val_mae 0.0903, val_rmse 0.1231, val_r2 0.8042, val_pearson 0.9001, lr 3.00e-04 ---
2026-10-01 11:20:17,621 - INFO - 
****************************************************************************************************
2026-10-01 11:20:19,413 - INFO - --- training epoch 124, loss 0.0075, mae 0.0917, rmse 0.1224, time elapsed(min) 0.03---
2026-10-01 11:20:19,833 - INFO - --- validation at epoch 124, val_loss 0.0082, val_mae 0.0900, val_rmse 0.1225, val_r2 0.8061, val_pearson 0.8995, lr 3.00e-04 ---
2026-10-01 11:20:19,833 - INFO - 
****************************************************************************************************
2026-10-01 11:20:21,629 - INFO - --- training epoch 125, loss 0.0073, mae 0.0897, rmse 0.1207, time elapsed(min) 0.02---
2026-10-01 11:20:21,847 - INFO - --- validation at epoch 125, val_loss 0.0085, val_mae 0.0905, val_rmse 0.1237, val_r2 0.8023, val_pearson 0.9008, lr 3.00e-04 ---
2026-10-01 11:20:21,847 - INFO - 
****************************************************************************************************
2026-10-01 11:20:23,516 - INFO - --- training epoch 126, loss 0.0073, mae 0.0914, rmse 0.1210, time elapsed(min) 0.02---
2026-10-01 11:20:23,739 - INFO - --- validation at epoch 126, val_loss 0.0084, val_mae 0.0922, val_rmse 0.1248, val_r2 0.7986, val_pearson 0.9000, lr 3.00e-04 ---
2026-10-01 11:20:23,739 - INFO - 
****************************************************************************************************
2026-10-01 11:20:25,493 - INFO - --- training epoch 127, loss 0.0071, mae 0.0892, rmse 0.1195, time elapsed(min) 0.02---
2026-10-01 11:20:25,866 - INFO - --- validation at epoch 127, val_loss 0.0078, val_mae 0.0863, val_rmse 0.1195, val_r2 0.8154, val_pearson 0.9051, lr 9.00e-05 ---
2026-10-01 11:20:25,866 - INFO - 
****************************************************************************************************
2026-10-01 11:20:27,907 - INFO - --- training epoch 128, loss 0.0068, mae 0.0871, rmse 0.1170, time elapsed(min) 0.03---
2026-10-01 11:20:28,129 - INFO - --- validation at epoch 128, val_loss 0.0078, val_mae 0.0863, val_rmse 0.1198, val_r2 0.8145, val_pearson 0.9039, lr 9.00e-05 ---
2026-10-01 11:20:28,130 - INFO - 
****************************************************************************************************
2026-10-01 11:20:29,856 - INFO - --- training epoch 129, loss 0.0068, mae 0.0878, rmse 0.1169, time elapsed(min) 0.02---
2026-10-01 11:20:30,075 - INFO - --- validation at epoch 129, val_loss 0.0077, val_mae 0.0856, val_rmse 0.1190, val_r2 0.8171, val_pearson 0.9047, lr 9.00e-05 ---
2026-10-01 11:20:30,075 - INFO - 
****************************************************************************************************
2026-10-01 11:20:31,826 - INFO - --- training epoch 130, loss 0.0070, mae 0.0883, rmse 0.1182, time elapsed(min) 0.02---
2026-10-01 11:20:32,210 - INFO - --- validation at epoch 130, val_loss 0.0078, val_mae 0.0860, val_rmse 0.1192, val_r2 0.8163, val_pearson 0.9046, lr 9.00e-05 ---
2026-10-01 11:20:32,210 - INFO - 
****************************************************************************************************
2026-10-01 11:20:34,367 - INFO - --- training epoch 131, loss 0.0068, mae 0.0877, rmse 0.1170, time elapsed(min) 0.03---
2026-10-01 11:20:34,589 - INFO - --- validation at epoch 131, val_loss 0.0078, val_mae 0.0865, val_rmse 0.1194, val_r2 0.8158, val_pearson 0.9048, lr 9.00e-05 ---
2026-10-01 11:20:34,589 - INFO - 
****************************************************************************************************
2026-10-01 11:20:36,275 - INFO - --- training epoch 132, loss 0.0069, mae 0.0882, rmse 0.1177, time elapsed(min) 0.02---
2026-10-01 11:20:36,494 - INFO - --- validation at epoch 132, val_loss 0.0077, val_mae 0.0857, val_rmse 0.1191, val_r2 0.8169, val_pearson 0.9055, lr 9.00e-05 ---
2026-10-01 11:20:36,494 - INFO - 
****************************************************************************************************
2026-10-01 11:20:38,263 - INFO - --- training epoch 133, loss 0.0067, mae 0.0865, rmse 0.1157, time elapsed(min) 0.02---
2026-10-01 11:20:38,645 - INFO - --- validation at epoch 133, val_loss 0.0076, val_mae 0.0852, val_rmse 0.1187, val_r2 0.8181, val_pearson 0.9062, lr 9.00e-05 ---
2026-10-01 11:20:38,645 - INFO - 
****************************************************************************************************
2026-10-01 11:20:40,668 - INFO - --- training epoch 134, loss 0.0069, mae 0.0874, rmse 0.1173, time elapsed(min) 0.03---
2026-10-01 11:20:40,886 - INFO - --- validation at epoch 134, val_loss 0.0077, val_mae 0.0847, val_rmse 0.1183, val_r2 0.8191, val_pearson 0.9069, lr 9.00e-05 ---
2026-10-01 11:20:40,886 - INFO - 
****************************************************************************************************
2026-10-01 11:20:42,562 - INFO - --- training epoch 135, loss 0.0069, mae 0.0874, rmse 0.1174, time elapsed(min) 0.02---
2026-10-01 11:20:42,782 - INFO - --- validation at epoch 135, val_loss 0.0079, val_mae 0.0864, val_rmse 0.1198, val_r2 0.8145, val_pearson 0.9059, lr 9.00e-05 ---
2026-10-01 11:20:42,782 - INFO - 
****************************************************************************************************
2026-10-01 11:20:44,450 - INFO - --- training epoch 136, loss 0.0070, mae 0.0880, rmse 0.1186, time elapsed(min) 0.02---
2026-10-01 11:20:44,821 - INFO - --- validation at epoch 136, val_loss 0.0080, val_mae 0.0853, val_rmse 0.1204, val_r2 0.8128, val_pearson 0.9052, lr 9.00e-05 ---
2026-10-01 11:20:44,821 - INFO - 
****************************************************************************************************
2026-10-01 11:20:46,780 - INFO - --- training epoch 137, loss 0.0070, mae 0.0893, rmse 0.1184, time elapsed(min) 0.03---
2026-10-01 11:20:46,998 - INFO - --- validation at epoch 137, val_loss 0.0077, val_mae 0.0861, val_rmse 0.1191, val_r2 0.8167, val_pearson 0.9054, lr 9.00e-05 ---
2026-10-01 11:20:46,998 - INFO - 
****************************************************************************************************
2026-10-01 11:20:48,675 - INFO - --- training epoch 138, loss 0.0069, mae 0.0882, rmse 0.1177, time elapsed(min) 0.02---
2026-10-01 11:20:48,897 - INFO - --- validation at epoch 138, val_loss 0.0076, val_mae 0.0863, val_rmse 0.1187, val_r2 0.8179, val_pearson 0.9073, lr 9.00e-05 ---
2026-10-01 11:20:48,897 - INFO - 
****************************************************************************************************
2026-10-01 11:20:50,559 - INFO - --- training epoch 139, loss 0.0069, mae 0.0874, rmse 0.1172, time elapsed(min) 0.02---
2026-10-01 11:20:50,940 - INFO - --- validation at epoch 139, val_loss 0.0073, val_mae 0.0840, val_rmse 0.1168, val_r2 0.8238, val_pearson 0.9091, lr 9.00e-05 ---
2026-10-01 11:20:50,940 - INFO - 
****************************************************************************************************
2026-10-01 11:20:52,804 - INFO - --- training epoch 140, loss 0.0070, mae 0.0885, rmse 0.1179, time elapsed(min) 0.02---
2026-10-01 11:20:53,332 - INFO - --- validation at epoch 140, val_loss 0.0075, val_mae 0.0847, val_rmse 0.1172, val_r2 0.8225, val_pearson 0.9084, lr 9.00e-05 ---
2026-10-01 11:20:53,332 - INFO - 
****************************************************************************************************
2026-10-01 11:20:54,995 - INFO - --- training epoch 141, loss 0.0070, mae 0.0879, rmse 0.1180, time elapsed(min) 0.02---
2026-10-01 11:20:55,218 - INFO - --- validation at epoch 141, val_loss 0.0078, val_mae 0.0859, val_rmse 0.1193, val_r2 0.8162, val_pearson 0.9071, lr 9.00e-05 ---
2026-10-01 11:20:55,218 - INFO - 
****************************************************************************************************
2026-10-01 11:20:56,880 - INFO - --- training epoch 142, loss 0.0071, mae 0.0887, rmse 0.1188, time elapsed(min) 0.02---
2026-10-01 11:20:57,096 - INFO - --- validation at epoch 142, val_loss 0.0076, val_mae 0.0842, val_rmse 0.1178, val_r2 0.8207, val_pearson 0.9085, lr 9.00e-05 ---
2026-10-01 11:20:57,096 - INFO - 
****************************************************************************************************
2026-10-01 11:20:58,869 - INFO - --- training epoch 143, loss 0.0069, mae 0.0883, rmse 0.1177, time elapsed(min) 0.02---
2026-10-01 11:20:59,291 - INFO - --- validation at epoch 143, val_loss 0.0079, val_mae 0.0858, val_rmse 0.1203, val_r2 0.8129, val_pearson 0.9052, lr 9.00e-05 ---
2026-10-01 11:20:59,291 - INFO - 
****************************************************************************************************
2026-10-01 11:21:01,085 - INFO - --- training epoch 144, loss 0.0069, mae 0.0875, rmse 0.1171, time elapsed(min) 0.02---
2026-10-01 11:21:01,307 - INFO - --- validation at epoch 144, val_loss 0.0077, val_mae 0.0852, val_rmse 0.1187, val_r2 0.8180, val_pearson 0.9075, lr 9.00e-05 ---
2026-10-01 11:21:01,307 - INFO - 
****************************************************************************************************
2026-10-01 11:21:02,973 - INFO - --- training epoch 145, loss 0.0070, mae 0.0878, rmse 0.1180, time elapsed(min) 0.02---
2026-10-01 11:21:03,191 - INFO - --- validation at epoch 145, val_loss 0.0077, val_mae 0.0850, val_rmse 0.1182, val_r2 0.8195, val_pearson 0.9077, lr 9.00e-05 ---
2026-10-01 11:21:03,191 - INFO - 
****************************************************************************************************
2026-10-01 11:21:04,964 - INFO - --- training epoch 146, loss 0.0070, mae 0.0881, rmse 0.1180, time elapsed(min) 0.02---
2026-10-01 11:21:05,357 - INFO - --- validation at epoch 146, val_loss 0.0076, val_mae 0.0852, val_rmse 0.1181, val_r2 0.8196, val_pearson 0.9082, lr 9.00e-05 ---
2026-10-01 11:21:05,357 - INFO - 
****************************************************************************************************
2026-10-01 11:21:07,248 - INFO - --- training epoch 147, loss 0.0068, mae 0.0874, rmse 0.1170, time elapsed(min) 0.03---
2026-10-01 11:21:07,468 - INFO - --- validation at epoch 147, val_loss 0.0077, val_mae 0.0843, val_rmse 0.1175, val_r2 0.8215, val_pearson 0.9087, lr 9.00e-05 ---
2026-10-01 11:21:07,468 - INFO - 
****************************************************************************************************
2026-10-01 11:21:09,128 - INFO - --- training epoch 148, loss 0.0069, mae 0.0878, rmse 0.1177, time elapsed(min) 0.02---
2026-10-01 11:21:09,345 - INFO - --- validation at epoch 148, val_loss 0.0078, val_mae 0.0845, val_rmse 0.1182, val_r2 0.8195, val_pearson 0.9080, lr 9.00e-05 ---
2026-10-01 11:21:09,345 - INFO - 
****************************************************************************************************
2026-10-01 11:21:11,014 - INFO - --- training epoch 149, loss 0.0068, mae 0.0874, rmse 0.1164, time elapsed(min) 0.02---
2026-10-01 11:21:11,381 - INFO - --- validation at epoch 149, val_loss 0.0078, val_mae 0.0862, val_rmse 0.1194, val_r2 0.8157, val_pearson 0.9070, lr 9.00e-05 ---
2026-10-01 11:21:11,381 - INFO - 
****************************************************************************************************
2026-10-01 11:21:13,392 - INFO - --- training epoch 150, loss 0.0069, mae 0.0884, rmse 0.1173, time elapsed(min) 0.03---
2026-10-01 11:21:13,603 - INFO - --- validation at epoch 150, val_loss 0.0079, val_mae 0.0871, val_rmse 0.1204, val_r2 0.8129, val_pearson 0.9071, lr 9.00e-05 ---
2026-10-01 11:21:13,603 - INFO - 
****************************************************************************************************
2026-10-01 11:21:15,270 - INFO - --- training epoch 151, loss 0.0068, mae 0.0870, rmse 0.1166, time elapsed(min) 0.02---
2026-10-01 11:21:15,484 - INFO - --- validation at epoch 151, val_loss 0.0075, val_mae 0.0847, val_rmse 0.1183, val_r2 0.8191, val_pearson 0.9090, lr 2.70e-05 ---
2026-10-01 11:21:15,484 - INFO - 
****************************************************************************************************
2026-10-01 11:21:17,151 - INFO - --- training epoch 152, loss 0.0067, mae 0.0856, rmse 0.1155, time elapsed(min) 0.02---
2026-10-01 11:21:17,517 - INFO - --- validation at epoch 152, val_loss 0.0076, val_mae 0.0844, val_rmse 0.1191, val_r2 0.8166, val_pearson 0.9082, lr 2.70e-05 ---
2026-10-01 11:21:17,517 - INFO - 
****************************************************************************************************
2026-10-01 11:21:19,507 - INFO - --- training epoch 153, loss 0.0066, mae 0.0861, rmse 0.1152, time elapsed(min) 0.03---
2026-10-01 11:21:19,921 - INFO - --- validation at epoch 153, val_loss 0.0074, val_mae 0.0840, val_rmse 0.1177, val_r2 0.8211, val_pearson 0.9093, lr 2.70e-05 ---
2026-10-01 11:21:19,921 - INFO - 
****************************************************************************************************
2026-10-01 11:21:21,721 - INFO - --- training epoch 154, loss 0.0066, mae 0.0858, rmse 0.1151, time elapsed(min) 0.02---
2026-10-01 11:21:21,941 - INFO - --- validation at epoch 154, val_loss 0.0074, val_mae 0.0844, val_rmse 0.1178, val_r2 0.8207, val_pearson 0.9091, lr 2.70e-05 ---
2026-10-01 11:21:21,941 - INFO - 
****************************************************************************************************
2026-10-01 11:21:23,616 - INFO - --- training epoch 155, loss 0.0065, mae 0.0857, rmse 0.1143, time elapsed(min) 0.02---
2026-10-01 11:21:23,835 - INFO - --- validation at epoch 155, val_loss 0.0075, val_mae 0.0842, val_rmse 0.1181, val_r2 0.8197, val_pearson 0.9097, lr 2.70e-05 ---
2026-10-01 11:21:23,836 - INFO - 
****************************************************************************************************
2026-10-01 11:21:25,649 - INFO - --- training epoch 156, loss 0.0065, mae 0.0850, rmse 0.1140, time elapsed(min) 0.02---
2026-10-01 11:21:26,060 - INFO - --- validation at epoch 156, val_loss 0.0073, val_mae 0.0833, val_rmse 0.1167, val_r2 0.8239, val_pearson 0.9102, lr 2.70e-05 ---
2026-10-01 11:21:26,060 - INFO - 
****************************************************************************************************
2026-10-01 11:21:28,093 - INFO - --- training epoch 157, loss 0.0066, mae 0.0861, rmse 0.1148, time elapsed(min) 0.03---
2026-10-01 11:21:28,317 - INFO - --- validation at epoch 157, val_loss 0.0074, val_mae 0.0839, val_rmse 0.1176, val_r2 0.8213, val_pearson 0.9089, lr 2.70e-05 ---
2026-10-01 11:21:28,317 - INFO - 
****************************************************************************************************
2026-10-01 11:21:29,971 - INFO - --- training epoch 158, loss 0.0066, mae 0.0853, rmse 0.1148, time elapsed(min) 0.02---
2026-10-01 11:21:30,189 - INFO - --- validation at epoch 158, val_loss 0.0075, val_mae 0.0840, val_rmse 0.1176, val_r2 0.8213, val_pearson 0.9095, lr 2.70e-05 ---
2026-10-01 11:21:30,189 - INFO - 
****************************************************************************************************
2026-10-01 11:21:31,966 - INFO - --- training epoch 159, loss 0.0067, mae 0.0863, rmse 0.1159, time elapsed(min) 0.02---
2026-10-01 11:21:32,359 - INFO - --- validation at epoch 159, val_loss 0.0075, val_mae 0.0840, val_rmse 0.1178, val_r2 0.8207, val_pearson 0.9096, lr 2.70e-05 ---
2026-10-01 11:21:32,359 - INFO - 
****************************************************************************************************
2026-10-01 11:21:34,314 - INFO - --- training epoch 160, loss 0.0066, mae 0.0851, rmse 0.1145, time elapsed(min) 0.03---
2026-10-01 11:21:34,535 - INFO - --- validation at epoch 160, val_loss 0.0073, val_mae 0.0832, val_rmse 0.1165, val_r2 0.8245, val_pearson 0.9107, lr 2.70e-05 ---
2026-10-01 11:21:34,535 - INFO - 
****************************************************************************************************
2026-10-01 11:21:36,210 - INFO - --- training epoch 161, loss 0.0067, mae 0.0860, rmse 0.1156, time elapsed(min) 0.02---
2026-10-01 11:21:36,447 - INFO - --- validation at epoch 161, val_loss 0.0074, val_mae 0.0835, val_rmse 0.1170, val_r2 0.8231, val_pearson 0.9094, lr 2.70e-05 ---
2026-10-01 11:21:36,447 - INFO - 
****************************************************************************************************
2026-10-01 11:21:38,105 - INFO - --- training epoch 162, loss 0.0065, mae 0.0849, rmse 0.1140, time elapsed(min) 0.02---
2026-10-01 11:21:38,486 - INFO - --- validation at epoch 162, val_loss 0.0075, val_mae 0.0839, val_rmse 0.1174, val_r2 0.8220, val_pearson 0.9103, lr 2.70e-05 ---
2026-10-01 11:21:38,486 - INFO - 
****************************************************************************************************
2026-10-01 11:21:40,427 - INFO - --- training epoch 163, loss 0.0064, mae 0.0847, rmse 0.1134, time elapsed(min) 0.03---
2026-10-01 11:21:40,643 - INFO - --- validation at epoch 163, val_loss 0.0075, val_mae 0.0842, val_rmse 0.1176, val_r2 0.8214, val_pearson 0.9092, lr 2.70e-05 ---
2026-10-01 11:21:40,643 - INFO - 
****************************************************************************************************
2026-10-01 11:21:42,313 - INFO - --- training epoch 164, loss 0.0065, mae 0.0851, rmse 0.1142, time elapsed(min) 0.02---
2026-10-01 11:21:42,535 - INFO - --- validation at epoch 164, val_loss 0.0074, val_mae 0.0837, val_rmse 0.1174, val_r2 0.8221, val_pearson 0.9094, lr 2.70e-05 ---
2026-10-01 11:21:42,535 - INFO - 
****************************************************************************************************
2026-10-01 11:21:44,206 - INFO - --- training epoch 165, loss 0.0065, mae 0.0856, rmse 0.1139, time elapsed(min) 0.02---
2026-10-01 11:21:44,571 - INFO - --- validation at epoch 165, val_loss 0.0073, val_mae 0.0833, val_rmse 0.1167, val_r2 0.8242, val_pearson 0.9100, lr 2.70e-05 ---
2026-10-01 11:21:44,571 - INFO - 
****************************************************************************************************
2026-10-01 11:21:46,526 - INFO - --- training epoch 166, loss 0.0064, mae 0.0841, rmse 0.1131, time elapsed(min) 0.03---
2026-10-01 11:21:46,937 - INFO - --- validation at epoch 166, val_loss 0.0073, val_mae 0.0838, val_rmse 0.1169, val_r2 0.8233, val_pearson 0.9099, lr 2.70e-05 ---
2026-10-01 11:21:46,937 - INFO - 
****************************************************************************************************
2026-10-01 11:21:48,742 - INFO - --- training epoch 167, loss 0.0066, mae 0.0855, rmse 0.1147, time elapsed(min) 0.02---
2026-10-01 11:21:48,962 - INFO - --- validation at epoch 167, val_loss 0.0072, val_mae 0.0832, val_rmse 0.1163, val_r2 0.8252, val_pearson 0.9100, lr 2.70e-05 ---
2026-10-01 11:21:48,962 - INFO - 
****************************************************************************************************
2026-10-01 11:21:50,728 - INFO - --- training epoch 168, loss 0.0065, mae 0.0850, rmse 0.1139, time elapsed(min) 0.02---
2026-10-01 11:21:50,949 - INFO - --- validation at epoch 168, val_loss 0.0074, val_mae 0.0838, val_rmse 0.1171, val_r2 0.8228, val_pearson 0.9101, lr 2.70e-05 ---
2026-10-01 11:21:50,950 - INFO - 
****************************************************************************************************
2026-10-01 11:21:52,779 - INFO - --- training epoch 169, loss 0.0065, mae 0.0851, rmse 0.1138, time elapsed(min) 0.03---
2026-10-01 11:21:53,173 - INFO - --- validation at epoch 169, val_loss 0.0074, val_mae 0.0834, val_rmse 0.1166, val_r2 0.8243, val_pearson 0.9110, lr 2.70e-05 ---
2026-10-01 11:21:53,173 - INFO - 
****************************************************************************************************
2026-10-01 11:21:55,077 - INFO - --- training epoch 170, loss 0.0066, mae 0.0855, rmse 0.1145, time elapsed(min) 0.02---
2026-10-01 11:21:55,293 - INFO - --- validation at epoch 170, val_loss 0.0074, val_mae 0.0835, val_rmse 0.1167, val_r2 0.8241, val_pearson 0.9113, lr 2.70e-05 ---
2026-10-01 11:21:55,293 - INFO - 
****************************************************************************************************
2026-10-01 11:21:56,957 - INFO - --- training epoch 171, loss 0.0065, mae 0.0852, rmse 0.1142, time elapsed(min) 0.02---
2026-10-01 11:21:57,179 - INFO - --- validation at epoch 171, val_loss 0.0072, val_mae 0.0827, val_rmse 0.1156, val_r2 0.8273, val_pearson 0.9115, lr 2.70e-05 ---
2026-10-01 11:21:57,179 - INFO - 
****************************************************************************************************
2026-10-01 11:21:59,036 - INFO - --- training epoch 172, loss 0.0066, mae 0.0858, rmse 0.1149, time elapsed(min) 0.02---
2026-10-01 11:21:59,433 - INFO - --- validation at epoch 172, val_loss 0.0073, val_mae 0.0831, val_rmse 0.1162, val_r2 0.8256, val_pearson 0.9106, lr 2.70e-05 ---
2026-10-01 11:21:59,433 - INFO - 
****************************************************************************************************
2026-10-01 11:22:01,273 - INFO - --- training epoch 173, loss 0.0065, mae 0.0857, rmse 0.1141, time elapsed(min) 0.02---
2026-10-01 11:22:01,489 - INFO - --- validation at epoch 173, val_loss 0.0073, val_mae 0.0829, val_rmse 0.1158, val_r2 0.8266, val_pearson 0.9116, lr 2.70e-05 ---
2026-10-01 11:22:01,489 - INFO - 
****************************************************************************************************
2026-10-01 11:22:03,402 - INFO - --- training epoch 174, loss 0.0066, mae 0.0857, rmse 0.1145, time elapsed(min) 0.03---
2026-10-01 11:22:03,618 - INFO - --- validation at epoch 174, val_loss 0.0073, val_mae 0.0829, val_rmse 0.1159, val_r2 0.8264, val_pearson 0.9107, lr 2.70e-05 ---
2026-10-01 11:22:03,618 - INFO - 
****************************************************************************************************
2026-10-01 11:22:05,400 - INFO - --- training epoch 175, loss 0.0065, mae 0.0848, rmse 0.1137, time elapsed(min) 0.02---
2026-10-01 11:22:05,802 - INFO - --- validation at epoch 175, val_loss 0.0073, val_mae 0.0832, val_rmse 0.1160, val_r2 0.8262, val_pearson 0.9113, lr 2.70e-05 ---
2026-10-01 11:22:05,802 - INFO - 
****************************************************************************************************
2026-10-01 11:22:07,761 - INFO - --- training epoch 176, loss 0.0065, mae 0.0845, rmse 0.1142, time elapsed(min) 0.03---
2026-10-01 11:22:07,995 - INFO - --- validation at epoch 176, val_loss 0.0073, val_mae 0.0828, val_rmse 0.1159, val_r2 0.8264, val_pearson 0.9111, lr 2.70e-05 ---
2026-10-01 11:22:07,996 - INFO - 
****************************************************************************************************
2026-10-01 11:22:09,684 - INFO - --- training epoch 177, loss 0.0064, mae 0.0843, rmse 0.1135, time elapsed(min) 0.02---
2026-10-01 11:22:09,901 - INFO - --- validation at epoch 177, val_loss 0.0073, val_mae 0.0831, val_rmse 0.1161, val_r2 0.8258, val_pearson 0.9099, lr 2.70e-05 ---
2026-10-01 11:22:09,901 - INFO - 
****************************************************************************************************
2026-10-01 11:22:11,582 - INFO - --- training epoch 178, loss 0.0064, mae 0.0845, rmse 0.1128, time elapsed(min) 0.02---
2026-10-01 11:22:11,956 - INFO - --- validation at epoch 178, val_loss 0.0073, val_mae 0.0827, val_rmse 0.1160, val_r2 0.8260, val_pearson 0.9115, lr 2.70e-05 ---
2026-10-01 11:22:11,956 - INFO - 
****************************************************************************************************
2026-10-01 11:22:13,894 - INFO - --- training epoch 179, loss 0.0065, mae 0.0845, rmse 0.1136, time elapsed(min) 0.03---
2026-10-01 11:22:14,114 - INFO - --- validation at epoch 179, val_loss 0.0073, val_mae 0.0829, val_rmse 0.1163, val_r2 0.8251, val_pearson 0.9113, lr 2.70e-05 ---
2026-10-01 11:22:14,114 - INFO - 
****************************************************************************************************
2026-10-01 11:22:15,787 - INFO - --- training epoch 180, loss 0.0066, mae 0.0858, rmse 0.1148, time elapsed(min) 0.02---
2026-10-01 11:22:16,010 - INFO - --- validation at epoch 180, val_loss 0.0073, val_mae 0.0830, val_rmse 0.1161, val_r2 0.8260, val_pearson 0.9113, lr 2.70e-05 ---
2026-10-01 11:22:16,010 - INFO - 
****************************************************************************************************
2026-10-01 11:22:17,683 - INFO - --- training epoch 181, loss 0.0065, mae 0.0848, rmse 0.1142, time elapsed(min) 0.02---
2026-10-01 11:22:18,070 - INFO - --- validation at epoch 181, val_loss 0.0073, val_mae 0.0830, val_rmse 0.1160, val_r2 0.8262, val_pearson 0.9107, lr 2.70e-05 ---
2026-10-01 11:22:18,070 - INFO - 
****************************************************************************************************
2026-10-01 11:22:19,857 - INFO - --- training epoch 182, loss 0.0064, mae 0.0848, rmse 0.1133, time elapsed(min) 0.02---
2026-10-01 11:22:20,262 - INFO - --- validation at epoch 182, val_loss 0.0074, val_mae 0.0835, val_rmse 0.1167, val_r2 0.8239, val_pearson 0.9100, lr 2.70e-05 ---
2026-10-01 11:22:20,262 - INFO - 
****************************************************************************************************
2026-10-01 11:22:22,064 - INFO - --- training epoch 183, loss 0.0064, mae 0.0846, rmse 0.1133, time elapsed(min) 0.02---
2026-10-01 11:22:22,286 - INFO - --- validation at epoch 183, val_loss 0.0072, val_mae 0.0824, val_rmse 0.1154, val_r2 0.8279, val_pearson 0.9117, lr 8.10e-06 ---
2026-10-01 11:22:22,286 - INFO - 
****************************************************************************************************
2026-10-01 11:22:24,051 - INFO - --- training epoch 184, loss 0.0063, mae 0.0844, rmse 0.1125, time elapsed(min) 0.02---
2026-10-01 11:22:24,273 - INFO - --- validation at epoch 184, val_loss 0.0073, val_mae 0.0825, val_rmse 0.1157, val_r2 0.8271, val_pearson 0.9115, lr 8.10e-06 ---
2026-10-01 11:22:24,273 - INFO - 
****************************************************************************************************
2026-10-01 11:22:25,960 - INFO - --- training epoch 185, loss 0.0064, mae 0.0841, rmse 0.1129, time elapsed(min) 0.02---
2026-10-01 11:22:26,381 - INFO - --- validation at epoch 185, val_loss 0.0073, val_mae 0.0827, val_rmse 0.1158, val_r2 0.8268, val_pearson 0.9112, lr 8.10e-06 ---
2026-10-01 11:22:26,381 - INFO - 
****************************************************************************************************
2026-10-01 11:22:28,187 - INFO - --- training epoch 186, loss 0.0064, mae 0.0840, rmse 0.1127, time elapsed(min) 0.02---
2026-10-01 11:22:28,403 - INFO - --- validation at epoch 186, val_loss 0.0073, val_mae 0.0830, val_rmse 0.1161, val_r2 0.8258, val_pearson 0.9108, lr 8.10e-06 ---
2026-10-01 11:22:28,403 - INFO - 
****************************************************************************************************
2026-10-01 11:22:30,246 - INFO - --- training epoch 187, loss 0.0065, mae 0.0845, rmse 0.1137, time elapsed(min) 0.03---
2026-10-01 11:22:30,467 - INFO - --- validation at epoch 187, val_loss 0.0072, val_mae 0.0824, val_rmse 0.1155, val_r2 0.8276, val_pearson 0.9115, lr 8.10e-06 ---
2026-10-01 11:22:30,467 - INFO - 
****************************************************************************************************
2026-10-01 11:22:32,230 - INFO - --- training epoch 188, loss 0.0063, mae 0.0837, rmse 0.1125, time elapsed(min) 0.02---
2026-10-01 11:22:32,638 - INFO - --- validation at epoch 188, val_loss 0.0073, val_mae 0.0827, val_rmse 0.1158, val_r2 0.8268, val_pearson 0.9116, lr 8.10e-06 ---
2026-10-01 11:22:32,638 - INFO - 
****************************************************************************************************
2026-10-01 11:22:34,445 - INFO - --- training epoch 189, loss 0.0065, mae 0.0852, rmse 0.1142, time elapsed(min) 0.02---
2026-10-01 11:22:34,665 - INFO - --- validation at epoch 189, val_loss 0.0072, val_mae 0.0823, val_rmse 0.1151, val_r2 0.8287, val_pearson 0.9119, lr 8.10e-06 ---
2026-10-01 11:22:34,665 - INFO - 
****************************************************************************************************
2026-10-01 11:22:36,427 - INFO - --- training epoch 190, loss 0.0063, mae 0.0836, rmse 0.1120, time elapsed(min) 0.02---
2026-10-01 11:22:36,653 - INFO - --- validation at epoch 190, val_loss 0.0072, val_mae 0.0825, val_rmse 0.1155, val_r2 0.8277, val_pearson 0.9113, lr 8.10e-06 ---
2026-10-01 11:22:36,653 - INFO - 
****************************************************************************************************
2026-10-01 11:22:38,436 - INFO - --- training epoch 191, loss 0.0064, mae 0.0844, rmse 0.1127, time elapsed(min) 0.02---
2026-10-01 11:22:38,831 - INFO - --- validation at epoch 191, val_loss 0.0073, val_mae 0.0826, val_rmse 0.1157, val_r2 0.8271, val_pearson 0.9114, lr 8.10e-06 ---
2026-10-01 11:22:38,831 - INFO - 
****************************************************************************************************
2026-10-01 11:22:40,733 - INFO - --- training epoch 192, loss 0.0063, mae 0.0838, rmse 0.1125, time elapsed(min) 0.03---
2026-10-01 11:22:40,949 - INFO - --- validation at epoch 192, val_loss 0.0072, val_mae 0.0824, val_rmse 0.1153, val_r2 0.8282, val_pearson 0.9118, lr 8.10e-06 ---
2026-10-01 11:22:40,949 - INFO - 
****************************************************************************************************
2026-10-01 11:22:42,610 - INFO - --- training epoch 193, loss 0.0064, mae 0.0842, rmse 0.1129, time elapsed(min) 0.02---
2026-10-01 11:22:42,831 - INFO - --- validation at epoch 193, val_loss 0.0073, val_mae 0.0825, val_rmse 0.1156, val_r2 0.8272, val_pearson 0.9116, lr 8.10e-06 ---
2026-10-01 11:22:42,831 - INFO - 
****************************************************************************************************
2026-10-01 11:22:44,680 - INFO - --- training epoch 194, loss 0.0064, mae 0.0845, rmse 0.1136, time elapsed(min) 0.03---
2026-10-01 11:22:45,070 - INFO - --- validation at epoch 194, val_loss 0.0072, val_mae 0.0824, val_rmse 0.1152, val_r2 0.8286, val_pearson 0.9119, lr 8.10e-06 ---
2026-10-01 11:22:45,070 - INFO - 
****************************************************************************************************
2026-10-01 11:22:47,139 - INFO - --- training epoch 195, loss 0.0063, mae 0.0846, rmse 0.1126, time elapsed(min) 0.03---
2026-10-01 11:22:47,363 - INFO - --- validation at epoch 195, val_loss 0.0073, val_mae 0.0827, val_rmse 0.1158, val_r2 0.8269, val_pearson 0.9117, lr 8.10e-06 ---
2026-10-01 11:22:47,363 - INFO - 
****************************************************************************************************
2026-10-01 11:22:49,043 - INFO - --- training epoch 196, loss 0.0065, mae 0.0853, rmse 0.1142, time elapsed(min) 0.02---
2026-10-01 11:22:49,264 - INFO - --- validation at epoch 196, val_loss 0.0072, val_mae 0.0824, val_rmse 0.1153, val_r2 0.8284, val_pearson 0.9117, lr 8.10e-06 ---
2026-10-01 11:22:49,264 - INFO - 
****************************************************************************************************
2026-10-01 11:22:50,940 - INFO - --- training epoch 197, loss 0.0064, mae 0.0845, rmse 0.1132, time elapsed(min) 0.02---
2026-10-01 11:22:51,160 - INFO - --- validation at epoch 197, val_loss 0.0073, val_mae 0.0829, val_rmse 0.1158, val_r2 0.8266, val_pearson 0.9118, lr 8.10e-06 ---
2026-10-01 11:22:51,160 - INFO - 
****************************************************************************************************
2026-10-01 11:22:53,094 - INFO - --- training epoch 198, loss 0.0064, mae 0.0838, rmse 0.1128, time elapsed(min) 0.03---
2026-10-01 11:22:53,319 - INFO - --- validation at epoch 198, val_loss 0.0073, val_mae 0.0829, val_rmse 0.1160, val_r2 0.8263, val_pearson 0.9117, lr 8.10e-06 ---
2026-10-01 11:22:53,319 - INFO - 
****************************************************************************************************
2026-10-01 11:22:55,001 - INFO - --- training epoch 199, loss 0.0064, mae 0.0845, rmse 0.1133, time elapsed(min) 0.02---
2026-10-01 11:22:55,224 - INFO - --- validation at epoch 199, val_loss 0.0073, val_mae 0.0827, val_rmse 0.1158, val_r2 0.8267, val_pearson 0.9112, lr 8.10e-06 ---
2026-10-01 11:22:55,225 - INFO - 
****************************************************************************************************
2026-10-01 11:22:56,909 - INFO - --- training epoch 200, loss 0.0063, mae 0.0831, rmse 0.1120, time elapsed(min) 0.02---
2026-10-01 11:22:57,131 - INFO - --- validation at epoch 200, val_loss 0.0071, val_mae 0.0825, val_rmse 0.1152, val_r2 0.8285, val_pearson 0.9116, lr 8.10e-06 ---
2026-10-01 11:22:57,131 - INFO - 
****************************************************************************************************
2026-10-01 11:22:58,974 - INFO - --- training epoch 201, loss 0.0064, mae 0.0845, rmse 0.1130, time elapsed(min) 0.02---
2026-10-01 11:22:59,402 - INFO - --- validation at epoch 201, val_loss 0.0073, val_mae 0.0826, val_rmse 0.1158, val_r2 0.8267, val_pearson 0.9115, lr 8.10e-06 ---
2026-10-01 11:22:59,402 - INFO - 
****************************************************************************************************
2026-10-01 11:23:01,289 - INFO - --- training epoch 202, loss 0.0064, mae 0.0841, rmse 0.1134, time elapsed(min) 0.02---
2026-10-01 11:23:01,508 - INFO - --- validation at epoch 202, val_loss 0.0072, val_mae 0.0820, val_rmse 0.1152, val_r2 0.8286, val_pearson 0.9120, lr 8.10e-06 ---
2026-10-01 11:23:01,508 - INFO - 
****************************************************************************************************
2026-10-01 11:23:03,200 - INFO - --- training epoch 203, loss 0.0064, mae 0.0846, rmse 0.1134, time elapsed(min) 0.02---
2026-10-01 11:23:03,422 - INFO - --- validation at epoch 203, val_loss 0.0072, val_mae 0.0822, val_rmse 0.1153, val_r2 0.8283, val_pearson 0.9121, lr 8.10e-06 ---
2026-10-01 11:23:03,422 - INFO - 
****************************************************************************************************
2026-10-01 11:23:05,218 - INFO - --- training epoch 204, loss 0.0064, mae 0.0842, rmse 0.1128, time elapsed(min) 0.03---
2026-10-01 11:23:05,611 - INFO - --- validation at epoch 204, val_loss 0.0072, val_mae 0.0825, val_rmse 0.1152, val_r2 0.8284, val_pearson 0.9119, lr 8.10e-06 ---
2026-10-01 11:23:05,611 - INFO - 
****************************************************************************************************
2026-10-01 11:23:07,404 - INFO - --- training epoch 205, loss 0.0064, mae 0.0838, rmse 0.1131, time elapsed(min) 0.02---
2026-10-01 11:23:07,624 - INFO - --- validation at epoch 205, val_loss 0.0073, val_mae 0.0830, val_rmse 0.1162, val_r2 0.8256, val_pearson 0.9111, lr 8.10e-06 ---
2026-10-01 11:23:07,624 - INFO - 
****************************************************************************************************
2026-10-01 11:23:09,499 - INFO - --- training epoch 206, loss 0.0064, mae 0.0840, rmse 0.1127, time elapsed(min) 0.03---
2026-10-01 11:23:09,717 - INFO - --- validation at epoch 206, val_loss 0.0072, val_mae 0.0824, val_rmse 0.1154, val_r2 0.8279, val_pearson 0.9118, lr 8.10e-06 ---
2026-10-01 11:23:09,717 - INFO - 
****************************************************************************************************
2026-10-01 11:23:11,410 - INFO - --- training epoch 207, loss 0.0065, mae 0.0848, rmse 0.1140, time elapsed(min) 0.02---
2026-10-01 11:23:11,808 - INFO - --- validation at epoch 207, val_loss 0.0073, val_mae 0.0830, val_rmse 0.1160, val_r2 0.8262, val_pearson 0.9114, lr 8.10e-06 ---
2026-10-01 11:23:11,808 - INFO - 
****************************************************************************************************
2026-10-01 11:23:13,944 - INFO - --- training epoch 208, loss 0.0063, mae 0.0840, rmse 0.1125, time elapsed(min) 0.03---
2026-10-01 11:23:14,159 - INFO - --- validation at epoch 208, val_loss 0.0072, val_mae 0.0827, val_rmse 0.1155, val_r2 0.8277, val_pearson 0.9118, lr 8.10e-06 ---
2026-10-01 11:23:14,160 - INFO - 
****************************************************************************************************
2026-10-01 11:23:15,826 - INFO - --- training epoch 209, loss 0.0063, mae 0.0836, rmse 0.1127, time elapsed(min) 0.02---
2026-10-01 11:23:16,044 - INFO - --- validation at epoch 209, val_loss 0.0072, val_mae 0.0823, val_rmse 0.1155, val_r2 0.8277, val_pearson 0.9115, lr 8.10e-06 ---
2026-10-01 11:23:16,044 - INFO - 
****************************************************************************************************
2026-10-01 11:23:17,735 - INFO - --- training epoch 210, loss 0.0065, mae 0.0847, rmse 0.1137, time elapsed(min) 0.02---
2026-10-01 11:23:18,108 - INFO - --- validation at epoch 210, val_loss 0.0072, val_mae 0.0823, val_rmse 0.1152, val_r2 0.8285, val_pearson 0.9121, lr 8.10e-06 ---
2026-10-01 11:23:18,108 - INFO - 
****************************************************************************************************
2026-10-01 11:23:19,903 - INFO - --- training epoch 211, loss 0.0064, mae 0.0842, rmse 0.1131, time elapsed(min) 0.03---
2026-10-01 11:23:20,461 - INFO - --- validation at epoch 211, val_loss 0.0073, val_mae 0.0828, val_rmse 0.1162, val_r2 0.8256, val_pearson 0.9113, lr 8.10e-06 ---
2026-10-01 11:23:20,462 - INFO - 
****************************************************************************************************
2026-10-01 11:23:22,138 - INFO - --- training epoch 212, loss 0.0064, mae 0.0840, rmse 0.1132, time elapsed(min) 0.02---
2026-10-01 11:23:22,354 - INFO - --- validation at epoch 212, val_loss 0.0072, val_mae 0.0823, val_rmse 0.1154, val_r2 0.8279, val_pearson 0.9116, lr 2.43e-06 ---
2026-10-01 11:23:22,354 - INFO - 
****************************************************************************************************
2026-10-01 11:23:24,028 - INFO - --- training epoch 213, loss 0.0063, mae 0.0832, rmse 0.1123, time elapsed(min) 0.02---
2026-10-01 11:23:24,263 - INFO - --- validation at epoch 213, val_loss 0.0072, val_mae 0.0821, val_rmse 0.1150, val_r2 0.8291, val_pearson 0.9119, lr 2.43e-06 ---
2026-10-01 11:23:24,263 - INFO - 
****************************************************************************************************
2026-10-01 11:23:26,069 - INFO - --- training epoch 214, loss 0.0062, mae 0.0832, rmse 0.1116, time elapsed(min) 0.03---
2026-10-01 11:23:26,486 - INFO - --- validation at epoch 214, val_loss 0.0072, val_mae 0.0824, val_rmse 0.1154, val_r2 0.8281, val_pearson 0.9117, lr 2.43e-06 ---
2026-10-01 11:23:26,486 - INFO - 
****************************************************************************************************
2026-10-01 11:23:28,396 - INFO - --- training epoch 215, loss 0.0064, mae 0.0843, rmse 0.1127, time elapsed(min) 0.02---
2026-10-01 11:23:28,615 - INFO - --- validation at epoch 215, val_loss 0.0072, val_mae 0.0824, val_rmse 0.1152, val_r2 0.8286, val_pearson 0.9118, lr 2.43e-06 ---
2026-10-01 11:23:28,615 - INFO - 
****************************************************************************************************
2026-10-01 11:23:30,301 - INFO - --- training epoch 216, loss 0.0063, mae 0.0838, rmse 0.1126, time elapsed(min) 0.02---
2026-10-01 11:23:30,526 - INFO - --- validation at epoch 216, val_loss 0.0072, val_mae 0.0822, val_rmse 0.1150, val_r2 0.8292, val_pearson 0.9121, lr 2.43e-06 ---
2026-10-01 11:23:30,526 - INFO - 
****************************************************************************************************
2026-10-01 11:23:32,183 - INFO - --- training epoch 217, loss 0.0064, mae 0.0844, rmse 0.1136, time elapsed(min) 0.02---
2026-10-01 11:23:32,578 - INFO - --- validation at epoch 217, val_loss 0.0072, val_mae 0.0822, val_rmse 0.1151, val_r2 0.8287, val_pearson 0.9121, lr 2.43e-06 ---
2026-10-01 11:23:32,579 - INFO - 
****************************************************************************************************
2026-10-01 11:23:34,467 - INFO - --- training epoch 218, loss 0.0063, mae 0.0844, rmse 0.1127, time elapsed(min) 0.03---
2026-10-01 11:23:34,685 - INFO - --- validation at epoch 218, val_loss 0.0072, val_mae 0.0822, val_rmse 0.1151, val_r2 0.8289, val_pearson 0.9121, lr 2.43e-06 ---
2026-10-01 11:23:34,685 - INFO - 
****************************************************************************************************
2026-10-01 11:23:36,357 - INFO - --- training epoch 219, loss 0.0063, mae 0.0839, rmse 0.1125, time elapsed(min) 0.02---
2026-10-01 11:23:36,580 - INFO - --- validation at epoch 219, val_loss 0.0072, val_mae 0.0822, val_rmse 0.1152, val_r2 0.8286, val_pearson 0.9119, lr 2.43e-06 ---
2026-10-01 11:23:36,580 - INFO - 
****************************************************************************************************
2026-10-01 11:23:38,239 - INFO - --- training epoch 220, loss 0.0065, mae 0.0853, rmse 0.1143, time elapsed(min) 0.02---
2026-10-01 11:23:38,622 - INFO - --- validation at epoch 220, val_loss 0.0072, val_mae 0.0822, val_rmse 0.1152, val_r2 0.8286, val_pearson 0.9119, lr 2.43e-06 ---
2026-10-01 11:23:38,622 - INFO - 
****************************************************************************************************
2026-10-01 11:23:40,552 - INFO - --- training epoch 221, loss 0.0062, mae 0.0830, rmse 0.1115, time elapsed(min) 0.03---
2026-10-01 11:23:40,774 - INFO - --- validation at epoch 221, val_loss 0.0072, val_mae 0.0822, val_rmse 0.1153, val_r2 0.8283, val_pearson 0.9120, lr 2.43e-06 ---
2026-10-01 11:23:40,774 - INFO - 
****************************************************************************************************
2026-10-01 11:23:42,434 - INFO - --- training epoch 222, loss 0.0063, mae 0.0841, rmse 0.1121, time elapsed(min) 0.02---
2026-10-01 11:23:42,664 - INFO - --- validation at epoch 222, val_loss 0.0072, val_mae 0.0819, val_rmse 0.1151, val_r2 0.8289, val_pearson 0.9121, lr 2.43e-06 ---
2026-10-01 11:23:42,664 - INFO - 
****************************************************************************************************
2026-10-01 11:23:44,341 - INFO - --- training epoch 223, loss 0.0062, mae 0.0832, rmse 0.1114, time elapsed(min) 0.02---
2026-10-01 11:23:44,714 - INFO - --- validation at epoch 223, val_loss 0.0072, val_mae 0.0819, val_rmse 0.1150, val_r2 0.8291, val_pearson 0.9121, lr 1.00e-06 ---
2026-10-01 11:23:44,714 - INFO - 
****************************************************************************************************
2026-10-01 11:23:46,664 - INFO - --- training epoch 224, loss 0.0062, mae 0.0829, rmse 0.1118, time elapsed(min) 0.03---
2026-10-01 11:23:46,877 - INFO - --- validation at epoch 224, val_loss 0.0072, val_mae 0.0820, val_rmse 0.1151, val_r2 0.8289, val_pearson 0.9121, lr 1.00e-06 ---
2026-10-01 11:23:46,877 - INFO - 
****************************************************************************************************
2026-10-01 11:23:48,551 - INFO - --- training epoch 225, loss 0.0063, mae 0.0841, rmse 0.1124, time elapsed(min) 0.02---
2026-10-01 11:23:48,772 - INFO - --- validation at epoch 225, val_loss 0.0072, val_mae 0.0820, val_rmse 0.1151, val_r2 0.8288, val_pearson 0.9122, lr 1.00e-06 ---
2026-10-01 11:23:48,772 - INFO - 
****************************************************************************************************
2026-10-01 11:23:50,563 - INFO - --- training epoch 226, loss 0.0063, mae 0.0835, rmse 0.1126, time elapsed(min) 0.02---
2026-10-01 11:23:50,935 - INFO - --- validation at epoch 226, val_loss 0.0072, val_mae 0.0819, val_rmse 0.1150, val_r2 0.8291, val_pearson 0.9123, lr 1.00e-06 ---
2026-10-01 11:23:50,935 - INFO - 
****************************************************************************************************
2026-10-01 11:23:52,816 - INFO - --- training epoch 227, loss 0.0063, mae 0.0839, rmse 0.1121, time elapsed(min) 0.03---
2026-10-01 11:23:53,357 - INFO - --- validation at epoch 227, val_loss 0.0072, val_mae 0.0820, val_rmse 0.1150, val_r2 0.8291, val_pearson 0.9122, lr 1.00e-06 ---
2026-10-01 11:23:53,357 - INFO - 
****************************************************************************************************
2026-10-01 11:23:55,195 - INFO - --- training epoch 228, loss 0.0064, mae 0.0844, rmse 0.1136, time elapsed(min) 0.03---
2026-10-01 11:23:55,435 - INFO - --- validation at epoch 228, val_loss 0.0072, val_mae 0.0820, val_rmse 0.1151, val_r2 0.8289, val_pearson 0.9121, lr 1.00e-06 ---
2026-10-01 11:23:55,435 - INFO - 
****************************************************************************************************
2026-10-01 11:23:57,126 - INFO - --- training epoch 229, loss 0.0064, mae 0.0843, rmse 0.1132, time elapsed(min) 0.02---
2026-10-01 11:23:57,350 - INFO - --- validation at epoch 229, val_loss 0.0072, val_mae 0.0821, val_rmse 0.1150, val_r2 0.8290, val_pearson 0.9121, lr 1.00e-06 ---
2026-10-01 11:23:57,350 - INFO - 
****************************************************************************************************
2026-10-01 11:23:59,162 - INFO - --- training epoch 230, loss 0.0063, mae 0.0839, rmse 0.1126, time elapsed(min) 0.02---
2026-10-01 11:23:59,577 - INFO - --- validation at epoch 230, val_loss 0.0072, val_mae 0.0822, val_rmse 0.1152, val_r2 0.8286, val_pearson 0.9121, lr 1.00e-06 ---
2026-10-01 11:23:59,577 - INFO - 
****************************************************************************************************
2026-10-01 11:24:01,408 - INFO - --- training epoch 231, loss 0.0063, mae 0.0839, rmse 0.1125, time elapsed(min) 0.02---
2026-10-01 11:24:01,629 - INFO - --- validation at epoch 231, val_loss 0.0072, val_mae 0.0821, val_rmse 0.1150, val_r2 0.8290, val_pearson 0.9121, lr 1.00e-06 ---
2026-10-01 11:24:01,629 - INFO - 
****************************************************************************************************
2026-10-01 11:24:03,320 - INFO - --- training epoch 232, loss 0.0063, mae 0.0834, rmse 0.1123, time elapsed(min) 0.02---
2026-10-01 11:24:03,540 - INFO - --- validation at epoch 232, val_loss 0.0072, val_mae 0.0821, val_rmse 0.1150, val_r2 0.8292, val_pearson 0.9123, lr 1.00e-06 ---
2026-10-01 11:24:03,540 - INFO - 
****************************************************************************************************
2026-10-01 11:24:05,333 - INFO - --- training epoch 233, loss 0.0064, mae 0.0842, rmse 0.1129, time elapsed(min) 0.02---
2026-10-01 11:24:05,736 - INFO - --- validation at epoch 233, val_loss 0.0072, val_mae 0.0821, val_rmse 0.1150, val_r2 0.8291, val_pearson 0.9122, lr 1.00e-06 ---
2026-10-01 11:24:05,736 - INFO - 
****************************************************************************************************
2026-10-01 11:24:07,625 - INFO - --- training epoch 234, loss 0.0062, mae 0.0834, rmse 0.1115, time elapsed(min) 0.03---
2026-10-01 11:24:07,851 - INFO - --- validation at epoch 234, val_loss 0.0072, val_mae 0.0821, val_rmse 0.1150, val_r2 0.8292, val_pearson 0.9122, lr 1.00e-06 ---
2026-10-01 11:24:07,851 - INFO - 
****************************************************************************************************
2026-10-01 11:24:09,642 - INFO - --- training epoch 235, loss 0.0064, mae 0.0840, rmse 0.1127, time elapsed(min) 0.02---
2026-10-01 11:24:09,858 - INFO - --- validation at epoch 235, val_loss 0.0072, val_mae 0.0820, val_rmse 0.1149, val_r2 0.8294, val_pearson 0.9123, lr 1.00e-06 ---
2026-10-01 11:24:09,858 - INFO - 
****************************************************************************************************
2026-10-01 11:24:11,612 - INFO - --- training epoch 236, loss 0.0064, mae 0.0848, rmse 0.1135, time elapsed(min) 0.02---
2026-10-01 11:24:11,978 - INFO - --- validation at epoch 236, val_loss 0.0072, val_mae 0.0820, val_rmse 0.1149, val_r2 0.8295, val_pearson 0.9122, lr 1.00e-06 ---
2026-10-01 11:24:11,978 - INFO - 
****************************************************************************************************
2026-10-01 11:24:13,888 - INFO - --- training epoch 237, loss 0.0066, mae 0.0856, rmse 0.1145, time elapsed(min) 0.03---
2026-10-01 11:24:14,111 - INFO - --- validation at epoch 237, val_loss 0.0072, val_mae 0.0821, val_rmse 0.1151, val_r2 0.8289, val_pearson 0.9121, lr 1.00e-06 ---
2026-10-01 11:24:14,111 - INFO - 
****************************************************************************************************
2026-10-01 11:24:15,781 - INFO - --- training epoch 238, loss 0.0065, mae 0.0842, rmse 0.1136, time elapsed(min) 0.02---
2026-10-01 11:24:15,996 - INFO - --- validation at epoch 238, val_loss 0.0072, val_mae 0.0821, val_rmse 0.1151, val_r2 0.8289, val_pearson 0.9121, lr 1.00e-06 ---
2026-10-01 11:24:15,996 - INFO - 
****************************************************************************************************
2026-10-01 11:24:17,678 - INFO - --- training epoch 239, loss 0.0062, mae 0.0835, rmse 0.1113, time elapsed(min) 0.02---
2026-10-01 11:24:18,050 - INFO - --- validation at epoch 239, val_loss 0.0071, val_mae 0.0820, val_rmse 0.1149, val_r2 0.8295, val_pearson 0.9122, lr 1.00e-06 ---
2026-10-01 11:24:18,050 - INFO - 
****************************************************************************************************
2026-10-01 11:24:19,969 - INFO - --- training epoch 240, loss 0.0064, mae 0.0843, rmse 0.1129, time elapsed(min) 0.03---
2026-10-01 11:24:20,192 - INFO - --- validation at epoch 240, val_loss 0.0072, val_mae 0.0821, val_rmse 0.1150, val_r2 0.8292, val_pearson 0.9122, lr 1.00e-06 ---
2026-10-01 11:24:20,192 - INFO - 
****************************************************************************************************
2026-10-01 11:24:21,867 - INFO - --- training epoch 241, loss 0.0064, mae 0.0845, rmse 0.1130, time elapsed(min) 0.02---
2026-10-01 11:24:22,086 - INFO - --- validation at epoch 241, val_loss 0.0072, val_mae 0.0821, val_rmse 0.1150, val_r2 0.8292, val_pearson 0.9122, lr 1.00e-06 ---
2026-10-01 11:24:22,086 - INFO - 
****************************************************************************************************
2026-10-01 11:24:23,766 - INFO - --- training epoch 242, loss 0.0063, mae 0.0833, rmse 0.1123, time elapsed(min) 0.02---
2026-10-01 11:24:23,991 - INFO - --- validation at epoch 242, val_loss 0.0072, val_mae 0.0820, val_rmse 0.1149, val_r2 0.8295, val_pearson 0.9124, lr 1.00e-06 ---
2026-10-01 11:24:23,991 - INFO - 
****************************************************************************************************
2026-10-01 11:24:25,811 - INFO - --- training epoch 243, loss 0.0062, mae 0.0831, rmse 0.1115, time elapsed(min) 0.03---
2026-10-01 11:24:26,350 - INFO - --- validation at epoch 243, val_loss 0.0071, val_mae 0.0820, val_rmse 0.1149, val_r2 0.8295, val_pearson 0.9124, lr 1.00e-06 ---
2026-10-01 11:24:26,350 - INFO - 
****************************************************************************************************
2026-10-01 11:24:28,091 - INFO - --- training epoch 244, loss 0.0064, mae 0.0847, rmse 0.1135, time elapsed(min) 0.02---
2026-10-01 11:24:28,307 - INFO - --- validation at epoch 244, val_loss 0.0071, val_mae 0.0820, val_rmse 0.1149, val_r2 0.8295, val_pearson 0.9124, lr 1.00e-06 ---
2026-10-01 11:24:28,307 - INFO - 
****************************************************************************************************
2026-10-01 11:24:29,982 - INFO - --- training epoch 245, loss 0.0063, mae 0.0843, rmse 0.1126, time elapsed(min) 0.02---
2026-10-01 11:24:30,202 - INFO - --- validation at epoch 245, val_loss 0.0071, val_mae 0.0819, val_rmse 0.1148, val_r2 0.8298, val_pearson 0.9124, lr 1.00e-06 ---
2026-10-01 11:24:30,202 - INFO - 
****************************************************************************************************
2026-10-01 11:24:32,161 - INFO - --- training epoch 246, loss 0.0063, mae 0.0835, rmse 0.1119, time elapsed(min) 0.03---
2026-10-01 11:24:32,559 - INFO - --- validation at epoch 246, val_loss 0.0071, val_mae 0.0819, val_rmse 0.1148, val_r2 0.8297, val_pearson 0.9124, lr 1.00e-06 ---
2026-10-01 11:24:32,559 - INFO - 
****************************************************************************************************
2026-10-01 11:24:34,379 - INFO - --- training epoch 247, loss 0.0063, mae 0.0838, rmse 0.1126, time elapsed(min) 0.02---
2026-10-01 11:24:34,615 - INFO - --- validation at epoch 247, val_loss 0.0071, val_mae 0.0819, val_rmse 0.1148, val_r2 0.8297, val_pearson 0.9124, lr 1.00e-06 ---
2026-10-01 11:24:34,615 - INFO - 
****************************************************************************************************
2026-10-01 11:24:36,295 - INFO - --- training epoch 248, loss 0.0064, mae 0.0845, rmse 0.1132, time elapsed(min) 0.02---
2026-10-01 11:24:36,524 - INFO - --- validation at epoch 248, val_loss 0.0072, val_mae 0.0819, val_rmse 0.1149, val_r2 0.8296, val_pearson 0.9124, lr 1.00e-06 ---
2026-10-01 11:24:36,524 - INFO - 
****************************************************************************************************
2026-10-01 11:24:38,265 - INFO - --- training epoch 249, loss 0.0063, mae 0.0831, rmse 0.1121, time elapsed(min) 0.02---
2026-10-01 11:24:38,687 - INFO - --- validation at epoch 249, val_loss 0.0071, val_mae 0.0818, val_rmse 0.1147, val_r2 0.8301, val_pearson 0.9126, lr 1.00e-06 ---
2026-10-01 11:24:38,687 - INFO - 
****************************************************************************************************
2026-10-01 11:24:40,498 - INFO - --- training epoch 250, loss 0.0063, mae 0.0837, rmse 0.1124, time elapsed(min) 0.02---
2026-10-01 11:24:40,715 - INFO - --- validation at epoch 250, val_loss 0.0072, val_mae 0.0819, val_rmse 0.1149, val_r2 0.8294, val_pearson 0.9124, lr 1.00e-06 ---
2026-10-01 11:24:40,715 - INFO - 
****************************************************************************************************
2026-10-01 11:24:42,591 - INFO - --- training epoch 251, loss 0.0065, mae 0.0843, rmse 0.1138, time elapsed(min) 0.03---
2026-10-01 11:24:42,810 - INFO - --- validation at epoch 251, val_loss 0.0071, val_mae 0.0819, val_rmse 0.1149, val_r2 0.8294, val_pearson 0.9123, lr 1.00e-06 ---
2026-10-01 11:24:42,810 - INFO - 
****************************************************************************************************
2026-10-01 11:24:44,508 - INFO - --- training epoch 252, loss 0.0064, mae 0.0840, rmse 0.1133, time elapsed(min) 0.02---
2026-10-01 11:24:44,888 - INFO - --- validation at epoch 252, val_loss 0.0072, val_mae 0.0819, val_rmse 0.1149, val_r2 0.8293, val_pearson 0.9123, lr 1.00e-06 ---
2026-10-01 11:24:44,888 - INFO - 
****************************************************************************************************
2026-10-01 11:24:46,808 - INFO - --- training epoch 253, loss 0.0065, mae 0.0852, rmse 0.1138, time elapsed(min) 0.03---
2026-10-01 11:24:47,032 - INFO - --- validation at epoch 253, val_loss 0.0071, val_mae 0.0819, val_rmse 0.1149, val_r2 0.8296, val_pearson 0.9124, lr 1.00e-06 ---
2026-10-01 11:24:47,032 - INFO - 
****************************************************************************************************
2026-10-01 11:24:48,695 - INFO - --- training epoch 254, loss 0.0064, mae 0.0841, rmse 0.1127, time elapsed(min) 0.02---
2026-10-01 11:24:48,919 - INFO - --- validation at epoch 254, val_loss 0.0071, val_mae 0.0819, val_rmse 0.1148, val_r2 0.8296, val_pearson 0.9124, lr 1.00e-06 ---
2026-10-01 11:24:48,919 - INFO - 
****************************************************************************************************
2026-10-01 11:24:50,702 - INFO - --- training epoch 255, loss 0.0063, mae 0.0838, rmse 0.1126, time elapsed(min) 0.02---
2026-10-01 11:24:51,076 - INFO - --- validation at epoch 255, val_loss 0.0072, val_mae 0.0821, val_rmse 0.1151, val_r2 0.8288, val_pearson 0.9121, lr 1.00e-06 ---
2026-10-01 11:24:51,076 - INFO - 
****************************************************************************************************
2026-10-01 11:24:53,083 - INFO - --- training epoch 256, loss 0.0063, mae 0.0835, rmse 0.1125, time elapsed(min) 0.03---
2026-10-01 11:24:53,306 - INFO - --- validation at epoch 256, val_loss 0.0072, val_mae 0.0822, val_rmse 0.1152, val_r2 0.8285, val_pearson 0.9120, lr 1.00e-06 ---
2026-10-01 11:24:53,306 - INFO - 
****************************************************************************************************
2026-10-01 11:24:54,969 - INFO - --- training epoch 257, loss 0.0063, mae 0.0832, rmse 0.1125, time elapsed(min) 0.02---
2026-10-01 11:24:55,192 - INFO - --- validation at epoch 257, val_loss 0.0072, val_mae 0.0821, val_rmse 0.1150, val_r2 0.8291, val_pearson 0.9121, lr 1.00e-06 ---
2026-10-01 11:24:55,192 - INFO - 
****************************************************************************************************
2026-10-01 11:24:56,929 - INFO - --- training epoch 258, loss 0.0065, mae 0.0854, rmse 0.1136, time elapsed(min) 0.02---
2026-10-01 11:24:57,292 - INFO - --- validation at epoch 258, val_loss 0.0072, val_mae 0.0821, val_rmse 0.1150, val_r2 0.8293, val_pearson 0.9122, lr 1.00e-06 ---
2026-10-01 11:24:57,292 - INFO - 
****************************************************************************************************
2026-10-01 11:24:59,092 - INFO - --- training epoch 259, loss 0.0064, mae 0.0842, rmse 0.1128, time elapsed(min) 0.03---
2026-10-01 11:24:59,498 - INFO - --- validation at epoch 259, val_loss 0.0071, val_mae 0.0820, val_rmse 0.1149, val_r2 0.8296, val_pearson 0.9122, lr 1.00e-06 ---
2026-10-01 11:24:59,498 - INFO - 
****************************************************************************************************
2026-10-01 11:25:01,398 - INFO - --- training epoch 260, loss 0.0064, mae 0.0845, rmse 0.1132, time elapsed(min) 0.02---
2026-10-01 11:25:01,617 - INFO - --- validation at epoch 260, val_loss 0.0072, val_mae 0.0820, val_rmse 0.1150, val_r2 0.8293, val_pearson 0.9122, lr 1.00e-06 ---
2026-10-01 11:25:01,617 - INFO - 
****************************************************************************************************
2026-10-01 11:25:03,303 - INFO - --- training epoch 261, loss 0.0063, mae 0.0841, rmse 0.1120, time elapsed(min) 0.02---
2026-10-01 11:25:03,524 - INFO - --- validation at epoch 261, val_loss 0.0072, val_mae 0.0820, val_rmse 0.1149, val_r2 0.8295, val_pearson 0.9123, lr 1.00e-06 ---
2026-10-01 11:25:03,524 - INFO - 
****************************************************************************************************
2026-10-01 11:25:05,206 - INFO - --- training epoch 262, loss 0.0062, mae 0.0832, rmse 0.1112, time elapsed(min) 0.02---
2026-10-01 11:25:05,618 - INFO - --- validation at epoch 262, val_loss 0.0071, val_mae 0.0820, val_rmse 0.1147, val_r2 0.8299, val_pearson 0.9124, lr 1.00e-06 ---
2026-10-01 11:25:05,618 - INFO - 
****************************************************************************************************
2026-10-01 11:25:07,425 - INFO - --- training epoch 263, loss 0.0063, mae 0.0846, rmse 0.1126, time elapsed(min) 0.02---
2026-10-01 11:25:07,647 - INFO - --- validation at epoch 263, val_loss 0.0072, val_mae 0.0820, val_rmse 0.1148, val_r2 0.8296, val_pearson 0.9124, lr 1.00e-06 ---
2026-10-01 11:25:07,648 - INFO - 
****************************************************************************************************
2026-10-01 11:25:09,471 - INFO - --- training epoch 264, loss 0.0063, mae 0.0835, rmse 0.1126, time elapsed(min) 0.03---
2026-10-01 11:25:09,690 - INFO - --- validation at epoch 264, val_loss 0.0072, val_mae 0.0820, val_rmse 0.1149, val_r2 0.8294, val_pearson 0.9123, lr 1.00e-06 ---
2026-10-01 11:25:09,690 - INFO - 
****************************************************************************************************
2026-10-01 11:25:11,454 - INFO - --- training epoch 265, loss 0.0064, mae 0.0845, rmse 0.1133, time elapsed(min) 0.02---
2026-10-01 11:25:11,824 - INFO - --- validation at epoch 265, val_loss 0.0072, val_mae 0.0821, val_rmse 0.1150, val_r2 0.8293, val_pearson 0.9122, lr 1.00e-06 ---
2026-10-01 11:25:11,824 - INFO - 
****************************************************************************************************
2026-10-01 11:25:13,801 - INFO - --- training epoch 266, loss 0.0063, mae 0.0844, rmse 0.1124, time elapsed(min) 0.03---
2026-10-01 11:25:14,022 - INFO - --- validation at epoch 266, val_loss 0.0072, val_mae 0.0822, val_rmse 0.1150, val_r2 0.8290, val_pearson 0.9122, lr 1.00e-06 ---
2026-10-01 11:25:14,023 - INFO - 
****************************************************************************************************
2026-10-01 11:25:15,731 - INFO - --- training epoch 267, loss 0.0063, mae 0.0840, rmse 0.1125, time elapsed(min) 0.02---
2026-10-01 11:25:15,956 - INFO - --- validation at epoch 267, val_loss 0.0072, val_mae 0.0821, val_rmse 0.1150, val_r2 0.8292, val_pearson 0.9122, lr 1.00e-06 ---
2026-10-01 11:25:15,956 - INFO - 
****************************************************************************************************
2026-10-01 11:25:17,739 - INFO - --- training epoch 268, loss 0.0063, mae 0.0840, rmse 0.1125, time elapsed(min) 0.02---
2026-10-01 11:25:18,113 - INFO - --- validation at epoch 268, val_loss 0.0072, val_mae 0.0821, val_rmse 0.1149, val_r2 0.8293, val_pearson 0.9122, lr 1.00e-06 ---
2026-10-01 11:25:18,113 - INFO - 
****************************************************************************************************
2026-10-01 11:25:20,142 - INFO - --- training epoch 269, loss 0.0064, mae 0.0847, rmse 0.1131, time elapsed(min) 0.03---
2026-10-01 11:25:20,358 - INFO - --- validation at epoch 269, val_loss 0.0071, val_mae 0.0821, val_rmse 0.1149, val_r2 0.8295, val_pearson 0.9123, lr 1.00e-06 ---
2026-10-01 11:25:20,358 - INFO - 
****************************************************************************************************
2026-10-01 11:25:22,017 - INFO - --- training epoch 270, loss 0.0063, mae 0.0840, rmse 0.1127, time elapsed(min) 0.02---
2026-10-01 11:25:22,241 - INFO - --- validation at epoch 270, val_loss 0.0071, val_mae 0.0821, val_rmse 0.1149, val_r2 0.8295, val_pearson 0.9123, lr 1.00e-06 ---
2026-10-01 11:25:22,242 - INFO - 
****************************************************************************************************
2026-10-01 11:25:23,927 - INFO - --- training epoch 271, loss 0.0064, mae 0.0842, rmse 0.1128, time elapsed(min) 0.02---
2026-10-01 11:25:24,303 - INFO - --- validation at epoch 271, val_loss 0.0071, val_mae 0.0821, val_rmse 0.1148, val_r2 0.8297, val_pearson 0.9123, lr 1.00e-06 ---
2026-10-01 11:25:24,303 - INFO - 
****************************************************************************************************
2026-10-01 11:25:26,254 - INFO - --- training epoch 272, loss 0.0064, mae 0.0839, rmse 0.1129, time elapsed(min) 0.03---
2026-10-01 11:25:26,474 - INFO - --- validation at epoch 272, val_loss 0.0071, val_mae 0.0820, val_rmse 0.1148, val_r2 0.8297, val_pearson 0.9124, lr 1.00e-06 ---
2026-10-01 11:25:26,474 - INFO - 
****************************************************************************************************
2026-10-01 11:25:28,136 - INFO - --- training epoch 273, loss 0.0065, mae 0.0849, rmse 0.1137, time elapsed(min) 0.02---
2026-10-01 11:25:28,358 - INFO - --- validation at epoch 273, val_loss 0.0071, val_mae 0.0820, val_rmse 0.1149, val_r2 0.8295, val_pearson 0.9124, lr 1.00e-06 ---
2026-10-01 11:25:28,358 - INFO - 
****************************************************************************************************
2026-10-01 11:25:30,026 - INFO - --- training epoch 274, loss 0.0063, mae 0.0842, rmse 0.1127, time elapsed(min) 0.02---
2026-10-01 11:25:30,382 - INFO - --- validation at epoch 274, val_loss 0.0071, val_mae 0.0819, val_rmse 0.1149, val_r2 0.8295, val_pearson 0.9125, lr 1.00e-06 ---
2026-10-01 11:25:30,383 - INFO - 
****************************************************************************************************
2026-10-01 11:25:32,237 - INFO - --- training epoch 275, loss 0.0063, mae 0.0836, rmse 0.1124, time elapsed(min) 0.03---
2026-10-01 11:25:32,633 - INFO - --- validation at epoch 275, val_loss 0.0072, val_mae 0.0820, val_rmse 0.1149, val_r2 0.8293, val_pearson 0.9124, lr 1.00e-06 ---
2026-10-01 11:25:32,633 - INFO - 
****************************************************************************************************
2026-10-01 11:25:34,467 - INFO - --- training epoch 276, loss 0.0066, mae 0.0854, rmse 0.1146, time elapsed(min) 0.02---
2026-10-01 11:25:34,688 - INFO - --- validation at epoch 276, val_loss 0.0071, val_mae 0.0820, val_rmse 0.1149, val_r2 0.8294, val_pearson 0.9122, lr 1.00e-06 ---
2026-10-01 11:25:34,688 - INFO - 
****************************************************************************************************
2026-10-01 11:25:36,508 - INFO - --- training epoch 277, loss 0.0064, mae 0.0840, rmse 0.1130, time elapsed(min) 0.03---
2026-10-01 11:25:36,722 - INFO - --- validation at epoch 277, val_loss 0.0071, val_mae 0.0820, val_rmse 0.1149, val_r2 0.8295, val_pearson 0.9123, lr 1.00e-06 ---
2026-10-01 11:25:36,722 - INFO - 
****************************************************************************************************
2026-10-01 11:25:38,503 - INFO - --- training epoch 278, loss 0.0063, mae 0.0835, rmse 0.1120, time elapsed(min) 0.02---
2026-10-01 11:25:38,879 - INFO - --- validation at epoch 278, val_loss 0.0071, val_mae 0.0820, val_rmse 0.1149, val_r2 0.8295, val_pearson 0.9124, lr 1.00e-06 ---
2026-10-01 11:25:38,879 - INFO - 
****************************************************************************************************
2026-10-01 11:25:40,616 - INFO - --- training epoch 279, loss 0.0063, mae 0.0841, rmse 0.1123, time elapsed(min) 0.02---
2026-10-01 11:25:40,848 - INFO - --- validation at epoch 279, val_loss 0.0071, val_mae 0.0820, val_rmse 0.1148, val_r2 0.8298, val_pearson 0.9124, lr 1.00e-06 ---
2026-10-01 11:25:40,848 - INFO - 
****************************************************************************************************
2026-10-01 11:25:42,506 - INFO - --- training epoch 280, loss 0.0065, mae 0.0849, rmse 0.1139, time elapsed(min) 0.02---
2026-10-01 11:25:42,718 - INFO - --- validation at epoch 280, val_loss 0.0071, val_mae 0.0819, val_rmse 0.1148, val_r2 0.8298, val_pearson 0.9125, lr 1.00e-06 ---
2026-10-01 11:25:42,718 - INFO - 
****************************************************************************************************
2026-10-01 11:25:44,337 - INFO - --- training epoch 281, loss 0.0064, mae 0.0848, rmse 0.1136, time elapsed(min) 0.02---
2026-10-01 11:25:44,687 - INFO - --- validation at epoch 281, val_loss 0.0071, val_mae 0.0819, val_rmse 0.1148, val_r2 0.8298, val_pearson 0.9124, lr 1.00e-06 ---
2026-10-01 11:25:44,687 - INFO - 
****************************************************************************************************
2026-10-01 11:25:46,634 - INFO - --- training epoch 282, loss 0.0062, mae 0.0830, rmse 0.1116, time elapsed(min) 0.03---
2026-10-01 11:25:46,841 - INFO - --- validation at epoch 282, val_loss 0.0071, val_mae 0.0818, val_rmse 0.1148, val_r2 0.8297, val_pearson 0.9125, lr 1.00e-06 ---
2026-10-01 11:25:46,841 - INFO - 
****************************************************************************************************
2026-10-01 11:25:48,413 - INFO - --- training epoch 283, loss 0.0063, mae 0.0838, rmse 0.1125, time elapsed(min) 0.02---
2026-10-01 11:25:48,621 - INFO - --- validation at epoch 283, val_loss 0.0071, val_mae 0.0819, val_rmse 0.1148, val_r2 0.8298, val_pearson 0.9125, lr 1.00e-06 ---
2026-10-01 11:25:48,621 - INFO - 
****************************************************************************************************
2026-10-01 11:25:50,283 - INFO - --- training epoch 284, loss 0.0062, mae 0.0834, rmse 0.1115, time elapsed(min) 0.02---
2026-10-01 11:25:50,505 - INFO - --- validation at epoch 284, val_loss 0.0071, val_mae 0.0819, val_rmse 0.1148, val_r2 0.8297, val_pearson 0.9124, lr 1.00e-06 ---
2026-10-01 11:25:50,505 - INFO - 
****************************************************************************************************
2026-10-01 11:25:52,171 - INFO - --- training epoch 285, loss 0.0064, mae 0.0844, rmse 0.1130, time elapsed(min) 0.02---
2026-10-01 11:25:52,537 - INFO - --- validation at epoch 285, val_loss 0.0071, val_mae 0.0819, val_rmse 0.1148, val_r2 0.8296, val_pearson 0.9123, lr 1.00e-06 ---
2026-10-01 11:25:52,537 - INFO - 
****************************************************************************************************
2026-10-01 11:25:54,314 - INFO - --- training epoch 286, loss 0.0064, mae 0.0843, rmse 0.1131, time elapsed(min) 0.02---
2026-10-01 11:25:54,518 - INFO - --- validation at epoch 286, val_loss 0.0072, val_mae 0.0819, val_rmse 0.1149, val_r2 0.8293, val_pearson 0.9125, lr 1.00e-06 ---
2026-10-01 11:25:54,518 - INFO - 
****************************************************************************************************
2026-10-01 11:25:56,192 - INFO - --- training epoch 287, loss 0.0062, mae 0.0835, rmse 0.1116, time elapsed(min) 0.02---
2026-10-01 11:25:56,406 - INFO - --- validation at epoch 287, val_loss 0.0072, val_mae 0.0821, val_rmse 0.1151, val_r2 0.8290, val_pearson 0.9124, lr 1.00e-06 ---
2026-10-01 11:25:56,406 - INFO - 
****************************************************************************************************
2026-10-01 11:25:58,139 - INFO - --- training epoch 288, loss 0.0064, mae 0.0845, rmse 0.1127, time elapsed(min) 0.02---
2026-10-01 11:25:58,522 - INFO - --- validation at epoch 288, val_loss 0.0072, val_mae 0.0820, val_rmse 0.1148, val_r2 0.8296, val_pearson 0.9125, lr 1.00e-06 ---
2026-10-01 11:25:58,523 - INFO - 
****************************************************************************************************
2026-10-01 11:26:00,276 - INFO - --- training epoch 289, loss 0.0062, mae 0.0837, rmse 0.1112, time elapsed(min) 0.02---
2026-10-01 11:26:00,490 - INFO - --- validation at epoch 289, val_loss 0.0072, val_mae 0.0820, val_rmse 0.1148, val_r2 0.8297, val_pearson 0.9125, lr 1.00e-06 ---
2026-10-01 11:26:00,490 - INFO - 
****************************************************************************************************
2026-10-01 11:26:02,161 - INFO - --- training epoch 290, loss 0.0063, mae 0.0842, rmse 0.1127, time elapsed(min) 0.02---
2026-10-01 11:26:02,373 - INFO - --- validation at epoch 290, val_loss 0.0072, val_mae 0.0819, val_rmse 0.1148, val_r2 0.8298, val_pearson 0.9125, lr 1.00e-06 ---
2026-10-01 11:26:02,373 - INFO - 
****************************************************************************************************
2026-10-01 11:26:04,185 - INFO - --- training epoch 291, loss 0.0063, mae 0.0836, rmse 0.1121, time elapsed(min) 0.03---
2026-10-01 11:26:04,548 - INFO - --- validation at epoch 291, val_loss 0.0071, val_mae 0.0817, val_rmse 0.1144, val_r2 0.8309, val_pearson 0.9127, lr 1.00e-06 ---
2026-10-01 11:26:04,548 - INFO - 
****************************************************************************************************
2026-10-01 11:26:06,613 - INFO - --- training epoch 292, loss 0.0064, mae 0.0841, rmse 0.1128, time elapsed(min) 0.03---
2026-10-01 11:26:06,839 - INFO - --- validation at epoch 292, val_loss 0.0071, val_mae 0.0818, val_rmse 0.1146, val_r2 0.8303, val_pearson 0.9128, lr 1.00e-06 ---
2026-10-01 11:26:06,839 - INFO - 
****************************************************************************************************
2026-10-01 11:26:08,496 - INFO - --- training epoch 293, loss 0.0062, mae 0.0828, rmse 0.1112, time elapsed(min) 0.02---
2026-10-01 11:26:08,711 - INFO - --- validation at epoch 293, val_loss 0.0071, val_mae 0.0818, val_rmse 0.1146, val_r2 0.8302, val_pearson 0.9128, lr 1.00e-06 ---
2026-10-01 11:26:08,711 - INFO - 
****************************************************************************************************
2026-10-01 11:26:10,351 - INFO - --- training epoch 294, loss 0.0064, mae 0.0848, rmse 0.1134, time elapsed(min) 0.02---
2026-10-01 11:26:10,712 - INFO - --- validation at epoch 294, val_loss 0.0071, val_mae 0.0817, val_rmse 0.1146, val_r2 0.8304, val_pearson 0.9128, lr 1.00e-06 ---
2026-10-01 11:26:10,712 - INFO - 
****************************************************************************************************
2026-10-01 11:26:12,586 - INFO - --- training epoch 295, loss 0.0063, mae 0.0834, rmse 0.1118, time elapsed(min) 0.03---
2026-10-01 11:26:12,793 - INFO - --- validation at epoch 295, val_loss 0.0071, val_mae 0.0818, val_rmse 0.1146, val_r2 0.8302, val_pearson 0.9127, lr 1.00e-06 ---
2026-10-01 11:26:12,793 - INFO - 
****************************************************************************************************
2026-10-01 11:26:14,444 - INFO - --- training epoch 296, loss 0.0063, mae 0.0840, rmse 0.1124, time elapsed(min) 0.02---
2026-10-01 11:26:14,662 - INFO - --- validation at epoch 296, val_loss 0.0071, val_mae 0.0819, val_rmse 0.1147, val_r2 0.8299, val_pearson 0.9126, lr 1.00e-06 ---
2026-10-01 11:26:14,662 - INFO - 
****************************************************************************************************
2026-10-01 11:26:16,314 - INFO - --- training epoch 297, loss 0.0066, mae 0.0853, rmse 0.1148, time elapsed(min) 0.02---
2026-10-01 11:26:16,680 - INFO - --- validation at epoch 297, val_loss 0.0071, val_mae 0.0818, val_rmse 0.1146, val_r2 0.8305, val_pearson 0.9127, lr 1.00e-06 ---
2026-10-01 11:26:16,680 - INFO - 
****************************************************************************************************
2026-10-01 11:26:18,440 - INFO - --- training epoch 298, loss 0.0063, mae 0.0834, rmse 0.1126, time elapsed(min) 0.02---
2026-10-01 11:26:18,974 - INFO - --- validation at epoch 298, val_loss 0.0071, val_mae 0.0818, val_rmse 0.1147, val_r2 0.8301, val_pearson 0.9127, lr 1.00e-06 ---
2026-10-01 11:26:18,974 - INFO - 
****************************************************************************************************
2026-10-01 11:26:20,615 - INFO - --- training epoch 299, loss 0.0063, mae 0.0842, rmse 0.1119, time elapsed(min) 0.02---
2026-10-01 11:26:20,839 - INFO - --- validation at epoch 299, val_loss 0.0071, val_mae 0.0817, val_rmse 0.1146, val_r2 0.8302, val_pearson 0.9128, lr 1.00e-06 ---
2026-10-01 11:26:20,839 - INFO - 
****************************************************************************************************
2026-10-01 11:26:22,499 - INFO - --- training epoch 300, loss 0.0064, mae 0.0843, rmse 0.1132, time elapsed(min) 0.02---
2026-10-01 11:26:22,715 - INFO - --- validation at epoch 300, val_loss 0.0071, val_mae 0.0817, val_rmse 0.1146, val_r2 0.8304, val_pearson 0.9128, lr 1.00e-06 ---
2026-10-01 11:26:22,715 - INFO - 
****************************************************************************************************
2026-10-01 11:26:24,548 - INFO - --- training epoch 301, loss 0.0063, mae 0.0834, rmse 0.1123, time elapsed(min) 0.03---
2026-10-01 11:26:24,925 - INFO - --- validation at epoch 301, val_loss 0.0071, val_mae 0.0817, val_rmse 0.1145, val_r2 0.8305, val_pearson 0.9128, lr 1.00e-06 ---
2026-10-01 11:26:24,925 - INFO - 
****************************************************************************************************
2026-10-01 11:26:26,737 - INFO - --- training epoch 302, loss 0.0062, mae 0.0829, rmse 0.1114, time elapsed(min) 0.02---
2026-10-01 11:26:26,962 - INFO - --- validation at epoch 302, val_loss 0.0071, val_mae 0.0817, val_rmse 0.1145, val_r2 0.8305, val_pearson 0.9128, lr 1.00e-06 ---
2026-10-01 11:26:26,962 - INFO - 
****************************************************************************************************
2026-10-01 11:26:28,609 - INFO - --- training epoch 303, loss 0.0063, mae 0.0836, rmse 0.1126, time elapsed(min) 0.02---
2026-10-01 11:26:28,830 - INFO - --- validation at epoch 303, val_loss 0.0071, val_mae 0.0817, val_rmse 0.1145, val_r2 0.8306, val_pearson 0.9129, lr 1.00e-06 ---
2026-10-01 11:26:28,830 - INFO - 
****************************************************************************************************
2026-10-01 11:26:30,451 - INFO - --- training epoch 304, loss 0.0063, mae 0.0841, rmse 0.1126, time elapsed(min) 0.02---
2026-10-01 11:26:30,820 - INFO - --- validation at epoch 304, val_loss 0.0071, val_mae 0.0818, val_rmse 0.1146, val_r2 0.8303, val_pearson 0.9129, lr 1.00e-06 ---
2026-10-01 11:26:30,820 - INFO - 
****************************************************************************************************
2026-10-01 11:26:32,709 - INFO - --- training epoch 305, loss 0.0063, mae 0.0836, rmse 0.1121, time elapsed(min) 0.03---
2026-10-01 11:26:32,923 - INFO - --- validation at epoch 305, val_loss 0.0071, val_mae 0.0818, val_rmse 0.1146, val_r2 0.8304, val_pearson 0.9128, lr 1.00e-06 ---
2026-10-01 11:26:32,923 - INFO - 
****************************************************************************************************
2026-10-01 11:26:34,638 - INFO - --- training epoch 306, loss 0.0064, mae 0.0846, rmse 0.1133, time elapsed(min) 0.02---
2026-10-01 11:26:34,857 - INFO - --- validation at epoch 306, val_loss 0.0071, val_mae 0.0818, val_rmse 0.1146, val_r2 0.8302, val_pearson 0.9126, lr 1.00e-06 ---
2026-10-01 11:26:34,857 - INFO - 
****************************************************************************************************
2026-10-01 11:26:36,519 - INFO - --- training epoch 307, loss 0.0063, mae 0.0841, rmse 0.1126, time elapsed(min) 0.02---
2026-10-01 11:26:36,893 - INFO - --- validation at epoch 307, val_loss 0.0072, val_mae 0.0819, val_rmse 0.1148, val_r2 0.8297, val_pearson 0.9126, lr 1.00e-06 ---
2026-10-01 11:26:36,893 - INFO - 
****************************************************************************************************
2026-10-01 11:26:38,794 - INFO - --- training epoch 308, loss 0.0064, mae 0.0846, rmse 0.1134, time elapsed(min) 0.03---
2026-10-01 11:26:39,010 - INFO - --- validation at epoch 308, val_loss 0.0072, val_mae 0.0819, val_rmse 0.1149, val_r2 0.8294, val_pearson 0.9126, lr 1.00e-06 ---
2026-10-01 11:26:39,010 - INFO - 
****************************************************************************************************
2026-10-01 11:26:40,684 - INFO - --- training epoch 309, loss 0.0063, mae 0.0840, rmse 0.1124, time elapsed(min) 0.02---
2026-10-01 11:26:40,904 - INFO - --- validation at epoch 309, val_loss 0.0071, val_mae 0.0817, val_rmse 0.1146, val_r2 0.8302, val_pearson 0.9127, lr 1.00e-06 ---
2026-10-01 11:26:40,904 - INFO - 
****************************************************************************************************
2026-10-01 11:26:42,551 - INFO - --- training epoch 310, loss 0.0064, mae 0.0838, rmse 0.1127, time elapsed(min) 0.02---
2026-10-01 11:26:42,923 - INFO - --- validation at epoch 310, val_loss 0.0071, val_mae 0.0818, val_rmse 0.1147, val_r2 0.8299, val_pearson 0.9126, lr 1.00e-06 ---
2026-10-01 11:26:42,923 - INFO - 
****************************************************************************************************
2026-10-01 11:26:44,886 - INFO - --- training epoch 311, loss 0.0064, mae 0.0849, rmse 0.1135, time elapsed(min) 0.03---
2026-10-01 11:26:45,115 - INFO - --- validation at epoch 311, val_loss 0.0071, val_mae 0.0817, val_rmse 0.1147, val_r2 0.8302, val_pearson 0.9127, lr 1.00e-06 ---
2026-10-01 11:26:45,115 - INFO - 
****************************************************************************************************
2026-10-01 11:26:46,823 - INFO - --- training epoch 312, loss 0.0061, mae 0.0826, rmse 0.1105, time elapsed(min) 0.02---
2026-10-01 11:26:47,036 - INFO - --- validation at epoch 312, val_loss 0.0071, val_mae 0.0817, val_rmse 0.1145, val_r2 0.8305, val_pearson 0.9128, lr 1.00e-06 ---
2026-10-01 11:26:47,036 - INFO - 
****************************************************************************************************
2026-10-01 11:26:48,704 - INFO - --- training epoch 313, loss 0.0063, mae 0.0830, rmse 0.1122, time elapsed(min) 0.02---
2026-10-01 11:26:48,928 - INFO - --- validation at epoch 313, val_loss 0.0071, val_mae 0.0817, val_rmse 0.1145, val_r2 0.8308, val_pearson 0.9128, lr 1.00e-06 ---
2026-10-01 11:26:48,928 - INFO - 
****************************************************************************************************
2026-10-01 11:26:50,841 - INFO - --- training epoch 314, loss 0.0064, mae 0.0842, rmse 0.1131, time elapsed(min) 0.03---
2026-10-01 11:26:51,238 - INFO - --- validation at epoch 314, val_loss 0.0071, val_mae 0.0818, val_rmse 0.1146, val_r2 0.8302, val_pearson 0.9127, lr 1.00e-06 ---
2026-10-01 11:26:51,238 - INFO - 
****************************************************************************************************
2026-10-01 11:26:53,101 - INFO - --- training epoch 315, loss 0.0062, mae 0.0833, rmse 0.1111, time elapsed(min) 0.02---
2026-10-01 11:26:53,321 - INFO - --- validation at epoch 315, val_loss 0.0071, val_mae 0.0817, val_rmse 0.1146, val_r2 0.8303, val_pearson 0.9127, lr 1.00e-06 ---
2026-10-01 11:26:53,321 - INFO - 
****************************************************************************************************
2026-10-01 11:26:55,073 - INFO - --- training epoch 316, loss 0.0062, mae 0.0836, rmse 0.1118, time elapsed(min) 0.02---
2026-10-01 11:26:55,294 - INFO - --- validation at epoch 316, val_loss 0.0071, val_mae 0.0819, val_rmse 0.1148, val_r2 0.8298, val_pearson 0.9125, lr 1.00e-06 ---
2026-10-01 11:26:55,294 - INFO - 
****************************************************************************************************
2026-10-01 11:26:57,151 - INFO - --- training epoch 317, loss 0.0064, mae 0.0842, rmse 0.1131, time elapsed(min) 0.03---
2026-10-01 11:26:57,564 - INFO - --- validation at epoch 317, val_loss 0.0072, val_mae 0.0819, val_rmse 0.1148, val_r2 0.8296, val_pearson 0.9126, lr 1.00e-06 ---
2026-10-01 11:26:57,564 - INFO - 
****************************************************************************************************
2026-10-01 11:26:59,337 - INFO - --- training epoch 318, loss 0.0063, mae 0.0832, rmse 0.1119, time elapsed(min) 0.02---
2026-10-01 11:26:59,563 - INFO - --- validation at epoch 318, val_loss 0.0071, val_mae 0.0818, val_rmse 0.1146, val_r2 0.8303, val_pearson 0.9127, lr 1.00e-06 ---
2026-10-01 11:26:59,563 - INFO - 
****************************************************************************************************
2026-10-01 11:27:01,193 - INFO - --- training epoch 319, loss 0.0063, mae 0.0832, rmse 0.1123, time elapsed(min) 0.02---
2026-10-01 11:27:01,419 - INFO - --- validation at epoch 319, val_loss 0.0072, val_mae 0.0819, val_rmse 0.1149, val_r2 0.8295, val_pearson 0.9125, lr 1.00e-06 ---
2026-10-01 11:27:01,419 - INFO - 
****************************************************************************************************
2026-10-01 11:27:03,202 - INFO - --- training epoch 320, loss 0.0064, mae 0.0843, rmse 0.1128, time elapsed(min) 0.02---
2026-10-01 11:27:03,580 - INFO - --- validation at epoch 320, val_loss 0.0072, val_mae 0.0820, val_rmse 0.1150, val_r2 0.8291, val_pearson 0.9124, lr 1.00e-06 ---
2026-10-01 11:27:03,580 - INFO - 
****************************************************************************************************
2026-10-01 11:27:05,388 - INFO - --- training epoch 321, loss 0.0063, mae 0.0839, rmse 0.1127, time elapsed(min) 0.02---
2026-10-01 11:27:05,614 - INFO - --- validation at epoch 321, val_loss 0.0072, val_mae 0.0820, val_rmse 0.1149, val_r2 0.8294, val_pearson 0.9124, lr 1.00e-06 ---
2026-10-01 11:27:05,614 - INFO - 
****************************************************************************************************
2026-10-01 11:27:07,250 - INFO - --- training epoch 322, loss 0.0065, mae 0.0848, rmse 0.1136, time elapsed(min) 0.02---
2026-10-01 11:27:07,468 - INFO - --- validation at epoch 322, val_loss 0.0072, val_mae 0.0820, val_rmse 0.1148, val_r2 0.8298, val_pearson 0.9123, lr 1.00e-06 ---
2026-10-01 11:27:07,469 - INFO - 
****************************************************************************************************
2026-10-01 11:27:09,191 - INFO - --- training epoch 323, loss 0.0064, mae 0.0839, rmse 0.1130, time elapsed(min) 0.02---
2026-10-01 11:27:09,569 - INFO - --- validation at epoch 323, val_loss 0.0072, val_mae 0.0821, val_rmse 0.1149, val_r2 0.8293, val_pearson 0.9123, lr 1.00e-06 ---
2026-10-01 11:27:09,569 - INFO - 
****************************************************************************************************
2026-10-01 11:27:11,454 - INFO - --- training epoch 324, loss 0.0063, mae 0.0835, rmse 0.1122, time elapsed(min) 0.03---
2026-10-01 11:27:11,664 - INFO - --- validation at epoch 324, val_loss 0.0072, val_mae 0.0822, val_rmse 0.1151, val_r2 0.8288, val_pearson 0.9123, lr 1.00e-06 ---
2026-10-01 11:27:11,664 - INFO - 
****************************************************************************************************
2026-10-01 11:27:13,311 - INFO - --- training epoch 325, loss 0.0063, mae 0.0850, rmse 0.1125, time elapsed(min) 0.02---
2026-10-01 11:27:13,531 - INFO - --- validation at epoch 325, val_loss 0.0072, val_mae 0.0819, val_rmse 0.1148, val_r2 0.8297, val_pearson 0.9124, lr 1.00e-06 ---
2026-10-01 11:27:13,531 - INFO - 
****************************************************************************************************
2026-10-01 11:27:15,267 - INFO - --- training epoch 326, loss 0.0063, mae 0.0838, rmse 0.1126, time elapsed(min) 0.02---
2026-10-01 11:27:15,624 - INFO - --- validation at epoch 326, val_loss 0.0071, val_mae 0.0818, val_rmse 0.1148, val_r2 0.8298, val_pearson 0.9124, lr 1.00e-06 ---
2026-10-01 11:27:15,624 - INFO - 
****************************************************************************************************
2026-10-01 11:27:17,538 - INFO - --- training epoch 327, loss 0.0063, mae 0.0834, rmse 0.1127, time elapsed(min) 0.03---
2026-10-01 11:27:17,762 - INFO - --- validation at epoch 327, val_loss 0.0071, val_mae 0.0819, val_rmse 0.1147, val_r2 0.8300, val_pearson 0.9125, lr 1.00e-06 ---
2026-10-01 11:27:17,762 - INFO - 
****************************************************************************************************
2026-10-01 11:27:19,476 - INFO - --- training epoch 328, loss 0.0064, mae 0.0836, rmse 0.1129, time elapsed(min) 0.02---
2026-10-01 11:27:19,695 - INFO - --- validation at epoch 328, val_loss 0.0071, val_mae 0.0819, val_rmse 0.1147, val_r2 0.8301, val_pearson 0.9126, lr 1.00e-06 ---
2026-10-01 11:27:19,695 - INFO - 
****************************************************************************************************
2026-10-01 11:27:21,343 - INFO - --- training epoch 329, loss 0.0062, mae 0.0829, rmse 0.1118, time elapsed(min) 0.02---
2026-10-01 11:27:21,573 - INFO - --- validation at epoch 329, val_loss 0.0071, val_mae 0.0818, val_rmse 0.1146, val_r2 0.8304, val_pearson 0.9127, lr 1.00e-06 ---
2026-10-01 11:27:21,573 - INFO - 
****************************************************************************************************
2026-10-01 11:27:23,338 - INFO - --- training epoch 330, loss 0.0064, mae 0.0841, rmse 0.1129, time elapsed(min) 0.02---
2026-10-01 11:27:23,711 - INFO - --- validation at epoch 330, val_loss 0.0071, val_mae 0.0818, val_rmse 0.1147, val_r2 0.8301, val_pearson 0.9127, lr 1.00e-06 ---
2026-10-01 11:27:23,711 - INFO - 
****************************************************************************************************
2026-10-01 11:27:25,495 - INFO - --- training epoch 331, loss 0.0064, mae 0.0843, rmse 0.1128, time elapsed(min) 0.02---
2026-10-01 11:27:25,709 - INFO - --- validation at epoch 331, val_loss 0.0071, val_mae 0.0819, val_rmse 0.1149, val_r2 0.8295, val_pearson 0.9124, lr 1.00e-06 ---
2026-10-01 11:27:25,709 - INFO - 
****************************************************************************************************
2026-10-01 11:27:27,350 - INFO - --- training epoch 332, loss 0.0063, mae 0.0842, rmse 0.1125, time elapsed(min) 0.02---
2026-10-01 11:27:27,572 - INFO - --- validation at epoch 332, val_loss 0.0071, val_mae 0.0818, val_rmse 0.1148, val_r2 0.8299, val_pearson 0.9125, lr 1.00e-06 ---
2026-10-01 11:27:27,572 - INFO - 
****************************************************************************************************
2026-10-01 11:27:29,510 - INFO - --- training epoch 333, loss 0.0064, mae 0.0851, rmse 0.1135, time elapsed(min) 0.03---
2026-10-01 11:27:29,923 - INFO - --- validation at epoch 333, val_loss 0.0072, val_mae 0.0820, val_rmse 0.1150, val_r2 0.8291, val_pearson 0.9124, lr 1.00e-06 ---
2026-10-01 11:27:29,923 - INFO - 
****************************************************************************************************
2026-10-01 11:27:31,777 - INFO - --- training epoch 334, loss 0.0062, mae 0.0831, rmse 0.1117, time elapsed(min) 0.02---
2026-10-01 11:27:32,003 - INFO - --- validation at epoch 334, val_loss 0.0072, val_mae 0.0820, val_rmse 0.1149, val_r2 0.8296, val_pearson 0.9124, lr 1.00e-06 ---
2026-10-01 11:27:32,004 - INFO - 
****************************************************************************************************
2026-10-01 11:27:33,655 - INFO - --- training epoch 335, loss 0.0063, mae 0.0837, rmse 0.1123, time elapsed(min) 0.02---
2026-10-01 11:27:33,867 - INFO - --- validation at epoch 335, val_loss 0.0072, val_mae 0.0820, val_rmse 0.1149, val_r2 0.8294, val_pearson 0.9124, lr 1.00e-06 ---
2026-10-01 11:27:33,867 - INFO - 
****************************************************************************************************
2026-10-01 11:27:35,641 - INFO - --- training epoch 336, loss 0.0063, mae 0.0841, rmse 0.1126, time elapsed(min) 0.02---
2026-10-01 11:27:36,035 - INFO - --- validation at epoch 336, val_loss 0.0072, val_mae 0.0820, val_rmse 0.1148, val_r2 0.8296, val_pearson 0.9125, lr 1.00e-06 ---
2026-10-01 11:27:36,035 - INFO - 
****************************************************************************************************
2026-10-01 11:27:37,810 - INFO - --- training epoch 337, loss 0.0063, mae 0.0843, rmse 0.1125, time elapsed(min) 0.02---
2026-10-01 11:27:38,031 - INFO - --- validation at epoch 337, val_loss 0.0071, val_mae 0.0820, val_rmse 0.1148, val_r2 0.8297, val_pearson 0.9125, lr 1.00e-06 ---
2026-10-01 11:27:38,031 - INFO - 
****************************************************************************************************
2026-10-01 11:27:39,799 - INFO - --- training epoch 338, loss 0.0063, mae 0.0842, rmse 0.1125, time elapsed(min) 0.02---
2026-10-01 11:27:40,022 - INFO - --- validation at epoch 338, val_loss 0.0071, val_mae 0.0819, val_rmse 0.1147, val_r2 0.8301, val_pearson 0.9126, lr 1.00e-06 ---
2026-10-01 11:27:40,022 - INFO - 
****************************************************************************************************
2026-10-01 11:27:41,776 - INFO - --- training epoch 339, loss 0.0064, mae 0.0838, rmse 0.1128, time elapsed(min) 0.02---
2026-10-01 11:27:42,185 - INFO - --- validation at epoch 339, val_loss 0.0071, val_mae 0.0820, val_rmse 0.1148, val_r2 0.8298, val_pearson 0.9126, lr 1.00e-06 ---
2026-10-01 11:27:42,185 - INFO - 
****************************************************************************************************
2026-10-01 11:27:44,028 - INFO - --- training epoch 340, loss 0.0064, mae 0.0842, rmse 0.1130, time elapsed(min) 0.02---
2026-10-01 11:27:44,245 - INFO - --- validation at epoch 340, val_loss 0.0071, val_mae 0.0820, val_rmse 0.1148, val_r2 0.8297, val_pearson 0.9125, lr 1.00e-06 ---
2026-10-01 11:27:44,245 - INFO - 
****************************************************************************************************
2026-10-01 11:27:46,006 - INFO - --- training epoch 341, loss 0.0062, mae 0.0832, rmse 0.1116, time elapsed(min) 0.02---
2026-10-01 11:27:46,220 - INFO - --- validation at epoch 341, val_loss 0.0071, val_mae 0.0819, val_rmse 0.1147, val_r2 0.8299, val_pearson 0.9125, lr 1.00e-06 ---
2026-10-01 11:27:46,220 - INFO - 
****************************************************************************************************
2026-10-01 11:27:46,509 - INFO - --- early stopping at epoch 341: val_loss did not improve for 50 epochs ---
2026-10-01 11:27:46,786 - INFO - --- selected checkpoint from epoch 291, val_loss 0.0071, val_mae 0.0817, val_rmse 0.1144
2026-10-01 11:27:47,581 - INFO - -- RESULT
2026-10-01 11:27:47,581 - INFO - --- test size: 1728
2026-10-01 11:27:47,581 - INFO - --- MAE: 0.0868 (8.68 pp), RMSE: 0.1251 (12.51 pp), R2: 0.8052, Pearson: 0.8986
2026-10-01 11:27:49,928 - INFO - --- Suzuki-Miyaura | split_8 | current_model: test R2 0.8052 MAE 0.0868 RMSE 0.1251 | 708.8s (2.1s/epoch)
2026-10-01 11:27:49,932 - INFO - --- Suzuki-Miyaura | split_8 | approach 3 (comb/linear) (comb/linear)
