2026-10-01 09:51:34,253 - INFO - device is	cuda:0
2026-10-01 09:51:34,374 - INFO - -- CONFIGURATIONS
2026-10-01 09:51:34,374 - INFO - --- train/valid/test: 3628/404/1728
2026-10-01 09:51:34,374 - INFO - --- max no. reactants_train, valid, test respectively: 14, 14, 14
2026-10-01 09:51:34,374 - INFO - --- max no. products_train, valid, test respectively: 1, 1, 1
2026-10-01 09:51:34,374 - INFO - --- model_path: ../logs/approach2_grid_suzuki/e400/runs/Suzuki-Miyaura_split_5_ind_mlp/model.pt
2026-10-01 09:51:34,381 - INFO - -- TRAINING
2026-10-01 09:51:36,037 - INFO - --- training epoch 0, loss 0.4746, mae 0.7254, rmse 2.1948, time elapsed(min) 0.03---
2026-10-01 09:51:36,257 - INFO - --- validation at epoch 0, val_loss 0.0389, val_mae 0.2429, val_rmse 0.2836, val_r2 0.0186, val_pearson 0.2039, lr 1.00e-03 ---
2026-10-01 09:51:36,257 - INFO - 
****************************************************************************************************
2026-10-01 09:51:37,970 - INFO - --- training epoch 1, loss 0.0393, mae 0.2396, rmse 0.2805, time elapsed(min) 0.02---
2026-10-01 09:51:38,195 - INFO - --- validation at epoch 1, val_loss 0.0377, val_mae 0.2383, val_rmse 0.2802, val_r2 0.0419, val_pearson 0.2799, lr 1.00e-03 ---
2026-10-01 09:51:38,195 - INFO - 
****************************************************************************************************
2026-10-01 09:51:40,026 - INFO - --- training epoch 2, loss 0.0379, mae 0.2348, rmse 0.2753, time elapsed(min) 0.02---
2026-10-01 09:51:40,247 - INFO - --- validation at epoch 2, val_loss 0.0358, val_mae 0.2369, val_rmse 0.2726, val_r2 0.0933, val_pearson 0.3164, lr 1.00e-03 ---
2026-10-01 09:51:40,247 - INFO - 
****************************************************************************************************
2026-10-01 09:51:42,104 - INFO - --- training epoch 3, loss 0.0364, mae 0.2298, rmse 0.2699, time elapsed(min) 0.03---
2026-10-01 09:51:42,536 - INFO - --- validation at epoch 3, val_loss 0.0358, val_mae 0.2393, val_rmse 0.2713, val_r2 0.1023, val_pearson 0.3579, lr 1.00e-03 ---
2026-10-01 09:51:42,536 - INFO - 
****************************************************************************************************
2026-10-01 09:51:44,315 - INFO - --- training epoch 4, loss 0.0362, mae 0.2290, rmse 0.2690, time elapsed(min) 0.02---
2026-10-01 09:51:44,627 - INFO - --- validation at epoch 4, val_loss 0.0344, val_mae 0.2279, val_rmse 0.2671, val_r2 0.1296, val_pearson 0.3891, lr 1.00e-03 ---
2026-10-01 09:51:44,627 - INFO - 
****************************************************************************************************
2026-10-01 09:51:46,373 - INFO - --- training epoch 5, loss 0.0348, mae 0.2239, rmse 0.2637, time elapsed(min) 0.02---
2026-10-01 09:51:46,599 - INFO - --- validation at epoch 5, val_loss 0.0347, val_mae 0.2256, val_rmse 0.2678, val_r2 0.1252, val_pearson 0.3988, lr 1.00e-03 ---
2026-10-01 09:51:46,599 - INFO - 
****************************************************************************************************
2026-10-01 09:51:48,266 - INFO - --- training epoch 6, loss 0.0342, mae 0.2212, rmse 0.2617, time elapsed(min) 0.02---
2026-10-01 09:51:48,665 - INFO - --- validation at epoch 6, val_loss 0.0333, val_mae 0.2250, val_rmse 0.2597, val_r2 0.1770, val_pearson 0.4375, lr 1.00e-03 ---
2026-10-01 09:51:48,665 - INFO - 
****************************************************************************************************
2026-10-01 09:51:50,770 - INFO - --- training epoch 7, loss 0.0325, mae 0.2131, rmse 0.2551, time elapsed(min) 0.03---
2026-10-01 09:51:50,988 - INFO - --- validation at epoch 7, val_loss 0.0318, val_mae 0.2155, val_rmse 0.2528, val_r2 0.2204, val_pearson 0.4798, lr 1.00e-03 ---
2026-10-01 09:51:50,988 - INFO - 
****************************************************************************************************
2026-10-01 09:51:52,910 - INFO - --- training epoch 8, loss 0.0323, mae 0.2082, rmse 0.2542, time elapsed(min) 0.03---
2026-10-01 09:51:53,135 - INFO - --- validation at epoch 8, val_loss 0.0306, val_mae 0.2061, val_rmse 0.2499, val_r2 0.2379, val_pearson 0.5172, lr 1.00e-03 ---
2026-10-01 09:51:53,136 - INFO - 
****************************************************************************************************
2026-10-01 09:51:54,913 - INFO - --- training epoch 9, loss 0.0312, mae 0.2036, rmse 0.2498, time elapsed(min) 0.02---
2026-10-01 09:51:55,284 - INFO - --- validation at epoch 9, val_loss 0.0299, val_mae 0.2005, val_rmse 0.2469, val_r2 0.2561, val_pearson 0.5364, lr 1.00e-03 ---
2026-10-01 09:51:55,284 - INFO - 
****************************************************************************************************
2026-10-01 09:51:57,293 - INFO - --- training epoch 10, loss 0.0319, mae 0.2056, rmse 0.2528, time elapsed(min) 0.03---
2026-10-01 09:51:57,512 - INFO - --- validation at epoch 10, val_loss 0.0298, val_mae 0.2079, val_rmse 0.2470, val_r2 0.2554, val_pearson 0.5575, lr 1.00e-03 ---
2026-10-01 09:51:57,512 - INFO - 
****************************************************************************************************
2026-10-01 09:51:59,357 - INFO - --- training epoch 11, loss 0.0316, mae 0.2045, rmse 0.2512, time elapsed(min) 0.02---
2026-10-01 09:51:59,583 - INFO - --- validation at epoch 11, val_loss 0.0290, val_mae 0.1997, val_rmse 0.2440, val_r2 0.2736, val_pearson 0.5668, lr 1.00e-03 ---
2026-10-01 09:51:59,583 - INFO - 
****************************************************************************************************
2026-10-01 09:52:01,339 - INFO - --- training epoch 12, loss 0.0303, mae 0.1982, rmse 0.2460, time elapsed(min) 0.02---
2026-10-01 09:52:01,567 - INFO - --- validation at epoch 12, val_loss 0.0279, val_mae 0.1933, val_rmse 0.2378, val_r2 0.3104, val_pearson 0.5869, lr 1.00e-03 ---
2026-10-01 09:52:01,567 - INFO - 
****************************************************************************************************
2026-10-01 09:52:03,444 - INFO - --- training epoch 13, loss 0.0302, mae 0.1982, rmse 0.2456, time elapsed(min) 0.03---
2026-10-01 09:52:03,874 - INFO - --- validation at epoch 13, val_loss 0.0267, val_mae 0.1882, val_rmse 0.2323, val_r2 0.3415, val_pearson 0.5941, lr 1.00e-03 ---
2026-10-01 09:52:03,874 - INFO - 
****************************************************************************************************
2026-10-01 09:52:05,886 - INFO - --- training epoch 14, loss 0.0291, mae 0.1932, rmse 0.2411, time elapsed(min) 0.02---
2026-10-01 09:52:06,112 - INFO - --- validation at epoch 14, val_loss 0.0266, val_mae 0.1883, val_rmse 0.2358, val_r2 0.3216, val_pearson 0.6146, lr 1.00e-03 ---
2026-10-01 09:52:06,112 - INFO - 
****************************************************************************************************
2026-10-01 09:52:07,883 - INFO - --- training epoch 15, loss 0.0291, mae 0.1940, rmse 0.2413, time elapsed(min) 0.02---
2026-10-01 09:52:08,105 - INFO - --- validation at epoch 15, val_loss 0.0268, val_mae 0.1902, val_rmse 0.2351, val_r2 0.3259, val_pearson 0.6119, lr 1.00e-03 ---
2026-10-01 09:52:08,105 - INFO - 
****************************************************************************************************
2026-10-01 09:52:09,829 - INFO - --- training epoch 16, loss 0.0292, mae 0.1938, rmse 0.2418, time elapsed(min) 0.02---
2026-10-01 09:52:10,216 - INFO - --- validation at epoch 16, val_loss 0.0275, val_mae 0.1983, val_rmse 0.2384, val_r2 0.3064, val_pearson 0.6032, lr 1.00e-03 ---
2026-10-01 09:52:10,216 - INFO - 
****************************************************************************************************
2026-10-01 09:52:12,116 - INFO - --- training epoch 17, loss 0.0289, mae 0.1927, rmse 0.2404, time elapsed(min) 0.03---
2026-10-01 09:52:12,360 - INFO - --- validation at epoch 17, val_loss 0.0250, val_mae 0.1891, val_rmse 0.2273, val_r2 0.3698, val_pearson 0.6347, lr 1.00e-03 ---
2026-10-01 09:52:12,360 - INFO - 
****************************************************************************************************
2026-10-01 09:52:14,135 - INFO - --- training epoch 18, loss 0.0281, mae 0.1903, rmse 0.2370, time elapsed(min) 0.02---
2026-10-01 09:52:14,359 - INFO - --- validation at epoch 18, val_loss 0.0248, val_mae 0.1869, val_rmse 0.2268, val_r2 0.3726, val_pearson 0.6455, lr 1.00e-03 ---
2026-10-01 09:52:14,359 - INFO - 
****************************************************************************************************
2026-10-01 09:52:16,230 - INFO - --- training epoch 19, loss 0.0284, mae 0.1911, rmse 0.2382, time elapsed(min) 0.02---
2026-10-01 09:52:16,601 - INFO - --- validation at epoch 19, val_loss 0.0269, val_mae 0.1926, val_rmse 0.2367, val_r2 0.3164, val_pearson 0.6153, lr 1.00e-03 ---
2026-10-01 09:52:16,601 - INFO - 
****************************************************************************************************
2026-10-01 09:52:18,390 - INFO - --- training epoch 20, loss 0.0289, mae 0.1931, rmse 0.2403, time elapsed(min) 0.03---
2026-10-01 09:52:18,931 - INFO - --- validation at epoch 20, val_loss 0.0264, val_mae 0.1891, val_rmse 0.2352, val_r2 0.3251, val_pearson 0.6291, lr 1.00e-03 ---
2026-10-01 09:52:18,931 - INFO - 
****************************************************************************************************
2026-10-01 09:52:20,631 - INFO - --- training epoch 21, loss 0.0277, mae 0.1887, rmse 0.2354, time elapsed(min) 0.02---
2026-10-01 09:52:20,847 - INFO - --- validation at epoch 21, val_loss 0.0251, val_mae 0.1854, val_rmse 0.2271, val_r2 0.3705, val_pearson 0.6303, lr 1.00e-03 ---
2026-10-01 09:52:20,848 - INFO - 
****************************************************************************************************
2026-10-01 09:52:22,747 - INFO - --- training epoch 22, loss 0.0277, mae 0.1878, rmse 0.2355, time elapsed(min) 0.03---
2026-10-01 09:52:22,977 - INFO - --- validation at epoch 22, val_loss 0.0252, val_mae 0.1861, val_rmse 0.2271, val_r2 0.3705, val_pearson 0.6326, lr 1.00e-03 ---
2026-10-01 09:52:22,977 - INFO - 
****************************************************************************************************
2026-10-01 09:52:24,783 - INFO - --- training epoch 23, loss 0.0280, mae 0.1894, rmse 0.2367, time elapsed(min) 0.03---
2026-10-01 09:52:25,204 - INFO - --- validation at epoch 23, val_loss 0.0258, val_mae 0.1868, val_rmse 0.2290, val_r2 0.3602, val_pearson 0.6232, lr 1.00e-03 ---
2026-10-01 09:52:25,204 - INFO - 
****************************************************************************************************
2026-10-01 09:52:27,020 - INFO - --- training epoch 24, loss 0.0283, mae 0.1905, rmse 0.2380, time elapsed(min) 0.02---
2026-10-01 09:52:27,245 - INFO - --- validation at epoch 24, val_loss 0.0266, val_mae 0.1937, val_rmse 0.2332, val_r2 0.3363, val_pearson 0.6114, lr 1.00e-03 ---
2026-10-01 09:52:27,245 - INFO - 
****************************************************************************************************
2026-10-01 09:52:29,008 - INFO - --- training epoch 25, loss 0.0279, mae 0.1892, rmse 0.2363, time elapsed(min) 0.02---
2026-10-01 09:52:29,226 - INFO - --- validation at epoch 25, val_loss 0.0263, val_mae 0.1880, val_rmse 0.2338, val_r2 0.3330, val_pearson 0.6264, lr 1.00e-03 ---
2026-10-01 09:52:29,226 - INFO - 
****************************************************************************************************
2026-10-01 09:52:31,119 - INFO - --- training epoch 26, loss 0.0280, mae 0.1897, rmse 0.2367, time elapsed(min) 0.03---
2026-10-01 09:52:31,513 - INFO - --- validation at epoch 26, val_loss 0.0264, val_mae 0.1862, val_rmse 0.2325, val_r2 0.3403, val_pearson 0.6228, lr 1.00e-03 ---
2026-10-01 09:52:31,513 - INFO - 
****************************************************************************************************
2026-10-01 09:52:33,417 - INFO - --- training epoch 27, loss 0.0281, mae 0.1897, rmse 0.2371, time elapsed(min) 0.02---
2026-10-01 09:52:33,638 - INFO - --- validation at epoch 27, val_loss 0.0262, val_mae 0.1917, val_rmse 0.2324, val_r2 0.3413, val_pearson 0.6114, lr 1.00e-03 ---
2026-10-01 09:52:33,638 - INFO - 
****************************************************************************************************
2026-10-01 09:52:35,400 - INFO - --- training epoch 28, loss 0.0281, mae 0.1896, rmse 0.2369, time elapsed(min) 0.02---
2026-10-01 09:52:35,619 - INFO - --- validation at epoch 28, val_loss 0.0254, val_mae 0.1879, val_rmse 0.2280, val_r2 0.3656, val_pearson 0.6263, lr 1.00e-03 ---
2026-10-01 09:52:35,619 - INFO - 
****************************************************************************************************
2026-10-01 09:52:37,394 - INFO - --- training epoch 29, loss 0.0274, mae 0.1866, rmse 0.2340, time elapsed(min) 0.02---
2026-10-01 09:52:37,779 - INFO - --- validation at epoch 29, val_loss 0.0252, val_mae 0.1844, val_rmse 0.2288, val_r2 0.3615, val_pearson 0.6322, lr 1.00e-03 ---
2026-10-01 09:52:37,779 - INFO - 
****************************************************************************************************
2026-10-01 09:52:39,661 - INFO - --- training epoch 30, loss 0.0266, mae 0.1839, rmse 0.2309, time elapsed(min) 0.03---
2026-10-01 09:52:39,880 - INFO - --- validation at epoch 30, val_loss 0.0244, val_mae 0.1785, val_rmse 0.2233, val_r2 0.3917, val_pearson 0.6399, lr 3.00e-04 ---
2026-10-01 09:52:39,880 - INFO - 
****************************************************************************************************
2026-10-01 09:52:41,705 - INFO - --- training epoch 31, loss 0.0265, mae 0.1826, rmse 0.2301, time elapsed(min) 0.02---
2026-10-01 09:52:41,936 - INFO - --- validation at epoch 31, val_loss 0.0240, val_mae 0.1748, val_rmse 0.2212, val_r2 0.4029, val_pearson 0.6434, lr 3.00e-04 ---
2026-10-01 09:52:41,936 - INFO - 
****************************************************************************************************
2026-10-01 09:52:43,698 - INFO - --- training epoch 32, loss 0.0263, mae 0.1821, rmse 0.2295, time elapsed(min) 0.02---
2026-10-01 09:52:44,088 - INFO - --- validation at epoch 32, val_loss 0.0242, val_mae 0.1751, val_rmse 0.2225, val_r2 0.3962, val_pearson 0.6454, lr 3.00e-04 ---
2026-10-01 09:52:44,088 - INFO - 
****************************************************************************************************
2026-10-01 09:52:45,881 - INFO - --- training epoch 33, loss 0.0264, mae 0.1825, rmse 0.2298, time elapsed(min) 0.03---
2026-10-01 09:52:46,304 - INFO - --- validation at epoch 33, val_loss 0.0242, val_mae 0.1750, val_rmse 0.2234, val_r2 0.3910, val_pearson 0.6492, lr 3.00e-04 ---
2026-10-01 09:52:46,304 - INFO - 
****************************************************************************************************
2026-10-01 09:52:48,105 - INFO - --- training epoch 34, loss 0.0262, mae 0.1816, rmse 0.2288, time elapsed(min) 0.02---
2026-10-01 09:52:48,333 - INFO - --- validation at epoch 34, val_loss 0.0238, val_mae 0.1742, val_rmse 0.2223, val_r2 0.3969, val_pearson 0.6504, lr 3.00e-04 ---
2026-10-01 09:52:48,333 - INFO - 
****************************************************************************************************
2026-10-01 09:52:50,088 - INFO - --- training epoch 35, loss 0.0260, mae 0.1811, rmse 0.2281, time elapsed(min) 0.02---
2026-10-01 09:52:50,310 - INFO - --- validation at epoch 35, val_loss 0.0238, val_mae 0.1735, val_rmse 0.2213, val_r2 0.4026, val_pearson 0.6547, lr 3.00e-04 ---
2026-10-01 09:52:50,310 - INFO - 
****************************************************************************************************
2026-10-01 09:52:52,251 - INFO - --- training epoch 36, loss 0.0259, mae 0.1803, rmse 0.2277, time elapsed(min) 0.03---
2026-10-01 09:52:52,652 - INFO - --- validation at epoch 36, val_loss 0.0234, val_mae 0.1709, val_rmse 0.2199, val_r2 0.4101, val_pearson 0.6573, lr 3.00e-04 ---
2026-10-01 09:52:52,653 - INFO - 
****************************************************************************************************
2026-10-01 09:52:54,794 - INFO - --- training epoch 37, loss 0.0255, mae 0.1789, rmse 0.2258, time elapsed(min) 0.03---
2026-10-01 09:52:55,038 - INFO - --- validation at epoch 37, val_loss 0.0227, val_mae 0.1700, val_rmse 0.2173, val_r2 0.4240, val_pearson 0.6656, lr 3.00e-04 ---
2026-10-01 09:52:55,038 - INFO - 
****************************************************************************************************
2026-10-01 09:52:56,786 - INFO - --- training epoch 38, loss 0.0244, mae 0.1750, rmse 0.2209, time elapsed(min) 0.02---
2026-10-01 09:52:57,016 - INFO - --- validation at epoch 38, val_loss 0.0207, val_mae 0.1633, val_rmse 0.2085, val_r2 0.4695, val_pearson 0.7035, lr 3.00e-04 ---
2026-10-01 09:52:57,016 - INFO - 
****************************************************************************************************
2026-10-01 09:52:58,865 - INFO - --- training epoch 39, loss 0.0214, mae 0.1635, rmse 0.2068, time elapsed(min) 0.02---
2026-10-01 09:52:59,263 - INFO - --- validation at epoch 39, val_loss 0.0187, val_mae 0.1527, val_rmse 0.1952, val_r2 0.5353, val_pearson 0.7318, lr 3.00e-04 ---
2026-10-01 09:52:59,263 - INFO - 
****************************************************************************************************
2026-10-01 09:53:01,247 - INFO - --- training epoch 40, loss 0.0195, mae 0.1558, rmse 0.1973, time elapsed(min) 0.03---
2026-10-01 09:53:01,473 - INFO - --- validation at epoch 40, val_loss 0.0177, val_mae 0.1500, val_rmse 0.1919, val_r2 0.5508, val_pearson 0.7441, lr 3.00e-04 ---
2026-10-01 09:53:01,473 - INFO - 
****************************************************************************************************
2026-10-01 09:53:03,328 - INFO - --- training epoch 41, loss 0.0186, mae 0.1508, rmse 0.1929, time elapsed(min) 0.02---
2026-10-01 09:53:03,551 - INFO - --- validation at epoch 41, val_loss 0.0180, val_mae 0.1528, val_rmse 0.1956, val_r2 0.5332, val_pearson 0.7370, lr 3.00e-04 ---
2026-10-01 09:53:03,552 - INFO - 
****************************************************************************************************
2026-10-01 09:53:05,247 - INFO - --- training epoch 42, loss 0.0186, mae 0.1513, rmse 0.1931, time elapsed(min) 0.02---
2026-10-01 09:53:05,622 - INFO - --- validation at epoch 42, val_loss 0.0171, val_mae 0.1476, val_rmse 0.1917, val_r2 0.5519, val_pearson 0.7480, lr 3.00e-04 ---
2026-10-01 09:53:05,622 - INFO - 
****************************************************************************************************
2026-10-01 09:53:07,739 - INFO - --- training epoch 43, loss 0.0181, mae 0.1479, rmse 0.1902, time elapsed(min) 0.03---
2026-10-01 09:53:07,966 - INFO - --- validation at epoch 43, val_loss 0.0183, val_mae 0.1522, val_rmse 0.1999, val_r2 0.5125, val_pearson 0.7433, lr 3.00e-04 ---
2026-10-01 09:53:07,966 - INFO - 
****************************************************************************************************
2026-10-01 09:53:09,665 - INFO - --- training epoch 44, loss 0.0189, mae 0.1507, rmse 0.1944, time elapsed(min) 0.02---
2026-10-01 09:53:09,894 - INFO - --- validation at epoch 44, val_loss 0.0174, val_mae 0.1451, val_rmse 0.1926, val_r2 0.5474, val_pearson 0.7542, lr 3.00e-04 ---
2026-10-01 09:53:09,894 - INFO - 
****************************************************************************************************
2026-10-01 09:53:11,703 - INFO - --- training epoch 45, loss 0.0176, mae 0.1456, rmse 0.1876, time elapsed(min) 0.03---
2026-10-01 09:53:11,931 - INFO - --- validation at epoch 45, val_loss 0.0156, val_mae 0.1383, val_rmse 0.1835, val_r2 0.5892, val_pearson 0.7722, lr 3.00e-04 ---
2026-10-01 09:53:11,931 - INFO - 
****************************************************************************************************
2026-10-01 09:53:13,806 - INFO - --- training epoch 46, loss 0.0171, mae 0.1436, rmse 0.1850, time elapsed(min) 0.02---
2026-10-01 09:53:14,212 - INFO - --- validation at epoch 46, val_loss 0.0152, val_mae 0.1372, val_rmse 0.1807, val_r2 0.6015, val_pearson 0.7798, lr 3.00e-04 ---
2026-10-01 09:53:14,212 - INFO - 
****************************************************************************************************
2026-10-01 09:53:16,192 - INFO - --- training epoch 47, loss 0.0171, mae 0.1428, rmse 0.1852, time elapsed(min) 0.02---
2026-10-01 09:53:16,412 - INFO - --- validation at epoch 47, val_loss 0.0151, val_mae 0.1361, val_rmse 0.1801, val_r2 0.6044, val_pearson 0.7822, lr 3.00e-04 ---
2026-10-01 09:53:16,412 - INFO - 
****************************************************************************************************
2026-10-01 09:53:18,283 - INFO - --- training epoch 48, loss 0.0167, mae 0.1409, rmse 0.1829, time elapsed(min) 0.02---
2026-10-01 09:53:18,508 - INFO - --- validation at epoch 48, val_loss 0.0153, val_mae 0.1365, val_rmse 0.1821, val_r2 0.5956, val_pearson 0.7831, lr 3.00e-04 ---
2026-10-01 09:53:18,508 - INFO - 
****************************************************************************************************
2026-10-01 09:53:20,369 - INFO - --- training epoch 49, loss 0.0166, mae 0.1403, rmse 0.1820, time elapsed(min) 0.03---
2026-10-01 09:53:20,760 - INFO - --- validation at epoch 49, val_loss 0.0152, val_mae 0.1370, val_rmse 0.1818, val_r2 0.5966, val_pearson 0.7849, lr 3.00e-04 ---
2026-10-01 09:53:20,760 - INFO - 
****************************************************************************************************
2026-10-01 09:53:22,701 - INFO - --- training epoch 50, loss 0.0165, mae 0.1393, rmse 0.1818, time elapsed(min) 0.03---
2026-10-01 09:53:22,922 - INFO - --- validation at epoch 50, val_loss 0.0153, val_mae 0.1368, val_rmse 0.1834, val_r2 0.5897, val_pearson 0.7775, lr 3.00e-04 ---
2026-10-01 09:53:22,922 - INFO - 
****************************************************************************************************
2026-10-01 09:53:24,603 - INFO - --- training epoch 51, loss 0.0165, mae 0.1386, rmse 0.1814, time elapsed(min) 0.02---
2026-10-01 09:53:24,822 - INFO - --- validation at epoch 51, val_loss 0.0150, val_mae 0.1365, val_rmse 0.1806, val_r2 0.6022, val_pearson 0.7877, lr 3.00e-04 ---
2026-10-01 09:53:24,822 - INFO - 
****************************************************************************************************
2026-10-01 09:53:26,603 - INFO - --- training epoch 52, loss 0.0163, mae 0.1388, rmse 0.1804, time elapsed(min) 0.02---
2026-10-01 09:53:26,973 - INFO - --- validation at epoch 52, val_loss 0.0152, val_mae 0.1359, val_rmse 0.1838, val_r2 0.5878, val_pearson 0.7816, lr 3.00e-04 ---
2026-10-01 09:53:26,973 - INFO - 
****************************************************************************************************
2026-10-01 09:53:29,015 - INFO - --- training epoch 53, loss 0.0157, mae 0.1352, rmse 0.1774, time elapsed(min) 0.03---
2026-10-01 09:53:29,239 - INFO - --- validation at epoch 53, val_loss 0.0146, val_mae 0.1334, val_rmse 0.1772, val_r2 0.6168, val_pearson 0.7953, lr 3.00e-04 ---
2026-10-01 09:53:29,239 - INFO - 
****************************************************************************************************
2026-10-01 09:53:31,008 - INFO - --- training epoch 54, loss 0.0154, mae 0.1341, rmse 0.1758, time elapsed(min) 0.02---
2026-10-01 09:53:31,232 - INFO - --- validation at epoch 54, val_loss 0.0144, val_mae 0.1320, val_rmse 0.1778, val_r2 0.6145, val_pearson 0.7973, lr 3.00e-04 ---
2026-10-01 09:53:31,232 - INFO - 
****************************************************************************************************
2026-10-01 09:53:33,097 - INFO - --- training epoch 55, loss 0.0156, mae 0.1344, rmse 0.1764, time elapsed(min) 0.02---
2026-10-01 09:53:33,487 - INFO - --- validation at epoch 55, val_loss 0.0150, val_mae 0.1346, val_rmse 0.1809, val_r2 0.6007, val_pearson 0.7924, lr 3.00e-04 ---
2026-10-01 09:53:33,487 - INFO - 
****************************************************************************************************
2026-10-01 09:53:35,408 - INFO - --- training epoch 56, loss 0.0155, mae 0.1343, rmse 0.1761, time elapsed(min) 0.03---
2026-10-01 09:53:35,628 - INFO - --- validation at epoch 56, val_loss 0.0137, val_mae 0.1295, val_rmse 0.1741, val_r2 0.6302, val_pearson 0.8065, lr 3.00e-04 ---
2026-10-01 09:53:35,628 - INFO - 
****************************************************************************************************
2026-10-01 09:53:37,481 - INFO - --- training epoch 57, loss 0.0147, mae 0.1303, rmse 0.1715, time elapsed(min) 0.02---
2026-10-01 09:53:37,719 - INFO - --- validation at epoch 57, val_loss 0.0133, val_mae 0.1252, val_rmse 0.1703, val_r2 0.6463, val_pearson 0.8125, lr 3.00e-04 ---
2026-10-01 09:53:37,719 - INFO - 
****************************************************************************************************
2026-10-01 09:53:39,499 - INFO - --- training epoch 58, loss 0.0150, mae 0.1306, rmse 0.1730, time elapsed(min) 0.02---
2026-10-01 09:53:39,874 - INFO - --- validation at epoch 58, val_loss 0.0156, val_mae 0.1352, val_rmse 0.1836, val_r2 0.5890, val_pearson 0.7957, lr 3.00e-04 ---
2026-10-01 09:53:39,874 - INFO - 
****************************************************************************************************
2026-10-01 09:53:41,752 - INFO - --- training epoch 59, loss 0.0147, mae 0.1303, rmse 0.1715, time elapsed(min) 0.03---
2026-10-01 09:53:42,292 - INFO - --- validation at epoch 59, val_loss 0.0151, val_mae 0.1320, val_rmse 0.1804, val_r2 0.6030, val_pearson 0.7984, lr 3.00e-04 ---
2026-10-01 09:53:42,292 - INFO - 
****************************************************************************************************
2026-10-01 09:53:43,972 - INFO - --- training epoch 60, loss 0.0145, mae 0.1287, rmse 0.1703, time elapsed(min) 0.02---
2026-10-01 09:53:44,198 - INFO - --- validation at epoch 60, val_loss 0.0135, val_mae 0.1263, val_rmse 0.1712, val_r2 0.6424, val_pearson 0.8115, lr 3.00e-04 ---
2026-10-01 09:53:44,198 - INFO - 
****************************************************************************************************
2026-10-01 09:53:45,883 - INFO - --- training epoch 61, loss 0.0142, mae 0.1284, rmse 0.1685, time elapsed(min) 0.02---
2026-10-01 09:53:46,121 - INFO - --- validation at epoch 61, val_loss 0.0136, val_mae 0.1264, val_rmse 0.1706, val_r2 0.6451, val_pearson 0.8093, lr 3.00e-04 ---
2026-10-01 09:53:46,121 - INFO - 
****************************************************************************************************
2026-10-01 09:53:48,001 - INFO - --- training epoch 62, loss 0.0143, mae 0.1285, rmse 0.1691, time elapsed(min) 0.03---
2026-10-01 09:53:48,445 - INFO - --- validation at epoch 62, val_loss 0.0134, val_mae 0.1235, val_rmse 0.1688, val_r2 0.6523, val_pearson 0.8125, lr 3.00e-04 ---
2026-10-01 09:53:48,445 - INFO - 
****************************************************************************************************
2026-10-01 09:53:50,275 - INFO - --- training epoch 63, loss 0.0145, mae 0.1287, rmse 0.1700, time elapsed(min) 0.02---
2026-10-01 09:53:50,517 - INFO - --- validation at epoch 63, val_loss 0.0144, val_mae 0.1290, val_rmse 0.1749, val_r2 0.6267, val_pearson 0.8014, lr 3.00e-04 ---
2026-10-01 09:53:50,517 - INFO - 
****************************************************************************************************
2026-10-01 09:53:52,204 - INFO - --- training epoch 64, loss 0.0146, mae 0.1289, rmse 0.1707, time elapsed(min) 0.02---
2026-10-01 09:53:52,427 - INFO - --- validation at epoch 64, val_loss 0.0138, val_mae 0.1278, val_rmse 0.1721, val_r2 0.6387, val_pearson 0.8135, lr 3.00e-04 ---
2026-10-01 09:53:52,427 - INFO - 
****************************************************************************************************
2026-10-01 09:53:54,236 - INFO - --- training epoch 65, loss 0.0144, mae 0.1279, rmse 0.1695, time elapsed(min) 0.03---
2026-10-01 09:53:54,619 - INFO - --- validation at epoch 65, val_loss 0.0125, val_mae 0.1223, val_rmse 0.1659, val_r2 0.6644, val_pearson 0.8262, lr 3.00e-04 ---
2026-10-01 09:53:54,619 - INFO - 
****************************************************************************************************
2026-10-01 09:53:56,644 - INFO - --- training epoch 66, loss 0.0140, mae 0.1262, rmse 0.1675, time elapsed(min) 0.03---
2026-10-01 09:53:56,903 - INFO - --- validation at epoch 66, val_loss 0.0123, val_mae 0.1199, val_rmse 0.1641, val_r2 0.6717, val_pearson 0.8290, lr 3.00e-04 ---
2026-10-01 09:53:56,903 - INFO - 
****************************************************************************************************
2026-10-01 09:53:58,676 - INFO - --- training epoch 67, loss 0.0138, mae 0.1257, rmse 0.1664, time elapsed(min) 0.02---
2026-10-01 09:53:58,896 - INFO - --- validation at epoch 67, val_loss 0.0139, val_mae 0.1270, val_rmse 0.1737, val_r2 0.6320, val_pearson 0.8165, lr 3.00e-04 ---
2026-10-01 09:53:58,896 - INFO - 
****************************************************************************************************
2026-10-01 09:54:00,567 - INFO - --- training epoch 68, loss 0.0140, mae 0.1265, rmse 0.1676, time elapsed(min) 0.02---
2026-10-01 09:54:00,953 - INFO - --- validation at epoch 68, val_loss 0.0133, val_mae 0.1252, val_rmse 0.1707, val_r2 0.6445, val_pearson 0.8170, lr 3.00e-04 ---
2026-10-01 09:54:00,953 - INFO - 
****************************************************************************************************
2026-10-01 09:54:02,910 - INFO - --- training epoch 69, loss 0.0135, mae 0.1249, rmse 0.1645, time elapsed(min) 0.03---
2026-10-01 09:54:03,131 - INFO - --- validation at epoch 69, val_loss 0.0123, val_mae 0.1215, val_rmse 0.1636, val_r2 0.6735, val_pearson 0.8278, lr 3.00e-04 ---
2026-10-01 09:54:03,131 - INFO - 
****************************************************************************************************
2026-10-01 09:54:04,812 - INFO - --- training epoch 70, loss 0.0135, mae 0.1240, rmse 0.1646, time elapsed(min) 0.02---
2026-10-01 09:54:05,050 - INFO - --- validation at epoch 70, val_loss 0.0125, val_mae 0.1226, val_rmse 0.1641, val_r2 0.6713, val_pearson 0.8286, lr 3.00e-04 ---
2026-10-01 09:54:05,050 - INFO - 
****************************************************************************************************
2026-10-01 09:54:06,823 - INFO - --- training epoch 71, loss 0.0137, mae 0.1251, rmse 0.1654, time elapsed(min) 0.02---
2026-10-01 09:54:07,204 - INFO - --- validation at epoch 71, val_loss 0.0122, val_mae 0.1207, val_rmse 0.1623, val_r2 0.6785, val_pearson 0.8317, lr 3.00e-04 ---
2026-10-01 09:54:07,204 - INFO - 
****************************************************************************************************
2026-10-01 09:54:09,322 - INFO - --- training epoch 72, loss 0.0136, mae 0.1241, rmse 0.1648, time elapsed(min) 0.03---
2026-10-01 09:54:09,544 - INFO - --- validation at epoch 72, val_loss 0.0127, val_mae 0.1227, val_rmse 0.1660, val_r2 0.6638, val_pearson 0.8221, lr 3.00e-04 ---
2026-10-01 09:54:09,544 - INFO - 
****************************************************************************************************
2026-10-01 09:54:11,350 - INFO - --- training epoch 73, loss 0.0136, mae 0.1242, rmse 0.1650, time elapsed(min) 0.03---
2026-10-01 09:54:11,574 - INFO - --- validation at epoch 73, val_loss 0.0126, val_mae 0.1224, val_rmse 0.1656, val_r2 0.6656, val_pearson 0.8283, lr 3.00e-04 ---
2026-10-01 09:54:11,574 - INFO - 
****************************************************************************************************
2026-10-01 09:54:13,323 - INFO - --- training epoch 74, loss 0.0134, mae 0.1235, rmse 0.1640, time elapsed(min) 0.02---
2026-10-01 09:54:13,548 - INFO - --- validation at epoch 74, val_loss 0.0121, val_mae 0.1198, val_rmse 0.1619, val_r2 0.6801, val_pearson 0.8366, lr 3.00e-04 ---
2026-10-01 09:54:13,548 - INFO - 
****************************************************************************************************
2026-10-01 09:54:15,504 - INFO - --- training epoch 75, loss 0.0133, mae 0.1234, rmse 0.1632, time elapsed(min) 0.03---
2026-10-01 09:54:15,951 - INFO - --- validation at epoch 75, val_loss 0.0117, val_mae 0.1187, val_rmse 0.1601, val_r2 0.6872, val_pearson 0.8401, lr 3.00e-04 ---
2026-10-01 09:54:15,951 - INFO - 
****************************************************************************************************
2026-10-01 09:54:17,862 - INFO - --- training epoch 76, loss 0.0132, mae 0.1221, rmse 0.1622, time elapsed(min) 0.02---
2026-10-01 09:54:18,080 - INFO - --- validation at epoch 76, val_loss 0.0115, val_mae 0.1167, val_rmse 0.1573, val_r2 0.6981, val_pearson 0.8486, lr 3.00e-04 ---
2026-10-01 09:54:18,080 - INFO - 
****************************************************************************************************
2026-10-01 09:54:19,828 - INFO - --- training epoch 77, loss 0.0128, mae 0.1202, rmse 0.1598, time elapsed(min) 0.02---
2026-10-01 09:54:20,050 - INFO - --- validation at epoch 77, val_loss 0.0114, val_mae 0.1155, val_rmse 0.1563, val_r2 0.7018, val_pearson 0.8457, lr 3.00e-04 ---
2026-10-01 09:54:20,050 - INFO - 
****************************************************************************************************
2026-10-01 09:54:21,907 - INFO - --- training epoch 78, loss 0.0130, mae 0.1206, rmse 0.1614, time elapsed(min) 0.02---
2026-10-01 09:54:22,306 - INFO - --- validation at epoch 78, val_loss 0.0117, val_mae 0.1192, val_rmse 0.1589, val_r2 0.6919, val_pearson 0.8384, lr 3.00e-04 ---
2026-10-01 09:54:22,306 - INFO - 
****************************************************************************************************
2026-10-01 09:54:24,395 - INFO - --- training epoch 79, loss 0.0131, mae 0.1212, rmse 0.1616, time elapsed(min) 0.03---
2026-10-01 09:54:24,618 - INFO - --- validation at epoch 79, val_loss 0.0119, val_mae 0.1188, val_rmse 0.1600, val_r2 0.6877, val_pearson 0.8420, lr 3.00e-04 ---
2026-10-01 09:54:24,619 - INFO - 
****************************************************************************************************
2026-10-01 09:54:26,298 - INFO - --- training epoch 80, loss 0.0133, mae 0.1221, rmse 0.1631, time elapsed(min) 0.02---
2026-10-01 09:54:26,528 - INFO - --- validation at epoch 80, val_loss 0.0116, val_mae 0.1160, val_rmse 0.1566, val_r2 0.7008, val_pearson 0.8405, lr 3.00e-04 ---
2026-10-01 09:54:26,528 - INFO - 
****************************************************************************************************
2026-10-01 09:54:28,209 - INFO - --- training epoch 81, loss 0.0127, mae 0.1199, rmse 0.1592, time elapsed(min) 0.02---
2026-10-01 09:54:28,584 - INFO - --- validation at epoch 81, val_loss 0.0112, val_mae 0.1133, val_rmse 0.1545, val_r2 0.7087, val_pearson 0.8473, lr 3.00e-04 ---
2026-10-01 09:54:28,584 - INFO - 
****************************************************************************************************
2026-10-01 09:54:30,797 - INFO - --- training epoch 82, loss 0.0128, mae 0.1201, rmse 0.1601, time elapsed(min) 0.03---
2026-10-01 09:54:31,021 - INFO - --- validation at epoch 82, val_loss 0.0129, val_mae 0.1226, val_rmse 0.1661, val_r2 0.6633, val_pearson 0.8284, lr 3.00e-04 ---
2026-10-01 09:54:31,021 - INFO - 
****************************************************************************************************
2026-10-01 09:54:32,703 - INFO - --- training epoch 83, loss 0.0130, mae 0.1205, rmse 0.1611, time elapsed(min) 0.02---
2026-10-01 09:54:32,929 - INFO - --- validation at epoch 83, val_loss 0.0122, val_mae 0.1201, val_rmse 0.1629, val_r2 0.6763, val_pearson 0.8407, lr 3.00e-04 ---
2026-10-01 09:54:32,929 - INFO - 
****************************************************************************************************
2026-10-01 09:54:34,616 - INFO - --- training epoch 84, loss 0.0130, mae 0.1215, rmse 0.1613, time elapsed(min) 0.02---
2026-10-01 09:54:35,003 - INFO - --- validation at epoch 84, val_loss 0.0128, val_mae 0.1204, val_rmse 0.1640, val_r2 0.6720, val_pearson 0.8302, lr 3.00e-04 ---
2026-10-01 09:54:35,003 - INFO - 
****************************************************************************************************
2026-10-01 09:54:36,845 - INFO - --- training epoch 85, loss 0.0127, mae 0.1202, rmse 0.1593, time elapsed(min) 0.03---
2026-10-01 09:54:37,285 - INFO - --- validation at epoch 85, val_loss 0.0120, val_mae 0.1180, val_rmse 0.1607, val_r2 0.6850, val_pearson 0.8421, lr 3.00e-04 ---
2026-10-01 09:54:37,285 - INFO - 
****************************************************************************************************
2026-10-01 09:54:39,117 - INFO - --- training epoch 86, loss 0.0128, mae 0.1198, rmse 0.1603, time elapsed(min) 0.02---
2026-10-01 09:54:39,359 - INFO - --- validation at epoch 86, val_loss 0.0140, val_mae 0.1286, val_rmse 0.1737, val_r2 0.6318, val_pearson 0.8152, lr 3.00e-04 ---
2026-10-01 09:54:39,359 - INFO - 
****************************************************************************************************
2026-10-01 09:54:41,056 - INFO - --- training epoch 87, loss 0.0132, mae 0.1219, rmse 0.1623, time elapsed(min) 0.02---
2026-10-01 09:54:41,278 - INFO - --- validation at epoch 87, val_loss 0.0115, val_mae 0.1165, val_rmse 0.1570, val_r2 0.6992, val_pearson 0.8415, lr 3.00e-04 ---
2026-10-01 09:54:41,279 - INFO - 
****************************************************************************************************
2026-10-01 09:54:42,997 - INFO - --- training epoch 88, loss 0.0129, mae 0.1210, rmse 0.1604, time elapsed(min) 0.02---
2026-10-01 09:54:43,410 - INFO - --- validation at epoch 88, val_loss 0.0114, val_mae 0.1181, val_rmse 0.1565, val_r2 0.7011, val_pearson 0.8444, lr 3.00e-04 ---
2026-10-01 09:54:43,410 - INFO - 
****************************************************************************************************
2026-10-01 09:54:45,276 - INFO - --- training epoch 89, loss 0.0124, mae 0.1183, rmse 0.1576, time elapsed(min) 0.02---
2026-10-01 09:54:45,503 - INFO - --- validation at epoch 89, val_loss 0.0115, val_mae 0.1148, val_rmse 0.1556, val_r2 0.7045, val_pearson 0.8450, lr 3.00e-04 ---
2026-10-01 09:54:45,504 - INFO - 
****************************************************************************************************
2026-10-01 09:54:47,306 - INFO - --- training epoch 90, loss 0.0126, mae 0.1188, rmse 0.1588, time elapsed(min) 0.02---
2026-10-01 09:54:47,535 - INFO - --- validation at epoch 90, val_loss 0.0126, val_mae 0.1211, val_rmse 0.1638, val_r2 0.6728, val_pearson 0.8315, lr 3.00e-04 ---
2026-10-01 09:54:47,535 - INFO - 
****************************************************************************************************
2026-10-01 09:54:49,237 - INFO - --- training epoch 91, loss 0.0128, mae 0.1205, rmse 0.1602, time elapsed(min) 0.02---
2026-10-01 09:54:49,637 - INFO - --- validation at epoch 91, val_loss 0.0127, val_mae 0.1210, val_rmse 0.1643, val_r2 0.6708, val_pearson 0.8316, lr 3.00e-04 ---
2026-10-01 09:54:49,637 - INFO - 
****************************************************************************************************
2026-10-01 09:54:51,655 - INFO - --- training epoch 92, loss 0.0126, mae 0.1192, rmse 0.1590, time elapsed(min) 0.03---
2026-10-01 09:54:51,874 - INFO - --- validation at epoch 92, val_loss 0.0131, val_mae 0.1233, val_rmse 0.1681, val_r2 0.6553, val_pearson 0.8275, lr 3.00e-04 ---
2026-10-01 09:54:51,874 - INFO - 
****************************************************************************************************
2026-10-01 09:54:53,527 - INFO - --- training epoch 93, loss 0.0121, mae 0.1171, rmse 0.1559, time elapsed(min) 0.02---
2026-10-01 09:54:53,746 - INFO - --- validation at epoch 93, val_loss 0.0102, val_mae 0.1106, val_rmse 0.1473, val_r2 0.7353, val_pearson 0.8582, lr 9.00e-05 ---
2026-10-01 09:54:53,746 - INFO - 
****************************************************************************************************
2026-10-01 09:54:55,488 - INFO - --- training epoch 94, loss 0.0114, mae 0.1135, rmse 0.1507, time elapsed(min) 0.02---
2026-10-01 09:54:55,854 - INFO - --- validation at epoch 94, val_loss 0.0099, val_mae 0.1083, val_rmse 0.1453, val_r2 0.7426, val_pearson 0.8625, lr 9.00e-05 ---
2026-10-01 09:54:55,854 - INFO - 
****************************************************************************************************
2026-10-01 09:54:57,796 - INFO - --- training epoch 95, loss 0.0113, mae 0.1119, rmse 0.1503, time elapsed(min) 0.03---
2026-10-01 09:54:58,219 - INFO - --- validation at epoch 95, val_loss 0.0097, val_mae 0.1076, val_rmse 0.1437, val_r2 0.7479, val_pearson 0.8652, lr 9.00e-05 ---
2026-10-01 09:54:58,219 - INFO - 
****************************************************************************************************
2026-10-01 09:55:00,294 - INFO - --- training epoch 96, loss 0.0111, mae 0.1114, rmse 0.1490, time elapsed(min) 0.03---
2026-10-01 09:55:00,527 - INFO - --- validation at epoch 96, val_loss 0.0096, val_mae 0.1068, val_rmse 0.1433, val_r2 0.7494, val_pearson 0.8673, lr 9.00e-05 ---
2026-10-01 09:55:00,527 - INFO - 
****************************************************************************************************
2026-10-01 09:55:02,273 - INFO - --- training epoch 97, loss 0.0114, mae 0.1131, rmse 0.1509, time elapsed(min) 0.02---
2026-10-01 09:55:02,494 - INFO - --- validation at epoch 97, val_loss 0.0099, val_mae 0.1089, val_rmse 0.1454, val_r2 0.7422, val_pearson 0.8620, lr 9.00e-05 ---
2026-10-01 09:55:02,494 - INFO - 
****************************************************************************************************
2026-10-01 09:55:04,265 - INFO - --- training epoch 98, loss 0.0111, mae 0.1115, rmse 0.1490, time elapsed(min) 0.02---
2026-10-01 09:55:04,685 - INFO - --- validation at epoch 98, val_loss 0.0096, val_mae 0.1076, val_rmse 0.1439, val_r2 0.7474, val_pearson 0.8661, lr 9.00e-05 ---
2026-10-01 09:55:04,685 - INFO - 
****************************************************************************************************
2026-10-01 09:55:06,483 - INFO - --- training epoch 99, loss 0.0113, mae 0.1120, rmse 0.1503, time elapsed(min) 0.02---
2026-10-01 09:55:06,703 - INFO - --- validation at epoch 99, val_loss 0.0097, val_mae 0.1080, val_rmse 0.1450, val_r2 0.7435, val_pearson 0.8645, lr 9.00e-05 ---
2026-10-01 09:55:06,703 - INFO - 
****************************************************************************************************
2026-10-01 09:55:08,337 - INFO - --- training epoch 100, loss 0.0110, mae 0.1122, rmse 0.1486, time elapsed(min) 0.02---
2026-10-01 09:55:08,582 - INFO - --- validation at epoch 100, val_loss 0.0094, val_mae 0.1055, val_rmse 0.1425, val_r2 0.7522, val_pearson 0.8684, lr 9.00e-05 ---
2026-10-01 09:55:08,582 - INFO - 
****************************************************************************************************
2026-10-01 09:55:10,527 - INFO - --- training epoch 101, loss 0.0109, mae 0.1105, rmse 0.1475, time elapsed(min) 0.03---
2026-10-01 09:55:10,896 - INFO - --- validation at epoch 101, val_loss 0.0096, val_mae 0.1063, val_rmse 0.1433, val_r2 0.7493, val_pearson 0.8658, lr 9.00e-05 ---
2026-10-01 09:55:10,896 - INFO - 
****************************************************************************************************
2026-10-01 09:55:12,826 - INFO - --- training epoch 102, loss 0.0110, mae 0.1104, rmse 0.1486, time elapsed(min) 0.03---
2026-10-01 09:55:13,049 - INFO - --- validation at epoch 102, val_loss 0.0095, val_mae 0.1064, val_rmse 0.1435, val_r2 0.7489, val_pearson 0.8682, lr 9.00e-05 ---
2026-10-01 09:55:13,049 - INFO - 
****************************************************************************************************
2026-10-01 09:55:14,698 - INFO - --- training epoch 103, loss 0.0112, mae 0.1118, rmse 0.1500, time elapsed(min) 0.02---
2026-10-01 09:55:14,916 - INFO - --- validation at epoch 103, val_loss 0.0097, val_mae 0.1060, val_rmse 0.1434, val_r2 0.7491, val_pearson 0.8668, lr 9.00e-05 ---
2026-10-01 09:55:14,916 - INFO - 
****************************************************************************************************
2026-10-01 09:55:16,784 - INFO - --- training epoch 104, loss 0.0110, mae 0.1103, rmse 0.1480, time elapsed(min) 0.03---
2026-10-01 09:55:17,006 - INFO - --- validation at epoch 104, val_loss 0.0091, val_mae 0.1039, val_rmse 0.1399, val_r2 0.7612, val_pearson 0.8736, lr 9.00e-05 ---
2026-10-01 09:55:17,006 - INFO - 
****************************************************************************************************
2026-10-01 09:55:18,953 - INFO - --- training epoch 105, loss 0.0110, mae 0.1113, rmse 0.1486, time elapsed(min) 0.03---
2026-10-01 09:55:19,365 - INFO - --- validation at epoch 105, val_loss 0.0091, val_mae 0.1039, val_rmse 0.1403, val_r2 0.7597, val_pearson 0.8726, lr 9.00e-05 ---
2026-10-01 09:55:19,365 - INFO - 
****************************************************************************************************
2026-10-01 09:55:21,298 - INFO - --- training epoch 106, loss 0.0110, mae 0.1097, rmse 0.1480, time elapsed(min) 0.02---
2026-10-01 09:55:21,520 - INFO - --- validation at epoch 106, val_loss 0.0095, val_mae 0.1050, val_rmse 0.1420, val_r2 0.7540, val_pearson 0.8690, lr 9.00e-05 ---
2026-10-01 09:55:21,520 - INFO - 
****************************************************************************************************
2026-10-01 09:55:23,166 - INFO - --- training epoch 107, loss 0.0106, mae 0.1089, rmse 0.1454, time elapsed(min) 0.02---
2026-10-01 09:55:23,410 - INFO - --- validation at epoch 107, val_loss 0.0094, val_mae 0.1051, val_rmse 0.1425, val_r2 0.7522, val_pearson 0.8697, lr 9.00e-05 ---
2026-10-01 09:55:23,410 - INFO - 
****************************************************************************************************
2026-10-01 09:55:25,187 - INFO - --- training epoch 108, loss 0.0109, mae 0.1105, rmse 0.1476, time elapsed(min) 0.03---
2026-10-01 09:55:25,569 - INFO - --- validation at epoch 108, val_loss 0.0095, val_mae 0.1040, val_rmse 0.1416, val_r2 0.7554, val_pearson 0.8699, lr 9.00e-05 ---
2026-10-01 09:55:25,569 - INFO - 
****************************************************************************************************
2026-10-01 09:55:27,471 - INFO - --- training epoch 109, loss 0.0108, mae 0.1095, rmse 0.1468, time elapsed(min) 0.03---
2026-10-01 09:55:27,691 - INFO - --- validation at epoch 109, val_loss 0.0091, val_mae 0.1030, val_rmse 0.1395, val_r2 0.7627, val_pearson 0.8748, lr 9.00e-05 ---
2026-10-01 09:55:27,691 - INFO - 
****************************************************************************************************
2026-10-01 09:55:29,355 - INFO - --- training epoch 110, loss 0.0109, mae 0.1104, rmse 0.1475, time elapsed(min) 0.02---
2026-10-01 09:55:29,574 - INFO - --- validation at epoch 110, val_loss 0.0094, val_mae 0.1045, val_rmse 0.1418, val_r2 0.7545, val_pearson 0.8717, lr 9.00e-05 ---
2026-10-01 09:55:29,574 - INFO - 
****************************************************************************************************
2026-10-01 09:55:31,237 - INFO - --- training epoch 111, loss 0.0107, mae 0.1095, rmse 0.1466, time elapsed(min) 0.02---
2026-10-01 09:55:31,620 - INFO - --- validation at epoch 111, val_loss 0.0094, val_mae 0.1046, val_rmse 0.1422, val_r2 0.7534, val_pearson 0.8695, lr 9.00e-05 ---
2026-10-01 09:55:31,620 - INFO - 
****************************************************************************************************
2026-10-01 09:55:33,513 - INFO - --- training epoch 112, loss 0.0109, mae 0.1101, rmse 0.1475, time elapsed(min) 0.03---
2026-10-01 09:55:33,735 - INFO - --- validation at epoch 112, val_loss 0.0091, val_mae 0.1027, val_rmse 0.1392, val_r2 0.7636, val_pearson 0.8762, lr 9.00e-05 ---
2026-10-01 09:55:33,735 - INFO - 
****************************************************************************************************
2026-10-01 09:55:35,381 - INFO - --- training epoch 113, loss 0.0108, mae 0.1092, rmse 0.1468, time elapsed(min) 0.02---
2026-10-01 09:55:35,620 - INFO - --- validation at epoch 113, val_loss 0.0090, val_mae 0.1026, val_rmse 0.1394, val_r2 0.7628, val_pearson 0.8769, lr 9.00e-05 ---
2026-10-01 09:55:35,620 - INFO - 
****************************************************************************************************
2026-10-01 09:55:37,369 - INFO - --- training epoch 114, loss 0.0104, mae 0.1078, rmse 0.1443, time elapsed(min) 0.02---
2026-10-01 09:55:37,741 - INFO - --- validation at epoch 114, val_loss 0.0091, val_mae 0.1023, val_rmse 0.1394, val_r2 0.7628, val_pearson 0.8751, lr 9.00e-05 ---
2026-10-01 09:55:37,742 - INFO - 
****************************************************************************************************
2026-10-01 09:55:39,675 - INFO - --- training epoch 115, loss 0.0106, mae 0.1086, rmse 0.1453, time elapsed(min) 0.03---
2026-10-01 09:55:39,896 - INFO - --- validation at epoch 115, val_loss 0.0094, val_mae 0.1039, val_rmse 0.1421, val_r2 0.7537, val_pearson 0.8711, lr 9.00e-05 ---
2026-10-01 09:55:39,896 - INFO - 
****************************************************************************************************
2026-10-01 09:55:41,564 - INFO - --- training epoch 116, loss 0.0103, mae 0.1071, rmse 0.1436, time elapsed(min) 0.02---
2026-10-01 09:55:41,787 - INFO - --- validation at epoch 116, val_loss 0.0090, val_mae 0.1018, val_rmse 0.1391, val_r2 0.7640, val_pearson 0.8769, lr 9.00e-05 ---
2026-10-01 09:55:41,787 - INFO - 
****************************************************************************************************
2026-10-01 09:55:43,625 - INFO - --- training epoch 117, loss 0.0102, mae 0.1062, rmse 0.1427, time elapsed(min) 0.02---
2026-10-01 09:55:43,864 - INFO - --- validation at epoch 117, val_loss 0.0089, val_mae 0.1017, val_rmse 0.1383, val_r2 0.7666, val_pearson 0.8780, lr 9.00e-05 ---
2026-10-01 09:55:43,864 - INFO - 
****************************************************************************************************
2026-10-01 09:55:45,897 - INFO - --- training epoch 118, loss 0.0103, mae 0.1070, rmse 0.1435, time elapsed(min) 0.03---
2026-10-01 09:55:46,310 - INFO - --- validation at epoch 118, val_loss 0.0088, val_mae 0.1006, val_rmse 0.1380, val_r2 0.7676, val_pearson 0.8772, lr 9.00e-05 ---
2026-10-01 09:55:46,310 - INFO - 
****************************************************************************************************
2026-10-01 09:55:48,305 - INFO - --- training epoch 119, loss 0.0103, mae 0.1070, rmse 0.1437, time elapsed(min) 0.02---
2026-10-01 09:55:48,524 - INFO - --- validation at epoch 119, val_loss 0.0094, val_mae 0.1032, val_rmse 0.1411, val_r2 0.7571, val_pearson 0.8728, lr 9.00e-05 ---
2026-10-01 09:55:48,524 - INFO - 
****************************************************************************************************
2026-10-01 09:55:50,183 - INFO - --- training epoch 120, loss 0.0105, mae 0.1074, rmse 0.1452, time elapsed(min) 0.02---
2026-10-01 09:55:50,403 - INFO - --- validation at epoch 120, val_loss 0.0087, val_mae 0.1012, val_rmse 0.1382, val_r2 0.7671, val_pearson 0.8784, lr 9.00e-05 ---
2026-10-01 09:55:50,403 - INFO - 
****************************************************************************************************
2026-10-01 09:55:52,267 - INFO - --- training epoch 121, loss 0.0106, mae 0.1085, rmse 0.1456, time elapsed(min) 0.02---
2026-10-01 09:55:52,675 - INFO - --- validation at epoch 121, val_loss 0.0092, val_mae 0.1021, val_rmse 0.1404, val_r2 0.7597, val_pearson 0.8723, lr 9.00e-05 ---
2026-10-01 09:55:52,675 - INFO - 
****************************************************************************************************
2026-10-01 09:55:54,486 - INFO - --- training epoch 122, loss 0.0103, mae 0.1066, rmse 0.1438, time elapsed(min) 0.02---
2026-10-01 09:55:54,709 - INFO - --- validation at epoch 122, val_loss 0.0088, val_mae 0.1010, val_rmse 0.1376, val_r2 0.7691, val_pearson 0.8771, lr 9.00e-05 ---
2026-10-01 09:55:54,709 - INFO - 
****************************************************************************************************
2026-10-01 09:55:56,424 - INFO - --- training epoch 123, loss 0.0103, mae 0.1061, rmse 0.1436, time elapsed(min) 0.02---
2026-10-01 09:55:56,639 - INFO - --- validation at epoch 123, val_loss 0.0091, val_mae 0.1009, val_rmse 0.1378, val_r2 0.7682, val_pearson 0.8768, lr 9.00e-05 ---
2026-10-01 09:55:56,639 - INFO - 
****************************************************************************************************
2026-10-01 09:55:58,426 - INFO - --- training epoch 124, loss 0.0106, mae 0.1073, rmse 0.1456, time elapsed(min) 0.03---
2026-10-01 09:55:58,874 - INFO - --- validation at epoch 124, val_loss 0.0087, val_mae 0.1000, val_rmse 0.1368, val_r2 0.7716, val_pearson 0.8797, lr 9.00e-05 ---
2026-10-01 09:55:58,874 - INFO - 
****************************************************************************************************
2026-10-01 09:56:00,846 - INFO - --- training epoch 125, loss 0.0103, mae 0.1067, rmse 0.1436, time elapsed(min) 0.03---
2026-10-01 09:56:01,073 - INFO - --- validation at epoch 125, val_loss 0.0094, val_mae 0.1020, val_rmse 0.1400, val_r2 0.7607, val_pearson 0.8729, lr 9.00e-05 ---
2026-10-01 09:56:01,073 - INFO - 
****************************************************************************************************
2026-10-01 09:56:02,949 - INFO - --- training epoch 126, loss 0.0101, mae 0.1052, rmse 0.1421, time elapsed(min) 0.03---
2026-10-01 09:56:03,229 - INFO - --- validation at epoch 126, val_loss 0.0088, val_mae 0.0991, val_rmse 0.1361, val_r2 0.7740, val_pearson 0.8802, lr 9.00e-05 ---
2026-10-01 09:56:03,229 - INFO - 
****************************************************************************************************
2026-10-01 09:56:04,889 - INFO - --- training epoch 127, loss 0.0105, mae 0.1072, rmse 0.1450, time elapsed(min) 0.02---
2026-10-01 09:56:05,255 - INFO - --- validation at epoch 127, val_loss 0.0089, val_mae 0.1008, val_rmse 0.1382, val_r2 0.7670, val_pearson 0.8789, lr 9.00e-05 ---
2026-10-01 09:56:05,255 - INFO - 
****************************************************************************************************
2026-10-01 09:56:07,150 - INFO - --- training epoch 128, loss 0.0102, mae 0.1062, rmse 0.1428, time elapsed(min) 0.03---
2026-10-01 09:56:07,374 - INFO - --- validation at epoch 128, val_loss 0.0088, val_mae 0.0995, val_rmse 0.1369, val_r2 0.7714, val_pearson 0.8790, lr 9.00e-05 ---
2026-10-01 09:56:07,374 - INFO - 
****************************************************************************************************
2026-10-01 09:56:09,033 - INFO - --- training epoch 129, loss 0.0102, mae 0.1059, rmse 0.1430, time elapsed(min) 0.02---
2026-10-01 09:56:09,250 - INFO - --- validation at epoch 129, val_loss 0.0085, val_mae 0.0997, val_rmse 0.1365, val_r2 0.7728, val_pearson 0.8803, lr 9.00e-05 ---
2026-10-01 09:56:09,251 - INFO - 
****************************************************************************************************
2026-10-01 09:56:11,114 - INFO - --- training epoch 130, loss 0.0099, mae 0.1044, rmse 0.1407, time elapsed(min) 0.02---
2026-10-01 09:56:11,485 - INFO - --- validation at epoch 130, val_loss 0.0091, val_mae 0.1024, val_rmse 0.1403, val_r2 0.7598, val_pearson 0.8777, lr 9.00e-05 ---
2026-10-01 09:56:11,485 - INFO - 
****************************************************************************************************
2026-10-01 09:56:13,425 - INFO - --- training epoch 131, loss 0.0102, mae 0.1063, rmse 0.1430, time elapsed(min) 0.03---
2026-10-01 09:56:13,648 - INFO - --- validation at epoch 131, val_loss 0.0090, val_mae 0.1023, val_rmse 0.1397, val_r2 0.7618, val_pearson 0.8753, lr 9.00e-05 ---
2026-10-01 09:56:13,648 - INFO - 
****************************************************************************************************
2026-10-01 09:56:15,304 - INFO - --- training epoch 132, loss 0.0102, mae 0.1054, rmse 0.1428, time elapsed(min) 0.02---
2026-10-01 09:56:15,546 - INFO - --- validation at epoch 132, val_loss 0.0090, val_mae 0.1010, val_rmse 0.1385, val_r2 0.7661, val_pearson 0.8763, lr 9.00e-05 ---
2026-10-01 09:56:15,546 - INFO - 
****************************************************************************************************
2026-10-01 09:56:17,299 - INFO - --- training epoch 133, loss 0.0100, mae 0.1049, rmse 0.1411, time elapsed(min) 0.02---
2026-10-01 09:56:17,670 - INFO - --- validation at epoch 133, val_loss 0.0087, val_mae 0.0990, val_rmse 0.1360, val_r2 0.7744, val_pearson 0.8804, lr 9.00e-05 ---
2026-10-01 09:56:17,670 - INFO - 
****************************************************************************************************
2026-10-01 09:56:19,574 - INFO - --- training epoch 134, loss 0.0102, mae 0.1053, rmse 0.1428, time elapsed(min) 0.03---
2026-10-01 09:56:19,789 - INFO - --- validation at epoch 134, val_loss 0.0085, val_mae 0.0979, val_rmse 0.1339, val_r2 0.7814, val_pearson 0.8843, lr 9.00e-05 ---
2026-10-01 09:56:19,789 - INFO - 
****************************************************************************************************
2026-10-01 09:56:21,540 - INFO - --- training epoch 135, loss 0.0100, mae 0.1044, rmse 0.1416, time elapsed(min) 0.02---
2026-10-01 09:56:21,763 - INFO - --- validation at epoch 135, val_loss 0.0093, val_mae 0.1004, val_rmse 0.1389, val_r2 0.7645, val_pearson 0.8748, lr 9.00e-05 ---
2026-10-01 09:56:21,763 - INFO - 
****************************************************************************************************
2026-10-01 09:56:23,442 - INFO - --- training epoch 136, loss 0.0101, mae 0.1052, rmse 0.1418, time elapsed(min) 0.02---
2026-10-01 09:56:23,825 - INFO - --- validation at epoch 136, val_loss 0.0086, val_mae 0.0984, val_rmse 0.1353, val_r2 0.7766, val_pearson 0.8813, lr 9.00e-05 ---
2026-10-01 09:56:23,825 - INFO - 
****************************************************************************************************
2026-10-01 09:56:25,614 - INFO - --- training epoch 137, loss 0.0101, mae 0.1048, rmse 0.1418, time elapsed(min) 0.03---
2026-10-01 09:56:26,026 - INFO - --- validation at epoch 137, val_loss 0.0084, val_mae 0.0976, val_rmse 0.1345, val_r2 0.7793, val_pearson 0.8839, lr 9.00e-05 ---
2026-10-01 09:56:26,026 - INFO - 
****************************************************************************************************
2026-10-01 09:56:27,902 - INFO - --- training epoch 138, loss 0.0101, mae 0.1055, rmse 0.1421, time elapsed(min) 0.02---
2026-10-01 09:56:28,122 - INFO - --- validation at epoch 138, val_loss 0.0084, val_mae 0.0972, val_rmse 0.1347, val_r2 0.7785, val_pearson 0.8845, lr 9.00e-05 ---
2026-10-01 09:56:28,122 - INFO - 
****************************************************************************************************
2026-10-01 09:56:29,958 - INFO - --- training epoch 139, loss 0.0099, mae 0.1041, rmse 0.1410, time elapsed(min) 0.02---
2026-10-01 09:56:30,177 - INFO - --- validation at epoch 139, val_loss 0.0090, val_mae 0.1018, val_rmse 0.1395, val_r2 0.7626, val_pearson 0.8751, lr 9.00e-05 ---
2026-10-01 09:56:30,177 - INFO - 
****************************************************************************************************
2026-10-01 09:56:32,032 - INFO - --- training epoch 140, loss 0.0101, mae 0.1046, rmse 0.1419, time elapsed(min) 0.03---
2026-10-01 09:56:32,420 - INFO - --- validation at epoch 140, val_loss 0.0087, val_mae 0.0992, val_rmse 0.1364, val_r2 0.7730, val_pearson 0.8828, lr 9.00e-05 ---
2026-10-01 09:56:32,420 - INFO - 
****************************************************************************************************
2026-10-01 09:56:34,324 - INFO - --- training epoch 141, loss 0.0099, mae 0.1035, rmse 0.1407, time elapsed(min) 0.03---
2026-10-01 09:56:34,555 - INFO - --- validation at epoch 141, val_loss 0.0089, val_mae 0.0986, val_rmse 0.1362, val_r2 0.7738, val_pearson 0.8805, lr 9.00e-05 ---
2026-10-01 09:56:34,555 - INFO - 
****************************************************************************************************
2026-10-01 09:56:36,268 - INFO - --- training epoch 142, loss 0.0097, mae 0.1036, rmse 0.1396, time elapsed(min) 0.02---
2026-10-01 09:56:36,502 - INFO - --- validation at epoch 142, val_loss 0.0088, val_mae 0.0999, val_rmse 0.1369, val_r2 0.7713, val_pearson 0.8804, lr 9.00e-05 ---
2026-10-01 09:56:36,502 - INFO - 
****************************************************************************************************
2026-10-01 09:56:38,173 - INFO - --- training epoch 143, loss 0.0100, mae 0.1043, rmse 0.1415, time elapsed(min) 0.02---
2026-10-01 09:56:38,416 - INFO - --- validation at epoch 143, val_loss 0.0089, val_mae 0.0990, val_rmse 0.1368, val_r2 0.7716, val_pearson 0.8788, lr 9.00e-05 ---
2026-10-01 09:56:38,416 - INFO - 
****************************************************************************************************
2026-10-01 09:56:40,172 - INFO - --- training epoch 144, loss 0.0099, mae 0.1041, rmse 0.1406, time elapsed(min) 0.02---
2026-10-01 09:56:40,565 - INFO - --- validation at epoch 144, val_loss 0.0090, val_mae 0.1002, val_rmse 0.1383, val_r2 0.7666, val_pearson 0.8773, lr 9.00e-05 ---
2026-10-01 09:56:40,565 - INFO - 
****************************************************************************************************
2026-10-01 09:56:42,429 - INFO - --- training epoch 145, loss 0.0099, mae 0.1044, rmse 0.1408, time elapsed(min) 0.02---
2026-10-01 09:56:42,654 - INFO - --- validation at epoch 145, val_loss 0.0087, val_mae 0.0996, val_rmse 0.1368, val_r2 0.7716, val_pearson 0.8813, lr 9.00e-05 ---
2026-10-01 09:56:42,654 - INFO - 
****************************************************************************************************
2026-10-01 09:56:44,315 - INFO - --- training epoch 146, loss 0.0097, mae 0.1029, rmse 0.1393, time elapsed(min) 0.02---
2026-10-01 09:56:44,537 - INFO - --- validation at epoch 146, val_loss 0.0090, val_mae 0.1001, val_rmse 0.1377, val_r2 0.7685, val_pearson 0.8788, lr 9.00e-05 ---
2026-10-01 09:56:44,537 - INFO - 
****************************************************************************************************
2026-10-01 09:56:46,375 - INFO - --- training epoch 147, loss 0.0101, mae 0.1055, rmse 0.1424, time elapsed(min) 0.03---
2026-10-01 09:56:46,750 - INFO - --- validation at epoch 147, val_loss 0.0089, val_mae 0.1000, val_rmse 0.1369, val_r2 0.7712, val_pearson 0.8784, lr 9.00e-05 ---
2026-10-01 09:56:46,750 - INFO - 
****************************************************************************************************
2026-10-01 09:56:48,660 - INFO - --- training epoch 148, loss 0.0102, mae 0.1057, rmse 0.1430, time elapsed(min) 0.03---
2026-10-01 09:56:48,886 - INFO - --- validation at epoch 148, val_loss 0.0085, val_mae 0.0980, val_rmse 0.1346, val_r2 0.7789, val_pearson 0.8848, lr 9.00e-05 ---
2026-10-01 09:56:48,886 - INFO - 
****************************************************************************************************
2026-10-01 09:56:50,642 - INFO - --- training epoch 149, loss 0.0099, mae 0.1046, rmse 0.1408, time elapsed(min) 0.02---
2026-10-01 09:56:50,867 - INFO - --- validation at epoch 149, val_loss 0.0083, val_mae 0.0967, val_rmse 0.1329, val_r2 0.7845, val_pearson 0.8881, lr 9.00e-05 ---
2026-10-01 09:56:50,867 - INFO - 
****************************************************************************************************
2026-10-01 09:56:52,717 - INFO - --- training epoch 150, loss 0.0100, mae 0.1053, rmse 0.1417, time elapsed(min) 0.02---
2026-10-01 09:56:52,933 - INFO - --- validation at epoch 150, val_loss 0.0085, val_mae 0.0988, val_rmse 0.1353, val_r2 0.7767, val_pearson 0.8847, lr 9.00e-05 ---
2026-10-01 09:56:52,934 - INFO - 
****************************************************************************************************
2026-10-01 09:56:54,698 - INFO - --- training epoch 151, loss 0.0099, mae 0.1045, rmse 0.1410, time elapsed(min) 0.02---
2026-10-01 09:56:55,113 - INFO - --- validation at epoch 151, val_loss 0.0086, val_mae 0.0989, val_rmse 0.1370, val_r2 0.7711, val_pearson 0.8840, lr 9.00e-05 ---
2026-10-01 09:56:55,113 - INFO - 
****************************************************************************************************
2026-10-01 09:56:57,024 - INFO - --- training epoch 152, loss 0.0100, mae 0.1047, rmse 0.1416, time elapsed(min) 0.02---
2026-10-01 09:56:57,265 - INFO - --- validation at epoch 152, val_loss 0.0086, val_mae 0.0993, val_rmse 0.1363, val_r2 0.7734, val_pearson 0.8837, lr 9.00e-05 ---
2026-10-01 09:56:57,265 - INFO - 
****************************************************************************************************
2026-10-01 09:56:58,935 - INFO - --- training epoch 153, loss 0.0099, mae 0.1046, rmse 0.1409, time elapsed(min) 0.02---
2026-10-01 09:56:59,166 - INFO - --- validation at epoch 153, val_loss 0.0080, val_mae 0.0955, val_rmse 0.1316, val_r2 0.7887, val_pearson 0.8900, lr 9.00e-05 ---
2026-10-01 09:56:59,166 - INFO - 
****************************************************************************************************
2026-10-01 09:57:01,015 - INFO - --- training epoch 154, loss 0.0097, mae 0.1028, rmse 0.1395, time elapsed(min) 0.02---
2026-10-01 09:57:01,383 - INFO - --- validation at epoch 154, val_loss 0.0083, val_mae 0.0968, val_rmse 0.1337, val_r2 0.7821, val_pearson 0.8869, lr 9.00e-05 ---
2026-10-01 09:57:01,383 - INFO - 
****************************************************************************************************
2026-10-01 09:57:03,303 - INFO - --- training epoch 155, loss 0.0095, mae 0.1023, rmse 0.1382, time elapsed(min) 0.03---
2026-10-01 09:57:03,522 - INFO - --- validation at epoch 155, val_loss 0.0087, val_mae 0.0993, val_rmse 0.1371, val_r2 0.7708, val_pearson 0.8814, lr 9.00e-05 ---
2026-10-01 09:57:03,522 - INFO - 
****************************************************************************************************
2026-10-01 09:57:05,185 - INFO - --- training epoch 156, loss 0.0098, mae 0.1023, rmse 0.1397, time elapsed(min) 0.02---
2026-10-01 09:57:05,405 - INFO - --- validation at epoch 156, val_loss 0.0081, val_mae 0.0958, val_rmse 0.1317, val_r2 0.7884, val_pearson 0.8886, lr 9.00e-05 ---
2026-10-01 09:57:05,405 - INFO - 
****************************************************************************************************
2026-10-01 09:57:07,073 - INFO - --- training epoch 157, loss 0.0097, mae 0.1034, rmse 0.1396, time elapsed(min) 0.02---
2026-10-01 09:57:07,447 - INFO - --- validation at epoch 157, val_loss 0.0086, val_mae 0.0977, val_rmse 0.1354, val_r2 0.7762, val_pearson 0.8835, lr 9.00e-05 ---
2026-10-01 09:57:07,447 - INFO - 
****************************************************************************************************
2026-10-01 09:57:09,360 - INFO - --- training epoch 158, loss 0.0097, mae 0.1034, rmse 0.1394, time elapsed(min) 0.03---
2026-10-01 09:57:09,586 - INFO - --- validation at epoch 158, val_loss 0.0085, val_mae 0.0985, val_rmse 0.1354, val_r2 0.7764, val_pearson 0.8845, lr 9.00e-05 ---
2026-10-01 09:57:09,586 - INFO - 
****************************************************************************************************
2026-10-01 09:57:11,327 - INFO - --- training epoch 159, loss 0.0098, mae 0.1037, rmse 0.1401, time elapsed(min) 0.02---
2026-10-01 09:57:11,549 - INFO - --- validation at epoch 159, val_loss 0.0085, val_mae 0.0967, val_rmse 0.1331, val_r2 0.7840, val_pearson 0.8876, lr 9.00e-05 ---
2026-10-01 09:57:11,549 - INFO - 
****************************************************************************************************
2026-10-01 09:57:13,308 - INFO - --- training epoch 160, loss 0.0098, mae 0.1036, rmse 0.1401, time elapsed(min) 0.02---
2026-10-01 09:57:13,526 - INFO - --- validation at epoch 160, val_loss 0.0083, val_mae 0.0952, val_rmse 0.1312, val_r2 0.7898, val_pearson 0.8891, lr 9.00e-05 ---
2026-10-01 09:57:13,526 - INFO - 
****************************************************************************************************
2026-10-01 09:57:15,200 - INFO - --- training epoch 161, loss 0.0098, mae 0.1039, rmse 0.1399, time elapsed(min) 0.02---
2026-10-01 09:57:15,619 - INFO - --- validation at epoch 161, val_loss 0.0084, val_mae 0.0966, val_rmse 0.1336, val_r2 0.7824, val_pearson 0.8869, lr 9.00e-05 ---
2026-10-01 09:57:15,619 - INFO - 
****************************************************************************************************
2026-10-01 09:57:17,429 - INFO - --- training epoch 162, loss 0.0096, mae 0.1022, rmse 0.1384, time elapsed(min) 0.02---
2026-10-01 09:57:17,646 - INFO - --- validation at epoch 162, val_loss 0.0083, val_mae 0.0972, val_rmse 0.1332, val_r2 0.7835, val_pearson 0.8861, lr 9.00e-05 ---
2026-10-01 09:57:17,646 - INFO - 
****************************************************************************************************
2026-10-01 09:57:19,309 - INFO - --- training epoch 163, loss 0.0098, mae 0.1027, rmse 0.1397, time elapsed(min) 0.02---
2026-10-01 09:57:19,533 - INFO - --- validation at epoch 163, val_loss 0.0088, val_mae 0.0970, val_rmse 0.1343, val_r2 0.7799, val_pearson 0.8834, lr 9.00e-05 ---
2026-10-01 09:57:19,533 - INFO - 
****************************************************************************************************
2026-10-01 09:57:21,367 - INFO - --- training epoch 164, loss 0.0095, mae 0.1023, rmse 0.1381, time elapsed(min) 0.03---
2026-10-01 09:57:21,756 - INFO - --- validation at epoch 164, val_loss 0.0084, val_mae 0.0966, val_rmse 0.1335, val_r2 0.7824, val_pearson 0.8866, lr 9.00e-05 ---
2026-10-01 09:57:21,756 - INFO - 
****************************************************************************************************
2026-10-01 09:57:23,653 - INFO - --- training epoch 165, loss 0.0093, mae 0.1005, rmse 0.1365, time elapsed(min) 0.03---
2026-10-01 09:57:23,880 - INFO - --- validation at epoch 165, val_loss 0.0082, val_mae 0.0960, val_rmse 0.1321, val_r2 0.7872, val_pearson 0.8875, lr 2.70e-05 ---
2026-10-01 09:57:23,880 - INFO - 
****************************************************************************************************
2026-10-01 09:57:25,528 - INFO - --- training epoch 166, loss 0.0092, mae 0.1002, rmse 0.1356, time elapsed(min) 0.02---
2026-10-01 09:57:25,745 - INFO - --- validation at epoch 166, val_loss 0.0081, val_mae 0.0936, val_rmse 0.1304, val_r2 0.7927, val_pearson 0.8904, lr 2.70e-05 ---
2026-10-01 09:57:25,745 - INFO - 
****************************************************************************************************
2026-10-01 09:57:27,404 - INFO - --- training epoch 167, loss 0.0091, mae 0.0990, rmse 0.1349, time elapsed(min) 0.02---
2026-10-01 09:57:27,783 - INFO - --- validation at epoch 167, val_loss 0.0079, val_mae 0.0931, val_rmse 0.1291, val_r2 0.7965, val_pearson 0.8928, lr 2.70e-05 ---
2026-10-01 09:57:27,783 - INFO - 
****************************************************************************************************
2026-10-01 09:57:29,816 - INFO - --- training epoch 168, loss 0.0089, mae 0.0986, rmse 0.1334, time elapsed(min) 0.03---
2026-10-01 09:57:30,039 - INFO - --- validation at epoch 168, val_loss 0.0079, val_mae 0.0932, val_rmse 0.1292, val_r2 0.7962, val_pearson 0.8924, lr 2.70e-05 ---
2026-10-01 09:57:30,039 - INFO - 
****************************************************************************************************
2026-10-01 09:57:31,698 - INFO - --- training epoch 169, loss 0.0091, mae 0.0997, rmse 0.1346, time elapsed(min) 0.02---
2026-10-01 09:57:31,923 - INFO - --- validation at epoch 169, val_loss 0.0079, val_mae 0.0946, val_rmse 0.1307, val_r2 0.7915, val_pearson 0.8899, lr 2.70e-05 ---
2026-10-01 09:57:31,923 - INFO - 
****************************************************************************************************
2026-10-01 09:57:33,615 - INFO - --- training epoch 170, loss 0.0094, mae 0.0998, rmse 0.1368, time elapsed(min) 0.02---
2026-10-01 09:57:33,837 - INFO - --- validation at epoch 170, val_loss 0.0080, val_mae 0.0942, val_rmse 0.1304, val_r2 0.7926, val_pearson 0.8905, lr 2.70e-05 ---
2026-10-01 09:57:33,837 - INFO - 
****************************************************************************************************
2026-10-01 09:57:35,623 - INFO - --- training epoch 171, loss 0.0092, mae 0.0990, rmse 0.1353, time elapsed(min) 0.03---
2026-10-01 09:57:36,017 - INFO - --- validation at epoch 171, val_loss 0.0079, val_mae 0.0944, val_rmse 0.1301, val_r2 0.7934, val_pearson 0.8909, lr 2.70e-05 ---
2026-10-01 09:57:36,017 - INFO - 
****************************************************************************************************
2026-10-01 09:57:37,838 - INFO - --- training epoch 172, loss 0.0093, mae 0.1006, rmse 0.1363, time elapsed(min) 0.02---
2026-10-01 09:57:38,060 - INFO - --- validation at epoch 172, val_loss 0.0078, val_mae 0.0936, val_rmse 0.1287, val_r2 0.7978, val_pearson 0.8933, lr 2.70e-05 ---
2026-10-01 09:57:38,060 - INFO - 
****************************************************************************************************
2026-10-01 09:57:39,834 - INFO - --- training epoch 173, loss 0.0090, mae 0.0979, rmse 0.1343, time elapsed(min) 0.02---
2026-10-01 09:57:40,082 - INFO - --- validation at epoch 173, val_loss 0.0081, val_mae 0.0950, val_rmse 0.1313, val_r2 0.7895, val_pearson 0.8886, lr 2.70e-05 ---
2026-10-01 09:57:40,082 - INFO - 
****************************************************************************************************
2026-10-01 09:57:41,837 - INFO - --- training epoch 174, loss 0.0089, mae 0.0982, rmse 0.1334, time elapsed(min) 0.02---
2026-10-01 09:57:42,234 - INFO - --- validation at epoch 174, val_loss 0.0080, val_mae 0.0934, val_rmse 0.1295, val_r2 0.7954, val_pearson 0.8920, lr 2.70e-05 ---
2026-10-01 09:57:42,234 - INFO - 
****************************************************************************************************
2026-10-01 09:57:44,218 - INFO - --- training epoch 175, loss 0.0090, mae 0.0983, rmse 0.1343, time elapsed(min) 0.03---
2026-10-01 09:57:44,434 - INFO - --- validation at epoch 175, val_loss 0.0081, val_mae 0.0946, val_rmse 0.1302, val_r2 0.7930, val_pearson 0.8906, lr 2.70e-05 ---
2026-10-01 09:57:44,434 - INFO - 
****************************************************************************************************
2026-10-01 09:57:46,088 - INFO - --- training epoch 176, loss 0.0093, mae 0.1005, rmse 0.1363, time elapsed(min) 0.02---
2026-10-01 09:57:46,308 - INFO - --- validation at epoch 176, val_loss 0.0081, val_mae 0.0950, val_rmse 0.1308, val_r2 0.7914, val_pearson 0.8897, lr 2.70e-05 ---
2026-10-01 09:57:46,308 - INFO - 
****************************************************************************************************
2026-10-01 09:57:47,972 - INFO - --- training epoch 177, loss 0.0090, mae 0.0992, rmse 0.1345, time elapsed(min) 0.02---
2026-10-01 09:57:48,349 - INFO - --- validation at epoch 177, val_loss 0.0078, val_mae 0.0927, val_rmse 0.1282, val_r2 0.7995, val_pearson 0.8943, lr 2.70e-05 ---
2026-10-01 09:57:48,349 - INFO - 
****************************************************************************************************
2026-10-01 09:57:50,358 - INFO - --- training epoch 178, loss 0.0089, mae 0.0979, rmse 0.1335, time elapsed(min) 0.03---
2026-10-01 09:57:50,575 - INFO - --- validation at epoch 178, val_loss 0.0079, val_mae 0.0928, val_rmse 0.1293, val_r2 0.7961, val_pearson 0.8925, lr 2.70e-05 ---
2026-10-01 09:57:50,575 - INFO - 
****************************************************************************************************
2026-10-01 09:57:52,256 - INFO - --- training epoch 179, loss 0.0093, mae 0.0997, rmse 0.1365, time elapsed(min) 0.02---
2026-10-01 09:57:52,479 - INFO - --- validation at epoch 179, val_loss 0.0080, val_mae 0.0945, val_rmse 0.1297, val_r2 0.7947, val_pearson 0.8919, lr 2.70e-05 ---
2026-10-01 09:57:52,479 - INFO - 
****************************************************************************************************
2026-10-01 09:57:54,238 - INFO - --- training epoch 180, loss 0.0091, mae 0.0987, rmse 0.1347, time elapsed(min) 0.02---
2026-10-01 09:57:54,612 - INFO - --- validation at epoch 180, val_loss 0.0081, val_mae 0.0947, val_rmse 0.1315, val_r2 0.7890, val_pearson 0.8890, lr 2.70e-05 ---
2026-10-01 09:57:54,612 - INFO - 
****************************************************************************************************
2026-10-01 09:57:56,606 - INFO - --- training epoch 181, loss 0.0093, mae 0.0996, rmse 0.1361, time elapsed(min) 0.03---
2026-10-01 09:57:56,825 - INFO - --- validation at epoch 181, val_loss 0.0080, val_mae 0.0945, val_rmse 0.1305, val_r2 0.7923, val_pearson 0.8907, lr 2.70e-05 ---
2026-10-01 09:57:56,825 - INFO - 
****************************************************************************************************
2026-10-01 09:57:58,506 - INFO - --- training epoch 182, loss 0.0095, mae 0.1012, rmse 0.1376, time elapsed(min) 0.02---
2026-10-01 09:57:58,729 - INFO - --- validation at epoch 182, val_loss 0.0079, val_mae 0.0931, val_rmse 0.1287, val_r2 0.7979, val_pearson 0.8935, lr 2.70e-05 ---
2026-10-01 09:57:58,729 - INFO - 
****************************************************************************************************
2026-10-01 09:58:00,636 - INFO - --- training epoch 183, loss 0.0092, mae 0.0999, rmse 0.1357, time elapsed(min) 0.03---
2026-10-01 09:58:00,859 - INFO - --- validation at epoch 183, val_loss 0.0080, val_mae 0.0947, val_rmse 0.1307, val_r2 0.7915, val_pearson 0.8900, lr 2.70e-05 ---
2026-10-01 09:58:00,859 - INFO - 
****************************************************************************************************
2026-10-01 09:58:02,629 - INFO - --- training epoch 184, loss 0.0091, mae 0.0996, rmse 0.1348, time elapsed(min) 0.02---
2026-10-01 09:58:03,044 - INFO - --- validation at epoch 184, val_loss 0.0079, val_mae 0.0935, val_rmse 0.1293, val_r2 0.7961, val_pearson 0.8925, lr 2.70e-05 ---
2026-10-01 09:58:03,044 - INFO - 
****************************************************************************************************
2026-10-01 09:58:04,853 - INFO - --- training epoch 185, loss 0.0091, mae 0.0992, rmse 0.1349, time elapsed(min) 0.02---
2026-10-01 09:58:05,093 - INFO - --- validation at epoch 185, val_loss 0.0078, val_mae 0.0932, val_rmse 0.1293, val_r2 0.7961, val_pearson 0.8926, lr 2.70e-05 ---
2026-10-01 09:58:05,093 - INFO - 
****************************************************************************************************
2026-10-01 09:58:06,841 - INFO - --- training epoch 186, loss 0.0095, mae 0.1011, rmse 0.1375, time elapsed(min) 0.02---
2026-10-01 09:58:07,060 - INFO - --- validation at epoch 186, val_loss 0.0077, val_mae 0.0928, val_rmse 0.1280, val_r2 0.8000, val_pearson 0.8945, lr 2.70e-05 ---
2026-10-01 09:58:07,060 - INFO - 
****************************************************************************************************
2026-10-01 09:58:08,983 - INFO - --- training epoch 187, loss 0.0090, mae 0.0991, rmse 0.1340, time elapsed(min) 0.03---
2026-10-01 09:58:09,387 - INFO - --- validation at epoch 187, val_loss 0.0078, val_mae 0.0930, val_rmse 0.1287, val_r2 0.7979, val_pearson 0.8932, lr 2.70e-05 ---
2026-10-01 09:58:09,387 - INFO - 
****************************************************************************************************
2026-10-01 09:58:11,286 - INFO - --- training epoch 188, loss 0.0092, mae 0.0994, rmse 0.1356, time elapsed(min) 0.03---
2026-10-01 09:58:11,504 - INFO - --- validation at epoch 188, val_loss 0.0077, val_mae 0.0928, val_rmse 0.1287, val_r2 0.7980, val_pearson 0.8935, lr 2.70e-05 ---
2026-10-01 09:58:11,504 - INFO - 
****************************************************************************************************
2026-10-01 09:58:13,171 - INFO - --- training epoch 189, loss 0.0090, mae 0.0985, rmse 0.1341, time elapsed(min) 0.02---
2026-10-01 09:58:13,392 - INFO - --- validation at epoch 189, val_loss 0.0078, val_mae 0.0925, val_rmse 0.1289, val_r2 0.7972, val_pearson 0.8932, lr 2.70e-05 ---
2026-10-01 09:58:13,392 - INFO - 
****************************************************************************************************
2026-10-01 09:58:15,067 - INFO - --- training epoch 190, loss 0.0092, mae 0.0995, rmse 0.1357, time elapsed(min) 0.02---
2026-10-01 09:58:15,442 - INFO - --- validation at epoch 190, val_loss 0.0078, val_mae 0.0932, val_rmse 0.1288, val_r2 0.7977, val_pearson 0.8933, lr 2.70e-05 ---
2026-10-01 09:58:15,442 - INFO - 
****************************************************************************************************
2026-10-01 09:58:17,334 - INFO - --- training epoch 191, loss 0.0092, mae 0.0991, rmse 0.1354, time elapsed(min) 0.03---
2026-10-01 09:58:17,561 - INFO - --- validation at epoch 191, val_loss 0.0077, val_mae 0.0930, val_rmse 0.1283, val_r2 0.7990, val_pearson 0.8942, lr 2.70e-05 ---
2026-10-01 09:58:17,561 - INFO - 
****************************************************************************************************
2026-10-01 09:58:19,355 - INFO - --- training epoch 192, loss 0.0090, mae 0.0987, rmse 0.1340, time elapsed(min) 0.02---
2026-10-01 09:58:19,579 - INFO - --- validation at epoch 192, val_loss 0.0079, val_mae 0.0936, val_rmse 0.1294, val_r2 0.7956, val_pearson 0.8925, lr 2.70e-05 ---
2026-10-01 09:58:19,580 - INFO - 
****************************************************************************************************
2026-10-01 09:58:21,242 - INFO - --- training epoch 193, loss 0.0091, mae 0.0987, rmse 0.1350, time elapsed(min) 0.02---
2026-10-01 09:58:21,463 - INFO - --- validation at epoch 193, val_loss 0.0079, val_mae 0.0937, val_rmse 0.1293, val_r2 0.7960, val_pearson 0.8922, lr 2.70e-05 ---
2026-10-01 09:58:21,463 - INFO - 
****************************************************************************************************
2026-10-01 09:58:23,237 - INFO - --- training epoch 194, loss 0.0091, mae 0.0993, rmse 0.1352, time elapsed(min) 0.02---
2026-10-01 09:58:23,660 - INFO - --- validation at epoch 194, val_loss 0.0077, val_mae 0.0926, val_rmse 0.1283, val_r2 0.7993, val_pearson 0.8942, lr 2.70e-05 ---
2026-10-01 09:58:23,660 - INFO - 
****************************************************************************************************
2026-10-01 09:58:25,437 - INFO - --- training epoch 195, loss 0.0090, mae 0.0981, rmse 0.1344, time elapsed(min) 0.02---
2026-10-01 09:58:25,665 - INFO - --- validation at epoch 195, val_loss 0.0080, val_mae 0.0938, val_rmse 0.1300, val_r2 0.7937, val_pearson 0.8911, lr 2.70e-05 ---
2026-10-01 09:58:25,665 - INFO - 
****************************************************************************************************
2026-10-01 09:58:27,329 - INFO - --- training epoch 196, loss 0.0089, mae 0.0981, rmse 0.1337, time elapsed(min) 0.02---
2026-10-01 09:58:27,552 - INFO - --- validation at epoch 196, val_loss 0.0079, val_mae 0.0939, val_rmse 0.1299, val_r2 0.7941, val_pearson 0.8914, lr 2.70e-05 ---
2026-10-01 09:58:27,552 - INFO - 
****************************************************************************************************
2026-10-01 09:58:29,307 - INFO - --- training epoch 197, loss 0.0093, mae 0.0996, rmse 0.1361, time elapsed(min) 0.02---
2026-10-01 09:58:29,688 - INFO - --- validation at epoch 197, val_loss 0.0079, val_mae 0.0933, val_rmse 0.1290, val_r2 0.7971, val_pearson 0.8929, lr 2.70e-05 ---
2026-10-01 09:58:29,688 - INFO - 
****************************************************************************************************
2026-10-01 09:58:31,719 - INFO - --- training epoch 198, loss 0.0089, mae 0.0976, rmse 0.1332, time elapsed(min) 0.03---
2026-10-01 09:58:31,940 - INFO - --- validation at epoch 198, val_loss 0.0080, val_mae 0.0940, val_rmse 0.1302, val_r2 0.7932, val_pearson 0.8911, lr 2.70e-05 ---
2026-10-01 09:58:31,940 - INFO - 
****************************************************************************************************
2026-10-01 09:58:33,741 - INFO - --- training epoch 199, loss 0.0089, mae 0.0981, rmse 0.1332, time elapsed(min) 0.03---
2026-10-01 09:58:33,980 - INFO - --- validation at epoch 199, val_loss 0.0078, val_mae 0.0924, val_rmse 0.1280, val_r2 0.8001, val_pearson 0.8946, lr 2.70e-05 ---
2026-10-01 09:58:33,980 - INFO - 
****************************************************************************************************
2026-10-01 09:58:35,709 - INFO - --- training epoch 200, loss 0.0088, mae 0.0977, rmse 0.1329, time elapsed(min) 0.02---
2026-10-01 09:58:36,086 - INFO - --- validation at epoch 200, val_loss 0.0078, val_mae 0.0929, val_rmse 0.1288, val_r2 0.7977, val_pearson 0.8936, lr 2.70e-05 ---
2026-10-01 09:58:36,086 - INFO - 
****************************************************************************************************
2026-10-01 09:58:37,845 - INFO - --- training epoch 201, loss 0.0088, mae 0.0974, rmse 0.1330, time elapsed(min) 0.02---
2026-10-01 09:58:38,242 - INFO - --- validation at epoch 201, val_loss 0.0080, val_mae 0.0947, val_rmse 0.1309, val_r2 0.7910, val_pearson 0.8900, lr 2.70e-05 ---
2026-10-01 09:58:38,242 - INFO - 
****************************************************************************************************
2026-10-01 09:58:40,053 - INFO - --- training epoch 202, loss 0.0087, mae 0.0977, rmse 0.1321, time elapsed(min) 0.02---
2026-10-01 09:58:40,272 - INFO - --- validation at epoch 202, val_loss 0.0077, val_mae 0.0926, val_rmse 0.1283, val_r2 0.7990, val_pearson 0.8946, lr 2.70e-05 ---
2026-10-01 09:58:40,272 - INFO - 
****************************************************************************************************
2026-10-01 09:58:41,922 - INFO - --- training epoch 203, loss 0.0090, mae 0.0982, rmse 0.1339, time elapsed(min) 0.02---
2026-10-01 09:58:42,145 - INFO - --- validation at epoch 203, val_loss 0.0077, val_mae 0.0927, val_rmse 0.1284, val_r2 0.7988, val_pearson 0.8943, lr 8.10e-06 ---
2026-10-01 09:58:42,145 - INFO - 
****************************************************************************************************
2026-10-01 09:58:44,054 - INFO - --- training epoch 204, loss 0.0088, mae 0.0972, rmse 0.1330, time elapsed(min) 0.03---
2026-10-01 09:58:44,481 - INFO - --- validation at epoch 204, val_loss 0.0076, val_mae 0.0923, val_rmse 0.1279, val_r2 0.8006, val_pearson 0.8955, lr 8.10e-06 ---
2026-10-01 09:58:44,481 - INFO - 
****************************************************************************************************
2026-10-01 09:58:46,361 - INFO - --- training epoch 205, loss 0.0088, mae 0.0975, rmse 0.1324, time elapsed(min) 0.02---
2026-10-01 09:58:46,577 - INFO - --- validation at epoch 205, val_loss 0.0075, val_mae 0.0914, val_rmse 0.1267, val_r2 0.8043, val_pearson 0.8974, lr 8.10e-06 ---
2026-10-01 09:58:46,577 - INFO - 
****************************************************************************************************
2026-10-01 09:58:48,334 - INFO - --- training epoch 206, loss 0.0089, mae 0.0983, rmse 0.1337, time elapsed(min) 0.02---
2026-10-01 09:58:48,555 - INFO - --- validation at epoch 206, val_loss 0.0075, val_mae 0.0916, val_rmse 0.1271, val_r2 0.8029, val_pearson 0.8967, lr 8.10e-06 ---
2026-10-01 09:58:48,555 - INFO - 
****************************************************************************************************
2026-10-01 09:58:50,409 - INFO - --- training epoch 207, loss 0.0088, mae 0.0970, rmse 0.1324, time elapsed(min) 0.03---
2026-10-01 09:58:50,778 - INFO - --- validation at epoch 207, val_loss 0.0076, val_mae 0.0922, val_rmse 0.1281, val_r2 0.7999, val_pearson 0.8953, lr 8.10e-06 ---
2026-10-01 09:58:50,778 - INFO - 
****************************************************************************************************
2026-10-01 09:58:52,715 - INFO - --- training epoch 208, loss 0.0092, mae 0.0987, rmse 0.1354, time elapsed(min) 0.03---
2026-10-01 09:58:52,934 - INFO - --- validation at epoch 208, val_loss 0.0075, val_mae 0.0919, val_rmse 0.1275, val_r2 0.8016, val_pearson 0.8958, lr 8.10e-06 ---
2026-10-01 09:58:52,934 - INFO - 
****************************************************************************************************
2026-10-01 09:58:54,608 - INFO - --- training epoch 209, loss 0.0088, mae 0.0971, rmse 0.1326, time elapsed(min) 0.02---
2026-10-01 09:58:54,829 - INFO - --- validation at epoch 209, val_loss 0.0075, val_mae 0.0916, val_rmse 0.1271, val_r2 0.8029, val_pearson 0.8964, lr 8.10e-06 ---
2026-10-01 09:58:54,829 - INFO - 
****************************************************************************************************
2026-10-01 09:58:56,482 - INFO - --- training epoch 210, loss 0.0090, mae 0.0985, rmse 0.1345, time elapsed(min) 0.02---
2026-10-01 09:58:56,728 - INFO - --- validation at epoch 210, val_loss 0.0075, val_mae 0.0920, val_rmse 0.1278, val_r2 0.8006, val_pearson 0.8956, lr 8.10e-06 ---
2026-10-01 09:58:56,728 - INFO - 
****************************************************************************************************
2026-10-01 09:58:58,508 - INFO - --- training epoch 211, loss 0.0087, mae 0.0975, rmse 0.1322, time elapsed(min) 0.02---
2026-10-01 09:58:58,899 - INFO - --- validation at epoch 211, val_loss 0.0076, val_mae 0.0921, val_rmse 0.1278, val_r2 0.8006, val_pearson 0.8952, lr 8.10e-06 ---
2026-10-01 09:58:58,899 - INFO - 
****************************************************************************************************
2026-10-01 09:59:00,710 - INFO - --- training epoch 212, loss 0.0087, mae 0.0958, rmse 0.1319, time elapsed(min) 0.02---
2026-10-01 09:59:00,938 - INFO - --- validation at epoch 212, val_loss 0.0075, val_mae 0.0913, val_rmse 0.1269, val_r2 0.8036, val_pearson 0.8971, lr 8.10e-06 ---
2026-10-01 09:59:00,938 - INFO - 
****************************************************************************************************
2026-10-01 09:59:02,627 - INFO - --- training epoch 213, loss 0.0088, mae 0.0973, rmse 0.1329, time elapsed(min) 0.02---
2026-10-01 09:59:02,845 - INFO - --- validation at epoch 213, val_loss 0.0075, val_mae 0.0916, val_rmse 0.1268, val_r2 0.8037, val_pearson 0.8969, lr 8.10e-06 ---
2026-10-01 09:59:02,845 - INFO - 
****************************************************************************************************
2026-10-01 09:59:04,519 - INFO - --- training epoch 214, loss 0.0088, mae 0.0968, rmse 0.1327, time elapsed(min) 0.02---
2026-10-01 09:59:04,912 - INFO - --- validation at epoch 214, val_loss 0.0075, val_mae 0.0914, val_rmse 0.1267, val_r2 0.8043, val_pearson 0.8973, lr 8.10e-06 ---
2026-10-01 09:59:04,912 - INFO - 
****************************************************************************************************
2026-10-01 09:59:06,930 - INFO - --- training epoch 215, loss 0.0088, mae 0.0973, rmse 0.1326, time elapsed(min) 0.03---
2026-10-01 09:59:07,170 - INFO - --- validation at epoch 215, val_loss 0.0075, val_mae 0.0917, val_rmse 0.1272, val_r2 0.8026, val_pearson 0.8965, lr 8.10e-06 ---
2026-10-01 09:59:07,171 - INFO - 
****************************************************************************************************
2026-10-01 09:59:08,840 - INFO - --- training epoch 216, loss 0.0091, mae 0.0987, rmse 0.1350, time elapsed(min) 0.02---
2026-10-01 09:59:09,062 - INFO - --- validation at epoch 216, val_loss 0.0076, val_mae 0.0920, val_rmse 0.1278, val_r2 0.8009, val_pearson 0.8956, lr 8.10e-06 ---
2026-10-01 09:59:09,062 - INFO - 
****************************************************************************************************
2026-10-01 09:59:10,764 - INFO - --- training epoch 217, loss 0.0087, mae 0.0977, rmse 0.1322, time elapsed(min) 0.02---
2026-10-01 09:59:11,134 - INFO - --- validation at epoch 217, val_loss 0.0076, val_mae 0.0921, val_rmse 0.1276, val_r2 0.8013, val_pearson 0.8956, lr 8.10e-06 ---
2026-10-01 09:59:11,134 - INFO - 
****************************************************************************************************
2026-10-01 09:59:13,215 - INFO - --- training epoch 218, loss 0.0087, mae 0.0966, rmse 0.1320, time elapsed(min) 0.03---
2026-10-01 09:59:13,438 - INFO - --- validation at epoch 218, val_loss 0.0075, val_mae 0.0917, val_rmse 0.1270, val_r2 0.8031, val_pearson 0.8965, lr 8.10e-06 ---
2026-10-01 09:59:13,438 - INFO - 
****************************************************************************************************
2026-10-01 09:59:15,094 - INFO - --- training epoch 219, loss 0.0087, mae 0.0967, rmse 0.1317, time elapsed(min) 0.02---
2026-10-01 09:59:15,323 - INFO - --- validation at epoch 219, val_loss 0.0076, val_mae 0.0916, val_rmse 0.1275, val_r2 0.8018, val_pearson 0.8961, lr 8.10e-06 ---
2026-10-01 09:59:15,323 - INFO - 
****************************************************************************************************
2026-10-01 09:59:17,087 - INFO - --- training epoch 220, loss 0.0085, mae 0.0957, rmse 0.1305, time elapsed(min) 0.02---
2026-10-01 09:59:17,304 - INFO - --- validation at epoch 220, val_loss 0.0076, val_mae 0.0919, val_rmse 0.1275, val_r2 0.8017, val_pearson 0.8960, lr 8.10e-06 ---
2026-10-01 09:59:17,304 - INFO - 
****************************************************************************************************
2026-10-01 09:59:19,111 - INFO - --- training epoch 221, loss 0.0089, mae 0.0975, rmse 0.1335, time elapsed(min) 0.03---
2026-10-01 09:59:19,522 - INFO - --- validation at epoch 221, val_loss 0.0075, val_mae 0.0916, val_rmse 0.1273, val_r2 0.8024, val_pearson 0.8964, lr 8.10e-06 ---
2026-10-01 09:59:19,522 - INFO - 
****************************************************************************************************
2026-10-01 09:59:21,326 - INFO - --- training epoch 222, loss 0.0089, mae 0.0974, rmse 0.1334, time elapsed(min) 0.02---
2026-10-01 09:59:21,553 - INFO - --- validation at epoch 222, val_loss 0.0075, val_mae 0.0915, val_rmse 0.1271, val_r2 0.8031, val_pearson 0.8969, lr 8.10e-06 ---
2026-10-01 09:59:21,553 - INFO - 
****************************************************************************************************
2026-10-01 09:59:23,245 - INFO - --- training epoch 223, loss 0.0088, mae 0.0965, rmse 0.1325, time elapsed(min) 0.02---
2026-10-01 09:59:23,463 - INFO - --- validation at epoch 223, val_loss 0.0075, val_mae 0.0914, val_rmse 0.1263, val_r2 0.8054, val_pearson 0.8975, lr 8.10e-06 ---
2026-10-01 09:59:23,464 - INFO - 
****************************************************************************************************
2026-10-01 09:59:25,225 - INFO - --- training epoch 224, loss 0.0086, mae 0.0957, rmse 0.1314, time elapsed(min) 0.02---
2026-10-01 09:59:25,623 - INFO - --- validation at epoch 224, val_loss 0.0075, val_mae 0.0912, val_rmse 0.1265, val_r2 0.8047, val_pearson 0.8975, lr 8.10e-06 ---
2026-10-01 09:59:25,623 - INFO - 
****************************************************************************************************
2026-10-01 09:59:27,612 - INFO - --- training epoch 225, loss 0.0090, mae 0.0985, rmse 0.1342, time elapsed(min) 0.03---
2026-10-01 09:59:27,851 - INFO - --- validation at epoch 225, val_loss 0.0075, val_mae 0.0916, val_rmse 0.1269, val_r2 0.8036, val_pearson 0.8968, lr 8.10e-06 ---
2026-10-01 09:59:27,851 - INFO - 
****************************************************************************************************
2026-10-01 09:59:29,530 - INFO - --- training epoch 226, loss 0.0090, mae 0.0980, rmse 0.1339, time elapsed(min) 0.02---
2026-10-01 09:59:29,749 - INFO - --- validation at epoch 226, val_loss 0.0074, val_mae 0.0911, val_rmse 0.1264, val_r2 0.8052, val_pearson 0.8978, lr 8.10e-06 ---
2026-10-01 09:59:29,749 - INFO - 
****************************************************************************************************
2026-10-01 09:59:31,672 - INFO - --- training epoch 227, loss 0.0088, mae 0.0975, rmse 0.1328, time elapsed(min) 0.03---
2026-10-01 09:59:32,057 - INFO - --- validation at epoch 227, val_loss 0.0075, val_mae 0.0914, val_rmse 0.1271, val_r2 0.8029, val_pearson 0.8967, lr 8.10e-06 ---
2026-10-01 09:59:32,057 - INFO - 
****************************************************************************************************
2026-10-01 09:59:34,106 - INFO - --- training epoch 228, loss 0.0086, mae 0.0953, rmse 0.1310, time elapsed(min) 0.03---
2026-10-01 09:59:34,328 - INFO - --- validation at epoch 228, val_loss 0.0075, val_mae 0.0917, val_rmse 0.1269, val_r2 0.8036, val_pearson 0.8968, lr 8.10e-06 ---
2026-10-01 09:59:34,328 - INFO - 
****************************************************************************************************
2026-10-01 09:59:35,962 - INFO - --- training epoch 229, loss 0.0088, mae 0.0972, rmse 0.1329, time elapsed(min) 0.02---
2026-10-01 09:59:36,187 - INFO - --- validation at epoch 229, val_loss 0.0076, val_mae 0.0921, val_rmse 0.1278, val_r2 0.8008, val_pearson 0.8955, lr 8.10e-06 ---
2026-10-01 09:59:36,187 - INFO - 
****************************************************************************************************
2026-10-01 09:59:37,843 - INFO - --- training epoch 230, loss 0.0087, mae 0.0962, rmse 0.1317, time elapsed(min) 0.02---
2026-10-01 09:59:38,215 - INFO - --- validation at epoch 230, val_loss 0.0075, val_mae 0.0919, val_rmse 0.1274, val_r2 0.8020, val_pearson 0.8961, lr 8.10e-06 ---
2026-10-01 09:59:38,215 - INFO - 
****************************************************************************************************
2026-10-01 09:59:40,180 - INFO - --- training epoch 231, loss 0.0088, mae 0.0965, rmse 0.1324, time elapsed(min) 0.03---
2026-10-01 09:59:40,406 - INFO - --- validation at epoch 231, val_loss 0.0075, val_mae 0.0914, val_rmse 0.1268, val_r2 0.8040, val_pearson 0.8971, lr 8.10e-06 ---
2026-10-01 09:59:40,406 - INFO - 
****************************************************************************************************
2026-10-01 09:59:42,053 - INFO - --- training epoch 232, loss 0.0086, mae 0.0970, rmse 0.1311, time elapsed(min) 0.02---
2026-10-01 09:59:42,292 - INFO - --- validation at epoch 232, val_loss 0.0075, val_mae 0.0913, val_rmse 0.1265, val_r2 0.8046, val_pearson 0.8975, lr 8.10e-06 ---
2026-10-01 09:59:42,292 - INFO - 
****************************************************************************************************
2026-10-01 09:59:44,037 - INFO - --- training epoch 233, loss 0.0088, mae 0.0978, rmse 0.1329, time elapsed(min) 0.02---
2026-10-01 09:59:44,258 - INFO - --- validation at epoch 233, val_loss 0.0075, val_mae 0.0914, val_rmse 0.1269, val_r2 0.8036, val_pearson 0.8971, lr 8.10e-06 ---
2026-10-01 09:59:44,258 - INFO - 
****************************************************************************************************
2026-10-01 09:59:46,035 - INFO - --- training epoch 234, loss 0.0087, mae 0.0961, rmse 0.1321, time elapsed(min) 0.02---
2026-10-01 09:59:46,473 - INFO - --- validation at epoch 234, val_loss 0.0075, val_mae 0.0914, val_rmse 0.1272, val_r2 0.8027, val_pearson 0.8970, lr 8.10e-06 ---
2026-10-01 09:59:46,473 - INFO - 
****************************************************************************************************
2026-10-01 09:59:48,376 - INFO - --- training epoch 235, loss 0.0089, mae 0.0974, rmse 0.1334, time elapsed(min) 0.02---
2026-10-01 09:59:48,618 - INFO - --- validation at epoch 235, val_loss 0.0075, val_mae 0.0916, val_rmse 0.1273, val_r2 0.8023, val_pearson 0.8962, lr 8.10e-06 ---
2026-10-01 09:59:48,618 - INFO - 
****************************************************************************************************
2026-10-01 09:59:50,286 - INFO - --- training epoch 236, loss 0.0086, mae 0.0963, rmse 0.1311, time elapsed(min) 0.02---
2026-10-01 09:59:50,523 - INFO - --- validation at epoch 236, val_loss 0.0075, val_mae 0.0914, val_rmse 0.1269, val_r2 0.8037, val_pearson 0.8970, lr 8.10e-06 ---
2026-10-01 09:59:50,523 - INFO - 
****************************************************************************************************
2026-10-01 09:59:52,283 - INFO - --- training epoch 237, loss 0.0087, mae 0.0973, rmse 0.1321, time elapsed(min) 0.02---
2026-10-01 09:59:52,687 - INFO - --- validation at epoch 237, val_loss 0.0075, val_mae 0.0913, val_rmse 0.1269, val_r2 0.8035, val_pearson 0.8970, lr 8.10e-06 ---
2026-10-01 09:59:52,687 - INFO - 
****************************************************************************************************
2026-10-01 09:59:54,578 - INFO - --- training epoch 238, loss 0.0087, mae 0.0965, rmse 0.1322, time elapsed(min) 0.03---
2026-10-01 09:59:54,799 - INFO - --- validation at epoch 238, val_loss 0.0075, val_mae 0.0912, val_rmse 0.1264, val_r2 0.8050, val_pearson 0.8974, lr 2.43e-06 ---
2026-10-01 09:59:54,799 - INFO - 
****************************************************************************************************
2026-10-01 09:59:56,590 - INFO - --- training epoch 239, loss 0.0087, mae 0.0966, rmse 0.1317, time elapsed(min) 0.02---
2026-10-01 09:59:56,812 - INFO - --- validation at epoch 239, val_loss 0.0075, val_mae 0.0913, val_rmse 0.1268, val_r2 0.8040, val_pearson 0.8972, lr 2.43e-06 ---
2026-10-01 09:59:56,812 - INFO - 
****************************************************************************************************
2026-10-01 09:59:58,488 - INFO - --- training epoch 240, loss 0.0085, mae 0.0962, rmse 0.1303, time elapsed(min) 0.02---
2026-10-01 09:59:58,863 - INFO - --- validation at epoch 240, val_loss 0.0075, val_mae 0.0917, val_rmse 0.1269, val_r2 0.8036, val_pearson 0.8967, lr 2.43e-06 ---
2026-10-01 09:59:58,863 - INFO - 
****************************************************************************************************
2026-10-01 10:00:00,778 - INFO - --- training epoch 241, loss 0.0084, mae 0.0949, rmse 0.1296, time elapsed(min) 0.03---
2026-10-01 10:00:00,998 - INFO - --- validation at epoch 241, val_loss 0.0075, val_mae 0.0915, val_rmse 0.1266, val_r2 0.8046, val_pearson 0.8974, lr 2.43e-06 ---
2026-10-01 10:00:00,999 - INFO - 
****************************************************************************************************
2026-10-01 10:00:02,668 - INFO - --- training epoch 242, loss 0.0087, mae 0.0975, rmse 0.1320, time elapsed(min) 0.02---
2026-10-01 10:00:02,912 - INFO - --- validation at epoch 242, val_loss 0.0075, val_mae 0.0912, val_rmse 0.1263, val_r2 0.8053, val_pearson 0.8978, lr 2.43e-06 ---
2026-10-01 10:00:02,912 - INFO - 
****************************************************************************************************
2026-10-01 10:00:04,568 - INFO - --- training epoch 243, loss 0.0086, mae 0.0959, rmse 0.1309, time elapsed(min) 0.02---
2026-10-01 10:00:04,788 - INFO - --- validation at epoch 243, val_loss 0.0075, val_mae 0.0913, val_rmse 0.1263, val_r2 0.8053, val_pearson 0.8976, lr 2.43e-06 ---
2026-10-01 10:00:04,788 - INFO - 
****************************************************************************************************
2026-10-01 10:00:06,670 - INFO - --- training epoch 244, loss 0.0089, mae 0.0978, rmse 0.1333, time elapsed(min) 0.03---
2026-10-01 10:00:07,083 - INFO - --- validation at epoch 244, val_loss 0.0075, val_mae 0.0914, val_rmse 0.1267, val_r2 0.8042, val_pearson 0.8974, lr 2.43e-06 ---
2026-10-01 10:00:07,083 - INFO - 
****************************************************************************************************
2026-10-01 10:00:08,978 - INFO - --- training epoch 245, loss 0.0088, mae 0.0971, rmse 0.1324, time elapsed(min) 0.02---
2026-10-01 10:00:09,197 - INFO - --- validation at epoch 245, val_loss 0.0075, val_mae 0.0912, val_rmse 0.1264, val_r2 0.8052, val_pearson 0.8977, lr 2.43e-06 ---
2026-10-01 10:00:09,197 - INFO - 
****************************************************************************************************
2026-10-01 10:00:10,864 - INFO - --- training epoch 246, loss 0.0085, mae 0.0955, rmse 0.1302, time elapsed(min) 0.02---
2026-10-01 10:00:11,083 - INFO - --- validation at epoch 246, val_loss 0.0075, val_mae 0.0912, val_rmse 0.1264, val_r2 0.8049, val_pearson 0.8975, lr 2.43e-06 ---
2026-10-01 10:00:11,083 - INFO - 
****************************************************************************************************
2026-10-01 10:00:12,837 - INFO - --- training epoch 247, loss 0.0087, mae 0.0970, rmse 0.1322, time elapsed(min) 0.02---
2026-10-01 10:00:13,244 - INFO - --- validation at epoch 247, val_loss 0.0074, val_mae 0.0910, val_rmse 0.1261, val_r2 0.8061, val_pearson 0.8980, lr 2.43e-06 ---
2026-10-01 10:00:13,244 - INFO - 
****************************************************************************************************
2026-10-01 10:00:15,231 - INFO - --- training epoch 248, loss 0.0087, mae 0.0964, rmse 0.1315, time elapsed(min) 0.03---
2026-10-01 10:00:15,475 - INFO - --- validation at epoch 248, val_loss 0.0075, val_mae 0.0912, val_rmse 0.1264, val_r2 0.8052, val_pearson 0.8976, lr 2.43e-06 ---
2026-10-01 10:00:15,475 - INFO - 
****************************************************************************************************
2026-10-01 10:00:17,150 - INFO - --- training epoch 249, loss 0.0086, mae 0.0969, rmse 0.1313, time elapsed(min) 0.02---
2026-10-01 10:00:17,374 - INFO - --- validation at epoch 249, val_loss 0.0075, val_mae 0.0911, val_rmse 0.1263, val_r2 0.8055, val_pearson 0.8977, lr 1.00e-06 ---
2026-10-01 10:00:17,374 - INFO - 
****************************************************************************************************
2026-10-01 10:00:19,060 - INFO - --- training epoch 250, loss 0.0088, mae 0.0971, rmse 0.1328, time elapsed(min) 0.02---
2026-10-01 10:00:19,432 - INFO - --- validation at epoch 250, val_loss 0.0075, val_mae 0.0912, val_rmse 0.1263, val_r2 0.8054, val_pearson 0.8978, lr 1.00e-06 ---
2026-10-01 10:00:19,432 - INFO - 
****************************************************************************************************
2026-10-01 10:00:21,337 - INFO - --- training epoch 251, loss 0.0088, mae 0.0967, rmse 0.1324, time elapsed(min) 0.03---
2026-10-01 10:00:21,562 - INFO - --- validation at epoch 251, val_loss 0.0075, val_mae 0.0912, val_rmse 0.1264, val_r2 0.8052, val_pearson 0.8977, lr 1.00e-06 ---
2026-10-01 10:00:21,562 - INFO - 
****************************************************************************************************
2026-10-01 10:00:23,204 - INFO - --- training epoch 252, loss 0.0087, mae 0.0970, rmse 0.1319, time elapsed(min) 0.02---
2026-10-01 10:00:23,426 - INFO - --- validation at epoch 252, val_loss 0.0075, val_mae 0.0912, val_rmse 0.1264, val_r2 0.8050, val_pearson 0.8976, lr 1.00e-06 ---
2026-10-01 10:00:23,427 - INFO - 
****************************************************************************************************
2026-10-01 10:00:25,188 - INFO - --- training epoch 253, loss 0.0087, mae 0.0963, rmse 0.1319, time elapsed(min) 0.02---
2026-10-01 10:00:25,406 - INFO - --- validation at epoch 253, val_loss 0.0075, val_mae 0.0911, val_rmse 0.1262, val_r2 0.8056, val_pearson 0.8979, lr 1.00e-06 ---
2026-10-01 10:00:25,406 - INFO - 
****************************************************************************************************
2026-10-01 10:00:27,173 - INFO - --- training epoch 254, loss 0.0087, mae 0.0967, rmse 0.1316, time elapsed(min) 0.02---
2026-10-01 10:00:27,588 - INFO - --- validation at epoch 254, val_loss 0.0075, val_mae 0.0911, val_rmse 0.1262, val_r2 0.8057, val_pearson 0.8978, lr 1.00e-06 ---
2026-10-01 10:00:27,588 - INFO - 
****************************************************************************************************
2026-10-01 10:00:29,374 - INFO - --- training epoch 255, loss 0.0088, mae 0.0966, rmse 0.1325, time elapsed(min) 0.02---
2026-10-01 10:00:29,593 - INFO - --- validation at epoch 255, val_loss 0.0075, val_mae 0.0912, val_rmse 0.1265, val_r2 0.8048, val_pearson 0.8975, lr 1.00e-06 ---
2026-10-01 10:00:29,593 - INFO - 
****************************************************************************************************
2026-10-01 10:00:31,339 - INFO - --- training epoch 256, loss 0.0086, mae 0.0956, rmse 0.1311, time elapsed(min) 0.02---
2026-10-01 10:00:31,561 - INFO - --- validation at epoch 256, val_loss 0.0075, val_mae 0.0913, val_rmse 0.1264, val_r2 0.8050, val_pearson 0.8975, lr 1.00e-06 ---
2026-10-01 10:00:31,561 - INFO - 
****************************************************************************************************
2026-10-01 10:00:33,238 - INFO - --- training epoch 257, loss 0.0086, mae 0.0957, rmse 0.1309, time elapsed(min) 0.02---
2026-10-01 10:00:33,632 - INFO - --- validation at epoch 257, val_loss 0.0075, val_mae 0.0913, val_rmse 0.1264, val_r2 0.8050, val_pearson 0.8975, lr 1.00e-06 ---
2026-10-01 10:00:33,632 - INFO - 
****************************************************************************************************
2026-10-01 10:00:35,658 - INFO - --- training epoch 258, loss 0.0085, mae 0.0952, rmse 0.1303, time elapsed(min) 0.03---
2026-10-01 10:00:35,882 - INFO - --- validation at epoch 258, val_loss 0.0075, val_mae 0.0914, val_rmse 0.1267, val_r2 0.8042, val_pearson 0.8973, lr 1.00e-06 ---
2026-10-01 10:00:35,882 - INFO - 
****************************************************************************************************
2026-10-01 10:00:37,555 - INFO - --- training epoch 259, loss 0.0087, mae 0.0960, rmse 0.1323, time elapsed(min) 0.02---
2026-10-01 10:00:37,785 - INFO - --- validation at epoch 259, val_loss 0.0075, val_mae 0.0914, val_rmse 0.1267, val_r2 0.8042, val_pearson 0.8973, lr 1.00e-06 ---
2026-10-01 10:00:37,785 - INFO - 
****************************************************************************************************
2026-10-01 10:00:39,479 - INFO - --- training epoch 260, loss 0.0085, mae 0.0964, rmse 0.1305, time elapsed(min) 0.02---
2026-10-01 10:00:39,868 - INFO - --- validation at epoch 260, val_loss 0.0075, val_mae 0.0914, val_rmse 0.1266, val_r2 0.8046, val_pearson 0.8975, lr 1.00e-06 ---
2026-10-01 10:00:39,869 - INFO - 
****************************************************************************************************
2026-10-01 10:00:41,787 - INFO - --- training epoch 261, loss 0.0087, mae 0.0959, rmse 0.1319, time elapsed(min) 0.03---
2026-10-01 10:00:42,013 - INFO - --- validation at epoch 261, val_loss 0.0075, val_mae 0.0913, val_rmse 0.1264, val_r2 0.8052, val_pearson 0.8977, lr 1.00e-06 ---
2026-10-01 10:00:42,013 - INFO - 
****************************************************************************************************
2026-10-01 10:00:43,681 - INFO - --- training epoch 262, loss 0.0085, mae 0.0950, rmse 0.1305, time elapsed(min) 0.02---
2026-10-01 10:00:43,897 - INFO - --- validation at epoch 262, val_loss 0.0074, val_mae 0.0912, val_rmse 0.1263, val_r2 0.8055, val_pearson 0.8978, lr 1.00e-06 ---
2026-10-01 10:00:43,897 - INFO - 
****************************************************************************************************
2026-10-01 10:00:45,576 - INFO - --- training epoch 263, loss 0.0085, mae 0.0961, rmse 0.1301, time elapsed(min) 0.02---
2026-10-01 10:00:45,795 - INFO - --- validation at epoch 263, val_loss 0.0074, val_mae 0.0911, val_rmse 0.1262, val_r2 0.8058, val_pearson 0.8980, lr 1.00e-06 ---
2026-10-01 10:00:45,795 - INFO - 
****************************************************************************************************
2026-10-01 10:00:47,673 - INFO - --- training epoch 264, loss 0.0088, mae 0.0973, rmse 0.1329, time elapsed(min) 0.03---
2026-10-01 10:00:48,098 - INFO - --- validation at epoch 264, val_loss 0.0074, val_mae 0.0912, val_rmse 0.1264, val_r2 0.8051, val_pearson 0.8977, lr 1.00e-06 ---
2026-10-01 10:00:48,098 - INFO - 
****************************************************************************************************
2026-10-01 10:00:49,895 - INFO - --- training epoch 265, loss 0.0086, mae 0.0963, rmse 0.1315, time elapsed(min) 0.02---
2026-10-01 10:00:50,111 - INFO - --- validation at epoch 265, val_loss 0.0075, val_mae 0.0913, val_rmse 0.1265, val_r2 0.8049, val_pearson 0.8976, lr 1.00e-06 ---
2026-10-01 10:00:50,111 - INFO - 
****************************************************************************************************
2026-10-01 10:00:51,788 - INFO - --- training epoch 266, loss 0.0089, mae 0.0975, rmse 0.1331, time elapsed(min) 0.02---
2026-10-01 10:00:52,009 - INFO - --- validation at epoch 266, val_loss 0.0075, val_mae 0.0914, val_rmse 0.1267, val_r2 0.8043, val_pearson 0.8973, lr 1.00e-06 ---
2026-10-01 10:00:52,009 - INFO - 
****************************************************************************************************
2026-10-01 10:00:53,778 - INFO - --- training epoch 267, loss 0.0086, mae 0.0967, rmse 0.1313, time elapsed(min) 0.02---
2026-10-01 10:00:54,204 - INFO - --- validation at epoch 267, val_loss 0.0075, val_mae 0.0914, val_rmse 0.1266, val_r2 0.8045, val_pearson 0.8974, lr 1.00e-06 ---
2026-10-01 10:00:54,204 - INFO - 
****************************************************************************************************
2026-10-01 10:00:55,988 - INFO - --- training epoch 268, loss 0.0087, mae 0.0962, rmse 0.1319, time elapsed(min) 0.02---
2026-10-01 10:00:56,235 - INFO - --- validation at epoch 268, val_loss 0.0075, val_mae 0.0913, val_rmse 0.1264, val_r2 0.8051, val_pearson 0.8977, lr 1.00e-06 ---
2026-10-01 10:00:56,235 - INFO - 
****************************************************************************************************
2026-10-01 10:00:57,900 - INFO - --- training epoch 269, loss 0.0088, mae 0.0969, rmse 0.1327, time elapsed(min) 0.02---
2026-10-01 10:00:58,119 - INFO - --- validation at epoch 269, val_loss 0.0075, val_mae 0.0912, val_rmse 0.1263, val_r2 0.8054, val_pearson 0.8978, lr 1.00e-06 ---
2026-10-01 10:00:58,119 - INFO - 
****************************************************************************************************
2026-10-01 10:00:59,958 - INFO - --- training epoch 270, loss 0.0088, mae 0.0970, rmse 0.1329, time elapsed(min) 0.03---
2026-10-01 10:01:00,353 - INFO - --- validation at epoch 270, val_loss 0.0075, val_mae 0.0912, val_rmse 0.1264, val_r2 0.8052, val_pearson 0.8977, lr 1.00e-06 ---
2026-10-01 10:01:00,353 - INFO - 
****************************************************************************************************
2026-10-01 10:01:02,250 - INFO - --- training epoch 271, loss 0.0087, mae 0.0961, rmse 0.1316, time elapsed(min) 0.03---
2026-10-01 10:01:02,493 - INFO - --- validation at epoch 271, val_loss 0.0074, val_mae 0.0912, val_rmse 0.1264, val_r2 0.8052, val_pearson 0.8978, lr 1.00e-06 ---
2026-10-01 10:01:02,493 - INFO - 
****************************************************************************************************
2026-10-01 10:01:04,254 - INFO - --- training epoch 272, loss 0.0088, mae 0.0969, rmse 0.1327, time elapsed(min) 0.02---
2026-10-01 10:01:04,483 - INFO - --- validation at epoch 272, val_loss 0.0074, val_mae 0.0911, val_rmse 0.1264, val_r2 0.8051, val_pearson 0.8978, lr 1.00e-06 ---
2026-10-01 10:01:04,483 - INFO - 
****************************************************************************************************
2026-10-01 10:01:06,315 - INFO - --- training epoch 273, loss 0.0086, mae 0.0965, rmse 0.1313, time elapsed(min) 0.03---
2026-10-01 10:01:06,697 - INFO - --- validation at epoch 273, val_loss 0.0074, val_mae 0.0912, val_rmse 0.1264, val_r2 0.8052, val_pearson 0.8977, lr 1.00e-06 ---
2026-10-01 10:01:06,697 - INFO - 
****************************************************************************************************
2026-10-01 10:01:08,684 - INFO - --- training epoch 274, loss 0.0086, mae 0.0960, rmse 0.1308, time elapsed(min) 0.03---
2026-10-01 10:01:08,908 - INFO - --- validation at epoch 274, val_loss 0.0075, val_mae 0.0913, val_rmse 0.1264, val_r2 0.8050, val_pearson 0.8976, lr 1.00e-06 ---
2026-10-01 10:01:08,908 - INFO - 
****************************************************************************************************
2026-10-01 10:01:10,560 - INFO - --- training epoch 275, loss 0.0087, mae 0.0969, rmse 0.1322, time elapsed(min) 0.02---
2026-10-01 10:01:10,799 - INFO - --- validation at epoch 275, val_loss 0.0075, val_mae 0.0912, val_rmse 0.1264, val_r2 0.8051, val_pearson 0.8977, lr 1.00e-06 ---
2026-10-01 10:01:10,799 - INFO - 
****************************************************************************************************
2026-10-01 10:01:12,470 - INFO - --- training epoch 276, loss 0.0088, mae 0.0965, rmse 0.1323, time elapsed(min) 0.02---
2026-10-01 10:01:12,838 - INFO - --- validation at epoch 276, val_loss 0.0074, val_mae 0.0911, val_rmse 0.1262, val_r2 0.8057, val_pearson 0.8980, lr 1.00e-06 ---
2026-10-01 10:01:12,838 - INFO - 
****************************************************************************************************
2026-10-01 10:01:13,113 - INFO - --- early stopping at epoch 276: val_loss did not improve for 50 epochs ---
2026-10-01 10:01:13,568 - INFO - --- selected checkpoint from epoch 226, val_loss 0.0074, val_mae 0.0911, val_rmse 0.1264
2026-10-01 10:01:14,409 - INFO - -- RESULT
2026-10-01 10:01:14,409 - INFO - --- test size: 1728
2026-10-01 10:01:14,409 - INFO - --- MAE: 0.0963 (9.63 pp), RMSE: 0.1325 (13.25 pp), R2: 0.7751, Pearson: 0.8805
2026-10-01 10:01:16,881 - INFO - --- Suzuki-Miyaura | split_5 | ind_mlp: test R2 0.7751 MAE 0.0963 RMSE 0.1325 | 578.7s (2.1s/epoch)
2026-10-01 10:01:16,884 - INFO - --- Suzuki-Miyaura | split_6 | current model (ind/linear) (ind/linear)
