2026-10-01 10:16:58,693 - INFO - device is	cuda:0
2026-10-01 10:16:58,812 - INFO - -- CONFIGURATIONS
2026-10-01 10:16:58,812 - INFO - --- train/valid/test: 3628/404/1728
2026-10-01 10:16:58,812 - INFO - --- max no. reactants_train, valid, test respectively: 14, 14, 14
2026-10-01 10:16:58,812 - INFO - --- max no. products_train, valid, test respectively: 1, 1, 1
2026-10-01 10:16:58,812 - INFO - --- model_path: ../logs/approach2_grid_suzuki/e400/runs/Suzuki-Miyaura_split_6_approach_2/model.pt
2026-10-01 10:16:58,820 - INFO - -- TRAINING
2026-10-01 10:17:00,630 - INFO - --- training epoch 0, loss 0.8256, mae 1.1316, rmse 2.7100, time elapsed(min) 0.03---
2026-10-01 10:17:00,853 - INFO - --- validation at epoch 0, val_loss 0.0407, val_mae 0.2284, val_rmse 0.2862, val_r2 -0.1191, val_pearson 0.0375, lr 1.00e-03 ---
2026-10-01 10:17:00,853 - INFO - 
****************************************************************************************************
2026-10-01 10:17:02,865 - INFO - --- training epoch 1, loss 0.0416, mae 0.2465, rmse 0.2885, time elapsed(min) 0.03---
2026-10-01 10:17:03,104 - INFO - --- validation at epoch 1, val_loss 0.0353, val_mae 0.2306, val_rmse 0.2681, val_r2 0.0182, val_pearson 0.1709, lr 1.00e-03 ---
2026-10-01 10:17:03,104 - INFO - 
****************************************************************************************************
2026-10-01 10:17:04,986 - INFO - --- training epoch 2, loss 0.0387, mae 0.2396, rmse 0.2782, time elapsed(min) 0.03---
2026-10-01 10:17:05,355 - INFO - --- validation at epoch 2, val_loss 0.0355, val_mae 0.2229, val_rmse 0.2673, val_r2 0.0237, val_pearson 0.2455, lr 1.00e-03 ---
2026-10-01 10:17:05,355 - INFO - 
****************************************************************************************************
2026-10-01 10:17:07,399 - INFO - --- training epoch 3, loss 0.0387, mae 0.2386, rmse 0.2780, time elapsed(min) 0.03---
2026-10-01 10:17:07,634 - INFO - --- validation at epoch 3, val_loss 0.0347, val_mae 0.2185, val_rmse 0.2636, val_r2 0.0503, val_pearson 0.2851, lr 1.00e-03 ---
2026-10-01 10:17:07,634 - INFO - 
****************************************************************************************************
2026-10-01 10:17:09,538 - INFO - --- training epoch 4, loss 0.0377, mae 0.2359, rmse 0.2746, time elapsed(min) 0.03---
2026-10-01 10:17:09,768 - INFO - --- validation at epoch 4, val_loss 0.0337, val_mae 0.2160, val_rmse 0.2598, val_r2 0.0780, val_pearson 0.3314, lr 1.00e-03 ---
2026-10-01 10:17:09,768 - INFO - 
****************************************************************************************************
2026-10-01 10:17:11,673 - INFO - --- training epoch 5, loss 0.0369, mae 0.2325, rmse 0.2716, time elapsed(min) 0.03---
2026-10-01 10:17:11,908 - INFO - --- validation at epoch 5, val_loss 0.0345, val_mae 0.2125, val_rmse 0.2620, val_r2 0.0621, val_pearson 0.3748, lr 1.00e-03 ---
2026-10-01 10:17:11,908 - INFO - 
****************************************************************************************************
2026-10-01 10:17:13,746 - INFO - --- training epoch 6, loss 0.0359, mae 0.2278, rmse 0.2678, time elapsed(min) 0.03---
2026-10-01 10:17:14,171 - INFO - --- validation at epoch 6, val_loss 0.0308, val_mae 0.2013, val_rmse 0.2449, val_r2 0.1806, val_pearson 0.4544, lr 1.00e-03 ---
2026-10-01 10:17:14,171 - INFO - 
****************************************************************************************************
2026-10-01 10:17:16,222 - INFO - --- training epoch 7, loss 0.0345, mae 0.2216, rmse 0.2628, time elapsed(min) 0.03---
2026-10-01 10:17:16,454 - INFO - --- validation at epoch 7, val_loss 0.0301, val_mae 0.2012, val_rmse 0.2420, val_r2 0.2001, val_pearson 0.4562, lr 1.00e-03 ---
2026-10-01 10:17:16,454 - INFO - 
****************************************************************************************************
2026-10-01 10:17:18,366 - INFO - --- training epoch 8, loss 0.0337, mae 0.2178, rmse 0.2596, time elapsed(min) 0.03---
2026-10-01 10:17:18,598 - INFO - --- validation at epoch 8, val_loss 0.0291, val_mae 0.1924, val_rmse 0.2360, val_r2 0.2392, val_pearson 0.4940, lr 1.00e-03 ---
2026-10-01 10:17:18,598 - INFO - 
****************************************************************************************************
2026-10-01 10:17:20,621 - INFO - --- training epoch 9, loss 0.0338, mae 0.2185, rmse 0.2600, time elapsed(min) 0.03---
2026-10-01 10:17:21,026 - INFO - --- validation at epoch 9, val_loss 0.0293, val_mae 0.1910, val_rmse 0.2360, val_r2 0.2389, val_pearson 0.4971, lr 1.00e-03 ---
2026-10-01 10:17:21,026 - INFO - 
****************************************************************************************************
2026-10-01 10:17:23,209 - INFO - --- training epoch 10, loss 0.0327, mae 0.2144, rmse 0.2557, time elapsed(min) 0.03---
2026-10-01 10:17:23,460 - INFO - --- validation at epoch 10, val_loss 0.0287, val_mae 0.1934, val_rmse 0.2333, val_r2 0.2565, val_pearson 0.5127, lr 1.00e-03 ---
2026-10-01 10:17:23,460 - INFO - 
****************************************************************************************************
2026-10-01 10:17:25,373 - INFO - --- training epoch 11, loss 0.0326, mae 0.2145, rmse 0.2554, time elapsed(min) 0.03---
2026-10-01 10:17:25,601 - INFO - --- validation at epoch 11, val_loss 0.0290, val_mae 0.1978, val_rmse 0.2355, val_r2 0.2424, val_pearson 0.5145, lr 1.00e-03 ---
2026-10-01 10:17:25,601 - INFO - 
****************************************************************************************************
2026-10-01 10:17:27,454 - INFO - --- training epoch 12, loss 0.0326, mae 0.2146, rmse 0.2553, time elapsed(min) 0.03---
2026-10-01 10:17:27,834 - INFO - --- validation at epoch 12, val_loss 0.0283, val_mae 0.1881, val_rmse 0.2316, val_r2 0.2671, val_pearson 0.5186, lr 1.00e-03 ---
2026-10-01 10:17:27,834 - INFO - 
****************************************************************************************************
2026-10-01 10:17:30,011 - INFO - --- training epoch 13, loss 0.0321, mae 0.2109, rmse 0.2532, time elapsed(min) 0.03---
2026-10-01 10:17:30,250 - INFO - --- validation at epoch 13, val_loss 0.0276, val_mae 0.1824, val_rmse 0.2273, val_r2 0.2940, val_pearson 0.5481, lr 1.00e-03 ---
2026-10-01 10:17:30,250 - INFO - 
****************************************************************************************************
2026-10-01 10:17:32,149 - INFO - --- training epoch 14, loss 0.0312, mae 0.2068, rmse 0.2498, time elapsed(min) 0.03---
2026-10-01 10:17:32,374 - INFO - --- validation at epoch 14, val_loss 0.0281, val_mae 0.1835, val_rmse 0.2297, val_r2 0.2791, val_pearson 0.5415, lr 1.00e-03 ---
2026-10-01 10:17:32,375 - INFO - 
****************************************************************************************************
2026-10-01 10:17:34,231 - INFO - --- training epoch 15, loss 0.0310, mae 0.2060, rmse 0.2488, time elapsed(min) 0.03---
2026-10-01 10:17:34,607 - INFO - --- validation at epoch 15, val_loss 0.0262, val_mae 0.1823, val_rmse 0.2242, val_r2 0.3130, val_pearson 0.5622, lr 1.00e-03 ---
2026-10-01 10:17:34,608 - INFO - 
****************************************************************************************************
2026-10-01 10:17:36,669 - INFO - --- training epoch 16, loss 0.0306, mae 0.2043, rmse 0.2476, time elapsed(min) 0.03---
2026-10-01 10:17:37,087 - INFO - --- validation at epoch 16, val_loss 0.0269, val_mae 0.1775, val_rmse 0.2245, val_r2 0.3115, val_pearson 0.5714, lr 1.00e-03 ---
2026-10-01 10:17:37,087 - INFO - 
****************************************************************************************************
2026-10-01 10:17:39,048 - INFO - --- training epoch 17, loss 0.0308, mae 0.2044, rmse 0.2480, time elapsed(min) 0.03---
2026-10-01 10:17:39,328 - INFO - --- validation at epoch 17, val_loss 0.0287, val_mae 0.1811, val_rmse 0.2314, val_r2 0.2685, val_pearson 0.5761, lr 1.00e-03 ---
2026-10-01 10:17:39,329 - INFO - 
****************************************************************************************************
2026-10-01 10:17:41,184 - INFO - --- training epoch 18, loss 0.0303, mae 0.2016, rmse 0.2460, time elapsed(min) 0.03---
2026-10-01 10:17:41,412 - INFO - --- validation at epoch 18, val_loss 0.0297, val_mae 0.1838, val_rmse 0.2351, val_r2 0.2449, val_pearson 0.5623, lr 1.00e-03 ---
2026-10-01 10:17:41,412 - INFO - 
****************************************************************************************************
2026-10-01 10:17:43,423 - INFO - --- training epoch 19, loss 0.0298, mae 0.1999, rmse 0.2442, time elapsed(min) 0.03---
2026-10-01 10:17:43,822 - INFO - --- validation at epoch 19, val_loss 0.0256, val_mae 0.1737, val_rmse 0.2201, val_r2 0.3383, val_pearson 0.5818, lr 1.00e-03 ---
2026-10-01 10:17:43,822 - INFO - 
****************************************************************************************************
2026-10-01 10:17:45,967 - INFO - --- training epoch 20, loss 0.0297, mae 0.1999, rmse 0.2435, time elapsed(min) 0.03---
2026-10-01 10:17:46,194 - INFO - --- validation at epoch 20, val_loss 0.0270, val_mae 0.1738, val_rmse 0.2233, val_r2 0.3186, val_pearson 0.5797, lr 1.00e-03 ---
2026-10-01 10:17:46,194 - INFO - 
****************************************************************************************************
2026-10-01 10:17:48,024 - INFO - --- training epoch 21, loss 0.0290, mae 0.1962, rmse 0.2410, time elapsed(min) 0.03---
2026-10-01 10:17:48,256 - INFO - --- validation at epoch 21, val_loss 0.0256, val_mae 0.1737, val_rmse 0.2199, val_r2 0.3396, val_pearson 0.5884, lr 1.00e-03 ---
2026-10-01 10:17:48,256 - INFO - 
****************************************************************************************************
2026-10-01 10:17:50,106 - INFO - --- training epoch 22, loss 0.0290, mae 0.1960, rmse 0.2407, time elapsed(min) 0.03---
2026-10-01 10:17:50,483 - INFO - --- validation at epoch 22, val_loss 0.0253, val_mae 0.1699, val_rmse 0.2183, val_r2 0.3486, val_pearson 0.6088, lr 1.00e-03 ---
2026-10-01 10:17:50,483 - INFO - 
****************************************************************************************************
2026-10-01 10:17:52,673 - INFO - --- training epoch 23, loss 0.0277, mae 0.1904, rmse 0.2356, time elapsed(min) 0.03---
2026-10-01 10:17:52,897 - INFO - --- validation at epoch 23, val_loss 0.0216, val_mae 0.1650, val_rmse 0.2041, val_r2 0.4308, val_pearson 0.6675, lr 1.00e-03 ---
2026-10-01 10:17:52,897 - INFO - 
****************************************************************************************************
2026-10-01 10:17:54,804 - INFO - --- training epoch 24, loss 0.0269, mae 0.1890, rmse 0.2320, time elapsed(min) 0.03---
2026-10-01 10:17:55,035 - INFO - --- validation at epoch 24, val_loss 0.0199, val_mae 0.1612, val_rmse 0.1989, val_r2 0.4597, val_pearson 0.6881, lr 1.00e-03 ---
2026-10-01 10:17:55,035 - INFO - 
****************************************************************************************************
2026-10-01 10:17:56,971 - INFO - --- training epoch 25, loss 0.0246, mae 0.1795, rmse 0.2219, time elapsed(min) 0.03---
2026-10-01 10:17:57,341 - INFO - --- validation at epoch 25, val_loss 0.0187, val_mae 0.1537, val_rmse 0.1943, val_r2 0.4841, val_pearson 0.7043, lr 1.00e-03 ---
2026-10-01 10:17:57,341 - INFO - 
****************************************************************************************************
2026-10-01 10:17:59,488 - INFO - --- training epoch 26, loss 0.0232, mae 0.1726, rmse 0.2152, time elapsed(min) 0.03---
2026-10-01 10:17:59,896 - INFO - --- validation at epoch 26, val_loss 0.0181, val_mae 0.1526, val_rmse 0.1927, val_r2 0.4928, val_pearson 0.7147, lr 1.00e-03 ---
2026-10-01 10:17:59,896 - INFO - 
****************************************************************************************************
2026-10-01 10:18:01,971 - INFO - --- training epoch 27, loss 0.0215, mae 0.1653, rmse 0.2074, time elapsed(min) 0.03---
2026-10-01 10:18:02,201 - INFO - --- validation at epoch 27, val_loss 0.0173, val_mae 0.1475, val_rmse 0.1881, val_r2 0.5167, val_pearson 0.7197, lr 1.00e-03 ---
2026-10-01 10:18:02,201 - INFO - 
****************************************************************************************************
2026-10-01 10:18:04,231 - INFO - --- training epoch 28, loss 0.0204, mae 0.1594, rmse 0.2019, time elapsed(min) 0.03---
2026-10-01 10:18:04,485 - INFO - --- validation at epoch 28, val_loss 0.0177, val_mae 0.1475, val_rmse 0.1915, val_r2 0.4991, val_pearson 0.7089, lr 1.00e-03 ---
2026-10-01 10:18:04,485 - INFO - 
****************************************************************************************************
2026-10-01 10:18:06,450 - INFO - --- training epoch 29, loss 0.0202, mae 0.1579, rmse 0.2008, time elapsed(min) 0.03---
2026-10-01 10:18:06,875 - INFO - --- validation at epoch 29, val_loss 0.0169, val_mae 0.1452, val_rmse 0.1881, val_r2 0.5166, val_pearson 0.7255, lr 1.00e-03 ---
2026-10-01 10:18:06,875 - INFO - 
****************************************************************************************************
2026-10-01 10:18:09,004 - INFO - --- training epoch 30, loss 0.0189, mae 0.1534, rmse 0.1946, time elapsed(min) 0.03---
2026-10-01 10:18:09,244 - INFO - --- validation at epoch 30, val_loss 0.0151, val_mae 0.1329, val_rmse 0.1757, val_r2 0.5780, val_pearson 0.7635, lr 1.00e-03 ---
2026-10-01 10:18:09,245 - INFO - 
****************************************************************************************************
2026-10-01 10:18:11,192 - INFO - --- training epoch 31, loss 0.0174, mae 0.1461, rmse 0.1867, time elapsed(min) 0.03---
2026-10-01 10:18:11,421 - INFO - --- validation at epoch 31, val_loss 0.0125, val_mae 0.1244, val_rmse 0.1635, val_r2 0.6346, val_pearson 0.7973, lr 1.00e-03 ---
2026-10-01 10:18:11,421 - INFO - 
****************************************************************************************************
2026-10-01 10:18:13,373 - INFO - --- training epoch 32, loss 0.0163, mae 0.1405, rmse 0.1808, time elapsed(min) 0.03---
2026-10-01 10:18:13,810 - INFO - --- validation at epoch 32, val_loss 0.0147, val_mae 0.1315, val_rmse 0.1763, val_r2 0.5755, val_pearson 0.7868, lr 1.00e-03 ---
2026-10-01 10:18:13,810 - INFO - 
****************************************************************************************************
2026-10-01 10:18:15,893 - INFO - --- training epoch 33, loss 0.0171, mae 0.1428, rmse 0.1848, time elapsed(min) 0.03---
2026-10-01 10:18:16,175 - INFO - --- validation at epoch 33, val_loss 0.0122, val_mae 0.1212, val_rmse 0.1599, val_r2 0.6508, val_pearson 0.8069, lr 1.00e-03 ---
2026-10-01 10:18:16,175 - INFO - 
****************************************************************************************************
2026-10-01 10:18:18,183 - INFO - --- training epoch 34, loss 0.0166, mae 0.1410, rmse 0.1824, time elapsed(min) 0.03---
2026-10-01 10:18:18,418 - INFO - --- validation at epoch 34, val_loss 0.0115, val_mae 0.1157, val_rmse 0.1542, val_r2 0.6751, val_pearson 0.8228, lr 1.00e-03 ---
2026-10-01 10:18:18,418 - INFO - 
****************************************************************************************************
2026-10-01 10:18:20,445 - INFO - --- training epoch 35, loss 0.0150, mae 0.1319, rmse 0.1729, time elapsed(min) 0.03---
2026-10-01 10:18:20,819 - INFO - --- validation at epoch 35, val_loss 0.0100, val_mae 0.1110, val_rmse 0.1464, val_r2 0.7073, val_pearson 0.8421, lr 1.00e-03 ---
2026-10-01 10:18:20,819 - INFO - 
****************************************************************************************************
2026-10-01 10:18:23,040 - INFO - --- training epoch 36, loss 0.0146, mae 0.1305, rmse 0.1706, time elapsed(min) 0.03---
2026-10-01 10:18:23,270 - INFO - --- validation at epoch 36, val_loss 0.0119, val_mae 0.1176, val_rmse 0.1592, val_r2 0.6537, val_pearson 0.8262, lr 1.00e-03 ---
2026-10-01 10:18:23,270 - INFO - 
****************************************************************************************************
2026-10-01 10:18:25,226 - INFO - --- training epoch 37, loss 0.0142, mae 0.1274, rmse 0.1684, time elapsed(min) 0.03---
2026-10-01 10:18:25,453 - INFO - --- validation at epoch 37, val_loss 0.0105, val_mae 0.1106, val_rmse 0.1513, val_r2 0.6871, val_pearson 0.8442, lr 1.00e-03 ---
2026-10-01 10:18:25,453 - INFO - 
****************************************************************************************************
2026-10-01 10:18:27,332 - INFO - --- training epoch 38, loss 0.0139, mae 0.1250, rmse 0.1668, time elapsed(min) 0.03---
2026-10-01 10:18:27,736 - INFO - --- validation at epoch 38, val_loss 0.0102, val_mae 0.1097, val_rmse 0.1514, val_r2 0.6866, val_pearson 0.8372, lr 1.00e-03 ---
2026-10-01 10:18:27,736 - INFO - 
****************************************************************************************************
2026-10-01 10:18:29,658 - INFO - --- training epoch 39, loss 0.0139, mae 0.1257, rmse 0.1664, time elapsed(min) 0.03---
2026-10-01 10:18:30,192 - INFO - --- validation at epoch 39, val_loss 0.0096, val_mae 0.1084, val_rmse 0.1460, val_r2 0.7089, val_pearson 0.8457, lr 1.00e-03 ---
2026-10-01 10:18:30,192 - INFO - 
****************************************************************************************************
2026-10-01 10:18:32,107 - INFO - --- training epoch 40, loss 0.0132, mae 0.1227, rmse 0.1625, time elapsed(min) 0.03---
2026-10-01 10:18:32,348 - INFO - --- validation at epoch 40, val_loss 0.0125, val_mae 0.1190, val_rmse 0.1653, val_r2 0.6267, val_pearson 0.8416, lr 1.00e-03 ---
2026-10-01 10:18:32,349 - INFO - 
****************************************************************************************************
2026-10-01 10:18:34,266 - INFO - --- training epoch 41, loss 0.0133, mae 0.1235, rmse 0.1633, time elapsed(min) 0.03---
2026-10-01 10:18:34,492 - INFO - --- validation at epoch 41, val_loss 0.0125, val_mae 0.1166, val_rmse 0.1640, val_r2 0.6327, val_pearson 0.8212, lr 1.00e-03 ---
2026-10-01 10:18:34,492 - INFO - 
****************************************************************************************************
2026-10-01 10:18:36,422 - INFO - --- training epoch 42, loss 0.0127, mae 0.1205, rmse 0.1591, time elapsed(min) 0.03---
2026-10-01 10:18:36,856 - INFO - --- validation at epoch 42, val_loss 0.0108, val_mae 0.1099, val_rmse 0.1520, val_r2 0.6842, val_pearson 0.8440, lr 1.00e-03 ---
2026-10-01 10:18:36,856 - INFO - 
****************************************************************************************************
2026-10-01 10:18:38,829 - INFO - --- training epoch 43, loss 0.0127, mae 0.1197, rmse 0.1597, time elapsed(min) 0.03---
2026-10-01 10:18:39,054 - INFO - --- validation at epoch 43, val_loss 0.0128, val_mae 0.1240, val_rmse 0.1685, val_r2 0.6119, val_pearson 0.8396, lr 1.00e-03 ---
2026-10-01 10:18:39,055 - INFO - 
****************************************************************************************************
2026-10-01 10:18:40,978 - INFO - --- training epoch 44, loss 0.0130, mae 0.1208, rmse 0.1611, time elapsed(min) 0.03---
2026-10-01 10:18:41,206 - INFO - --- validation at epoch 44, val_loss 0.0096, val_mae 0.1076, val_rmse 0.1473, val_r2 0.7037, val_pearson 0.8612, lr 1.00e-03 ---
2026-10-01 10:18:41,206 - INFO - 
****************************************************************************************************
2026-10-01 10:18:43,294 - INFO - --- training epoch 45, loss 0.0120, mae 0.1167, rmse 0.1550, time elapsed(min) 0.03---
2026-10-01 10:18:43,760 - INFO - --- validation at epoch 45, val_loss 0.0104, val_mae 0.1100, val_rmse 0.1518, val_r2 0.6852, val_pearson 0.8447, lr 1.00e-03 ---
2026-10-01 10:18:43,760 - INFO - 
****************************************************************************************************
2026-10-01 10:18:45,820 - INFO - --- training epoch 46, loss 0.0123, mae 0.1176, rmse 0.1568, time elapsed(min) 0.03---
2026-10-01 10:18:46,046 - INFO - --- validation at epoch 46, val_loss 0.0106, val_mae 0.1126, val_rmse 0.1527, val_r2 0.6814, val_pearson 0.8546, lr 1.00e-03 ---
2026-10-01 10:18:46,046 - INFO - 
****************************************************************************************************
2026-10-01 10:18:47,890 - INFO - --- training epoch 47, loss 0.0130, mae 0.1211, rmse 0.1612, time elapsed(min) 0.03---
2026-10-01 10:18:48,115 - INFO - --- validation at epoch 47, val_loss 0.0129, val_mae 0.1211, val_rmse 0.1669, val_r2 0.6192, val_pearson 0.8291, lr 1.00e-03 ---
2026-10-01 10:18:48,115 - INFO - 
****************************************************************************************************
2026-10-01 10:18:50,038 - INFO - --- training epoch 48, loss 0.0129, mae 0.1201, rmse 0.1605, time elapsed(min) 0.03---
2026-10-01 10:18:50,447 - INFO - --- validation at epoch 48, val_loss 0.0092, val_mae 0.1038, val_rmse 0.1420, val_r2 0.7247, val_pearson 0.8603, lr 1.00e-03 ---
2026-10-01 10:18:50,447 - INFO - 
****************************************************************************************************
2026-10-01 10:18:52,601 - INFO - --- training epoch 49, loss 0.0117, mae 0.1148, rmse 0.1532, time elapsed(min) 0.03---
2026-10-01 10:18:52,845 - INFO - --- validation at epoch 49, val_loss 0.0107, val_mae 0.1120, val_rmse 0.1542, val_r2 0.6750, val_pearson 0.8540, lr 1.00e-03 ---
2026-10-01 10:18:52,845 - INFO - 
****************************************************************************************************
2026-10-01 10:18:54,701 - INFO - --- training epoch 50, loss 0.0121, mae 0.1167, rmse 0.1556, time elapsed(min) 0.03---
2026-10-01 10:18:54,929 - INFO - --- validation at epoch 50, val_loss 0.0101, val_mae 0.1119, val_rmse 0.1504, val_r2 0.6907, val_pearson 0.8557, lr 1.00e-03 ---
2026-10-01 10:18:54,929 - INFO - 
****************************************************************************************************
2026-10-01 10:18:56,890 - INFO - --- training epoch 51, loss 0.0120, mae 0.1159, rmse 0.1550, time elapsed(min) 0.03---
2026-10-01 10:18:57,280 - INFO - --- validation at epoch 51, val_loss 0.0106, val_mae 0.1127, val_rmse 0.1556, val_r2 0.6691, val_pearson 0.8505, lr 1.00e-03 ---
2026-10-01 10:18:57,280 - INFO - 
****************************************************************************************************
2026-10-01 10:18:59,379 - INFO - --- training epoch 52, loss 0.0120, mae 0.1162, rmse 0.1550, time elapsed(min) 0.03---
2026-10-01 10:18:59,608 - INFO - --- validation at epoch 52, val_loss 0.0097, val_mae 0.1069, val_rmse 0.1466, val_r2 0.7063, val_pearson 0.8566, lr 1.00e-03 ---
2026-10-01 10:18:59,608 - INFO - 
****************************************************************************************************
2026-10-01 10:19:01,439 - INFO - --- training epoch 53, loss 0.0117, mae 0.1150, rmse 0.1532, time elapsed(min) 0.03---
2026-10-01 10:19:01,673 - INFO - --- validation at epoch 53, val_loss 0.0104, val_mae 0.1142, val_rmse 0.1534, val_r2 0.6785, val_pearson 0.8553, lr 1.00e-03 ---
2026-10-01 10:19:01,673 - INFO - 
****************************************************************************************************
2026-10-01 10:19:03,512 - INFO - --- training epoch 54, loss 0.0119, mae 0.1157, rmse 0.1541, time elapsed(min) 0.03---
2026-10-01 10:19:03,886 - INFO - --- validation at epoch 54, val_loss 0.0105, val_mae 0.1115, val_rmse 0.1538, val_r2 0.6766, val_pearson 0.8507, lr 1.00e-03 ---
2026-10-01 10:19:03,886 - INFO - 
****************************************************************************************************
2026-10-01 10:19:06,142 - INFO - --- training epoch 55, loss 0.0121, mae 0.1167, rmse 0.1557, time elapsed(min) 0.03---
2026-10-01 10:19:06,371 - INFO - --- validation at epoch 55, val_loss 0.0091, val_mae 0.1040, val_rmse 0.1419, val_r2 0.7249, val_pearson 0.8659, lr 1.00e-03 ---
2026-10-01 10:19:06,371 - INFO - 
****************************************************************************************************
2026-10-01 10:19:08,360 - INFO - --- training epoch 56, loss 0.0115, mae 0.1130, rmse 0.1517, time elapsed(min) 0.03---
2026-10-01 10:19:08,592 - INFO - --- validation at epoch 56, val_loss 0.0092, val_mae 0.1059, val_rmse 0.1430, val_r2 0.7205, val_pearson 0.8559, lr 1.00e-03 ---
2026-10-01 10:19:08,592 - INFO - 
****************************************************************************************************
2026-10-01 10:19:10,512 - INFO - --- training epoch 57, loss 0.0113, mae 0.1124, rmse 0.1506, time elapsed(min) 0.03---
2026-10-01 10:19:10,743 - INFO - --- validation at epoch 57, val_loss 0.0092, val_mae 0.1071, val_rmse 0.1425, val_r2 0.7225, val_pearson 0.8583, lr 1.00e-03 ---
2026-10-01 10:19:10,743 - INFO - 
****************************************************************************************************
2026-10-01 10:19:12,786 - INFO - --- training epoch 58, loss 0.0113, mae 0.1128, rmse 0.1506, time elapsed(min) 0.03---
2026-10-01 10:19:13,247 - INFO - --- validation at epoch 58, val_loss 0.0101, val_mae 0.1126, val_rmse 0.1514, val_r2 0.6868, val_pearson 0.8499, lr 1.00e-03 ---
2026-10-01 10:19:13,247 - INFO - 
****************************************************************************************************
2026-10-01 10:19:15,281 - INFO - --- training epoch 59, loss 0.0117, mae 0.1136, rmse 0.1527, time elapsed(min) 0.03---
2026-10-01 10:19:15,515 - INFO - --- validation at epoch 59, val_loss 0.0116, val_mae 0.1178, val_rmse 0.1614, val_r2 0.6439, val_pearson 0.8502, lr 1.00e-03 ---
2026-10-01 10:19:15,515 - INFO - 
****************************************************************************************************
2026-10-01 10:19:17,379 - INFO - --- training epoch 60, loss 0.0116, mae 0.1146, rmse 0.1526, time elapsed(min) 0.03---
2026-10-01 10:19:17,611 - INFO - --- validation at epoch 60, val_loss 0.0095, val_mae 0.1087, val_rmse 0.1474, val_r2 0.7032, val_pearson 0.8529, lr 1.00e-03 ---
2026-10-01 10:19:17,611 - INFO - 
****************************************************************************************************
2026-10-01 10:19:19,561 - INFO - --- training epoch 61, loss 0.0114, mae 0.1121, rmse 0.1512, time elapsed(min) 0.03---
2026-10-01 10:19:19,982 - INFO - --- validation at epoch 61, val_loss 0.0102, val_mae 0.1127, val_rmse 0.1519, val_r2 0.6847, val_pearson 0.8563, lr 1.00e-03 ---
2026-10-01 10:19:19,982 - INFO - 
****************************************************************************************************
2026-10-01 10:19:21,943 - INFO - --- training epoch 62, loss 0.0113, mae 0.1124, rmse 0.1504, time elapsed(min) 0.03---
2026-10-01 10:19:22,168 - INFO - --- validation at epoch 62, val_loss 0.0085, val_mae 0.1015, val_rmse 0.1386, val_r2 0.7375, val_pearson 0.8668, lr 1.00e-03 ---
2026-10-01 10:19:22,168 - INFO - 
****************************************************************************************************
2026-10-01 10:19:24,096 - INFO - --- training epoch 63, loss 0.0109, mae 0.1096, rmse 0.1477, time elapsed(min) 0.03---
2026-10-01 10:19:24,321 - INFO - --- validation at epoch 63, val_loss 0.0087, val_mae 0.1029, val_rmse 0.1404, val_r2 0.7308, val_pearson 0.8691, lr 1.00e-03 ---
2026-10-01 10:19:24,321 - INFO - 
****************************************************************************************************
2026-10-01 10:19:26,297 - INFO - --- training epoch 64, loss 0.0115, mae 0.1130, rmse 0.1520, time elapsed(min) 0.03---
2026-10-01 10:19:26,697 - INFO - --- validation at epoch 64, val_loss 0.0091, val_mae 0.1063, val_rmse 0.1433, val_r2 0.7194, val_pearson 0.8628, lr 1.00e-03 ---
2026-10-01 10:19:26,697 - INFO - 
****************************************************************************************************
2026-10-01 10:19:28,925 - INFO - --- training epoch 65, loss 0.0114, mae 0.1117, rmse 0.1507, time elapsed(min) 0.03---
2026-10-01 10:19:29,162 - INFO - --- validation at epoch 65, val_loss 0.0090, val_mae 0.1049, val_rmse 0.1443, val_r2 0.7154, val_pearson 0.8645, lr 1.00e-03 ---
2026-10-01 10:19:29,162 - INFO - 
****************************************************************************************************
2026-10-01 10:19:31,003 - INFO - --- training epoch 66, loss 0.0110, mae 0.1100, rmse 0.1486, time elapsed(min) 0.03---
2026-10-01 10:19:31,232 - INFO - --- validation at epoch 66, val_loss 0.0081, val_mae 0.1004, val_rmse 0.1367, val_r2 0.7446, val_pearson 0.8768, lr 1.00e-03 ---
2026-10-01 10:19:31,232 - INFO - 
****************************************************************************************************
2026-10-01 10:19:33,179 - INFO - --- training epoch 67, loss 0.0114, mae 0.1112, rmse 0.1508, time elapsed(min) 0.03---
2026-10-01 10:19:33,561 - INFO - --- validation at epoch 67, val_loss 0.0096, val_mae 0.1088, val_rmse 0.1462, val_r2 0.7080, val_pearson 0.8658, lr 1.00e-03 ---
2026-10-01 10:19:33,561 - INFO - 
****************************************************************************************************
2026-10-01 10:19:35,665 - INFO - --- training epoch 68, loss 0.0112, mae 0.1110, rmse 0.1496, time elapsed(min) 0.03---
2026-10-01 10:19:35,894 - INFO - --- validation at epoch 68, val_loss 0.0090, val_mae 0.1044, val_rmse 0.1433, val_r2 0.7194, val_pearson 0.8727, lr 1.00e-03 ---
2026-10-01 10:19:35,894 - INFO - 
****************************************************************************************************
2026-10-01 10:19:37,838 - INFO - --- training epoch 69, loss 0.0107, mae 0.1084, rmse 0.1462, time elapsed(min) 0.03---
2026-10-01 10:19:38,069 - INFO - --- validation at epoch 69, val_loss 0.0080, val_mae 0.0993, val_rmse 0.1351, val_r2 0.7505, val_pearson 0.8742, lr 1.00e-03 ---
2026-10-01 10:19:38,069 - INFO - 
****************************************************************************************************
2026-10-01 10:19:40,172 - INFO - --- training epoch 70, loss 0.0103, mae 0.1058, rmse 0.1434, time elapsed(min) 0.03---
2026-10-01 10:19:40,548 - INFO - --- validation at epoch 70, val_loss 0.0093, val_mae 0.1063, val_rmse 0.1472, val_r2 0.7041, val_pearson 0.8701, lr 1.00e-03 ---
2026-10-01 10:19:40,548 - INFO - 
****************************************************************************************************
2026-10-01 10:19:42,666 - INFO - --- training epoch 71, loss 0.0108, mae 0.1089, rmse 0.1467, time elapsed(min) 0.03---
2026-10-01 10:19:42,896 - INFO - --- validation at epoch 71, val_loss 0.0113, val_mae 0.1164, val_rmse 0.1592, val_r2 0.6537, val_pearson 0.8608, lr 1.00e-03 ---
2026-10-01 10:19:42,896 - INFO - 
****************************************************************************************************
2026-10-01 10:19:44,751 - INFO - --- training epoch 72, loss 0.0116, mae 0.1124, rmse 0.1523, time elapsed(min) 0.03---
2026-10-01 10:19:44,986 - INFO - --- validation at epoch 72, val_loss 0.0090, val_mae 0.1035, val_rmse 0.1442, val_r2 0.7157, val_pearson 0.8667, lr 1.00e-03 ---
2026-10-01 10:19:44,986 - INFO - 
****************************************************************************************************
2026-10-01 10:19:46,837 - INFO - --- training epoch 73, loss 0.0107, mae 0.1084, rmse 0.1463, time elapsed(min) 0.03---
2026-10-01 10:19:47,217 - INFO - --- validation at epoch 73, val_loss 0.0093, val_mae 0.1059, val_rmse 0.1459, val_r2 0.7091, val_pearson 0.8585, lr 1.00e-03 ---
2026-10-01 10:19:47,217 - INFO - 
****************************************************************************************************
2026-10-01 10:19:49,208 - INFO - --- training epoch 74, loss 0.0105, mae 0.1074, rmse 0.1450, time elapsed(min) 0.03---
2026-10-01 10:19:49,639 - INFO - --- validation at epoch 74, val_loss 0.0098, val_mae 0.1093, val_rmse 0.1490, val_r2 0.6968, val_pearson 0.8595, lr 1.00e-03 ---
2026-10-01 10:19:49,639 - INFO - 
****************************************************************************************************
2026-10-01 10:19:51,595 - INFO - --- training epoch 75, loss 0.0108, mae 0.1097, rmse 0.1470, time elapsed(min) 0.03---
2026-10-01 10:19:51,826 - INFO - --- validation at epoch 75, val_loss 0.0122, val_mae 0.1199, val_rmse 0.1662, val_r2 0.6228, val_pearson 0.8556, lr 1.00e-03 ---
2026-10-01 10:19:51,826 - INFO - 
****************************************************************************************************
2026-10-01 10:19:53,731 - INFO - --- training epoch 76, loss 0.0114, mae 0.1125, rmse 0.1510, time elapsed(min) 0.03---
2026-10-01 10:19:53,963 - INFO - --- validation at epoch 76, val_loss 0.0084, val_mae 0.1030, val_rmse 0.1386, val_r2 0.7374, val_pearson 0.8653, lr 1.00e-03 ---
2026-10-01 10:19:53,963 - INFO - 
****************************************************************************************************
2026-10-01 10:19:55,824 - INFO - --- training epoch 77, loss 0.0107, mae 0.1079, rmse 0.1460, time elapsed(min) 0.03---
2026-10-01 10:19:56,231 - INFO - --- validation at epoch 77, val_loss 0.0085, val_mae 0.1021, val_rmse 0.1375, val_r2 0.7416, val_pearson 0.8674, lr 1.00e-03 ---
2026-10-01 10:19:56,231 - INFO - 
****************************************************************************************************
2026-10-01 10:19:58,329 - INFO - --- training epoch 78, loss 0.0101, mae 0.1052, rmse 0.1425, time elapsed(min) 0.03---
2026-10-01 10:19:58,563 - INFO - --- validation at epoch 78, val_loss 0.0086, val_mae 0.1034, val_rmse 0.1410, val_r2 0.7282, val_pearson 0.8691, lr 1.00e-03 ---
2026-10-01 10:19:58,563 - INFO - 
****************************************************************************************************
2026-10-01 10:20:00,416 - INFO - --- training epoch 79, loss 0.0100, mae 0.1043, rmse 0.1413, time elapsed(min) 0.03---
2026-10-01 10:20:00,647 - INFO - --- validation at epoch 79, val_loss 0.0084, val_mae 0.1017, val_rmse 0.1374, val_r2 0.7422, val_pearson 0.8791, lr 1.00e-03 ---
2026-10-01 10:20:00,647 - INFO - 
****************************************************************************************************
2026-10-01 10:20:02,487 - INFO - --- training epoch 80, loss 0.0100, mae 0.1043, rmse 0.1416, time elapsed(min) 0.03---
2026-10-01 10:20:02,717 - INFO - --- validation at epoch 80, val_loss 0.0092, val_mae 0.1046, val_rmse 0.1417, val_r2 0.7257, val_pearson 0.8775, lr 1.00e-03 ---
2026-10-01 10:20:02,717 - INFO - 
****************************************************************************************************
2026-10-01 10:20:04,662 - INFO - --- training epoch 81, loss 0.0094, mae 0.1013, rmse 0.1371, time elapsed(min) 0.03---
2026-10-01 10:20:05,208 - INFO - --- validation at epoch 81, val_loss 0.0073, val_mae 0.0979, val_rmse 0.1317, val_r2 0.7630, val_pearson 0.8773, lr 3.00e-04 ---
2026-10-01 10:20:05,208 - INFO - 
****************************************************************************************************
2026-10-01 10:20:07,116 - INFO - --- training epoch 82, loss 0.0092, mae 0.0995, rmse 0.1355, time elapsed(min) 0.03---
2026-10-01 10:20:07,350 - INFO - --- validation at epoch 82, val_loss 0.0070, val_mae 0.0949, val_rmse 0.1274, val_r2 0.7782, val_pearson 0.8839, lr 3.00e-04 ---
2026-10-01 10:20:07,350 - INFO - 
****************************************************************************************************
2026-10-01 10:20:09,260 - INFO - --- training epoch 83, loss 0.0088, mae 0.0976, rmse 0.1328, time elapsed(min) 0.03---
2026-10-01 10:20:09,490 - INFO - --- validation at epoch 83, val_loss 0.0069, val_mae 0.0930, val_rmse 0.1267, val_r2 0.7807, val_pearson 0.8870, lr 3.00e-04 ---
2026-10-01 10:20:09,490 - INFO - 
****************************************************************************************************
2026-10-01 10:20:11,513 - INFO - --- training epoch 84, loss 0.0090, mae 0.0988, rmse 0.1343, time elapsed(min) 0.03---
2026-10-01 10:20:11,938 - INFO - --- validation at epoch 84, val_loss 0.0072, val_mae 0.0951, val_rmse 0.1288, val_r2 0.7735, val_pearson 0.8822, lr 3.00e-04 ---
2026-10-01 10:20:11,938 - INFO - 
****************************************************************************************************
2026-10-01 10:20:13,941 - INFO - --- training epoch 85, loss 0.0091, mae 0.0991, rmse 0.1347, time elapsed(min) 0.03---
2026-10-01 10:20:14,191 - INFO - --- validation at epoch 85, val_loss 0.0070, val_mae 0.0942, val_rmse 0.1278, val_r2 0.7767, val_pearson 0.8850, lr 3.00e-04 ---
2026-10-01 10:20:14,191 - INFO - 
****************************************************************************************************
2026-10-01 10:20:16,030 - INFO - --- training epoch 86, loss 0.0090, mae 0.0984, rmse 0.1341, time elapsed(min) 0.03---
2026-10-01 10:20:16,287 - INFO - --- validation at epoch 86, val_loss 0.0070, val_mae 0.0946, val_rmse 0.1271, val_r2 0.7792, val_pearson 0.8848, lr 3.00e-04 ---
2026-10-01 10:20:16,287 - INFO - 
****************************************************************************************************
2026-10-01 10:20:18,279 - INFO - --- training epoch 87, loss 0.0090, mae 0.0983, rmse 0.1344, time elapsed(min) 0.03---
2026-10-01 10:20:18,737 - INFO - --- validation at epoch 87, val_loss 0.0071, val_mae 0.0942, val_rmse 0.1275, val_r2 0.7778, val_pearson 0.8840, lr 3.00e-04 ---
2026-10-01 10:20:18,737 - INFO - 
****************************************************************************************************
2026-10-01 10:20:20,790 - INFO - --- training epoch 88, loss 0.0091, mae 0.0983, rmse 0.1349, time elapsed(min) 0.03---
2026-10-01 10:20:21,016 - INFO - --- validation at epoch 88, val_loss 0.0069, val_mae 0.0931, val_rmse 0.1259, val_r2 0.7834, val_pearson 0.8867, lr 3.00e-04 ---
2026-10-01 10:20:21,016 - INFO - 
****************************************************************************************************
2026-10-01 10:20:22,839 - INFO - --- training epoch 89, loss 0.0089, mae 0.0977, rmse 0.1332, time elapsed(min) 0.03---
2026-10-01 10:20:23,072 - INFO - --- validation at epoch 89, val_loss 0.0067, val_mae 0.0926, val_rmse 0.1237, val_r2 0.7909, val_pearson 0.8903, lr 3.00e-04 ---
2026-10-01 10:20:23,072 - INFO - 
****************************************************************************************************
2026-10-01 10:20:25,031 - INFO - --- training epoch 90, loss 0.0089, mae 0.0974, rmse 0.1331, time elapsed(min) 0.03---
2026-10-01 10:20:25,431 - INFO - --- validation at epoch 90, val_loss 0.0071, val_mae 0.0946, val_rmse 0.1275, val_r2 0.7780, val_pearson 0.8843, lr 3.00e-04 ---
2026-10-01 10:20:25,431 - INFO - 
****************************************************************************************************
2026-10-01 10:20:27,567 - INFO - --- training epoch 91, loss 0.0088, mae 0.0977, rmse 0.1329, time elapsed(min) 0.03---
2026-10-01 10:20:27,792 - INFO - --- validation at epoch 91, val_loss 0.0071, val_mae 0.0947, val_rmse 0.1279, val_r2 0.7765, val_pearson 0.8833, lr 3.00e-04 ---
2026-10-01 10:20:27,792 - INFO - 
****************************************************************************************************
2026-10-01 10:20:29,607 - INFO - --- training epoch 92, loss 0.0090, mae 0.0979, rmse 0.1341, time elapsed(min) 0.03---
2026-10-01 10:20:29,836 - INFO - --- validation at epoch 92, val_loss 0.0071, val_mae 0.0953, val_rmse 0.1282, val_r2 0.7754, val_pearson 0.8845, lr 3.00e-04 ---
2026-10-01 10:20:29,836 - INFO - 
****************************************************************************************************
2026-10-01 10:20:31,686 - INFO - --- training epoch 93, loss 0.0088, mae 0.0982, rmse 0.1328, time elapsed(min) 0.03---
2026-10-01 10:20:31,938 - INFO - --- validation at epoch 93, val_loss 0.0071, val_mae 0.0940, val_rmse 0.1280, val_r2 0.7763, val_pearson 0.8838, lr 3.00e-04 ---
2026-10-01 10:20:31,938 - INFO - 
****************************************************************************************************
2026-10-01 10:20:33,863 - INFO - --- training epoch 94, loss 0.0090, mae 0.0989, rmse 0.1343, time elapsed(min) 0.03---
2026-10-01 10:20:34,279 - INFO - --- validation at epoch 94, val_loss 0.0071, val_mae 0.0938, val_rmse 0.1264, val_r2 0.7818, val_pearson 0.8869, lr 3.00e-04 ---
2026-10-01 10:20:34,279 - INFO - 
****************************************************************************************************
2026-10-01 10:20:36,320 - INFO - --- training epoch 95, loss 0.0089, mae 0.0984, rmse 0.1337, time elapsed(min) 0.03---
2026-10-01 10:20:36,554 - INFO - --- validation at epoch 95, val_loss 0.0070, val_mae 0.0941, val_rmse 0.1270, val_r2 0.7796, val_pearson 0.8852, lr 3.00e-04 ---
2026-10-01 10:20:36,554 - INFO - 
****************************************************************************************************
2026-10-01 10:20:38,384 - INFO - --- training epoch 96, loss 0.0088, mae 0.0976, rmse 0.1330, time elapsed(min) 0.03---
2026-10-01 10:20:38,619 - INFO - --- validation at epoch 96, val_loss 0.0070, val_mae 0.0943, val_rmse 0.1268, val_r2 0.7802, val_pearson 0.8847, lr 3.00e-04 ---
2026-10-01 10:20:38,619 - INFO - 
****************************************************************************************************
2026-10-01 10:20:40,491 - INFO - --- training epoch 97, loss 0.0089, mae 0.0984, rmse 0.1335, time elapsed(min) 0.03---
2026-10-01 10:20:40,870 - INFO - --- validation at epoch 97, val_loss 0.0075, val_mae 0.0962, val_rmse 0.1302, val_r2 0.7684, val_pearson 0.8793, lr 3.00e-04 ---
2026-10-01 10:20:40,870 - INFO - 
****************************************************************************************************
2026-10-01 10:20:42,948 - INFO - --- training epoch 98, loss 0.0090, mae 0.0986, rmse 0.1341, time elapsed(min) 0.03---
2026-10-01 10:20:43,180 - INFO - --- validation at epoch 98, val_loss 0.0068, val_mae 0.0930, val_rmse 0.1254, val_r2 0.7850, val_pearson 0.8882, lr 3.00e-04 ---
2026-10-01 10:20:43,180 - INFO - 
****************************************************************************************************
2026-10-01 10:20:45,008 - INFO - --- training epoch 99, loss 0.0089, mae 0.0980, rmse 0.1335, time elapsed(min) 0.03---
2026-10-01 10:20:45,244 - INFO - --- validation at epoch 99, val_loss 0.0071, val_mae 0.0941, val_rmse 0.1270, val_r2 0.7795, val_pearson 0.8845, lr 3.00e-04 ---
2026-10-01 10:20:45,244 - INFO - 
****************************************************************************************************
2026-10-01 10:20:47,082 - INFO - --- training epoch 100, loss 0.0088, mae 0.0978, rmse 0.1324, time elapsed(min) 0.03---
2026-10-01 10:20:47,316 - INFO - --- validation at epoch 100, val_loss 0.0070, val_mae 0.0946, val_rmse 0.1269, val_r2 0.7800, val_pearson 0.8852, lr 3.00e-04 ---
2026-10-01 10:20:47,316 - INFO - 
****************************************************************************************************
2026-10-01 10:20:49,240 - INFO - --- training epoch 101, loss 0.0086, mae 0.0956, rmse 0.1308, time elapsed(min) 0.03---
2026-10-01 10:20:49,663 - INFO - --- validation at epoch 101, val_loss 0.0069, val_mae 0.0913, val_rmse 0.1263, val_r2 0.7822, val_pearson 0.8903, lr 9.00e-05 ---
2026-10-01 10:20:49,663 - INFO - 
****************************************************************************************************
2026-10-01 10:20:51,620 - INFO - --- training epoch 102, loss 0.0084, mae 0.0954, rmse 0.1300, time elapsed(min) 0.03---
2026-10-01 10:20:51,847 - INFO - --- validation at epoch 102, val_loss 0.0070, val_mae 0.0927, val_rmse 0.1276, val_r2 0.7774, val_pearson 0.8919, lr 9.00e-05 ---
2026-10-01 10:20:51,847 - INFO - 
****************************************************************************************************
2026-10-01 10:20:53,662 - INFO - --- training epoch 103, loss 0.0084, mae 0.0949, rmse 0.1300, time elapsed(min) 0.03---
2026-10-01 10:20:53,896 - INFO - --- validation at epoch 103, val_loss 0.0068, val_mae 0.0913, val_rmse 0.1258, val_r2 0.7838, val_pearson 0.8919, lr 9.00e-05 ---
2026-10-01 10:20:53,896 - INFO - 
****************************************************************************************************
2026-10-01 10:20:55,754 - INFO - --- training epoch 104, loss 0.0084, mae 0.0951, rmse 0.1294, time elapsed(min) 0.03---
2026-10-01 10:20:56,127 - INFO - --- validation at epoch 104, val_loss 0.0069, val_mae 0.0917, val_rmse 0.1266, val_r2 0.7809, val_pearson 0.8927, lr 9.00e-05 ---
2026-10-01 10:20:56,127 - INFO - 
****************************************************************************************************
2026-10-01 10:20:58,226 - INFO - --- training epoch 105, loss 0.0085, mae 0.0950, rmse 0.1302, time elapsed(min) 0.03---
2026-10-01 10:20:58,457 - INFO - --- validation at epoch 105, val_loss 0.0070, val_mae 0.0927, val_rmse 0.1278, val_r2 0.7768, val_pearson 0.8927, lr 9.00e-05 ---
2026-10-01 10:20:58,457 - INFO - 
****************************************************************************************************
2026-10-01 10:21:00,281 - INFO - --- training epoch 106, loss 0.0085, mae 0.0952, rmse 0.1305, time elapsed(min) 0.03---
2026-10-01 10:21:00,507 - INFO - --- validation at epoch 106, val_loss 0.0069, val_mae 0.0918, val_rmse 0.1265, val_r2 0.7814, val_pearson 0.8919, lr 9.00e-05 ---
2026-10-01 10:21:00,507 - INFO - 
****************************************************************************************************
2026-10-01 10:21:02,340 - INFO - --- training epoch 107, loss 0.0084, mae 0.0952, rmse 0.1298, time elapsed(min) 0.03---
2026-10-01 10:21:02,721 - INFO - --- validation at epoch 107, val_loss 0.0069, val_mae 0.0919, val_rmse 0.1268, val_r2 0.7804, val_pearson 0.8922, lr 9.00e-05 ---
2026-10-01 10:21:02,721 - INFO - 
****************************************************************************************************
2026-10-01 10:21:04,662 - INFO - --- training epoch 108, loss 0.0087, mae 0.0961, rmse 0.1316, time elapsed(min) 0.03---
2026-10-01 10:21:05,094 - INFO - --- validation at epoch 108, val_loss 0.0070, val_mae 0.0919, val_rmse 0.1271, val_r2 0.7794, val_pearson 0.8918, lr 9.00e-05 ---
2026-10-01 10:21:05,094 - INFO - 
****************************************************************************************************
2026-10-01 10:21:07,032 - INFO - --- training epoch 109, loss 0.0086, mae 0.0960, rmse 0.1311, time elapsed(min) 0.03---
2026-10-01 10:21:07,260 - INFO - --- validation at epoch 109, val_loss 0.0067, val_mae 0.0909, val_rmse 0.1253, val_r2 0.7854, val_pearson 0.8934, lr 9.00e-05 ---
2026-10-01 10:21:07,260 - INFO - 
****************************************************************************************************
2026-10-01 10:21:09,171 - INFO - --- training epoch 110, loss 0.0085, mae 0.0952, rmse 0.1301, time elapsed(min) 0.03---
2026-10-01 10:21:09,399 - INFO - --- validation at epoch 110, val_loss 0.0067, val_mae 0.0908, val_rmse 0.1252, val_r2 0.7860, val_pearson 0.8927, lr 9.00e-05 ---
2026-10-01 10:21:09,399 - INFO - 
****************************************************************************************************
2026-10-01 10:21:11,306 - INFO - --- training epoch 111, loss 0.0082, mae 0.0940, rmse 0.1283, time elapsed(min) 0.03---
2026-10-01 10:21:11,722 - INFO - --- validation at epoch 111, val_loss 0.0067, val_mae 0.0903, val_rmse 0.1244, val_r2 0.7887, val_pearson 0.8938, lr 9.00e-05 ---
2026-10-01 10:21:11,722 - INFO - 
****************************************************************************************************
2026-10-01 10:21:13,872 - INFO - --- training epoch 112, loss 0.0082, mae 0.0938, rmse 0.1282, time elapsed(min) 0.03---
2026-10-01 10:21:14,103 - INFO - --- validation at epoch 112, val_loss 0.0068, val_mae 0.0909, val_rmse 0.1259, val_r2 0.7833, val_pearson 0.8937, lr 9.00e-05 ---
2026-10-01 10:21:14,103 - INFO - 
****************************************************************************************************
2026-10-01 10:21:16,020 - INFO - --- training epoch 113, loss 0.0083, mae 0.0946, rmse 0.1292, time elapsed(min) 0.03---
2026-10-01 10:21:16,248 - INFO - --- validation at epoch 113, val_loss 0.0068, val_mae 0.0909, val_rmse 0.1258, val_r2 0.7838, val_pearson 0.8933, lr 9.00e-05 ---
2026-10-01 10:21:16,248 - INFO - 
****************************************************************************************************
2026-10-01 10:21:18,091 - INFO - --- training epoch 114, loss 0.0082, mae 0.0937, rmse 0.1279, time elapsed(min) 0.03---
2026-10-01 10:21:18,505 - INFO - --- validation at epoch 114, val_loss 0.0068, val_mae 0.0906, val_rmse 0.1257, val_r2 0.7841, val_pearson 0.8927, lr 9.00e-05 ---
2026-10-01 10:21:18,505 - INFO - 
****************************************************************************************************
2026-10-01 10:21:20,605 - INFO - --- training epoch 115, loss 0.0081, mae 0.0931, rmse 0.1274, time elapsed(min) 0.03---
2026-10-01 10:21:20,832 - INFO - --- validation at epoch 115, val_loss 0.0067, val_mae 0.0902, val_rmse 0.1248, val_r2 0.7874, val_pearson 0.8940, lr 9.00e-05 ---
2026-10-01 10:21:20,832 - INFO - 
****************************************************************************************************
2026-10-01 10:21:22,771 - INFO - --- training epoch 116, loss 0.0083, mae 0.0944, rmse 0.1289, time elapsed(min) 0.03---
2026-10-01 10:21:23,008 - INFO - --- validation at epoch 116, val_loss 0.0068, val_mae 0.0908, val_rmse 0.1258, val_r2 0.7837, val_pearson 0.8940, lr 9.00e-05 ---
2026-10-01 10:21:23,008 - INFO - 
****************************************************************************************************
2026-10-01 10:21:24,943 - INFO - --- training epoch 117, loss 0.0082, mae 0.0940, rmse 0.1284, time elapsed(min) 0.03---
2026-10-01 10:21:25,173 - INFO - --- validation at epoch 117, val_loss 0.0068, val_mae 0.0911, val_rmse 0.1255, val_r2 0.7849, val_pearson 0.8949, lr 9.00e-05 ---
2026-10-01 10:21:25,174 - INFO - 
****************************************************************************************************
2026-10-01 10:21:27,126 - INFO - --- training epoch 118, loss 0.0082, mae 0.0938, rmse 0.1281, time elapsed(min) 0.03---
2026-10-01 10:21:27,547 - INFO - --- validation at epoch 118, val_loss 0.0067, val_mae 0.0905, val_rmse 0.1248, val_r2 0.7870, val_pearson 0.8938, lr 9.00e-05 ---
2026-10-01 10:21:27,547 - INFO - 
****************************************************************************************************
2026-10-01 10:21:29,519 - INFO - --- training epoch 119, loss 0.0083, mae 0.0947, rmse 0.1290, time elapsed(min) 0.03---
2026-10-01 10:21:29,800 - INFO - --- validation at epoch 119, val_loss 0.0067, val_mae 0.0907, val_rmse 0.1248, val_r2 0.7872, val_pearson 0.8960, lr 9.00e-05 ---
2026-10-01 10:21:29,800 - INFO - 
****************************************************************************************************
2026-10-01 10:21:31,656 - INFO - --- training epoch 120, loss 0.0084, mae 0.0947, rmse 0.1296, time elapsed(min) 0.03---
2026-10-01 10:21:31,885 - INFO - --- validation at epoch 120, val_loss 0.0066, val_mae 0.0903, val_rmse 0.1241, val_r2 0.7895, val_pearson 0.8945, lr 9.00e-05 ---
2026-10-01 10:21:31,885 - INFO - 
****************************************************************************************************
2026-10-01 10:21:33,982 - INFO - --- training epoch 121, loss 0.0083, mae 0.0943, rmse 0.1288, time elapsed(min) 0.03---
2026-10-01 10:21:34,370 - INFO - --- validation at epoch 121, val_loss 0.0067, val_mae 0.0906, val_rmse 0.1250, val_r2 0.7865, val_pearson 0.8948, lr 9.00e-05 ---
2026-10-01 10:21:34,370 - INFO - 
****************************************************************************************************
2026-10-01 10:21:36,572 - INFO - --- training epoch 122, loss 0.0082, mae 0.0939, rmse 0.1282, time elapsed(min) 0.03---
2026-10-01 10:21:36,801 - INFO - --- validation at epoch 122, val_loss 0.0068, val_mae 0.0914, val_rmse 0.1259, val_r2 0.7835, val_pearson 0.8942, lr 9.00e-05 ---
2026-10-01 10:21:36,802 - INFO - 
****************************************************************************************************
2026-10-01 10:21:38,640 - INFO - --- training epoch 123, loss 0.0083, mae 0.0946, rmse 0.1292, time elapsed(min) 0.03---
2026-10-01 10:21:38,871 - INFO - --- validation at epoch 123, val_loss 0.0070, val_mae 0.0923, val_rmse 0.1275, val_r2 0.7777, val_pearson 0.8941, lr 9.00e-05 ---
2026-10-01 10:21:38,871 - INFO - 
****************************************************************************************************
2026-10-01 10:21:40,788 - INFO - --- training epoch 124, loss 0.0082, mae 0.0936, rmse 0.1279, time elapsed(min) 0.03---
2026-10-01 10:21:41,014 - INFO - --- validation at epoch 124, val_loss 0.0068, val_mae 0.0911, val_rmse 0.1254, val_r2 0.7851, val_pearson 0.8956, lr 9.00e-05 ---
2026-10-01 10:21:41,014 - INFO - 
****************************************************************************************************
2026-10-01 10:21:42,975 - INFO - --- training epoch 125, loss 0.0082, mae 0.0937, rmse 0.1282, time elapsed(min) 0.03---
2026-10-01 10:21:43,522 - INFO - --- validation at epoch 125, val_loss 0.0067, val_mae 0.0902, val_rmse 0.1248, val_r2 0.7872, val_pearson 0.8957, lr 9.00e-05 ---
2026-10-01 10:21:43,522 - INFO - 
****************************************************************************************************
2026-10-01 10:21:45,562 - INFO - --- training epoch 126, loss 0.0082, mae 0.0943, rmse 0.1279, time elapsed(min) 0.03---
2026-10-01 10:21:45,796 - INFO - --- validation at epoch 126, val_loss 0.0066, val_mae 0.0904, val_rmse 0.1246, val_r2 0.7878, val_pearson 0.8948, lr 9.00e-05 ---
2026-10-01 10:21:45,796 - INFO - 
****************************************************************************************************
2026-10-01 10:21:47,718 - INFO - --- training epoch 127, loss 0.0083, mae 0.0944, rmse 0.1292, time elapsed(min) 0.03---
2026-10-01 10:21:47,954 - INFO - --- validation at epoch 127, val_loss 0.0065, val_mae 0.0895, val_rmse 0.1237, val_r2 0.7911, val_pearson 0.8962, lr 9.00e-05 ---
2026-10-01 10:21:47,954 - INFO - 
****************************************************************************************************
2026-10-01 10:21:50,058 - INFO - --- training epoch 128, loss 0.0082, mae 0.0937, rmse 0.1284, time elapsed(min) 0.03---
2026-10-01 10:21:50,498 - INFO - --- validation at epoch 128, val_loss 0.0066, val_mae 0.0903, val_rmse 0.1239, val_r2 0.7901, val_pearson 0.8968, lr 9.00e-05 ---
2026-10-01 10:21:50,498 - INFO - 
****************************************************************************************************
2026-10-01 10:21:52,444 - INFO - --- training epoch 129, loss 0.0081, mae 0.0926, rmse 0.1274, time elapsed(min) 0.03---
2026-10-01 10:21:52,673 - INFO - --- validation at epoch 129, val_loss 0.0065, val_mae 0.0893, val_rmse 0.1230, val_r2 0.7932, val_pearson 0.8971, lr 9.00e-05 ---
2026-10-01 10:21:52,673 - INFO - 
****************************************************************************************************
2026-10-01 10:21:54,655 - INFO - --- training epoch 130, loss 0.0083, mae 0.0945, rmse 0.1287, time elapsed(min) 0.03---
2026-10-01 10:21:54,923 - INFO - --- validation at epoch 130, val_loss 0.0068, val_mae 0.0917, val_rmse 0.1261, val_r2 0.7828, val_pearson 0.8944, lr 9.00e-05 ---
2026-10-01 10:21:54,923 - INFO - 
****************************************************************************************************
2026-10-01 10:21:56,795 - INFO - --- training epoch 131, loss 0.0082, mae 0.0934, rmse 0.1284, time elapsed(min) 0.03---
2026-10-01 10:21:57,192 - INFO - --- validation at epoch 131, val_loss 0.0068, val_mae 0.0911, val_rmse 0.1256, val_r2 0.7846, val_pearson 0.8961, lr 9.00e-05 ---
2026-10-01 10:21:57,192 - INFO - 
****************************************************************************************************
2026-10-01 10:21:59,284 - INFO - --- training epoch 132, loss 0.0082, mae 0.0932, rmse 0.1279, time elapsed(min) 0.03---
2026-10-01 10:21:59,515 - INFO - --- validation at epoch 132, val_loss 0.0069, val_mae 0.0917, val_rmse 0.1266, val_r2 0.7811, val_pearson 0.8950, lr 9.00e-05 ---
2026-10-01 10:21:59,515 - INFO - 
****************************************************************************************************
2026-10-01 10:22:01,373 - INFO - --- training epoch 133, loss 0.0083, mae 0.0944, rmse 0.1287, time elapsed(min) 0.03---
2026-10-01 10:22:01,603 - INFO - --- validation at epoch 133, val_loss 0.0067, val_mae 0.0905, val_rmse 0.1246, val_r2 0.7879, val_pearson 0.8983, lr 9.00e-05 ---
2026-10-01 10:22:01,603 - INFO - 
****************************************************************************************************
2026-10-01 10:22:03,447 - INFO - --- training epoch 134, loss 0.0082, mae 0.0932, rmse 0.1281, time elapsed(min) 0.03---
2026-10-01 10:22:03,818 - INFO - --- validation at epoch 134, val_loss 0.0068, val_mae 0.0913, val_rmse 0.1254, val_r2 0.7850, val_pearson 0.8955, lr 9.00e-05 ---
2026-10-01 10:22:03,818 - INFO - 
****************************************************************************************************
2026-10-01 10:22:05,908 - INFO - --- training epoch 135, loss 0.0083, mae 0.0947, rmse 0.1292, time elapsed(min) 0.03---
2026-10-01 10:22:06,139 - INFO - --- validation at epoch 135, val_loss 0.0069, val_mae 0.0921, val_rmse 0.1273, val_r2 0.7787, val_pearson 0.8955, lr 9.00e-05 ---
2026-10-01 10:22:06,139 - INFO - 
****************************************************************************************************
2026-10-01 10:22:08,004 - INFO - --- training epoch 136, loss 0.0082, mae 0.0935, rmse 0.1284, time elapsed(min) 0.03---
2026-10-01 10:22:08,231 - INFO - --- validation at epoch 136, val_loss 0.0068, val_mae 0.0917, val_rmse 0.1262, val_r2 0.7825, val_pearson 0.8964, lr 9.00e-05 ---
2026-10-01 10:22:08,232 - INFO - 
****************************************************************************************************
2026-10-01 10:22:10,071 - INFO - --- training epoch 137, loss 0.0082, mae 0.0935, rmse 0.1279, time elapsed(min) 0.03---
2026-10-01 10:22:10,302 - INFO - --- validation at epoch 137, val_loss 0.0068, val_mae 0.0906, val_rmse 0.1253, val_r2 0.7856, val_pearson 0.8953, lr 9.00e-05 ---
2026-10-01 10:22:10,302 - INFO - 
****************************************************************************************************
2026-10-01 10:22:12,214 - INFO - --- training epoch 138, loss 0.0081, mae 0.0931, rmse 0.1273, time elapsed(min) 0.03---
2026-10-01 10:22:12,652 - INFO - --- validation at epoch 138, val_loss 0.0066, val_mae 0.0898, val_rmse 0.1237, val_r2 0.7908, val_pearson 0.8979, lr 9.00e-05 ---
2026-10-01 10:22:12,652 - INFO - 
****************************************************************************************************
2026-10-01 10:22:14,615 - INFO - --- training epoch 139, loss 0.0082, mae 0.0934, rmse 0.1280, time elapsed(min) 0.03---
2026-10-01 10:22:14,851 - INFO - --- validation at epoch 139, val_loss 0.0066, val_mae 0.0899, val_rmse 0.1244, val_r2 0.7885, val_pearson 0.8963, lr 9.00e-05 ---
2026-10-01 10:22:14,851 - INFO - 
****************************************************************************************************
2026-10-01 10:22:16,744 - INFO - --- training epoch 140, loss 0.0080, mae 0.0928, rmse 0.1266, time elapsed(min) 0.03---
2026-10-01 10:22:16,972 - INFO - --- validation at epoch 140, val_loss 0.0064, val_mae 0.0886, val_rmse 0.1219, val_r2 0.7968, val_pearson 0.8996, lr 9.00e-05 ---
2026-10-01 10:22:16,972 - INFO - 
****************************************************************************************************
2026-10-01 10:22:18,907 - INFO - --- training epoch 141, loss 0.0080, mae 0.0932, rmse 0.1268, time elapsed(min) 0.03---
2026-10-01 10:22:19,287 - INFO - --- validation at epoch 141, val_loss 0.0067, val_mae 0.0905, val_rmse 0.1248, val_r2 0.7870, val_pearson 0.8978, lr 9.00e-05 ---
2026-10-01 10:22:19,287 - INFO - 
****************************************************************************************************
2026-10-01 10:22:21,483 - INFO - --- training epoch 142, loss 0.0082, mae 0.0930, rmse 0.1277, time elapsed(min) 0.03---
2026-10-01 10:22:21,713 - INFO - --- validation at epoch 142, val_loss 0.0065, val_mae 0.0889, val_rmse 0.1234, val_r2 0.7921, val_pearson 0.8970, lr 9.00e-05 ---
2026-10-01 10:22:21,713 - INFO - 
****************************************************************************************************
2026-10-01 10:22:23,558 - INFO - --- training epoch 143, loss 0.0082, mae 0.0931, rmse 0.1277, time elapsed(min) 0.03---
2026-10-01 10:22:23,791 - INFO - --- validation at epoch 143, val_loss 0.0065, val_mae 0.0893, val_rmse 0.1227, val_r2 0.7941, val_pearson 0.8980, lr 9.00e-05 ---
2026-10-01 10:22:23,791 - INFO - 
****************************************************************************************************
2026-10-01 10:22:25,633 - INFO - --- training epoch 144, loss 0.0080, mae 0.0925, rmse 0.1266, time elapsed(min) 0.03---
2026-10-01 10:22:25,873 - INFO - --- validation at epoch 144, val_loss 0.0067, val_mae 0.0908, val_rmse 0.1252, val_r2 0.7857, val_pearson 0.8975, lr 9.00e-05 ---
2026-10-01 10:22:25,873 - INFO - 
****************************************************************************************************
2026-10-01 10:22:27,834 - INFO - --- training epoch 145, loss 0.0083, mae 0.0938, rmse 0.1285, time elapsed(min) 0.03---
2026-10-01 10:22:28,280 - INFO - --- validation at epoch 145, val_loss 0.0068, val_mae 0.0908, val_rmse 0.1251, val_r2 0.7861, val_pearson 0.8946, lr 9.00e-05 ---
2026-10-01 10:22:28,280 - INFO - 
****************************************************************************************************
2026-10-01 10:22:30,259 - INFO - --- training epoch 146, loss 0.0082, mae 0.0937, rmse 0.1282, time elapsed(min) 0.03---
2026-10-01 10:22:30,491 - INFO - --- validation at epoch 146, val_loss 0.0065, val_mae 0.0901, val_rmse 0.1235, val_r2 0.7917, val_pearson 0.8985, lr 9.00e-05 ---
2026-10-01 10:22:30,491 - INFO - 
****************************************************************************************************
2026-10-01 10:22:32,327 - INFO - --- training epoch 147, loss 0.0079, mae 0.0922, rmse 0.1259, time elapsed(min) 0.03---
2026-10-01 10:22:32,554 - INFO - --- validation at epoch 147, val_loss 0.0065, val_mae 0.0893, val_rmse 0.1231, val_r2 0.7928, val_pearson 0.8978, lr 9.00e-05 ---
2026-10-01 10:22:32,554 - INFO - 
****************************************************************************************************
2026-10-01 10:22:34,416 - INFO - --- training epoch 148, loss 0.0081, mae 0.0931, rmse 0.1272, time elapsed(min) 0.03---
2026-10-01 10:22:34,805 - INFO - --- validation at epoch 148, val_loss 0.0064, val_mae 0.0887, val_rmse 0.1223, val_r2 0.7956, val_pearson 0.8992, lr 9.00e-05 ---
2026-10-01 10:22:34,805 - INFO - 
****************************************************************************************************
2026-10-01 10:22:36,910 - INFO - --- training epoch 149, loss 0.0080, mae 0.0923, rmse 0.1267, time elapsed(min) 0.03---
2026-10-01 10:22:37,146 - INFO - --- validation at epoch 149, val_loss 0.0065, val_mae 0.0887, val_rmse 0.1229, val_r2 0.7935, val_pearson 0.8971, lr 9.00e-05 ---
2026-10-01 10:22:37,146 - INFO - 
****************************************************************************************************
2026-10-01 10:22:39,006 - INFO - --- training epoch 150, loss 0.0080, mae 0.0926, rmse 0.1269, time elapsed(min) 0.03---
2026-10-01 10:22:39,237 - INFO - --- validation at epoch 150, val_loss 0.0064, val_mae 0.0886, val_rmse 0.1220, val_r2 0.7965, val_pearson 0.8993, lr 9.00e-05 ---
2026-10-01 10:22:39,237 - INFO - 
****************************************************************************************************
2026-10-01 10:22:41,152 - INFO - --- training epoch 151, loss 0.0079, mae 0.0920, rmse 0.1257, time elapsed(min) 0.03---
2026-10-01 10:22:41,377 - INFO - --- validation at epoch 151, val_loss 0.0065, val_mae 0.0893, val_rmse 0.1234, val_r2 0.7918, val_pearson 0.8980, lr 9.00e-05 ---
2026-10-01 10:22:41,377 - INFO - 
****************************************************************************************************
2026-10-01 10:22:43,348 - INFO - --- training epoch 152, loss 0.0082, mae 0.0931, rmse 0.1279, time elapsed(min) 0.03---
2026-10-01 10:22:43,768 - INFO - --- validation at epoch 152, val_loss 0.0063, val_mae 0.0874, val_rmse 0.1205, val_r2 0.8015, val_pearson 0.9001, lr 9.00e-05 ---
2026-10-01 10:22:43,768 - INFO - 
****************************************************************************************************
2026-10-01 10:22:45,850 - INFO - --- training epoch 153, loss 0.0081, mae 0.0930, rmse 0.1269, time elapsed(min) 0.03---
2026-10-01 10:22:46,077 - INFO - --- validation at epoch 153, val_loss 0.0066, val_mae 0.0903, val_rmse 0.1236, val_r2 0.7914, val_pearson 0.8960, lr 9.00e-05 ---
2026-10-01 10:22:46,077 - INFO - 
****************************************************************************************************
2026-10-01 10:22:48,041 - INFO - --- training epoch 154, loss 0.0080, mae 0.0921, rmse 0.1265, time elapsed(min) 0.03---
2026-10-01 10:22:48,278 - INFO - --- validation at epoch 154, val_loss 0.0064, val_mae 0.0891, val_rmse 0.1222, val_r2 0.7961, val_pearson 0.8980, lr 9.00e-05 ---
2026-10-01 10:22:48,278 - INFO - 
****************************************************************************************************
2026-10-01 10:22:50,224 - INFO - --- training epoch 155, loss 0.0080, mae 0.0930, rmse 0.1264, time elapsed(min) 0.03---
2026-10-01 10:22:50,648 - INFO - --- validation at epoch 155, val_loss 0.0066, val_mae 0.0901, val_rmse 0.1243, val_r2 0.7888, val_pearson 0.8965, lr 9.00e-05 ---
2026-10-01 10:22:50,648 - INFO - 
****************************************************************************************************
2026-10-01 10:22:52,774 - INFO - --- training epoch 156, loss 0.0078, mae 0.0914, rmse 0.1249, time elapsed(min) 0.03---
2026-10-01 10:22:53,004 - INFO - --- validation at epoch 156, val_loss 0.0064, val_mae 0.0887, val_rmse 0.1217, val_r2 0.7975, val_pearson 0.8990, lr 9.00e-05 ---
2026-10-01 10:22:53,004 - INFO - 
****************************************************************************************************
2026-10-01 10:22:54,971 - INFO - --- training epoch 157, loss 0.0078, mae 0.0914, rmse 0.1250, time elapsed(min) 0.03---
2026-10-01 10:22:55,202 - INFO - --- validation at epoch 157, val_loss 0.0062, val_mae 0.0874, val_rmse 0.1202, val_r2 0.8027, val_pearson 0.9004, lr 9.00e-05 ---
2026-10-01 10:22:55,202 - INFO - 
****************************************************************************************************
2026-10-01 10:22:57,157 - INFO - --- training epoch 158, loss 0.0079, mae 0.0921, rmse 0.1257, time elapsed(min) 0.03---
2026-10-01 10:22:57,558 - INFO - --- validation at epoch 158, val_loss 0.0066, val_mae 0.0896, val_rmse 0.1234, val_r2 0.7918, val_pearson 0.8988, lr 9.00e-05 ---
2026-10-01 10:22:57,558 - INFO - 
****************************************************************************************************
2026-10-01 10:22:59,635 - INFO - --- training epoch 159, loss 0.0079, mae 0.0919, rmse 0.1259, time elapsed(min) 0.03---
2026-10-01 10:22:59,862 - INFO - --- validation at epoch 159, val_loss 0.0066, val_mae 0.0901, val_rmse 0.1243, val_r2 0.7890, val_pearson 0.8992, lr 9.00e-05 ---
2026-10-01 10:22:59,862 - INFO - 
****************************************************************************************************
2026-10-01 10:23:01,724 - INFO - --- training epoch 160, loss 0.0080, mae 0.0919, rmse 0.1262, time elapsed(min) 0.03---
2026-10-01 10:23:01,959 - INFO - --- validation at epoch 160, val_loss 0.0065, val_mae 0.0890, val_rmse 0.1221, val_r2 0.7964, val_pearson 0.8991, lr 9.00e-05 ---
2026-10-01 10:23:01,959 - INFO - 
****************************************************************************************************
2026-10-01 10:23:03,801 - INFO - --- training epoch 161, loss 0.0080, mae 0.0917, rmse 0.1261, time elapsed(min) 0.03---
2026-10-01 10:23:04,172 - INFO - --- validation at epoch 161, val_loss 0.0065, val_mae 0.0894, val_rmse 0.1228, val_r2 0.7938, val_pearson 0.8978, lr 9.00e-05 ---
2026-10-01 10:23:04,172 - INFO - 
****************************************************************************************************
2026-10-01 10:23:06,408 - INFO - --- training epoch 162, loss 0.0080, mae 0.0917, rmse 0.1262, time elapsed(min) 0.03---
2026-10-01 10:23:06,637 - INFO - --- validation at epoch 162, val_loss 0.0065, val_mae 0.0895, val_rmse 0.1231, val_r2 0.7929, val_pearson 0.8992, lr 9.00e-05 ---
2026-10-01 10:23:06,637 - INFO - 
****************************************************************************************************
2026-10-01 10:23:08,471 - INFO - --- training epoch 163, loss 0.0079, mae 0.0909, rmse 0.1253, time elapsed(min) 0.03---
2026-10-01 10:23:08,699 - INFO - --- validation at epoch 163, val_loss 0.0063, val_mae 0.0888, val_rmse 0.1216, val_r2 0.7979, val_pearson 0.8997, lr 9.00e-05 ---
2026-10-01 10:23:08,699 - INFO - 
****************************************************************************************************
2026-10-01 10:23:10,549 - INFO - --- training epoch 164, loss 0.0080, mae 0.0918, rmse 0.1264, time elapsed(min) 0.03---
2026-10-01 10:23:10,772 - INFO - --- validation at epoch 164, val_loss 0.0063, val_mae 0.0888, val_rmse 0.1219, val_r2 0.7969, val_pearson 0.8996, lr 9.00e-05 ---
2026-10-01 10:23:10,772 - INFO - 
****************************************************************************************************
2026-10-01 10:23:12,766 - INFO - --- training epoch 165, loss 0.0078, mae 0.0908, rmse 0.1246, time elapsed(min) 0.03---
2026-10-01 10:23:13,195 - INFO - --- validation at epoch 165, val_loss 0.0065, val_mae 0.0894, val_rmse 0.1234, val_r2 0.7919, val_pearson 0.8990, lr 9.00e-05 ---
2026-10-01 10:23:13,195 - INFO - 
****************************************************************************************************
2026-10-01 10:23:15,305 - INFO - --- training epoch 166, loss 0.0078, mae 0.0911, rmse 0.1249, time elapsed(min) 0.03---
2026-10-01 10:23:15,538 - INFO - --- validation at epoch 166, val_loss 0.0062, val_mae 0.0874, val_rmse 0.1202, val_r2 0.8027, val_pearson 0.9011, lr 9.00e-05 ---
2026-10-01 10:23:15,538 - INFO - 
****************************************************************************************************
2026-10-01 10:23:17,504 - INFO - --- training epoch 167, loss 0.0078, mae 0.0908, rmse 0.1251, time elapsed(min) 0.03---
2026-10-01 10:23:17,731 - INFO - --- validation at epoch 167, val_loss 0.0064, val_mae 0.0882, val_rmse 0.1215, val_r2 0.7982, val_pearson 0.9000, lr 9.00e-05 ---
2026-10-01 10:23:17,731 - INFO - 
****************************************************************************************************
2026-10-01 10:23:19,681 - INFO - --- training epoch 168, loss 0.0079, mae 0.0918, rmse 0.1256, time elapsed(min) 0.03---
2026-10-01 10:23:20,088 - INFO - --- validation at epoch 168, val_loss 0.0063, val_mae 0.0878, val_rmse 0.1211, val_r2 0.7997, val_pearson 0.9004, lr 9.00e-05 ---
2026-10-01 10:23:20,088 - INFO - 
****************************************************************************************************
2026-10-01 10:23:22,239 - INFO - --- training epoch 169, loss 0.0078, mae 0.0910, rmse 0.1251, time elapsed(min) 0.03---
2026-10-01 10:23:22,475 - INFO - --- validation at epoch 169, val_loss 0.0064, val_mae 0.0887, val_rmse 0.1221, val_r2 0.7963, val_pearson 0.8995, lr 9.00e-05 ---
2026-10-01 10:23:22,475 - INFO - 
****************************************************************************************************
2026-10-01 10:23:24,416 - INFO - --- training epoch 170, loss 0.0077, mae 0.0905, rmse 0.1242, time elapsed(min) 0.03---
2026-10-01 10:23:24,670 - INFO - --- validation at epoch 170, val_loss 0.0062, val_mae 0.0878, val_rmse 0.1202, val_r2 0.8027, val_pearson 0.9023, lr 9.00e-05 ---
2026-10-01 10:23:24,670 - INFO - 
****************************************************************************************************
2026-10-01 10:23:26,597 - INFO - --- training epoch 171, loss 0.0078, mae 0.0907, rmse 0.1246, time elapsed(min) 0.03---
2026-10-01 10:23:26,827 - INFO - --- validation at epoch 171, val_loss 0.0060, val_mae 0.0867, val_rmse 0.1184, val_r2 0.8084, val_pearson 0.9024, lr 9.00e-05 ---
2026-10-01 10:23:26,827 - INFO - 
****************************************************************************************************
2026-10-01 10:23:28,966 - INFO - --- training epoch 172, loss 0.0077, mae 0.0903, rmse 0.1245, time elapsed(min) 0.03---
2026-10-01 10:23:29,547 - INFO - --- validation at epoch 172, val_loss 0.0060, val_mae 0.0870, val_rmse 0.1191, val_r2 0.8062, val_pearson 0.9023, lr 9.00e-05 ---
2026-10-01 10:23:29,547 - INFO - 
****************************************************************************************************
2026-10-01 10:23:31,383 - INFO - --- training epoch 173, loss 0.0079, mae 0.0911, rmse 0.1255, time elapsed(min) 0.03---
2026-10-01 10:23:31,611 - INFO - --- validation at epoch 173, val_loss 0.0061, val_mae 0.0872, val_rmse 0.1197, val_r2 0.8043, val_pearson 0.9011, lr 9.00e-05 ---
2026-10-01 10:23:31,611 - INFO - 
****************************************************************************************************
2026-10-01 10:23:33,458 - INFO - --- training epoch 174, loss 0.0077, mae 0.0909, rmse 0.1245, time elapsed(min) 0.03---
2026-10-01 10:23:33,692 - INFO - --- validation at epoch 174, val_loss 0.0061, val_mae 0.0866, val_rmse 0.1189, val_r2 0.8068, val_pearson 0.9041, lr 9.00e-05 ---
2026-10-01 10:23:33,692 - INFO - 
****************************************************************************************************
2026-10-01 10:23:35,860 - INFO - --- training epoch 175, loss 0.0077, mae 0.0907, rmse 0.1241, time elapsed(min) 0.03---
2026-10-01 10:23:36,283 - INFO - --- validation at epoch 175, val_loss 0.0063, val_mae 0.0888, val_rmse 0.1217, val_r2 0.7977, val_pearson 0.9002, lr 9.00e-05 ---
2026-10-01 10:23:36,283 - INFO - 
****************************************************************************************************
2026-10-01 10:23:38,362 - INFO - --- training epoch 176, loss 0.0077, mae 0.0912, rmse 0.1240, time elapsed(min) 0.03---
2026-10-01 10:23:38,591 - INFO - --- validation at epoch 176, val_loss 0.0061, val_mae 0.0872, val_rmse 0.1197, val_r2 0.8043, val_pearson 0.9027, lr 9.00e-05 ---
2026-10-01 10:23:38,591 - INFO - 
****************************************************************************************************
2026-10-01 10:23:40,426 - INFO - --- training epoch 177, loss 0.0078, mae 0.0914, rmse 0.1248, time elapsed(min) 0.03---
2026-10-01 10:23:40,660 - INFO - --- validation at epoch 177, val_loss 0.0061, val_mae 0.0870, val_rmse 0.1195, val_r2 0.8050, val_pearson 0.9024, lr 9.00e-05 ---
2026-10-01 10:23:40,660 - INFO - 
****************************************************************************************************
2026-10-01 10:23:42,536 - INFO - --- training epoch 178, loss 0.0079, mae 0.0916, rmse 0.1257, time elapsed(min) 0.03---
2026-10-01 10:23:42,951 - INFO - --- validation at epoch 178, val_loss 0.0063, val_mae 0.0884, val_rmse 0.1210, val_r2 0.7999, val_pearson 0.9023, lr 9.00e-05 ---
2026-10-01 10:23:42,951 - INFO - 
****************************************************************************************************
2026-10-01 10:23:44,948 - INFO - --- training epoch 179, loss 0.0078, mae 0.0915, rmse 0.1252, time elapsed(min) 0.03---
2026-10-01 10:23:45,180 - INFO - --- validation at epoch 179, val_loss 0.0062, val_mae 0.0883, val_rmse 0.1208, val_r2 0.8004, val_pearson 0.9002, lr 9.00e-05 ---
2026-10-01 10:23:45,180 - INFO - 
****************************************************************************************************
2026-10-01 10:23:47,055 - INFO - --- training epoch 180, loss 0.0077, mae 0.0907, rmse 0.1245, time elapsed(min) 0.03---
2026-10-01 10:23:47,289 - INFO - --- validation at epoch 180, val_loss 0.0064, val_mae 0.0894, val_rmse 0.1228, val_r2 0.7939, val_pearson 0.9002, lr 9.00e-05 ---
2026-10-01 10:23:47,289 - INFO - 
****************************************************************************************************
2026-10-01 10:23:49,228 - INFO - --- training epoch 181, loss 0.0078, mae 0.0915, rmse 0.1252, time elapsed(min) 0.03---
2026-10-01 10:23:49,621 - INFO - --- validation at epoch 181, val_loss 0.0059, val_mae 0.0855, val_rmse 0.1171, val_r2 0.8126, val_pearson 0.9036, lr 9.00e-05 ---
2026-10-01 10:23:49,621 - INFO - 
****************************************************************************************************
2026-10-01 10:23:51,902 - INFO - --- training epoch 182, loss 0.0078, mae 0.0907, rmse 0.1246, time elapsed(min) 0.03---
2026-10-01 10:23:52,136 - INFO - --- validation at epoch 182, val_loss 0.0061, val_mae 0.0861, val_rmse 0.1189, val_r2 0.8068, val_pearson 0.9029, lr 9.00e-05 ---
2026-10-01 10:23:52,136 - INFO - 
****************************************************************************************************
2026-10-01 10:23:53,979 - INFO - --- training epoch 183, loss 0.0076, mae 0.0898, rmse 0.1230, time elapsed(min) 0.03---
2026-10-01 10:23:54,245 - INFO - --- validation at epoch 183, val_loss 0.0065, val_mae 0.0895, val_rmse 0.1234, val_r2 0.7919, val_pearson 0.8993, lr 9.00e-05 ---
2026-10-01 10:23:54,245 - INFO - 
****************************************************************************************************
2026-10-01 10:23:56,102 - INFO - --- training epoch 184, loss 0.0078, mae 0.0914, rmse 0.1250, time elapsed(min) 0.03---
2026-10-01 10:23:56,492 - INFO - --- validation at epoch 184, val_loss 0.0060, val_mae 0.0857, val_rmse 0.1184, val_r2 0.8083, val_pearson 0.9028, lr 9.00e-05 ---
2026-10-01 10:23:56,492 - INFO - 
****************************************************************************************************
2026-10-01 10:23:58,414 - INFO - --- training epoch 185, loss 0.0077, mae 0.0904, rmse 0.1238, time elapsed(min) 0.03---
2026-10-01 10:23:58,969 - INFO - --- validation at epoch 185, val_loss 0.0062, val_mae 0.0869, val_rmse 0.1197, val_r2 0.8043, val_pearson 0.9019, lr 9.00e-05 ---
2026-10-01 10:23:58,970 - INFO - 
****************************************************************************************************
2026-10-01 10:24:00,774 - INFO - --- training epoch 186, loss 0.0076, mae 0.0901, rmse 0.1233, time elapsed(min) 0.03---
2026-10-01 10:24:01,005 - INFO - --- validation at epoch 186, val_loss 0.0065, val_mae 0.0900, val_rmse 0.1234, val_r2 0.7921, val_pearson 0.9001, lr 9.00e-05 ---
2026-10-01 10:24:01,005 - INFO - 
****************************************************************************************************
2026-10-01 10:24:02,829 - INFO - --- training epoch 187, loss 0.0076, mae 0.0903, rmse 0.1236, time elapsed(min) 0.03---
2026-10-01 10:24:03,067 - INFO - --- validation at epoch 187, val_loss 0.0060, val_mae 0.0862, val_rmse 0.1177, val_r2 0.8108, val_pearson 0.9037, lr 9.00e-05 ---
2026-10-01 10:24:03,067 - INFO - 
****************************************************************************************************
2026-10-01 10:24:05,068 - INFO - --- training epoch 188, loss 0.0078, mae 0.0906, rmse 0.1250, time elapsed(min) 0.03---
2026-10-01 10:24:05,513 - INFO - --- validation at epoch 188, val_loss 0.0059, val_mae 0.0851, val_rmse 0.1169, val_r2 0.8132, val_pearson 0.9054, lr 9.00e-05 ---
2026-10-01 10:24:05,513 - INFO - 
****************************************************************************************************
2026-10-01 10:24:07,674 - INFO - --- training epoch 189, loss 0.0076, mae 0.0904, rmse 0.1235, time elapsed(min) 0.03---
2026-10-01 10:24:07,901 - INFO - --- validation at epoch 189, val_loss 0.0065, val_mae 0.0903, val_rmse 0.1235, val_r2 0.7916, val_pearson 0.8994, lr 9.00e-05 ---
2026-10-01 10:24:07,901 - INFO - 
****************************************************************************************************
2026-10-01 10:24:09,796 - INFO - --- training epoch 190, loss 0.0076, mae 0.0896, rmse 0.1234, time elapsed(min) 0.03---
2026-10-01 10:24:10,025 - INFO - --- validation at epoch 190, val_loss 0.0061, val_mae 0.0870, val_rmse 0.1190, val_r2 0.8064, val_pearson 0.9029, lr 9.00e-05 ---
2026-10-01 10:24:10,025 - INFO - 
****************************************************************************************************
2026-10-01 10:24:11,946 - INFO - --- training epoch 191, loss 0.0076, mae 0.0902, rmse 0.1237, time elapsed(min) 0.03---
2026-10-01 10:24:12,347 - INFO - --- validation at epoch 191, val_loss 0.0061, val_mae 0.0868, val_rmse 0.1192, val_r2 0.8059, val_pearson 0.9047, lr 9.00e-05 ---
2026-10-01 10:24:12,347 - INFO - 
****************************************************************************************************
2026-10-01 10:24:14,458 - INFO - --- training epoch 192, loss 0.0075, mae 0.0897, rmse 0.1229, time elapsed(min) 0.03---
2026-10-01 10:24:14,689 - INFO - --- validation at epoch 192, val_loss 0.0063, val_mae 0.0877, val_rmse 0.1206, val_r2 0.8012, val_pearson 0.9048, lr 9.00e-05 ---
2026-10-01 10:24:14,689 - INFO - 
****************************************************************************************************
2026-10-01 10:24:16,593 - INFO - --- training epoch 193, loss 0.0076, mae 0.0896, rmse 0.1236, time elapsed(min) 0.03---
2026-10-01 10:24:16,821 - INFO - --- validation at epoch 193, val_loss 0.0060, val_mae 0.0858, val_rmse 0.1187, val_r2 0.8074, val_pearson 0.9031, lr 9.00e-05 ---
2026-10-01 10:24:16,821 - INFO - 
****************************************************************************************************
2026-10-01 10:24:18,665 - INFO - --- training epoch 194, loss 0.0078, mae 0.0906, rmse 0.1252, time elapsed(min) 0.03---
2026-10-01 10:24:19,039 - INFO - --- validation at epoch 194, val_loss 0.0060, val_mae 0.0859, val_rmse 0.1179, val_r2 0.8102, val_pearson 0.9045, lr 9.00e-05 ---
2026-10-01 10:24:19,039 - INFO - 
****************************************************************************************************
2026-10-01 10:24:21,312 - INFO - --- training epoch 195, loss 0.0077, mae 0.0905, rmse 0.1244, time elapsed(min) 0.03---
2026-10-01 10:24:21,539 - INFO - --- validation at epoch 195, val_loss 0.0062, val_mae 0.0870, val_rmse 0.1198, val_r2 0.8040, val_pearson 0.9030, lr 9.00e-05 ---
2026-10-01 10:24:21,539 - INFO - 
****************************************************************************************************
2026-10-01 10:24:23,484 - INFO - --- training epoch 196, loss 0.0076, mae 0.0898, rmse 0.1235, time elapsed(min) 0.03---
2026-10-01 10:24:23,710 - INFO - --- validation at epoch 196, val_loss 0.0061, val_mae 0.0869, val_rmse 0.1183, val_r2 0.8086, val_pearson 0.9019, lr 9.00e-05 ---
2026-10-01 10:24:23,710 - INFO - 
****************************************************************************************************
2026-10-01 10:24:25,561 - INFO - --- training epoch 197, loss 0.0076, mae 0.0896, rmse 0.1229, time elapsed(min) 0.03---
2026-10-01 10:24:25,787 - INFO - --- validation at epoch 197, val_loss 0.0063, val_mae 0.0887, val_rmse 0.1213, val_r2 0.7991, val_pearson 0.9030, lr 9.00e-05 ---
2026-10-01 10:24:25,787 - INFO - 
****************************************************************************************************
2026-10-01 10:24:27,685 - INFO - --- training epoch 198, loss 0.0077, mae 0.0909, rmse 0.1245, time elapsed(min) 0.03---
2026-10-01 10:24:28,117 - INFO - --- validation at epoch 198, val_loss 0.0065, val_mae 0.0900, val_rmse 0.1227, val_r2 0.7942, val_pearson 0.9030, lr 9.00e-05 ---
2026-10-01 10:24:28,117 - INFO - 
****************************************************************************************************
2026-10-01 10:24:30,173 - INFO - --- training epoch 199, loss 0.0075, mae 0.0889, rmse 0.1226, time elapsed(min) 0.03---
2026-10-01 10:24:30,403 - INFO - --- validation at epoch 199, val_loss 0.0062, val_mae 0.0879, val_rmse 0.1205, val_r2 0.8017, val_pearson 0.9039, lr 9.00e-05 ---
2026-10-01 10:24:30,403 - INFO - 
****************************************************************************************************
2026-10-01 10:24:32,234 - INFO - --- training epoch 200, loss 0.0075, mae 0.0896, rmse 0.1227, time elapsed(min) 0.03---
2026-10-01 10:24:32,465 - INFO - --- validation at epoch 200, val_loss 0.0060, val_mae 0.0845, val_rmse 0.1172, val_r2 0.8123, val_pearson 0.9030, lr 2.70e-05 ---
2026-10-01 10:24:32,465 - INFO - 
****************************************************************************************************
2026-10-01 10:24:34,404 - INFO - --- training epoch 201, loss 0.0073, mae 0.0886, rmse 0.1211, time elapsed(min) 0.03---
2026-10-01 10:24:34,813 - INFO - --- validation at epoch 201, val_loss 0.0058, val_mae 0.0844, val_rmse 0.1163, val_r2 0.8151, val_pearson 0.9055, lr 2.70e-05 ---
2026-10-01 10:24:34,813 - INFO - 
****************************************************************************************************
2026-10-01 10:24:37,068 - INFO - --- training epoch 202, loss 0.0073, mae 0.0881, rmse 0.1205, time elapsed(min) 0.03---
2026-10-01 10:24:37,304 - INFO - --- validation at epoch 202, val_loss 0.0058, val_mae 0.0838, val_rmse 0.1155, val_r2 0.8177, val_pearson 0.9068, lr 2.70e-05 ---
2026-10-01 10:24:37,304 - INFO - 
****************************************************************************************************
2026-10-01 10:24:39,356 - INFO - --- training epoch 203, loss 0.0073, mae 0.0885, rmse 0.1210, time elapsed(min) 0.03---
2026-10-01 10:24:39,613 - INFO - --- validation at epoch 203, val_loss 0.0057, val_mae 0.0836, val_rmse 0.1154, val_r2 0.8180, val_pearson 0.9065, lr 2.70e-05 ---
2026-10-01 10:24:39,613 - INFO - 
****************************************************************************************************
2026-10-01 10:24:41,613 - INFO - --- training epoch 204, loss 0.0072, mae 0.0870, rmse 0.1197, time elapsed(min) 0.03---
2026-10-01 10:24:41,986 - INFO - --- validation at epoch 204, val_loss 0.0059, val_mae 0.0849, val_rmse 0.1171, val_r2 0.8127, val_pearson 0.9056, lr 2.70e-05 ---
2026-10-01 10:24:41,986 - INFO - 
****************************************************************************************************
2026-10-01 10:24:44,072 - INFO - --- training epoch 205, loss 0.0073, mae 0.0884, rmse 0.1208, time elapsed(min) 0.03---
2026-10-01 10:24:44,326 - INFO - --- validation at epoch 205, val_loss 0.0057, val_mae 0.0837, val_rmse 0.1155, val_r2 0.8177, val_pearson 0.9065, lr 2.70e-05 ---
2026-10-01 10:24:44,326 - INFO - 
****************************************************************************************************
2026-10-01 10:24:46,275 - INFO - --- training epoch 206, loss 0.0072, mae 0.0875, rmse 0.1200, time elapsed(min) 0.03---
2026-10-01 10:24:46,509 - INFO - --- validation at epoch 206, val_loss 0.0058, val_mae 0.0842, val_rmse 0.1163, val_r2 0.8151, val_pearson 0.9057, lr 2.70e-05 ---
2026-10-01 10:24:46,509 - INFO - 
****************************************************************************************************
2026-10-01 10:24:48,471 - INFO - --- training epoch 207, loss 0.0071, mae 0.0871, rmse 0.1189, time elapsed(min) 0.03---
2026-10-01 10:24:48,704 - INFO - --- validation at epoch 207, val_loss 0.0058, val_mae 0.0843, val_rmse 0.1164, val_r2 0.8148, val_pearson 0.9053, lr 2.70e-05 ---
2026-10-01 10:24:48,704 - INFO - 
****************************************************************************************************
2026-10-01 10:24:50,648 - INFO - --- training epoch 208, loss 0.0071, mae 0.0867, rmse 0.1192, time elapsed(min) 0.03---
2026-10-01 10:24:51,068 - INFO - --- validation at epoch 208, val_loss 0.0058, val_mae 0.0841, val_rmse 0.1162, val_r2 0.8154, val_pearson 0.9054, lr 2.70e-05 ---
2026-10-01 10:24:51,068 - INFO - 
****************************************************************************************************
2026-10-01 10:24:53,109 - INFO - --- training epoch 209, loss 0.0072, mae 0.0872, rmse 0.1196, time elapsed(min) 0.03---
2026-10-01 10:24:53,344 - INFO - --- validation at epoch 209, val_loss 0.0058, val_mae 0.0842, val_rmse 0.1162, val_r2 0.8154, val_pearson 0.9061, lr 2.70e-05 ---
2026-10-01 10:24:53,344 - INFO - 
****************************************************************************************************
2026-10-01 10:24:55,199 - INFO - --- training epoch 210, loss 0.0072, mae 0.0872, rmse 0.1198, time elapsed(min) 0.03---
2026-10-01 10:24:55,433 - INFO - --- validation at epoch 210, val_loss 0.0058, val_mae 0.0841, val_rmse 0.1160, val_r2 0.8162, val_pearson 0.9064, lr 2.70e-05 ---
2026-10-01 10:24:55,433 - INFO - 
****************************************************************************************************
2026-10-01 10:24:57,391 - INFO - --- training epoch 211, loss 0.0072, mae 0.0879, rmse 0.1200, time elapsed(min) 0.03---
2026-10-01 10:24:57,783 - INFO - --- validation at epoch 211, val_loss 0.0057, val_mae 0.0844, val_rmse 0.1160, val_r2 0.8161, val_pearson 0.9063, lr 2.70e-05 ---
2026-10-01 10:24:57,783 - INFO - 
****************************************************************************************************
2026-10-01 10:24:59,969 - INFO - --- training epoch 212, loss 0.0073, mae 0.0882, rmse 0.1208, time elapsed(min) 0.03---
2026-10-01 10:25:00,199 - INFO - --- validation at epoch 212, val_loss 0.0057, val_mae 0.0837, val_rmse 0.1155, val_r2 0.8178, val_pearson 0.9068, lr 2.70e-05 ---
2026-10-01 10:25:00,199 - INFO - 
****************************************************************************************************
2026-10-01 10:25:02,121 - INFO - --- training epoch 213, loss 0.0072, mae 0.0871, rmse 0.1197, time elapsed(min) 0.03---
2026-10-01 10:25:02,351 - INFO - --- validation at epoch 213, val_loss 0.0058, val_mae 0.0844, val_rmse 0.1161, val_r2 0.8159, val_pearson 0.9060, lr 2.70e-05 ---
2026-10-01 10:25:02,351 - INFO - 
****************************************************************************************************
2026-10-01 10:25:04,196 - INFO - --- training epoch 214, loss 0.0073, mae 0.0883, rmse 0.1208, time elapsed(min) 0.03---
2026-10-01 10:25:04,424 - INFO - --- validation at epoch 214, val_loss 0.0057, val_mae 0.0835, val_rmse 0.1155, val_r2 0.8178, val_pearson 0.9072, lr 2.70e-05 ---
2026-10-01 10:25:04,424 - INFO - 
****************************************************************************************************
2026-10-01 10:25:06,477 - INFO - --- training epoch 215, loss 0.0071, mae 0.0874, rmse 0.1195, time elapsed(min) 0.03---
2026-10-01 10:25:06,907 - INFO - --- validation at epoch 215, val_loss 0.0058, val_mae 0.0844, val_rmse 0.1161, val_r2 0.8158, val_pearson 0.9063, lr 2.70e-05 ---
2026-10-01 10:25:06,907 - INFO - 
****************************************************************************************************
2026-10-01 10:25:08,897 - INFO - --- training epoch 216, loss 0.0071, mae 0.0871, rmse 0.1194, time elapsed(min) 0.03---
2026-10-01 10:25:09,130 - INFO - --- validation at epoch 216, val_loss 0.0058, val_mae 0.0845, val_rmse 0.1165, val_r2 0.8146, val_pearson 0.9058, lr 2.70e-05 ---
2026-10-01 10:25:09,130 - INFO - 
****************************************************************************************************
2026-10-01 10:25:11,002 - INFO - --- training epoch 217, loss 0.0071, mae 0.0870, rmse 0.1193, time elapsed(min) 0.03---
2026-10-01 10:25:11,233 - INFO - --- validation at epoch 217, val_loss 0.0058, val_mae 0.0846, val_rmse 0.1170, val_r2 0.8130, val_pearson 0.9049, lr 2.70e-05 ---
2026-10-01 10:25:11,233 - INFO - 
****************************************************************************************************
2026-10-01 10:25:13,223 - INFO - --- training epoch 218, loss 0.0071, mae 0.0872, rmse 0.1193, time elapsed(min) 0.03---
2026-10-01 10:25:13,640 - INFO - --- validation at epoch 218, val_loss 0.0058, val_mae 0.0847, val_rmse 0.1166, val_r2 0.8143, val_pearson 0.9063, lr 2.70e-05 ---
2026-10-01 10:25:13,640 - INFO - 
****************************************************************************************************
2026-10-01 10:25:15,587 - INFO - --- training epoch 219, loss 0.0072, mae 0.0876, rmse 0.1196, time elapsed(min) 0.03---
2026-10-01 10:25:15,820 - INFO - --- validation at epoch 219, val_loss 0.0057, val_mae 0.0835, val_rmse 0.1155, val_r2 0.8178, val_pearson 0.9075, lr 2.70e-05 ---
2026-10-01 10:25:15,820 - INFO - 
****************************************************************************************************
2026-10-01 10:25:17,658 - INFO - --- training epoch 220, loss 0.0071, mae 0.0874, rmse 0.1191, time elapsed(min) 0.03---
2026-10-01 10:25:17,890 - INFO - --- validation at epoch 220, val_loss 0.0058, val_mae 0.0842, val_rmse 0.1157, val_r2 0.8171, val_pearson 0.9075, lr 2.70e-05 ---
2026-10-01 10:25:17,891 - INFO - 
****************************************************************************************************
2026-10-01 10:25:19,752 - INFO - --- training epoch 221, loss 0.0073, mae 0.0882, rmse 0.1211, time elapsed(min) 0.03---
2026-10-01 10:25:20,148 - INFO - --- validation at epoch 221, val_loss 0.0057, val_mae 0.0835, val_rmse 0.1153, val_r2 0.8183, val_pearson 0.9065, lr 2.70e-05 ---
2026-10-01 10:25:20,148 - INFO - 
****************************************************************************************************
2026-10-01 10:25:22,321 - INFO - --- training epoch 222, loss 0.0073, mae 0.0884, rmse 0.1210, time elapsed(min) 0.03---
2026-10-01 10:25:22,546 - INFO - --- validation at epoch 222, val_loss 0.0058, val_mae 0.0844, val_rmse 0.1162, val_r2 0.8154, val_pearson 0.9068, lr 2.70e-05 ---
2026-10-01 10:25:22,546 - INFO - 
****************************************************************************************************
2026-10-01 10:25:24,402 - INFO - --- training epoch 223, loss 0.0071, mae 0.0865, rmse 0.1188, time elapsed(min) 0.03---
2026-10-01 10:25:24,653 - INFO - --- validation at epoch 223, val_loss 0.0057, val_mae 0.0830, val_rmse 0.1146, val_r2 0.8205, val_pearson 0.9078, lr 2.70e-05 ---
2026-10-01 10:25:24,653 - INFO - 
****************************************************************************************************
2026-10-01 10:25:26,524 - INFO - --- training epoch 224, loss 0.0070, mae 0.0859, rmse 0.1182, time elapsed(min) 0.03---
2026-10-01 10:25:26,911 - INFO - --- validation at epoch 224, val_loss 0.0058, val_mae 0.0839, val_rmse 0.1160, val_r2 0.8163, val_pearson 0.9069, lr 2.70e-05 ---
2026-10-01 10:25:26,911 - INFO - 
****************************************************************************************************
2026-10-01 10:25:29,107 - INFO - --- training epoch 225, loss 0.0072, mae 0.0871, rmse 0.1198, time elapsed(min) 0.03---
2026-10-01 10:25:29,346 - INFO - --- validation at epoch 225, val_loss 0.0056, val_mae 0.0830, val_rmse 0.1143, val_r2 0.8216, val_pearson 0.9087, lr 2.70e-05 ---
2026-10-01 10:25:29,346 - INFO - 
****************************************************************************************************
2026-10-01 10:25:31,302 - INFO - --- training epoch 226, loss 0.0069, mae 0.0853, rmse 0.1178, time elapsed(min) 0.03---
2026-10-01 10:25:31,528 - INFO - --- validation at epoch 226, val_loss 0.0058, val_mae 0.0850, val_rmse 0.1166, val_r2 0.8143, val_pearson 0.9078, lr 2.70e-05 ---
2026-10-01 10:25:31,529 - INFO - 
****************************************************************************************************
2026-10-01 10:25:33,378 - INFO - --- training epoch 227, loss 0.0073, mae 0.0876, rmse 0.1207, time elapsed(min) 0.03---
2026-10-01 10:25:33,760 - INFO - --- validation at epoch 227, val_loss 0.0057, val_mae 0.0839, val_rmse 0.1154, val_r2 0.8182, val_pearson 0.9079, lr 2.70e-05 ---
2026-10-01 10:25:33,760 - INFO - 
****************************************************************************************************
2026-10-01 10:25:35,634 - INFO - --- training epoch 228, loss 0.0071, mae 0.0874, rmse 0.1193, time elapsed(min) 0.03---
2026-10-01 10:25:36,048 - INFO - --- validation at epoch 228, val_loss 0.0056, val_mae 0.0827, val_rmse 0.1141, val_r2 0.8222, val_pearson 0.9089, lr 2.70e-05 ---
2026-10-01 10:25:36,048 - INFO - 
****************************************************************************************************
2026-10-01 10:25:38,100 - INFO - --- training epoch 229, loss 0.0071, mae 0.0863, rmse 0.1189, time elapsed(min) 0.03---
2026-10-01 10:25:38,332 - INFO - --- validation at epoch 229, val_loss 0.0057, val_mae 0.0839, val_rmse 0.1155, val_r2 0.8176, val_pearson 0.9069, lr 2.70e-05 ---
2026-10-01 10:25:38,332 - INFO - 
****************************************************************************************************
2026-10-01 10:25:40,167 - INFO - --- training epoch 230, loss 0.0073, mae 0.0875, rmse 0.1207, time elapsed(min) 0.03---
2026-10-01 10:25:40,395 - INFO - --- validation at epoch 230, val_loss 0.0057, val_mae 0.0843, val_rmse 0.1160, val_r2 0.8162, val_pearson 0.9072, lr 2.70e-05 ---
2026-10-01 10:25:40,395 - INFO - 
****************************************************************************************************
2026-10-01 10:25:42,294 - INFO - --- training epoch 231, loss 0.0073, mae 0.0871, rmse 0.1205, time elapsed(min) 0.03---
2026-10-01 10:25:42,720 - INFO - --- validation at epoch 231, val_loss 0.0058, val_mae 0.0837, val_rmse 0.1157, val_r2 0.8171, val_pearson 0.9064, lr 2.70e-05 ---
2026-10-01 10:25:42,720 - INFO - 
****************************************************************************************************
2026-10-01 10:25:44,690 - INFO - --- training epoch 232, loss 0.0072, mae 0.0876, rmse 0.1201, time elapsed(min) 0.03---
2026-10-01 10:25:44,916 - INFO - --- validation at epoch 232, val_loss 0.0057, val_mae 0.0835, val_rmse 0.1151, val_r2 0.8191, val_pearson 0.9086, lr 2.70e-05 ---
2026-10-01 10:25:44,917 - INFO - 
****************************************************************************************************
2026-10-01 10:25:46,746 - INFO - --- training epoch 233, loss 0.0072, mae 0.0869, rmse 0.1198, time elapsed(min) 0.03---
2026-10-01 10:25:47,024 - INFO - --- validation at epoch 233, val_loss 0.0057, val_mae 0.0842, val_rmse 0.1158, val_r2 0.8169, val_pearson 0.9071, lr 2.70e-05 ---
2026-10-01 10:25:47,024 - INFO - 
****************************************************************************************************
2026-10-01 10:25:49,032 - INFO - --- training epoch 234, loss 0.0072, mae 0.0873, rmse 0.1204, time elapsed(min) 0.03---
2026-10-01 10:25:49,436 - INFO - --- validation at epoch 234, val_loss 0.0057, val_mae 0.0834, val_rmse 0.1151, val_r2 0.8191, val_pearson 0.9076, lr 2.70e-05 ---
2026-10-01 10:25:49,436 - INFO - 
****************************************************************************************************
2026-10-01 10:25:51,604 - INFO - --- training epoch 235, loss 0.0071, mae 0.0871, rmse 0.1190, time elapsed(min) 0.03---
2026-10-01 10:25:51,834 - INFO - --- validation at epoch 235, val_loss 0.0057, val_mae 0.0839, val_rmse 0.1156, val_r2 0.8175, val_pearson 0.9081, lr 2.70e-05 ---
2026-10-01 10:25:51,834 - INFO - 
****************************************************************************************************
2026-10-01 10:25:53,659 - INFO - --- training epoch 236, loss 0.0069, mae 0.0859, rmse 0.1178, time elapsed(min) 0.03---
2026-10-01 10:25:53,916 - INFO - --- validation at epoch 236, val_loss 0.0056, val_mae 0.0830, val_rmse 0.1139, val_r2 0.8228, val_pearson 0.9096, lr 2.70e-05 ---
2026-10-01 10:25:53,916 - INFO - 
****************************************************************************************************
2026-10-01 10:25:55,985 - INFO - --- training epoch 237, loss 0.0070, mae 0.0863, rmse 0.1186, time elapsed(min) 0.03---
2026-10-01 10:25:56,389 - INFO - --- validation at epoch 237, val_loss 0.0057, val_mae 0.0830, val_rmse 0.1145, val_r2 0.8208, val_pearson 0.9084, lr 2.70e-05 ---
2026-10-01 10:25:56,389 - INFO - 
****************************************************************************************************
2026-10-01 10:25:58,472 - INFO - --- training epoch 238, loss 0.0072, mae 0.0871, rmse 0.1197, time elapsed(min) 0.03---
2026-10-01 10:25:58,704 - INFO - --- validation at epoch 238, val_loss 0.0057, val_mae 0.0835, val_rmse 0.1152, val_r2 0.8188, val_pearson 0.9094, lr 2.70e-05 ---
2026-10-01 10:25:58,704 - INFO - 
****************************************************************************************************
2026-10-01 10:26:00,537 - INFO - --- training epoch 239, loss 0.0072, mae 0.0876, rmse 0.1203, time elapsed(min) 0.03---
2026-10-01 10:26:00,770 - INFO - --- validation at epoch 239, val_loss 0.0057, val_mae 0.0834, val_rmse 0.1153, val_r2 0.8183, val_pearson 0.9075, lr 2.70e-05 ---
2026-10-01 10:26:00,770 - INFO - 
****************************************************************************************************
2026-10-01 10:26:02,581 - INFO - --- training epoch 240, loss 0.0071, mae 0.0876, rmse 0.1194, time elapsed(min) 0.03---
2026-10-01 10:26:02,967 - INFO - --- validation at epoch 240, val_loss 0.0056, val_mae 0.0836, val_rmse 0.1150, val_r2 0.8194, val_pearson 0.9089, lr 2.70e-05 ---
2026-10-01 10:26:02,967 - INFO - 
****************************************************************************************************
2026-10-01 10:26:04,931 - INFO - --- training epoch 241, loss 0.0073, mae 0.0879, rmse 0.1209, time elapsed(min) 0.03---
2026-10-01 10:26:05,353 - INFO - --- validation at epoch 241, val_loss 0.0056, val_mae 0.0832, val_rmse 0.1144, val_r2 0.8212, val_pearson 0.9085, lr 2.70e-05 ---
2026-10-01 10:26:05,353 - INFO - 
****************************************************************************************************
2026-10-01 10:26:07,305 - INFO - --- training epoch 242, loss 0.0071, mae 0.0866, rmse 0.1189, time elapsed(min) 0.03---
2026-10-01 10:26:07,537 - INFO - --- validation at epoch 242, val_loss 0.0057, val_mae 0.0839, val_rmse 0.1155, val_r2 0.8177, val_pearson 0.9080, lr 2.70e-05 ---
2026-10-01 10:26:07,537 - INFO - 
****************************************************************************************************
2026-10-01 10:26:09,419 - INFO - --- training epoch 243, loss 0.0071, mae 0.0867, rmse 0.1190, time elapsed(min) 0.03---
2026-10-01 10:26:09,646 - INFO - --- validation at epoch 243, val_loss 0.0057, val_mae 0.0829, val_rmse 0.1146, val_r2 0.8205, val_pearson 0.9080, lr 2.70e-05 ---
2026-10-01 10:26:09,646 - INFO - 
****************************************************************************************************
2026-10-01 10:26:11,605 - INFO - --- training epoch 244, loss 0.0071, mae 0.0865, rmse 0.1188, time elapsed(min) 0.03---
2026-10-01 10:26:12,010 - INFO - --- validation at epoch 244, val_loss 0.0058, val_mae 0.0845, val_rmse 0.1161, val_r2 0.8158, val_pearson 0.9087, lr 2.70e-05 ---
2026-10-01 10:26:12,010 - INFO - 
****************************************************************************************************
2026-10-01 10:26:14,093 - INFO - --- training epoch 245, loss 0.0073, mae 0.0875, rmse 0.1208, time elapsed(min) 0.03---
2026-10-01 10:26:14,323 - INFO - --- validation at epoch 245, val_loss 0.0057, val_mae 0.0839, val_rmse 0.1155, val_r2 0.8177, val_pearson 0.9074, lr 2.70e-05 ---
2026-10-01 10:26:14,323 - INFO - 
****************************************************************************************************
2026-10-01 10:26:16,153 - INFO - --- training epoch 246, loss 0.0071, mae 0.0865, rmse 0.1190, time elapsed(min) 0.03---
2026-10-01 10:26:16,388 - INFO - --- validation at epoch 246, val_loss 0.0057, val_mae 0.0835, val_rmse 0.1152, val_r2 0.8186, val_pearson 0.9075, lr 2.70e-05 ---
2026-10-01 10:26:16,388 - INFO - 
****************************************************************************************************
2026-10-01 10:26:18,412 - INFO - --- training epoch 247, loss 0.0071, mae 0.0860, rmse 0.1188, time elapsed(min) 0.03---
2026-10-01 10:26:18,786 - INFO - --- validation at epoch 247, val_loss 0.0058, val_mae 0.0841, val_rmse 0.1158, val_r2 0.8169, val_pearson 0.9077, lr 2.70e-05 ---
2026-10-01 10:26:18,786 - INFO - 
****************************************************************************************************
2026-10-01 10:26:20,865 - INFO - --- training epoch 248, loss 0.0069, mae 0.0854, rmse 0.1176, time elapsed(min) 0.03---
2026-10-01 10:26:21,105 - INFO - --- validation at epoch 248, val_loss 0.0057, val_mae 0.0829, val_rmse 0.1146, val_r2 0.8207, val_pearson 0.9077, lr 8.10e-06 ---
2026-10-01 10:26:21,105 - INFO - 
****************************************************************************************************
2026-10-01 10:26:22,951 - INFO - --- training epoch 249, loss 0.0070, mae 0.0862, rmse 0.1186, time elapsed(min) 0.03---
2026-10-01 10:26:23,182 - INFO - --- validation at epoch 249, val_loss 0.0057, val_mae 0.0824, val_rmse 0.1143, val_r2 0.8216, val_pearson 0.9080, lr 8.10e-06 ---
2026-10-01 10:26:23,182 - INFO - 
****************************************************************************************************
2026-10-01 10:26:25,198 - INFO - --- training epoch 250, loss 0.0070, mae 0.0860, rmse 0.1184, time elapsed(min) 0.03---
2026-10-01 10:26:25,423 - INFO - --- validation at epoch 250, val_loss 0.0056, val_mae 0.0820, val_rmse 0.1137, val_r2 0.8235, val_pearson 0.9089, lr 8.10e-06 ---
2026-10-01 10:26:25,423 - INFO - 
****************************************************************************************************
2026-10-01 10:26:27,466 - INFO - --- training epoch 251, loss 0.0069, mae 0.0852, rmse 0.1174, time elapsed(min) 0.03---
2026-10-01 10:26:27,902 - INFO - --- validation at epoch 251, val_loss 0.0056, val_mae 0.0822, val_rmse 0.1140, val_r2 0.8224, val_pearson 0.9092, lr 8.10e-06 ---
2026-10-01 10:26:27,902 - INFO - 
****************************************************************************************************
2026-10-01 10:26:29,997 - INFO - --- training epoch 252, loss 0.0070, mae 0.0865, rmse 0.1186, time elapsed(min) 0.03---
2026-10-01 10:26:30,228 - INFO - --- validation at epoch 252, val_loss 0.0056, val_mae 0.0823, val_rmse 0.1136, val_r2 0.8237, val_pearson 0.9095, lr 8.10e-06 ---
2026-10-01 10:26:30,228 - INFO - 
****************************************************************************************************
2026-10-01 10:26:32,168 - INFO - --- training epoch 253, loss 0.0070, mae 0.0863, rmse 0.1181, time elapsed(min) 0.03---
2026-10-01 10:26:32,398 - INFO - --- validation at epoch 253, val_loss 0.0056, val_mae 0.0822, val_rmse 0.1134, val_r2 0.8242, val_pearson 0.9094, lr 8.10e-06 ---
2026-10-01 10:26:32,398 - INFO - 
****************************************************************************************************
2026-10-01 10:26:34,422 - INFO - --- training epoch 254, loss 0.0070, mae 0.0854, rmse 0.1183, time elapsed(min) 0.03---
2026-10-01 10:26:34,833 - INFO - --- validation at epoch 254, val_loss 0.0056, val_mae 0.0822, val_rmse 0.1134, val_r2 0.8244, val_pearson 0.9095, lr 8.10e-06 ---
2026-10-01 10:26:34,834 - INFO - 
****************************************************************************************************
2026-10-01 10:26:36,790 - INFO - --- training epoch 255, loss 0.0071, mae 0.0869, rmse 0.1187, time elapsed(min) 0.03---
2026-10-01 10:26:37,017 - INFO - --- validation at epoch 255, val_loss 0.0055, val_mae 0.0817, val_rmse 0.1129, val_r2 0.8257, val_pearson 0.9101, lr 8.10e-06 ---
2026-10-01 10:26:37,017 - INFO - 
****************************************************************************************************
2026-10-01 10:26:38,956 - INFO - --- training epoch 256, loss 0.0070, mae 0.0860, rmse 0.1185, time elapsed(min) 0.03---
2026-10-01 10:26:39,201 - INFO - --- validation at epoch 256, val_loss 0.0055, val_mae 0.0816, val_rmse 0.1128, val_r2 0.8262, val_pearson 0.9105, lr 8.10e-06 ---
2026-10-01 10:26:39,201 - INFO - 
****************************************************************************************************
2026-10-01 10:26:41,285 - INFO - --- training epoch 257, loss 0.0070, mae 0.0862, rmse 0.1185, time elapsed(min) 0.03---
2026-10-01 10:26:41,698 - INFO - --- validation at epoch 257, val_loss 0.0056, val_mae 0.0822, val_rmse 0.1136, val_r2 0.8238, val_pearson 0.9094, lr 8.10e-06 ---
2026-10-01 10:26:41,698 - INFO - 
****************************************************************************************************
2026-10-01 10:26:43,763 - INFO - --- training epoch 258, loss 0.0069, mae 0.0853, rmse 0.1174, time elapsed(min) 0.03---
2026-10-01 10:26:43,989 - INFO - --- validation at epoch 258, val_loss 0.0055, val_mae 0.0819, val_rmse 0.1129, val_r2 0.8257, val_pearson 0.9104, lr 8.10e-06 ---
2026-10-01 10:26:43,989 - INFO - 
****************************************************************************************************
2026-10-01 10:26:45,831 - INFO - --- training epoch 259, loss 0.0070, mae 0.0860, rmse 0.1184, time elapsed(min) 0.03---
2026-10-01 10:26:46,058 - INFO - --- validation at epoch 259, val_loss 0.0056, val_mae 0.0818, val_rmse 0.1134, val_r2 0.8244, val_pearson 0.9094, lr 8.10e-06 ---
2026-10-01 10:26:46,058 - INFO - 
****************************************************************************************************
2026-10-01 10:26:47,933 - INFO - --- training epoch 260, loss 0.0069, mae 0.0862, rmse 0.1178, time elapsed(min) 0.03---
2026-10-01 10:26:48,318 - INFO - --- validation at epoch 260, val_loss 0.0055, val_mae 0.0816, val_rmse 0.1131, val_r2 0.8252, val_pearson 0.9099, lr 8.10e-06 ---
2026-10-01 10:26:48,318 - INFO - 
****************************************************************************************************
2026-10-01 10:26:50,490 - INFO - --- training epoch 261, loss 0.0070, mae 0.0862, rmse 0.1185, time elapsed(min) 0.03---
2026-10-01 10:26:50,725 - INFO - --- validation at epoch 261, val_loss 0.0056, val_mae 0.0822, val_rmse 0.1139, val_r2 0.8226, val_pearson 0.9088, lr 8.10e-06 ---
2026-10-01 10:26:50,725 - INFO - 
****************************************************************************************************
2026-10-01 10:26:52,588 - INFO - --- training epoch 262, loss 0.0070, mae 0.0861, rmse 0.1182, time elapsed(min) 0.03---
2026-10-01 10:26:52,816 - INFO - --- validation at epoch 262, val_loss 0.0056, val_mae 0.0819, val_rmse 0.1135, val_r2 0.8239, val_pearson 0.9098, lr 8.10e-06 ---
2026-10-01 10:26:52,816 - INFO - 
****************************************************************************************************
2026-10-01 10:26:54,790 - INFO - --- training epoch 263, loss 0.0069, mae 0.0855, rmse 0.1174, time elapsed(min) 0.03---
2026-10-01 10:26:55,021 - INFO - --- validation at epoch 263, val_loss 0.0056, val_mae 0.0821, val_rmse 0.1134, val_r2 0.8244, val_pearson 0.9098, lr 8.10e-06 ---
2026-10-01 10:26:55,021 - INFO - 
****************************************************************************************************
2026-10-01 10:26:56,936 - INFO - --- training epoch 264, loss 0.0069, mae 0.0854, rmse 0.1178, time elapsed(min) 0.03---
2026-10-01 10:26:57,367 - INFO - --- validation at epoch 264, val_loss 0.0056, val_mae 0.0821, val_rmse 0.1136, val_r2 0.8237, val_pearson 0.9093, lr 8.10e-06 ---
2026-10-01 10:26:57,367 - INFO - 
****************************************************************************************************
2026-10-01 10:26:59,422 - INFO - --- training epoch 265, loss 0.0069, mae 0.0855, rmse 0.1177, time elapsed(min) 0.03---
2026-10-01 10:26:59,656 - INFO - --- validation at epoch 265, val_loss 0.0055, val_mae 0.0818, val_rmse 0.1130, val_r2 0.8256, val_pearson 0.9102, lr 8.10e-06 ---
2026-10-01 10:26:59,656 - INFO - 
****************************************************************************************************
2026-10-01 10:27:01,597 - INFO - --- training epoch 266, loss 0.0069, mae 0.0857, rmse 0.1178, time elapsed(min) 0.03---
2026-10-01 10:27:01,830 - INFO - --- validation at epoch 266, val_loss 0.0055, val_mae 0.0819, val_rmse 0.1133, val_r2 0.8247, val_pearson 0.9097, lr 8.10e-06 ---
2026-10-01 10:27:01,830 - INFO - 
****************************************************************************************************
2026-10-01 10:27:03,810 - INFO - --- training epoch 267, loss 0.0071, mae 0.0868, rmse 0.1191, time elapsed(min) 0.03---
2026-10-01 10:27:04,200 - INFO - --- validation at epoch 267, val_loss 0.0056, val_mae 0.0822, val_rmse 0.1135, val_r2 0.8239, val_pearson 0.9095, lr 8.10e-06 ---
2026-10-01 10:27:04,200 - INFO - 
****************************************************************************************************
2026-10-01 10:27:06,304 - INFO - --- training epoch 268, loss 0.0070, mae 0.0861, rmse 0.1184, time elapsed(min) 0.03---
2026-10-01 10:27:06,537 - INFO - --- validation at epoch 268, val_loss 0.0056, val_mae 0.0830, val_rmse 0.1147, val_r2 0.8201, val_pearson 0.9094, lr 2.43e-06 ---
2026-10-01 10:27:06,537 - INFO - 
****************************************************************************************************
2026-10-01 10:27:08,357 - INFO - --- training epoch 269, loss 0.0068, mae 0.0847, rmse 0.1169, time elapsed(min) 0.03---
2026-10-01 10:27:08,590 - INFO - --- validation at epoch 269, val_loss 0.0056, val_mae 0.0829, val_rmse 0.1144, val_r2 0.8212, val_pearson 0.9097, lr 2.43e-06 ---
2026-10-01 10:27:08,590 - INFO - 
****************************************************************************************************
2026-10-01 10:27:10,434 - INFO - --- training epoch 270, loss 0.0068, mae 0.0851, rmse 0.1170, time elapsed(min) 0.03---
2026-10-01 10:27:10,828 - INFO - --- validation at epoch 270, val_loss 0.0056, val_mae 0.0828, val_rmse 0.1143, val_r2 0.8216, val_pearson 0.9095, lr 2.43e-06 ---
2026-10-01 10:27:10,828 - INFO - 
****************************************************************************************************
2026-10-01 10:27:12,873 - INFO - --- training epoch 271, loss 0.0069, mae 0.0853, rmse 0.1171, time elapsed(min) 0.03---
2026-10-01 10:27:13,326 - INFO - --- validation at epoch 271, val_loss 0.0056, val_mae 0.0825, val_rmse 0.1140, val_r2 0.8224, val_pearson 0.9094, lr 2.43e-06 ---
2026-10-01 10:27:13,326 - INFO - 
****************************************************************************************************
2026-10-01 10:27:15,311 - INFO - --- training epoch 272, loss 0.0069, mae 0.0858, rmse 0.1175, time elapsed(min) 0.03---
2026-10-01 10:27:15,539 - INFO - --- validation at epoch 272, val_loss 0.0056, val_mae 0.0827, val_rmse 0.1145, val_r2 0.8210, val_pearson 0.9090, lr 2.43e-06 ---
2026-10-01 10:27:15,539 - INFO - 
****************************************************************************************************
2026-10-01 10:27:17,483 - INFO - --- training epoch 273, loss 0.0069, mae 0.0844, rmse 0.1171, time elapsed(min) 0.03---
2026-10-01 10:27:17,714 - INFO - --- validation at epoch 273, val_loss 0.0056, val_mae 0.0829, val_rmse 0.1146, val_r2 0.8206, val_pearson 0.9092, lr 2.43e-06 ---
2026-10-01 10:27:17,714 - INFO - 
****************************************************************************************************
2026-10-01 10:27:19,656 - INFO - --- training epoch 274, loss 0.0069, mae 0.0853, rmse 0.1179, time elapsed(min) 0.03---
2026-10-01 10:27:20,063 - INFO - --- validation at epoch 274, val_loss 0.0056, val_mae 0.0828, val_rmse 0.1145, val_r2 0.8210, val_pearson 0.9090, lr 2.43e-06 ---
2026-10-01 10:27:20,063 - INFO - 
****************************************************************************************************
2026-10-01 10:27:22,327 - INFO - --- training epoch 275, loss 0.0069, mae 0.0853, rmse 0.1171, time elapsed(min) 0.03---
2026-10-01 10:27:22,560 - INFO - --- validation at epoch 275, val_loss 0.0056, val_mae 0.0829, val_rmse 0.1147, val_r2 0.8203, val_pearson 0.9093, lr 2.43e-06 ---
2026-10-01 10:27:22,560 - INFO - 
****************************************************************************************************
2026-10-01 10:27:24,388 - INFO - --- training epoch 276, loss 0.0071, mae 0.0868, rmse 0.1190, time elapsed(min) 0.03---
2026-10-01 10:27:24,615 - INFO - --- validation at epoch 276, val_loss 0.0056, val_mae 0.0825, val_rmse 0.1141, val_r2 0.8222, val_pearson 0.9098, lr 2.43e-06 ---
2026-10-01 10:27:24,615 - INFO - 
****************************************************************************************************
2026-10-01 10:27:26,623 - INFO - --- training epoch 277, loss 0.0070, mae 0.0860, rmse 0.1180, time elapsed(min) 0.03---
2026-10-01 10:27:26,995 - INFO - --- validation at epoch 277, val_loss 0.0056, val_mae 0.0823, val_rmse 0.1139, val_r2 0.8226, val_pearson 0.9098, lr 2.43e-06 ---
2026-10-01 10:27:26,995 - INFO - 
****************************************************************************************************
2026-10-01 10:27:29,311 - INFO - --- training epoch 278, loss 0.0070, mae 0.0859, rmse 0.1182, time elapsed(min) 0.03---
2026-10-01 10:27:29,539 - INFO - --- validation at epoch 278, val_loss 0.0056, val_mae 0.0829, val_rmse 0.1147, val_r2 0.8203, val_pearson 0.9093, lr 2.43e-06 ---
2026-10-01 10:27:29,539 - INFO - 
****************************************************************************************************
2026-10-01 10:27:31,388 - INFO - --- training epoch 279, loss 0.0069, mae 0.0857, rmse 0.1178, time elapsed(min) 0.03---
2026-10-01 10:27:31,617 - INFO - --- validation at epoch 279, val_loss 0.0056, val_mae 0.0830, val_rmse 0.1147, val_r2 0.8202, val_pearson 0.9093, lr 1.00e-06 ---
2026-10-01 10:27:31,617 - INFO - 
****************************************************************************************************
2026-10-01 10:27:33,540 - INFO - --- training epoch 280, loss 0.0070, mae 0.0857, rmse 0.1182, time elapsed(min) 0.03---
2026-10-01 10:27:33,775 - INFO - --- validation at epoch 280, val_loss 0.0056, val_mae 0.0828, val_rmse 0.1144, val_r2 0.8211, val_pearson 0.9094, lr 1.00e-06 ---
2026-10-01 10:27:33,775 - INFO - 
****************************************************************************************************
2026-10-01 10:27:35,707 - INFO - --- training epoch 281, loss 0.0069, mae 0.0852, rmse 0.1172, time elapsed(min) 0.03---
2026-10-01 10:27:36,160 - INFO - --- validation at epoch 281, val_loss 0.0056, val_mae 0.0827, val_rmse 0.1143, val_r2 0.8215, val_pearson 0.9096, lr 1.00e-06 ---
2026-10-01 10:27:36,160 - INFO - 
****************************************************************************************************
2026-10-01 10:27:38,115 - INFO - --- training epoch 282, loss 0.0069, mae 0.0852, rmse 0.1172, time elapsed(min) 0.03---
2026-10-01 10:27:38,346 - INFO - --- validation at epoch 282, val_loss 0.0056, val_mae 0.0828, val_rmse 0.1145, val_r2 0.8209, val_pearson 0.9095, lr 1.00e-06 ---
2026-10-01 10:27:38,346 - INFO - 
****************************************************************************************************
2026-10-01 10:27:40,183 - INFO - --- training epoch 283, loss 0.0069, mae 0.0858, rmse 0.1178, time elapsed(min) 0.03---
2026-10-01 10:27:40,419 - INFO - --- validation at epoch 283, val_loss 0.0056, val_mae 0.0828, val_rmse 0.1146, val_r2 0.8205, val_pearson 0.9094, lr 1.00e-06 ---
2026-10-01 10:27:40,419 - INFO - 
****************************************************************************************************
2026-10-01 10:27:42,382 - INFO - --- training epoch 284, loss 0.0069, mae 0.0852, rmse 0.1178, time elapsed(min) 0.03---
2026-10-01 10:27:42,787 - INFO - --- validation at epoch 284, val_loss 0.0056, val_mae 0.0826, val_rmse 0.1143, val_r2 0.8216, val_pearson 0.9095, lr 1.00e-06 ---
2026-10-01 10:27:42,787 - INFO - 
****************************************************************************************************
2026-10-01 10:27:44,952 - INFO - --- training epoch 285, loss 0.0070, mae 0.0853, rmse 0.1183, time elapsed(min) 0.03---
2026-10-01 10:27:45,186 - INFO - --- validation at epoch 285, val_loss 0.0056, val_mae 0.0829, val_rmse 0.1147, val_r2 0.8203, val_pearson 0.9093, lr 1.00e-06 ---
2026-10-01 10:27:45,186 - INFO - 
****************************************************************************************************
2026-10-01 10:27:47,028 - INFO - --- training epoch 286, loss 0.0069, mae 0.0853, rmse 0.1173, time elapsed(min) 0.03---
2026-10-01 10:27:47,260 - INFO - --- validation at epoch 286, val_loss 0.0056, val_mae 0.0827, val_rmse 0.1145, val_r2 0.8208, val_pearson 0.9093, lr 1.00e-06 ---
2026-10-01 10:27:47,260 - INFO - 
****************************************************************************************************
2026-10-01 10:27:49,203 - INFO - --- training epoch 287, loss 0.0069, mae 0.0850, rmse 0.1173, time elapsed(min) 0.03---
2026-10-01 10:27:49,573 - INFO - --- validation at epoch 287, val_loss 0.0056, val_mae 0.0828, val_rmse 0.1145, val_r2 0.8207, val_pearson 0.9096, lr 1.00e-06 ---
2026-10-01 10:27:49,573 - INFO - 
****************************************************************************************************
2026-10-01 10:27:51,698 - INFO - --- training epoch 288, loss 0.0069, mae 0.0855, rmse 0.1178, time elapsed(min) 0.03---
2026-10-01 10:27:51,935 - INFO - --- validation at epoch 288, val_loss 0.0056, val_mae 0.0827, val_rmse 0.1144, val_r2 0.8211, val_pearson 0.9096, lr 1.00e-06 ---
2026-10-01 10:27:51,935 - INFO - 
****************************************************************************************************
2026-10-01 10:27:53,753 - INFO - --- training epoch 289, loss 0.0068, mae 0.0849, rmse 0.1170, time elapsed(min) 0.03---
2026-10-01 10:27:53,987 - INFO - --- validation at epoch 289, val_loss 0.0056, val_mae 0.0827, val_rmse 0.1144, val_r2 0.8213, val_pearson 0.9097, lr 1.00e-06 ---
2026-10-01 10:27:53,987 - INFO - 
****************************************************************************************************
2026-10-01 10:27:55,838 - INFO - --- training epoch 290, loss 0.0069, mae 0.0854, rmse 0.1172, time elapsed(min) 0.03---
2026-10-01 10:27:56,082 - INFO - --- validation at epoch 290, val_loss 0.0056, val_mae 0.0827, val_rmse 0.1144, val_r2 0.8211, val_pearson 0.9097, lr 1.00e-06 ---
2026-10-01 10:27:56,082 - INFO - 
****************************************************************************************************
2026-10-01 10:27:58,053 - INFO - --- training epoch 291, loss 0.0069, mae 0.0845, rmse 0.1171, time elapsed(min) 0.03---
2026-10-01 10:27:58,463 - INFO - --- validation at epoch 291, val_loss 0.0056, val_mae 0.0826, val_rmse 0.1143, val_r2 0.8216, val_pearson 0.9098, lr 1.00e-06 ---
2026-10-01 10:27:58,463 - INFO - 
****************************************************************************************************
2026-10-01 10:28:00,429 - INFO - --- training epoch 292, loss 0.0069, mae 0.0850, rmse 0.1176, time elapsed(min) 0.03---
2026-10-01 10:28:00,665 - INFO - --- validation at epoch 292, val_loss 0.0056, val_mae 0.0826, val_rmse 0.1143, val_r2 0.8216, val_pearson 0.9099, lr 1.00e-06 ---
2026-10-01 10:28:00,665 - INFO - 
****************************************************************************************************
2026-10-01 10:28:02,523 - INFO - --- training epoch 293, loss 0.0071, mae 0.0869, rmse 0.1194, time elapsed(min) 0.03---
2026-10-01 10:28:02,749 - INFO - --- validation at epoch 293, val_loss 0.0056, val_mae 0.0827, val_rmse 0.1143, val_r2 0.8216, val_pearson 0.9099, lr 1.00e-06 ---
2026-10-01 10:28:02,749 - INFO - 
****************************************************************************************************
2026-10-01 10:28:04,621 - INFO - --- training epoch 294, loss 0.0068, mae 0.0844, rmse 0.1163, time elapsed(min) 0.03---
2026-10-01 10:28:05,035 - INFO - --- validation at epoch 294, val_loss 0.0056, val_mae 0.0826, val_rmse 0.1142, val_r2 0.8218, val_pearson 0.9099, lr 1.00e-06 ---
2026-10-01 10:28:05,035 - INFO - 
****************************************************************************************************
2026-10-01 10:28:07,072 - INFO - --- training epoch 295, loss 0.0069, mae 0.0853, rmse 0.1178, time elapsed(min) 0.03---
2026-10-01 10:28:07,300 - INFO - --- validation at epoch 295, val_loss 0.0056, val_mae 0.0826, val_rmse 0.1143, val_r2 0.8215, val_pearson 0.9098, lr 1.00e-06 ---
2026-10-01 10:28:07,300 - INFO - 
****************************************************************************************************
2026-10-01 10:28:09,147 - INFO - --- training epoch 296, loss 0.0070, mae 0.0857, rmse 0.1180, time elapsed(min) 0.03---
2026-10-01 10:28:09,381 - INFO - --- validation at epoch 296, val_loss 0.0056, val_mae 0.0827, val_rmse 0.1143, val_r2 0.8214, val_pearson 0.9099, lr 1.00e-06 ---
2026-10-01 10:28:09,381 - INFO - 
****************************************************************************************************
2026-10-01 10:28:11,220 - INFO - --- training epoch 297, loss 0.0069, mae 0.0849, rmse 0.1171, time elapsed(min) 0.03---
2026-10-01 10:28:11,605 - INFO - --- validation at epoch 297, val_loss 0.0056, val_mae 0.0827, val_rmse 0.1143, val_r2 0.8215, val_pearson 0.9099, lr 1.00e-06 ---
2026-10-01 10:28:11,605 - INFO - 
****************************************************************************************************
2026-10-01 10:28:13,708 - INFO - --- training epoch 298, loss 0.0070, mae 0.0859, rmse 0.1183, time elapsed(min) 0.03---
2026-10-01 10:28:13,938 - INFO - --- validation at epoch 298, val_loss 0.0056, val_mae 0.0826, val_rmse 0.1143, val_r2 0.8216, val_pearson 0.9099, lr 1.00e-06 ---
2026-10-01 10:28:13,938 - INFO - 
****************************************************************************************************
2026-10-01 10:28:15,829 - INFO - --- training epoch 299, loss 0.0069, mae 0.0846, rmse 0.1173, time elapsed(min) 0.03---
2026-10-01 10:28:16,061 - INFO - --- validation at epoch 299, val_loss 0.0056, val_mae 0.0827, val_rmse 0.1143, val_r2 0.8214, val_pearson 0.9098, lr 1.00e-06 ---
2026-10-01 10:28:16,061 - INFO - 
****************************************************************************************************
2026-10-01 10:28:18,001 - INFO - --- training epoch 300, loss 0.0068, mae 0.0844, rmse 0.1167, time elapsed(min) 0.03---
2026-10-01 10:28:18,390 - INFO - --- validation at epoch 300, val_loss 0.0056, val_mae 0.0827, val_rmse 0.1143, val_r2 0.8216, val_pearson 0.9099, lr 1.00e-06 ---
2026-10-01 10:28:18,390 - INFO - 
****************************************************************************************************
2026-10-01 10:28:20,337 - INFO - --- training epoch 301, loss 0.0069, mae 0.0854, rmse 0.1173, time elapsed(min) 0.03---
2026-10-01 10:28:20,746 - INFO - --- validation at epoch 301, val_loss 0.0056, val_mae 0.0827, val_rmse 0.1143, val_r2 0.8215, val_pearson 0.9099, lr 1.00e-06 ---
2026-10-01 10:28:20,746 - INFO - 
****************************************************************************************************
2026-10-01 10:28:22,774 - INFO - --- training epoch 302, loss 0.0068, mae 0.0846, rmse 0.1169, time elapsed(min) 0.03---
2026-10-01 10:28:23,005 - INFO - --- validation at epoch 302, val_loss 0.0056, val_mae 0.0825, val_rmse 0.1141, val_r2 0.8220, val_pearson 0.9099, lr 1.00e-06 ---
2026-10-01 10:28:23,005 - INFO - 
****************************************************************************************************
2026-10-01 10:28:24,826 - INFO - --- training epoch 303, loss 0.0069, mae 0.0853, rmse 0.1177, time elapsed(min) 0.03---
2026-10-01 10:28:25,060 - INFO - --- validation at epoch 303, val_loss 0.0056, val_mae 0.0825, val_rmse 0.1140, val_r2 0.8224, val_pearson 0.9101, lr 1.00e-06 ---
2026-10-01 10:28:25,060 - INFO - 
****************************************************************************************************
2026-10-01 10:28:26,953 - INFO - --- training epoch 304, loss 0.0070, mae 0.0864, rmse 0.1187, time elapsed(min) 0.03---
2026-10-01 10:28:27,360 - INFO - --- validation at epoch 304, val_loss 0.0056, val_mae 0.0825, val_rmse 0.1140, val_r2 0.8226, val_pearson 0.9102, lr 1.00e-06 ---
2026-10-01 10:28:27,361 - INFO - 
****************************************************************************************************
2026-10-01 10:28:29,525 - INFO - --- training epoch 305, loss 0.0071, mae 0.0862, rmse 0.1189, time elapsed(min) 0.03---
2026-10-01 10:28:29,754 - INFO - --- validation at epoch 305, val_loss 0.0056, val_mae 0.0826, val_rmse 0.1142, val_r2 0.8218, val_pearson 0.9099, lr 1.00e-06 ---
2026-10-01 10:28:29,754 - INFO - 
****************************************************************************************************
2026-10-01 10:28:31,693 - INFO - --- training epoch 306, loss 0.0069, mae 0.0854, rmse 0.1175, time elapsed(min) 0.03---
2026-10-01 10:28:31,918 - INFO - --- validation at epoch 306, val_loss 0.0056, val_mae 0.0826, val_rmse 0.1141, val_r2 0.8221, val_pearson 0.9100, lr 1.00e-06 ---
2026-10-01 10:28:31,918 - INFO - 
****************************************************************************************************
2026-10-01 10:28:32,197 - INFO - --- early stopping at epoch 306: val_loss did not improve for 50 epochs ---
2026-10-01 10:28:32,484 - INFO - --- selected checkpoint from epoch 256, val_loss 0.0055, val_mae 0.0816, val_rmse 0.1128
2026-10-01 10:28:33,458 - INFO - -- RESULT
2026-10-01 10:28:33,458 - INFO - --- test size: 1728
2026-10-01 10:28:33,458 - INFO - --- MAE: 0.0928 (9.28 pp), RMSE: 0.1317 (13.17 pp), R2: 0.7882, Pearson: 0.8885
2026-10-01 10:28:35,900 - INFO - --- Suzuki-Miyaura | split_6 | approach_2: test R2 0.7882 MAE 0.0928 RMSE 0.1317 | 693.4s (2.3s/epoch)
2026-10-01 10:28:35,904 - INFO - --- Suzuki-Miyaura | split_6 | MLP control (ind/mlp) (ind/mlp)
