2026-09-30 23:47:31,322 - INFO - device is	cuda:0
2026-09-30 23:47:31,418 - INFO - -- CONFIGURATIONS
2026-09-30 23:47:31,418 - INFO - --- train/valid/test: 2491/277/1187
2026-09-30 23:47:31,418 - INFO - --- max no. reactants_train, valid, test respectively: 6, 6, 6
2026-09-30 23:47:31,418 - INFO - --- max no. products_train, valid, test respectively: 1, 1, 1
2026-09-30 23:47:31,418 - INFO - --- model_path: ../logs/approach2_grid_bh/e400/runs/Buchwald-Hartwig_fullcv08_split70_ind_mlp/model.pt
2026-09-30 23:47:31,428 - INFO - -- TRAINING
2026-09-30 23:47:32,083 - INFO - --- training epoch 0, loss 23.7573, mae 24.2526, rmse 29.9492, time elapsed(min) 0.01---
2026-09-30 23:47:32,237 - INFO - --- validation at epoch 0, val_loss 22.8297, val_mae 24.6533, val_rmse 29.1872, val_r2 -0.0411, val_pearson -0.3340, lr 1.00e-03 ---
2026-09-30 23:47:32,237 - INFO - 
****************************************************************************************************
2026-09-30 23:47:33,536 - INFO - --- training epoch 1, loss 22.5834, mae 23.0796, rmse 27.8239, time elapsed(min) 0.01---
2026-09-30 23:47:33,706 - INFO - --- validation at epoch 1, val_loss 21.9256, val_mae 23.8582, val_rmse 28.0953, val_r2 0.0353, val_pearson 0.2965, lr 1.00e-03 ---
2026-09-30 23:47:33,707 - INFO - 
****************************************************************************************************
2026-09-30 23:47:34,995 - INFO - --- training epoch 2, loss 21.9816, mae 22.4770, rmse 27.0633, time elapsed(min) 0.01---
2026-09-30 23:47:35,152 - INFO - --- validation at epoch 2, val_loss 21.0897, val_mae 23.0433, val_rmse 26.9086, val_r2 0.1151, val_pearson 0.3865, lr 1.00e-03 ---
2026-09-30 23:47:35,152 - INFO - 
****************************************************************************************************
2026-09-30 23:47:36,447 - INFO - --- training epoch 3, loss 21.5260, mae 22.0229, rmse 26.5038, time elapsed(min) 0.01---
2026-09-30 23:47:36,615 - INFO - --- validation at epoch 3, val_loss 21.1651, val_mae 22.8265, val_rmse 27.5896, val_r2 0.0697, val_pearson 0.4022, lr 1.00e-03 ---
2026-09-30 23:47:36,616 - INFO - 
****************************************************************************************************
2026-09-30 23:47:37,863 - INFO - --- training epoch 4, loss 22.2691, mae 22.7649, rmse 27.1888, time elapsed(min) 0.01---
2026-09-30 23:47:38,198 - INFO - --- validation at epoch 4, val_loss 22.5425, val_mae 23.9921, val_rmse 29.2099, val_r2 -0.0428, val_pearson 0.3995, lr 1.00e-03 ---
2026-09-30 23:47:38,198 - INFO - 
****************************************************************************************************
2026-09-30 23:47:39,369 - INFO - --- training epoch 5, loss 21.5682, mae 22.0635, rmse 26.4618, time elapsed(min) 0.01---
2026-09-30 23:47:39,558 - INFO - --- validation at epoch 5, val_loss 21.6554, val_mae 23.6135, val_rmse 28.2484, val_r2 0.0248, val_pearson 0.2648, lr 1.00e-03 ---
2026-09-30 23:47:39,559 - INFO - 
****************************************************************************************************
2026-09-30 23:47:40,578 - INFO - --- training epoch 6, loss 21.6444, mae 22.1390, rmse 26.3635, time elapsed(min) 0.01---
2026-09-30 23:47:40,750 - INFO - --- validation at epoch 6, val_loss 20.9949, val_mae 22.6623, val_rmse 26.5560, val_r2 0.1381, val_pearson 0.4477, lr 1.00e-03 ---
2026-09-30 23:47:40,750 - INFO - 
****************************************************************************************************
2026-09-30 23:47:42,029 - INFO - --- training epoch 7, loss 21.0912, mae 21.5868, rmse 25.6756, time elapsed(min) 0.01---
2026-09-30 23:47:42,208 - INFO - --- validation at epoch 7, val_loss 20.3716, val_mae 21.9549, val_rmse 26.1404, val_r2 0.1649, val_pearson 0.4653, lr 1.00e-03 ---
2026-09-30 23:47:42,209 - INFO - 
****************************************************************************************************
2026-09-30 23:47:43,557 - INFO - --- training epoch 8, loss 21.1281, mae 21.6245, rmse 26.2029, time elapsed(min) 0.01---
2026-09-30 23:47:43,734 - INFO - --- validation at epoch 8, val_loss 19.8059, val_mae 21.7180, val_rmse 26.0250, val_r2 0.1722, val_pearson 0.4652, lr 1.00e-03 ---
2026-09-30 23:47:43,734 - INFO - 
****************************************************************************************************
2026-09-30 23:47:45,075 - INFO - --- training epoch 9, loss 20.7625, mae 21.2586, rmse 25.7859, time elapsed(min) 0.01---
2026-09-30 23:47:45,243 - INFO - --- validation at epoch 9, val_loss 20.4564, val_mae 21.8499, val_rmse 25.1852, val_r2 0.2248, val_pearson 0.4855, lr 1.00e-03 ---
2026-09-30 23:47:45,243 - INFO - 
****************************************************************************************************
2026-09-30 23:47:46,626 - INFO - --- training epoch 10, loss 22.8554, mae 23.3495, rmse 28.6549, time elapsed(min) 0.02---
2026-09-30 23:47:46,801 - INFO - --- validation at epoch 10, val_loss 21.2313, val_mae 23.0931, val_rmse 27.5285, val_r2 0.0738, val_pearson 0.2848, lr 1.00e-03 ---
2026-09-30 23:47:46,801 - INFO - 
****************************************************************************************************
2026-09-30 23:47:47,835 - INFO - --- training epoch 11, loss 22.0388, mae 22.5331, rmse 27.6143, time elapsed(min) 0.01---
2026-09-30 23:47:48,002 - INFO - --- validation at epoch 11, val_loss 21.2683, val_mae 23.1470, val_rmse 28.0392, val_r2 0.0392, val_pearson 0.2391, lr 1.00e-03 ---
2026-09-30 23:47:48,003 - INFO - 
****************************************************************************************************
2026-09-30 23:47:49,164 - INFO - --- training epoch 12, loss 21.9369, mae 22.4321, rmse 27.2261, time elapsed(min) 0.01---
2026-09-30 23:47:49,354 - INFO - --- validation at epoch 12, val_loss 21.0174, val_mae 22.9333, val_rmse 27.2958, val_r2 0.0894, val_pearson 0.3025, lr 1.00e-03 ---
2026-09-30 23:47:49,354 - INFO - 
****************************************************************************************************
2026-09-30 23:47:50,571 - INFO - --- training epoch 13, loss 21.8239, mae 22.3192, rmse 27.0629, time elapsed(min) 0.01---
2026-09-30 23:47:50,738 - INFO - --- validation at epoch 13, val_loss 20.4613, val_mae 22.4381, val_rmse 26.6239, val_r2 0.1337, val_pearson 0.3716, lr 1.00e-03 ---
2026-09-30 23:47:50,739 - INFO - 
****************************************************************************************************
2026-09-30 23:47:52,138 - INFO - --- training epoch 14, loss 22.0759, mae 22.5726, rmse 27.0721, time elapsed(min) 0.02---
2026-09-30 23:47:52,307 - INFO - --- validation at epoch 14, val_loss 21.8218, val_mae 23.6811, val_rmse 29.1162, val_r2 -0.0361, val_pearson 0.3960, lr 1.00e-03 ---
2026-09-30 23:47:52,307 - INFO - 
****************************************************************************************************
2026-09-30 23:47:53,549 - INFO - --- training epoch 15, loss 21.4152, mae 21.9105, rmse 26.1475, time elapsed(min) 0.01---
2026-09-30 23:47:53,944 - INFO - --- validation at epoch 15, val_loss 20.5847, val_mae 22.3892, val_rmse 25.9697, val_r2 0.1758, val_pearson 0.4597, lr 1.00e-03 ---
2026-09-30 23:47:53,944 - INFO - 
****************************************************************************************************
2026-09-30 23:47:55,151 - INFO - --- training epoch 16, loss 21.5697, mae 22.0675, rmse 26.3871, time elapsed(min) 0.01---
2026-09-30 23:47:55,317 - INFO - --- validation at epoch 16, val_loss 21.6473, val_mae 23.3023, val_rmse 28.1758, val_r2 0.0298, val_pearson 0.4699, lr 1.00e-03 ---
2026-09-30 23:47:55,317 - INFO - 
****************************************************************************************************
2026-09-30 23:47:56,359 - INFO - --- training epoch 17, loss 21.1109, mae 21.6064, rmse 25.8855, time elapsed(min) 0.01---
2026-09-30 23:47:56,541 - INFO - --- validation at epoch 17, val_loss 20.1090, val_mae 21.8050, val_rmse 26.3905, val_r2 0.1488, val_pearson 0.4502, lr 1.00e-03 ---
2026-09-30 23:47:56,541 - INFO - 
****************************************************************************************************
2026-09-30 23:47:57,718 - INFO - --- training epoch 18, loss 20.8796, mae 21.3734, rmse 25.8579, time elapsed(min) 0.01---
2026-09-30 23:47:57,878 - INFO - --- validation at epoch 18, val_loss 20.4233, val_mae 22.1400, val_rmse 26.5321, val_r2 0.1397, val_pearson 0.4876, lr 1.00e-03 ---
2026-09-30 23:47:57,878 - INFO - 
****************************************************************************************************
2026-09-30 23:47:59,244 - INFO - --- training epoch 19, loss 20.7599, mae 21.2553, rmse 25.5185, time elapsed(min) 0.02---
2026-09-30 23:47:59,414 - INFO - --- validation at epoch 19, val_loss 20.1378, val_mae 21.8761, val_rmse 26.1497, val_r2 0.1643, val_pearson 0.4906, lr 1.00e-03 ---
2026-09-30 23:47:59,414 - INFO - 
****************************************************************************************************
2026-09-30 23:48:00,699 - INFO - --- training epoch 20, loss 20.4406, mae 20.9362, rmse 25.3043, time elapsed(min) 0.02---
2026-09-30 23:48:00,873 - INFO - --- validation at epoch 20, val_loss 20.1472, val_mae 21.7803, val_rmse 26.5292, val_r2 0.1399, val_pearson 0.4953, lr 3.00e-04 ---
2026-09-30 23:48:00,874 - INFO - 
****************************************************************************************************
2026-09-30 23:48:02,062 - INFO - --- training epoch 21, loss 20.3933, mae 20.8892, rmse 25.6777, time elapsed(min) 0.01---
2026-09-30 23:48:02,235 - INFO - --- validation at epoch 21, val_loss 19.9731, val_mae 21.5069, val_rmse 26.2929, val_r2 0.1551, val_pearson 0.4908, lr 3.00e-04 ---
2026-09-30 23:48:02,235 - INFO - 
****************************************************************************************************
2026-09-30 23:48:03,267 - INFO - --- training epoch 22, loss 19.9574, mae 20.4526, rmse 25.1523, time elapsed(min) 0.01---
2026-09-30 23:48:03,434 - INFO - --- validation at epoch 22, val_loss 19.3391, val_mae 20.8503, val_rmse 25.2829, val_r2 0.2188, val_pearson 0.5187, lr 3.00e-04 ---
2026-09-30 23:48:03,434 - INFO - 
****************************************************************************************************
2026-09-30 23:48:04,536 - INFO - --- training epoch 23, loss 19.5731, mae 20.0681, rmse 25.0073, time elapsed(min) 0.01---
2026-09-30 23:48:04,705 - INFO - --- validation at epoch 23, val_loss 19.3789, val_mae 20.7596, val_rmse 25.8825, val_r2 0.1813, val_pearson 0.4874, lr 3.00e-04 ---
2026-09-30 23:48:04,705 - INFO - 
****************************************************************************************************
2026-09-30 23:48:05,924 - INFO - --- training epoch 24, loss 19.5406, mae 20.0357, rmse 25.0731, time elapsed(min) 0.01---
2026-09-30 23:48:06,094 - INFO - --- validation at epoch 24, val_loss 18.8283, val_mae 20.1439, val_rmse 25.1123, val_r2 0.2293, val_pearson 0.5073, lr 3.00e-04 ---
2026-09-30 23:48:06,094 - INFO - 
****************************************************************************************************
2026-09-30 23:48:07,542 - INFO - --- training epoch 25, loss 19.4776, mae 19.9730, rmse 25.1504, time elapsed(min) 0.02---
2026-09-30 23:48:07,713 - INFO - --- validation at epoch 25, val_loss 18.8310, val_mae 20.1840, val_rmse 25.2195, val_r2 0.2227, val_pearson 0.5168, lr 3.00e-04 ---
2026-09-30 23:48:07,713 - INFO - 
****************************************************************************************************
2026-09-30 23:48:09,117 - INFO - --- training epoch 26, loss 19.5163, mae 20.0112, rmse 25.2668, time elapsed(min) 0.02---
2026-09-30 23:48:09,277 - INFO - --- validation at epoch 26, val_loss 19.4579, val_mae 20.9331, val_rmse 26.0702, val_r2 0.1694, val_pearson 0.4922, lr 3.00e-04 ---
2026-09-30 23:48:09,277 - INFO - 
****************************************************************************************************
2026-09-30 23:48:10,319 - INFO - --- training epoch 27, loss 19.4270, mae 19.9214, rmse 25.0614, time elapsed(min) 0.01---
2026-09-30 23:48:10,485 - INFO - --- validation at epoch 27, val_loss 19.0084, val_mae 20.3644, val_rmse 25.4716, val_r2 0.2071, val_pearson 0.5048, lr 3.00e-04 ---
2026-09-30 23:48:10,485 - INFO - 
****************************************************************************************************
2026-09-30 23:48:11,689 - INFO - --- training epoch 28, loss 19.2643, mae 19.7596, rmse 24.9850, time elapsed(min) 0.01---
2026-09-30 23:48:11,860 - INFO - --- validation at epoch 28, val_loss 18.9345, val_mae 20.3068, val_rmse 25.2595, val_r2 0.2202, val_pearson 0.5078, lr 3.00e-04 ---
2026-09-30 23:48:11,860 - INFO - 
****************************************************************************************************
2026-09-30 23:48:13,100 - INFO - --- training epoch 29, loss 19.2476, mae 19.7419, rmse 24.8218, time elapsed(min) 0.01---
2026-09-30 23:48:13,264 - INFO - --- validation at epoch 29, val_loss 18.8987, val_mae 20.2723, val_rmse 25.3150, val_r2 0.2168, val_pearson 0.5177, lr 3.00e-04 ---
2026-09-30 23:48:13,264 - INFO - 
****************************************************************************************************
2026-09-30 23:48:14,492 - INFO - --- training epoch 30, loss 19.1440, mae 19.6376, rmse 24.8728, time elapsed(min) 0.01---
2026-09-30 23:48:14,661 - INFO - --- validation at epoch 30, val_loss 18.5203, val_mae 19.7009, val_rmse 25.2973, val_r2 0.2179, val_pearson 0.5140, lr 3.00e-04 ---
2026-09-30 23:48:14,661 - INFO - 
****************************************************************************************************
2026-09-30 23:48:16,008 - INFO - --- training epoch 31, loss 19.1895, mae 19.6832, rmse 24.8392, time elapsed(min) 0.01---
2026-09-30 23:48:16,417 - INFO - --- validation at epoch 31, val_loss 18.8102, val_mae 20.2059, val_rmse 25.2440, val_r2 0.2212, val_pearson 0.5304, lr 3.00e-04 ---
2026-09-30 23:48:16,417 - INFO - 
****************************************************************************************************
2026-09-30 23:48:17,612 - INFO - --- training epoch 32, loss 19.1572, mae 19.6526, rmse 24.8094, time elapsed(min) 0.01---
2026-09-30 23:48:17,777 - INFO - --- validation at epoch 32, val_loss 18.1803, val_mae 19.4617, val_rmse 24.9592, val_r2 0.2387, val_pearson 0.5317, lr 3.00e-04 ---
2026-09-30 23:48:17,777 - INFO - 
****************************************************************************************************
2026-09-30 23:48:18,885 - INFO - --- training epoch 33, loss 19.0927, mae 19.5882, rmse 24.7040, time elapsed(min) 0.01---
2026-09-30 23:48:19,051 - INFO - --- validation at epoch 33, val_loss 17.9592, val_mae 19.3135, val_rmse 24.1377, val_r2 0.2879, val_pearson 0.5578, lr 3.00e-04 ---
2026-09-30 23:48:19,052 - INFO - 
****************************************************************************************************
2026-09-30 23:48:20,341 - INFO - --- training epoch 34, loss 19.0889, mae 19.5827, rmse 24.7315, time elapsed(min) 0.01---
2026-09-30 23:48:20,511 - INFO - --- validation at epoch 34, val_loss 18.2053, val_mae 19.6656, val_rmse 24.4146, val_r2 0.2715, val_pearson 0.5554, lr 3.00e-04 ---
2026-09-30 23:48:20,511 - INFO - 
****************************************************************************************************
2026-09-30 23:48:21,757 - INFO - --- training epoch 35, loss 18.8995, mae 19.3929, rmse 24.3742, time elapsed(min) 0.01---
2026-09-30 23:48:21,951 - INFO - --- validation at epoch 35, val_loss 17.9892, val_mae 19.2534, val_rmse 24.2334, val_r2 0.2823, val_pearson 0.5470, lr 3.00e-04 ---
2026-09-30 23:48:21,951 - INFO - 
****************************************************************************************************
2026-09-30 23:48:23,342 - INFO - --- training epoch 36, loss 18.9973, mae 19.4925, rmse 24.4372, time elapsed(min) 0.02---
2026-09-30 23:48:23,508 - INFO - --- validation at epoch 36, val_loss 17.4302, val_mae 18.8209, val_rmse 24.1333, val_r2 0.2882, val_pearson 0.5602, lr 3.00e-04 ---
2026-09-30 23:48:23,508 - INFO - 
****************************************************************************************************
2026-09-30 23:48:25,034 - INFO - --- training epoch 37, loss 18.9011, mae 19.3958, rmse 24.4176, time elapsed(min) 0.02---
2026-09-30 23:48:25,187 - INFO - --- validation at epoch 37, val_loss 17.3228, val_mae 18.5902, val_rmse 23.3328, val_r2 0.3346, val_pearson 0.5856, lr 3.00e-04 ---
2026-09-30 23:48:25,187 - INFO - 
****************************************************************************************************
2026-09-30 23:48:26,307 - INFO - --- training epoch 38, loss 18.7090, mae 19.2038, rmse 24.2525, time elapsed(min) 0.01---
2026-09-30 23:48:26,467 - INFO - --- validation at epoch 38, val_loss 17.5980, val_mae 18.9140, val_rmse 23.7959, val_r2 0.3080, val_pearson 0.5730, lr 3.00e-04 ---
2026-09-30 23:48:26,467 - INFO - 
****************************************************************************************************
2026-09-30 23:48:27,499 - INFO - --- training epoch 39, loss 18.6481, mae 19.1423, rmse 24.1442, time elapsed(min) 0.01---
2026-09-30 23:48:27,663 - INFO - --- validation at epoch 39, val_loss 16.9507, val_mae 18.4328, val_rmse 23.2989, val_r2 0.3366, val_pearson 0.5930, lr 3.00e-04 ---
2026-09-30 23:48:27,664 - INFO - 
****************************************************************************************************
2026-09-30 23:48:28,990 - INFO - --- training epoch 40, loss 18.6852, mae 19.1800, rmse 24.0746, time elapsed(min) 0.01---
2026-09-30 23:48:29,152 - INFO - --- validation at epoch 40, val_loss 17.8548, val_mae 19.2044, val_rmse 23.3491, val_r2 0.3337, val_pearson 0.6104, lr 3.00e-04 ---
2026-09-30 23:48:29,153 - INFO - 
****************************************************************************************************
2026-09-30 23:48:30,417 - INFO - --- training epoch 41, loss 18.5729, mae 19.0679, rmse 23.8762, time elapsed(min) 0.01---
2026-09-30 23:48:30,595 - INFO - --- validation at epoch 41, val_loss 17.1877, val_mae 18.5499, val_rmse 22.9630, val_r2 0.3556, val_pearson 0.6065, lr 3.00e-04 ---
2026-09-30 23:48:30,595 - INFO - 
****************************************************************************************************
2026-09-30 23:48:31,841 - INFO - --- training epoch 42, loss 18.3495, mae 18.8440, rmse 23.8362, time elapsed(min) 0.01---
2026-09-30 23:48:32,221 - INFO - --- validation at epoch 42, val_loss 17.5628, val_mae 18.8845, val_rmse 23.5477, val_r2 0.3223, val_pearson 0.6028, lr 3.00e-04 ---
2026-09-30 23:48:32,221 - INFO - 
****************************************************************************************************
2026-09-30 23:48:33,402 - INFO - --- training epoch 43, loss 18.2496, mae 18.7442, rmse 23.4364, time elapsed(min) 0.01---
2026-09-30 23:48:33,569 - INFO - --- validation at epoch 43, val_loss 16.8424, val_mae 18.3753, val_rmse 22.7536, val_r2 0.3673, val_pearson 0.6218, lr 3.00e-04 ---
2026-09-30 23:48:33,569 - INFO - 
****************************************************************************************************
2026-09-30 23:48:34,848 - INFO - --- training epoch 44, loss 18.3343, mae 18.8277, rmse 23.6459, time elapsed(min) 0.01---
2026-09-30 23:48:35,017 - INFO - --- validation at epoch 44, val_loss 17.2645, val_mae 18.7057, val_rmse 23.4020, val_r2 0.3307, val_pearson 0.6205, lr 3.00e-04 ---
2026-09-30 23:48:35,017 - INFO - 
****************************************************************************************************
2026-09-30 23:48:36,426 - INFO - --- training epoch 45, loss 18.0471, mae 18.5403, rmse 23.3884, time elapsed(min) 0.02---
2026-09-30 23:48:36,591 - INFO - --- validation at epoch 45, val_loss 16.8553, val_mae 18.4315, val_rmse 23.2652, val_r2 0.3385, val_pearson 0.6129, lr 3.00e-04 ---
2026-09-30 23:48:36,591 - INFO - 
****************************************************************************************************
2026-09-30 23:48:37,858 - INFO - --- training epoch 46, loss 17.8188, mae 18.3118, rmse 23.1017, time elapsed(min) 0.01---
2026-09-30 23:48:38,018 - INFO - --- validation at epoch 46, val_loss 16.9851, val_mae 18.6551, val_rmse 23.3941, val_r2 0.3311, val_pearson 0.6107, lr 3.00e-04 ---
2026-09-30 23:48:38,018 - INFO - 
****************************************************************************************************
2026-09-30 23:48:39,432 - INFO - --- training epoch 47, loss 17.8500, mae 18.3434, rmse 23.1601, time elapsed(min) 0.02---
2026-09-30 23:48:39,598 - INFO - --- validation at epoch 47, val_loss 16.1939, val_mae 17.7307, val_rmse 22.5355, val_r2 0.3793, val_pearson 0.6386, lr 3.00e-04 ---
2026-09-30 23:48:39,599 - INFO - 
****************************************************************************************************
2026-09-30 23:48:40,736 - INFO - --- training epoch 48, loss 17.4220, mae 17.9170, rmse 22.8385, time elapsed(min) 0.01---
2026-09-30 23:48:40,912 - INFO - --- validation at epoch 48, val_loss 17.0147, val_mae 18.7999, val_rmse 24.0427, val_r2 0.2935, val_pearson 0.5942, lr 3.00e-04 ---
2026-09-30 23:48:40,912 - INFO - 
****************************************************************************************************
2026-09-30 23:48:41,946 - INFO - --- training epoch 49, loss 17.3653, mae 17.8595, rmse 22.5686, time elapsed(min) 0.01---
2026-09-30 23:48:42,108 - INFO - --- validation at epoch 49, val_loss 15.3814, val_mae 17.4435, val_rmse 21.9265, val_r2 0.4124, val_pearson 0.6592, lr 3.00e-04 ---
2026-09-30 23:48:42,108 - INFO - 
****************************************************************************************************
2026-09-30 23:48:43,559 - INFO - --- training epoch 50, loss 17.1469, mae 17.6398, rmse 22.3638, time elapsed(min) 0.02---
2026-09-30 23:48:43,715 - INFO - --- validation at epoch 50, val_loss 15.8842, val_mae 17.6385, val_rmse 22.0244, val_r2 0.4072, val_pearson 0.6426, lr 3.00e-04 ---
2026-09-30 23:48:43,715 - INFO - 
****************************************************************************************************
2026-09-30 23:48:45,094 - INFO - --- training epoch 51, loss 17.0702, mae 17.5625, rmse 22.5674, time elapsed(min) 0.02---
2026-09-30 23:48:45,252 - INFO - --- validation at epoch 51, val_loss 15.9187, val_mae 17.7688, val_rmse 22.4759, val_r2 0.3826, val_pearson 0.6319, lr 3.00e-04 ---
2026-09-30 23:48:45,252 - INFO - 
****************************************************************************************************
2026-09-30 23:48:46,662 - INFO - --- training epoch 52, loss 16.7585, mae 17.2532, rmse 21.9557, time elapsed(min) 0.02---
2026-09-30 23:48:46,836 - INFO - --- validation at epoch 52, val_loss 15.2726, val_mae 17.1336, val_rmse 21.8911, val_r2 0.4143, val_pearson 0.6565, lr 3.00e-04 ---
2026-09-30 23:48:46,836 - INFO - 
****************************************************************************************************
2026-09-30 23:48:47,979 - INFO - --- training epoch 53, loss 16.6591, mae 17.1520, rmse 22.2182, time elapsed(min) 0.01---
2026-09-30 23:48:48,158 - INFO - --- validation at epoch 53, val_loss 15.7563, val_mae 17.7413, val_rmse 22.2411, val_r2 0.3954, val_pearson 0.6666, lr 3.00e-04 ---
2026-09-30 23:48:48,158 - INFO - 
****************************************************************************************************
2026-09-30 23:48:49,214 - INFO - --- training epoch 54, loss 16.5795, mae 17.0740, rmse 21.8978, time elapsed(min) 0.01---
2026-09-30 23:48:49,375 - INFO - --- validation at epoch 54, val_loss 15.3128, val_mae 16.9618, val_rmse 21.3856, val_r2 0.4411, val_pearson 0.6699, lr 3.00e-04 ---
2026-09-30 23:48:49,375 - INFO - 
****************************************************************************************************
2026-09-30 23:48:50,617 - INFO - --- training epoch 55, loss 16.3690, mae 16.8610, rmse 21.8599, time elapsed(min) 0.01---
2026-09-30 23:48:50,787 - INFO - --- validation at epoch 55, val_loss 14.9063, val_mae 16.7753, val_rmse 21.6209, val_r2 0.4287, val_pearson 0.6636, lr 3.00e-04 ---
2026-09-30 23:48:50,787 - INFO - 
****************************************************************************************************
2026-09-30 23:48:52,117 - INFO - --- training epoch 56, loss 16.6003, mae 17.0935, rmse 21.9531, time elapsed(min) 0.01---
2026-09-30 23:48:52,272 - INFO - --- validation at epoch 56, val_loss 14.8029, val_mae 16.5533, val_rmse 21.3145, val_r2 0.4448, val_pearson 0.6710, lr 3.00e-04 ---
2026-09-30 23:48:52,272 - INFO - 
****************************************************************************************************
2026-09-30 23:48:53,769 - INFO - --- training epoch 57, loss 16.1323, mae 16.6245, rmse 21.5434, time elapsed(min) 0.02---
2026-09-30 23:48:53,934 - INFO - --- validation at epoch 57, val_loss 15.1794, val_mae 17.1184, val_rmse 21.8452, val_r2 0.4168, val_pearson 0.6792, lr 3.00e-04 ---
2026-09-30 23:48:53,934 - INFO - 
****************************************************************************************************
2026-09-30 23:48:54,962 - INFO - --- training epoch 58, loss 15.9244, mae 16.4170, rmse 21.3437, time elapsed(min) 0.01---
2026-09-30 23:48:55,136 - INFO - --- validation at epoch 58, val_loss 14.8534, val_mae 16.5794, val_rmse 21.0541, val_r2 0.4583, val_pearson 0.6925, lr 3.00e-04 ---
2026-09-30 23:48:55,136 - INFO - 
****************************************************************************************************
2026-09-30 23:48:56,144 - INFO - --- training epoch 59, loss 15.9731, mae 16.4665, rmse 21.2222, time elapsed(min) 0.01---
2026-09-30 23:48:56,316 - INFO - --- validation at epoch 59, val_loss 14.7653, val_mae 16.5562, val_rmse 21.2836, val_r2 0.4464, val_pearson 0.6694, lr 3.00e-04 ---
2026-09-30 23:48:56,316 - INFO - 
****************************************************************************************************
2026-09-30 23:48:57,745 - INFO - --- training epoch 60, loss 16.4274, mae 16.9203, rmse 21.9867, time elapsed(min) 0.02---
2026-09-30 23:48:57,918 - INFO - --- validation at epoch 60, val_loss 16.4509, val_mae 17.7954, val_rmse 22.2783, val_r2 0.3934, val_pearson 0.6901, lr 3.00e-04 ---
2026-09-30 23:48:57,918 - INFO - 
****************************************************************************************************
2026-09-30 23:48:59,153 - INFO - --- training epoch 61, loss 16.2549, mae 16.7492, rmse 21.5741, time elapsed(min) 0.01---
2026-09-30 23:48:59,322 - INFO - --- validation at epoch 61, val_loss 14.9606, val_mae 16.7404, val_rmse 21.5803, val_r2 0.4308, val_pearson 0.6877, lr 3.00e-04 ---
2026-09-30 23:48:59,322 - INFO - 
****************************************************************************************************
2026-09-30 23:49:00,558 - INFO - --- training epoch 62, loss 15.5593, mae 16.0513, rmse 20.8833, time elapsed(min) 0.01---
2026-09-30 23:49:00,723 - INFO - --- validation at epoch 62, val_loss 14.6781, val_mae 16.4173, val_rmse 21.2143, val_r2 0.4500, val_pearson 0.6909, lr 3.00e-04 ---
2026-09-30 23:49:00,723 - INFO - 
****************************************************************************************************
2026-09-30 23:49:01,994 - INFO - --- training epoch 63, loss 15.7461, mae 16.2397, rmse 20.9878, time elapsed(min) 0.01---
2026-09-30 23:49:02,154 - INFO - --- validation at epoch 63, val_loss 15.0160, val_mae 16.7352, val_rmse 21.6609, val_r2 0.4266, val_pearson 0.6763, lr 3.00e-04 ---
2026-09-30 23:49:02,154 - INFO - 
****************************************************************************************************
2026-09-30 23:49:03,191 - INFO - --- training epoch 64, loss 15.1825, mae 15.6757, rmse 20.5226, time elapsed(min) 0.01---
2026-09-30 23:49:03,357 - INFO - --- validation at epoch 64, val_loss 14.0106, val_mae 15.5908, val_rmse 20.3137, val_r2 0.4957, val_pearson 0.7213, lr 3.00e-04 ---
2026-09-30 23:49:03,357 - INFO - 
****************************************************************************************************
2026-09-30 23:49:04,632 - INFO - --- training epoch 65, loss 15.0961, mae 15.5883, rmse 20.2288, time elapsed(min) 0.01---
2026-09-30 23:49:04,792 - INFO - --- validation at epoch 65, val_loss 15.0169, val_mae 16.6370, val_rmse 21.1827, val_r2 0.4516, val_pearson 0.7031, lr 3.00e-04 ---
2026-09-30 23:49:04,792 - INFO - 
****************************************************************************************************
2026-09-30 23:49:06,021 - INFO - --- training epoch 66, loss 14.7693, mae 15.2622, rmse 20.0299, time elapsed(min) 0.01---
2026-09-30 23:49:06,184 - INFO - --- validation at epoch 66, val_loss 12.9891, val_mae 14.9376, val_rmse 19.4352, val_r2 0.5384, val_pearson 0.7339, lr 3.00e-04 ---
2026-09-30 23:49:06,185 - INFO - 
****************************************************************************************************
2026-09-30 23:49:07,636 - INFO - --- training epoch 67, loss 14.5589, mae 15.0509, rmse 20.0279, time elapsed(min) 0.02---
2026-09-30 23:49:07,809 - INFO - --- validation at epoch 67, val_loss 12.8457, val_mae 14.6964, val_rmse 19.0741, val_r2 0.5554, val_pearson 0.7610, lr 3.00e-04 ---
2026-09-30 23:49:07,809 - INFO - 
****************************************************************************************************
2026-09-30 23:49:09,092 - INFO - --- training epoch 68, loss 14.0531, mae 14.5448, rmse 19.2487, time elapsed(min) 0.01---
2026-09-30 23:49:09,249 - INFO - --- validation at epoch 68, val_loss 12.5084, val_mae 14.6175, val_rmse 19.2510, val_r2 0.5471, val_pearson 0.7469, lr 3.00e-04 ---
2026-09-30 23:49:09,249 - INFO - 
****************************************************************************************************
2026-09-30 23:49:10,372 - INFO - --- training epoch 69, loss 13.3672, mae 13.8582, rmse 18.7135, time elapsed(min) 0.01---
2026-09-30 23:49:10,528 - INFO - --- validation at epoch 69, val_loss 11.2853, val_mae 13.5891, val_rmse 18.3912, val_r2 0.5866, val_pearson 0.7660, lr 3.00e-04 ---
2026-09-30 23:49:10,529 - INFO - 
****************************************************************************************************
2026-09-30 23:49:11,819 - INFO - --- training epoch 70, loss 13.2074, mae 13.6985, rmse 18.2124, time elapsed(min) 0.01---
2026-09-30 23:49:11,978 - INFO - --- validation at epoch 70, val_loss 11.5986, val_mae 13.3813, val_rmse 18.1225, val_r2 0.5986, val_pearson 0.7756, lr 3.00e-04 ---
2026-09-30 23:49:11,978 - INFO - 
****************************************************************************************************
2026-09-30 23:49:13,230 - INFO - --- training epoch 71, loss 13.7597, mae 14.2495, rmse 19.0733, time elapsed(min) 0.01---
2026-09-30 23:49:13,396 - INFO - --- validation at epoch 71, val_loss 11.3653, val_mae 13.4195, val_rmse 17.8353, val_r2 0.6112, val_pearson 0.7864, lr 3.00e-04 ---
2026-09-30 23:49:13,396 - INFO - 
****************************************************************************************************
2026-09-30 23:49:14,787 - INFO - --- training epoch 72, loss 12.9604, mae 13.4482, rmse 17.9996, time elapsed(min) 0.02---
2026-09-30 23:49:14,957 - INFO - --- validation at epoch 72, val_loss 10.8495, val_mae 12.7460, val_rmse 16.9867, val_r2 0.6474, val_pearson 0.8062, lr 3.00e-04 ---
2026-09-30 23:49:14,958 - INFO - 
****************************************************************************************************
2026-09-30 23:49:16,468 - INFO - --- training epoch 73, loss 12.5473, mae 13.0364, rmse 17.5011, time elapsed(min) 0.02---
2026-09-30 23:49:16,654 - INFO - --- validation at epoch 73, val_loss 10.8170, val_mae 12.5721, val_rmse 17.4324, val_r2 0.6286, val_pearson 0.7958, lr 3.00e-04 ---
2026-09-30 23:49:16,654 - INFO - 
****************************************************************************************************
2026-09-30 23:49:17,762 - INFO - --- training epoch 74, loss 12.6413, mae 13.1293, rmse 17.6721, time elapsed(min) 0.01---
2026-09-30 23:49:17,929 - INFO - --- validation at epoch 74, val_loss 11.0617, val_mae 12.9491, val_rmse 17.6002, val_r2 0.6214, val_pearson 0.8069, lr 3.00e-04 ---
2026-09-30 23:49:17,929 - INFO - 
****************************************************************************************************
2026-09-30 23:49:18,971 - INFO - --- training epoch 75, loss 12.0010, mae 12.4897, rmse 16.9689, time elapsed(min) 0.01---
2026-09-30 23:49:19,149 - INFO - --- validation at epoch 75, val_loss 10.3256, val_mae 12.3479, val_rmse 16.6469, val_r2 0.6613, val_pearson 0.8145, lr 3.00e-04 ---
2026-09-30 23:49:19,149 - INFO - 
****************************************************************************************************
2026-09-30 23:49:20,471 - INFO - --- training epoch 76, loss 12.3022, mae 12.7901, rmse 17.3184, time elapsed(min) 0.01---
2026-09-30 23:49:20,631 - INFO - --- validation at epoch 76, val_loss 10.1394, val_mae 12.0854, val_rmse 16.4596, val_r2 0.6689, val_pearson 0.8218, lr 3.00e-04 ---
2026-09-30 23:49:20,631 - INFO - 
****************************************************************************************************
2026-09-30 23:49:21,960 - INFO - --- training epoch 77, loss 12.1142, mae 12.6013, rmse 17.0039, time elapsed(min) 0.01---
2026-09-30 23:49:22,136 - INFO - --- validation at epoch 77, val_loss 9.9248, val_mae 11.8109, val_rmse 15.9532, val_r2 0.6890, val_pearson 0.8344, lr 3.00e-04 ---
2026-09-30 23:49:22,136 - INFO - 
****************************************************************************************************
2026-09-30 23:49:23,526 - INFO - --- training epoch 78, loss 11.5047, mae 11.9909, rmse 16.3379, time elapsed(min) 0.02---
2026-09-30 23:49:23,862 - INFO - --- validation at epoch 78, val_loss 9.3971, val_mae 10.9103, val_rmse 15.2440, val_r2 0.7160, val_pearson 0.8475, lr 3.00e-04 ---
2026-09-30 23:49:23,863 - INFO - 
****************************************************************************************************
2026-09-30 23:49:25,144 - INFO - --- training epoch 79, loss 11.1155, mae 11.6022, rmse 15.7296, time elapsed(min) 0.01---
2026-09-30 23:49:25,314 - INFO - --- validation at epoch 79, val_loss 9.5689, val_mae 11.1898, val_rmse 15.9617, val_r2 0.6886, val_pearson 0.8439, lr 3.00e-04 ---
2026-09-30 23:49:25,314 - INFO - 
****************************************************************************************************
2026-09-30 23:49:26,357 - INFO - --- training epoch 80, loss 11.1927, mae 11.6790, rmse 15.8548, time elapsed(min) 0.01---
2026-09-30 23:49:26,531 - INFO - --- validation at epoch 80, val_loss 9.4466, val_mae 11.0888, val_rmse 15.3872, val_r2 0.7106, val_pearson 0.8440, lr 3.00e-04 ---
2026-09-30 23:49:26,532 - INFO - 
****************************************************************************************************
2026-09-30 23:49:27,910 - INFO - --- training epoch 81, loss 11.5692, mae 12.0538, rmse 16.3820, time elapsed(min) 0.02---
2026-09-30 23:49:28,075 - INFO - --- validation at epoch 81, val_loss 10.3141, val_mae 11.9334, val_rmse 16.5766, val_r2 0.6642, val_pearson 0.8254, lr 3.00e-04 ---
2026-09-30 23:49:28,075 - INFO - 
****************************************************************************************************
2026-09-30 23:49:29,322 - INFO - --- training epoch 82, loss 11.7499, mae 12.2355, rmse 16.9754, time elapsed(min) 0.01---
2026-09-30 23:49:29,506 - INFO - --- validation at epoch 82, val_loss 9.5704, val_mae 11.3286, val_rmse 15.9299, val_r2 0.6899, val_pearson 0.8329, lr 3.00e-04 ---
2026-09-30 23:49:29,506 - INFO - 
****************************************************************************************************
2026-09-30 23:49:30,766 - INFO - --- training epoch 83, loss 11.3966, mae 11.8828, rmse 16.4895, time elapsed(min) 0.01---
2026-09-30 23:49:31,167 - INFO - --- validation at epoch 83, val_loss 9.9705, val_mae 11.6153, val_rmse 15.7150, val_r2 0.6982, val_pearson 0.8592, lr 3.00e-04 ---
2026-09-30 23:49:31,167 - INFO - 
****************************************************************************************************
2026-09-30 23:49:32,370 - INFO - --- training epoch 84, loss 10.8570, mae 11.3413, rmse 15.7552, time elapsed(min) 0.01---
2026-09-30 23:49:32,542 - INFO - --- validation at epoch 84, val_loss 9.3943, val_mae 10.8496, val_rmse 15.0713, val_r2 0.7224, val_pearson 0.8542, lr 3.00e-04 ---
2026-09-30 23:49:32,542 - INFO - 
****************************************************************************************************
2026-09-30 23:49:33,668 - INFO - --- training epoch 85, loss 10.6591, mae 11.1448, rmse 15.3219, time elapsed(min) 0.01---
2026-09-30 23:49:33,827 - INFO - --- validation at epoch 85, val_loss 9.5998, val_mae 11.2620, val_rmse 15.5939, val_r2 0.7028, val_pearson 0.8412, lr 3.00e-04 ---
2026-09-30 23:49:33,827 - INFO - 
****************************************************************************************************
2026-09-30 23:49:34,880 - INFO - --- training epoch 86, loss 10.9605, mae 11.4457, rmse 15.7326, time elapsed(min) 0.01---
2026-09-30 23:49:35,056 - INFO - --- validation at epoch 86, val_loss 9.1401, val_mae 10.7665, val_rmse 14.9325, val_r2 0.7275, val_pearson 0.8587, lr 3.00e-04 ---
2026-09-30 23:49:35,056 - INFO - 
****************************************************************************************************
2026-09-30 23:49:36,407 - INFO - --- training epoch 87, loss 10.1200, mae 10.6031, rmse 14.7842, time elapsed(min) 0.01---
2026-09-30 23:49:36,570 - INFO - --- validation at epoch 87, val_loss 8.8363, val_mae 10.2920, val_rmse 14.6854, val_r2 0.7364, val_pearson 0.8591, lr 3.00e-04 ---
2026-09-30 23:49:36,570 - INFO - 
****************************************************************************************************
2026-09-30 23:49:37,928 - INFO - --- training epoch 88, loss 10.0842, mae 10.5685, rmse 14.7292, time elapsed(min) 0.01---
2026-09-30 23:49:38,104 - INFO - --- validation at epoch 88, val_loss 8.1735, val_mae 9.6774, val_rmse 13.6999, val_r2 0.7706, val_pearson 0.8779, lr 3.00e-04 ---
2026-09-30 23:49:38,104 - INFO - 
****************************************************************************************************
2026-09-30 23:49:39,396 - INFO - --- training epoch 89, loss 10.0086, mae 10.4881, rmse 14.5833, time elapsed(min) 0.01---
2026-09-30 23:49:39,575 - INFO - --- validation at epoch 89, val_loss 8.6537, val_mae 10.3012, val_rmse 14.8125, val_r2 0.7318, val_pearson 0.8687, lr 3.00e-04 ---
2026-09-30 23:49:39,575 - INFO - 
****************************************************************************************************
2026-09-30 23:49:40,634 - INFO - --- training epoch 90, loss 10.0396, mae 10.5218, rmse 14.7735, time elapsed(min) 0.01---
2026-09-30 23:49:40,793 - INFO - --- validation at epoch 90, val_loss 8.7742, val_mae 9.9512, val_rmse 14.0630, val_r2 0.7583, val_pearson 0.8709, lr 3.00e-04 ---
2026-09-30 23:49:40,794 - INFO - 
****************************************************************************************************
2026-09-30 23:49:42,061 - INFO - --- training epoch 91, loss 9.9614, mae 10.4408, rmse 14.6740, time elapsed(min) 0.01---
2026-09-30 23:49:42,227 - INFO - --- validation at epoch 91, val_loss 8.6748, val_mae 9.9493, val_rmse 14.1925, val_r2 0.7538, val_pearson 0.8741, lr 3.00e-04 ---
2026-09-30 23:49:42,227 - INFO - 
****************************************************************************************************
2026-09-30 23:49:43,460 - INFO - --- training epoch 92, loss 9.9647, mae 10.4470, rmse 14.4550, time elapsed(min) 0.01---
2026-09-30 23:49:43,628 - INFO - --- validation at epoch 92, val_loss 8.6101, val_mae 10.0023, val_rmse 14.2596, val_r2 0.7515, val_pearson 0.8744, lr 3.00e-04 ---
2026-09-30 23:49:43,628 - INFO - 
****************************************************************************************************
2026-09-30 23:49:44,878 - INFO - --- training epoch 93, loss 9.8418, mae 10.3225, rmse 14.5395, time elapsed(min) 0.01---
2026-09-30 23:49:45,047 - INFO - --- validation at epoch 93, val_loss 8.4291, val_mae 9.9036, val_rmse 14.0263, val_r2 0.7596, val_pearson 0.8751, lr 3.00e-04 ---
2026-09-30 23:49:45,047 - INFO - 
****************************************************************************************************
2026-09-30 23:49:46,255 - INFO - --- training epoch 94, loss 9.8096, mae 10.2905, rmse 14.4191, time elapsed(min) 0.01---
2026-09-30 23:49:46,424 - INFO - --- validation at epoch 94, val_loss 8.8552, val_mae 10.4239, val_rmse 14.7159, val_r2 0.7353, val_pearson 0.8581, lr 3.00e-04 ---
2026-09-30 23:49:46,424 - INFO - 
****************************************************************************************************
2026-09-30 23:49:47,468 - INFO - --- training epoch 95, loss 10.1352, mae 10.6186, rmse 14.8478, time elapsed(min) 0.01---
2026-09-30 23:49:47,634 - INFO - --- validation at epoch 95, val_loss 8.6058, val_mae 10.3685, val_rmse 14.7689, val_r2 0.7334, val_pearson 0.8608, lr 3.00e-04 ---
2026-09-30 23:49:47,635 - INFO - 
****************************************************************************************************
2026-09-30 23:49:48,672 - INFO - --- training epoch 96, loss 9.8668, mae 10.3462, rmse 14.4161, time elapsed(min) 0.01---
2026-09-30 23:49:48,832 - INFO - --- validation at epoch 96, val_loss 8.1406, val_mae 9.6104, val_rmse 13.8207, val_r2 0.7666, val_pearson 0.8760, lr 3.00e-04 ---
2026-09-30 23:49:48,833 - INFO - 
****************************************************************************************************
2026-09-30 23:49:50,161 - INFO - --- training epoch 97, loss 9.2180, mae 9.6965, rmse 13.7111, time elapsed(min) 0.01---
2026-09-30 23:49:50,328 - INFO - --- validation at epoch 97, val_loss 9.2873, val_mae 10.2256, val_rmse 14.2224, val_r2 0.7528, val_pearson 0.8692, lr 3.00e-04 ---
2026-09-30 23:49:50,328 - INFO - 
****************************************************************************************************
2026-09-30 23:49:51,593 - INFO - --- training epoch 98, loss 9.3200, mae 9.7994, rmse 13.6851, time elapsed(min) 0.01---
2026-09-30 23:49:51,756 - INFO - --- validation at epoch 98, val_loss 8.4941, val_mae 9.7226, val_rmse 13.6445, val_r2 0.7725, val_pearson 0.8795, lr 3.00e-04 ---
2026-09-30 23:49:51,756 - INFO - 
****************************************************************************************************
2026-09-30 23:49:53,008 - INFO - --- training epoch 99, loss 9.4468, mae 9.9252, rmse 13.8429, time elapsed(min) 0.01---
2026-09-30 23:49:53,395 - INFO - --- validation at epoch 99, val_loss 9.0762, val_mae 10.2099, val_rmse 14.6789, val_r2 0.7367, val_pearson 0.8661, lr 3.00e-04 ---
2026-09-30 23:49:53,395 - INFO - 
****************************************************************************************************
2026-09-30 23:49:54,604 - INFO - --- training epoch 100, loss 9.0049, mae 9.4786, rmse 13.4178, time elapsed(min) 0.01---
2026-09-30 23:49:54,777 - INFO - --- validation at epoch 100, val_loss 7.9564, val_mae 9.3444, val_rmse 13.3540, val_r2 0.7821, val_pearson 0.8845, lr 3.00e-04 ---
2026-09-30 23:49:54,777 - INFO - 
****************************************************************************************************
2026-09-30 23:49:55,899 - INFO - --- training epoch 101, loss 9.0006, mae 9.4775, rmse 13.4365, time elapsed(min) 0.01---
2026-09-30 23:49:56,063 - INFO - --- validation at epoch 101, val_loss 8.8681, val_mae 9.8491, val_rmse 13.7407, val_r2 0.7693, val_pearson 0.8791, lr 3.00e-04 ---
2026-09-30 23:49:56,063 - INFO - 
****************************************************************************************************
2026-09-30 23:49:57,264 - INFO - --- training epoch 102, loss 9.0093, mae 9.4877, rmse 13.3739, time elapsed(min) 0.01---
2026-09-30 23:49:57,427 - INFO - --- validation at epoch 102, val_loss 8.3822, val_mae 9.4370, val_rmse 13.5157, val_r2 0.7767, val_pearson 0.8831, lr 3.00e-04 ---
2026-09-30 23:49:57,427 - INFO - 
****************************************************************************************************
2026-09-30 23:49:58,669 - INFO - --- training epoch 103, loss 8.6427, mae 9.1168, rmse 13.0224, time elapsed(min) 0.01---
2026-09-30 23:49:58,855 - INFO - --- validation at epoch 103, val_loss 7.8261, val_mae 9.1220, val_rmse 13.1720, val_r2 0.7880, val_pearson 0.8887, lr 3.00e-04 ---
2026-09-30 23:49:58,855 - INFO - 
****************************************************************************************************
2026-09-30 23:50:00,206 - INFO - --- training epoch 104, loss 8.6336, mae 9.1122, rmse 12.9549, time elapsed(min) 0.01---
2026-09-30 23:50:00,368 - INFO - --- validation at epoch 104, val_loss 8.2126, val_mae 9.4228, val_rmse 13.7556, val_r2 0.7687, val_pearson 0.8827, lr 3.00e-04 ---
2026-09-30 23:50:00,368 - INFO - 
****************************************************************************************************
2026-09-30 23:50:01,837 - INFO - --- training epoch 105, loss 8.8042, mae 9.2810, rmse 13.3055, time elapsed(min) 0.02---
2026-09-30 23:50:02,012 - INFO - --- validation at epoch 105, val_loss 8.3960, val_mae 9.5128, val_rmse 13.8233, val_r2 0.7665, val_pearson 0.8808, lr 3.00e-04 ---
2026-09-30 23:50:02,012 - INFO - 
****************************************************************************************************
2026-09-30 23:50:03,113 - INFO - --- training epoch 106, loss 8.7965, mae 9.2776, rmse 12.9607, time elapsed(min) 0.01---
2026-09-30 23:50:03,280 - INFO - --- validation at epoch 106, val_loss 8.2197, val_mae 9.3683, val_rmse 13.5798, val_r2 0.7746, val_pearson 0.8849, lr 3.00e-04 ---
2026-09-30 23:50:03,280 - INFO - 
****************************************************************************************************
2026-09-30 23:50:04,334 - INFO - --- training epoch 107, loss 8.8738, mae 9.3486, rmse 13.2184, time elapsed(min) 0.01---
2026-09-30 23:50:04,500 - INFO - --- validation at epoch 107, val_loss 8.3237, val_mae 9.4933, val_rmse 13.4174, val_r2 0.7800, val_pearson 0.8872, lr 3.00e-04 ---
2026-09-30 23:50:04,500 - INFO - 
****************************************************************************************************
2026-09-30 23:50:05,937 - INFO - --- training epoch 108, loss 8.6407, mae 9.1185, rmse 12.9880, time elapsed(min) 0.01---
2026-09-30 23:50:06,099 - INFO - --- validation at epoch 108, val_loss 8.0134, val_mae 9.5190, val_rmse 13.6105, val_r2 0.7736, val_pearson 0.8879, lr 3.00e-04 ---
2026-09-30 23:50:06,099 - INFO - 
****************************************************************************************************
2026-09-30 23:50:07,389 - INFO - --- training epoch 109, loss 8.6651, mae 9.1417, rmse 12.9118, time elapsed(min) 0.01---
2026-09-30 23:50:07,554 - INFO - --- validation at epoch 109, val_loss 7.9707, val_mae 9.0452, val_rmse 13.0659, val_r2 0.7914, val_pearson 0.8923, lr 3.00e-04 ---
2026-09-30 23:50:07,554 - INFO - 
****************************************************************************************************
2026-09-30 23:50:08,950 - INFO - --- training epoch 110, loss 8.7824, mae 9.2597, rmse 12.9138, time elapsed(min) 0.02---
2026-09-30 23:50:09,123 - INFO - --- validation at epoch 110, val_loss 8.8024, val_mae 10.2180, val_rmse 15.0326, val_r2 0.7238, val_pearson 0.8666, lr 3.00e-04 ---
2026-09-30 23:50:09,123 - INFO - 
****************************************************************************************************
2026-09-30 23:50:10,175 - INFO - --- training epoch 111, loss 8.8286, mae 9.3070, rmse 13.2391, time elapsed(min) 0.01---
2026-09-30 23:50:10,337 - INFO - --- validation at epoch 111, val_loss 9.3682, val_mae 10.4976, val_rmse 15.2590, val_r2 0.7154, val_pearson 0.8697, lr 3.00e-04 ---
2026-09-30 23:50:10,337 - INFO - 
****************************************************************************************************
2026-09-30 23:50:11,551 - INFO - --- training epoch 112, loss 8.5904, mae 9.0683, rmse 12.8838, time elapsed(min) 0.01---
2026-09-30 23:50:11,718 - INFO - --- validation at epoch 112, val_loss 7.3197, val_mae 8.8614, val_rmse 13.0855, val_r2 0.7907, val_pearson 0.8928, lr 3.00e-04 ---
2026-09-30 23:50:11,718 - INFO - 
****************************************************************************************************
2026-09-30 23:50:13,063 - INFO - --- training epoch 113, loss 8.8569, mae 9.3345, rmse 13.3028, time elapsed(min) 0.01---
2026-09-30 23:50:13,230 - INFO - --- validation at epoch 113, val_loss 8.0505, val_mae 9.2966, val_rmse 13.6123, val_r2 0.7735, val_pearson 0.8840, lr 3.00e-04 ---
2026-09-30 23:50:13,230 - INFO - 
****************************************************************************************************
2026-09-30 23:50:14,497 - INFO - --- training epoch 114, loss 8.5279, mae 9.0049, rmse 12.6933, time elapsed(min) 0.01---
2026-09-30 23:50:14,673 - INFO - --- validation at epoch 114, val_loss 7.9132, val_mae 9.2314, val_rmse 13.1887, val_r2 0.7874, val_pearson 0.8898, lr 3.00e-04 ---
2026-09-30 23:50:14,673 - INFO - 
****************************************************************************************************
2026-09-30 23:50:16,079 - INFO - --- training epoch 115, loss 8.3550, mae 8.8317, rmse 12.5206, time elapsed(min) 0.02---
2026-09-30 23:50:16,235 - INFO - --- validation at epoch 115, val_loss 7.5023, val_mae 9.0761, val_rmse 13.1462, val_r2 0.7888, val_pearson 0.8913, lr 3.00e-04 ---
2026-09-30 23:50:16,235 - INFO - 
****************************************************************************************************
2026-09-30 23:50:17,298 - INFO - --- training epoch 116, loss 8.6858, mae 9.1613, rmse 13.1077, time elapsed(min) 0.01---
2026-09-30 23:50:17,462 - INFO - --- validation at epoch 116, val_loss 7.4635, val_mae 9.1290, val_rmse 13.4719, val_r2 0.7782, val_pearson 0.8888, lr 3.00e-04 ---
2026-09-30 23:50:17,462 - INFO - 
****************************************************************************************************
2026-09-30 23:50:18,530 - INFO - --- training epoch 117, loss 8.3952, mae 8.8694, rmse 12.5873, time elapsed(min) 0.01---
2026-09-30 23:50:18,690 - INFO - --- validation at epoch 117, val_loss 7.6563, val_mae 8.9352, val_rmse 13.1991, val_r2 0.7871, val_pearson 0.8886, lr 3.00e-04 ---
2026-09-30 23:50:18,690 - INFO - 
****************************************************************************************************
2026-09-30 23:50:19,944 - INFO - --- training epoch 118, loss 8.1587, mae 8.6355, rmse 12.3276, time elapsed(min) 0.01---
2026-09-30 23:50:20,121 - INFO - --- validation at epoch 118, val_loss 7.7007, val_mae 8.9627, val_rmse 13.0911, val_r2 0.7906, val_pearson 0.8900, lr 3.00e-04 ---
2026-09-30 23:50:20,122 - INFO - 
****************************************************************************************************
2026-09-30 23:50:21,503 - INFO - --- training epoch 119, loss 8.3609, mae 8.8360, rmse 12.6566, time elapsed(min) 0.02---
2026-09-30 23:50:21,676 - INFO - --- validation at epoch 119, val_loss 7.3645, val_mae 8.6643, val_rmse 13.0577, val_r2 0.7916, val_pearson 0.8931, lr 3.00e-04 ---
2026-09-30 23:50:21,676 - INFO - 
****************************************************************************************************
2026-09-30 23:50:23,096 - INFO - --- training epoch 120, loss 8.0895, mae 8.5663, rmse 12.2923, time elapsed(min) 0.02---
2026-09-30 23:50:23,255 - INFO - --- validation at epoch 120, val_loss 7.9268, val_mae 8.9331, val_rmse 12.9988, val_r2 0.7935, val_pearson 0.8926, lr 3.00e-04 ---
2026-09-30 23:50:23,255 - INFO - 
****************************************************************************************************
2026-09-30 23:50:24,294 - INFO - --- training epoch 121, loss 7.8569, mae 8.3302, rmse 12.0161, time elapsed(min) 0.01---
2026-09-30 23:50:24,471 - INFO - --- validation at epoch 121, val_loss 7.6594, val_mae 9.1610, val_rmse 13.5629, val_r2 0.7752, val_pearson 0.8850, lr 3.00e-04 ---
2026-09-30 23:50:24,471 - INFO - 
****************************************************************************************************
2026-09-30 23:50:25,680 - INFO - --- training epoch 122, loss 8.0645, mae 8.5403, rmse 12.1795, time elapsed(min) 0.01---
2026-09-30 23:50:25,844 - INFO - --- validation at epoch 122, val_loss 7.0096, val_mae 8.4026, val_rmse 12.4221, val_r2 0.8114, val_pearson 0.9014, lr 3.00e-04 ---
2026-09-30 23:50:25,844 - INFO - 
****************************************************************************************************
2026-09-30 23:50:27,190 - INFO - --- training epoch 123, loss 8.0652, mae 8.5386, rmse 12.2932, time elapsed(min) 0.01---
2026-09-30 23:50:27,359 - INFO - --- validation at epoch 123, val_loss 7.5252, val_mae 8.8752, val_rmse 12.9313, val_r2 0.7956, val_pearson 0.8951, lr 3.00e-04 ---
2026-09-30 23:50:27,359 - INFO - 
****************************************************************************************************
2026-09-30 23:50:28,615 - INFO - --- training epoch 124, loss 8.3680, mae 8.8444, rmse 12.5313, time elapsed(min) 0.01---
2026-09-30 23:50:28,780 - INFO - --- validation at epoch 124, val_loss 7.2520, val_mae 8.6344, val_rmse 12.6453, val_r2 0.8046, val_pearson 0.9007, lr 3.00e-04 ---
2026-09-30 23:50:28,781 - INFO - 
****************************************************************************************************
2026-09-30 23:50:30,213 - INFO - --- training epoch 125, loss 8.2263, mae 8.7026, rmse 12.4543, time elapsed(min) 0.02---
2026-09-30 23:50:30,375 - INFO - --- validation at epoch 125, val_loss 7.2493, val_mae 8.8553, val_rmse 13.1647, val_r2 0.7882, val_pearson 0.8961, lr 3.00e-04 ---
2026-09-30 23:50:30,376 - INFO - 
****************************************************************************************************
2026-09-30 23:50:31,442 - INFO - --- training epoch 126, loss 8.2907, mae 8.7668, rmse 12.4765, time elapsed(min) 0.01---
2026-09-30 23:50:31,606 - INFO - --- validation at epoch 126, val_loss 7.4989, val_mae 8.7220, val_rmse 12.7770, val_r2 0.8005, val_pearson 0.8996, lr 3.00e-04 ---
2026-09-30 23:50:31,606 - INFO - 
****************************************************************************************************
2026-09-30 23:50:32,658 - INFO - --- training epoch 127, loss 8.1917, mae 8.6681, rmse 12.3603, time elapsed(min) 0.01---
2026-09-30 23:50:32,837 - INFO - --- validation at epoch 127, val_loss 7.0618, val_mae 8.6211, val_rmse 12.6073, val_r2 0.8057, val_pearson 0.8990, lr 3.00e-04 ---
2026-09-30 23:50:32,837 - INFO - 
****************************************************************************************************
2026-09-30 23:50:34,085 - INFO - --- training epoch 128, loss 7.7844, mae 8.2593, rmse 11.9821, time elapsed(min) 0.01---
2026-09-30 23:50:34,252 - INFO - --- validation at epoch 128, val_loss 6.8820, val_mae 8.5262, val_rmse 12.5493, val_r2 0.8075, val_pearson 0.9014, lr 3.00e-04 ---
2026-09-30 23:50:34,252 - INFO - 
****************************************************************************************************
2026-09-30 23:50:35,589 - INFO - --- training epoch 129, loss 7.8502, mae 8.3222, rmse 11.9300, time elapsed(min) 0.01---
2026-09-30 23:50:35,765 - INFO - --- validation at epoch 129, val_loss 7.0220, val_mae 8.5831, val_rmse 12.4551, val_r2 0.8104, val_pearson 0.9021, lr 3.00e-04 ---
2026-09-30 23:50:35,765 - INFO - 
****************************************************************************************************
2026-09-30 23:50:36,961 - INFO - --- training epoch 130, loss 7.9669, mae 8.4388, rmse 12.0544, time elapsed(min) 0.01---
2026-09-30 23:50:37,134 - INFO - --- validation at epoch 130, val_loss 7.0054, val_mae 8.5689, val_rmse 12.8067, val_r2 0.7996, val_pearson 0.8971, lr 3.00e-04 ---
2026-09-30 23:50:37,134 - INFO - 
****************************************************************************************************
2026-09-30 23:50:38,185 - INFO - --- training epoch 131, loss 7.9347, mae 8.4108, rmse 12.1350, time elapsed(min) 0.01---
2026-09-30 23:50:38,349 - INFO - --- validation at epoch 131, val_loss 6.7438, val_mae 8.2870, val_rmse 12.1536, val_r2 0.8195, val_pearson 0.9088, lr 3.00e-04 ---
2026-09-30 23:50:38,349 - INFO - 
****************************************************************************************************
2026-09-30 23:50:39,642 - INFO - --- training epoch 132, loss 7.7566, mae 8.2298, rmse 11.8902, time elapsed(min) 0.01---
2026-09-30 23:50:39,812 - INFO - --- validation at epoch 132, val_loss 6.7913, val_mae 8.3619, val_rmse 12.3335, val_r2 0.8141, val_pearson 0.9030, lr 3.00e-04 ---
2026-09-30 23:50:39,812 - INFO - 
****************************************************************************************************
2026-09-30 23:50:41,194 - INFO - --- training epoch 133, loss 8.1202, mae 8.5961, rmse 12.3424, time elapsed(min) 0.02---
2026-09-30 23:50:41,360 - INFO - --- validation at epoch 133, val_loss 7.0150, val_mae 8.7372, val_rmse 12.8049, val_r2 0.7996, val_pearson 0.9011, lr 3.00e-04 ---
2026-09-30 23:50:41,360 - INFO - 
****************************************************************************************************
2026-09-30 23:50:42,620 - INFO - --- training epoch 134, loss 8.1479, mae 8.6246, rmse 12.2473, time elapsed(min) 0.01---
2026-09-30 23:50:42,775 - INFO - --- validation at epoch 134, val_loss 6.8007, val_mae 8.3470, val_rmse 12.2922, val_r2 0.8153, val_pearson 0.9031, lr 3.00e-04 ---
2026-09-30 23:50:42,776 - INFO - 
****************************************************************************************************
2026-09-30 23:50:44,194 - INFO - --- training epoch 135, loss 7.7669, mae 8.2373, rmse 12.1097, time elapsed(min) 0.02---
2026-09-30 23:50:44,360 - INFO - --- validation at epoch 135, val_loss 6.7702, val_mae 8.2808, val_rmse 12.5730, val_r2 0.8068, val_pearson 0.8997, lr 3.00e-04 ---
2026-09-30 23:50:44,360 - INFO - 
****************************************************************************************************
2026-09-30 23:50:45,401 - INFO - --- training epoch 136, loss 7.5707, mae 8.0416, rmse 11.6443, time elapsed(min) 0.01---
2026-09-30 23:50:45,571 - INFO - --- validation at epoch 136, val_loss 6.7670, val_mae 8.1385, val_rmse 12.0795, val_r2 0.8217, val_pearson 0.9082, lr 3.00e-04 ---
2026-09-30 23:50:45,571 - INFO - 
****************************************************************************************************
2026-09-30 23:50:46,629 - INFO - --- training epoch 137, loss 7.7125, mae 8.1848, rmse 11.9384, time elapsed(min) 0.01---
2026-09-30 23:50:46,794 - INFO - --- validation at epoch 137, val_loss 6.7072, val_mae 8.0881, val_rmse 12.0531, val_r2 0.8224, val_pearson 0.9070, lr 3.00e-04 ---
2026-09-30 23:50:46,794 - INFO - 
****************************************************************************************************
2026-09-30 23:50:48,116 - INFO - --- training epoch 138, loss 8.1228, mae 8.5963, rmse 12.3915, time elapsed(min) 0.01---
2026-09-30 23:50:48,276 - INFO - --- validation at epoch 138, val_loss 7.3549, val_mae 8.8811, val_rmse 13.2339, val_r2 0.7860, val_pearson 0.8983, lr 3.00e-04 ---
2026-09-30 23:50:48,276 - INFO - 
****************************************************************************************************
2026-09-30 23:50:49,538 - INFO - --- training epoch 139, loss 7.6751, mae 8.1451, rmse 11.8928, time elapsed(min) 0.01---
2026-09-30 23:50:49,705 - INFO - --- validation at epoch 139, val_loss 7.0890, val_mae 8.5882, val_rmse 12.7914, val_r2 0.8000, val_pearson 0.8980, lr 3.00e-04 ---
2026-09-30 23:50:49,705 - INFO - 
****************************************************************************************************
2026-09-30 23:50:50,910 - INFO - --- training epoch 140, loss 7.6376, mae 8.1121, rmse 11.8080, time elapsed(min) 0.01---
2026-09-30 23:50:51,080 - INFO - --- validation at epoch 140, val_loss 6.8355, val_mae 8.3113, val_rmse 12.4092, val_r2 0.8118, val_pearson 0.9027, lr 3.00e-04 ---
2026-09-30 23:50:51,080 - INFO - 
****************************************************************************************************
2026-09-30 23:50:52,127 - INFO - --- training epoch 141, loss 7.7026, mae 8.1756, rmse 11.8403, time elapsed(min) 0.01---
2026-09-30 23:50:52,290 - INFO - --- validation at epoch 141, val_loss 6.9477, val_mae 8.1109, val_rmse 11.9113, val_r2 0.8266, val_pearson 0.9102, lr 3.00e-04 ---
2026-09-30 23:50:52,291 - INFO - 
****************************************************************************************************
2026-09-30 23:50:53,329 - INFO - --- training epoch 142, loss 7.5218, mae 7.9932, rmse 11.5695, time elapsed(min) 0.01---
2026-09-30 23:50:53,512 - INFO - --- validation at epoch 142, val_loss 6.9514, val_mae 8.4251, val_rmse 12.3177, val_r2 0.8146, val_pearson 0.9069, lr 3.00e-04 ---
2026-09-30 23:50:53,512 - INFO - 
****************************************************************************************************
2026-09-30 23:50:54,919 - INFO - --- training epoch 143, loss 7.6895, mae 8.1587, rmse 11.8407, time elapsed(min) 0.02---
2026-09-30 23:50:55,094 - INFO - --- validation at epoch 143, val_loss 6.6576, val_mae 8.1321, val_rmse 12.0456, val_r2 0.8227, val_pearson 0.9112, lr 3.00e-04 ---
2026-09-30 23:50:55,094 - INFO - 
****************************************************************************************************
2026-09-30 23:50:56,592 - INFO - --- training epoch 144, loss 7.5696, mae 8.0422, rmse 11.6998, time elapsed(min) 0.02---
2026-09-30 23:50:56,766 - INFO - --- validation at epoch 144, val_loss 6.6359, val_mae 7.9864, val_rmse 11.9980, val_r2 0.8241, val_pearson 0.9079, lr 3.00e-04 ---
2026-09-30 23:50:56,766 - INFO - 
****************************************************************************************************
2026-09-30 23:50:58,127 - INFO - --- training epoch 145, loss 7.4701, mae 7.9400, rmse 11.6696, time elapsed(min) 0.01---
2026-09-30 23:50:58,523 - INFO - --- validation at epoch 145, val_loss 6.8961, val_mae 8.1536, val_rmse 12.1233, val_r2 0.8204, val_pearson 0.9078, lr 3.00e-04 ---
2026-09-30 23:50:58,523 - INFO - 
****************************************************************************************************
2026-09-30 23:50:59,726 - INFO - --- training epoch 146, loss 7.4136, mae 7.8845, rmse 11.5141, time elapsed(min) 0.01---
2026-09-30 23:50:59,887 - INFO - --- validation at epoch 146, val_loss 6.3228, val_mae 7.7574, val_rmse 11.5407, val_r2 0.8372, val_pearson 0.9156, lr 3.00e-04 ---
2026-09-30 23:50:59,887 - INFO - 
****************************************************************************************************
2026-09-30 23:51:01,031 - INFO - --- training epoch 147, loss 7.4399, mae 7.9097, rmse 11.4384, time elapsed(min) 0.01---
2026-09-30 23:51:01,205 - INFO - --- validation at epoch 147, val_loss 7.0093, val_mae 8.1051, val_rmse 11.7510, val_r2 0.8312, val_pearson 0.9126, lr 3.00e-04 ---
2026-09-30 23:51:01,206 - INFO - 
****************************************************************************************************
2026-09-30 23:51:02,446 - INFO - --- training epoch 148, loss 7.4121, mae 7.8822, rmse 11.4237, time elapsed(min) 0.01---
2026-09-30 23:51:02,616 - INFO - --- validation at epoch 148, val_loss 6.3234, val_mae 7.8201, val_rmse 11.7223, val_r2 0.8321, val_pearson 0.9137, lr 3.00e-04 ---
2026-09-30 23:51:02,616 - INFO - 
****************************************************************************************************
2026-09-30 23:51:03,860 - INFO - --- training epoch 149, loss 7.3971, mae 7.8684, rmse 11.5268, time elapsed(min) 0.01---
2026-09-30 23:51:04,025 - INFO - --- validation at epoch 149, val_loss 6.4120, val_mae 7.8278, val_rmse 11.4243, val_r2 0.8405, val_pearson 0.9172, lr 3.00e-04 ---
2026-09-30 23:51:04,025 - INFO - 
****************************************************************************************************
2026-09-30 23:51:05,285 - INFO - --- training epoch 150, loss 7.4495, mae 7.9221, rmse 11.4713, time elapsed(min) 0.01---
2026-09-30 23:51:05,668 - INFO - --- validation at epoch 150, val_loss 6.4504, val_mae 8.0115, val_rmse 12.1572, val_r2 0.8194, val_pearson 0.9071, lr 3.00e-04 ---
2026-09-30 23:51:05,668 - INFO - 
****************************************************************************************************
2026-09-30 23:51:06,862 - INFO - --- training epoch 151, loss 7.3766, mae 7.8463, rmse 11.5352, time elapsed(min) 0.01---
2026-09-30 23:51:07,025 - INFO - --- validation at epoch 151, val_loss 6.3556, val_mae 8.0740, val_rmse 12.4552, val_r2 0.8104, val_pearson 0.9029, lr 3.00e-04 ---
2026-09-30 23:51:07,025 - INFO - 
****************************************************************************************************
2026-09-30 23:51:08,070 - INFO - --- training epoch 152, loss 7.1076, mae 7.5787, rmse 11.1013, time elapsed(min) 0.01---
2026-09-30 23:51:08,247 - INFO - --- validation at epoch 152, val_loss 6.2706, val_mae 7.7398, val_rmse 11.7438, val_r2 0.8314, val_pearson 0.9130, lr 3.00e-04 ---
2026-09-30 23:51:08,247 - INFO - 
****************************************************************************************************
2026-09-30 23:51:09,519 - INFO - --- training epoch 153, loss 7.1309, mae 7.6003, rmse 11.1093, time elapsed(min) 0.01---
2026-09-30 23:51:09,691 - INFO - --- validation at epoch 153, val_loss 6.4157, val_mae 8.0177, val_rmse 11.7740, val_r2 0.8306, val_pearson 0.9160, lr 3.00e-04 ---
2026-09-30 23:51:09,691 - INFO - 
****************************************************************************************************
2026-09-30 23:51:11,069 - INFO - --- training epoch 154, loss 7.3211, mae 7.7925, rmse 11.3772, time elapsed(min) 0.02---
2026-09-30 23:51:11,244 - INFO - --- validation at epoch 154, val_loss 5.8586, val_mae 7.6166, val_rmse 11.3295, val_r2 0.8431, val_pearson 0.9187, lr 3.00e-04 ---
2026-09-30 23:51:11,244 - INFO - 
****************************************************************************************************
2026-09-30 23:51:12,584 - INFO - --- training epoch 155, loss 7.2180, mae 7.6876, rmse 11.2914, time elapsed(min) 0.01---
2026-09-30 23:51:12,751 - INFO - --- validation at epoch 155, val_loss 6.5127, val_mae 8.0801, val_rmse 12.0590, val_r2 0.8223, val_pearson 0.9095, lr 3.00e-04 ---
2026-09-30 23:51:12,752 - INFO - 
****************************************************************************************************
2026-09-30 23:51:14,151 - INFO - --- training epoch 156, loss 7.3936, mae 7.8668, rmse 11.5148, time elapsed(min) 0.02---
2026-09-30 23:51:14,314 - INFO - --- validation at epoch 156, val_loss 6.5153, val_mae 8.1303, val_rmse 12.0736, val_r2 0.8218, val_pearson 0.9082, lr 3.00e-04 ---
2026-09-30 23:51:14,314 - INFO - 
****************************************************************************************************
2026-09-30 23:51:15,367 - INFO - --- training epoch 157, loss 7.2812, mae 7.7490, rmse 11.3857, time elapsed(min) 0.01---
2026-09-30 23:51:15,534 - INFO - --- validation at epoch 157, val_loss 6.2339, val_mae 8.0660, val_rmse 12.0508, val_r2 0.8225, val_pearson 0.9076, lr 3.00e-04 ---
2026-09-30 23:51:15,534 - INFO - 
****************************************************************************************************
2026-09-30 23:51:16,750 - INFO - --- training epoch 158, loss 7.5715, mae 8.0443, rmse 11.7369, time elapsed(min) 0.01---
2026-09-30 23:51:16,922 - INFO - --- validation at epoch 158, val_loss 6.4554, val_mae 7.9789, val_rmse 11.9391, val_r2 0.8258, val_pearson 0.9113, lr 3.00e-04 ---
2026-09-30 23:51:16,923 - INFO - 
****************************************************************************************************
2026-09-30 23:51:18,171 - INFO - --- training epoch 159, loss 7.4145, mae 7.8825, rmse 11.5140, time elapsed(min) 0.01---
2026-09-30 23:51:18,332 - INFO - --- validation at epoch 159, val_loss 6.9796, val_mae 8.3896, val_rmse 12.2750, val_r2 0.8159, val_pearson 0.9126, lr 3.00e-04 ---
2026-09-30 23:51:18,332 - INFO - 
****************************************************************************************************
2026-09-30 23:51:19,594 - INFO - --- training epoch 160, loss 7.3874, mae 7.8603, rmse 11.2975, time elapsed(min) 0.01---
2026-09-30 23:51:19,752 - INFO - --- validation at epoch 160, val_loss 6.3948, val_mae 7.8206, val_rmse 11.3841, val_r2 0.8416, val_pearson 0.9175, lr 3.00e-04 ---
2026-09-30 23:51:19,752 - INFO - 
****************************************************************************************************
2026-09-30 23:51:21,157 - INFO - --- training epoch 161, loss 7.3152, mae 7.7848, rmse 11.4044, time elapsed(min) 0.02---
2026-09-30 23:51:21,324 - INFO - --- validation at epoch 161, val_loss 6.3173, val_mae 7.8386, val_rmse 11.7412, val_r2 0.8315, val_pearson 0.9121, lr 3.00e-04 ---
2026-09-30 23:51:21,324 - INFO - 
****************************************************************************************************
2026-09-30 23:51:22,387 - INFO - --- training epoch 162, loss 7.2655, mae 7.7351, rmse 11.4353, time elapsed(min) 0.01---
2026-09-30 23:51:22,558 - INFO - --- validation at epoch 162, val_loss 6.2207, val_mae 7.8337, val_rmse 11.7063, val_r2 0.8325, val_pearson 0.9134, lr 3.00e-04 ---
2026-09-30 23:51:22,559 - INFO - 
****************************************************************************************************
2026-09-30 23:51:23,615 - INFO - --- training epoch 163, loss 7.3277, mae 7.8006, rmse 11.3932, time elapsed(min) 0.01---
2026-09-30 23:51:23,796 - INFO - --- validation at epoch 163, val_loss 6.4515, val_mae 8.0530, val_rmse 12.0730, val_r2 0.8219, val_pearson 0.9137, lr 3.00e-04 ---
2026-09-30 23:51:23,796 - INFO - 
****************************************************************************************************
2026-09-30 23:51:25,182 - INFO - --- training epoch 164, loss 6.9776, mae 7.4452, rmse 11.0248, time elapsed(min) 0.02---
2026-09-30 23:51:25,353 - INFO - --- validation at epoch 164, val_loss 6.0435, val_mae 7.6531, val_rmse 11.5332, val_r2 0.8374, val_pearson 0.9182, lr 3.00e-04 ---
2026-09-30 23:51:25,353 - INFO - 
****************************************************************************************************
2026-09-30 23:51:26,724 - INFO - --- training epoch 165, loss 6.9883, mae 7.4579, rmse 10.9348, time elapsed(min) 0.02---
2026-09-30 23:51:26,886 - INFO - --- validation at epoch 165, val_loss 5.6019, val_mae 7.4077, val_rmse 11.4318, val_r2 0.8403, val_pearson 0.9176, lr 3.00e-04 ---
2026-09-30 23:51:26,886 - INFO - 
****************************************************************************************************
2026-09-30 23:51:28,382 - INFO - --- training epoch 166, loss 7.0538, mae 7.5204, rmse 11.1962, time elapsed(min) 0.02---
2026-09-30 23:51:28,547 - INFO - --- validation at epoch 166, val_loss 5.7219, val_mae 7.3108, val_rmse 11.3813, val_r2 0.8417, val_pearson 0.9184, lr 3.00e-04 ---
2026-09-30 23:51:28,547 - INFO - 
****************************************************************************************************
2026-09-30 23:51:29,618 - INFO - --- training epoch 167, loss 6.9379, mae 7.4086, rmse 11.0033, time elapsed(min) 0.01---
2026-09-30 23:51:29,800 - INFO - --- validation at epoch 167, val_loss 5.7422, val_mae 7.3148, val_rmse 11.2470, val_r2 0.8454, val_pearson 0.9203, lr 3.00e-04 ---
2026-09-30 23:51:29,800 - INFO - 
****************************************************************************************************
2026-09-30 23:51:30,871 - INFO - --- training epoch 168, loss 7.2714, mae 7.7427, rmse 11.3312, time elapsed(min) 0.01---
2026-09-30 23:51:31,043 - INFO - --- validation at epoch 168, val_loss 5.9671, val_mae 7.3503, val_rmse 11.1465, val_r2 0.8482, val_pearson 0.9210, lr 3.00e-04 ---
2026-09-30 23:51:31,043 - INFO - 
****************************************************************************************************
2026-09-30 23:51:32,289 - INFO - --- training epoch 169, loss 6.9719, mae 7.4411, rmse 10.9168, time elapsed(min) 0.01---
2026-09-30 23:51:32,458 - INFO - --- validation at epoch 169, val_loss 5.7391, val_mae 7.3559, val_rmse 11.0815, val_r2 0.8499, val_pearson 0.9237, lr 3.00e-04 ---
2026-09-30 23:51:32,458 - INFO - 
****************************************************************************************************
2026-09-30 23:51:33,727 - INFO - --- training epoch 170, loss 7.0646, mae 7.5338, rmse 11.1396, time elapsed(min) 0.01---
2026-09-30 23:51:33,894 - INFO - --- validation at epoch 170, val_loss 5.9659, val_mae 7.5466, val_rmse 11.4630, val_r2 0.8394, val_pearson 0.9182, lr 3.00e-04 ---
2026-09-30 23:51:33,894 - INFO - 
****************************************************************************************************
2026-09-30 23:51:35,090 - INFO - --- training epoch 171, loss 6.9533, mae 7.4221, rmse 10.9426, time elapsed(min) 0.01---
2026-09-30 23:51:35,258 - INFO - --- validation at epoch 171, val_loss 6.1411, val_mae 7.6887, val_rmse 11.7130, val_r2 0.8323, val_pearson 0.9129, lr 3.00e-04 ---
2026-09-30 23:51:35,258 - INFO - 
****************************************************************************************************
2026-09-30 23:51:36,303 - INFO - --- training epoch 172, loss 7.4819, mae 7.9519, rmse 11.6643, time elapsed(min) 0.01---
2026-09-30 23:51:36,470 - INFO - --- validation at epoch 172, val_loss 5.9020, val_mae 7.6397, val_rmse 11.4229, val_r2 0.8405, val_pearson 0.9216, lr 3.00e-04 ---
2026-09-30 23:51:36,470 - INFO - 
****************************************************************************************************
2026-09-30 23:51:37,750 - INFO - --- training epoch 173, loss 7.0070, mae 7.4762, rmse 11.0578, time elapsed(min) 0.01---
2026-09-30 23:51:37,917 - INFO - --- validation at epoch 173, val_loss 5.7975, val_mae 7.6361, val_rmse 11.6435, val_r2 0.8343, val_pearson 0.9158, lr 3.00e-04 ---
2026-09-30 23:51:37,917 - INFO - 
****************************************************************************************************
2026-09-30 23:51:39,167 - INFO - --- training epoch 174, loss 6.9303, mae 7.3995, rmse 11.0808, time elapsed(min) 0.01---
2026-09-30 23:51:39,342 - INFO - --- validation at epoch 174, val_loss 5.6336, val_mae 7.4072, val_rmse 11.0698, val_r2 0.8502, val_pearson 0.9241, lr 3.00e-04 ---
2026-09-30 23:51:39,342 - INFO - 
****************************************************************************************************
2026-09-30 23:51:40,742 - INFO - --- training epoch 175, loss 6.8089, mae 7.2795, rmse 10.7035, time elapsed(min) 0.02---
2026-09-30 23:51:40,909 - INFO - --- validation at epoch 175, val_loss 6.3373, val_mae 7.9758, val_rmse 11.9523, val_r2 0.8254, val_pearson 0.9168, lr 3.00e-04 ---
2026-09-30 23:51:40,909 - INFO - 
****************************************************************************************************
2026-09-30 23:51:42,332 - INFO - --- training epoch 176, loss 6.9514, mae 7.4175, rmse 11.0438, time elapsed(min) 0.02---
2026-09-30 23:51:42,491 - INFO - --- validation at epoch 176, val_loss 6.0404, val_mae 7.7782, val_rmse 11.6746, val_r2 0.8334, val_pearson 0.9161, lr 3.00e-04 ---
2026-09-30 23:51:42,491 - INFO - 
****************************************************************************************************
2026-09-30 23:51:43,546 - INFO - --- training epoch 177, loss 6.8527, mae 7.3215, rmse 10.8430, time elapsed(min) 0.01---
2026-09-30 23:51:43,713 - INFO - --- validation at epoch 177, val_loss 5.7458, val_mae 7.4874, val_rmse 11.3656, val_r2 0.8421, val_pearson 0.9187, lr 9.00e-05 ---
2026-09-30 23:51:43,714 - INFO - 
****************************************************************************************************
2026-09-30 23:51:44,759 - INFO - --- training epoch 178, loss 6.5602, mae 7.0273, rmse 10.5265, time elapsed(min) 0.01---
2026-09-30 23:51:44,914 - INFO - --- validation at epoch 178, val_loss 5.5008, val_mae 7.2058, val_rmse 11.0344, val_r2 0.8512, val_pearson 0.9231, lr 9.00e-05 ---
2026-09-30 23:51:44,914 - INFO - 
****************************************************************************************************
2026-09-30 23:51:46,272 - INFO - --- training epoch 179, loss 6.5743, mae 7.0444, rmse 10.4789, time elapsed(min) 0.01---
2026-09-30 23:51:46,439 - INFO - --- validation at epoch 179, val_loss 5.4019, val_mae 7.1343, val_rmse 10.9590, val_r2 0.8532, val_pearson 0.9239, lr 9.00e-05 ---
2026-09-30 23:51:46,440 - INFO - 
****************************************************************************************************
2026-09-30 23:51:47,792 - INFO - --- training epoch 180, loss 6.6645, mae 7.1348, rmse 10.6736, time elapsed(min) 0.01---
2026-09-30 23:51:47,970 - INFO - --- validation at epoch 180, val_loss 5.5728, val_mae 7.3643, val_rmse 11.3945, val_r2 0.8413, val_pearson 0.9178, lr 9.00e-05 ---
2026-09-30 23:51:47,970 - INFO - 
****************************************************************************************************
2026-09-30 23:51:49,444 - INFO - --- training epoch 181, loss 6.5316, mae 6.9987, rmse 10.4941, time elapsed(min) 0.02---
2026-09-30 23:51:49,597 - INFO - --- validation at epoch 181, val_loss 5.4216, val_mae 7.1522, val_rmse 11.0269, val_r2 0.8514, val_pearson 0.9230, lr 9.00e-05 ---
2026-09-30 23:51:49,597 - INFO - 
****************************************************************************************************
2026-09-30 23:51:50,649 - INFO - --- training epoch 182, loss 6.4918, mae 6.9573, rmse 10.4328, time elapsed(min) 0.01---
2026-09-30 23:51:50,818 - INFO - --- validation at epoch 182, val_loss 5.3951, val_mae 7.0871, val_rmse 10.9911, val_r2 0.8524, val_pearson 0.9234, lr 9.00e-05 ---
2026-09-30 23:51:50,818 - INFO - 
****************************************************************************************************
2026-09-30 23:51:52,105 - INFO - --- training epoch 183, loss 6.3784, mae 6.8444, rmse 10.2726, time elapsed(min) 0.01---
2026-09-30 23:51:52,275 - INFO - --- validation at epoch 183, val_loss 5.5922, val_mae 7.2364, val_rmse 10.9783, val_r2 0.8527, val_pearson 0.9244, lr 9.00e-05 ---
2026-09-30 23:51:52,275 - INFO - 
****************************************************************************************************
2026-09-30 23:51:53,644 - INFO - --- training epoch 184, loss 6.5151, mae 6.9836, rmse 10.3936, time elapsed(min) 0.02---
2026-09-30 23:51:53,817 - INFO - --- validation at epoch 184, val_loss 5.4956, val_mae 7.1770, val_rmse 11.0695, val_r2 0.8502, val_pearson 0.9228, lr 9.00e-05 ---
2026-09-30 23:51:53,817 - INFO - 
****************************************************************************************************
2026-09-30 23:51:55,079 - INFO - --- training epoch 185, loss 6.4685, mae 6.9374, rmse 10.3212, time elapsed(min) 0.01---
2026-09-30 23:51:55,246 - INFO - --- validation at epoch 185, val_loss 5.4113, val_mae 7.1010, val_rmse 10.8469, val_r2 0.8562, val_pearson 0.9255, lr 9.00e-05 ---
2026-09-30 23:51:55,246 - INFO - 
****************************************************************************************************
2026-09-30 23:51:56,665 - INFO - --- training epoch 186, loss 6.2592, mae 6.7245, rmse 10.1573, time elapsed(min) 0.02---
2026-09-30 23:51:56,847 - INFO - --- validation at epoch 186, val_loss 5.5923, val_mae 7.1939, val_rmse 10.8862, val_r2 0.8552, val_pearson 0.9251, lr 9.00e-05 ---
2026-09-30 23:51:56,847 - INFO - 
****************************************************************************************************
2026-09-30 23:51:57,913 - INFO - --- training epoch 187, loss 6.4850, mae 6.9520, rmse 10.3833, time elapsed(min) 0.01---
2026-09-30 23:51:58,075 - INFO - --- validation at epoch 187, val_loss 5.5112, val_mae 7.1058, val_rmse 10.8848, val_r2 0.8552, val_pearson 0.9257, lr 9.00e-05 ---
2026-09-30 23:51:58,075 - INFO - 
****************************************************************************************************
2026-09-30 23:51:59,263 - INFO - --- training epoch 188, loss 6.4311, mae 6.8967, rmse 10.3851, time elapsed(min) 0.01---
2026-09-30 23:51:59,428 - INFO - --- validation at epoch 188, val_loss 5.4687, val_mae 7.1262, val_rmse 10.9204, val_r2 0.8543, val_pearson 0.9252, lr 9.00e-05 ---
2026-09-30 23:51:59,428 - INFO - 
****************************************************************************************************
2026-09-30 23:52:00,670 - INFO - --- training epoch 189, loss 6.2852, mae 6.7531, rmse 10.3152, time elapsed(min) 0.01---
2026-09-30 23:52:00,835 - INFO - --- validation at epoch 189, val_loss 5.5741, val_mae 7.1845, val_rmse 10.9017, val_r2 0.8548, val_pearson 0.9256, lr 9.00e-05 ---
2026-09-30 23:52:00,835 - INFO - 
****************************************************************************************************
2026-09-30 23:52:02,087 - INFO - --- training epoch 190, loss 6.3060, mae 6.7733, rmse 10.2015, time elapsed(min) 0.01---
2026-09-30 23:52:02,257 - INFO - --- validation at epoch 190, val_loss 5.4594, val_mae 7.0738, val_rmse 10.7480, val_r2 0.8588, val_pearson 0.9274, lr 9.00e-05 ---
2026-09-30 23:52:02,257 - INFO - 
****************************************************************************************************
2026-09-30 23:52:03,687 - INFO - --- training epoch 191, loss 6.3410, mae 6.8081, rmse 10.1857, time elapsed(min) 0.02---
2026-09-30 23:52:03,849 - INFO - --- validation at epoch 191, val_loss 5.4339, val_mae 7.0611, val_rmse 10.7872, val_r2 0.8578, val_pearson 0.9270, lr 9.00e-05 ---
2026-09-30 23:52:03,849 - INFO - 
****************************************************************************************************
2026-09-30 23:52:04,909 - INFO - --- training epoch 192, loss 6.3050, mae 6.7712, rmse 10.1685, time elapsed(min) 0.01---
2026-09-30 23:52:05,076 - INFO - --- validation at epoch 192, val_loss 5.4054, val_mae 7.0815, val_rmse 10.8611, val_r2 0.8558, val_pearson 0.9252, lr 9.00e-05 ---
2026-09-30 23:52:05,076 - INFO - 
****************************************************************************************************
2026-09-30 23:52:06,291 - INFO - --- training epoch 193, loss 6.2917, mae 6.7563, rmse 10.2217, time elapsed(min) 0.01---
2026-09-30 23:52:06,454 - INFO - --- validation at epoch 193, val_loss 5.5661, val_mae 7.1544, val_rmse 10.8303, val_r2 0.8566, val_pearson 0.9263, lr 9.00e-05 ---
2026-09-30 23:52:06,454 - INFO - 
****************************************************************************************************
2026-09-30 23:52:07,845 - INFO - --- training epoch 194, loss 6.2899, mae 6.7565, rmse 10.2420, time elapsed(min) 0.02---
2026-09-30 23:52:08,024 - INFO - --- validation at epoch 194, val_loss 5.5188, val_mae 7.1030, val_rmse 10.8020, val_r2 0.8574, val_pearson 0.9275, lr 2.70e-05 ---
2026-09-30 23:52:08,024 - INFO - 
****************************************************************************************************
2026-09-30 23:52:09,301 - INFO - --- training epoch 195, loss 6.3824, mae 6.8487, rmse 10.3542, time elapsed(min) 0.01---
2026-09-30 23:52:09,468 - INFO - --- validation at epoch 195, val_loss 5.4057, val_mae 7.0378, val_rmse 10.7132, val_r2 0.8597, val_pearson 0.9283, lr 2.70e-05 ---
2026-09-30 23:52:09,468 - INFO - 
****************************************************************************************************
2026-09-30 23:52:10,733 - INFO - --- training epoch 196, loss 6.0195, mae 6.4849, rmse 9.9010, time elapsed(min) 0.01---
2026-09-30 23:52:11,248 - INFO - --- validation at epoch 196, val_loss 5.4520, val_mae 7.0491, val_rmse 10.6964, val_r2 0.8602, val_pearson 0.9285, lr 2.70e-05 ---
2026-09-30 23:52:11,248 - INFO - 
****************************************************************************************************
2026-09-30 23:52:12,323 - INFO - --- training epoch 197, loss 6.2645, mae 6.7313, rmse 10.0971, time elapsed(min) 0.01---
2026-09-30 23:52:12,483 - INFO - --- validation at epoch 197, val_loss 5.5596, val_mae 7.1375, val_rmse 10.7939, val_r2 0.8576, val_pearson 0.9278, lr 2.70e-05 ---
2026-09-30 23:52:12,483 - INFO - 
****************************************************************************************************
2026-09-30 23:52:13,547 - INFO - --- training epoch 198, loss 6.2759, mae 6.7430, rmse 10.1258, time elapsed(min) 0.01---
2026-09-30 23:52:13,720 - INFO - --- validation at epoch 198, val_loss 5.4083, val_mae 7.0161, val_rmse 10.7141, val_r2 0.8597, val_pearson 0.9285, lr 2.70e-05 ---
2026-09-30 23:52:13,720 - INFO - 
****************************************************************************************************
2026-09-30 23:52:14,927 - INFO - --- training epoch 199, loss 6.1884, mae 6.6549, rmse 9.9951, time elapsed(min) 0.01---
2026-09-30 23:52:15,085 - INFO - --- validation at epoch 199, val_loss 5.4716, val_mae 7.0777, val_rmse 10.7523, val_r2 0.8587, val_pearson 0.9274, lr 2.70e-05 ---
2026-09-30 23:52:15,085 - INFO - 
****************************************************************************************************
2026-09-30 23:52:16,473 - INFO - --- training epoch 200, loss 6.1019, mae 6.5694, rmse 10.0871, time elapsed(min) 0.02---
2026-09-30 23:52:16,646 - INFO - --- validation at epoch 200, val_loss 5.4950, val_mae 7.0698, val_rmse 10.7732, val_r2 0.8582, val_pearson 0.9282, lr 2.70e-05 ---
2026-09-30 23:52:16,646 - INFO - 
****************************************************************************************************
2026-09-30 23:52:17,932 - INFO - --- training epoch 201, loss 6.0365, mae 6.5030, rmse 9.9276, time elapsed(min) 0.01---
2026-09-30 23:52:18,323 - INFO - --- validation at epoch 201, val_loss 5.4327, val_mae 7.0317, val_rmse 10.7397, val_r2 0.8590, val_pearson 0.9283, lr 2.70e-05 ---
2026-09-30 23:52:18,323 - INFO - 
****************************************************************************************************
2026-09-30 23:52:19,560 - INFO - --- training epoch 202, loss 6.1600, mae 6.6273, rmse 9.9996, time elapsed(min) 0.01---
2026-09-30 23:52:19,743 - INFO - --- validation at epoch 202, val_loss 5.4683, val_mae 7.0529, val_rmse 10.6809, val_r2 0.8606, val_pearson 0.9292, lr 2.70e-05 ---
2026-09-30 23:52:19,743 - INFO - 
****************************************************************************************************
2026-09-30 23:52:20,801 - INFO - --- training epoch 203, loss 6.0731, mae 6.5383, rmse 9.8363, time elapsed(min) 0.01---
2026-09-30 23:52:20,975 - INFO - --- validation at epoch 203, val_loss 5.4544, val_mae 7.0522, val_rmse 10.7150, val_r2 0.8597, val_pearson 0.9290, lr 2.70e-05 ---
2026-09-30 23:52:20,976 - INFO - 
****************************************************************************************************
2026-09-30 23:52:22,239 - INFO - --- training epoch 204, loss 6.1561, mae 6.6241, rmse 10.1295, time elapsed(min) 0.01---
2026-09-30 23:52:22,405 - INFO - --- validation at epoch 204, val_loss 5.2909, val_mae 6.9112, val_rmse 10.5875, val_r2 0.8630, val_pearson 0.9295, lr 2.70e-05 ---
2026-09-30 23:52:22,405 - INFO - 
****************************************************************************************************
2026-09-30 23:52:23,778 - INFO - --- training epoch 205, loss 6.3448, mae 6.8082, rmse 10.2080, time elapsed(min) 0.01---
2026-09-30 23:52:23,944 - INFO - --- validation at epoch 205, val_loss 5.5438, val_mae 7.1297, val_rmse 10.7566, val_r2 0.8586, val_pearson 0.9295, lr 2.70e-05 ---
2026-09-30 23:52:23,944 - INFO - 
****************************************************************************************************
2026-09-30 23:52:25,236 - INFO - --- training epoch 206, loss 6.1469, mae 6.6116, rmse 9.9994, time elapsed(min) 0.01---
2026-09-30 23:52:25,598 - INFO - --- validation at epoch 206, val_loss 5.3708, val_mae 6.9599, val_rmse 10.6145, val_r2 0.8623, val_pearson 0.9300, lr 2.70e-05 ---
2026-09-30 23:52:25,599 - INFO - 
****************************************************************************************************
2026-09-30 23:52:26,797 - INFO - --- training epoch 207, loss 6.1027, mae 6.5672, rmse 10.0197, time elapsed(min) 0.01---
2026-09-30 23:52:26,967 - INFO - --- validation at epoch 207, val_loss 5.3657, val_mae 6.9865, val_rmse 10.5860, val_r2 0.8630, val_pearson 0.9299, lr 2.70e-05 ---
2026-09-30 23:52:26,967 - INFO - 
****************************************************************************************************
2026-09-30 23:52:28,041 - INFO - --- training epoch 208, loss 6.1927, mae 6.6584, rmse 10.1155, time elapsed(min) 0.01---
2026-09-30 23:52:28,215 - INFO - --- validation at epoch 208, val_loss 5.3668, val_mae 6.9533, val_rmse 10.5833, val_r2 0.8631, val_pearson 0.9299, lr 2.70e-05 ---
2026-09-30 23:52:28,215 - INFO - 
****************************************************************************************************
2026-09-30 23:52:29,451 - INFO - --- training epoch 209, loss 6.2596, mae 6.7263, rmse 10.1216, time elapsed(min) 0.01---
2026-09-30 23:52:29,629 - INFO - --- validation at epoch 209, val_loss 5.4060, val_mae 6.9940, val_rmse 10.5975, val_r2 0.8627, val_pearson 0.9306, lr 2.70e-05 ---
2026-09-30 23:52:29,629 - INFO - 
****************************************************************************************************
2026-09-30 23:52:30,903 - INFO - --- training epoch 210, loss 6.1440, mae 6.6106, rmse 10.0200, time elapsed(min) 0.01---
2026-09-30 23:52:31,070 - INFO - --- validation at epoch 210, val_loss 5.3090, val_mae 6.8941, val_rmse 10.5461, val_r2 0.8641, val_pearson 0.9308, lr 2.70e-05 ---
2026-09-30 23:52:31,071 - INFO - 
****************************************************************************************************
2026-09-30 23:52:32,342 - INFO - --- training epoch 211, loss 6.2411, mae 6.7089, rmse 10.1493, time elapsed(min) 0.01---
2026-09-30 23:52:32,746 - INFO - --- validation at epoch 211, val_loss 5.4772, val_mae 7.0488, val_rmse 10.6622, val_r2 0.8611, val_pearson 0.9303, lr 2.70e-05 ---
2026-09-30 23:52:32,746 - INFO - 
****************************************************************************************************
2026-09-30 23:52:33,972 - INFO - --- training epoch 212, loss 6.0421, mae 6.5043, rmse 9.9160, time elapsed(min) 0.01---
2026-09-30 23:52:34,136 - INFO - --- validation at epoch 212, val_loss 5.3987, val_mae 7.0089, val_rmse 10.6508, val_r2 0.8614, val_pearson 0.9295, lr 2.70e-05 ---
2026-09-30 23:52:34,136 - INFO - 
****************************************************************************************************
2026-09-30 23:52:35,181 - INFO - --- training epoch 213, loss 6.1300, mae 6.5938, rmse 9.9842, time elapsed(min) 0.01---
2026-09-30 23:52:35,340 - INFO - --- validation at epoch 213, val_loss 5.4246, val_mae 7.0087, val_rmse 10.5896, val_r2 0.8629, val_pearson 0.9308, lr 2.70e-05 ---
2026-09-30 23:52:35,340 - INFO - 
****************************************************************************************************
2026-09-30 23:52:36,582 - INFO - --- training epoch 214, loss 6.1857, mae 6.6529, rmse 10.0890, time elapsed(min) 0.01---
2026-09-30 23:52:36,747 - INFO - --- validation at epoch 214, val_loss 5.2966, val_mae 6.8841, val_rmse 10.4507, val_r2 0.8665, val_pearson 0.9316, lr 2.70e-05 ---
2026-09-30 23:52:36,747 - INFO - 
****************************************************************************************************
2026-09-30 23:52:38,011 - INFO - --- training epoch 215, loss 6.1534, mae 6.6188, rmse 10.0243, time elapsed(min) 0.01---
2026-09-30 23:52:38,191 - INFO - --- validation at epoch 215, val_loss 5.3333, val_mae 6.9198, val_rmse 10.4800, val_r2 0.8658, val_pearson 0.9316, lr 2.70e-05 ---
2026-09-30 23:52:38,191 - INFO - 
****************************************************************************************************
2026-09-30 23:52:39,632 - INFO - --- training epoch 216, loss 6.0833, mae 6.5489, rmse 9.9157, time elapsed(min) 0.02---
2026-09-30 23:52:39,788 - INFO - --- validation at epoch 216, val_loss 5.2782, val_mae 6.8705, val_rmse 10.4498, val_r2 0.8665, val_pearson 0.9317, lr 8.10e-06 ---
2026-09-30 23:52:39,788 - INFO - 
****************************************************************************************************
2026-09-30 23:52:40,934 - INFO - --- training epoch 217, loss 6.0811, mae 6.5451, rmse 9.9531, time elapsed(min) 0.01---
2026-09-30 23:52:41,103 - INFO - --- validation at epoch 217, val_loss 5.3095, val_mae 6.8907, val_rmse 10.4603, val_r2 0.8663, val_pearson 0.9317, lr 8.10e-06 ---
2026-09-30 23:52:41,103 - INFO - 
****************************************************************************************************
2026-09-30 23:52:42,312 - INFO - --- training epoch 218, loss 6.0140, mae 6.4808, rmse 9.8438, time elapsed(min) 0.01---
2026-09-30 23:52:42,476 - INFO - --- validation at epoch 218, val_loss 5.3092, val_mae 6.8918, val_rmse 10.4691, val_r2 0.8660, val_pearson 0.9316, lr 8.10e-06 ---
2026-09-30 23:52:42,476 - INFO - 
****************************************************************************************************
2026-09-30 23:52:43,752 - INFO - --- training epoch 219, loss 6.0160, mae 6.4820, rmse 9.8232, time elapsed(min) 0.01---
2026-09-30 23:52:43,926 - INFO - --- validation at epoch 219, val_loss 5.2858, val_mae 6.8602, val_rmse 10.4378, val_r2 0.8669, val_pearson 0.9319, lr 8.10e-06 ---
2026-09-30 23:52:43,926 - INFO - 
****************************************************************************************************
2026-09-30 23:52:45,187 - INFO - --- training epoch 220, loss 6.0237, mae 6.4876, rmse 9.8650, time elapsed(min) 0.01---
2026-09-30 23:52:45,358 - INFO - --- validation at epoch 220, val_loss 5.3424, val_mae 6.9076, val_rmse 10.4776, val_r2 0.8658, val_pearson 0.9317, lr 8.10e-06 ---
2026-09-30 23:52:45,358 - INFO - 
****************************************************************************************************
2026-09-30 23:52:46,765 - INFO - --- training epoch 221, loss 6.0797, mae 6.5448, rmse 9.9621, time elapsed(min) 0.02---
2026-09-30 23:52:46,934 - INFO - --- validation at epoch 221, val_loss 5.3033, val_mae 6.8783, val_rmse 10.4612, val_r2 0.8663, val_pearson 0.9316, lr 8.10e-06 ---
2026-09-30 23:52:46,934 - INFO - 
****************************************************************************************************
2026-09-30 23:52:47,991 - INFO - --- training epoch 222, loss 6.0946, mae 6.5606, rmse 9.9636, time elapsed(min) 0.01---
2026-09-30 23:52:48,163 - INFO - --- validation at epoch 222, val_loss 5.3054, val_mae 6.8853, val_rmse 10.4775, val_r2 0.8658, val_pearson 0.9315, lr 8.10e-06 ---
2026-09-30 23:52:48,163 - INFO - 
****************************************************************************************************
2026-09-30 23:52:49,392 - INFO - --- training epoch 223, loss 6.1295, mae 6.5961, rmse 9.9249, time elapsed(min) 0.01---
2026-09-30 23:52:49,548 - INFO - --- validation at epoch 223, val_loss 5.3722, val_mae 6.9431, val_rmse 10.5217, val_r2 0.8647, val_pearson 0.9313, lr 8.10e-06 ---
2026-09-30 23:52:49,548 - INFO - 
****************************************************************************************************
2026-09-30 23:52:50,807 - INFO - --- training epoch 224, loss 6.0425, mae 6.5074, rmse 9.8017, time elapsed(min) 0.01---
2026-09-30 23:52:50,978 - INFO - --- validation at epoch 224, val_loss 5.3595, val_mae 6.9228, val_rmse 10.5015, val_r2 0.8652, val_pearson 0.9313, lr 8.10e-06 ---
2026-09-30 23:52:50,978 - INFO - 
****************************************************************************************************
2026-09-30 23:52:52,281 - INFO - --- training epoch 225, loss 6.0068, mae 6.4741, rmse 9.8444, time elapsed(min) 0.01---
2026-09-30 23:52:52,450 - INFO - --- validation at epoch 225, val_loss 5.3063, val_mae 6.8769, val_rmse 10.4666, val_r2 0.8661, val_pearson 0.9316, lr 8.10e-06 ---
2026-09-30 23:52:52,450 - INFO - 
****************************************************************************************************
2026-09-30 23:52:53,667 - INFO - --- training epoch 226, loss 6.0752, mae 6.5408, rmse 9.8610, time elapsed(min) 0.01---
2026-09-30 23:52:53,845 - INFO - --- validation at epoch 226, val_loss 5.3231, val_mae 6.8943, val_rmse 10.4714, val_r2 0.8660, val_pearson 0.9317, lr 8.10e-06 ---
2026-09-30 23:52:53,845 - INFO - 
****************************************************************************************************
2026-09-30 23:52:54,922 - INFO - --- training epoch 227, loss 6.1630, mae 6.6277, rmse 10.1129, time elapsed(min) 0.01---
2026-09-30 23:52:55,109 - INFO - --- validation at epoch 227, val_loss 5.3900, val_mae 6.9560, val_rmse 10.5175, val_r2 0.8648, val_pearson 0.9314, lr 8.10e-06 ---
2026-09-30 23:52:55,109 - INFO - 
****************************************************************************************************
2026-09-30 23:52:56,355 - INFO - --- training epoch 228, loss 5.9317, mae 6.3950, rmse 9.8169, time elapsed(min) 0.01---
2026-09-30 23:52:56,532 - INFO - --- validation at epoch 228, val_loss 5.3684, val_mae 6.9382, val_rmse 10.5030, val_r2 0.8652, val_pearson 0.9315, lr 2.43e-06 ---
2026-09-30 23:52:56,532 - INFO - 
****************************************************************************************************
2026-09-30 23:52:57,813 - INFO - --- training epoch 229, loss 6.1371, mae 6.6027, rmse 10.0321, time elapsed(min) 0.01---
2026-09-30 23:52:57,983 - INFO - --- validation at epoch 229, val_loss 5.3500, val_mae 6.9244, val_rmse 10.4957, val_r2 0.8654, val_pearson 0.9314, lr 2.43e-06 ---
2026-09-30 23:52:57,984 - INFO - 
****************************************************************************************************
2026-09-30 23:52:59,259 - INFO - --- training epoch 230, loss 6.0259, mae 6.4897, rmse 9.7727, time elapsed(min) 0.01---
2026-09-30 23:52:59,427 - INFO - --- validation at epoch 230, val_loss 5.3419, val_mae 6.9196, val_rmse 10.4942, val_r2 0.8654, val_pearson 0.9314, lr 2.43e-06 ---
2026-09-30 23:52:59,427 - INFO - 
****************************************************************************************************
2026-09-30 23:53:00,871 - INFO - --- training epoch 231, loss 6.0407, mae 6.5062, rmse 9.8703, time elapsed(min) 0.02---
2026-09-30 23:53:01,035 - INFO - --- validation at epoch 231, val_loss 5.3554, val_mae 6.9273, val_rmse 10.5085, val_r2 0.8650, val_pearson 0.9314, lr 2.43e-06 ---
2026-09-30 23:53:01,035 - INFO - 
****************************************************************************************************
2026-09-30 23:53:02,094 - INFO - --- training epoch 232, loss 6.0983, mae 6.5627, rmse 9.9552, time elapsed(min) 0.01---
2026-09-30 23:53:02,259 - INFO - --- validation at epoch 232, val_loss 5.3173, val_mae 6.8955, val_rmse 10.4830, val_r2 0.8657, val_pearson 0.9315, lr 2.43e-06 ---
2026-09-30 23:53:02,259 - INFO - 
****************************************************************************************************
2026-09-30 23:53:03,474 - INFO - --- training epoch 233, loss 6.0824, mae 6.5485, rmse 9.9407, time elapsed(min) 0.01---
2026-09-30 23:53:03,628 - INFO - --- validation at epoch 233, val_loss 5.2934, val_mae 6.8755, val_rmse 10.4664, val_r2 0.8661, val_pearson 0.9315, lr 2.43e-06 ---
2026-09-30 23:53:03,628 - INFO - 
****************************************************************************************************
2026-09-30 23:53:04,906 - INFO - --- training epoch 234, loss 6.1896, mae 6.6593, rmse 9.9364, time elapsed(min) 0.01---
2026-09-30 23:53:05,080 - INFO - --- validation at epoch 234, val_loss 5.2947, val_mae 6.8762, val_rmse 10.4709, val_r2 0.8660, val_pearson 0.9315, lr 2.43e-06 ---
2026-09-30 23:53:05,080 - INFO - 
****************************************************************************************************
2026-09-30 23:53:06,341 - INFO - --- training epoch 235, loss 6.0570, mae 6.5222, rmse 9.9324, time elapsed(min) 0.01---
2026-09-30 23:53:06,507 - INFO - --- validation at epoch 235, val_loss 5.3065, val_mae 6.8842, val_rmse 10.4802, val_r2 0.8658, val_pearson 0.9315, lr 2.43e-06 ---
2026-09-30 23:53:06,507 - INFO - 
****************************************************************************************************
2026-09-30 23:53:07,696 - INFO - --- training epoch 236, loss 6.0864, mae 6.5493, rmse 9.9003, time elapsed(min) 0.01---
2026-09-30 23:53:07,866 - INFO - --- validation at epoch 236, val_loss 5.3201, val_mae 6.8922, val_rmse 10.4907, val_r2 0.8655, val_pearson 0.9315, lr 2.43e-06 ---
2026-09-30 23:53:07,866 - INFO - 
****************************************************************************************************
2026-09-30 23:53:08,923 - INFO - --- training epoch 237, loss 6.0346, mae 6.5003, rmse 9.8565, time elapsed(min) 0.01---
2026-09-30 23:53:09,089 - INFO - --- validation at epoch 237, val_loss 5.3333, val_mae 6.9075, val_rmse 10.5036, val_r2 0.8652, val_pearson 0.9315, lr 2.43e-06 ---
2026-09-30 23:53:09,090 - INFO - 
****************************************************************************************************
2026-09-30 23:53:10,330 - INFO - --- training epoch 238, loss 6.1495, mae 6.6171, rmse 9.9517, time elapsed(min) 0.01---
2026-09-30 23:53:10,497 - INFO - --- validation at epoch 238, val_loss 5.3401, val_mae 6.9179, val_rmse 10.5142, val_r2 0.8649, val_pearson 0.9314, lr 2.43e-06 ---
2026-09-30 23:53:10,497 - INFO - 
****************************************************************************************************
2026-09-30 23:53:11,774 - INFO - --- training epoch 239, loss 5.9122, mae 6.3769, rmse 9.6726, time elapsed(min) 0.01---
2026-09-30 23:53:11,941 - INFO - --- validation at epoch 239, val_loss 5.3305, val_mae 6.9083, val_rmse 10.5062, val_r2 0.8651, val_pearson 0.9315, lr 1.00e-06 ---
2026-09-30 23:53:11,941 - INFO - 
****************************************************************************************************
2026-09-30 23:53:13,232 - INFO - --- training epoch 240, loss 6.1621, mae 6.6275, rmse 10.0577, time elapsed(min) 0.01---
2026-09-30 23:53:13,403 - INFO - --- validation at epoch 240, val_loss 5.3261, val_mae 6.9047, val_rmse 10.5026, val_r2 0.8652, val_pearson 0.9315, lr 1.00e-06 ---
2026-09-30 23:53:13,403 - INFO - 
****************************************************************************************************
2026-09-30 23:53:14,606 - INFO - --- training epoch 241, loss 6.1249, mae 6.5913, rmse 10.0112, time elapsed(min) 0.01---
2026-09-30 23:53:14,775 - INFO - --- validation at epoch 241, val_loss 5.3238, val_mae 6.9026, val_rmse 10.5023, val_r2 0.8652, val_pearson 0.9314, lr 1.00e-06 ---
2026-09-30 23:53:14,775 - INFO - 
****************************************************************************************************
2026-09-30 23:53:15,829 - INFO - --- training epoch 242, loss 6.0456, mae 6.5098, rmse 9.8519, time elapsed(min) 0.01---
2026-09-30 23:53:16,009 - INFO - --- validation at epoch 242, val_loss 5.3182, val_mae 6.8974, val_rmse 10.4965, val_r2 0.8653, val_pearson 0.9314, lr 1.00e-06 ---
2026-09-30 23:53:16,009 - INFO - 
****************************************************************************************************
2026-09-30 23:53:17,054 - INFO - --- training epoch 243, loss 6.0063, mae 6.4699, rmse 9.9212, time elapsed(min) 0.01---
2026-09-30 23:53:17,223 - INFO - --- validation at epoch 243, val_loss 5.3165, val_mae 6.8965, val_rmse 10.4938, val_r2 0.8654, val_pearson 0.9314, lr 1.00e-06 ---
2026-09-30 23:53:17,223 - INFO - 
****************************************************************************************************
2026-09-30 23:53:18,477 - INFO - --- training epoch 244, loss 6.0083, mae 6.4748, rmse 9.8485, time elapsed(min) 0.01---
2026-09-30 23:53:18,648 - INFO - --- validation at epoch 244, val_loss 5.3138, val_mae 6.8936, val_rmse 10.4884, val_r2 0.8656, val_pearson 0.9315, lr 1.00e-06 ---
2026-09-30 23:53:18,649 - INFO - 
****************************************************************************************************
2026-09-30 23:53:19,912 - INFO - --- training epoch 245, loss 6.1585, mae 6.6234, rmse 10.0670, time elapsed(min) 0.01---
2026-09-30 23:53:20,081 - INFO - --- validation at epoch 245, val_loss 5.3085, val_mae 6.8889, val_rmse 10.4840, val_r2 0.8657, val_pearson 0.9315, lr 1.00e-06 ---
2026-09-30 23:53:20,081 - INFO - 
****************************************************************************************************
2026-09-30 23:53:21,287 - INFO - --- training epoch 246, loss 6.0595, mae 6.5235, rmse 9.9956, time elapsed(min) 0.01---
2026-09-30 23:53:21,453 - INFO - --- validation at epoch 246, val_loss 5.3094, val_mae 6.8887, val_rmse 10.4862, val_r2 0.8656, val_pearson 0.9315, lr 1.00e-06 ---
2026-09-30 23:53:21,454 - INFO - 
****************************************************************************************************
2026-09-30 23:53:22,521 - INFO - --- training epoch 247, loss 6.1731, mae 6.6406, rmse 10.0649, time elapsed(min) 0.01---
2026-09-30 23:53:22,689 - INFO - --- validation at epoch 247, val_loss 5.3057, val_mae 6.8847, val_rmse 10.4836, val_r2 0.8657, val_pearson 0.9315, lr 1.00e-06 ---
2026-09-30 23:53:22,689 - INFO - 
****************************************************************************************************
2026-09-30 23:53:23,951 - INFO - --- training epoch 248, loss 5.9797, mae 6.4451, rmse 9.8842, time elapsed(min) 0.01---
2026-09-30 23:53:24,116 - INFO - --- validation at epoch 248, val_loss 5.3057, val_mae 6.8846, val_rmse 10.4832, val_r2 0.8657, val_pearson 0.9315, lr 1.00e-06 ---
2026-09-30 23:53:24,116 - INFO - 
****************************************************************************************************
2026-09-30 23:53:25,369 - INFO - --- training epoch 249, loss 6.0932, mae 6.5584, rmse 10.0592, time elapsed(min) 0.01---
2026-09-30 23:53:25,534 - INFO - --- validation at epoch 249, val_loss 5.3043, val_mae 6.8834, val_rmse 10.4831, val_r2 0.8657, val_pearson 0.9315, lr 1.00e-06 ---
2026-09-30 23:53:25,534 - INFO - 
****************************************************************************************************
2026-09-30 23:53:26,847 - INFO - --- training epoch 250, loss 5.9276, mae 6.3937, rmse 9.8122, time elapsed(min) 0.02---
2026-09-30 23:53:27,015 - INFO - --- validation at epoch 250, val_loss 5.3107, val_mae 6.8895, val_rmse 10.4896, val_r2 0.8655, val_pearson 0.9314, lr 1.00e-06 ---
2026-09-30 23:53:27,015 - INFO - 
****************************************************************************************************
2026-09-30 23:53:28,231 - INFO - --- training epoch 251, loss 6.0599, mae 6.5242, rmse 9.8851, time elapsed(min) 0.01---
2026-09-30 23:53:28,417 - INFO - --- validation at epoch 251, val_loss 5.3200, val_mae 6.8975, val_rmse 10.4972, val_r2 0.8653, val_pearson 0.9314, lr 1.00e-06 ---
2026-09-30 23:53:28,417 - INFO - 
****************************************************************************************************
2026-09-30 23:53:29,465 - INFO - --- training epoch 252, loss 6.0197, mae 6.4846, rmse 9.8677, time elapsed(min) 0.01---
2026-09-30 23:53:29,643 - INFO - --- validation at epoch 252, val_loss 5.3184, val_mae 6.8964, val_rmse 10.4961, val_r2 0.8654, val_pearson 0.9314, lr 1.00e-06 ---
2026-09-30 23:53:29,643 - INFO - 
****************************************************************************************************
2026-09-30 23:53:30,907 - INFO - --- training epoch 253, loss 5.9303, mae 6.3954, rmse 9.7944, time elapsed(min) 0.01---
2026-09-30 23:53:31,064 - INFO - --- validation at epoch 253, val_loss 5.3132, val_mae 6.8912, val_rmse 10.4902, val_r2 0.8655, val_pearson 0.9314, lr 1.00e-06 ---
2026-09-30 23:53:31,064 - INFO - 
****************************************************************************************************
2026-09-30 23:53:32,445 - INFO - --- training epoch 254, loss 6.0997, mae 6.5645, rmse 10.0335, time elapsed(min) 0.02---
2026-09-30 23:53:32,624 - INFO - --- validation at epoch 254, val_loss 5.3093, val_mae 6.8879, val_rmse 10.4867, val_r2 0.8656, val_pearson 0.9314, lr 1.00e-06 ---
2026-09-30 23:53:32,624 - INFO - 
****************************************************************************************************
2026-09-30 23:53:33,903 - INFO - --- training epoch 255, loss 6.2802, mae 6.7455, rmse 10.1610, time elapsed(min) 0.01---
2026-09-30 23:53:34,296 - INFO - --- validation at epoch 255, val_loss 5.3143, val_mae 6.8931, val_rmse 10.4928, val_r2 0.8654, val_pearson 0.9314, lr 1.00e-06 ---
2026-09-30 23:53:34,296 - INFO - 
****************************************************************************************************
2026-09-30 23:53:35,500 - INFO - --- training epoch 256, loss 6.1430, mae 6.6104, rmse 9.9622, time elapsed(min) 0.01---
2026-09-30 23:53:35,668 - INFO - --- validation at epoch 256, val_loss 5.3115, val_mae 6.8908, val_rmse 10.4916, val_r2 0.8655, val_pearson 0.9314, lr 1.00e-06 ---
2026-09-30 23:53:35,668 - INFO - 
****************************************************************************************************
2026-09-30 23:53:36,717 - INFO - --- training epoch 257, loss 6.0919, mae 6.5582, rmse 9.9923, time elapsed(min) 0.01---
2026-09-30 23:53:36,883 - INFO - --- validation at epoch 257, val_loss 5.3081, val_mae 6.8890, val_rmse 10.4889, val_r2 0.8655, val_pearson 0.9314, lr 1.00e-06 ---
2026-09-30 23:53:36,883 - INFO - 
****************************************************************************************************
2026-09-30 23:53:38,142 - INFO - --- training epoch 258, loss 6.0897, mae 6.5562, rmse 9.9269, time elapsed(min) 0.01---
2026-09-30 23:53:38,301 - INFO - --- validation at epoch 258, val_loss 5.3049, val_mae 6.8876, val_rmse 10.4877, val_r2 0.8656, val_pearson 0.9314, lr 1.00e-06 ---
2026-09-30 23:53:38,301 - INFO - 
****************************************************************************************************
2026-09-30 23:53:39,563 - INFO - --- training epoch 259, loss 6.0575, mae 6.5218, rmse 9.9446, time elapsed(min) 0.01---
2026-09-30 23:53:39,731 - INFO - --- validation at epoch 259, val_loss 5.3094, val_mae 6.8925, val_rmse 10.4910, val_r2 0.8655, val_pearson 0.9314, lr 1.00e-06 ---
2026-09-30 23:53:39,731 - INFO - 
****************************************************************************************************
2026-09-30 23:53:41,001 - INFO - --- training epoch 260, loss 6.1234, mae 6.5909, rmse 9.8811, time elapsed(min) 0.01---
2026-09-30 23:53:41,182 - INFO - --- validation at epoch 260, val_loss 5.3100, val_mae 6.8929, val_rmse 10.4903, val_r2 0.8655, val_pearson 0.9315, lr 1.00e-06 ---
2026-09-30 23:53:41,182 - INFO - 
****************************************************************************************************
2026-09-30 23:53:42,403 - INFO - --- training epoch 261, loss 6.1492, mae 6.6140, rmse 9.9580, time elapsed(min) 0.01---
2026-09-30 23:53:42,574 - INFO - --- validation at epoch 261, val_loss 5.3056, val_mae 6.8879, val_rmse 10.4856, val_r2 0.8656, val_pearson 0.9315, lr 1.00e-06 ---
2026-09-30 23:53:42,574 - INFO - 
****************************************************************************************************
2026-09-30 23:53:43,629 - INFO - --- training epoch 262, loss 6.1558, mae 6.6219, rmse 10.0253, time elapsed(min) 0.01---
2026-09-30 23:53:43,803 - INFO - --- validation at epoch 262, val_loss 5.3108, val_mae 6.8926, val_rmse 10.4879, val_r2 0.8656, val_pearson 0.9315, lr 1.00e-06 ---
2026-09-30 23:53:43,803 - INFO - 
****************************************************************************************************
2026-09-30 23:53:45,032 - INFO - --- training epoch 263, loss 5.9409, mae 6.4054, rmse 9.6940, time elapsed(min) 0.01---
2026-09-30 23:53:45,195 - INFO - --- validation at epoch 263, val_loss 5.3148, val_mae 6.8968, val_rmse 10.4919, val_r2 0.8655, val_pearson 0.9314, lr 1.00e-06 ---
2026-09-30 23:53:45,195 - INFO - 
****************************************************************************************************
2026-09-30 23:53:46,455 - INFO - --- training epoch 264, loss 6.0764, mae 6.5419, rmse 10.0540, time elapsed(min) 0.01---
2026-09-30 23:53:46,621 - INFO - --- validation at epoch 264, val_loss 5.3214, val_mae 6.9026, val_rmse 10.4967, val_r2 0.8653, val_pearson 0.9314, lr 1.00e-06 ---
2026-09-30 23:53:46,622 - INFO - 
****************************************************************************************************
2026-09-30 23:53:47,900 - INFO - --- training epoch 265, loss 6.0423, mae 6.5046, rmse 9.9483, time elapsed(min) 0.01---
2026-09-30 23:53:48,059 - INFO - --- validation at epoch 265, val_loss 5.3271, val_mae 6.9082, val_rmse 10.5012, val_r2 0.8652, val_pearson 0.9314, lr 1.00e-06 ---
2026-09-30 23:53:48,059 - INFO - 
****************************************************************************************************
2026-09-30 23:53:49,263 - INFO - --- training epoch 266, loss 6.0210, mae 6.4857, rmse 9.9930, time elapsed(min) 0.01---
2026-09-30 23:53:49,431 - INFO - --- validation at epoch 266, val_loss 5.3187, val_mae 6.9002, val_rmse 10.4935, val_r2 0.8654, val_pearson 0.9314, lr 1.00e-06 ---
2026-09-30 23:53:49,431 - INFO - 
****************************************************************************************************
2026-09-30 23:53:49,833 - INFO - --- early stopping at epoch 266: val_loss did not improve for 50 epochs ---
2026-09-30 23:53:50,039 - INFO - --- selected checkpoint from epoch 216, val_loss 5.2782, val_mae 6.8705, val_rmse 10.4498
2026-09-30 23:53:50,488 - INFO - -- RESULT
2026-09-30 23:53:50,488 - INFO - --- test size: 1187
2026-09-30 23:53:50,488 - INFO - --- MAE: 6.2327 pp, RMSE: 9.6527 pp, R2: 0.8719, Pearson: 0.9344
2026-09-30 23:53:51,551 - INFO - --- Buchwald-Hartwig | fullcv08_split70 | ind_mlp: test R2 0.8719 MAE 6.2327 RMSE 9.6527 | 378.4s (1.4s/epoch)
2026-09-30 23:53:51,555 - INFO - --- Buchwald-Hartwig | fullcv09_split70 | current model (ind/linear) (ind/linear)
