2026-09-30 20:47:24,128 - INFO - device is	cuda:0
2026-09-30 20:47:24,237 - INFO - -- CONFIGURATIONS
2026-09-30 20:47:24,237 - INFO - --- train/valid/test: 2491/277/1187
2026-09-30 20:47:24,237 - INFO - --- max no. reactants_train, valid, test respectively: 6, 6, 6
2026-09-30 20:47:24,237 - INFO - --- max no. products_train, valid, test respectively: 1, 1, 1
2026-09-30 20:47:24,237 - INFO - --- model_path: ../logs/approach2_grid_bh/e400/runs/Buchwald-Hartwig_fullcv01_split70_approach_3/model.pt
2026-09-30 20:47:24,247 - INFO - -- TRAINING
2026-09-30 20:47:25,523 - INFO - --- training epoch 0, loss 24.1762, mae 24.6711, rmse 30.4384, time elapsed(min) 0.02---
2026-09-30 20:47:25,764 - INFO - --- validation at epoch 0, val_loss 22.4562, val_mae 23.4079, val_rmse 29.1838, val_r2 -0.1445, val_pearson -0.3310, lr 1.00e-03 ---
2026-09-30 20:47:25,764 - INFO - 
****************************************************************************************************
2026-09-30 20:47:27,406 - INFO - --- training epoch 1, loss 22.8350, mae 23.3313, rmse 28.1564, time elapsed(min) 0.02---
2026-09-30 20:47:27,676 - INFO - --- validation at epoch 1, val_loss 22.1824, val_mae 23.0990, val_rmse 27.4680, val_r2 -0.0139, val_pearson -0.2895, lr 1.00e-03 ---
2026-09-30 20:47:27,676 - INFO - 
****************************************************************************************************
2026-09-30 20:47:29,106 - INFO - --- training epoch 2, loss 22.4881, mae 22.9854, rmse 27.3508, time elapsed(min) 0.02---
2026-09-30 20:47:29,352 - INFO - --- validation at epoch 2, val_loss 20.3091, val_mae 21.5763, val_rmse 26.2757, val_r2 0.0722, val_pearson 0.3353, lr 1.00e-03 ---
2026-09-30 20:47:29,352 - INFO - 
****************************************************************************************************
2026-09-30 20:47:30,870 - INFO - --- training epoch 3, loss 21.8017, mae 22.2981, rmse 26.9768, time elapsed(min) 0.02---
2026-09-30 20:47:31,125 - INFO - --- validation at epoch 3, val_loss 19.4696, val_mae 20.9209, val_rmse 25.8919, val_r2 0.0991, val_pearson 0.3951, lr 1.00e-03 ---
2026-09-30 20:47:31,125 - INFO - 
****************************************************************************************************
2026-09-30 20:47:32,882 - INFO - --- training epoch 4, loss 21.2899, mae 21.7856, rmse 26.4519, time elapsed(min) 0.02---
2026-09-30 20:47:33,145 - INFO - --- validation at epoch 4, val_loss 18.8731, val_mae 20.3366, val_rmse 24.8050, val_r2 0.1732, val_pearson 0.4769, lr 1.00e-03 ---
2026-09-30 20:47:33,145 - INFO - 
****************************************************************************************************
2026-09-30 20:47:34,943 - INFO - --- training epoch 5, loss 22.4693, mae 22.9647, rmse 27.7802, time elapsed(min) 0.02---
2026-09-30 20:47:35,182 - INFO - --- validation at epoch 5, val_loss 21.9104, val_mae 22.6283, val_rmse 26.2520, val_r2 0.0739, val_pearson 0.3881, lr 1.00e-03 ---
2026-09-30 20:47:35,182 - INFO - 
****************************************************************************************************
2026-09-30 20:47:36,898 - INFO - --- training epoch 6, loss 22.1174, mae 22.6150, rmse 26.8159, time elapsed(min) 0.02---
2026-09-30 20:47:37,119 - INFO - --- validation at epoch 6, val_loss 20.2336, val_mae 21.3106, val_rmse 25.3743, val_r2 0.1348, val_pearson 0.4516, lr 1.00e-03 ---
2026-09-30 20:47:37,119 - INFO - 
****************************************************************************************************
2026-09-30 20:47:39,204 - INFO - --- training epoch 7, loss 21.3176, mae 21.8133, rmse 26.2525, time elapsed(min) 0.03---
2026-09-30 20:47:39,437 - INFO - --- validation at epoch 7, val_loss 20.0638, val_mae 21.1577, val_rmse 25.0593, val_r2 0.1561, val_pearson 0.5059, lr 1.00e-03 ---
2026-09-30 20:47:39,438 - INFO - 
****************************************************************************************************
2026-09-30 20:47:40,786 - INFO - --- training epoch 8, loss 21.0369, mae 21.5328, rmse 25.8256, time elapsed(min) 0.02---
2026-09-30 20:47:41,037 - INFO - --- validation at epoch 8, val_loss 19.8687, val_mae 20.9926, val_rmse 24.8477, val_r2 0.1703, val_pearson 0.4997, lr 1.00e-03 ---
2026-09-30 20:47:41,037 - INFO - 
****************************************************************************************************
2026-09-30 20:47:42,440 - INFO - --- training epoch 9, loss 20.7342, mae 21.2299, rmse 25.5909, time elapsed(min) 0.02---
2026-09-30 20:47:42,694 - INFO - --- validation at epoch 9, val_loss 19.1195, val_mae 20.2458, val_rmse 23.6493, val_r2 0.2484, val_pearson 0.5155, lr 1.00e-03 ---
2026-09-30 20:47:42,694 - INFO - 
****************************************************************************************************
2026-09-30 20:47:44,398 - INFO - --- training epoch 10, loss 20.3339, mae 20.8291, rmse 25.3382, time elapsed(min) 0.02---
2026-09-30 20:47:44,658 - INFO - --- validation at epoch 10, val_loss 18.2394, val_mae 19.5134, val_rmse 24.2146, val_r2 0.2121, val_pearson 0.5476, lr 1.00e-03 ---
2026-09-30 20:47:44,658 - INFO - 
****************************************************************************************************
2026-09-30 20:47:46,434 - INFO - --- training epoch 11, loss 21.1297, mae 21.6262, rmse 25.6575, time elapsed(min) 0.02---
2026-09-30 20:47:46,647 - INFO - --- validation at epoch 11, val_loss 19.5726, val_mae 20.8545, val_rmse 25.6557, val_r2 0.1155, val_pearson 0.4626, lr 1.00e-03 ---
2026-09-30 20:47:46,647 - INFO - 
****************************************************************************************************
2026-09-30 20:47:48,363 - INFO - --- training epoch 12, loss 20.3163, mae 20.8131, rmse 24.7694, time elapsed(min) 0.02---
2026-09-30 20:47:48,619 - INFO - --- validation at epoch 12, val_loss 18.1384, val_mae 19.8996, val_rmse 24.9289, val_r2 0.1649, val_pearson 0.5262, lr 1.00e-03 ---
2026-09-30 20:47:48,619 - INFO - 
****************************************************************************************************
2026-09-30 20:47:50,247 - INFO - --- training epoch 13, loss 19.8202, mae 20.3157, rmse 24.5948, time elapsed(min) 0.02---
2026-09-30 20:47:50,501 - INFO - --- validation at epoch 13, val_loss 18.3376, val_mae 19.6120, val_rmse 23.9243, val_r2 0.2308, val_pearson 0.5024, lr 1.00e-03 ---
2026-09-30 20:47:50,501 - INFO - 
****************************************************************************************************
2026-09-30 20:47:51,878 - INFO - --- training epoch 14, loss 19.8369, mae 20.3317, rmse 24.6803, time elapsed(min) 0.02---
2026-09-30 20:47:52,118 - INFO - --- validation at epoch 14, val_loss 17.8887, val_mae 19.2860, val_rmse 23.4661, val_r2 0.2600, val_pearson 0.5183, lr 1.00e-03 ---
2026-09-30 20:47:52,118 - INFO - 
****************************************************************************************************
2026-09-30 20:47:53,838 - INFO - --- training epoch 15, loss 20.1511, mae 20.6455, rmse 25.0766, time elapsed(min) 0.02---
2026-09-30 20:47:54,072 - INFO - --- validation at epoch 15, val_loss 20.3760, val_mae 21.4956, val_rmse 24.9077, val_r2 0.1663, val_pearson 0.4200, lr 1.00e-03 ---
2026-09-30 20:47:54,072 - INFO - 
****************************************************************************************************
2026-09-30 20:47:55,728 - INFO - --- training epoch 16, loss 20.2076, mae 20.7020, rmse 25.1975, time elapsed(min) 0.02---
2026-09-30 20:47:55,985 - INFO - --- validation at epoch 16, val_loss 19.0076, val_mae 20.0278, val_rmse 23.5795, val_r2 0.2528, val_pearson 0.5043, lr 1.00e-03 ---
2026-09-30 20:47:55,985 - INFO - 
****************************************************************************************************
2026-09-30 20:47:57,712 - INFO - --- training epoch 17, loss 19.6119, mae 20.1057, rmse 24.6241, time elapsed(min) 0.02---
2026-09-30 20:47:57,956 - INFO - --- validation at epoch 17, val_loss 18.4399, val_mae 19.7777, val_rmse 23.9789, val_r2 0.2273, val_pearson 0.5014, lr 1.00e-03 ---
2026-09-30 20:47:57,956 - INFO - 
****************************************************************************************************
2026-09-30 20:48:00,099 - INFO - --- training epoch 18, loss 20.0660, mae 20.5618, rmse 24.7319, time elapsed(min) 0.03---
2026-09-30 20:48:00,327 - INFO - --- validation at epoch 18, val_loss 18.9842, val_mae 20.1029, val_rmse 23.5321, val_r2 0.2558, val_pearson 0.5216, lr 1.00e-03 ---
2026-09-30 20:48:00,327 - INFO - 
****************************************************************************************************
2026-09-30 20:48:01,713 - INFO - --- training epoch 19, loss 20.4458, mae 20.9419, rmse 25.2007, time elapsed(min) 0.02---
2026-09-30 20:48:01,950 - INFO - --- validation at epoch 19, val_loss 17.9651, val_mae 19.6160, val_rmse 24.2449, val_r2 0.2101, val_pearson 0.5124, lr 1.00e-03 ---
2026-09-30 20:48:01,951 - INFO - 
****************************************************************************************************
2026-09-30 20:48:03,491 - INFO - --- training epoch 20, loss 20.3907, mae 20.8863, rmse 25.3481, time elapsed(min) 0.02---
2026-09-30 20:48:03,758 - INFO - --- validation at epoch 20, val_loss 18.7616, val_mae 20.1326, val_rmse 24.5791, val_r2 0.1882, val_pearson 0.5114, lr 1.00e-03 ---
2026-09-30 20:48:03,758 - INFO - 
****************************************************************************************************
2026-09-30 20:48:05,507 - INFO - --- training epoch 21, loss 19.7945, mae 20.2911, rmse 24.5191, time elapsed(min) 0.02---
2026-09-30 20:48:05,753 - INFO - --- validation at epoch 21, val_loss 18.4267, val_mae 19.8340, val_rmse 24.3608, val_r2 0.2025, val_pearson 0.4933, lr 1.00e-03 ---
2026-09-30 20:48:05,754 - INFO - 
****************************************************************************************************
2026-09-30 20:48:07,583 - INFO - --- training epoch 22, loss 20.0929, mae 20.5892, rmse 24.9111, time elapsed(min) 0.02---
2026-09-30 20:48:07,840 - INFO - --- validation at epoch 22, val_loss 17.5476, val_mae 18.9984, val_rmse 23.8065, val_r2 0.2384, val_pearson 0.5469, lr 1.00e-03 ---
2026-09-30 20:48:07,840 - INFO - 
****************************************************************************************************
2026-09-30 20:48:09,636 - INFO - --- training epoch 23, loss 19.6456, mae 20.1396, rmse 24.5105, time elapsed(min) 0.02---
2026-09-30 20:48:10,300 - INFO - --- validation at epoch 23, val_loss 18.5614, val_mae 20.0112, val_rmse 24.8656, val_r2 0.1691, val_pearson 0.5246, lr 1.00e-03 ---
2026-09-30 20:48:10,300 - INFO - 
****************************************************************************************************
2026-09-30 20:48:11,929 - INFO - --- training epoch 24, loss 19.6802, mae 20.1762, rmse 24.6137, time elapsed(min) 0.01---
2026-09-30 20:48:12,152 - INFO - --- validation at epoch 24, val_loss 17.8516, val_mae 18.8730, val_rmse 22.9497, val_r2 0.2922, val_pearson 0.5489, lr 1.00e-03 ---
2026-09-30 20:48:12,152 - INFO - 
****************************************************************************************************
2026-09-30 20:48:13,508 - INFO - --- training epoch 25, loss 19.5351, mae 20.0299, rmse 24.5408, time elapsed(min) 0.01---
2026-09-30 20:48:13,753 - INFO - --- validation at epoch 25, val_loss 17.6360, val_mae 19.1470, val_rmse 23.3912, val_r2 0.2647, val_pearson 0.5373, lr 1.00e-03 ---
2026-09-30 20:48:13,753 - INFO - 
****************************************************************************************************
2026-09-30 20:48:15,562 - INFO - --- training epoch 26, loss 19.3481, mae 19.8440, rmse 24.3426, time elapsed(min) 0.02---
2026-09-30 20:48:15,827 - INFO - --- validation at epoch 26, val_loss 17.7178, val_mae 18.6888, val_rmse 22.8635, val_r2 0.2975, val_pearson 0.5691, lr 1.00e-03 ---
2026-09-30 20:48:15,827 - INFO - 
****************************************************************************************************
2026-09-30 20:48:17,490 - INFO - --- training epoch 27, loss 19.2217, mae 19.7159, rmse 24.2931, time elapsed(min) 0.02---
2026-09-30 20:48:17,769 - INFO - --- validation at epoch 27, val_loss 17.7923, val_mae 18.8169, val_rmse 22.6243, val_r2 0.3122, val_pearson 0.5610, lr 1.00e-03 ---
2026-09-30 20:48:17,769 - INFO - 
****************************************************************************************************
2026-09-30 20:48:19,485 - INFO - --- training epoch 28, loss 19.2555, mae 19.7504, rmse 24.2063, time elapsed(min) 0.02---
2026-09-30 20:48:20,060 - INFO - --- validation at epoch 28, val_loss 17.4600, val_mae 18.2440, val_rmse 22.4631, val_r2 0.3219, val_pearson 0.5760, lr 1.00e-03 ---
2026-09-30 20:48:20,060 - INFO - 
****************************************************************************************************
2026-09-30 20:48:21,774 - INFO - --- training epoch 29, loss 18.2460, mae 18.7414, rmse 23.3393, time elapsed(min) 0.02---
2026-09-30 20:48:21,999 - INFO - --- validation at epoch 29, val_loss 17.6807, val_mae 18.0934, val_rmse 21.8222, val_r2 0.3601, val_pearson 0.6758, lr 1.00e-03 ---
2026-09-30 20:48:21,999 - INFO - 
****************************************************************************************************
2026-09-30 20:48:23,381 - INFO - --- training epoch 30, loss 17.2006, mae 17.6952, rmse 22.2712, time elapsed(min) 0.02---
2026-09-30 20:48:23,620 - INFO - --- validation at epoch 30, val_loss 14.9171, val_mae 15.5578, val_rmse 19.9277, val_r2 0.4664, val_pearson 0.7010, lr 1.00e-03 ---
2026-09-30 20:48:23,620 - INFO - 
****************************************************************************************************
2026-09-30 20:48:25,304 - INFO - --- training epoch 31, loss 15.4129, mae 15.9053, rmse 20.2467, time elapsed(min) 0.02---
2026-09-30 20:48:25,533 - INFO - --- validation at epoch 31, val_loss 12.8818, val_mae 13.7850, val_rmse 17.8845, val_r2 0.5702, val_pearson 0.7654, lr 1.00e-03 ---
2026-09-30 20:48:25,533 - INFO - 
****************************************************************************************************
2026-09-30 20:48:27,277 - INFO - --- training epoch 32, loss 14.9871, mae 15.4775, rmse 20.2595, time elapsed(min) 0.02---
2026-09-30 20:48:27,511 - INFO - --- validation at epoch 32, val_loss 13.1143, val_mae 14.1655, val_rmse 18.9200, val_r2 0.5190, val_pearson 0.7521, lr 1.00e-03 ---
2026-09-30 20:48:27,511 - INFO - 
****************************************************************************************************
2026-09-30 20:48:29,431 - INFO - --- training epoch 33, loss 14.5475, mae 15.0386, rmse 19.9904, time elapsed(min) 0.02---
2026-09-30 20:48:29,666 - INFO - --- validation at epoch 33, val_loss 13.3983, val_mae 13.9925, val_rmse 18.4788, val_r2 0.5411, val_pearson 0.7454, lr 1.00e-03 ---
2026-09-30 20:48:29,666 - INFO - 
****************************************************************************************************
2026-09-30 20:48:31,672 - INFO - --- training epoch 34, loss 14.5948, mae 15.0882, rmse 19.5932, time elapsed(min) 0.03---
2026-09-30 20:48:31,921 - INFO - --- validation at epoch 34, val_loss 12.6212, val_mae 13.7988, val_rmse 18.6339, val_r2 0.5334, val_pearson 0.7431, lr 1.00e-03 ---
2026-09-30 20:48:31,921 - INFO - 
****************************************************************************************************
2026-09-30 20:48:33,356 - INFO - --- training epoch 35, loss 14.8445, mae 15.3373, rmse 20.1737, time elapsed(min) 0.01---
2026-09-30 20:48:33,605 - INFO - --- validation at epoch 35, val_loss 13.1671, val_mae 13.7612, val_rmse 17.9831, val_r2 0.5654, val_pearson 0.7617, lr 1.00e-03 ---
2026-09-30 20:48:33,605 - INFO - 
****************************************************************************************************
2026-09-30 20:48:34,974 - INFO - --- training epoch 36, loss 15.3086, mae 15.8008, rmse 20.2132, time elapsed(min) 0.01---
2026-09-30 20:48:35,261 - INFO - --- validation at epoch 36, val_loss 13.3931, val_mae 13.9347, val_rmse 18.2813, val_r2 0.5509, val_pearson 0.7524, lr 1.00e-03 ---
2026-09-30 20:48:35,261 - INFO - 
****************************************************************************************************
2026-09-30 20:48:37,147 - INFO - --- training epoch 37, loss 14.7932, mae 15.2858, rmse 19.5976, time elapsed(min) 0.02---
2026-09-30 20:48:37,390 - INFO - --- validation at epoch 37, val_loss 13.1150, val_mae 13.9788, val_rmse 18.1370, val_r2 0.5580, val_pearson 0.7523, lr 1.00e-03 ---
2026-09-30 20:48:37,390 - INFO - 
****************************************************************************************************
2026-09-30 20:48:39,106 - INFO - --- training epoch 38, loss 14.0874, mae 14.5791, rmse 19.0903, time elapsed(min) 0.02---
2026-09-30 20:48:39,368 - INFO - --- validation at epoch 38, val_loss 12.3653, val_mae 13.6934, val_rmse 18.7814, val_r2 0.5260, val_pearson 0.7729, lr 1.00e-03 ---
2026-09-30 20:48:39,368 - INFO - 
****************************************************************************************************
2026-09-30 20:48:41,166 - INFO - --- training epoch 39, loss 14.1137, mae 14.6034, rmse 19.2500, time elapsed(min) 0.02---
2026-09-30 20:48:41,805 - INFO - --- validation at epoch 39, val_loss 12.5161, val_mae 13.0698, val_rmse 17.7583, val_r2 0.5762, val_pearson 0.7621, lr 1.00e-03 ---
2026-09-30 20:48:41,805 - INFO - 
****************************************************************************************************
2026-09-30 20:48:43,469 - INFO - --- training epoch 40, loss 13.8319, mae 14.3228, rmse 19.0687, time elapsed(min) 0.02---
2026-09-30 20:48:43,704 - INFO - --- validation at epoch 40, val_loss 11.8375, val_mae 12.9026, val_rmse 17.5881, val_r2 0.5843, val_pearson 0.7820, lr 1.00e-03 ---
2026-09-30 20:48:43,704 - INFO - 
****************************************************************************************************
2026-09-30 20:48:45,455 - INFO - --- training epoch 41, loss 13.7743, mae 14.2644, rmse 18.9077, time elapsed(min) 0.02---
2026-09-30 20:48:45,705 - INFO - --- validation at epoch 41, val_loss 12.1623, val_mae 12.9090, val_rmse 17.4699, val_r2 0.5899, val_pearson 0.7863, lr 1.00e-03 ---
2026-09-30 20:48:45,705 - INFO - 
****************************************************************************************************
2026-09-30 20:48:47,453 - INFO - --- training epoch 42, loss 13.5645, mae 14.0545, rmse 18.6521, time elapsed(min) 0.02---
2026-09-30 20:48:47,697 - INFO - --- validation at epoch 42, val_loss 12.1917, val_mae 13.3522, val_rmse 18.0593, val_r2 0.5617, val_pearson 0.7997, lr 1.00e-03 ---
2026-09-30 20:48:47,697 - INFO - 
****************************************************************************************************
2026-09-30 20:48:49,456 - INFO - --- training epoch 43, loss 13.2355, mae 13.7266, rmse 18.3826, time elapsed(min) 0.02---
2026-09-30 20:48:49,671 - INFO - --- validation at epoch 43, val_loss 11.3835, val_mae 12.3105, val_rmse 17.2341, val_r2 0.6009, val_pearson 0.7871, lr 1.00e-03 ---
2026-09-30 20:48:49,672 - INFO - 
****************************************************************************************************
2026-09-30 20:48:51,766 - INFO - --- training epoch 44, loss 13.2659, mae 13.7560, rmse 18.4496, time elapsed(min) 0.03---
2026-09-30 20:48:52,014 - INFO - --- validation at epoch 44, val_loss 12.3737, val_mae 13.2818, val_rmse 17.8900, val_r2 0.5699, val_pearson 0.7665, lr 1.00e-03 ---
2026-09-30 20:48:52,015 - INFO - 
****************************************************************************************************
2026-09-30 20:48:53,409 - INFO - --- training epoch 45, loss 13.0453, mae 13.5335, rmse 18.2257, time elapsed(min) 0.02---
2026-09-30 20:48:53,654 - INFO - --- validation at epoch 45, val_loss 11.3522, val_mae 12.5702, val_rmse 17.1696, val_r2 0.6038, val_pearson 0.7893, lr 1.00e-03 ---
2026-09-30 20:48:53,654 - INFO - 
****************************************************************************************************
2026-09-30 20:48:55,363 - INFO - --- training epoch 46, loss 13.0192, mae 13.5105, rmse 18.0759, time elapsed(min) 0.02---
2026-09-30 20:48:55,604 - INFO - --- validation at epoch 46, val_loss 11.2958, val_mae 12.7271, val_rmse 17.7073, val_r2 0.5786, val_pearson 0.7924, lr 1.00e-03 ---
2026-09-30 20:48:55,604 - INFO - 
****************************************************************************************************
2026-09-30 20:48:57,338 - INFO - --- training epoch 47, loss 12.9806, mae 13.4709, rmse 18.2018, time elapsed(min) 0.02---
2026-09-30 20:48:57,606 - INFO - --- validation at epoch 47, val_loss 11.3631, val_mae 12.2868, val_rmse 16.8476, val_r2 0.6186, val_pearson 0.7969, lr 1.00e-03 ---
2026-09-30 20:48:57,606 - INFO - 
****************************************************************************************************
2026-09-30 20:48:59,286 - INFO - --- training epoch 48, loss 12.7172, mae 13.2074, rmse 17.7915, time elapsed(min) 0.02---
2026-09-30 20:48:59,524 - INFO - --- validation at epoch 48, val_loss 10.9327, val_mae 12.2348, val_rmse 16.9692, val_r2 0.6130, val_pearson 0.8023, lr 1.00e-03 ---
2026-09-30 20:48:59,524 - INFO - 
****************************************************************************************************
2026-09-30 20:49:01,554 - INFO - --- training epoch 49, loss 13.0520, mae 13.5420, rmse 18.1099, time elapsed(min) 0.02---
2026-09-30 20:49:01,789 - INFO - --- validation at epoch 49, val_loss 11.9351, val_mae 12.9549, val_rmse 17.7025, val_r2 0.5789, val_pearson 0.8061, lr 1.00e-03 ---
2026-09-30 20:49:01,789 - INFO - 
****************************************************************************************************
2026-09-30 20:49:03,193 - INFO - --- training epoch 50, loss 13.1520, mae 13.6424, rmse 18.3465, time elapsed(min) 0.02---
2026-09-30 20:49:03,442 - INFO - --- validation at epoch 50, val_loss 10.8684, val_mae 12.0852, val_rmse 16.8938, val_r2 0.6165, val_pearson 0.8129, lr 1.00e-03 ---
2026-09-30 20:49:03,442 - INFO - 
****************************************************************************************************
2026-09-30 20:49:04,903 - INFO - --- training epoch 51, loss 12.7123, mae 13.2022, rmse 17.7456, time elapsed(min) 0.02---
2026-09-30 20:49:05,170 - INFO - --- validation at epoch 51, val_loss 10.8807, val_mae 11.2870, val_rmse 15.3744, val_r2 0.6824, val_pearson 0.8274, lr 1.00e-03 ---
2026-09-30 20:49:05,170 - INFO - 
****************************************************************************************************
2026-09-30 20:49:06,879 - INFO - --- training epoch 52, loss 12.2306, mae 12.7220, rmse 17.3457, time elapsed(min) 0.02---
2026-09-30 20:49:07,126 - INFO - --- validation at epoch 52, val_loss 11.9972, val_mae 11.8688, val_rmse 16.9840, val_r2 0.6124, val_pearson 0.7869, lr 1.00e-03 ---
2026-09-30 20:49:07,126 - INFO - 
****************************************************************************************************
2026-09-30 20:49:08,937 - INFO - --- training epoch 53, loss 12.5258, mae 13.0159, rmse 17.6467, time elapsed(min) 0.02---
2026-09-30 20:49:09,177 - INFO - --- validation at epoch 53, val_loss 11.0835, val_mae 11.8841, val_rmse 15.2134, val_r2 0.6890, val_pearson 0.8390, lr 1.00e-03 ---
2026-09-30 20:49:09,177 - INFO - 
****************************************************************************************************
2026-09-30 20:49:11,186 - INFO - --- training epoch 54, loss 12.9676, mae 13.4577, rmse 17.7106, time elapsed(min) 0.03---
2026-09-30 20:49:11,419 - INFO - --- validation at epoch 54, val_loss 10.5326, val_mae 11.1544, val_rmse 15.1206, val_r2 0.6928, val_pearson 0.8405, lr 1.00e-03 ---
2026-09-30 20:49:11,419 - INFO - 
****************************************************************************************************
2026-09-30 20:49:12,892 - INFO - --- training epoch 55, loss 12.6055, mae 13.0965, rmse 17.3754, time elapsed(min) 0.02---
2026-09-30 20:49:13,121 - INFO - --- validation at epoch 55, val_loss 10.1963, val_mae 10.8138, val_rmse 15.0527, val_r2 0.6955, val_pearson 0.8421, lr 1.00e-03 ---
2026-09-30 20:49:13,121 - INFO - 
****************************************************************************************************
2026-09-30 20:49:14,811 - INFO - --- training epoch 56, loss 11.4629, mae 11.9532, rmse 16.3424, time elapsed(min) 0.02---
2026-09-30 20:49:15,065 - INFO - --- validation at epoch 56, val_loss 10.0506, val_mae 10.4690, val_rmse 14.4219, val_r2 0.7205, val_pearson 0.8526, lr 1.00e-03 ---
2026-09-30 20:49:15,065 - INFO - 
****************************************************************************************************
2026-09-30 20:49:16,851 - INFO - --- training epoch 57, loss 11.4298, mae 11.9193, rmse 16.1991, time elapsed(min) 0.02---
2026-09-30 20:49:17,125 - INFO - --- validation at epoch 57, val_loss 10.1721, val_mae 10.9956, val_rmse 15.3289, val_r2 0.6842, val_pearson 0.8533, lr 1.00e-03 ---
2026-09-30 20:49:17,125 - INFO - 
****************************************************************************************************
2026-09-30 20:49:18,806 - INFO - --- training epoch 58, loss 11.6418, mae 12.1299, rmse 16.7095, time elapsed(min) 0.02---
2026-09-30 20:49:19,045 - INFO - --- validation at epoch 58, val_loss 9.9026, val_mae 10.4436, val_rmse 14.4359, val_r2 0.7200, val_pearson 0.8633, lr 1.00e-03 ---
2026-09-30 20:49:19,045 - INFO - 
****************************************************************************************************
2026-09-30 20:49:20,877 - INFO - --- training epoch 59, loss 12.3629, mae 12.8549, rmse 17.0944, time elapsed(min) 0.02---
2026-09-30 20:49:21,737 - INFO - --- validation at epoch 59, val_loss 10.4154, val_mae 11.3642, val_rmse 15.5737, val_r2 0.6741, val_pearson 0.8652, lr 1.00e-03 ---
2026-09-30 20:49:21,737 - INFO - 
****************************************************************************************************
2026-09-30 20:49:23,173 - INFO - --- training epoch 60, loss 11.7602, mae 12.2484, rmse 16.6019, time elapsed(min) 0.02---
2026-09-30 20:49:23,422 - INFO - --- validation at epoch 60, val_loss 9.4397, val_mae 9.9625, val_rmse 13.8423, val_r2 0.7425, val_pearson 0.8625, lr 1.00e-03 ---
2026-09-30 20:49:23,422 - INFO - 
****************************************************************************************************
2026-09-30 20:49:24,916 - INFO - --- training epoch 61, loss 10.5898, mae 11.0769, rmse 15.6996, time elapsed(min) 0.02---
2026-09-30 20:49:25,218 - INFO - --- validation at epoch 61, val_loss 9.3444, val_mae 10.2499, val_rmse 14.3942, val_r2 0.7216, val_pearson 0.8508, lr 1.00e-03 ---
2026-09-30 20:49:25,218 - INFO - 
****************************************************************************************************
2026-09-30 20:49:27,044 - INFO - --- training epoch 62, loss 10.7634, mae 11.2508, rmse 15.7802, time elapsed(min) 0.02---
2026-09-30 20:49:27,272 - INFO - --- validation at epoch 62, val_loss 9.4700, val_mae 10.1085, val_rmse 14.4455, val_r2 0.7196, val_pearson 0.8566, lr 1.00e-03 ---
2026-09-30 20:49:27,272 - INFO - 
****************************************************************************************************
2026-09-30 20:49:29,217 - INFO - --- training epoch 63, loss 10.8905, mae 11.3800, rmse 15.8308, time elapsed(min) 0.02---
2026-09-30 20:49:29,463 - INFO - --- validation at epoch 63, val_loss 9.9098, val_mae 10.6189, val_rmse 14.5203, val_r2 0.7167, val_pearson 0.8666, lr 1.00e-03 ---
2026-09-30 20:49:29,463 - INFO - 
****************************************************************************************************
2026-09-30 20:49:31,392 - INFO - --- training epoch 64, loss 10.9443, mae 11.4339, rmse 15.8340, time elapsed(min) 0.02---
2026-09-30 20:49:31,629 - INFO - --- validation at epoch 64, val_loss 9.9890, val_mae 10.7901, val_rmse 14.8643, val_r2 0.7031, val_pearson 0.8660, lr 1.00e-03 ---
2026-09-30 20:49:31,629 - INFO - 
****************************************************************************************************
2026-09-30 20:49:33,039 - INFO - --- training epoch 65, loss 11.0671, mae 11.5542, rmse 15.9215, time elapsed(min) 0.02---
2026-09-30 20:49:33,302 - INFO - --- validation at epoch 65, val_loss 9.1396, val_mae 10.0091, val_rmse 14.0379, val_r2 0.7352, val_pearson 0.8671, lr 1.00e-03 ---
2026-09-30 20:49:33,302 - INFO - 
****************************************************************************************************
2026-09-30 20:49:35,055 - INFO - --- training epoch 66, loss 10.6103, mae 11.0985, rmse 15.2833, time elapsed(min) 0.02---
2026-09-30 20:49:35,276 - INFO - --- validation at epoch 66, val_loss 9.6200, val_mae 10.3810, val_rmse 14.2959, val_r2 0.7254, val_pearson 0.8666, lr 1.00e-03 ---
2026-09-30 20:49:35,276 - INFO - 
****************************************************************************************************
2026-09-30 20:49:36,967 - INFO - --- training epoch 67, loss 10.5600, mae 11.0481, rmse 15.5874, time elapsed(min) 0.02---
2026-09-30 20:49:37,235 - INFO - --- validation at epoch 67, val_loss 9.4431, val_mae 10.3075, val_rmse 14.4200, val_r2 0.7206, val_pearson 0.8662, lr 1.00e-03 ---
2026-09-30 20:49:37,236 - INFO - 
****************************************************************************************************
2026-09-30 20:49:38,931 - INFO - --- training epoch 68, loss 10.6610, mae 11.1495, rmse 15.4905, time elapsed(min) 0.02---
2026-09-30 20:49:39,177 - INFO - --- validation at epoch 68, val_loss 9.2250, val_mae 9.9784, val_rmse 13.8032, val_r2 0.7440, val_pearson 0.8633, lr 1.00e-03 ---
2026-09-30 20:49:39,177 - INFO - 
****************************************************************************************************
2026-09-30 20:49:41,165 - INFO - --- training epoch 69, loss 10.1475, mae 10.6342, rmse 15.0858, time elapsed(min) 0.03---
2026-09-30 20:49:41,408 - INFO - --- validation at epoch 69, val_loss 9.1098, val_mae 9.8683, val_rmse 13.9747, val_r2 0.7376, val_pearson 0.8680, lr 1.00e-03 ---
2026-09-30 20:49:41,408 - INFO - 
****************************************************************************************************
2026-09-30 20:49:42,869 - INFO - --- training epoch 70, loss 10.4870, mae 10.9755, rmse 15.3808, time elapsed(min) 0.01---
2026-09-30 20:49:43,115 - INFO - --- validation at epoch 70, val_loss 9.4699, val_mae 10.0719, val_rmse 14.0716, val_r2 0.7339, val_pearson 0.8641, lr 1.00e-03 ---
2026-09-30 20:49:43,115 - INFO - 
****************************************************************************************************
2026-09-30 20:49:44,493 - INFO - --- training epoch 71, loss 10.4271, mae 10.9172, rmse 15.2232, time elapsed(min) 0.01---
2026-09-30 20:49:44,776 - INFO - --- validation at epoch 71, val_loss 9.4870, val_mae 9.9751, val_rmse 13.8637, val_r2 0.7417, val_pearson 0.8680, lr 1.00e-03 ---
2026-09-30 20:49:44,776 - INFO - 
****************************************************************************************************
2026-09-30 20:49:46,658 - INFO - --- training epoch 72, loss 10.0995, mae 10.5859, rmse 14.9785, time elapsed(min) 0.02---
2026-09-30 20:49:46,894 - INFO - --- validation at epoch 72, val_loss 8.9291, val_mae 9.7942, val_rmse 13.9957, val_r2 0.7368, val_pearson 0.8696, lr 1.00e-03 ---
2026-09-30 20:49:46,894 - INFO - 
****************************************************************************************************
2026-09-30 20:49:48,920 - INFO - --- training epoch 73, loss 10.4892, mae 10.9780, rmse 15.3563, time elapsed(min) 0.02---
2026-09-30 20:49:49,187 - INFO - --- validation at epoch 73, val_loss 9.5352, val_mae 9.9547, val_rmse 14.0394, val_r2 0.7351, val_pearson 0.8581, lr 1.00e-03 ---
2026-09-30 20:49:49,188 - INFO - 
****************************************************************************************************
2026-09-30 20:49:51,166 - INFO - --- training epoch 74, loss 10.5564, mae 11.0452, rmse 15.3779, time elapsed(min) 0.03---
2026-09-30 20:49:51,396 - INFO - --- validation at epoch 74, val_loss 9.0603, val_mae 9.7591, val_rmse 13.7562, val_r2 0.7457, val_pearson 0.8644, lr 1.00e-03 ---
2026-09-30 20:49:51,396 - INFO - 
****************************************************************************************************
2026-09-30 20:49:52,781 - INFO - --- training epoch 75, loss 10.4112, mae 10.8981, rmse 15.1400, time elapsed(min) 0.02---
2026-09-30 20:49:53,010 - INFO - --- validation at epoch 75, val_loss 9.6787, val_mae 10.2735, val_rmse 14.1318, val_r2 0.7316, val_pearson 0.8577, lr 1.00e-03 ---
2026-09-30 20:49:53,010 - INFO - 
****************************************************************************************************
2026-09-30 20:49:54,598 - INFO - --- training epoch 76, loss 10.6282, mae 11.1158, rmse 15.3130, time elapsed(min) 0.02---
2026-09-30 20:49:54,845 - INFO - --- validation at epoch 76, val_loss 9.9382, val_mae 10.8367, val_rmse 15.1081, val_r2 0.6933, val_pearson 0.8531, lr 1.00e-03 ---
2026-09-30 20:49:54,846 - INFO - 
****************************************************************************************************
2026-09-30 20:49:56,557 - INFO - --- training epoch 77, loss 10.6308, mae 11.1184, rmse 15.4245, time elapsed(min) 0.02---
2026-09-30 20:49:56,775 - INFO - --- validation at epoch 77, val_loss 9.5762, val_mae 10.0058, val_rmse 13.8444, val_r2 0.7424, val_pearson 0.8644, lr 1.00e-03 ---
2026-09-30 20:49:56,775 - INFO - 
****************************************************************************************************
2026-09-30 20:49:58,676 - INFO - --- training epoch 78, loss 10.6942, mae 11.1843, rmse 15.4534, time elapsed(min) 0.02---
2026-09-30 20:49:58,913 - INFO - --- validation at epoch 78, val_loss 9.5535, val_mae 10.2391, val_rmse 14.1932, val_r2 0.7293, val_pearson 0.8616, lr 1.00e-03 ---
2026-09-30 20:49:58,913 - INFO - 
****************************************************************************************************
2026-09-30 20:50:00,915 - INFO - --- training epoch 79, loss 10.5530, mae 11.0422, rmse 15.1850, time elapsed(min) 0.03---
2026-09-30 20:50:01,166 - INFO - --- validation at epoch 79, val_loss 10.9406, val_mae 11.9493, val_rmse 16.0493, val_r2 0.6539, val_pearson 0.8712, lr 1.00e-03 ---
2026-09-30 20:50:01,166 - INFO - 
****************************************************************************************************
2026-09-30 20:50:02,560 - INFO - --- training epoch 80, loss 11.0186, mae 11.5056, rmse 15.8342, time elapsed(min) 0.02---
2026-09-30 20:50:02,800 - INFO - --- validation at epoch 80, val_loss 9.0612, val_mae 9.7007, val_rmse 13.3222, val_r2 0.7615, val_pearson 0.8735, lr 1.00e-03 ---
2026-09-30 20:50:02,800 - INFO - 
****************************************************************************************************
2026-09-30 20:50:04,194 - INFO - --- training epoch 81, loss 10.0226, mae 10.5097, rmse 14.8370, time elapsed(min) 0.02---
2026-09-30 20:50:04,454 - INFO - --- validation at epoch 81, val_loss 8.9085, val_mae 9.7433, val_rmse 13.5892, val_r2 0.7518, val_pearson 0.8741, lr 1.00e-03 ---
2026-09-30 20:50:04,454 - INFO - 
****************************************************************************************************
2026-09-30 20:50:06,276 - INFO - --- training epoch 82, loss 10.0502, mae 10.5372, rmse 14.7528, time elapsed(min) 0.02---
2026-09-30 20:50:06,496 - INFO - --- validation at epoch 82, val_loss 9.6625, val_mae 10.3036, val_rmse 14.0963, val_r2 0.7330, val_pearson 0.8697, lr 1.00e-03 ---
2026-09-30 20:50:06,496 - INFO - 
****************************************************************************************************
2026-09-30 20:50:08,209 - INFO - --- training epoch 83, loss 10.1452, mae 10.6318, rmse 14.8581, time elapsed(min) 0.02---
2026-09-30 20:50:08,455 - INFO - --- validation at epoch 83, val_loss 9.2307, val_mae 9.7713, val_rmse 13.5843, val_r2 0.7520, val_pearson 0.8725, lr 1.00e-03 ---
2026-09-30 20:50:08,456 - INFO - 
****************************************************************************************************
2026-09-30 20:50:10,512 - INFO - --- training epoch 84, loss 10.1031, mae 10.5903, rmse 14.8342, time elapsed(min) 0.03---
2026-09-30 20:50:10,800 - INFO - --- validation at epoch 84, val_loss 8.9664, val_mae 9.8028, val_rmse 13.5713, val_r2 0.7525, val_pearson 0.8723, lr 1.00e-03 ---
2026-09-30 20:50:10,800 - INFO - 
****************************************************************************************************
2026-09-30 20:50:12,192 - INFO - --- training epoch 85, loss 9.9514, mae 10.4358, rmse 14.5816, time elapsed(min) 0.02---
2026-09-30 20:50:12,432 - INFO - --- validation at epoch 85, val_loss 9.3079, val_mae 10.1100, val_rmse 13.8706, val_r2 0.7415, val_pearson 0.8670, lr 1.00e-03 ---
2026-09-30 20:50:12,432 - INFO - 
****************************************************************************************************
2026-09-30 20:50:13,815 - INFO - --- training epoch 86, loss 9.9197, mae 10.4062, rmse 14.5385, time elapsed(min) 0.02---
2026-09-30 20:50:14,043 - INFO - --- validation at epoch 86, val_loss 9.1636, val_mae 10.0100, val_rmse 13.6882, val_r2 0.7482, val_pearson 0.8703, lr 1.00e-03 ---
2026-09-30 20:50:14,043 - INFO - 
****************************************************************************************************
2026-09-30 20:50:15,712 - INFO - --- training epoch 87, loss 9.9647, mae 10.4510, rmse 14.6117, time elapsed(min) 0.02---
2026-09-30 20:50:15,987 - INFO - --- validation at epoch 87, val_loss 9.0701, val_mae 9.6646, val_rmse 13.7758, val_r2 0.7450, val_pearson 0.8649, lr 1.00e-03 ---
2026-09-30 20:50:15,988 - INFO - 
****************************************************************************************************
2026-09-30 20:50:17,818 - INFO - --- training epoch 88, loss 9.8949, mae 10.3840, rmse 14.5163, time elapsed(min) 0.02---
2026-09-30 20:50:18,079 - INFO - --- validation at epoch 88, val_loss 9.2319, val_mae 9.8162, val_rmse 13.4665, val_r2 0.7563, val_pearson 0.8699, lr 1.00e-03 ---
2026-09-30 20:50:18,079 - INFO - 
****************************************************************************************************
2026-09-30 20:50:20,166 - INFO - --- training epoch 89, loss 9.7698, mae 10.2561, rmse 14.4196, time elapsed(min) 0.03---
2026-09-30 20:50:20,405 - INFO - --- validation at epoch 89, val_loss 8.7133, val_mae 9.5536, val_rmse 13.1799, val_r2 0.7666, val_pearson 0.8810, lr 1.00e-03 ---
2026-09-30 20:50:20,405 - INFO - 
****************************************************************************************************
2026-09-30 20:50:21,911 - INFO - --- training epoch 90, loss 10.0120, mae 10.4994, rmse 14.7707, time elapsed(min) 0.02---
2026-09-30 20:50:22,129 - INFO - --- validation at epoch 90, val_loss 8.6833, val_mae 9.5887, val_rmse 13.6020, val_r2 0.7514, val_pearson 0.8683, lr 1.00e-03 ---
2026-09-30 20:50:22,129 - INFO - 
****************************************************************************************************
2026-09-30 20:50:23,854 - INFO - --- training epoch 91, loss 9.7372, mae 10.2256, rmse 14.4315, time elapsed(min) 0.02---
2026-09-30 20:50:24,079 - INFO - --- validation at epoch 91, val_loss 8.9801, val_mae 9.8828, val_rmse 13.6833, val_r2 0.7484, val_pearson 0.8706, lr 1.00e-03 ---
2026-09-30 20:50:24,079 - INFO - 
****************************************************************************************************
2026-09-30 20:50:25,805 - INFO - --- training epoch 92, loss 9.8068, mae 10.2958, rmse 14.2908, time elapsed(min) 0.02---
2026-09-30 20:50:26,029 - INFO - --- validation at epoch 92, val_loss 8.5994, val_mae 9.4704, val_rmse 12.9259, val_r2 0.7755, val_pearson 0.8817, lr 1.00e-03 ---
2026-09-30 20:50:26,029 - INFO - 
****************************************************************************************************
2026-09-30 20:50:27,807 - INFO - --- training epoch 93, loss 10.1327, mae 10.6210, rmse 14.7330, time elapsed(min) 0.02---
2026-09-30 20:50:28,091 - INFO - --- validation at epoch 93, val_loss 9.8208, val_mae 10.1734, val_rmse 13.9175, val_r2 0.7397, val_pearson 0.8668, lr 1.00e-03 ---
2026-09-30 20:50:28,091 - INFO - 
****************************************************************************************************
2026-09-30 20:50:30,069 - INFO - --- training epoch 94, loss 9.9160, mae 10.4046, rmse 14.5397, time elapsed(min) 0.03---
2026-09-30 20:50:30,311 - INFO - --- validation at epoch 94, val_loss 9.2161, val_mae 9.6201, val_rmse 13.0978, val_r2 0.7695, val_pearson 0.8780, lr 1.00e-03 ---
2026-09-30 20:50:30,311 - INFO - 
****************************************************************************************************
2026-09-30 20:50:31,734 - INFO - --- training epoch 95, loss 10.1500, mae 10.6380, rmse 14.7946, time elapsed(min) 0.02---
2026-09-30 20:50:31,979 - INFO - --- validation at epoch 95, val_loss 10.8915, val_mae 11.6459, val_rmse 15.7739, val_r2 0.6656, val_pearson 0.8205, lr 1.00e-03 ---
2026-09-30 20:50:31,979 - INFO - 
****************************************************************************************************
2026-09-30 20:50:33,377 - INFO - --- training epoch 96, loss 10.0281, mae 10.5171, rmse 14.7613, time elapsed(min) 0.02---
2026-09-30 20:50:33,601 - INFO - --- validation at epoch 96, val_loss 8.7638, val_mae 9.2031, val_rmse 12.7583, val_r2 0.7813, val_pearson 0.8845, lr 1.00e-03 ---
2026-09-30 20:50:33,602 - INFO - 
****************************************************************************************************
2026-09-30 20:50:35,182 - INFO - --- training epoch 97, loss 10.2202, mae 10.7092, rmse 14.9684, time elapsed(min) 0.02---
2026-09-30 20:50:35,451 - INFO - --- validation at epoch 97, val_loss 9.3218, val_mae 9.8496, val_rmse 13.9722, val_r2 0.7377, val_pearson 0.8615, lr 1.00e-03 ---
2026-09-30 20:50:35,451 - INFO - 
****************************************************************************************************
2026-09-30 20:50:37,392 - INFO - --- training epoch 98, loss 9.7936, mae 10.2787, rmse 14.4121, time elapsed(min) 0.02---
2026-09-30 20:50:37,627 - INFO - --- validation at epoch 98, val_loss 8.9072, val_mae 9.1662, val_rmse 12.8875, val_r2 0.7768, val_pearson 0.8815, lr 1.00e-03 ---
2026-09-30 20:50:37,627 - INFO - 
****************************************************************************************************
2026-09-30 20:50:39,652 - INFO - --- training epoch 99, loss 9.4911, mae 9.9791, rmse 14.1386, time elapsed(min) 0.03---
2026-09-30 20:50:39,901 - INFO - --- validation at epoch 99, val_loss 8.8791, val_mae 9.2974, val_rmse 13.3745, val_r2 0.7596, val_pearson 0.8732, lr 1.00e-03 ---
2026-09-30 20:50:39,901 - INFO - 
****************************************************************************************************
2026-09-30 20:50:41,318 - INFO - --- training epoch 100, loss 9.4470, mae 9.9326, rmse 14.1663, time elapsed(min) 0.02---
2026-09-30 20:50:41,596 - INFO - --- validation at epoch 100, val_loss 9.2357, val_mae 10.0434, val_rmse 13.7839, val_r2 0.7447, val_pearson 0.8720, lr 1.00e-03 ---
2026-09-30 20:50:41,596 - INFO - 
****************************************************************************************************
2026-09-30 20:50:43,001 - INFO - --- training epoch 101, loss 9.6742, mae 10.1621, rmse 14.2942, time elapsed(min) 0.02---
2026-09-30 20:50:43,248 - INFO - --- validation at epoch 101, val_loss 9.5161, val_mae 10.0314, val_rmse 13.6194, val_r2 0.7507, val_pearson 0.8802, lr 1.00e-03 ---
2026-09-30 20:50:43,248 - INFO - 
****************************************************************************************************
2026-09-30 20:50:44,967 - INFO - --- training epoch 102, loss 9.6382, mae 10.1240, rmse 14.1771, time elapsed(min) 0.02---
2026-09-30 20:50:45,203 - INFO - --- validation at epoch 102, val_loss 9.0929, val_mae 9.5747, val_rmse 13.4720, val_r2 0.7561, val_pearson 0.8793, lr 1.00e-03 ---
2026-09-30 20:50:45,203 - INFO - 
****************************************************************************************************
2026-09-30 20:50:46,951 - INFO - --- training epoch 103, loss 9.6386, mae 10.1256, rmse 14.5346, time elapsed(min) 0.02---
2026-09-30 20:50:47,220 - INFO - --- validation at epoch 103, val_loss 9.6342, val_mae 10.0520, val_rmse 13.8785, val_r2 0.7412, val_pearson 0.8687, lr 1.00e-03 ---
2026-09-30 20:50:47,220 - INFO - 
****************************************************************************************************
2026-09-30 20:50:49,069 - INFO - --- training epoch 104, loss 9.4318, mae 9.9176, rmse 14.1886, time elapsed(min) 0.02---
2026-09-30 20:50:49,701 - INFO - --- validation at epoch 104, val_loss 8.5152, val_mae 8.8820, val_rmse 12.8151, val_r2 0.7793, val_pearson 0.8831, lr 3.00e-04 ---
2026-09-30 20:50:49,701 - INFO - 
****************************************************************************************************
2026-09-30 20:50:51,370 - INFO - --- training epoch 105, loss 9.0674, mae 9.5516, rmse 13.9084, time elapsed(min) 0.02---
2026-09-30 20:50:51,600 - INFO - --- validation at epoch 105, val_loss 8.6346, val_mae 8.9472, val_rmse 13.0237, val_r2 0.7721, val_pearson 0.8793, lr 3.00e-04 ---
2026-09-30 20:50:51,600 - INFO - 
****************************************************************************************************
2026-09-30 20:50:53,014 - INFO - --- training epoch 106, loss 8.9813, mae 9.4680, rmse 13.6740, time elapsed(min) 0.02---
2026-09-30 20:50:53,274 - INFO - --- validation at epoch 106, val_loss 8.5907, val_mae 9.0275, val_rmse 12.8523, val_r2 0.7780, val_pearson 0.8823, lr 3.00e-04 ---
2026-09-30 20:50:53,274 - INFO - 
****************************************************************************************************
2026-09-30 20:50:54,988 - INFO - --- training epoch 107, loss 8.9380, mae 9.4246, rmse 13.6322, time elapsed(min) 0.02---
2026-09-30 20:50:55,217 - INFO - --- validation at epoch 107, val_loss 8.4287, val_mae 8.7927, val_rmse 12.9447, val_r2 0.7748, val_pearson 0.8803, lr 3.00e-04 ---
2026-09-30 20:50:55,218 - INFO - 
****************************************************************************************************
2026-09-30 20:50:57,001 - INFO - --- training epoch 108, loss 8.8713, mae 9.3557, rmse 13.5951, time elapsed(min) 0.02---
2026-09-30 20:50:57,263 - INFO - --- validation at epoch 108, val_loss 8.4381, val_mae 8.8265, val_rmse 12.8055, val_r2 0.7796, val_pearson 0.8832, lr 3.00e-04 ---
2026-09-30 20:50:57,263 - INFO - 
****************************************************************************************************
2026-09-30 20:50:59,313 - INFO - --- training epoch 109, loss 8.9887, mae 9.4756, rmse 13.6535, time elapsed(min) 0.03---
2026-09-30 20:50:59,570 - INFO - --- validation at epoch 109, val_loss 8.4253, val_mae 8.9024, val_rmse 12.9588, val_r2 0.7743, val_pearson 0.8801, lr 3.00e-04 ---
2026-09-30 20:50:59,570 - INFO - 
****************************************************************************************************
2026-09-30 20:51:01,009 - INFO - --- training epoch 110, loss 8.9260, mae 9.4138, rmse 13.6840, time elapsed(min) 0.01---
2026-09-30 20:51:01,312 - INFO - --- validation at epoch 110, val_loss 8.5167, val_mae 9.0593, val_rmse 12.9479, val_r2 0.7747, val_pearson 0.8811, lr 3.00e-04 ---
2026-09-30 20:51:01,312 - INFO - 
****************************************************************************************************
2026-09-30 20:51:02,949 - INFO - --- training epoch 111, loss 8.8112, mae 9.2962, rmse 13.5526, time elapsed(min) 0.02---
2026-09-30 20:51:03,199 - INFO - --- validation at epoch 111, val_loss 8.3487, val_mae 8.7612, val_rmse 12.7228, val_r2 0.7825, val_pearson 0.8846, lr 3.00e-04 ---
2026-09-30 20:51:03,200 - INFO - 
****************************************************************************************************
2026-09-30 20:51:05,013 - INFO - --- training epoch 112, loss 8.8994, mae 9.3851, rmse 13.6114, time elapsed(min) 0.02---
2026-09-30 20:51:05,255 - INFO - --- validation at epoch 112, val_loss 8.1790, val_mae 8.6301, val_rmse 12.7351, val_r2 0.7821, val_pearson 0.8845, lr 3.00e-04 ---
2026-09-30 20:51:05,255 - INFO - 
****************************************************************************************************
2026-09-30 20:51:07,236 - INFO - --- training epoch 113, loss 8.7658, mae 9.2522, rmse 13.4498, time elapsed(min) 0.02---
2026-09-30 20:51:07,453 - INFO - --- validation at epoch 113, val_loss 8.4340, val_mae 8.9741, val_rmse 12.9098, val_r2 0.7760, val_pearson 0.8811, lr 3.00e-04 ---
2026-09-30 20:51:07,454 - INFO - 
****************************************************************************************************
2026-09-30 20:51:09,478 - INFO - --- training epoch 114, loss 8.7621, mae 9.2468, rmse 13.4887, time elapsed(min) 0.03---
2026-09-30 20:51:09,709 - INFO - --- validation at epoch 114, val_loss 8.1555, val_mae 8.7125, val_rmse 12.8271, val_r2 0.7789, val_pearson 0.8826, lr 3.00e-04 ---
2026-09-30 20:51:09,709 - INFO - 
****************************************************************************************************
2026-09-30 20:51:11,219 - INFO - --- training epoch 115, loss 8.6895, mae 9.1759, rmse 13.4901, time elapsed(min) 0.02---
2026-09-30 20:51:11,441 - INFO - --- validation at epoch 115, val_loss 8.2316, val_mae 8.5976, val_rmse 12.8125, val_r2 0.7794, val_pearson 0.8831, lr 3.00e-04 ---
2026-09-30 20:51:11,442 - INFO - 
****************************************************************************************************
2026-09-30 20:51:12,831 - INFO - --- training epoch 116, loss 8.7405, mae 9.2272, rmse 13.5123, time elapsed(min) 0.02---
2026-09-30 20:51:13,064 - INFO - --- validation at epoch 116, val_loss 8.2245, val_mae 8.6114, val_rmse 12.6424, val_r2 0.7852, val_pearson 0.8865, lr 3.00e-04 ---
2026-09-30 20:51:13,064 - INFO - 
****************************************************************************************************
2026-09-30 20:51:14,746 - INFO - --- training epoch 117, loss 8.5631, mae 9.0472, rmse 13.3823, time elapsed(min) 0.02---
2026-09-30 20:51:14,993 - INFO - --- validation at epoch 117, val_loss 8.1599, val_mae 8.6494, val_rmse 12.7667, val_r2 0.7810, val_pearson 0.8840, lr 3.00e-04 ---
2026-09-30 20:51:14,993 - INFO - 
****************************************************************************************************
2026-09-30 20:51:16,754 - INFO - --- training epoch 118, loss 8.5698, mae 9.0535, rmse 13.4121, time elapsed(min) 0.02---
2026-09-30 20:51:16,988 - INFO - --- validation at epoch 118, val_loss 8.1050, val_mae 8.8248, val_rmse 12.7188, val_r2 0.7826, val_pearson 0.8863, lr 3.00e-04 ---
2026-09-30 20:51:16,988 - INFO - 
****************************************************************************************************
2026-09-30 20:51:19,066 - INFO - --- training epoch 119, loss 8.8773, mae 9.3640, rmse 13.6924, time elapsed(min) 0.03---
2026-09-30 20:51:19,320 - INFO - --- validation at epoch 119, val_loss 8.8403, val_mae 9.1404, val_rmse 13.2592, val_r2 0.7637, val_pearson 0.8742, lr 3.00e-04 ---
2026-09-30 20:51:19,320 - INFO - 
****************************************************************************************************
2026-09-30 20:51:20,743 - INFO - --- training epoch 120, loss 8.8050, mae 9.2914, rmse 13.4823, time elapsed(min) 0.02---
2026-09-30 20:51:20,987 - INFO - --- validation at epoch 120, val_loss 7.9408, val_mae 8.4906, val_rmse 12.4467, val_r2 0.7918, val_pearson 0.8899, lr 3.00e-04 ---
2026-09-30 20:51:20,987 - INFO - 
****************************************************************************************************
2026-09-30 20:51:22,495 - INFO - --- training epoch 121, loss 8.8981, mae 9.3828, rmse 13.6979, time elapsed(min) 0.02---
2026-09-30 20:51:22,740 - INFO - --- validation at epoch 121, val_loss 8.1455, val_mae 8.7404, val_rmse 12.8854, val_r2 0.7769, val_pearson 0.8830, lr 3.00e-04 ---
2026-09-30 20:51:22,740 - INFO - 
****************************************************************************************************
2026-09-30 20:51:24,526 - INFO - --- training epoch 122, loss 8.6148, mae 9.0997, rmse 13.4357, time elapsed(min) 0.02---
2026-09-30 20:51:24,746 - INFO - --- validation at epoch 122, val_loss 8.1524, val_mae 8.7672, val_rmse 12.8613, val_r2 0.7777, val_pearson 0.8821, lr 3.00e-04 ---
2026-09-30 20:51:24,746 - INFO - 
****************************************************************************************************
2026-09-30 20:51:26,488 - INFO - --- training epoch 123, loss 8.4680, mae 8.9518, rmse 13.3384, time elapsed(min) 0.02---
2026-09-30 20:51:26,734 - INFO - --- validation at epoch 123, val_loss 8.0000, val_mae 8.6192, val_rmse 12.7390, val_r2 0.7819, val_pearson 0.8843, lr 3.00e-04 ---
2026-09-30 20:51:26,734 - INFO - 
****************************************************************************************************
2026-09-30 20:51:28,848 - INFO - --- training epoch 124, loss 8.4904, mae 8.9721, rmse 13.3702, time elapsed(min) 0.03---
2026-09-30 20:51:29,104 - INFO - --- validation at epoch 124, val_loss 8.2951, val_mae 8.8787, val_rmse 13.1418, val_r2 0.7679, val_pearson 0.8780, lr 3.00e-04 ---
2026-09-30 20:51:29,104 - INFO - 
****************************************************************************************************
2026-09-30 20:51:30,519 - INFO - --- training epoch 125, loss 8.6139, mae 9.0991, rmse 13.3878, time elapsed(min) 0.02---
2026-09-30 20:51:30,769 - INFO - --- validation at epoch 125, val_loss 7.9968, val_mae 8.4944, val_rmse 12.5687, val_r2 0.7877, val_pearson 0.8876, lr 3.00e-04 ---
2026-09-30 20:51:30,769 - INFO - 
****************************************************************************************************
2026-09-30 20:51:32,401 - INFO - --- training epoch 126, loss 8.6182, mae 9.1018, rmse 13.3313, time elapsed(min) 0.02---
2026-09-30 20:51:32,644 - INFO - --- validation at epoch 126, val_loss 7.8956, val_mae 8.5733, val_rmse 12.6530, val_r2 0.7849, val_pearson 0.8863, lr 3.00e-04 ---
2026-09-30 20:51:32,644 - INFO - 
****************************************************************************************************
2026-09-30 20:51:34,421 - INFO - --- training epoch 127, loss 8.5697, mae 9.0551, rmse 13.2941, time elapsed(min) 0.02---
2026-09-30 20:51:34,652 - INFO - --- validation at epoch 127, val_loss 8.2061, val_mae 8.7410, val_rmse 12.6374, val_r2 0.7854, val_pearson 0.8864, lr 3.00e-04 ---
2026-09-30 20:51:34,652 - INFO - 
****************************************************************************************************
2026-09-30 20:51:36,406 - INFO - --- training epoch 128, loss 8.4955, mae 8.9817, rmse 13.1805, time elapsed(min) 0.02---
2026-09-30 20:51:36,641 - INFO - --- validation at epoch 128, val_loss 8.0691, val_mae 8.6855, val_rmse 12.7934, val_r2 0.7801, val_pearson 0.8837, lr 3.00e-04 ---
2026-09-30 20:51:36,641 - INFO - 
****************************************************************************************************
2026-09-30 20:51:38,628 - INFO - --- training epoch 129, loss 8.6286, mae 9.1121, rmse 13.2743, time elapsed(min) 0.02---
2026-09-30 20:51:38,876 - INFO - --- validation at epoch 129, val_loss 8.0309, val_mae 8.6969, val_rmse 12.8204, val_r2 0.7791, val_pearson 0.8831, lr 3.00e-04 ---
2026-09-30 20:51:38,876 - INFO - 
****************************************************************************************************
2026-09-30 20:51:40,323 - INFO - --- training epoch 130, loss 8.7359, mae 9.2192, rmse 13.4976, time elapsed(min) 0.02---
2026-09-30 20:51:40,583 - INFO - --- validation at epoch 130, val_loss 7.8706, val_mae 8.5625, val_rmse 12.7804, val_r2 0.7805, val_pearson 0.8842, lr 3.00e-04 ---
2026-09-30 20:51:40,583 - INFO - 
****************************************************************************************************
2026-09-30 20:51:42,075 - INFO - --- training epoch 131, loss 8.5046, mae 8.9867, rmse 13.4273, time elapsed(min) 0.02---
2026-09-30 20:51:42,308 - INFO - --- validation at epoch 131, val_loss 7.8792, val_mae 8.4880, val_rmse 12.4575, val_r2 0.7915, val_pearson 0.8899, lr 3.00e-04 ---
2026-09-30 20:51:42,308 - INFO - 
****************************************************************************************************
2026-09-30 20:51:44,068 - INFO - --- training epoch 132, loss 8.5370, mae 9.0208, rmse 13.2447, time elapsed(min) 0.02---
2026-09-30 20:51:44,301 - INFO - --- validation at epoch 132, val_loss 7.9469, val_mae 8.4892, val_rmse 12.5678, val_r2 0.7877, val_pearson 0.8878, lr 3.00e-04 ---
2026-09-30 20:51:44,301 - INFO - 
****************************************************************************************************
2026-09-30 20:51:46,087 - INFO - --- training epoch 133, loss 8.3625, mae 8.8470, rmse 13.1454, time elapsed(min) 0.02---
2026-09-30 20:51:46,364 - INFO - --- validation at epoch 133, val_loss 7.9584, val_mae 8.5239, val_rmse 12.4940, val_r2 0.7902, val_pearson 0.8890, lr 3.00e-04 ---
2026-09-30 20:51:46,364 - INFO - 
****************************************************************************************************
2026-09-30 20:51:48,429 - INFO - --- training epoch 134, loss 8.4892, mae 8.9721, rmse 13.2839, time elapsed(min) 0.03---
2026-09-30 20:51:48,681 - INFO - --- validation at epoch 134, val_loss 7.8950, val_mae 8.5418, val_rmse 12.5682, val_r2 0.7877, val_pearson 0.8876, lr 3.00e-04 ---
2026-09-30 20:51:48,681 - INFO - 
****************************************************************************************************
2026-09-30 20:51:50,103 - INFO - --- training epoch 135, loss 8.5613, mae 9.0435, rmse 13.2562, time elapsed(min) 0.02---
2026-09-30 20:51:50,313 - INFO - --- validation at epoch 135, val_loss 8.0883, val_mae 8.5800, val_rmse 12.6606, val_r2 0.7846, val_pearson 0.8858, lr 3.00e-04 ---
2026-09-30 20:51:50,313 - INFO - 
****************************************************************************************************
2026-09-30 20:51:51,963 - INFO - --- training epoch 136, loss 8.7073, mae 9.1919, rmse 13.4278, time elapsed(min) 0.02---
2026-09-30 20:51:52,207 - INFO - --- validation at epoch 136, val_loss 8.0122, val_mae 8.6381, val_rmse 12.6414, val_r2 0.7853, val_pearson 0.8864, lr 3.00e-04 ---
2026-09-30 20:51:52,207 - INFO - 
****************************************************************************************************
2026-09-30 20:51:54,012 - INFO - --- training epoch 137, loss 8.5532, mae 9.0400, rmse 13.2911, time elapsed(min) 0.02---
2026-09-30 20:51:54,248 - INFO - --- validation at epoch 137, val_loss 7.7961, val_mae 8.4888, val_rmse 12.4417, val_r2 0.7920, val_pearson 0.8904, lr 3.00e-04 ---
2026-09-30 20:51:54,248 - INFO - 
****************************************************************************************************
2026-09-30 20:51:56,063 - INFO - --- training epoch 138, loss 8.4328, mae 8.9176, rmse 13.0435, time elapsed(min) 0.02---
2026-09-30 20:51:56,308 - INFO - --- validation at epoch 138, val_loss 7.7086, val_mae 8.5001, val_rmse 12.4905, val_r2 0.7903, val_pearson 0.8896, lr 3.00e-04 ---
2026-09-30 20:51:56,308 - INFO - 
****************************************************************************************************
2026-09-30 20:51:58,440 - INFO - --- training epoch 139, loss 8.4393, mae 8.9233, rmse 13.2806, time elapsed(min) 0.03---
2026-09-30 20:51:58,676 - INFO - --- validation at epoch 139, val_loss 7.8537, val_mae 8.4914, val_rmse 12.4176, val_r2 0.7928, val_pearson 0.8910, lr 3.00e-04 ---
2026-09-30 20:51:58,676 - INFO - 
****************************************************************************************************
2026-09-30 20:52:00,102 - INFO - --- training epoch 140, loss 8.4996, mae 8.9853, rmse 13.1930, time elapsed(min) 0.02---
2026-09-30 20:52:00,348 - INFO - --- validation at epoch 140, val_loss 7.7599, val_mae 8.4374, val_rmse 12.7217, val_r2 0.7825, val_pearson 0.8850, lr 3.00e-04 ---
2026-09-30 20:52:00,348 - INFO - 
****************************************************************************************************
2026-09-30 20:52:01,986 - INFO - --- training epoch 141, loss 8.2929, mae 8.7764, rmse 13.1014, time elapsed(min) 0.02---
2026-09-30 20:52:02,272 - INFO - --- validation at epoch 141, val_loss 7.6551, val_mae 8.4387, val_rmse 12.5157, val_r2 0.7895, val_pearson 0.8886, lr 3.00e-04 ---
2026-09-30 20:52:02,272 - INFO - 
****************************************************************************************************
2026-09-30 20:52:04,263 - INFO - --- training epoch 142, loss 8.3556, mae 8.8398, rmse 13.0650, time elapsed(min) 0.02---
2026-09-30 20:52:04,485 - INFO - --- validation at epoch 142, val_loss 7.5489, val_mae 8.2468, val_rmse 12.3351, val_r2 0.7955, val_pearson 0.8920, lr 3.00e-04 ---
2026-09-30 20:52:04,486 - INFO - 
****************************************************************************************************
2026-09-30 20:52:06,542 - INFO - --- training epoch 143, loss 8.2996, mae 8.7807, rmse 13.1966, time elapsed(min) 0.03---
2026-09-30 20:52:06,759 - INFO - --- validation at epoch 143, val_loss 7.5988, val_mae 8.2810, val_rmse 12.5353, val_r2 0.7888, val_pearson 0.8886, lr 3.00e-04 ---
2026-09-30 20:52:06,759 - INFO - 
****************************************************************************************************
2026-09-30 20:52:08,780 - INFO - --- training epoch 144, loss 8.5304, mae 9.0158, rmse 13.2422, time elapsed(min) 0.03---
2026-09-30 20:52:09,037 - INFO - --- validation at epoch 144, val_loss 7.6358, val_mae 8.4957, val_rmse 12.6881, val_r2 0.7837, val_pearson 0.8912, lr 3.00e-04 ---
2026-09-30 20:52:09,037 - INFO - 
****************************************************************************************************
2026-09-30 20:52:10,469 - INFO - --- training epoch 145, loss 8.3450, mae 8.8270, rmse 13.1105, time elapsed(min) 0.02---
2026-09-30 20:52:10,748 - INFO - --- validation at epoch 145, val_loss 7.4580, val_mae 8.2550, val_rmse 12.2566, val_r2 0.7981, val_pearson 0.8943, lr 3.00e-04 ---
2026-09-30 20:52:10,748 - INFO - 
****************************************************************************************************
2026-09-30 20:52:12,425 - INFO - --- training epoch 146, loss 8.4672, mae 8.9522, rmse 13.0576, time elapsed(min) 0.02---
2026-09-30 20:52:12,676 - INFO - --- validation at epoch 146, val_loss 7.8040, val_mae 8.4043, val_rmse 12.3807, val_r2 0.7940, val_pearson 0.8911, lr 3.00e-04 ---
2026-09-30 20:52:12,676 - INFO - 
****************************************************************************************************
2026-09-30 20:52:14,389 - INFO - --- training epoch 147, loss 8.2571, mae 8.7429, rmse 12.9633, time elapsed(min) 0.02---
2026-09-30 20:52:14,628 - INFO - --- validation at epoch 147, val_loss 7.7328, val_mae 8.5144, val_rmse 12.3217, val_r2 0.7960, val_pearson 0.8943, lr 3.00e-04 ---
2026-09-30 20:52:14,628 - INFO - 
****************************************************************************************************
2026-09-30 20:52:16,361 - INFO - --- training epoch 148, loss 8.2535, mae 8.7375, rmse 12.9715, time elapsed(min) 0.02---
2026-09-30 20:52:16,601 - INFO - --- validation at epoch 148, val_loss 7.7800, val_mae 8.4512, val_rmse 12.3624, val_r2 0.7946, val_pearson 0.8921, lr 3.00e-04 ---
2026-09-30 20:52:16,601 - INFO - 
****************************************************************************************************
2026-09-30 20:52:18,267 - INFO - --- training epoch 149, loss 8.1956, mae 8.6790, rmse 12.9107, time elapsed(min) 0.02---
2026-09-30 20:52:18,834 - INFO - --- validation at epoch 149, val_loss 7.5001, val_mae 8.2564, val_rmse 12.3399, val_r2 0.7954, val_pearson 0.8925, lr 3.00e-04 ---
2026-09-30 20:52:18,834 - INFO - 
****************************************************************************************************
2026-09-30 20:52:20,472 - INFO - --- training epoch 150, loss 8.3820, mae 8.8653, rmse 12.9430, time elapsed(min) 0.02---
2026-09-30 20:52:20,696 - INFO - --- validation at epoch 150, val_loss 7.4316, val_mae 8.2713, val_rmse 12.3403, val_r2 0.7954, val_pearson 0.8921, lr 3.00e-04 ---
2026-09-30 20:52:20,696 - INFO - 
****************************************************************************************************
2026-09-30 20:52:22,136 - INFO - --- training epoch 151, loss 8.3696, mae 8.8552, rmse 13.0252, time elapsed(min) 0.01---
2026-09-30 20:52:22,417 - INFO - --- validation at epoch 151, val_loss 7.3764, val_mae 8.2308, val_rmse 12.1637, val_r2 0.8012, val_pearson 0.8951, lr 3.00e-04 ---
2026-09-30 20:52:22,418 - INFO - 
****************************************************************************************************
2026-09-30 20:52:24,201 - INFO - --- training epoch 152, loss 8.3024, mae 8.7868, rmse 13.1472, time elapsed(min) 0.02---
2026-09-30 20:52:24,435 - INFO - --- validation at epoch 152, val_loss 7.7562, val_mae 8.4463, val_rmse 12.4302, val_r2 0.7924, val_pearson 0.8905, lr 3.00e-04 ---
2026-09-30 20:52:24,435 - INFO - 
****************************************************************************************************
2026-09-30 20:52:26,183 - INFO - --- training epoch 153, loss 8.4366, mae 8.9230, rmse 13.1340, time elapsed(min) 0.02---
2026-09-30 20:52:26,422 - INFO - --- validation at epoch 153, val_loss 7.3827, val_mae 8.3862, val_rmse 12.3760, val_r2 0.7942, val_pearson 0.8912, lr 3.00e-04 ---
2026-09-30 20:52:26,423 - INFO - 
****************************************************************************************************
2026-09-30 20:52:28,473 - INFO - --- training epoch 154, loss 8.3002, mae 8.7843, rmse 13.0882, time elapsed(min) 0.03---
2026-09-30 20:52:28,728 - INFO - --- validation at epoch 154, val_loss 7.4237, val_mae 8.0906, val_rmse 12.2198, val_r2 0.7993, val_pearson 0.8941, lr 3.00e-04 ---
2026-09-30 20:52:28,728 - INFO - 
****************************************************************************************************
2026-09-30 20:52:30,151 - INFO - --- training epoch 155, loss 8.2773, mae 8.7608, rmse 12.9630, time elapsed(min) 0.02---
2026-09-30 20:52:30,432 - INFO - --- validation at epoch 155, val_loss 7.4002, val_mae 8.1223, val_rmse 12.0581, val_r2 0.8046, val_pearson 0.8973, lr 3.00e-04 ---
2026-09-30 20:52:30,432 - INFO - 
****************************************************************************************************
2026-09-30 20:52:32,062 - INFO - --- training epoch 156, loss 8.2978, mae 8.7811, rmse 12.9357, time elapsed(min) 0.02---
2026-09-30 20:52:32,302 - INFO - --- validation at epoch 156, val_loss 7.6887, val_mae 8.5735, val_rmse 12.3537, val_r2 0.7949, val_pearson 0.8917, lr 3.00e-04 ---
2026-09-30 20:52:32,302 - INFO - 
****************************************************************************************************
2026-09-30 20:52:34,156 - INFO - --- training epoch 157, loss 8.5420, mae 9.0277, rmse 13.1638, time elapsed(min) 0.02---
2026-09-30 20:52:34,395 - INFO - --- validation at epoch 157, val_loss 7.6383, val_mae 8.4342, val_rmse 12.2718, val_r2 0.7976, val_pearson 0.8931, lr 3.00e-04 ---
2026-09-30 20:52:34,395 - INFO - 
****************************************************************************************************
2026-09-30 20:52:36,110 - INFO - --- training epoch 158, loss 8.2998, mae 8.7850, rmse 12.9434, time elapsed(min) 0.02---
2026-09-30 20:52:36,333 - INFO - --- validation at epoch 158, val_loss 7.2322, val_mae 8.2118, val_rmse 12.2685, val_r2 0.7977, val_pearson 0.8933, lr 3.00e-04 ---
2026-09-30 20:52:36,333 - INFO - 
****************************************************************************************************
2026-09-30 20:52:38,162 - INFO - --- training epoch 159, loss 8.3645, mae 8.8485, rmse 13.1829, time elapsed(min) 0.02---
2026-09-30 20:52:38,762 - INFO - --- validation at epoch 159, val_loss 7.5742, val_mae 8.4432, val_rmse 12.4345, val_r2 0.7922, val_pearson 0.8907, lr 3.00e-04 ---
2026-09-30 20:52:38,762 - INFO - 
****************************************************************************************************
2026-09-30 20:52:40,463 - INFO - --- training epoch 160, loss 8.1682, mae 8.6541, rmse 12.8586, time elapsed(min) 0.02---
2026-09-30 20:52:40,706 - INFO - --- validation at epoch 160, val_loss 7.2716, val_mae 8.1563, val_rmse 12.1805, val_r2 0.8006, val_pearson 0.8948, lr 3.00e-04 ---
2026-09-30 20:52:40,706 - INFO - 
****************************************************************************************************
2026-09-30 20:52:42,102 - INFO - --- training epoch 161, loss 8.3068, mae 8.7899, rmse 13.1592, time elapsed(min) 0.02---
2026-09-30 20:52:42,342 - INFO - --- validation at epoch 161, val_loss 7.8923, val_mae 8.4740, val_rmse 12.7187, val_r2 0.7826, val_pearson 0.8847, lr 3.00e-04 ---
2026-09-30 20:52:42,342 - INFO - 
****************************************************************************************************
2026-09-30 20:52:44,039 - INFO - --- training epoch 162, loss 8.3775, mae 8.8618, rmse 13.1176, time elapsed(min) 0.02---
2026-09-30 20:52:44,304 - INFO - --- validation at epoch 162, val_loss 7.6462, val_mae 8.3355, val_rmse 12.3191, val_r2 0.7961, val_pearson 0.8929, lr 3.00e-04 ---
2026-09-30 20:52:44,304 - INFO - 
****************************************************************************************************
2026-09-30 20:52:46,245 - INFO - --- training epoch 163, loss 8.5056, mae 8.9903, rmse 13.0993, time elapsed(min) 0.02---
2026-09-30 20:52:46,504 - INFO - --- validation at epoch 163, val_loss 7.7163, val_mae 8.3948, val_rmse 12.2888, val_r2 0.7971, val_pearson 0.8928, lr 3.00e-04 ---
2026-09-30 20:52:46,504 - INFO - 
****************************************************************************************************
2026-09-30 20:52:48,281 - INFO - --- training epoch 164, loss 8.4444, mae 8.9296, rmse 13.1635, time elapsed(min) 0.02---
2026-09-30 20:52:48,522 - INFO - --- validation at epoch 164, val_loss 7.4986, val_mae 8.2529, val_rmse 12.1811, val_r2 0.8006, val_pearson 0.8951, lr 3.00e-04 ---
2026-09-30 20:52:48,523 - INFO - 
****************************************************************************************************
2026-09-30 20:52:50,168 - INFO - --- training epoch 165, loss 8.2401, mae 8.7238, rmse 13.1114, time elapsed(min) 0.02---
2026-09-30 20:52:50,427 - INFO - --- validation at epoch 165, val_loss 7.7245, val_mae 8.2547, val_rmse 12.2807, val_r2 0.7973, val_pearson 0.8931, lr 3.00e-04 ---
2026-09-30 20:52:50,428 - INFO - 
****************************************************************************************************
2026-09-30 20:52:51,831 - INFO - --- training epoch 166, loss 8.1844, mae 8.6682, rmse 12.8747, time elapsed(min) 0.02---
2026-09-30 20:52:52,052 - INFO - --- validation at epoch 166, val_loss 7.4871, val_mae 8.2411, val_rmse 12.2009, val_r2 0.8000, val_pearson 0.8945, lr 3.00e-04 ---
2026-09-30 20:52:52,052 - INFO - 
****************************************************************************************************
2026-09-30 20:52:53,902 - INFO - --- training epoch 167, loss 8.0152, mae 8.5009, rmse 12.7330, time elapsed(min) 0.02---
2026-09-30 20:52:54,161 - INFO - --- validation at epoch 167, val_loss 7.3306, val_mae 8.1345, val_rmse 12.0578, val_r2 0.8046, val_pearson 0.8974, lr 3.00e-04 ---
2026-09-30 20:52:54,161 - INFO - 
****************************************************************************************************
2026-09-30 20:52:56,076 - INFO - --- training epoch 168, loss 8.1031, mae 8.5866, rmse 12.8201, time elapsed(min) 0.02---
2026-09-30 20:52:56,323 - INFO - --- validation at epoch 168, val_loss 7.3756, val_mae 8.1469, val_rmse 11.9583, val_r2 0.8078, val_pearson 0.8991, lr 3.00e-04 ---
2026-09-30 20:52:56,323 - INFO - 
****************************************************************************************************
2026-09-30 20:52:58,105 - INFO - --- training epoch 169, loss 8.1802, mae 8.6651, rmse 12.8736, time elapsed(min) 0.02---
2026-09-30 20:52:58,654 - INFO - --- validation at epoch 169, val_loss 7.1705, val_mae 7.9263, val_rmse 11.9516, val_r2 0.8080, val_pearson 0.8990, lr 3.00e-04 ---
2026-09-30 20:52:58,654 - INFO - 
****************************************************************************************************
2026-09-30 20:53:00,435 - INFO - --- training epoch 170, loss 7.9126, mae 8.3978, rmse 12.6508, time elapsed(min) 0.02---
2026-09-30 20:53:00,680 - INFO - --- validation at epoch 170, val_loss 7.0523, val_mae 7.8807, val_rmse 11.9223, val_r2 0.8090, val_pearson 0.9007, lr 3.00e-04 ---
2026-09-30 20:53:00,680 - INFO - 
****************************************************************************************************
2026-09-30 20:53:02,181 - INFO - --- training epoch 171, loss 8.1579, mae 8.6420, rmse 12.8997, time elapsed(min) 0.02---
2026-09-30 20:53:02,419 - INFO - --- validation at epoch 171, val_loss 7.2536, val_mae 8.1540, val_rmse 12.2656, val_r2 0.7978, val_pearson 0.8944, lr 3.00e-04 ---
2026-09-30 20:53:02,420 - INFO - 
****************************************************************************************************
2026-09-30 20:53:04,135 - INFO - --- training epoch 172, loss 7.9845, mae 8.4682, rmse 12.7402, time elapsed(min) 0.02---
2026-09-30 20:53:04,369 - INFO - --- validation at epoch 172, val_loss 7.3886, val_mae 8.1155, val_rmse 12.0077, val_r2 0.8062, val_pearson 0.8980, lr 3.00e-04 ---
2026-09-30 20:53:04,369 - INFO - 
****************************************************************************************************
2026-09-30 20:53:06,150 - INFO - --- training epoch 173, loss 8.1308, mae 8.6127, rmse 12.8922, time elapsed(min) 0.02---
2026-09-30 20:53:06,376 - INFO - --- validation at epoch 173, val_loss 7.5342, val_mae 8.3326, val_rmse 12.2773, val_r2 0.7974, val_pearson 0.8931, lr 3.00e-04 ---
2026-09-30 20:53:06,376 - INFO - 
****************************************************************************************************
2026-09-30 20:53:08,145 - INFO - --- training epoch 174, loss 8.1322, mae 8.6143, rmse 12.8164, time elapsed(min) 0.02---
2026-09-30 20:53:08,393 - INFO - --- validation at epoch 174, val_loss 7.3331, val_mae 7.9643, val_rmse 12.0149, val_r2 0.8060, val_pearson 0.8983, lr 3.00e-04 ---
2026-09-30 20:53:08,393 - INFO - 
****************************************************************************************************
2026-09-30 20:53:10,056 - INFO - --- training epoch 175, loss 8.1836, mae 8.6676, rmse 12.8690, time elapsed(min) 0.02---
2026-09-30 20:53:10,311 - INFO - --- validation at epoch 175, val_loss 7.0708, val_mae 7.9830, val_rmse 12.0226, val_r2 0.8058, val_pearson 0.8985, lr 3.00e-04 ---
2026-09-30 20:53:10,311 - INFO - 
****************************************************************************************************
2026-09-30 20:53:11,708 - INFO - --- training epoch 176, loss 8.0864, mae 8.5727, rmse 12.8395, time elapsed(min) 0.02---
2026-09-30 20:53:11,997 - INFO - --- validation at epoch 176, val_loss 7.4284, val_mae 8.1901, val_rmse 12.0904, val_r2 0.8036, val_pearson 0.8966, lr 3.00e-04 ---
2026-09-30 20:53:11,998 - INFO - 
****************************************************************************************************
2026-09-30 20:53:13,867 - INFO - --- training epoch 177, loss 8.0102, mae 8.4939, rmse 12.5855, time elapsed(min) 0.02---
2026-09-30 20:53:14,103 - INFO - --- validation at epoch 177, val_loss 7.1007, val_mae 8.0741, val_rmse 12.1193, val_r2 0.8026, val_pearson 0.8974, lr 3.00e-04 ---
2026-09-30 20:53:14,103 - INFO - 
****************************************************************************************************
2026-09-30 20:53:16,081 - INFO - --- training epoch 178, loss 7.9039, mae 8.3839, rmse 12.6021, time elapsed(min) 0.02---
2026-09-30 20:53:16,322 - INFO - --- validation at epoch 178, val_loss 7.1265, val_mae 7.9053, val_rmse 11.9674, val_r2 0.8075, val_pearson 0.8989, lr 3.00e-04 ---
2026-09-30 20:53:16,322 - INFO - 
****************************************************************************************************
2026-09-30 20:53:18,081 - INFO - --- training epoch 179, loss 8.0738, mae 8.5572, rmse 12.7061, time elapsed(min) 0.02---
2026-09-30 20:53:18,327 - INFO - --- validation at epoch 179, val_loss 7.6308, val_mae 8.4448, val_rmse 12.1567, val_r2 0.8014, val_pearson 0.8954, lr 3.00e-04 ---
2026-09-30 20:53:18,328 - INFO - 
****************************************************************************************************
2026-09-30 20:53:19,963 - INFO - --- training epoch 180, loss 8.0915, mae 8.5746, rmse 12.8051, time elapsed(min) 0.02---
2026-09-30 20:53:20,240 - INFO - --- validation at epoch 180, val_loss 7.1535, val_mae 7.9946, val_rmse 11.9423, val_r2 0.8083, val_pearson 0.8993, lr 3.00e-04 ---
2026-09-30 20:53:20,240 - INFO - 
****************************************************************************************************
2026-09-30 20:53:21,663 - INFO - --- training epoch 181, loss 8.0726, mae 8.5564, rmse 12.6839, time elapsed(min) 0.02---
2026-09-30 20:53:21,941 - INFO - --- validation at epoch 181, val_loss 8.0227, val_mae 8.5629, val_rmse 12.2460, val_r2 0.7985, val_pearson 0.8996, lr 3.00e-04 ---
2026-09-30 20:53:21,941 - INFO - 
****************************************************************************************************
2026-09-30 20:53:23,667 - INFO - --- training epoch 182, loss 8.1280, mae 8.6094, rmse 12.8242, time elapsed(min) 0.02---
2026-09-30 20:53:23,924 - INFO - --- validation at epoch 182, val_loss 7.1088, val_mae 7.8765, val_rmse 11.8097, val_r2 0.8126, val_pearson 0.9018, lr 9.00e-05 ---
2026-09-30 20:53:23,924 - INFO - 
****************************************************************************************************
2026-09-30 20:53:25,889 - INFO - --- training epoch 183, loss 7.8771, mae 8.3572, rmse 12.7983, time elapsed(min) 0.02---
2026-09-30 20:53:26,129 - INFO - --- validation at epoch 183, val_loss 6.9639, val_mae 7.8002, val_rmse 11.8185, val_r2 0.8123, val_pearson 0.9013, lr 9.00e-05 ---
2026-09-30 20:53:26,129 - INFO - 
****************************************************************************************************
2026-09-30 20:53:27,989 - INFO - --- training epoch 184, loss 7.8181, mae 8.2995, rmse 12.6545, time elapsed(min) 0.02---
2026-09-30 20:53:28,232 - INFO - --- validation at epoch 184, val_loss 7.0058, val_mae 7.8703, val_rmse 11.6913, val_r2 0.8163, val_pearson 0.9038, lr 9.00e-05 ---
2026-09-30 20:53:28,232 - INFO - 
****************************************************************************************************
2026-09-30 20:53:29,852 - INFO - --- training epoch 185, loss 7.7260, mae 8.2083, rmse 12.3963, time elapsed(min) 0.02---
2026-09-30 20:53:30,109 - INFO - --- validation at epoch 185, val_loss 7.0010, val_mae 7.8287, val_rmse 11.6556, val_r2 0.8174, val_pearson 0.9046, lr 9.00e-05 ---
2026-09-30 20:53:30,109 - INFO - 
****************************************************************************************************
2026-09-30 20:53:31,534 - INFO - --- training epoch 186, loss 7.8163, mae 8.2990, rmse 12.4116, time elapsed(min) 0.02---
2026-09-30 20:53:31,771 - INFO - --- validation at epoch 186, val_loss 7.0731, val_mae 7.8421, val_rmse 11.7184, val_r2 0.8155, val_pearson 0.9033, lr 9.00e-05 ---
2026-09-30 20:53:31,771 - INFO - 
****************************************************************************************************
2026-09-30 20:53:33,421 - INFO - --- training epoch 187, loss 7.7946, mae 8.2762, rmse 12.4569, time elapsed(min) 0.02---
2026-09-30 20:53:33,634 - INFO - --- validation at epoch 187, val_loss 6.9445, val_mae 7.7691, val_rmse 11.6376, val_r2 0.8180, val_pearson 0.9049, lr 9.00e-05 ---
2026-09-30 20:53:33,634 - INFO - 
****************************************************************************************************
2026-09-30 20:53:35,418 - INFO - --- training epoch 188, loss 7.8189, mae 8.3009, rmse 12.4231, time elapsed(min) 0.02---
2026-09-30 20:53:35,645 - INFO - --- validation at epoch 188, val_loss 7.0678, val_mae 7.8146, val_rmse 11.7535, val_r2 0.8144, val_pearson 0.9031, lr 9.00e-05 ---
2026-09-30 20:53:35,645 - INFO - 
****************************************************************************************************
2026-09-30 20:53:37,407 - INFO - --- training epoch 189, loss 7.6292, mae 8.1104, rmse 12.3024, time elapsed(min) 0.02---
2026-09-30 20:53:37,649 - INFO - --- validation at epoch 189, val_loss 7.0034, val_mae 7.7671, val_rmse 11.7226, val_r2 0.8153, val_pearson 0.9040, lr 9.00e-05 ---
2026-09-30 20:53:37,649 - INFO - 
****************************************************************************************************
2026-09-30 20:53:39,431 - INFO - --- training epoch 190, loss 7.6352, mae 8.1168, rmse 12.2317, time elapsed(min) 0.02---
2026-09-30 20:53:40,095 - INFO - --- validation at epoch 190, val_loss 7.2207, val_mae 7.8463, val_rmse 11.7611, val_r2 0.8141, val_pearson 0.9037, lr 9.00e-05 ---
2026-09-30 20:53:40,095 - INFO - 
****************************************************************************************************
2026-09-30 20:53:41,749 - INFO - --- training epoch 191, loss 7.7706, mae 8.2514, rmse 12.3743, time elapsed(min) 0.01---
2026-09-30 20:53:41,983 - INFO - --- validation at epoch 191, val_loss 7.0685, val_mae 7.8356, val_rmse 11.7889, val_r2 0.8132, val_pearson 0.9020, lr 9.00e-05 ---
2026-09-30 20:53:41,983 - INFO - 
****************************************************************************************************
2026-09-30 20:53:43,385 - INFO - --- training epoch 192, loss 7.7670, mae 8.2497, rmse 12.4370, time elapsed(min) 0.02---
2026-09-30 20:53:43,667 - INFO - --- validation at epoch 192, val_loss 6.9022, val_mae 7.7250, val_rmse 11.7244, val_r2 0.8153, val_pearson 0.9031, lr 9.00e-05 ---
2026-09-30 20:53:43,668 - INFO - 
****************************************************************************************************
2026-09-30 20:53:45,421 - INFO - --- training epoch 193, loss 7.6679, mae 8.1504, rmse 12.3337, time elapsed(min) 0.02---
2026-09-30 20:53:45,694 - INFO - --- validation at epoch 193, val_loss 6.9965, val_mae 7.8411, val_rmse 11.7635, val_r2 0.8140, val_pearson 0.9026, lr 9.00e-05 ---
2026-09-30 20:53:45,694 - INFO - 
****************************************************************************************************
2026-09-30 20:53:47,420 - INFO - --- training epoch 194, loss 7.6732, mae 8.1538, rmse 12.3573, time elapsed(min) 0.02---
2026-09-30 20:53:47,668 - INFO - --- validation at epoch 194, val_loss 7.2181, val_mae 7.8901, val_rmse 11.8514, val_r2 0.8113, val_pearson 0.9020, lr 9.00e-05 ---
2026-09-30 20:53:47,668 - INFO - 
****************************************************************************************************
2026-09-30 20:53:49,659 - INFO - --- training epoch 195, loss 7.6492, mae 8.1315, rmse 12.3306, time elapsed(min) 0.03---
2026-09-30 20:53:49,910 - INFO - --- validation at epoch 195, val_loss 7.1168, val_mae 7.9735, val_rmse 11.8552, val_r2 0.8111, val_pearson 0.9023, lr 9.00e-05 ---
2026-09-30 20:53:49,910 - INFO - 
****************************************************************************************************
2026-09-30 20:53:51,303 - INFO - --- training epoch 196, loss 7.7218, mae 8.2033, rmse 12.3382, time elapsed(min) 0.02---
2026-09-30 20:53:51,579 - INFO - --- validation at epoch 196, val_loss 7.1847, val_mae 7.8872, val_rmse 11.8302, val_r2 0.8119, val_pearson 0.9024, lr 9.00e-05 ---
2026-09-30 20:53:51,579 - INFO - 
****************************************************************************************************
2026-09-30 20:53:53,234 - INFO - --- training epoch 197, loss 7.6898, mae 8.1703, rmse 12.4467, time elapsed(min) 0.02---
2026-09-30 20:53:53,467 - INFO - --- validation at epoch 197, val_loss 7.1572, val_mae 7.8873, val_rmse 11.8550, val_r2 0.8111, val_pearson 0.9019, lr 9.00e-05 ---
2026-09-30 20:53:53,467 - INFO - 
****************************************************************************************************
2026-09-30 20:53:55,143 - INFO - --- training epoch 198, loss 7.7386, mae 8.2215, rmse 12.4626, time elapsed(min) 0.02---
2026-09-30 20:53:55,415 - INFO - --- validation at epoch 198, val_loss 7.0191, val_mae 7.8433, val_rmse 11.8096, val_r2 0.8126, val_pearson 0.9021, lr 9.00e-05 ---
2026-09-30 20:53:55,415 - INFO - 
****************************************************************************************************
2026-09-30 20:53:57,152 - INFO - --- training epoch 199, loss 7.6260, mae 8.1096, rmse 12.2391, time elapsed(min) 0.02---
2026-09-30 20:53:57,384 - INFO - --- validation at epoch 199, val_loss 7.0687, val_mae 7.8561, val_rmse 11.7123, val_r2 0.8157, val_pearson 0.9042, lr 9.00e-05 ---
2026-09-30 20:53:57,384 - INFO - 
****************************************************************************************************
2026-09-30 20:53:59,407 - INFO - --- training epoch 200, loss 7.6280, mae 8.1085, rmse 12.3091, time elapsed(min) 0.03---
2026-09-30 20:53:59,651 - INFO - --- validation at epoch 200, val_loss 6.9964, val_mae 7.9503, val_rmse 11.7753, val_r2 0.8137, val_pearson 0.9022, lr 9.00e-05 ---
2026-09-30 20:53:59,652 - INFO - 
****************************************************************************************************
2026-09-30 20:54:01,070 - INFO - --- training epoch 201, loss 7.5782, mae 8.0594, rmse 12.2904, time elapsed(min) 0.02---
2026-09-30 20:54:01,316 - INFO - --- validation at epoch 201, val_loss 7.0402, val_mae 7.7962, val_rmse 11.7916, val_r2 0.8132, val_pearson 0.9023, lr 9.00e-05 ---
2026-09-30 20:54:01,316 - INFO - 
****************************************************************************************************
2026-09-30 20:54:02,687 - INFO - --- training epoch 202, loss 7.6222, mae 8.1035, rmse 12.2013, time elapsed(min) 0.01---
2026-09-30 20:54:02,950 - INFO - --- validation at epoch 202, val_loss 6.9573, val_mae 7.7932, val_rmse 11.7246, val_r2 0.8153, val_pearson 0.9043, lr 9.00e-05 ---
2026-09-30 20:54:02,950 - INFO - 
****************************************************************************************************
2026-09-30 20:54:04,912 - INFO - --- training epoch 203, loss 7.7113, mae 8.1948, rmse 12.4333, time elapsed(min) 0.02---
2026-09-30 20:54:05,172 - INFO - --- validation at epoch 203, val_loss 7.0635, val_mae 7.8684, val_rmse 11.8288, val_r2 0.8120, val_pearson 0.9024, lr 9.00e-05 ---
2026-09-30 20:54:05,172 - INFO - 
****************************************************************************************************
2026-09-30 20:54:06,962 - INFO - --- training epoch 204, loss 7.5756, mae 8.0565, rmse 12.2664, time elapsed(min) 0.02---
2026-09-30 20:54:07,231 - INFO - --- validation at epoch 204, val_loss 6.8844, val_mae 7.7515, val_rmse 11.8315, val_r2 0.8119, val_pearson 0.9015, lr 2.70e-05 ---
2026-09-30 20:54:07,231 - INFO - 
****************************************************************************************************
2026-09-30 20:54:09,437 - INFO - --- training epoch 205, loss 7.4735, mae 7.9555, rmse 12.1107, time elapsed(min) 0.03---
2026-09-30 20:54:09,692 - INFO - --- validation at epoch 205, val_loss 6.9065, val_mae 7.7613, val_rmse 11.7979, val_r2 0.8130, val_pearson 0.9024, lr 2.70e-05 ---
2026-09-30 20:54:09,692 - INFO - 
****************************************************************************************************
2026-09-30 20:54:11,082 - INFO - --- training epoch 206, loss 7.5245, mae 8.0068, rmse 12.1849, time elapsed(min) 0.02---
2026-09-30 20:54:11,336 - INFO - --- validation at epoch 206, val_loss 6.8161, val_mae 7.6567, val_rmse 11.6814, val_r2 0.8166, val_pearson 0.9041, lr 2.70e-05 ---
2026-09-30 20:54:11,336 - INFO - 
****************************************************************************************************
2026-09-30 20:54:12,832 - INFO - --- training epoch 207, loss 7.5148, mae 7.9965, rmse 12.1413, time elapsed(min) 0.02---
2026-09-30 20:54:13,101 - INFO - --- validation at epoch 207, val_loss 6.9279, val_mae 7.7816, val_rmse 11.6882, val_r2 0.8164, val_pearson 0.9046, lr 2.70e-05 ---
2026-09-30 20:54:13,102 - INFO - 
****************************************************************************************************
2026-09-30 20:54:14,843 - INFO - --- training epoch 208, loss 7.4678, mae 7.9509, rmse 12.0773, time elapsed(min) 0.02---
2026-09-30 20:54:15,076 - INFO - --- validation at epoch 208, val_loss 6.8740, val_mae 7.7150, val_rmse 11.6572, val_r2 0.8174, val_pearson 0.9047, lr 2.70e-05 ---
2026-09-30 20:54:15,076 - INFO - 
****************************************************************************************************
2026-09-30 20:54:16,841 - INFO - --- training epoch 209, loss 7.5420, mae 8.0257, rmse 12.1865, time elapsed(min) 0.02---
2026-09-30 20:54:17,118 - INFO - --- validation at epoch 209, val_loss 6.9527, val_mae 7.7551, val_rmse 11.6526, val_r2 0.8175, val_pearson 0.9052, lr 2.70e-05 ---
2026-09-30 20:54:17,118 - INFO - 
****************************************************************************************************
2026-09-30 20:54:19,122 - INFO - --- training epoch 210, loss 7.4527, mae 7.9351, rmse 12.1439, time elapsed(min) 0.03---
2026-09-30 20:54:19,373 - INFO - --- validation at epoch 210, val_loss 6.8960, val_mae 7.6709, val_rmse 11.5733, val_r2 0.8200, val_pearson 0.9061, lr 2.70e-05 ---
2026-09-30 20:54:19,373 - INFO - 
****************************************************************************************************
2026-09-30 20:54:20,833 - INFO - --- training epoch 211, loss 7.5723, mae 8.0530, rmse 12.1375, time elapsed(min) 0.02---
2026-09-30 20:54:21,084 - INFO - --- validation at epoch 211, val_loss 6.9097, val_mae 7.6604, val_rmse 11.5938, val_r2 0.8194, val_pearson 0.9057, lr 2.70e-05 ---
2026-09-30 20:54:21,084 - INFO - 
****************************************************************************************************
2026-09-30 20:54:22,794 - INFO - --- training epoch 212, loss 7.4875, mae 7.9682, rmse 12.1087, time elapsed(min) 0.02---
2026-09-30 20:54:23,034 - INFO - --- validation at epoch 212, val_loss 6.9024, val_mae 7.6812, val_rmse 11.5734, val_r2 0.8200, val_pearson 0.9059, lr 2.70e-05 ---
2026-09-30 20:54:23,034 - INFO - 
****************************************************************************************************
2026-09-30 20:54:25,027 - INFO - --- training epoch 213, loss 7.5303, mae 8.0155, rmse 12.1474, time elapsed(min) 0.03---
2026-09-30 20:54:25,260 - INFO - --- validation at epoch 213, val_loss 7.0993, val_mae 7.8287, val_rmse 11.6366, val_r2 0.8180, val_pearson 0.9057, lr 2.70e-05 ---
2026-09-30 20:54:25,260 - INFO - 
****************************************************************************************************
2026-09-30 20:54:27,059 - INFO - --- training epoch 214, loss 7.5380, mae 8.0214, rmse 12.1184, time elapsed(min) 0.02---
2026-09-30 20:54:27,329 - INFO - --- validation at epoch 214, val_loss 7.0984, val_mae 7.8997, val_rmse 11.6999, val_r2 0.8160, val_pearson 0.9038, lr 2.70e-05 ---
2026-09-30 20:54:27,329 - INFO - 
****************************************************************************************************
2026-09-30 20:54:29,020 - INFO - --- training epoch 215, loss 7.5792, mae 8.0611, rmse 12.1583, time elapsed(min) 0.02---
2026-09-30 20:54:29,292 - INFO - --- validation at epoch 215, val_loss 6.9806, val_mae 7.7518, val_rmse 11.5685, val_r2 0.8202, val_pearson 0.9061, lr 2.70e-05 ---
2026-09-30 20:54:29,292 - INFO - 
****************************************************************************************************
2026-09-30 20:54:30,698 - INFO - --- training epoch 216, loss 7.4943, mae 7.9782, rmse 12.0755, time elapsed(min) 0.02---
2026-09-30 20:54:30,976 - INFO - --- validation at epoch 216, val_loss 7.1642, val_mae 7.9187, val_rmse 11.7688, val_r2 0.8139, val_pearson 0.9026, lr 2.70e-05 ---
2026-09-30 20:54:30,976 - INFO - 
****************************************************************************************************
2026-09-30 20:54:32,629 - INFO - --- training epoch 217, loss 7.5984, mae 8.0800, rmse 12.2913, time elapsed(min) 0.02---
2026-09-30 20:54:32,887 - INFO - --- validation at epoch 217, val_loss 7.0241, val_mae 7.8088, val_rmse 11.6512, val_r2 0.8176, val_pearson 0.9049, lr 2.70e-05 ---
2026-09-30 20:54:32,887 - INFO - 
****************************************************************************************************
2026-09-30 20:54:34,606 - INFO - --- training epoch 218, loss 7.4387, mae 7.9220, rmse 12.1449, time elapsed(min) 0.02---
2026-09-30 20:54:34,845 - INFO - --- validation at epoch 218, val_loss 6.9964, val_mae 7.7970, val_rmse 11.6338, val_r2 0.8181, val_pearson 0.9051, lr 8.10e-06 ---
2026-09-30 20:54:34,845 - INFO - 
****************************************************************************************************
2026-09-30 20:54:36,588 - INFO - --- training epoch 219, loss 7.5545, mae 8.0371, rmse 12.2261, time elapsed(min) 0.02---
2026-09-30 20:54:36,826 - INFO - --- validation at epoch 219, val_loss 6.9577, val_mae 7.7759, val_rmse 11.6459, val_r2 0.8177, val_pearson 0.9047, lr 8.10e-06 ---
2026-09-30 20:54:36,826 - INFO - 
****************************************************************************************************
2026-09-30 20:54:38,549 - INFO - --- training epoch 220, loss 7.4549, mae 7.9356, rmse 12.1706, time elapsed(min) 0.02---
2026-09-30 20:54:38,783 - INFO - --- validation at epoch 220, val_loss 6.9979, val_mae 7.7727, val_rmse 11.6455, val_r2 0.8178, val_pearson 0.9050, lr 8.10e-06 ---
2026-09-30 20:54:38,783 - INFO - 
****************************************************************************************************
2026-09-30 20:54:40,192 - INFO - --- training epoch 221, loss 7.4585, mae 7.9399, rmse 12.1613, time elapsed(min) 0.02---
2026-09-30 20:54:40,431 - INFO - --- validation at epoch 221, val_loss 6.9551, val_mae 7.7378, val_rmse 11.6140, val_r2 0.8187, val_pearson 0.9053, lr 8.10e-06 ---
2026-09-30 20:54:40,431 - INFO - 
****************************************************************************************************
2026-09-30 20:54:42,148 - INFO - --- training epoch 222, loss 7.4842, mae 7.9658, rmse 12.1570, time elapsed(min) 0.02---
2026-09-30 20:54:42,386 - INFO - --- validation at epoch 222, val_loss 6.9397, val_mae 7.7283, val_rmse 11.5904, val_r2 0.8195, val_pearson 0.9056, lr 8.10e-06 ---
2026-09-30 20:54:42,387 - INFO - 
****************************************************************************************************
2026-09-30 20:54:44,342 - INFO - --- training epoch 223, loss 7.4377, mae 7.9193, rmse 12.0556, time elapsed(min) 0.02---
2026-09-30 20:54:44,584 - INFO - --- validation at epoch 223, val_loss 6.9663, val_mae 7.7472, val_rmse 11.6159, val_r2 0.8187, val_pearson 0.9052, lr 8.10e-06 ---
2026-09-30 20:54:44,584 - INFO - 
****************************************************************************************************
2026-09-30 20:54:46,610 - INFO - --- training epoch 224, loss 7.5099, mae 7.9898, rmse 12.1053, time elapsed(min) 0.03---
2026-09-30 20:54:46,841 - INFO - --- validation at epoch 224, val_loss 6.9467, val_mae 7.7465, val_rmse 11.6247, val_r2 0.8184, val_pearson 0.9050, lr 8.10e-06 ---
2026-09-30 20:54:46,841 - INFO - 
****************************************************************************************************
2026-09-30 20:54:48,922 - INFO - --- training epoch 225, loss 7.3675, mae 7.8458, rmse 11.9992, time elapsed(min) 0.03---
2026-09-30 20:54:49,170 - INFO - --- validation at epoch 225, val_loss 6.9403, val_mae 7.7374, val_rmse 11.6093, val_r2 0.8189, val_pearson 0.9053, lr 8.10e-06 ---
2026-09-30 20:54:49,170 - INFO - 
****************************************************************************************************
2026-09-30 20:54:50,563 - INFO - --- training epoch 226, loss 7.3798, mae 7.8620, rmse 12.0562, time elapsed(min) 0.01---
2026-09-30 20:54:50,811 - INFO - --- validation at epoch 226, val_loss 6.9691, val_mae 7.7487, val_rmse 11.6109, val_r2 0.8188, val_pearson 0.9054, lr 8.10e-06 ---
2026-09-30 20:54:50,811 - INFO - 
****************************************************************************************************
2026-09-30 20:54:52,190 - INFO - --- training epoch 227, loss 7.3624, mae 7.8434, rmse 12.0275, time elapsed(min) 0.02---
2026-09-30 20:54:52,440 - INFO - --- validation at epoch 227, val_loss 6.9869, val_mae 7.7594, val_rmse 11.6185, val_r2 0.8186, val_pearson 0.9053, lr 8.10e-06 ---
2026-09-30 20:54:52,441 - INFO - 
****************************************************************************************************
2026-09-30 20:54:54,183 - INFO - --- training epoch 228, loss 7.4315, mae 7.9151, rmse 12.0347, time elapsed(min) 0.02---
2026-09-30 20:54:54,432 - INFO - --- validation at epoch 228, val_loss 6.9245, val_mae 7.7262, val_rmse 11.5794, val_r2 0.8198, val_pearson 0.9058, lr 8.10e-06 ---
2026-09-30 20:54:54,432 - INFO - 
****************************************************************************************************
2026-09-30 20:54:56,256 - INFO - --- training epoch 229, loss 7.3835, mae 7.8616, rmse 12.0218, time elapsed(min) 0.02---
2026-09-30 20:54:56,491 - INFO - --- validation at epoch 229, val_loss 6.9229, val_mae 7.7214, val_rmse 11.5766, val_r2 0.8199, val_pearson 0.9059, lr 2.43e-06 ---
2026-09-30 20:54:56,491 - INFO - 
****************************************************************************************************
2026-09-30 20:54:58,139 - INFO - --- training epoch 230, loss 7.4278, mae 7.9081, rmse 11.9891, time elapsed(min) 0.02---
2026-09-30 20:54:58,395 - INFO - --- validation at epoch 230, val_loss 6.9193, val_mae 7.7159, val_rmse 11.5719, val_r2 0.8201, val_pearson 0.9061, lr 2.43e-06 ---
2026-09-30 20:54:58,395 - INFO - 
****************************************************************************************************
2026-09-30 20:54:59,806 - INFO - --- training epoch 231, loss 7.4467, mae 7.9296, rmse 11.9883, time elapsed(min) 0.02---
2026-09-30 20:55:00,043 - INFO - --- validation at epoch 231, val_loss 6.9130, val_mae 7.7078, val_rmse 11.5658, val_r2 0.8202, val_pearson 0.9062, lr 2.43e-06 ---
2026-09-30 20:55:00,043 - INFO - 
****************************************************************************************************
2026-09-30 20:55:01,648 - INFO - --- training epoch 232, loss 7.4741, mae 7.9545, rmse 12.1206, time elapsed(min) 0.02---
2026-09-30 20:55:01,905 - INFO - --- validation at epoch 232, val_loss 6.9015, val_mae 7.6982, val_rmse 11.5528, val_r2 0.8206, val_pearson 0.9064, lr 2.43e-06 ---
2026-09-30 20:55:01,906 - INFO - 
****************************************************************************************************
2026-09-30 20:55:03,647 - INFO - --- training epoch 233, loss 7.4659, mae 7.9486, rmse 12.1279, time elapsed(min) 0.02---
2026-09-30 20:55:03,882 - INFO - --- validation at epoch 233, val_loss 6.9005, val_mae 7.6996, val_rmse 11.5504, val_r2 0.8207, val_pearson 0.9064, lr 2.43e-06 ---
2026-09-30 20:55:03,882 - INFO - 
****************************************************************************************************
2026-09-30 20:55:05,739 - INFO - --- training epoch 234, loss 7.3320, mae 7.8120, rmse 11.9744, time elapsed(min) 0.02---
2026-09-30 20:55:06,042 - INFO - --- validation at epoch 234, val_loss 6.8986, val_mae 7.7037, val_rmse 11.5526, val_r2 0.8206, val_pearson 0.9063, lr 2.43e-06 ---
2026-09-30 20:55:06,042 - INFO - 
****************************************************************************************************
2026-09-30 20:55:07,759 - INFO - --- training epoch 235, loss 7.3759, mae 7.8570, rmse 12.0289, time elapsed(min) 0.02---
2026-09-30 20:55:08,003 - INFO - --- validation at epoch 235, val_loss 6.9083, val_mae 7.7133, val_rmse 11.5585, val_r2 0.8205, val_pearson 0.9062, lr 2.43e-06 ---
2026-09-30 20:55:08,003 - INFO - 
****************************************************************************************************
2026-09-30 20:55:09,414 - INFO - --- training epoch 236, loss 7.4106, mae 7.8911, rmse 12.0329, time elapsed(min) 0.02---
2026-09-30 20:55:09,648 - INFO - --- validation at epoch 236, val_loss 6.9416, val_mae 7.7265, val_rmse 11.5697, val_r2 0.8201, val_pearson 0.9062, lr 2.43e-06 ---
2026-09-30 20:55:09,648 - INFO - 
****************************************************************************************************
2026-09-30 20:55:11,264 - INFO - --- training epoch 237, loss 7.3601, mae 7.8409, rmse 11.9619, time elapsed(min) 0.02---
2026-09-30 20:55:11,497 - INFO - --- validation at epoch 237, val_loss 6.9640, val_mae 7.7426, val_rmse 11.5835, val_r2 0.8197, val_pearson 0.9060, lr 2.43e-06 ---
2026-09-30 20:55:11,497 - INFO - 
****************************************************************************************************
2026-09-30 20:55:13,413 - INFO - --- training epoch 238, loss 7.4739, mae 7.9595, rmse 12.0801, time elapsed(min) 0.02---
2026-09-30 20:55:13,678 - INFO - --- validation at epoch 238, val_loss 6.9710, val_mae 7.7493, val_rmse 11.5922, val_r2 0.8194, val_pearson 0.9058, lr 2.43e-06 ---
2026-09-30 20:55:13,678 - INFO - 
****************************************************************************************************
2026-09-30 20:55:15,434 - INFO - --- training epoch 239, loss 7.5234, mae 8.0071, rmse 12.0279, time elapsed(min) 0.02---
2026-09-30 20:55:15,664 - INFO - --- validation at epoch 239, val_loss 6.9663, val_mae 7.7453, val_rmse 11.5920, val_r2 0.8194, val_pearson 0.9057, lr 2.43e-06 ---
2026-09-30 20:55:15,664 - INFO - 
****************************************************************************************************
2026-09-30 20:55:17,658 - INFO - --- training epoch 240, loss 7.5338, mae 8.0178, rmse 12.1136, time elapsed(min) 0.03---
2026-09-30 20:55:17,915 - INFO - --- validation at epoch 240, val_loss 6.9608, val_mae 7.7399, val_rmse 11.5887, val_r2 0.8195, val_pearson 0.9058, lr 1.00e-06 ---
2026-09-30 20:55:17,915 - INFO - 
****************************************************************************************************
2026-09-30 20:55:19,341 - INFO - --- training epoch 241, loss 7.4848, mae 7.9678, rmse 12.1088, time elapsed(min) 0.02---
2026-09-30 20:55:19,584 - INFO - --- validation at epoch 241, val_loss 6.9657, val_mae 7.7418, val_rmse 11.5916, val_r2 0.8194, val_pearson 0.9057, lr 1.00e-06 ---
2026-09-30 20:55:19,584 - INFO - 
****************************************************************************************************
2026-09-30 20:55:20,971 - INFO - --- training epoch 242, loss 7.4843, mae 7.9647, rmse 12.1413, time elapsed(min) 0.02---
2026-09-30 20:55:21,245 - INFO - --- validation at epoch 242, val_loss 6.9697, val_mae 7.7399, val_rmse 11.5901, val_r2 0.8195, val_pearson 0.9058, lr 1.00e-06 ---
2026-09-30 20:55:21,245 - INFO - 
****************************************************************************************************
2026-09-30 20:55:22,862 - INFO - --- training epoch 243, loss 7.3838, mae 7.8636, rmse 12.0110, time elapsed(min) 0.02---
2026-09-30 20:55:23,130 - INFO - --- validation at epoch 243, val_loss 6.9758, val_mae 7.7425, val_rmse 11.5920, val_r2 0.8194, val_pearson 0.9058, lr 1.00e-06 ---
2026-09-30 20:55:23,130 - INFO - 
****************************************************************************************************
2026-09-30 20:55:24,880 - INFO - --- training epoch 244, loss 7.3825, mae 7.8664, rmse 11.9937, time elapsed(min) 0.02---
2026-09-30 20:55:25,127 - INFO - --- validation at epoch 244, val_loss 6.9777, val_mae 7.7409, val_rmse 11.5890, val_r2 0.8195, val_pearson 0.9059, lr 1.00e-06 ---
2026-09-30 20:55:25,127 - INFO - 
****************************************************************************************************
2026-09-30 20:55:27,135 - INFO - --- training epoch 245, loss 7.3766, mae 7.8582, rmse 11.9683, time elapsed(min) 0.03---
2026-09-30 20:55:27,362 - INFO - --- validation at epoch 245, val_loss 6.9768, val_mae 7.7401, val_rmse 11.5871, val_r2 0.8196, val_pearson 0.9059, lr 1.00e-06 ---
2026-09-30 20:55:27,363 - INFO - 
****************************************************************************************************
2026-09-30 20:55:28,754 - INFO - --- training epoch 246, loss 7.3817, mae 7.8625, rmse 11.9711, time elapsed(min) 0.02---
2026-09-30 20:55:29,014 - INFO - --- validation at epoch 246, val_loss 6.9715, val_mae 7.7340, val_rmse 11.5812, val_r2 0.8198, val_pearson 0.9060, lr 1.00e-06 ---
2026-09-30 20:55:29,014 - INFO - 
****************************************************************************************************
2026-09-30 20:55:30,456 - INFO - --- training epoch 247, loss 7.5264, mae 8.0119, rmse 12.1943, time elapsed(min) 0.02---
2026-09-30 20:55:30,727 - INFO - --- validation at epoch 247, val_loss 6.9697, val_mae 7.7328, val_rmse 11.5792, val_r2 0.8198, val_pearson 0.9060, lr 1.00e-06 ---
2026-09-30 20:55:30,727 - INFO - 
****************************************************************************************************
2026-09-30 20:55:32,424 - INFO - --- training epoch 248, loss 7.4608, mae 7.9395, rmse 12.0919, time elapsed(min) 0.02---
2026-09-30 20:55:32,660 - INFO - --- validation at epoch 248, val_loss 6.9694, val_mae 7.7323, val_rmse 11.5774, val_r2 0.8199, val_pearson 0.9061, lr 1.00e-06 ---
2026-09-30 20:55:32,660 - INFO - 
****************************************************************************************************
2026-09-30 20:55:34,443 - INFO - --- training epoch 249, loss 7.4459, mae 7.9257, rmse 12.0815, time elapsed(min) 0.02---
2026-09-30 20:55:34,704 - INFO - --- validation at epoch 249, val_loss 6.9660, val_mae 7.7290, val_rmse 11.5743, val_r2 0.8200, val_pearson 0.9061, lr 1.00e-06 ---
2026-09-30 20:55:34,705 - INFO - 
****************************************************************************************************
2026-09-30 20:55:36,708 - INFO - --- training epoch 250, loss 7.4770, mae 7.9585, rmse 12.0341, time elapsed(min) 0.03---
2026-09-30 20:55:36,941 - INFO - --- validation at epoch 250, val_loss 6.9573, val_mae 7.7258, val_rmse 11.5707, val_r2 0.8201, val_pearson 0.9061, lr 1.00e-06 ---
2026-09-30 20:55:36,941 - INFO - 
****************************************************************************************************
2026-09-30 20:55:38,404 - INFO - --- training epoch 251, loss 7.4605, mae 7.9435, rmse 12.0950, time elapsed(min) 0.02---
2026-09-30 20:55:38,646 - INFO - --- validation at epoch 251, val_loss 6.9569, val_mae 7.7255, val_rmse 11.5715, val_r2 0.8201, val_pearson 0.9061, lr 1.00e-06 ---
2026-09-30 20:55:38,646 - INFO - 
****************************************************************************************************
2026-09-30 20:55:40,049 - INFO - --- training epoch 252, loss 7.5333, mae 8.0172, rmse 12.1822, time elapsed(min) 0.02---
2026-09-30 20:55:40,321 - INFO - --- validation at epoch 252, val_loss 6.9573, val_mae 7.7274, val_rmse 11.5730, val_r2 0.8200, val_pearson 0.9061, lr 1.00e-06 ---
2026-09-30 20:55:40,321 - INFO - 
****************************************************************************************************
2026-09-30 20:55:42,099 - INFO - --- training epoch 253, loss 7.5003, mae 7.9814, rmse 12.1482, time elapsed(min) 0.02---
2026-09-30 20:55:42,337 - INFO - --- validation at epoch 253, val_loss 6.9593, val_mae 7.7314, val_rmse 11.5763, val_r2 0.8199, val_pearson 0.9061, lr 1.00e-06 ---
2026-09-30 20:55:42,337 - INFO - 
****************************************************************************************************
2026-09-30 20:55:44,124 - INFO - --- training epoch 254, loss 7.3461, mae 7.8251, rmse 11.9592, time elapsed(min) 0.02---
2026-09-30 20:55:44,379 - INFO - --- validation at epoch 254, val_loss 6.9617, val_mae 7.7352, val_rmse 11.5801, val_r2 0.8198, val_pearson 0.9060, lr 1.00e-06 ---
2026-09-30 20:55:44,380 - INFO - 
****************************************************************************************************
2026-09-30 20:55:46,457 - INFO - --- training epoch 255, loss 7.3346, mae 7.8151, rmse 11.9112, time elapsed(min) 0.03---
2026-09-30 20:55:46,697 - INFO - --- validation at epoch 255, val_loss 6.9640, val_mae 7.7369, val_rmse 11.5829, val_r2 0.8197, val_pearson 0.9060, lr 1.00e-06 ---
2026-09-30 20:55:46,697 - INFO - 
****************************************************************************************************
2026-09-30 20:55:48,076 - INFO - --- training epoch 256, loss 7.3348, mae 7.8170, rmse 11.8718, time elapsed(min) 0.01---
2026-09-30 20:55:48,339 - INFO - --- validation at epoch 256, val_loss 6.9607, val_mae 7.7339, val_rmse 11.5802, val_r2 0.8198, val_pearson 0.9060, lr 1.00e-06 ---
2026-09-30 20:55:48,339 - INFO - 
****************************************************************************************************
2026-09-30 20:55:48,823 - INFO - --- early stopping at epoch 256: val_loss did not improve for 50 epochs ---
2026-09-30 20:55:49,107 - INFO - --- selected checkpoint from epoch 206, val_loss 6.8161, val_mae 7.6567, val_rmse 11.6814
2026-09-30 20:55:49,711 - INFO - -- RESULT
2026-09-30 20:55:49,711 - INFO - --- test size: 1187
2026-09-30 20:55:49,711 - INFO - --- MAE: 7.9746 pp, RMSE: 11.9777 pp, R2: 0.8114, Pearson: 0.9019
2026-09-30 20:55:51,498 - INFO - --- Buchwald-Hartwig | fullcv01_split70 | approach_3: test R2 0.8114 MAE 7.9746 RMSE 11.9777 | 504.6s (2.0s/epoch)
2026-09-30 20:55:51,503 - INFO - --- Buchwald-Hartwig | fullcv01_split70 | approach 2 (comb/mlp) (comb/mlp)
