2026-09-30 23:20:47,508 - INFO - device is	cuda:0
2026-09-30 23:20:47,602 - INFO - -- CONFIGURATIONS
2026-09-30 23:20:47,602 - INFO - --- train/valid/test: 2491/277/1187
2026-09-30 23:20:47,602 - INFO - --- max no. reactants_train, valid, test respectively: 6, 6, 6
2026-09-30 23:20:47,602 - INFO - --- max no. products_train, valid, test respectively: 1, 1, 1
2026-09-30 23:20:47,602 - INFO - --- model_path: ../logs/approach2_grid_bh/e400/runs/Buchwald-Hartwig_fullcv07_split70_approach_2/model.pt
2026-09-30 23:20:47,611 - INFO - -- TRAINING
2026-09-30 23:20:48,617 - INFO - --- training epoch 0, loss 26.1754, mae 26.6708, rmse 33.6531, time elapsed(min) 0.02---
2026-09-30 23:20:48,784 - INFO - --- validation at epoch 0, val_loss 24.3150, val_mae 24.4231, val_rmse 30.4611, val_r2 -0.2040, val_pearson -0.3618, lr 1.00e-03 ---
2026-09-30 23:20:48,784 - INFO - 
****************************************************************************************************
2026-09-30 23:20:50,133 - INFO - --- training epoch 1, loss 23.1384, mae 23.6356, rmse 28.8762, time elapsed(min) 0.01---
2026-09-30 23:20:50,298 - INFO - --- validation at epoch 1, val_loss 24.4938, val_mae 24.6487, val_rmse 31.1054, val_r2 -0.2555, val_pearson -0.3788, lr 1.00e-03 ---
2026-09-30 23:20:50,299 - INFO - 
****************************************************************************************************
2026-09-30 23:20:51,519 - INFO - --- training epoch 2, loss 22.9808, mae 23.4786, rmse 28.3746, time elapsed(min) 0.01---
2026-09-30 23:20:51,680 - INFO - --- validation at epoch 2, val_loss 24.1534, val_mae 24.3037, val_rmse 30.3275, val_r2 -0.1935, val_pearson -0.3708, lr 1.00e-03 ---
2026-09-30 23:20:51,680 - INFO - 
****************************************************************************************************
2026-09-30 23:20:52,926 - INFO - --- training epoch 3, loss 22.9066, mae 23.4042, rmse 28.1989, time elapsed(min) 0.01---
2026-09-30 23:20:53,113 - INFO - --- validation at epoch 3, val_loss 23.8910, val_mae 24.0627, val_rmse 29.9733, val_r2 -0.1658, val_pearson 0.2868, lr 1.00e-03 ---
2026-09-30 23:20:53,113 - INFO - 
****************************************************************************************************
2026-09-30 23:20:54,225 - INFO - --- training epoch 4, loss 22.5703, mae 23.0672, rmse 28.1235, time elapsed(min) 0.01---
2026-09-30 23:20:54,403 - INFO - --- validation at epoch 4, val_loss 23.3074, val_mae 23.3651, val_rmse 28.4388, val_r2 -0.0495, val_pearson 0.3649, lr 1.00e-03 ---
2026-09-30 23:20:54,403 - INFO - 
****************************************************************************************************
2026-09-30 23:20:55,544 - INFO - --- training epoch 5, loss 23.3284, mae 23.8246, rmse 28.5823, time elapsed(min) 0.01---
2026-09-30 23:20:55,711 - INFO - --- validation at epoch 5, val_loss 24.0286, val_mae 24.2354, val_rmse 30.3395, val_r2 -0.1945, val_pearson 0.3888, lr 1.00e-03 ---
2026-09-30 23:20:55,711 - INFO - 
****************************************************************************************************
2026-09-30 23:20:56,954 - INFO - --- training epoch 6, loss 22.7541, mae 23.2506, rmse 28.2353, time elapsed(min) 0.01---
2026-09-30 23:20:57,126 - INFO - --- validation at epoch 6, val_loss 23.4256, val_mae 23.5888, val_rmse 29.5429, val_r2 -0.1326, val_pearson 0.2715, lr 1.00e-03 ---
2026-09-30 23:20:57,126 - INFO - 
****************************************************************************************************
2026-09-30 23:20:58,364 - INFO - --- training epoch 7, loss 22.2807, mae 22.7780, rmse 27.5527, time elapsed(min) 0.01---
2026-09-30 23:20:58,534 - INFO - --- validation at epoch 7, val_loss 22.7979, val_mae 23.1280, val_rmse 28.5326, val_r2 -0.0564, val_pearson 0.2512, lr 1.00e-03 ---
2026-09-30 23:20:58,534 - INFO - 
****************************************************************************************************
2026-09-30 23:20:59,933 - INFO - --- training epoch 8, loss 22.1718, mae 22.6698, rmse 26.9747, time elapsed(min) 0.02---
2026-09-30 23:21:00,328 - INFO - --- validation at epoch 8, val_loss 22.1049, val_mae 21.9600, val_rmse 25.8605, val_r2 0.1322, val_pearson 0.3910, lr 1.00e-03 ---
2026-09-30 23:21:00,328 - INFO - 
****************************************************************************************************
2026-09-30 23:21:01,637 - INFO - --- training epoch 9, loss 22.4867, mae 22.9827, rmse 27.6423, time elapsed(min) 0.01---
2026-09-30 23:21:01,801 - INFO - --- validation at epoch 9, val_loss 23.5737, val_mae 23.8756, val_rmse 29.9724, val_r2 -0.1657, val_pearson 0.4425, lr 1.00e-03 ---
2026-09-30 23:21:01,801 - INFO - 
****************************************************************************************************
2026-09-30 23:21:02,877 - INFO - --- training epoch 10, loss 22.3986, mae 22.8959, rmse 27.6926, time elapsed(min) 0.01---
2026-09-30 23:21:03,043 - INFO - --- validation at epoch 10, val_loss 22.0038, val_mae 21.9456, val_rmse 26.6777, val_r2 0.0765, val_pearson 0.3282, lr 1.00e-03 ---
2026-09-30 23:21:03,043 - INFO - 
****************************************************************************************************
2026-09-30 23:21:04,487 - INFO - --- training epoch 11, loss 21.8769, mae 22.3729, rmse 26.8893, time elapsed(min) 0.02---
2026-09-30 23:21:04,677 - INFO - --- validation at epoch 11, val_loss 21.3801, val_mae 22.5878, val_rmse 27.7613, val_r2 -0.0001, val_pearson 0.3096, lr 1.00e-03 ---
2026-09-30 23:21:04,677 - INFO - 
****************************************************************************************************
2026-09-30 23:21:06,017 - INFO - --- training epoch 12, loss 21.5960, mae 22.0929, rmse 26.6392, time elapsed(min) 0.01---
2026-09-30 23:21:06,193 - INFO - --- validation at epoch 12, val_loss 20.8145, val_mae 20.9613, val_rmse 25.7047, val_r2 0.1426, val_pearson 0.4274, lr 1.00e-03 ---
2026-09-30 23:21:06,193 - INFO - 
****************************************************************************************************
2026-09-30 23:21:07,532 - INFO - --- training epoch 13, loss 21.0205, mae 21.5171, rmse 25.8759, time elapsed(min) 0.01---
2026-09-30 23:21:07,880 - INFO - --- validation at epoch 13, val_loss 19.7587, val_mae 19.8825, val_rmse 24.3864, val_r2 0.2283, val_pearson 0.4924, lr 1.00e-03 ---
2026-09-30 23:21:07,880 - INFO - 
****************************************************************************************************
2026-09-30 23:21:09,204 - INFO - --- training epoch 14, loss 20.6776, mae 21.1738, rmse 25.3442, time elapsed(min) 0.01---
2026-09-30 23:21:09,372 - INFO - --- validation at epoch 14, val_loss 21.6295, val_mae 21.7026, val_rmse 26.9810, val_r2 0.0554, val_pearson 0.4202, lr 1.00e-03 ---
2026-09-30 23:21:09,372 - INFO - 
****************************************************************************************************
2026-09-30 23:21:10,442 - INFO - --- training epoch 15, loss 20.9514, mae 21.4457, rmse 25.7641, time elapsed(min) 0.01---
2026-09-30 23:21:10,619 - INFO - --- validation at epoch 15, val_loss 19.8702, val_mae 19.8840, val_rmse 24.5449, val_r2 0.2182, val_pearson 0.5223, lr 1.00e-03 ---
2026-09-30 23:21:10,619 - INFO - 
****************************************************************************************************
2026-09-30 23:21:11,880 - INFO - --- training epoch 16, loss 20.8721, mae 21.3671, rmse 26.0363, time elapsed(min) 0.01---
2026-09-30 23:21:12,047 - INFO - --- validation at epoch 16, val_loss 22.4868, val_mae 22.8693, val_rmse 28.3864, val_r2 -0.0456, val_pearson 0.3904, lr 1.00e-03 ---
2026-09-30 23:21:12,047 - INFO - 
****************************************************************************************************
2026-09-30 23:21:13,318 - INFO - --- training epoch 17, loss 21.5260, mae 22.0230, rmse 26.2759, time elapsed(min) 0.01---
2026-09-30 23:21:13,495 - INFO - --- validation at epoch 17, val_loss 20.2345, val_mae 20.7365, val_rmse 25.0703, val_r2 0.1844, val_pearson 0.4733, lr 1.00e-03 ---
2026-09-30 23:21:13,495 - INFO - 
****************************************************************************************************
2026-09-30 23:21:14,764 - INFO - --- training epoch 18, loss 20.9020, mae 21.3976, rmse 25.8723, time elapsed(min) 0.01---
2026-09-30 23:21:14,933 - INFO - --- validation at epoch 18, val_loss 20.5320, val_mae 20.8632, val_rmse 25.4617, val_r2 0.1587, val_pearson 0.4655, lr 1.00e-03 ---
2026-09-30 23:21:14,933 - INFO - 
****************************************************************************************************
2026-09-30 23:21:16,140 - INFO - --- training epoch 19, loss 20.9281, mae 21.4234, rmse 25.6453, time elapsed(min) 0.01---
2026-09-30 23:21:16,314 - INFO - --- validation at epoch 19, val_loss 20.8730, val_mae 21.2259, val_rmse 26.0820, val_r2 0.1173, val_pearson 0.4806, lr 1.00e-03 ---
2026-09-30 23:21:16,314 - INFO - 
****************************************************************************************************
2026-09-30 23:21:17,365 - INFO - --- training epoch 20, loss 21.1276, mae 21.6234, rmse 25.7095, time elapsed(min) 0.01---
2026-09-30 23:21:17,535 - INFO - --- validation at epoch 20, val_loss 21.6704, val_mae 22.1053, val_rmse 27.5092, val_r2 0.0180, val_pearson 0.4491, lr 1.00e-03 ---
2026-09-30 23:21:17,535 - INFO - 
****************************************************************************************************
2026-09-30 23:21:18,590 - INFO - --- training epoch 21, loss 21.0592, mae 21.5549, rmse 25.9700, time elapsed(min) 0.01---
2026-09-30 23:21:18,762 - INFO - --- validation at epoch 21, val_loss 21.5140, val_mae 21.8483, val_rmse 27.1962, val_r2 0.0402, val_pearson 0.4890, lr 1.00e-03 ---
2026-09-30 23:21:18,762 - INFO - 
****************************************************************************************************
2026-09-30 23:21:20,168 - INFO - --- training epoch 22, loss 20.5975, mae 21.0934, rmse 25.6742, time elapsed(min) 0.02---
2026-09-30 23:21:20,349 - INFO - --- validation at epoch 22, val_loss 19.9391, val_mae 19.7373, val_rmse 24.6628, val_r2 0.2107, val_pearson 0.5132, lr 1.00e-03 ---
2026-09-30 23:21:20,349 - INFO - 
****************************************************************************************************
2026-09-30 23:21:21,603 - INFO - --- training epoch 23, loss 20.9376, mae 21.4325, rmse 26.0189, time elapsed(min) 0.01---
2026-09-30 23:21:21,759 - INFO - --- validation at epoch 23, val_loss 19.4785, val_mae 19.9022, val_rmse 24.5473, val_r2 0.2181, val_pearson 0.5332, lr 1.00e-03 ---
2026-09-30 23:21:21,759 - INFO - 
****************************************************************************************************
2026-09-30 23:21:23,265 - INFO - --- training epoch 24, loss 19.8707, mae 20.3645, rmse 25.0820, time elapsed(min) 0.02---
2026-09-30 23:21:23,424 - INFO - --- validation at epoch 24, val_loss 19.0942, val_mae 19.2979, val_rmse 23.9633, val_r2 0.2548, val_pearson 0.5471, lr 1.00e-03 ---
2026-09-30 23:21:23,425 - INFO - 
****************************************************************************************************
2026-09-30 23:21:24,586 - INFO - --- training epoch 25, loss 19.9434, mae 20.4375, rmse 24.9659, time elapsed(min) 0.01---
2026-09-30 23:21:24,750 - INFO - --- validation at epoch 25, val_loss 19.1797, val_mae 19.5396, val_rmse 24.2520, val_r2 0.2368, val_pearson 0.5360, lr 1.00e-03 ---
2026-09-30 23:21:24,750 - INFO - 
****************************************************************************************************
2026-09-30 23:21:25,807 - INFO - --- training epoch 26, loss 21.3878, mae 21.8841, rmse 26.6363, time elapsed(min) 0.01---
2026-09-30 23:21:25,972 - INFO - --- validation at epoch 26, val_loss 21.7433, val_mae 22.1204, val_rmse 25.9738, val_r2 0.1246, val_pearson 0.4288, lr 1.00e-03 ---
2026-09-30 23:21:25,972 - INFO - 
****************************************************************************************************
2026-09-30 23:21:27,253 - INFO - --- training epoch 27, loss 21.8665, mae 22.3632, rmse 26.8014, time elapsed(min) 0.01---
2026-09-30 23:21:27,415 - INFO - --- validation at epoch 27, val_loss 21.5620, val_mae 21.9435, val_rmse 25.6189, val_r2 0.1483, val_pearson 0.4353, lr 1.00e-03 ---
2026-09-30 23:21:27,415 - INFO - 
****************************************************************************************************
2026-09-30 23:21:28,695 - INFO - --- training epoch 28, loss 21.8276, mae 22.3237, rmse 26.5926, time elapsed(min) 0.01---
2026-09-30 23:21:28,849 - INFO - --- validation at epoch 28, val_loss 21.6519, val_mae 22.4878, val_rmse 28.0168, val_r2 -0.0186, val_pearson 0.4572, lr 1.00e-03 ---
2026-09-30 23:21:28,849 - INFO - 
****************************************************************************************************
2026-09-30 23:21:30,283 - INFO - --- training epoch 29, loss 21.3548, mae 21.8518, rmse 25.9952, time elapsed(min) 0.02---
2026-09-30 23:21:30,457 - INFO - --- validation at epoch 29, val_loss 20.3248, val_mae 20.9457, val_rmse 25.2197, val_r2 0.1747, val_pearson 0.5334, lr 1.00e-03 ---
2026-09-30 23:21:30,457 - INFO - 
****************************************************************************************************
2026-09-30 23:21:31,507 - INFO - --- training epoch 30, loss 20.3930, mae 20.8892, rmse 25.2060, time elapsed(min) 0.01---
2026-09-30 23:21:31,684 - INFO - --- validation at epoch 30, val_loss 19.2129, val_mae 19.6264, val_rmse 23.6883, val_r2 0.2719, val_pearson 0.5656, lr 1.00e-03 ---
2026-09-30 23:21:31,684 - INFO - 
****************************************************************************************************
2026-09-30 23:21:32,903 - INFO - --- training epoch 31, loss 20.1510, mae 20.6477, rmse 25.3042, time elapsed(min) 0.01---
2026-09-30 23:21:33,085 - INFO - --- validation at epoch 31, val_loss 18.9266, val_mae 18.6974, val_rmse 22.6381, val_r2 0.3350, val_pearson 0.5896, lr 1.00e-03 ---
2026-09-30 23:21:33,085 - INFO - 
****************************************************************************************************
2026-09-30 23:21:34,427 - INFO - --- training epoch 32, loss 20.0226, mae 20.5175, rmse 24.9357, time elapsed(min) 0.01---
2026-09-30 23:21:34,608 - INFO - --- validation at epoch 32, val_loss 19.4768, val_mae 19.5344, val_rmse 24.0111, val_r2 0.2519, val_pearson 0.5631, lr 1.00e-03 ---
2026-09-30 23:21:34,608 - INFO - 
****************************************************************************************************
2026-09-30 23:21:35,879 - INFO - --- training epoch 33, loss 19.8793, mae 20.3737, rmse 25.0436, time elapsed(min) 0.01---
2026-09-30 23:21:36,046 - INFO - --- validation at epoch 33, val_loss 18.6182, val_mae 19.3467, val_rmse 24.1780, val_r2 0.2414, val_pearson 0.5734, lr 1.00e-03 ---
2026-09-30 23:21:36,046 - INFO - 
****************************************************************************************************
2026-09-30 23:21:37,333 - INFO - --- training epoch 34, loss 20.0202, mae 20.5154, rmse 25.2332, time elapsed(min) 0.01---
2026-09-30 23:21:37,497 - INFO - --- validation at epoch 34, val_loss 19.1926, val_mae 18.9880, val_rmse 23.9310, val_r2 0.2569, val_pearson 0.5681, lr 1.00e-03 ---
2026-09-30 23:21:37,497 - INFO - 
****************************************************************************************************
2026-09-30 23:21:38,512 - INFO - --- training epoch 35, loss 19.2847, mae 19.7784, rmse 24.5394, time elapsed(min) 0.01---
2026-09-30 23:21:38,686 - INFO - --- validation at epoch 35, val_loss 19.4462, val_mae 19.6785, val_rmse 23.8920, val_r2 0.2593, val_pearson 0.5677, lr 1.00e-03 ---
2026-09-30 23:21:38,686 - INFO - 
****************************************************************************************************
2026-09-30 23:21:39,935 - INFO - --- training epoch 36, loss 19.3987, mae 19.8939, rmse 24.9603, time elapsed(min) 0.01---
2026-09-30 23:21:40,105 - INFO - --- validation at epoch 36, val_loss 17.9162, val_mae 18.1591, val_rmse 22.7343, val_r2 0.3293, val_pearson 0.5811, lr 1.00e-03 ---
2026-09-30 23:21:40,105 - INFO - 
****************************************************************************************************
2026-09-30 23:21:41,445 - INFO - --- training epoch 37, loss 19.3251, mae 19.8199, rmse 24.6213, time elapsed(min) 0.01---
2026-09-30 23:21:41,611 - INFO - --- validation at epoch 37, val_loss 19.3116, val_mae 20.6165, val_rmse 26.5064, val_r2 0.0883, val_pearson 0.5773, lr 1.00e-03 ---
2026-09-30 23:21:41,611 - INFO - 
****************************************************************************************************
2026-09-30 23:21:42,848 - INFO - --- training epoch 38, loss 19.4927, mae 19.9874, rmse 24.6838, time elapsed(min) 0.01---
2026-09-30 23:21:43,022 - INFO - --- validation at epoch 38, val_loss 17.6608, val_mae 18.6094, val_rmse 23.1755, val_r2 0.3030, val_pearson 0.6032, lr 1.00e-03 ---
2026-09-30 23:21:43,022 - INFO - 
****************************************************************************************************
2026-09-30 23:21:44,390 - INFO - --- training epoch 39, loss 18.7240, mae 19.2200, rmse 23.9023, time elapsed(min) 0.02---
2026-09-30 23:21:44,777 - INFO - --- validation at epoch 39, val_loss 18.3497, val_mae 19.7597, val_rmse 25.5203, val_r2 0.1549, val_pearson 0.5374, lr 1.00e-03 ---
2026-09-30 23:21:44,777 - INFO - 
****************************************************************************************************
2026-09-30 23:21:45,995 - INFO - --- training epoch 40, loss 19.2224, mae 19.7170, rmse 24.6959, time elapsed(min) 0.01---
2026-09-30 23:21:46,163 - INFO - --- validation at epoch 40, val_loss 18.6375, val_mae 19.7930, val_rmse 24.3584, val_r2 0.2301, val_pearson 0.5571, lr 1.00e-03 ---
2026-09-30 23:21:46,163 - INFO - 
****************************************************************************************************
2026-09-30 23:21:47,205 - INFO - --- training epoch 41, loss 19.3079, mae 19.8032, rmse 24.6537, time elapsed(min) 0.01---
2026-09-30 23:21:47,369 - INFO - --- validation at epoch 41, val_loss 18.8698, val_mae 18.9086, val_rmse 24.3335, val_r2 0.2316, val_pearson 0.5553, lr 1.00e-03 ---
2026-09-30 23:21:47,369 - INFO - 
****************************************************************************************************
2026-09-30 23:21:48,604 - INFO - --- training epoch 42, loss 18.8130, mae 19.3096, rmse 24.0290, time elapsed(min) 0.01---
2026-09-30 23:21:48,778 - INFO - --- validation at epoch 42, val_loss 19.2597, val_mae 18.8860, val_rmse 23.1516, val_r2 0.3045, val_pearson 0.6311, lr 1.00e-03 ---
2026-09-30 23:21:48,778 - INFO - 
****************************************************************************************************
2026-09-30 23:21:50,154 - INFO - --- training epoch 43, loss 17.8564, mae 18.3524, rmse 23.0339, time elapsed(min) 0.02---
2026-09-30 23:21:50,322 - INFO - --- validation at epoch 43, val_loss 17.3039, val_mae 16.8186, val_rmse 21.8202, val_r2 0.3822, val_pearson 0.6510, lr 1.00e-03 ---
2026-09-30 23:21:50,323 - INFO - 
****************************************************************************************************
2026-09-30 23:21:51,735 - INFO - --- training epoch 44, loss 17.6708, mae 18.1640, rmse 22.9629, time elapsed(min) 0.02---
2026-09-30 23:21:52,116 - INFO - --- validation at epoch 44, val_loss 16.7592, val_mae 17.2756, val_rmse 21.5645, val_r2 0.3966, val_pearson 0.6416, lr 1.00e-03 ---
2026-09-30 23:21:52,117 - INFO - 
****************************************************************************************************
2026-09-30 23:21:53,411 - INFO - --- training epoch 45, loss 18.5974, mae 19.0928, rmse 23.5194, time elapsed(min) 0.01---
2026-09-30 23:21:53,576 - INFO - --- validation at epoch 45, val_loss 19.3260, val_mae 19.5034, val_rmse 23.7048, val_r2 0.2708, val_pearson 0.5962, lr 1.00e-03 ---
2026-09-30 23:21:53,576 - INFO - 
****************************************************************************************************
2026-09-30 23:21:54,636 - INFO - --- training epoch 46, loss 19.2816, mae 19.7760, rmse 24.5506, time elapsed(min) 0.01---
2026-09-30 23:21:54,806 - INFO - --- validation at epoch 46, val_loss 18.6291, val_mae 18.4730, val_rmse 22.5219, val_r2 0.3418, val_pearson 0.6384, lr 1.00e-03 ---
2026-09-30 23:21:54,806 - INFO - 
****************************************************************************************************
2026-09-30 23:21:56,077 - INFO - --- training epoch 47, loss 17.5402, mae 18.0356, rmse 22.5075, time elapsed(min) 0.01---
2026-09-30 23:21:56,250 - INFO - --- validation at epoch 47, val_loss 15.8192, val_mae 16.2435, val_rmse 21.1672, val_r2 0.4186, val_pearson 0.7101, lr 1.00e-03 ---
2026-09-30 23:21:56,250 - INFO - 
****************************************************************************************************
2026-09-30 23:21:57,728 - INFO - --- training epoch 48, loss 16.9640, mae 17.4589, rmse 22.0785, time elapsed(min) 0.02---
2026-09-30 23:21:57,894 - INFO - --- validation at epoch 48, val_loss 16.6292, val_mae 16.4080, val_rmse 21.7935, val_r2 0.3837, val_pearson 0.6374, lr 1.00e-03 ---
2026-09-30 23:21:57,895 - INFO - 
****************************************************************************************************
2026-09-30 23:21:59,193 - INFO - --- training epoch 49, loss 18.0035, mae 18.4990, rmse 23.4494, time elapsed(min) 0.02---
2026-09-30 23:21:59,364 - INFO - --- validation at epoch 49, val_loss 19.1485, val_mae 18.9078, val_rmse 23.1363, val_r2 0.3054, val_pearson 0.5933, lr 1.00e-03 ---
2026-09-30 23:21:59,364 - INFO - 
****************************************************************************************************
2026-09-30 23:22:00,589 - INFO - --- training epoch 50, loss 20.2158, mae 20.7108, rmse 25.4276, time elapsed(min) 0.01---
2026-09-30 23:22:00,753 - INFO - --- validation at epoch 50, val_loss 23.2096, val_mae 23.2403, val_rmse 28.6352, val_r2 -0.0640, val_pearson 0.0779, lr 1.00e-03 ---
2026-09-30 23:22:00,753 - INFO - 
****************************************************************************************************
2026-09-30 23:22:01,813 - INFO - --- training epoch 51, loss 20.6576, mae 21.1525, rmse 25.8339, time elapsed(min) 0.01---
2026-09-30 23:22:01,992 - INFO - --- validation at epoch 51, val_loss 18.1087, val_mae 17.5653, val_rmse 21.6537, val_r2 0.3916, val_pearson 0.6417, lr 1.00e-03 ---
2026-09-30 23:22:01,992 - INFO - 
****************************************************************************************************
2026-09-30 23:22:03,254 - INFO - --- training epoch 52, loss 17.3658, mae 17.8590, rmse 22.4866, time elapsed(min) 0.01---
2026-09-30 23:22:03,425 - INFO - --- validation at epoch 52, val_loss 16.7386, val_mae 16.5923, val_rmse 20.7860, val_r2 0.4393, val_pearson 0.6635, lr 1.00e-03 ---
2026-09-30 23:22:03,425 - INFO - 
****************************************************************************************************
2026-09-30 23:22:04,694 - INFO - --- training epoch 53, loss 16.4265, mae 16.9192, rmse 21.4132, time elapsed(min) 0.01---
2026-09-30 23:22:04,865 - INFO - --- validation at epoch 53, val_loss 15.1853, val_mae 14.9492, val_rmse 19.2449, val_r2 0.5194, val_pearson 0.7279, lr 1.00e-03 ---
2026-09-30 23:22:04,865 - INFO - 
****************************************************************************************************
2026-09-30 23:22:06,222 - INFO - --- training epoch 54, loss 15.5862, mae 16.0799, rmse 20.3995, time elapsed(min) 0.01---
2026-09-30 23:22:06,379 - INFO - --- validation at epoch 54, val_loss 13.4023, val_mae 13.8544, val_rmse 18.0881, val_r2 0.5754, val_pearson 0.7737, lr 1.00e-03 ---
2026-09-30 23:22:06,379 - INFO - 
****************************************************************************************************
2026-09-30 23:22:07,742 - INFO - --- training epoch 55, loss 13.9786, mae 14.4705, rmse 18.6439, time elapsed(min) 0.01---
2026-09-30 23:22:07,906 - INFO - --- validation at epoch 55, val_loss 16.6135, val_mae 16.4297, val_rmse 21.1722, val_r2 0.4183, val_pearson 0.6922, lr 1.00e-03 ---
2026-09-30 23:22:07,906 - INFO - 
****************************************************************************************************
2026-09-30 23:22:08,985 - INFO - --- training epoch 56, loss 14.1260, mae 14.6185, rmse 18.8917, time elapsed(min) 0.01---
2026-09-30 23:22:09,160 - INFO - --- validation at epoch 56, val_loss 11.7214, val_mae 12.7920, val_rmse 16.7465, val_r2 0.6361, val_pearson 0.8008, lr 1.00e-03 ---
2026-09-30 23:22:09,160 - INFO - 
****************************************************************************************************
2026-09-30 23:22:10,505 - INFO - --- training epoch 57, loss 13.5860, mae 14.0762, rmse 18.3604, time elapsed(min) 0.01---
2026-09-30 23:22:10,671 - INFO - --- validation at epoch 57, val_loss 12.4742, val_mae 13.4051, val_rmse 17.5499, val_r2 0.6003, val_pearson 0.7937, lr 1.00e-03 ---
2026-09-30 23:22:10,671 - INFO - 
****************************************************************************************************
2026-09-30 23:22:11,949 - INFO - --- training epoch 58, loss 13.7754, mae 14.2657, rmse 18.5682, time elapsed(min) 0.01---
2026-09-30 23:22:12,119 - INFO - --- validation at epoch 58, val_loss 13.5572, val_mae 13.9146, val_rmse 17.9991, val_r2 0.5796, val_pearson 0.7774, lr 1.00e-03 ---
2026-09-30 23:22:12,119 - INFO - 
****************************************************************************************************
2026-09-30 23:22:13,394 - INFO - --- training epoch 59, loss 13.0172, mae 13.5080, rmse 17.8174, time elapsed(min) 0.01---
2026-09-30 23:22:13,548 - INFO - --- validation at epoch 59, val_loss 11.4694, val_mae 12.1811, val_rmse 16.0805, val_r2 0.6645, val_pearson 0.8162, lr 1.00e-03 ---
2026-09-30 23:22:13,548 - INFO - 
****************************************************************************************************
2026-09-30 23:22:14,905 - INFO - --- training epoch 60, loss 12.6581, mae 13.1485, rmse 17.0348, time elapsed(min) 0.01---
2026-09-30 23:22:15,284 - INFO - --- validation at epoch 60, val_loss 11.5712, val_mae 12.1406, val_rmse 16.4296, val_r2 0.6497, val_pearson 0.8166, lr 1.00e-03 ---
2026-09-30 23:22:15,284 - INFO - 
****************************************************************************************************
2026-09-30 23:22:16,508 - INFO - --- training epoch 61, loss 12.2049, mae 12.6945, rmse 16.8259, time elapsed(min) 0.01---
2026-09-30 23:22:16,680 - INFO - --- validation at epoch 61, val_loss 11.2745, val_mae 12.3914, val_rmse 15.8305, val_r2 0.6748, val_pearson 0.8255, lr 1.00e-03 ---
2026-09-30 23:22:16,680 - INFO - 
****************************************************************************************************
2026-09-30 23:22:18,004 - INFO - --- training epoch 62, loss 11.8761, mae 12.3662, rmse 16.5592, time elapsed(min) 0.01---
2026-09-30 23:22:18,176 - INFO - --- validation at epoch 62, val_loss 12.2613, val_mae 12.9339, val_rmse 17.0240, val_r2 0.6239, val_pearson 0.7933, lr 1.00e-03 ---
2026-09-30 23:22:18,176 - INFO - 
****************************************************************************************************
2026-09-30 23:22:19,553 - INFO - --- training epoch 63, loss 13.3233, mae 13.8131, rmse 18.3996, time elapsed(min) 0.02---
2026-09-30 23:22:19,723 - INFO - --- validation at epoch 63, val_loss 15.3358, val_mae 16.2506, val_rmse 20.5385, val_r2 0.4526, val_pearson 0.7641, lr 1.00e-03 ---
2026-09-30 23:22:19,723 - INFO - 
****************************************************************************************************
2026-09-30 23:22:21,114 - INFO - --- training epoch 64, loss 14.5034, mae 14.9952, rmse 19.8045, time elapsed(min) 0.02---
2026-09-30 23:22:21,288 - INFO - --- validation at epoch 64, val_loss 12.9768, val_mae 13.2606, val_rmse 17.2796, val_r2 0.6125, val_pearson 0.7878, lr 1.00e-03 ---
2026-09-30 23:22:21,289 - INFO - 
****************************************************************************************************
2026-09-30 23:22:22,722 - INFO - --- training epoch 65, loss 12.2191, mae 12.7070, rmse 17.3776, time elapsed(min) 0.02---
2026-09-30 23:22:22,887 - INFO - --- validation at epoch 65, val_loss 10.7502, val_mae 11.5381, val_rmse 15.7832, val_r2 0.6767, val_pearson 0.8315, lr 1.00e-03 ---
2026-09-30 23:22:22,887 - INFO - 
****************************************************************************************************
2026-09-30 23:22:24,048 - INFO - --- training epoch 66, loss 11.7848, mae 12.2737, rmse 16.6671, time elapsed(min) 0.01---
2026-09-30 23:22:24,211 - INFO - --- validation at epoch 66, val_loss 11.3716, val_mae 11.6308, val_rmse 15.5819, val_r2 0.6849, val_pearson 0.8291, lr 1.00e-03 ---
2026-09-30 23:22:24,211 - INFO - 
****************************************************************************************************
2026-09-30 23:22:25,297 - INFO - --- training epoch 67, loss 11.0751, mae 11.5610, rmse 15.7779, time elapsed(min) 0.01---
2026-09-30 23:22:25,463 - INFO - --- validation at epoch 67, val_loss 9.6654, val_mae 10.7763, val_rmse 15.3633, val_r2 0.6937, val_pearson 0.8394, lr 1.00e-03 ---
2026-09-30 23:22:25,463 - INFO - 
****************************************************************************************************
2026-09-30 23:22:26,821 - INFO - --- training epoch 68, loss 10.2289, mae 10.7125, rmse 15.2885, time elapsed(min) 0.01---
2026-09-30 23:22:26,986 - INFO - --- validation at epoch 68, val_loss 11.6285, val_mae 11.8107, val_rmse 16.4732, val_r2 0.6479, val_pearson 0.8383, lr 1.00e-03 ---
2026-09-30 23:22:26,986 - INFO - 
****************************************************************************************************
2026-09-30 23:22:28,281 - INFO - --- training epoch 69, loss 10.7239, mae 11.2107, rmse 15.3546, time elapsed(min) 0.01---
2026-09-30 23:22:28,443 - INFO - --- validation at epoch 69, val_loss 9.8513, val_mae 10.4769, val_rmse 15.0519, val_r2 0.7060, val_pearson 0.8540, lr 1.00e-03 ---
2026-09-30 23:22:28,443 - INFO - 
****************************************************************************************************
2026-09-30 23:22:29,859 - INFO - --- training epoch 70, loss 10.1127, mae 10.5991, rmse 15.0118, time elapsed(min) 0.02---
2026-09-30 23:22:30,024 - INFO - --- validation at epoch 70, val_loss 9.2954, val_mae 10.1269, val_rmse 14.6105, val_r2 0.7230, val_pearson 0.8601, lr 1.00e-03 ---
2026-09-30 23:22:30,024 - INFO - 
****************************************************************************************************
2026-09-30 23:22:31,199 - INFO - --- training epoch 71, loss 9.4887, mae 9.9706, rmse 14.2539, time elapsed(min) 0.01---
2026-09-30 23:22:31,365 - INFO - --- validation at epoch 71, val_loss 9.0134, val_mae 9.8324, val_rmse 14.3816, val_r2 0.7316, val_pearson 0.8599, lr 1.00e-03 ---
2026-09-30 23:22:31,365 - INFO - 
****************************************************************************************************
2026-09-30 23:22:32,682 - INFO - --- training epoch 72, loss 10.0344, mae 10.5183, rmse 14.9518, time elapsed(min) 0.01---
2026-09-30 23:22:32,855 - INFO - --- validation at epoch 72, val_loss 11.1685, val_mae 11.5933, val_rmse 16.5229, val_r2 0.6457, val_pearson 0.8563, lr 1.00e-03 ---
2026-09-30 23:22:32,855 - INFO - 
****************************************************************************************************
2026-09-30 23:22:34,134 - INFO - --- training epoch 73, loss 9.5463, mae 10.0275, rmse 14.4815, time elapsed(min) 0.01---
2026-09-30 23:22:34,310 - INFO - --- validation at epoch 73, val_loss 9.6490, val_mae 10.2939, val_rmse 14.8563, val_r2 0.7136, val_pearson 0.8585, lr 1.00e-03 ---
2026-09-30 23:22:34,310 - INFO - 
****************************************************************************************************
2026-09-30 23:22:35,539 - INFO - --- training epoch 74, loss 9.3183, mae 9.7980, rmse 14.3447, time elapsed(min) 0.01---
2026-09-30 23:22:35,705 - INFO - --- validation at epoch 74, val_loss 9.3522, val_mae 9.9485, val_rmse 14.5592, val_r2 0.7249, val_pearson 0.8559, lr 1.00e-03 ---
2026-09-30 23:22:35,706 - INFO - 
****************************************************************************************************
2026-09-30 23:22:36,919 - INFO - --- training epoch 75, loss 9.3060, mae 9.7864, rmse 14.2048, time elapsed(min) 0.01---
2026-09-30 23:22:37,093 - INFO - --- validation at epoch 75, val_loss 8.0814, val_mae 9.4090, val_rmse 13.7706, val_r2 0.7539, val_pearson 0.8710, lr 1.00e-03 ---
2026-09-30 23:22:37,093 - INFO - 
****************************************************************************************************
2026-09-30 23:22:38,255 - INFO - --- training epoch 76, loss 9.1707, mae 9.6479, rmse 14.2266, time elapsed(min) 0.01---
2026-09-30 23:22:38,412 - INFO - --- validation at epoch 76, val_loss 8.5913, val_mae 9.6028, val_rmse 14.2851, val_r2 0.7352, val_pearson 0.8601, lr 1.00e-03 ---
2026-09-30 23:22:38,412 - INFO - 
****************************************************************************************************
2026-09-30 23:22:39,677 - INFO - --- training epoch 77, loss 9.0207, mae 9.5010, rmse 13.9950, time elapsed(min) 0.01---
2026-09-30 23:22:39,855 - INFO - --- validation at epoch 77, val_loss 9.0684, val_mae 9.7968, val_rmse 14.5459, val_r2 0.7254, val_pearson 0.8574, lr 1.00e-03 ---
2026-09-30 23:22:39,855 - INFO - 
****************************************************************************************************
2026-09-30 23:22:41,260 - INFO - --- training epoch 78, loss 8.8426, mae 9.3241, rmse 13.8944, time elapsed(min) 0.02---
2026-09-30 23:22:41,421 - INFO - --- validation at epoch 78, val_loss 8.4118, val_mae 9.4108, val_rmse 14.0923, val_r2 0.7423, val_pearson 0.8644, lr 1.00e-03 ---
2026-09-30 23:22:41,421 - INFO - 
****************************************************************************************************
2026-09-30 23:22:42,716 - INFO - --- training epoch 79, loss 9.0562, mae 9.5387, rmse 14.0307, time elapsed(min) 0.01---
2026-09-30 23:22:42,888 - INFO - --- validation at epoch 79, val_loss 9.1371, val_mae 9.9327, val_rmse 14.1708, val_r2 0.7394, val_pearson 0.8657, lr 1.00e-03 ---
2026-09-30 23:22:42,889 - INFO - 
****************************************************************************************************
2026-09-30 23:22:44,336 - INFO - --- training epoch 80, loss 9.0227, mae 9.4984, rmse 13.9041, time elapsed(min) 0.02---
2026-09-30 23:22:44,501 - INFO - --- validation at epoch 80, val_loss 7.7008, val_mae 8.7963, val_rmse 13.2779, val_r2 0.7712, val_pearson 0.8833, lr 1.00e-03 ---
2026-09-30 23:22:44,502 - INFO - 
****************************************************************************************************
2026-09-30 23:22:45,656 - INFO - --- training epoch 81, loss 9.2182, mae 9.6976, rmse 14.1386, time elapsed(min) 0.01---
2026-09-30 23:22:45,815 - INFO - --- validation at epoch 81, val_loss 9.7007, val_mae 10.4575, val_rmse 15.0975, val_r2 0.7042, val_pearson 0.8630, lr 1.00e-03 ---
2026-09-30 23:22:45,815 - INFO - 
****************************************************************************************************
2026-09-30 23:22:46,920 - INFO - --- training epoch 82, loss 9.5595, mae 10.0401, rmse 14.7116, time elapsed(min) 0.01---
2026-09-30 23:22:47,096 - INFO - --- validation at epoch 82, val_loss 8.8046, val_mae 9.5409, val_rmse 14.2345, val_r2 0.7371, val_pearson 0.8692, lr 1.00e-03 ---
2026-09-30 23:22:47,097 - INFO - 
****************************************************************************************************
2026-09-30 23:22:48,383 - INFO - --- training epoch 83, loss 9.2328, mae 9.7092, rmse 14.2629, time elapsed(min) 0.01---
2026-09-30 23:22:48,552 - INFO - --- validation at epoch 83, val_loss 9.4184, val_mae 9.9305, val_rmse 14.5869, val_r2 0.7239, val_pearson 0.8686, lr 1.00e-03 ---
2026-09-30 23:22:48,552 - INFO - 
****************************************************************************************************
2026-09-30 23:22:49,828 - INFO - --- training epoch 84, loss 9.0339, mae 9.5137, rmse 13.8824, time elapsed(min) 0.01---
2026-09-30 23:22:49,983 - INFO - --- validation at epoch 84, val_loss 9.1162, val_mae 9.6091, val_rmse 14.6229, val_r2 0.7225, val_pearson 0.8585, lr 1.00e-03 ---
2026-09-30 23:22:49,983 - INFO - 
****************************************************************************************************
2026-09-30 23:22:51,200 - INFO - --- training epoch 85, loss 8.8990, mae 9.3765, rmse 13.9234, time elapsed(min) 0.01---
2026-09-30 23:22:51,377 - INFO - --- validation at epoch 85, val_loss 8.8795, val_mae 9.6392, val_rmse 14.3082, val_r2 0.7343, val_pearson 0.8573, lr 1.00e-03 ---
2026-09-30 23:22:51,377 - INFO - 
****************************************************************************************************
2026-09-30 23:22:52,463 - INFO - --- training epoch 86, loss 9.4503, mae 9.9314, rmse 14.1708, time elapsed(min) 0.01---
2026-09-30 23:22:52,638 - INFO - --- validation at epoch 86, val_loss 9.1925, val_mae 9.4977, val_rmse 14.5376, val_r2 0.7258, val_pearson 0.8570, lr 1.00e-03 ---
2026-09-30 23:22:52,638 - INFO - 
****************************************************************************************************
2026-09-30 23:22:53,875 - INFO - --- training epoch 87, loss 8.8447, mae 9.3194, rmse 13.5170, time elapsed(min) 0.01---
2026-09-30 23:22:54,042 - INFO - --- validation at epoch 87, val_loss 8.5560, val_mae 9.3691, val_rmse 14.0949, val_r2 0.7422, val_pearson 0.8675, lr 1.00e-03 ---
2026-09-30 23:22:54,042 - INFO - 
****************************************************************************************************
2026-09-30 23:22:55,336 - INFO - --- training epoch 88, loss 9.3473, mae 9.8282, rmse 14.3663, time elapsed(min) 0.01---
2026-09-30 23:22:55,509 - INFO - --- validation at epoch 88, val_loss 10.0332, val_mae 10.8747, val_rmse 15.2716, val_r2 0.6974, val_pearson 0.8457, lr 1.00e-03 ---
2026-09-30 23:22:55,509 - INFO - 
****************************************************************************************************
2026-09-30 23:22:56,801 - INFO - --- training epoch 89, loss 10.6294, mae 11.1160, rmse 15.8931, time elapsed(min) 0.01---
2026-09-30 23:22:56,969 - INFO - --- validation at epoch 89, val_loss 10.7558, val_mae 11.2567, val_rmse 16.1960, val_r2 0.6596, val_pearson 0.8385, lr 1.00e-03 ---
2026-09-30 23:22:56,970 - INFO - 
****************************************************************************************************
2026-09-30 23:22:58,415 - INFO - --- training epoch 90, loss 9.3642, mae 9.8411, rmse 14.4171, time elapsed(min) 0.02---
2026-09-30 23:22:58,590 - INFO - --- validation at epoch 90, val_loss 9.7631, val_mae 10.2732, val_rmse 15.0387, val_r2 0.7065, val_pearson 0.8546, lr 1.00e-03 ---
2026-09-30 23:22:58,590 - INFO - 
****************************************************************************************************
2026-09-30 23:22:59,663 - INFO - --- training epoch 91, loss 8.6528, mae 9.1313, rmse 13.3863, time elapsed(min) 0.01---
2026-09-30 23:22:59,831 - INFO - --- validation at epoch 91, val_loss 8.2871, val_mae 8.9154, val_rmse 13.4387, val_r2 0.7656, val_pearson 0.8793, lr 1.00e-03 ---
2026-09-30 23:22:59,831 - INFO - 
****************************************************************************************************
2026-09-30 23:23:00,884 - INFO - --- training epoch 92, loss 8.2970, mae 8.7723, rmse 13.1907, time elapsed(min) 0.01---
2026-09-30 23:23:01,057 - INFO - --- validation at epoch 92, val_loss 8.4761, val_mae 9.2280, val_rmse 14.0900, val_r2 0.7424, val_pearson 0.8706, lr 3.00e-04 ---
2026-09-30 23:23:01,057 - INFO - 
****************************************************************************************************
2026-09-30 23:23:02,433 - INFO - --- training epoch 93, loss 8.1263, mae 8.6001, rmse 12.9775, time elapsed(min) 0.02---
2026-09-30 23:23:02,595 - INFO - --- validation at epoch 93, val_loss 8.4191, val_mae 9.2406, val_rmse 14.2839, val_r2 0.7352, val_pearson 0.8688, lr 3.00e-04 ---
2026-09-30 23:23:02,595 - INFO - 
****************************************************************************************************
2026-09-30 23:23:03,851 - INFO - --- training epoch 94, loss 8.1549, mae 8.6298, rmse 13.1798, time elapsed(min) 0.01---
2026-09-30 23:23:04,029 - INFO - --- validation at epoch 94, val_loss 8.0234, val_mae 8.8656, val_rmse 13.6277, val_r2 0.7590, val_pearson 0.8780, lr 3.00e-04 ---
2026-09-30 23:23:04,029 - INFO - 
****************************************************************************************************
2026-09-30 23:23:05,291 - INFO - --- training epoch 95, loss 7.9873, mae 8.4594, rmse 12.7245, time elapsed(min) 0.01---
2026-09-30 23:23:05,659 - INFO - --- validation at epoch 95, val_loss 7.7450, val_mae 8.7489, val_rmse 13.0004, val_r2 0.7807, val_pearson 0.8905, lr 3.00e-04 ---
2026-09-30 23:23:05,659 - INFO - 
****************************************************************************************************
2026-09-30 23:23:06,871 - INFO - --- training epoch 96, loss 7.9770, mae 8.4501, rmse 12.7281, time elapsed(min) 0.01---
2026-09-30 23:23:07,043 - INFO - --- validation at epoch 96, val_loss 7.7219, val_mae 8.7244, val_rmse 12.7904, val_r2 0.7877, val_pearson 0.8939, lr 3.00e-04 ---
2026-09-30 23:23:07,043 - INFO - 
****************************************************************************************************
2026-09-30 23:23:08,099 - INFO - --- training epoch 97, loss 7.9984, mae 8.4717, rmse 12.7300, time elapsed(min) 0.01---
2026-09-30 23:23:08,269 - INFO - --- validation at epoch 97, val_loss 7.7516, val_mae 8.5759, val_rmse 12.8996, val_r2 0.7841, val_pearson 0.8934, lr 3.00e-04 ---
2026-09-30 23:23:08,269 - INFO - 
****************************************************************************************************
2026-09-30 23:23:09,504 - INFO - --- training epoch 98, loss 7.8294, mae 8.3037, rmse 12.6443, time elapsed(min) 0.01---
2026-09-30 23:23:09,672 - INFO - --- validation at epoch 98, val_loss 7.9931, val_mae 8.6509, val_rmse 13.3732, val_r2 0.7679, val_pearson 0.8826, lr 3.00e-04 ---
2026-09-30 23:23:09,672 - INFO - 
****************************************************************************************************
2026-09-30 23:23:11,052 - INFO - --- training epoch 99, loss 7.7142, mae 8.1877, rmse 12.3522, time elapsed(min) 0.02---
2026-09-30 23:23:11,222 - INFO - --- validation at epoch 99, val_loss 7.1728, val_mae 8.1422, val_rmse 12.6066, val_r2 0.7938, val_pearson 0.8952, lr 3.00e-04 ---
2026-09-30 23:23:11,223 - INFO - 
****************************************************************************************************
2026-09-30 23:23:12,620 - INFO - --- training epoch 100, loss 7.8362, mae 8.3077, rmse 12.4607, time elapsed(min) 0.02---
2026-09-30 23:23:13,006 - INFO - --- validation at epoch 100, val_loss 7.9715, val_mae 8.5047, val_rmse 13.1259, val_r2 0.7764, val_pearson 0.8849, lr 3.00e-04 ---
2026-09-30 23:23:13,006 - INFO - 
****************************************************************************************************
2026-09-30 23:23:14,223 - INFO - --- training epoch 101, loss 7.8749, mae 8.3500, rmse 12.5304, time elapsed(min) 0.01---
2026-09-30 23:23:14,387 - INFO - --- validation at epoch 101, val_loss 7.5157, val_mae 8.3821, val_rmse 12.6766, val_r2 0.7915, val_pearson 0.8921, lr 3.00e-04 ---
2026-09-30 23:23:14,387 - INFO - 
****************************************************************************************************
2026-09-30 23:23:15,447 - INFO - --- training epoch 102, loss 7.6682, mae 8.1371, rmse 12.3217, time elapsed(min) 0.01---
2026-09-30 23:23:15,610 - INFO - --- validation at epoch 102, val_loss 7.8269, val_mae 8.5107, val_rmse 13.2119, val_r2 0.7735, val_pearson 0.8829, lr 3.00e-04 ---
2026-09-30 23:23:15,610 - INFO - 
****************************************************************************************************
2026-09-30 23:23:16,867 - INFO - --- training epoch 103, loss 7.6376, mae 8.1071, rmse 12.3965, time elapsed(min) 0.01---
2026-09-30 23:23:17,045 - INFO - --- validation at epoch 103, val_loss 7.5367, val_mae 8.3415, val_rmse 12.8189, val_r2 0.7868, val_pearson 0.8917, lr 3.00e-04 ---
2026-09-30 23:23:17,045 - INFO - 
****************************************************************************************************
2026-09-30 23:23:18,302 - INFO - --- training epoch 104, loss 7.4837, mae 7.9555, rmse 12.0182, time elapsed(min) 0.01---
2026-09-30 23:23:18,467 - INFO - --- validation at epoch 104, val_loss 7.5497, val_mae 8.2412, val_rmse 12.6727, val_r2 0.7916, val_pearson 0.8946, lr 3.00e-04 ---
2026-09-30 23:23:18,467 - INFO - 
****************************************************************************************************
2026-09-30 23:23:19,728 - INFO - --- training epoch 105, loss 7.5940, mae 8.0654, rmse 12.3518, time elapsed(min) 0.01---
2026-09-30 23:23:19,898 - INFO - --- validation at epoch 105, val_loss 7.5171, val_mae 8.3242, val_rmse 12.7755, val_r2 0.7882, val_pearson 0.8935, lr 3.00e-04 ---
2026-09-30 23:23:19,898 - INFO - 
****************************************************************************************************
2026-09-30 23:23:21,103 - INFO - --- training epoch 106, loss 7.4400, mae 7.9097, rmse 12.0631, time elapsed(min) 0.01---
2026-09-30 23:23:21,271 - INFO - --- validation at epoch 106, val_loss 7.3026, val_mae 8.2042, val_rmse 12.6099, val_r2 0.7937, val_pearson 0.8959, lr 3.00e-04 ---
2026-09-30 23:23:21,271 - INFO - 
****************************************************************************************************
2026-09-30 23:23:22,341 - INFO - --- training epoch 107, loss 7.5524, mae 8.0237, rmse 12.2123, time elapsed(min) 0.01---
2026-09-30 23:23:22,494 - INFO - --- validation at epoch 107, val_loss 7.3748, val_mae 8.0884, val_rmse 12.6483, val_r2 0.7924, val_pearson 0.8939, lr 3.00e-04 ---
2026-09-30 23:23:22,494 - INFO - 
****************************************************************************************************
2026-09-30 23:23:23,552 - INFO - --- training epoch 108, loss 7.5755, mae 8.0479, rmse 12.1807, time elapsed(min) 0.01---
2026-09-30 23:23:23,726 - INFO - --- validation at epoch 108, val_loss 6.9493, val_mae 8.1692, val_rmse 12.6069, val_r2 0.7938, val_pearson 0.8982, lr 3.00e-04 ---
2026-09-30 23:23:23,726 - INFO - 
****************************************************************************************************
2026-09-30 23:23:25,075 - INFO - --- training epoch 109, loss 7.7299, mae 8.2028, rmse 12.4391, time elapsed(min) 0.01---
2026-09-30 23:23:25,240 - INFO - --- validation at epoch 109, val_loss 7.5829, val_mae 8.4663, val_rmse 12.9871, val_r2 0.7811, val_pearson 0.8938, lr 3.00e-04 ---
2026-09-30 23:23:25,240 - INFO - 
****************************************************************************************************
2026-09-30 23:23:26,514 - INFO - --- training epoch 110, loss 7.4304, mae 7.9013, rmse 12.0255, time elapsed(min) 0.01---
2026-09-30 23:23:26,685 - INFO - --- validation at epoch 110, val_loss 7.6680, val_mae 8.1966, val_rmse 12.9303, val_r2 0.7830, val_pearson 0.8891, lr 3.00e-04 ---
2026-09-30 23:23:26,685 - INFO - 
****************************************************************************************************
2026-09-30 23:23:28,005 - INFO - --- training epoch 111, loss 7.4319, mae 7.9006, rmse 12.1077, time elapsed(min) 0.02---
2026-09-30 23:23:28,393 - INFO - --- validation at epoch 111, val_loss 7.4624, val_mae 8.4114, val_rmse 12.8074, val_r2 0.7871, val_pearson 0.8950, lr 3.00e-04 ---
2026-09-30 23:23:28,393 - INFO - 
****************************************************************************************************
2026-09-30 23:23:29,607 - INFO - --- training epoch 112, loss 7.5345, mae 8.0009, rmse 12.3450, time elapsed(min) 0.01---
2026-09-30 23:23:29,774 - INFO - --- validation at epoch 112, val_loss 7.9471, val_mae 8.3693, val_rmse 13.0350, val_r2 0.7795, val_pearson 0.8928, lr 3.00e-04 ---
2026-09-30 23:23:29,774 - INFO - 
****************************************************************************************************
2026-09-30 23:23:30,841 - INFO - --- training epoch 113, loss 7.4769, mae 7.9476, rmse 12.1082, time elapsed(min) 0.01---
2026-09-30 23:23:31,012 - INFO - --- validation at epoch 113, val_loss 7.1824, val_mae 8.0311, val_rmse 12.4834, val_r2 0.7978, val_pearson 0.8970, lr 3.00e-04 ---
2026-09-30 23:23:31,012 - INFO - 
****************************************************************************************************
2026-09-30 23:23:32,283 - INFO - --- training epoch 114, loss 7.5515, mae 8.0224, rmse 12.2251, time elapsed(min) 0.01---
2026-09-30 23:23:32,439 - INFO - --- validation at epoch 114, val_loss 7.0598, val_mae 8.0147, val_rmse 12.3075, val_r2 0.8034, val_pearson 0.8995, lr 3.00e-04 ---
2026-09-30 23:23:32,440 - INFO - 
****************************************************************************************************
2026-09-30 23:23:33,717 - INFO - --- training epoch 115, loss 7.2842, mae 7.7550, rmse 11.7685, time elapsed(min) 0.01---
2026-09-30 23:23:33,886 - INFO - --- validation at epoch 115, val_loss 7.2669, val_mae 7.9458, val_rmse 12.2460, val_r2 0.8054, val_pearson 0.9025, lr 3.00e-04 ---
2026-09-30 23:23:33,886 - INFO - 
****************************************************************************************************
2026-09-30 23:23:35,170 - INFO - --- training epoch 116, loss 7.2336, mae 7.7039, rmse 11.8631, time elapsed(min) 0.01---
2026-09-30 23:23:35,550 - INFO - --- validation at epoch 116, val_loss 7.1925, val_mae 7.9524, val_rmse 12.1604, val_r2 0.8081, val_pearson 0.9036, lr 3.00e-04 ---
2026-09-30 23:23:35,550 - INFO - 
****************************************************************************************************
2026-09-30 23:23:36,767 - INFO - --- training epoch 117, loss 7.5480, mae 8.0203, rmse 12.2927, time elapsed(min) 0.01---
2026-09-30 23:23:36,947 - INFO - --- validation at epoch 117, val_loss 6.6941, val_mae 7.6432, val_rmse 12.1862, val_r2 0.8073, val_pearson 0.9046, lr 3.00e-04 ---
2026-09-30 23:23:36,947 - INFO - 
****************************************************************************************************
2026-09-30 23:23:38,091 - INFO - --- training epoch 118, loss 7.3668, mae 7.8364, rmse 11.9022, time elapsed(min) 0.01---
2026-09-30 23:23:38,257 - INFO - --- validation at epoch 118, val_loss 6.8670, val_mae 7.8066, val_rmse 12.3648, val_r2 0.8016, val_pearson 0.9022, lr 3.00e-04 ---
2026-09-30 23:23:38,257 - INFO - 
****************************************************************************************************
2026-09-30 23:23:39,544 - INFO - --- training epoch 119, loss 7.3840, mae 7.8510, rmse 12.2598, time elapsed(min) 0.01---
2026-09-30 23:23:39,711 - INFO - --- validation at epoch 119, val_loss 7.1137, val_mae 7.8556, val_rmse 12.4892, val_r2 0.7976, val_pearson 0.9003, lr 3.00e-04 ---
2026-09-30 23:23:39,711 - INFO - 
****************************************************************************************************
2026-09-30 23:23:40,978 - INFO - --- training epoch 120, loss 7.2970, mae 7.7699, rmse 11.8895, time elapsed(min) 0.01---
2026-09-30 23:23:41,142 - INFO - --- validation at epoch 120, val_loss 7.4896, val_mae 8.2474, val_rmse 12.6605, val_r2 0.7920, val_pearson 0.8967, lr 3.00e-04 ---
2026-09-30 23:23:41,142 - INFO - 
****************************************************************************************************
2026-09-30 23:23:42,450 - INFO - --- training epoch 121, loss 7.2638, mae 7.7333, rmse 11.7952, time elapsed(min) 0.02---
2026-09-30 23:23:42,618 - INFO - --- validation at epoch 121, val_loss 6.9949, val_mae 7.8732, val_rmse 12.3305, val_r2 0.8027, val_pearson 0.9007, lr 3.00e-04 ---
2026-09-30 23:23:42,618 - INFO - 
****************************************************************************************************
2026-09-30 23:23:43,842 - INFO - --- training epoch 122, loss 7.4067, mae 7.8733, rmse 12.1392, time elapsed(min) 0.01---
2026-09-30 23:23:44,009 - INFO - --- validation at epoch 122, val_loss 7.0370, val_mae 7.7421, val_rmse 12.3351, val_r2 0.8026, val_pearson 0.9002, lr 3.00e-04 ---
2026-09-30 23:23:44,009 - INFO - 
****************************************************************************************************
2026-09-30 23:23:45,087 - INFO - --- training epoch 123, loss 7.3449, mae 7.8128, rmse 12.0374, time elapsed(min) 0.01---
2026-09-30 23:23:45,257 - INFO - --- validation at epoch 123, val_loss 6.9528, val_mae 7.7672, val_rmse 12.2402, val_r2 0.8056, val_pearson 0.9036, lr 3.00e-04 ---
2026-09-30 23:23:45,257 - INFO - 
****************************************************************************************************
2026-09-30 23:23:46,481 - INFO - --- training epoch 124, loss 7.2224, mae 7.6933, rmse 11.7806, time elapsed(min) 0.01---
2026-09-30 23:23:46,645 - INFO - --- validation at epoch 124, val_loss 6.5798, val_mae 7.5852, val_rmse 12.1952, val_r2 0.8070, val_pearson 0.9032, lr 3.00e-04 ---
2026-09-30 23:23:46,645 - INFO - 
****************************************************************************************************
2026-09-30 23:23:48,006 - INFO - --- training epoch 125, loss 7.2295, mae 7.6980, rmse 11.8187, time elapsed(min) 0.01---
2026-09-30 23:23:48,179 - INFO - --- validation at epoch 125, val_loss 7.0516, val_mae 7.7529, val_rmse 12.2663, val_r2 0.8048, val_pearson 0.9020, lr 3.00e-04 ---
2026-09-30 23:23:48,179 - INFO - 
****************************************************************************************************
2026-09-30 23:23:49,469 - INFO - --- training epoch 126, loss 7.1435, mae 7.6121, rmse 11.8591, time elapsed(min) 0.01---
2026-09-30 23:23:49,649 - INFO - --- validation at epoch 126, val_loss 7.4311, val_mae 8.0203, val_rmse 12.4310, val_r2 0.7995, val_pearson 0.8980, lr 3.00e-04 ---
2026-09-30 23:23:49,649 - INFO - 
****************************************************************************************************
2026-09-30 23:23:51,091 - INFO - --- training epoch 127, loss 7.1164, mae 7.5847, rmse 11.8237, time elapsed(min) 0.02---
2026-09-30 23:23:51,255 - INFO - --- validation at epoch 127, val_loss 6.7318, val_mae 7.5188, val_rmse 11.9994, val_r2 0.8132, val_pearson 0.9061, lr 3.00e-04 ---
2026-09-30 23:23:51,255 - INFO - 
****************************************************************************************************
2026-09-30 23:23:52,318 - INFO - --- training epoch 128, loss 7.0829, mae 7.5498, rmse 11.6150, time elapsed(min) 0.01---
2026-09-30 23:23:52,490 - INFO - --- validation at epoch 128, val_loss 6.7213, val_mae 7.6589, val_rmse 12.1899, val_r2 0.8072, val_pearson 0.9035, lr 3.00e-04 ---
2026-09-30 23:23:52,490 - INFO - 
****************************************************************************************************
2026-09-30 23:23:53,696 - INFO - --- training epoch 129, loss 7.0865, mae 7.5542, rmse 11.7239, time elapsed(min) 0.01---
2026-09-30 23:23:53,856 - INFO - --- validation at epoch 129, val_loss 6.8042, val_mae 7.5829, val_rmse 12.0389, val_r2 0.8119, val_pearson 0.9056, lr 3.00e-04 ---
2026-09-30 23:23:53,856 - INFO - 
****************************************************************************************************
2026-09-30 23:23:55,141 - INFO - --- training epoch 130, loss 7.2207, mae 7.6883, rmse 11.8424, time elapsed(min) 0.01---
2026-09-30 23:23:55,324 - INFO - --- validation at epoch 130, val_loss 7.1501, val_mae 7.8862, val_rmse 12.2732, val_r2 0.8045, val_pearson 0.9074, lr 3.00e-04 ---
2026-09-30 23:23:55,324 - INFO - 
****************************************************************************************************
2026-09-30 23:23:56,725 - INFO - --- training epoch 131, loss 7.3099, mae 7.7808, rmse 11.9502, time elapsed(min) 0.02---
2026-09-30 23:23:56,906 - INFO - --- validation at epoch 131, val_loss 6.6372, val_mae 7.5704, val_rmse 12.0564, val_r2 0.8114, val_pearson 0.9070, lr 3.00e-04 ---
2026-09-30 23:23:56,906 - INFO - 
****************************************************************************************************
2026-09-30 23:23:58,370 - INFO - --- training epoch 132, loss 6.9944, mae 7.4626, rmse 11.4948, time elapsed(min) 0.02---
2026-09-30 23:23:58,542 - INFO - --- validation at epoch 132, val_loss 6.2620, val_mae 7.4252, val_rmse 11.7345, val_r2 0.8213, val_pearson 0.9106, lr 3.00e-04 ---
2026-09-30 23:23:58,542 - INFO - 
****************************************************************************************************
2026-09-30 23:23:59,734 - INFO - --- training epoch 133, loss 7.0851, mae 7.5513, rmse 11.6740, time elapsed(min) 0.01---
2026-09-30 23:23:59,898 - INFO - --- validation at epoch 133, val_loss 6.3645, val_mae 7.4142, val_rmse 11.8341, val_r2 0.8183, val_pearson 0.9085, lr 3.00e-04 ---
2026-09-30 23:23:59,898 - INFO - 
****************************************************************************************************
2026-09-30 23:24:00,962 - INFO - --- training epoch 134, loss 6.9965, mae 7.4658, rmse 11.4531, time elapsed(min) 0.01---
2026-09-30 23:24:01,130 - INFO - --- validation at epoch 134, val_loss 6.5399, val_mae 7.4510, val_rmse 11.9207, val_r2 0.8156, val_pearson 0.9093, lr 3.00e-04 ---
2026-09-30 23:24:01,130 - INFO - 
****************************************************************************************************
2026-09-30 23:24:02,415 - INFO - --- training epoch 135, loss 7.0581, mae 7.5278, rmse 11.6117, time elapsed(min) 0.01---
2026-09-30 23:24:02,582 - INFO - --- validation at epoch 135, val_loss 6.8099, val_mae 7.6163, val_rmse 11.9160, val_r2 0.8157, val_pearson 0.9111, lr 3.00e-04 ---
2026-09-30 23:24:02,582 - INFO - 
****************************************************************************************************
2026-09-30 23:24:03,853 - INFO - --- training epoch 136, loss 7.1868, mae 7.6528, rmse 11.7056, time elapsed(min) 0.01---
2026-09-30 23:24:04,029 - INFO - --- validation at epoch 136, val_loss 6.5955, val_mae 7.4858, val_rmse 11.8732, val_r2 0.8171, val_pearson 0.9093, lr 3.00e-04 ---
2026-09-30 23:24:04,029 - INFO - 
****************************************************************************************************
2026-09-30 23:24:05,256 - INFO - --- training epoch 137, loss 7.1284, mae 7.5952, rmse 11.6499, time elapsed(min) 0.01---
2026-09-30 23:24:05,420 - INFO - --- validation at epoch 137, val_loss 6.3766, val_mae 7.5523, val_rmse 11.6986, val_r2 0.8224, val_pearson 0.9109, lr 3.00e-04 ---
2026-09-30 23:24:05,420 - INFO - 
****************************************************************************************************
2026-09-30 23:24:06,476 - INFO - --- training epoch 138, loss 7.0598, mae 7.5259, rmse 11.7823, time elapsed(min) 0.01---
2026-09-30 23:24:06,645 - INFO - --- validation at epoch 138, val_loss 6.4324, val_mae 7.2787, val_rmse 11.6804, val_r2 0.8230, val_pearson 0.9116, lr 3.00e-04 ---
2026-09-30 23:24:06,645 - INFO - 
****************************************************************************************************
2026-09-30 23:24:07,696 - INFO - --- training epoch 139, loss 6.8984, mae 7.3680, rmse 11.4383, time elapsed(min) 0.01---
2026-09-30 23:24:07,860 - INFO - --- validation at epoch 139, val_loss 6.4469, val_mae 7.4065, val_rmse 11.8375, val_r2 0.8182, val_pearson 0.9095, lr 3.00e-04 ---
2026-09-30 23:24:07,860 - INFO - 
****************************************************************************************************
2026-09-30 23:24:09,136 - INFO - --- training epoch 140, loss 6.8870, mae 7.3561, rmse 11.5061, time elapsed(min) 0.01---
2026-09-30 23:24:09,294 - INFO - --- validation at epoch 140, val_loss 6.7262, val_mae 7.3463, val_rmse 11.8619, val_r2 0.8174, val_pearson 0.9078, lr 3.00e-04 ---
2026-09-30 23:24:09,294 - INFO - 
****************************************************************************************************
2026-09-30 23:24:10,570 - INFO - --- training epoch 141, loss 6.9956, mae 7.4635, rmse 11.5539, time elapsed(min) 0.01---
2026-09-30 23:24:10,736 - INFO - --- validation at epoch 141, val_loss 6.9447, val_mae 7.6610, val_rmse 12.0880, val_r2 0.8104, val_pearson 0.9066, lr 3.00e-04 ---
2026-09-30 23:24:10,736 - INFO - 
****************************************************************************************************
2026-09-30 23:24:12,045 - INFO - --- training epoch 142, loss 7.0739, mae 7.5426, rmse 11.6188, time elapsed(min) 0.02---
2026-09-30 23:24:12,432 - INFO - --- validation at epoch 142, val_loss 6.3600, val_mae 7.1972, val_rmse 11.7199, val_r2 0.8218, val_pearson 0.9119, lr 3.00e-04 ---
2026-09-30 23:24:12,432 - INFO - 
****************************************************************************************************
2026-09-30 23:24:13,663 - INFO - --- training epoch 143, loss 7.0908, mae 7.5587, rmse 11.6525, time elapsed(min) 0.01---
2026-09-30 23:24:13,824 - INFO - --- validation at epoch 143, val_loss 6.1942, val_mae 7.1935, val_rmse 11.5425, val_r2 0.8271, val_pearson 0.9132, lr 3.00e-04 ---
2026-09-30 23:24:13,824 - INFO - 
****************************************************************************************************
2026-09-30 23:24:14,978 - INFO - --- training epoch 144, loss 6.9195, mae 7.3889, rmse 11.3487, time elapsed(min) 0.01---
2026-09-30 23:24:15,143 - INFO - --- validation at epoch 144, val_loss 6.3410, val_mae 7.2281, val_rmse 11.6062, val_r2 0.8252, val_pearson 0.9136, lr 3.00e-04 ---
2026-09-30 23:24:15,144 - INFO - 
****************************************************************************************************
2026-09-30 23:24:16,395 - INFO - --- training epoch 145, loss 6.8032, mae 7.2736, rmse 11.4253, time elapsed(min) 0.01---
2026-09-30 23:24:16,566 - INFO - --- validation at epoch 145, val_loss 6.5202, val_mae 7.2085, val_rmse 11.6195, val_r2 0.8248, val_pearson 0.9142, lr 3.00e-04 ---
2026-09-30 23:24:16,566 - INFO - 
****************************************************************************************************
2026-09-30 23:24:17,846 - INFO - --- training epoch 146, loss 6.6744, mae 7.1388, rmse 11.1270, time elapsed(min) 0.01---
2026-09-30 23:24:18,012 - INFO - --- validation at epoch 146, val_loss 6.6842, val_mae 7.5630, val_rmse 11.8190, val_r2 0.8187, val_pearson 0.9119, lr 3.00e-04 ---
2026-09-30 23:24:18,013 - INFO - 
****************************************************************************************************
2026-09-30 23:24:19,280 - INFO - --- training epoch 147, loss 7.3508, mae 7.8215, rmse 12.0243, time elapsed(min) 0.01---
2026-09-30 23:24:19,662 - INFO - --- validation at epoch 147, val_loss 6.7090, val_mae 7.4695, val_rmse 11.7855, val_r2 0.8198, val_pearson 0.9149, lr 3.00e-04 ---
2026-09-30 23:24:19,662 - INFO - 
****************************************************************************************************
2026-09-30 23:24:20,863 - INFO - --- training epoch 148, loss 7.2238, mae 7.6932, rmse 11.8388, time elapsed(min) 0.01---
2026-09-30 23:24:21,028 - INFO - --- validation at epoch 148, val_loss 6.3227, val_mae 7.2493, val_rmse 11.5768, val_r2 0.8261, val_pearson 0.9131, lr 3.00e-04 ---
2026-09-30 23:24:21,028 - INFO - 
****************************************************************************************************
2026-09-30 23:24:22,107 - INFO - --- training epoch 149, loss 7.0129, mae 7.4813, rmse 11.7429, time elapsed(min) 0.01---
2026-09-30 23:24:22,272 - INFO - --- validation at epoch 149, val_loss 7.0381, val_mae 7.6805, val_rmse 12.6142, val_r2 0.7935, val_pearson 0.8941, lr 3.00e-04 ---
2026-09-30 23:24:22,272 - INFO - 
****************************************************************************************************
2026-09-30 23:24:23,476 - INFO - --- training epoch 150, loss 6.8064, mae 7.2752, rmse 11.3770, time elapsed(min) 0.01---
2026-09-30 23:24:23,642 - INFO - --- validation at epoch 150, val_loss 6.1922, val_mae 6.9764, val_rmse 11.2074, val_r2 0.8370, val_pearson 0.9185, lr 3.00e-04 ---
2026-09-30 23:24:23,642 - INFO - 
****************************************************************************************************
2026-09-30 23:24:24,998 - INFO - --- training epoch 151, loss 6.8525, mae 7.3198, rmse 11.3722, time elapsed(min) 0.01---
2026-09-30 23:24:25,168 - INFO - --- validation at epoch 151, val_loss 5.9401, val_mae 6.9114, val_rmse 11.2172, val_r2 0.8367, val_pearson 0.9188, lr 3.00e-04 ---
2026-09-30 23:24:25,168 - INFO - 
****************************************************************************************************
2026-09-30 23:24:26,628 - INFO - --- training epoch 152, loss 6.7772, mae 7.2444, rmse 11.2748, time elapsed(min) 0.02---
2026-09-30 23:24:27,035 - INFO - --- validation at epoch 152, val_loss 6.2084, val_mae 7.0630, val_rmse 11.2706, val_r2 0.8352, val_pearson 0.9169, lr 3.00e-04 ---
2026-09-30 23:24:27,035 - INFO - 
****************************************************************************************************
2026-09-30 23:24:28,271 - INFO - --- training epoch 153, loss 6.7489, mae 7.2156, rmse 11.3053, time elapsed(min) 0.01---
2026-09-30 23:24:28,444 - INFO - --- validation at epoch 153, val_loss 6.5923, val_mae 7.0954, val_rmse 11.4056, val_r2 0.8312, val_pearson 0.9159, lr 3.00e-04 ---
2026-09-30 23:24:28,444 - INFO - 
****************************************************************************************************
2026-09-30 23:24:29,516 - INFO - --- training epoch 154, loss 6.7484, mae 7.2177, rmse 11.3762, time elapsed(min) 0.01---
2026-09-30 23:24:29,693 - INFO - --- validation at epoch 154, val_loss 6.4079, val_mae 7.1301, val_rmse 11.4840, val_r2 0.8289, val_pearson 0.9157, lr 3.00e-04 ---
2026-09-30 23:24:29,693 - INFO - 
****************************************************************************************************
2026-09-30 23:24:30,929 - INFO - --- training epoch 155, loss 6.6735, mae 7.1403, rmse 11.1356, time elapsed(min) 0.01---
2026-09-30 23:24:31,108 - INFO - --- validation at epoch 155, val_loss 6.3385, val_mae 7.1165, val_rmse 11.4505, val_r2 0.8299, val_pearson 0.9167, lr 3.00e-04 ---
2026-09-30 23:24:31,108 - INFO - 
****************************************************************************************************
2026-09-30 23:24:32,379 - INFO - --- training epoch 156, loss 6.8364, mae 7.3055, rmse 11.2957, time elapsed(min) 0.01---
2026-09-30 23:24:32,546 - INFO - --- validation at epoch 156, val_loss 6.2752, val_mae 6.9989, val_rmse 11.2899, val_r2 0.8346, val_pearson 0.9199, lr 3.00e-04 ---
2026-09-30 23:24:32,546 - INFO - 
****************************************************************************************************
2026-09-30 23:24:33,828 - INFO - --- training epoch 157, loss 6.8086, mae 7.2765, rmse 11.3199, time elapsed(min) 0.01---
2026-09-30 23:24:34,000 - INFO - --- validation at epoch 157, val_loss 6.2116, val_mae 7.2113, val_rmse 11.2539, val_r2 0.8357, val_pearson 0.9201, lr 3.00e-04 ---
2026-09-30 23:24:34,000 - INFO - 
****************************************************************************************************
2026-09-30 23:24:35,243 - INFO - --- training epoch 158, loss 6.9874, mae 7.4576, rmse 11.7203, time elapsed(min) 0.01---
2026-09-30 23:24:35,406 - INFO - --- validation at epoch 158, val_loss 6.0467, val_mae 6.9210, val_rmse 11.2117, val_r2 0.8369, val_pearson 0.9189, lr 3.00e-04 ---
2026-09-30 23:24:35,406 - INFO - 
****************************************************************************************************
2026-09-30 23:24:36,479 - INFO - --- training epoch 159, loss 6.8879, mae 7.3551, rmse 11.3327, time elapsed(min) 0.01---
2026-09-30 23:24:36,638 - INFO - --- validation at epoch 159, val_loss 6.2594, val_mae 7.0106, val_rmse 11.4100, val_r2 0.8311, val_pearson 0.9175, lr 3.00e-04 ---
2026-09-30 23:24:36,638 - INFO - 
****************************************************************************************************
2026-09-30 23:24:37,910 - INFO - --- training epoch 160, loss 6.8607, mae 7.3333, rmse 11.3684, time elapsed(min) 0.01---
2026-09-30 23:24:38,078 - INFO - --- validation at epoch 160, val_loss 6.3203, val_mae 6.9943, val_rmse 11.1697, val_r2 0.8381, val_pearson 0.9183, lr 3.00e-04 ---
2026-09-30 23:24:38,078 - INFO - 
****************************************************************************************************
2026-09-30 23:24:39,357 - INFO - --- training epoch 161, loss 6.7579, mae 7.2262, rmse 11.3690, time elapsed(min) 0.01---
2026-09-30 23:24:39,530 - INFO - --- validation at epoch 161, val_loss 6.3252, val_mae 6.8800, val_rmse 11.0932, val_r2 0.8403, val_pearson 0.9209, lr 3.00e-04 ---
2026-09-30 23:24:39,530 - INFO - 
****************************************************************************************************
2026-09-30 23:24:40,827 - INFO - --- training epoch 162, loss 6.5969, mae 7.0622, rmse 11.0657, time elapsed(min) 0.01---
2026-09-30 23:24:40,998 - INFO - --- validation at epoch 162, val_loss 6.0618, val_mae 6.8621, val_rmse 11.0804, val_r2 0.8407, val_pearson 0.9200, lr 3.00e-04 ---
2026-09-30 23:24:40,998 - INFO - 
****************************************************************************************************
2026-09-30 23:24:42,219 - INFO - --- training epoch 163, loss 6.4448, mae 6.9114, rmse 10.9317, time elapsed(min) 0.01---
2026-09-30 23:24:42,393 - INFO - --- validation at epoch 163, val_loss 6.0966, val_mae 6.8853, val_rmse 10.9432, val_r2 0.8446, val_pearson 0.9223, lr 9.00e-05 ---
2026-09-30 23:24:42,393 - INFO - 
****************************************************************************************************
2026-09-30 23:24:43,469 - INFO - --- training epoch 164, loss 6.4408, mae 6.9076, rmse 10.9671, time elapsed(min) 0.01---
2026-09-30 23:24:43,638 - INFO - --- validation at epoch 164, val_loss 5.7721, val_mae 6.5960, val_rmse 10.6831, val_r2 0.8519, val_pearson 0.9249, lr 9.00e-05 ---
2026-09-30 23:24:43,638 - INFO - 
****************************************************************************************************
2026-09-30 23:24:45,014 - INFO - --- training epoch 165, loss 6.2993, mae 6.7684, rmse 10.6574, time elapsed(min) 0.01---
2026-09-30 23:24:45,185 - INFO - --- validation at epoch 165, val_loss 5.6996, val_mae 6.4960, val_rmse 10.6860, val_r2 0.8518, val_pearson 0.9251, lr 9.00e-05 ---
2026-09-30 23:24:45,185 - INFO - 
****************************************************************************************************
2026-09-30 23:24:46,575 - INFO - --- training epoch 166, loss 6.3502, mae 6.8168, rmse 10.6534, time elapsed(min) 0.02---
2026-09-30 23:24:46,739 - INFO - --- validation at epoch 166, val_loss 5.9312, val_mae 6.6379, val_rmse 10.8088, val_r2 0.8484, val_pearson 0.9232, lr 9.00e-05 ---
2026-09-30 23:24:46,739 - INFO - 
****************************************************************************************************
2026-09-30 23:24:48,023 - INFO - --- training epoch 167, loss 6.3196, mae 6.7865, rmse 10.7065, time elapsed(min) 0.01---
2026-09-30 23:24:48,444 - INFO - --- validation at epoch 167, val_loss 5.7289, val_mae 6.6197, val_rmse 10.8071, val_r2 0.8484, val_pearson 0.9238, lr 9.00e-05 ---
2026-09-30 23:24:48,444 - INFO - 
****************************************************************************************************
2026-09-30 23:24:49,661 - INFO - --- training epoch 168, loss 6.3259, mae 6.7924, rmse 10.7120, time elapsed(min) 0.01---
2026-09-30 23:24:49,827 - INFO - --- validation at epoch 168, val_loss 5.7532, val_mae 6.6164, val_rmse 10.7118, val_r2 0.8511, val_pearson 0.9243, lr 9.00e-05 ---
2026-09-30 23:24:49,827 - INFO - 
****************************************************************************************************
2026-09-30 23:24:50,887 - INFO - --- training epoch 169, loss 6.3206, mae 6.7873, rmse 10.7515, time elapsed(min) 0.01---
2026-09-30 23:24:51,072 - INFO - --- validation at epoch 169, val_loss 5.6656, val_mae 6.4850, val_rmse 10.6466, val_r2 0.8529, val_pearson 0.9259, lr 9.00e-05 ---
2026-09-30 23:24:51,072 - INFO - 
****************************************************************************************************
2026-09-30 23:24:52,550 - INFO - --- training epoch 170, loss 6.1941, mae 6.6570, rmse 10.6105, time elapsed(min) 0.02---
2026-09-30 23:24:52,716 - INFO - --- validation at epoch 170, val_loss 5.7102, val_mae 6.5316, val_rmse 10.6167, val_r2 0.8537, val_pearson 0.9262, lr 9.00e-05 ---
2026-09-30 23:24:52,716 - INFO - 
****************************************************************************************************
2026-09-30 23:24:53,984 - INFO - --- training epoch 171, loss 6.1698, mae 6.6331, rmse 10.5125, time elapsed(min) 0.01---
2026-09-30 23:24:54,151 - INFO - --- validation at epoch 171, val_loss 5.5900, val_mae 6.4136, val_rmse 10.6144, val_r2 0.8538, val_pearson 0.9266, lr 9.00e-05 ---
2026-09-30 23:24:54,151 - INFO - 
****************************************************************************************************
2026-09-30 23:24:55,536 - INFO - --- training epoch 172, loss 6.2867, mae 6.7543, rmse 10.6806, time elapsed(min) 0.02---
2026-09-30 23:24:55,960 - INFO - --- validation at epoch 172, val_loss 5.5961, val_mae 6.4469, val_rmse 10.5629, val_r2 0.8552, val_pearson 0.9266, lr 9.00e-05 ---
2026-09-30 23:24:55,960 - INFO - 
****************************************************************************************************
2026-09-30 23:24:57,213 - INFO - --- training epoch 173, loss 6.2068, mae 6.6738, rmse 10.6210, time elapsed(min) 0.01---
2026-09-30 23:24:57,386 - INFO - --- validation at epoch 173, val_loss 5.4578, val_mae 6.3250, val_rmse 10.4498, val_r2 0.8583, val_pearson 0.9279, lr 9.00e-05 ---
2026-09-30 23:24:57,386 - INFO - 
****************************************************************************************************
2026-09-30 23:24:58,546 - INFO - --- training epoch 174, loss 6.2513, mae 6.7150, rmse 10.6130, time elapsed(min) 0.01---
2026-09-30 23:24:58,714 - INFO - --- validation at epoch 174, val_loss 5.5305, val_mae 6.4272, val_rmse 10.5434, val_r2 0.8558, val_pearson 0.9275, lr 9.00e-05 ---
2026-09-30 23:24:58,714 - INFO - 
****************************************************************************************************
2026-09-30 23:24:59,929 - INFO - --- training epoch 175, loss 6.2375, mae 6.7060, rmse 10.6729, time elapsed(min) 0.01---
2026-09-30 23:25:00,096 - INFO - --- validation at epoch 175, val_loss 5.5677, val_mae 6.3843, val_rmse 10.5228, val_r2 0.8563, val_pearson 0.9276, lr 9.00e-05 ---
2026-09-30 23:25:00,096 - INFO - 
****************************************************************************************************
2026-09-30 23:25:01,524 - INFO - --- training epoch 176, loss 6.1809, mae 6.6460, rmse 10.5912, time elapsed(min) 0.02---
2026-09-30 23:25:01,688 - INFO - --- validation at epoch 176, val_loss 5.5514, val_mae 6.3362, val_rmse 10.4669, val_r2 0.8578, val_pearson 0.9282, lr 9.00e-05 ---
2026-09-30 23:25:01,689 - INFO - 
****************************************************************************************************
2026-09-30 23:25:02,999 - INFO - --- training epoch 177, loss 6.2677, mae 6.7343, rmse 10.7563, time elapsed(min) 0.02---
2026-09-30 23:25:03,176 - INFO - --- validation at epoch 177, val_loss 5.5476, val_mae 6.3858, val_rmse 10.4812, val_r2 0.8574, val_pearson 0.9279, lr 9.00e-05 ---
2026-09-30 23:25:03,176 - INFO - 
****************************************************************************************************
2026-09-30 23:25:04,425 - INFO - --- training epoch 178, loss 6.2130, mae 6.6756, rmse 10.7153, time elapsed(min) 0.01---
2026-09-30 23:25:04,591 - INFO - --- validation at epoch 178, val_loss 5.8118, val_mae 6.5121, val_rmse 10.6009, val_r2 0.8542, val_pearson 0.9261, lr 9.00e-05 ---
2026-09-30 23:25:04,591 - INFO - 
****************************************************************************************************
2026-09-30 23:25:05,669 - INFO - --- training epoch 179, loss 6.0926, mae 6.5597, rmse 10.4893, time elapsed(min) 0.01---
2026-09-30 23:25:05,838 - INFO - --- validation at epoch 179, val_loss 5.4944, val_mae 6.2730, val_rmse 10.4274, val_r2 0.8589, val_pearson 0.9288, lr 9.00e-05 ---
2026-09-30 23:25:05,838 - INFO - 
****************************************************************************************************
2026-09-30 23:25:07,055 - INFO - --- training epoch 180, loss 6.1893, mae 6.6542, rmse 10.6652, time elapsed(min) 0.01---
2026-09-30 23:25:07,230 - INFO - --- validation at epoch 180, val_loss 5.7152, val_mae 6.4070, val_rmse 10.5708, val_r2 0.8550, val_pearson 0.9268, lr 9.00e-05 ---
2026-09-30 23:25:07,230 - INFO - 
****************************************************************************************************
2026-09-30 23:25:08,489 - INFO - --- training epoch 181, loss 6.0269, mae 6.4939, rmse 10.4088, time elapsed(min) 0.01---
2026-09-30 23:25:08,656 - INFO - --- validation at epoch 181, val_loss 5.5590, val_mae 6.3288, val_rmse 10.4617, val_r2 0.8580, val_pearson 0.9279, lr 9.00e-05 ---
2026-09-30 23:25:08,656 - INFO - 
****************************************************************************************************
2026-09-30 23:25:09,943 - INFO - --- training epoch 182, loss 6.1730, mae 6.6368, rmse 10.7244, time elapsed(min) 0.01---
2026-09-30 23:25:10,105 - INFO - --- validation at epoch 182, val_loss 5.7480, val_mae 6.4042, val_rmse 10.5494, val_r2 0.8556, val_pearson 0.9270, lr 9.00e-05 ---
2026-09-30 23:25:10,105 - INFO - 
****************************************************************************************************
2026-09-30 23:25:11,313 - INFO - --- training epoch 183, loss 5.9958, mae 6.4613, rmse 10.3474, time elapsed(min) 0.01---
2026-09-30 23:25:11,478 - INFO - --- validation at epoch 183, val_loss 5.6767, val_mae 6.5025, val_rmse 10.7363, val_r2 0.8504, val_pearson 0.9252, lr 9.00e-05 ---
2026-09-30 23:25:11,478 - INFO - 
****************************************************************************************************
2026-09-30 23:25:12,568 - INFO - --- training epoch 184, loss 6.1124, mae 6.5785, rmse 10.6551, time elapsed(min) 0.01---
2026-09-30 23:25:12,744 - INFO - --- validation at epoch 184, val_loss 5.6570, val_mae 6.4869, val_rmse 10.7344, val_r2 0.8505, val_pearson 0.9253, lr 9.00e-05 ---
2026-09-30 23:25:12,744 - INFO - 
****************************************************************************************************
2026-09-30 23:25:13,815 - INFO - --- training epoch 185, loss 6.1021, mae 6.5652, rmse 10.5029, time elapsed(min) 0.01---
2026-09-30 23:25:13,992 - INFO - --- validation at epoch 185, val_loss 5.6233, val_mae 6.4211, val_rmse 10.5162, val_r2 0.8565, val_pearson 0.9280, lr 2.70e-05 ---
2026-09-30 23:25:13,992 - INFO - 
****************************************************************************************************
2026-09-30 23:25:15,249 - INFO - --- training epoch 186, loss 6.0180, mae 6.4823, rmse 10.4196, time elapsed(min) 0.01---
2026-09-30 23:25:15,418 - INFO - --- validation at epoch 186, val_loss 5.6531, val_mae 6.4282, val_rmse 10.4536, val_r2 0.8582, val_pearson 0.9282, lr 2.70e-05 ---
2026-09-30 23:25:15,418 - INFO - 
****************************************************************************************************
2026-09-30 23:25:16,693 - INFO - --- training epoch 187, loss 5.9852, mae 6.4498, rmse 10.3732, time elapsed(min) 0.01---
2026-09-30 23:25:16,858 - INFO - --- validation at epoch 187, val_loss 5.5271, val_mae 6.3705, val_rmse 10.4089, val_r2 0.8594, val_pearson 0.9291, lr 2.70e-05 ---
2026-09-30 23:25:16,858 - INFO - 
****************************************************************************************************
2026-09-30 23:25:18,133 - INFO - --- training epoch 188, loss 6.0291, mae 6.4937, rmse 10.5070, time elapsed(min) 0.01---
2026-09-30 23:25:18,531 - INFO - --- validation at epoch 188, val_loss 5.6032, val_mae 6.4156, val_rmse 10.4643, val_r2 0.8579, val_pearson 0.9286, lr 2.70e-05 ---
2026-09-30 23:25:18,531 - INFO - 
****************************************************************************************************
2026-09-30 23:25:19,761 - INFO - --- training epoch 189, loss 5.9595, mae 6.4254, rmse 10.3494, time elapsed(min) 0.01---
2026-09-30 23:25:19,922 - INFO - --- validation at epoch 189, val_loss 5.5882, val_mae 6.4066, val_rmse 10.4218, val_r2 0.8591, val_pearson 0.9288, lr 2.70e-05 ---
2026-09-30 23:25:19,922 - INFO - 
****************************************************************************************************
2026-09-30 23:25:20,971 - INFO - --- training epoch 190, loss 5.9408, mae 6.4032, rmse 10.2634, time elapsed(min) 0.01---
2026-09-30 23:25:21,140 - INFO - --- validation at epoch 190, val_loss 5.5151, val_mae 6.3786, val_rmse 10.3947, val_r2 0.8598, val_pearson 0.9292, lr 2.70e-05 ---
2026-09-30 23:25:21,140 - INFO - 
****************************************************************************************************
2026-09-30 23:25:22,394 - INFO - --- training epoch 191, loss 6.0504, mae 6.5168, rmse 10.4361, time elapsed(min) 0.01---
2026-09-30 23:25:22,560 - INFO - --- validation at epoch 191, val_loss 5.3786, val_mae 6.2829, val_rmse 10.2856, val_r2 0.8627, val_pearson 0.9305, lr 2.70e-05 ---
2026-09-30 23:25:22,561 - INFO - 
****************************************************************************************************
2026-09-30 23:25:23,896 - INFO - --- training epoch 192, loss 5.9452, mae 6.4101, rmse 10.3808, time elapsed(min) 0.01---
2026-09-30 23:25:24,068 - INFO - --- validation at epoch 192, val_loss 5.5049, val_mae 6.4616, val_rmse 10.3599, val_r2 0.8607, val_pearson 0.9305, lr 2.70e-05 ---
2026-09-30 23:25:24,068 - INFO - 
****************************************************************************************************
2026-09-30 23:25:25,349 - INFO - --- training epoch 193, loss 5.9805, mae 6.4476, rmse 10.4667, time elapsed(min) 0.01---
2026-09-30 23:25:25,729 - INFO - --- validation at epoch 193, val_loss 5.4980, val_mae 6.4393, val_rmse 10.3554, val_r2 0.8608, val_pearson 0.9304, lr 2.70e-05 ---
2026-09-30 23:25:25,730 - INFO - 
****************************************************************************************************
2026-09-30 23:25:26,955 - INFO - --- training epoch 194, loss 5.9823, mae 6.4447, rmse 10.3019, time elapsed(min) 0.01---
2026-09-30 23:25:27,129 - INFO - --- validation at epoch 194, val_loss 5.3898, val_mae 6.3332, val_rmse 10.2041, val_r2 0.8649, val_pearson 0.9313, lr 2.70e-05 ---
2026-09-30 23:25:27,129 - INFO - 
****************************************************************************************************
2026-09-30 23:25:28,199 - INFO - --- training epoch 195, loss 5.8918, mae 6.3567, rmse 10.1811, time elapsed(min) 0.01---
2026-09-30 23:25:28,357 - INFO - --- validation at epoch 195, val_loss 5.3158, val_mae 6.2397, val_rmse 10.1711, val_r2 0.8658, val_pearson 0.9318, lr 2.70e-05 ---
2026-09-30 23:25:28,357 - INFO - 
****************************************************************************************************
2026-09-30 23:25:29,702 - INFO - --- training epoch 196, loss 6.0198, mae 6.4815, rmse 10.3936, time elapsed(min) 0.01---
2026-09-30 23:25:29,872 - INFO - --- validation at epoch 196, val_loss 5.4002, val_mae 6.2997, val_rmse 10.1935, val_r2 0.8652, val_pearson 0.9315, lr 2.70e-05 ---
2026-09-30 23:25:29,872 - INFO - 
****************************************************************************************************
2026-09-30 23:25:31,131 - INFO - --- training epoch 197, loss 5.9537, mae 6.4176, rmse 10.2709, time elapsed(min) 0.01---
2026-09-30 23:25:31,304 - INFO - --- validation at epoch 197, val_loss 5.5129, val_mae 6.4115, val_rmse 10.2766, val_r2 0.8630, val_pearson 0.9307, lr 2.70e-05 ---
2026-09-30 23:25:31,304 - INFO - 
****************************************************************************************************
2026-09-30 23:25:32,704 - INFO - --- training epoch 198, loss 6.0303, mae 6.4968, rmse 10.4071, time elapsed(min) 0.02---
2026-09-30 23:25:33,080 - INFO - --- validation at epoch 198, val_loss 5.4854, val_mae 6.3341, val_rmse 10.2915, val_r2 0.8626, val_pearson 0.9307, lr 2.70e-05 ---
2026-09-30 23:25:33,080 - INFO - 
****************************************************************************************************
2026-09-30 23:25:34,314 - INFO - --- training epoch 199, loss 5.9144, mae 6.3792, rmse 10.1525, time elapsed(min) 0.01---
2026-09-30 23:25:34,480 - INFO - --- validation at epoch 199, val_loss 5.4996, val_mae 6.3553, val_rmse 10.3061, val_r2 0.8622, val_pearson 0.9307, lr 2.70e-05 ---
2026-09-30 23:25:34,480 - INFO - 
****************************************************************************************************
2026-09-30 23:25:35,548 - INFO - --- training epoch 200, loss 6.0186, mae 6.4831, rmse 10.3714, time elapsed(min) 0.01---
2026-09-30 23:25:35,713 - INFO - --- validation at epoch 200, val_loss 5.4698, val_mae 6.3295, val_rmse 10.2788, val_r2 0.8629, val_pearson 0.9309, lr 2.70e-05 ---
2026-09-30 23:25:35,714 - INFO - 
****************************************************************************************************
2026-09-30 23:25:36,773 - INFO - --- training epoch 201, loss 5.9791, mae 6.4434, rmse 10.3247, time elapsed(min) 0.01---
2026-09-30 23:25:36,943 - INFO - --- validation at epoch 201, val_loss 5.4306, val_mae 6.3137, val_rmse 10.2596, val_r2 0.8634, val_pearson 0.9311, lr 2.70e-05 ---
2026-09-30 23:25:36,943 - INFO - 
****************************************************************************************************
2026-09-30 23:25:38,226 - INFO - --- training epoch 202, loss 5.9615, mae 6.4243, rmse 10.3872, time elapsed(min) 0.01---
2026-09-30 23:25:38,397 - INFO - --- validation at epoch 202, val_loss 5.4436, val_mae 6.3021, val_rmse 10.2338, val_r2 0.8641, val_pearson 0.9311, lr 2.70e-05 ---
2026-09-30 23:25:38,397 - INFO - 
****************************************************************************************************
2026-09-30 23:25:39,810 - INFO - --- training epoch 203, loss 5.9106, mae 6.3736, rmse 10.1377, time elapsed(min) 0.02---
2026-09-30 23:25:39,980 - INFO - --- validation at epoch 203, val_loss 5.4035, val_mae 6.2767, val_rmse 10.2027, val_r2 0.8649, val_pearson 0.9316, lr 2.70e-05 ---
2026-09-30 23:25:39,980 - INFO - 
****************************************************************************************************
2026-09-30 23:25:41,462 - INFO - --- training epoch 204, loss 5.9750, mae 6.4397, rmse 10.4102, time elapsed(min) 0.02---
2026-09-30 23:25:41,626 - INFO - --- validation at epoch 204, val_loss 5.3988, val_mae 6.2857, val_rmse 10.2441, val_r2 0.8638, val_pearson 0.9314, lr 2.70e-05 ---
2026-09-30 23:25:41,626 - INFO - 
****************************************************************************************************
2026-09-30 23:25:42,689 - INFO - --- training epoch 205, loss 5.9296, mae 6.3972, rmse 10.2681, time elapsed(min) 0.01---
2026-09-30 23:25:42,858 - INFO - --- validation at epoch 205, val_loss 5.3389, val_mae 6.1757, val_rmse 10.1556, val_r2 0.8662, val_pearson 0.9323, lr 2.70e-05 ---
2026-09-30 23:25:42,858 - INFO - 
****************************************************************************************************
2026-09-30 23:25:43,933 - INFO - --- training epoch 206, loss 6.0078, mae 6.4733, rmse 10.3186, time elapsed(min) 0.01---
2026-09-30 23:25:44,103 - INFO - --- validation at epoch 206, val_loss 5.4447, val_mae 6.2600, val_rmse 10.2415, val_r2 0.8639, val_pearson 0.9314, lr 2.70e-05 ---
2026-09-30 23:25:44,103 - INFO - 
****************************************************************************************************
2026-09-30 23:25:45,340 - INFO - --- training epoch 207, loss 5.9612, mae 6.4213, rmse 10.3495, time elapsed(min) 0.01---
2026-09-30 23:25:45,518 - INFO - --- validation at epoch 207, val_loss 5.4008, val_mae 6.2301, val_rmse 10.2196, val_r2 0.8645, val_pearson 0.9316, lr 8.10e-06 ---
2026-09-30 23:25:45,518 - INFO - 
****************************************************************************************************
2026-09-30 23:25:46,896 - INFO - --- training epoch 208, loss 6.0054, mae 6.4717, rmse 10.2304, time elapsed(min) 0.02---
2026-09-30 23:25:47,064 - INFO - --- validation at epoch 208, val_loss 5.3987, val_mae 6.2447, val_rmse 10.2273, val_r2 0.8643, val_pearson 0.9315, lr 8.10e-06 ---
2026-09-30 23:25:47,064 - INFO - 
****************************************************************************************************
2026-09-30 23:25:48,474 - INFO - --- training epoch 209, loss 5.9488, mae 6.4136, rmse 10.2464, time elapsed(min) 0.02---
2026-09-30 23:25:48,638 - INFO - --- validation at epoch 209, val_loss 5.3789, val_mae 6.2314, val_rmse 10.2014, val_r2 0.8650, val_pearson 0.9317, lr 8.10e-06 ---
2026-09-30 23:25:48,638 - INFO - 
****************************************************************************************************
2026-09-30 23:25:49,693 - INFO - --- training epoch 210, loss 5.9315, mae 6.3975, rmse 10.2008, time elapsed(min) 0.01---
2026-09-30 23:25:49,854 - INFO - --- validation at epoch 210, val_loss 5.3975, val_mae 6.2286, val_rmse 10.1758, val_r2 0.8656, val_pearson 0.9319, lr 8.10e-06 ---
2026-09-30 23:25:49,854 - INFO - 
****************************************************************************************************
2026-09-30 23:25:50,902 - INFO - --- training epoch 211, loss 5.9234, mae 6.3868, rmse 10.2960, time elapsed(min) 0.01---
2026-09-30 23:25:51,060 - INFO - --- validation at epoch 211, val_loss 5.5013, val_mae 6.3093, val_rmse 10.2400, val_r2 0.8639, val_pearson 0.9314, lr 8.10e-06 ---
2026-09-30 23:25:51,060 - INFO - 
****************************************************************************************************
2026-09-30 23:25:52,321 - INFO - --- training epoch 212, loss 6.1233, mae 6.5875, rmse 10.4708, time elapsed(min) 0.01---
2026-09-30 23:25:52,501 - INFO - --- validation at epoch 212, val_loss 5.4237, val_mae 6.2464, val_rmse 10.1879, val_r2 0.8653, val_pearson 0.9319, lr 8.10e-06 ---
2026-09-30 23:25:52,501 - INFO - 
****************************************************************************************************
2026-09-30 23:25:53,745 - INFO - --- training epoch 213, loss 5.9927, mae 6.4620, rmse 10.3130, time elapsed(min) 0.01---
2026-09-30 23:25:53,914 - INFO - --- validation at epoch 213, val_loss 5.3594, val_mae 6.2109, val_rmse 10.1722, val_r2 0.8657, val_pearson 0.9322, lr 8.10e-06 ---
2026-09-30 23:25:53,915 - INFO - 
****************************************************************************************************
2026-09-30 23:25:55,213 - INFO - --- training epoch 214, loss 5.9406, mae 6.4071, rmse 10.3720, time elapsed(min) 0.02---
2026-09-30 23:25:55,594 - INFO - --- validation at epoch 214, val_loss 5.4001, val_mae 6.2401, val_rmse 10.1853, val_r2 0.8654, val_pearson 0.9320, lr 8.10e-06 ---
2026-09-30 23:25:55,594 - INFO - 
****************************************************************************************************
2026-09-30 23:25:56,804 - INFO - --- training epoch 215, loss 5.9152, mae 6.3759, rmse 10.3365, time elapsed(min) 0.01---
2026-09-30 23:25:56,972 - INFO - --- validation at epoch 215, val_loss 5.3988, val_mae 6.2384, val_rmse 10.1846, val_r2 0.8654, val_pearson 0.9320, lr 8.10e-06 ---
2026-09-30 23:25:56,972 - INFO - 
****************************************************************************************************
2026-09-30 23:25:58,028 - INFO - --- training epoch 216, loss 5.8970, mae 6.3603, rmse 10.2165, time elapsed(min) 0.01---
2026-09-30 23:25:58,181 - INFO - --- validation at epoch 216, val_loss 5.4432, val_mae 6.2627, val_rmse 10.2172, val_r2 0.8645, val_pearson 0.9316, lr 8.10e-06 ---
2026-09-30 23:25:58,181 - INFO - 
****************************************************************************************************
2026-09-30 23:25:59,430 - INFO - --- training epoch 217, loss 5.9606, mae 6.4283, rmse 10.3254, time elapsed(min) 0.01---
2026-09-30 23:25:59,596 - INFO - --- validation at epoch 217, val_loss 5.4463, val_mae 6.2698, val_rmse 10.2359, val_r2 0.8640, val_pearson 0.9315, lr 8.10e-06 ---
2026-09-30 23:25:59,596 - INFO - 
****************************************************************************************************
2026-09-30 23:26:00,861 - INFO - --- training epoch 218, loss 5.8375, mae 6.3001, rmse 10.2086, time elapsed(min) 0.01---
2026-09-30 23:26:01,031 - INFO - --- validation at epoch 218, val_loss 5.4421, val_mae 6.2707, val_rmse 10.2371, val_r2 0.8640, val_pearson 0.9315, lr 2.43e-06 ---
2026-09-30 23:26:01,031 - INFO - 
****************************************************************************************************
2026-09-30 23:26:02,332 - INFO - --- training epoch 219, loss 5.8925, mae 6.3570, rmse 10.1573, time elapsed(min) 0.02---
2026-09-30 23:26:02,713 - INFO - --- validation at epoch 219, val_loss 5.4129, val_mae 6.2441, val_rmse 10.2113, val_r2 0.8647, val_pearson 0.9318, lr 2.43e-06 ---
2026-09-30 23:26:02,713 - INFO - 
****************************************************************************************************
2026-09-30 23:26:03,923 - INFO - --- training epoch 220, loss 5.9707, mae 6.4375, rmse 10.2916, time elapsed(min) 0.01---
2026-09-30 23:26:04,092 - INFO - --- validation at epoch 220, val_loss 5.4212, val_mae 6.2479, val_rmse 10.2132, val_r2 0.8646, val_pearson 0.9317, lr 2.43e-06 ---
2026-09-30 23:26:04,092 - INFO - 
****************************************************************************************************
2026-09-30 23:26:05,157 - INFO - --- training epoch 221, loss 5.9869, mae 6.4516, rmse 10.3214, time elapsed(min) 0.01---
2026-09-30 23:26:05,322 - INFO - --- validation at epoch 221, val_loss 5.4272, val_mae 6.2569, val_rmse 10.2201, val_r2 0.8645, val_pearson 0.9317, lr 2.43e-06 ---
2026-09-30 23:26:05,323 - INFO - 
****************************************************************************************************
2026-09-30 23:26:06,597 - INFO - --- training epoch 222, loss 5.8394, mae 6.3057, rmse 10.1044, time elapsed(min) 0.01---
2026-09-30 23:26:06,766 - INFO - --- validation at epoch 222, val_loss 5.4103, val_mae 6.2434, val_rmse 10.2126, val_r2 0.8647, val_pearson 0.9318, lr 2.43e-06 ---
2026-09-30 23:26:06,766 - INFO - 
****************************************************************************************************
2026-09-30 23:26:08,014 - INFO - --- training epoch 223, loss 5.9049, mae 6.3677, rmse 10.2109, time elapsed(min) 0.01---
2026-09-30 23:26:08,180 - INFO - --- validation at epoch 223, val_loss 5.4098, val_mae 6.2481, val_rmse 10.2116, val_r2 0.8647, val_pearson 0.9318, lr 2.43e-06 ---
2026-09-30 23:26:08,180 - INFO - 
****************************************************************************************************
2026-09-30 23:26:09,455 - INFO - --- training epoch 224, loss 5.8704, mae 6.3371, rmse 10.3537, time elapsed(min) 0.01---
2026-09-30 23:26:09,624 - INFO - --- validation at epoch 224, val_loss 5.4169, val_mae 6.2546, val_rmse 10.2156, val_r2 0.8646, val_pearson 0.9317, lr 2.43e-06 ---
2026-09-30 23:26:09,624 - INFO - 
****************************************************************************************************
2026-09-30 23:26:10,822 - INFO - --- training epoch 225, loss 5.9402, mae 6.4040, rmse 10.2991, time elapsed(min) 0.01---
2026-09-30 23:26:10,991 - INFO - --- validation at epoch 225, val_loss 5.3960, val_mae 6.2318, val_rmse 10.1929, val_r2 0.8652, val_pearson 0.9319, lr 2.43e-06 ---
2026-09-30 23:26:10,991 - INFO - 
****************************************************************************************************
2026-09-30 23:26:12,046 - INFO - --- training epoch 226, loss 5.9537, mae 6.4195, rmse 10.3726, time elapsed(min) 0.01---
2026-09-30 23:26:12,210 - INFO - --- validation at epoch 226, val_loss 5.4188, val_mae 6.2463, val_rmse 10.2001, val_r2 0.8650, val_pearson 0.9318, lr 2.43e-06 ---
2026-09-30 23:26:12,210 - INFO - 
****************************************************************************************************
2026-09-30 23:26:13,425 - INFO - --- training epoch 227, loss 5.9603, mae 6.4259, rmse 10.3396, time elapsed(min) 0.01---
2026-09-30 23:26:13,596 - INFO - --- validation at epoch 227, val_loss 5.4223, val_mae 6.2421, val_rmse 10.1984, val_r2 0.8650, val_pearson 0.9318, lr 2.43e-06 ---
2026-09-30 23:26:13,596 - INFO - 
****************************************************************************************************
2026-09-30 23:26:14,859 - INFO - --- training epoch 228, loss 5.8919, mae 6.3575, rmse 10.2776, time elapsed(min) 0.01---
2026-09-30 23:26:15,030 - INFO - --- validation at epoch 228, val_loss 5.4248, val_mae 6.2378, val_rmse 10.1948, val_r2 0.8651, val_pearson 0.9318, lr 2.43e-06 ---
2026-09-30 23:26:15,030 - INFO - 
****************************************************************************************************
2026-09-30 23:26:16,306 - INFO - --- training epoch 229, loss 6.0659, mae 6.5288, rmse 10.5237, time elapsed(min) 0.02---
2026-09-30 23:26:16,481 - INFO - --- validation at epoch 229, val_loss 5.4251, val_mae 6.2392, val_rmse 10.1954, val_r2 0.8651, val_pearson 0.9318, lr 1.00e-06 ---
2026-09-30 23:26:16,481 - INFO - 
****************************************************************************************************
2026-09-30 23:26:17,968 - INFO - --- training epoch 230, loss 5.9435, mae 6.4087, rmse 10.2624, time elapsed(min) 0.02---
2026-09-30 23:26:18,134 - INFO - --- validation at epoch 230, val_loss 5.4148, val_mae 6.2308, val_rmse 10.1898, val_r2 0.8653, val_pearson 0.9319, lr 1.00e-06 ---
2026-09-30 23:26:18,134 - INFO - 
****************************************************************************************************
2026-09-30 23:26:19,200 - INFO - --- training epoch 231, loss 5.9144, mae 6.3796, rmse 10.2503, time elapsed(min) 0.01---
2026-09-30 23:26:19,365 - INFO - --- validation at epoch 231, val_loss 5.4163, val_mae 6.2330, val_rmse 10.1921, val_r2 0.8652, val_pearson 0.9318, lr 1.00e-06 ---
2026-09-30 23:26:19,365 - INFO - 
****************************************************************************************************
2026-09-30 23:26:20,555 - INFO - --- training epoch 232, loss 5.9307, mae 6.3961, rmse 10.3242, time elapsed(min) 0.01---
2026-09-30 23:26:20,725 - INFO - --- validation at epoch 232, val_loss 5.4250, val_mae 6.2400, val_rmse 10.1969, val_r2 0.8651, val_pearson 0.9318, lr 1.00e-06 ---
2026-09-30 23:26:20,725 - INFO - 
****************************************************************************************************
2026-09-30 23:26:21,925 - INFO - --- training epoch 233, loss 5.9434, mae 6.4091, rmse 10.1740, time elapsed(min) 0.01---
2026-09-30 23:26:22,107 - INFO - --- validation at epoch 233, val_loss 5.4243, val_mae 6.2398, val_rmse 10.1965, val_r2 0.8651, val_pearson 0.9318, lr 1.00e-06 ---
2026-09-30 23:26:22,107 - INFO - 
****************************************************************************************************
2026-09-30 23:26:23,489 - INFO - --- training epoch 234, loss 5.8781, mae 6.3422, rmse 10.1662, time elapsed(min) 0.02---
2026-09-30 23:26:23,659 - INFO - --- validation at epoch 234, val_loss 5.4193, val_mae 6.2402, val_rmse 10.2008, val_r2 0.8650, val_pearson 0.9318, lr 1.00e-06 ---
2026-09-30 23:26:23,660 - INFO - 
****************************************************************************************************
2026-09-30 23:26:24,931 - INFO - --- training epoch 235, loss 5.9312, mae 6.3952, rmse 10.3548, time elapsed(min) 0.01---
2026-09-30 23:26:25,307 - INFO - --- validation at epoch 235, val_loss 5.4128, val_mae 6.2370, val_rmse 10.1976, val_r2 0.8651, val_pearson 0.9319, lr 1.00e-06 ---
2026-09-30 23:26:25,307 - INFO - 
****************************************************************************************************
2026-09-30 23:26:26,510 - INFO - --- training epoch 236, loss 5.9641, mae 6.4300, rmse 10.3325, time elapsed(min) 0.01---
2026-09-30 23:26:26,684 - INFO - --- validation at epoch 236, val_loss 5.4076, val_mae 6.2347, val_rmse 10.1953, val_r2 0.8651, val_pearson 0.9319, lr 1.00e-06 ---
2026-09-30 23:26:26,684 - INFO - 
****************************************************************************************************
2026-09-30 23:26:27,742 - INFO - --- training epoch 237, loss 5.8813, mae 6.3477, rmse 10.1955, time elapsed(min) 0.01---
2026-09-30 23:26:27,912 - INFO - --- validation at epoch 237, val_loss 5.4138, val_mae 6.2405, val_rmse 10.1993, val_r2 0.8650, val_pearson 0.9319, lr 1.00e-06 ---
2026-09-30 23:26:27,912 - INFO - 
****************************************************************************************************
2026-09-30 23:26:29,155 - INFO - --- training epoch 238, loss 6.0373, mae 6.5031, rmse 10.3244, time elapsed(min) 0.01---
2026-09-30 23:26:29,327 - INFO - --- validation at epoch 238, val_loss 5.4205, val_mae 6.2446, val_rmse 10.2002, val_r2 0.8650, val_pearson 0.9318, lr 1.00e-06 ---
2026-09-30 23:26:29,327 - INFO - 
****************************************************************************************************
2026-09-30 23:26:30,576 - INFO - --- training epoch 239, loss 5.8797, mae 6.3448, rmse 10.1185, time elapsed(min) 0.01---
2026-09-30 23:26:30,751 - INFO - --- validation at epoch 239, val_loss 5.4183, val_mae 6.2472, val_rmse 10.1998, val_r2 0.8650, val_pearson 0.9319, lr 1.00e-06 ---
2026-09-30 23:26:30,751 - INFO - 
****************************************************************************************************
2026-09-30 23:26:32,013 - INFO - --- training epoch 240, loss 5.9024, mae 6.3666, rmse 10.1702, time elapsed(min) 0.01---
2026-09-30 23:26:32,346 - INFO - --- validation at epoch 240, val_loss 5.4185, val_mae 6.2485, val_rmse 10.2004, val_r2 0.8650, val_pearson 0.9319, lr 1.00e-06 ---
2026-09-30 23:26:32,347 - INFO - 
****************************************************************************************************
2026-09-30 23:26:33,548 - INFO - --- training epoch 241, loss 5.9733, mae 6.4385, rmse 10.3459, time elapsed(min) 0.01---
2026-09-30 23:26:33,717 - INFO - --- validation at epoch 241, val_loss 5.4103, val_mae 6.2414, val_rmse 10.1921, val_r2 0.8652, val_pearson 0.9319, lr 1.00e-06 ---
2026-09-30 23:26:33,717 - INFO - 
****************************************************************************************************
2026-09-30 23:26:34,761 - INFO - --- training epoch 242, loss 5.8541, mae 6.3180, rmse 10.2963, time elapsed(min) 0.01---
2026-09-30 23:26:34,930 - INFO - --- validation at epoch 242, val_loss 5.4005, val_mae 6.2342, val_rmse 10.1878, val_r2 0.8653, val_pearson 0.9320, lr 1.00e-06 ---
2026-09-30 23:26:34,930 - INFO - 
****************************************************************************************************
2026-09-30 23:26:36,192 - INFO - --- training epoch 243, loss 5.8884, mae 6.3540, rmse 10.1813, time elapsed(min) 0.01---
2026-09-30 23:26:36,365 - INFO - --- validation at epoch 243, val_loss 5.4115, val_mae 6.2421, val_rmse 10.1944, val_r2 0.8651, val_pearson 0.9319, lr 1.00e-06 ---
2026-09-30 23:26:36,365 - INFO - 
****************************************************************************************************
2026-09-30 23:26:37,613 - INFO - --- training epoch 244, loss 5.9508, mae 6.4172, rmse 10.2374, time elapsed(min) 0.01---
2026-09-30 23:26:37,778 - INFO - --- validation at epoch 244, val_loss 5.4114, val_mae 6.2387, val_rmse 10.1895, val_r2 0.8653, val_pearson 0.9320, lr 1.00e-06 ---
2026-09-30 23:26:37,778 - INFO - 
****************************************************************************************************
2026-09-30 23:26:39,048 - INFO - --- training epoch 245, loss 5.9276, mae 6.3906, rmse 10.3334, time elapsed(min) 0.01---
2026-09-30 23:26:39,213 - INFO - --- validation at epoch 245, val_loss 5.4094, val_mae 6.2354, val_rmse 10.1868, val_r2 0.8653, val_pearson 0.9320, lr 1.00e-06 ---
2026-09-30 23:26:39,213 - INFO - 
****************************************************************************************************
2026-09-30 23:26:39,743 - INFO - --- early stopping at epoch 245: val_loss did not improve for 50 epochs ---
2026-09-30 23:26:39,926 - INFO - --- selected checkpoint from epoch 195, val_loss 5.3158, val_mae 6.2397, val_rmse 10.1711
2026-09-30 23:26:40,364 - INFO - -- RESULT
2026-09-30 23:26:40,364 - INFO - --- test size: 1187
2026-09-30 23:26:40,364 - INFO - --- MAE: 6.1013 pp, RMSE: 9.4263 pp, R2: 0.8802, Pearson: 0.9389
2026-09-30 23:26:41,457 - INFO - --- Buchwald-Hartwig | fullcv07_split70 | approach_2: test R2 0.8802 MAE 6.1013 RMSE 9.4263 | 352.1s (1.4s/epoch)
2026-09-30 23:26:41,461 - INFO - --- Buchwald-Hartwig | fullcv07_split70 | MLP control (ind/mlp) (ind/mlp)
