2026-10-01 11:36:08,301 - INFO - device is	cuda:0
2026-10-01 11:36:08,425 - INFO - -- CONFIGURATIONS
2026-10-01 11:36:08,425 - INFO - --- train/valid/test: 3628/404/1728
2026-10-01 11:36:08,425 - INFO - --- max no. reactants_train, valid, test respectively: 14, 14, 14
2026-10-01 11:36:08,425 - INFO - --- max no. products_train, valid, test respectively: 1, 1, 1
2026-10-01 11:36:08,425 - INFO - --- model_path: ../logs/approach2_grid_suzuki/e400/runs/Suzuki-Miyaura_split_8_approach_2/model.pt
2026-10-01 11:36:08,433 - INFO - -- TRAINING
2026-10-01 11:36:09,981 - INFO - --- training epoch 0, loss 1.0248, mae 1.3538, rmse 3.2976, time elapsed(min) 0.03---
2026-10-01 11:36:10,346 - INFO - --- validation at epoch 0, val_loss 0.0546, val_mae 0.2518, val_rmse 0.3312, val_r2 -0.4174, val_pearson 0.1079, lr 1.00e-03 ---
2026-10-01 11:36:10,346 - INFO - 
****************************************************************************************************
2026-10-01 11:36:12,444 - INFO - --- training epoch 1, loss 0.0410, mae 0.2448, rmse 0.2865, time elapsed(min) 0.03---
2026-10-01 11:36:12,671 - INFO - --- validation at epoch 1, val_loss 0.0402, val_mae 0.2355, val_rmse 0.2867, val_r2 -0.0617, val_pearson 0.2175, lr 1.00e-03 ---
2026-10-01 11:36:12,671 - INFO - 
****************************************************************************************************
2026-10-01 11:36:14,545 - INFO - --- training epoch 2, loss 0.0385, mae 0.2378, rmse 0.2774, time elapsed(min) 0.03---
2026-10-01 11:36:14,772 - INFO - --- validation at epoch 2, val_loss 0.0368, val_mae 0.2304, val_rmse 0.2767, val_r2 0.0111, val_pearson 0.2329, lr 1.00e-03 ---
2026-10-01 11:36:14,772 - INFO - 
****************************************************************************************************
2026-10-01 11:36:16,656 - INFO - --- training epoch 3, loss 0.0378, mae 0.2357, rmse 0.2751, time elapsed(min) 0.03---
2026-10-01 11:36:16,886 - INFO - --- validation at epoch 3, val_loss 0.0366, val_mae 0.2293, val_rmse 0.2758, val_r2 0.0173, val_pearson 0.2455, lr 1.00e-03 ---
2026-10-01 11:36:16,886 - INFO - 
****************************************************************************************************
2026-10-01 11:36:18,773 - INFO - --- training epoch 4, loss 0.0371, mae 0.2330, rmse 0.2723, time elapsed(min) 0.03---
2026-10-01 11:36:19,174 - INFO - --- validation at epoch 4, val_loss 0.0354, val_mae 0.2282, val_rmse 0.2709, val_r2 0.0518, val_pearson 0.2639, lr 1.00e-03 ---
2026-10-01 11:36:19,174 - INFO - 
****************************************************************************************************
2026-10-01 11:36:21,268 - INFO - --- training epoch 5, loss 0.0374, mae 0.2336, rmse 0.2736, time elapsed(min) 0.03---
2026-10-01 11:36:21,499 - INFO - --- validation at epoch 5, val_loss 0.0388, val_mae 0.2316, val_rmse 0.2832, val_r2 -0.0362, val_pearson 0.2612, lr 1.00e-03 ---
2026-10-01 11:36:21,500 - INFO - 
****************************************************************************************************
2026-10-01 11:36:23,371 - INFO - --- training epoch 6, loss 0.0363, mae 0.2293, rmse 0.2694, time elapsed(min) 0.03---
2026-10-01 11:36:23,601 - INFO - --- validation at epoch 6, val_loss 0.0350, val_mae 0.2268, val_rmse 0.2686, val_r2 0.0678, val_pearson 0.3175, lr 1.00e-03 ---
2026-10-01 11:36:23,601 - INFO - 
****************************************************************************************************
2026-10-01 11:36:25,620 - INFO - --- training epoch 7, loss 0.0344, mae 0.2217, rmse 0.2621, time elapsed(min) 0.03---
2026-10-01 11:36:26,003 - INFO - --- validation at epoch 7, val_loss 0.0364, val_mae 0.2185, val_rmse 0.2697, val_r2 0.0602, val_pearson 0.3547, lr 1.00e-03 ---
2026-10-01 11:36:26,003 - INFO - 
****************************************************************************************************
2026-10-01 11:36:28,110 - INFO - --- training epoch 8, loss 0.0335, mae 0.2165, rmse 0.2588, time elapsed(min) 0.03---
2026-10-01 11:36:28,345 - INFO - --- validation at epoch 8, val_loss 0.0357, val_mae 0.2212, val_rmse 0.2662, val_r2 0.0846, val_pearson 0.3376, lr 1.00e-03 ---
2026-10-01 11:36:28,345 - INFO - 
****************************************************************************************************
2026-10-01 11:36:30,174 - INFO - --- training epoch 9, loss 0.0333, mae 0.2152, rmse 0.2579, time elapsed(min) 0.03---
2026-10-01 11:36:30,407 - INFO - --- validation at epoch 9, val_loss 0.0353, val_mae 0.2155, val_rmse 0.2642, val_r2 0.0982, val_pearson 0.3616, lr 1.00e-03 ---
2026-10-01 11:36:30,407 - INFO - 
****************************************************************************************************
2026-10-01 11:36:32,248 - INFO - --- training epoch 10, loss 0.0325, mae 0.2132, rmse 0.2551, time elapsed(min) 0.03---
2026-10-01 11:36:32,480 - INFO - --- validation at epoch 10, val_loss 0.0364, val_mae 0.2164, val_rmse 0.2679, val_r2 0.0726, val_pearson 0.3599, lr 1.00e-03 ---
2026-10-01 11:36:32,480 - INFO - 
****************************************************************************************************
2026-10-01 11:36:34,366 - INFO - --- training epoch 11, loss 0.0324, mae 0.2122, rmse 0.2545, time elapsed(min) 0.03---
2026-10-01 11:36:34,754 - INFO - --- validation at epoch 11, val_loss 0.0354, val_mae 0.2157, val_rmse 0.2634, val_r2 0.1037, val_pearson 0.3547, lr 1.00e-03 ---
2026-10-01 11:36:34,754 - INFO - 
****************************************************************************************************
2026-10-01 11:36:36,704 - INFO - --- training epoch 12, loss 0.0328, mae 0.2142, rmse 0.2561, time elapsed(min) 0.03---
2026-10-01 11:36:36,930 - INFO - --- validation at epoch 12, val_loss 0.0354, val_mae 0.2150, val_rmse 0.2637, val_r2 0.1019, val_pearson 0.3462, lr 1.00e-03 ---
2026-10-01 11:36:36,930 - INFO - 
****************************************************************************************************
2026-10-01 11:36:38,816 - INFO - --- training epoch 13, loss 0.0326, mae 0.2136, rmse 0.2555, time elapsed(min) 0.03---
2026-10-01 11:36:39,049 - INFO - --- validation at epoch 13, val_loss 0.0347, val_mae 0.2150, val_rmse 0.2614, val_r2 0.1170, val_pearson 0.3586, lr 1.00e-03 ---
2026-10-01 11:36:39,049 - INFO - 
****************************************************************************************************
2026-10-01 11:36:41,006 - INFO - --- training epoch 14, loss 0.0325, mae 0.2128, rmse 0.2551, time elapsed(min) 0.03---
2026-10-01 11:36:41,394 - INFO - --- validation at epoch 14, val_loss 0.0353, val_mae 0.2154, val_rmse 0.2638, val_r2 0.1011, val_pearson 0.3557, lr 1.00e-03 ---
2026-10-01 11:36:41,394 - INFO - 
****************************************************************************************************
2026-10-01 11:36:43,444 - INFO - --- training epoch 15, loss 0.0323, mae 0.2118, rmse 0.2543, time elapsed(min) 0.03---
2026-10-01 11:36:43,680 - INFO - --- validation at epoch 15, val_loss 0.0352, val_mae 0.2157, val_rmse 0.2626, val_r2 0.1091, val_pearson 0.3593, lr 1.00e-03 ---
2026-10-01 11:36:43,680 - INFO - 
****************************************************************************************************
2026-10-01 11:36:45,557 - INFO - --- training epoch 16, loss 0.0323, mae 0.2118, rmse 0.2543, time elapsed(min) 0.03---
2026-10-01 11:36:45,806 - INFO - --- validation at epoch 16, val_loss 0.0350, val_mae 0.2147, val_rmse 0.2621, val_r2 0.1127, val_pearson 0.3540, lr 1.00e-03 ---
2026-10-01 11:36:45,806 - INFO - 
****************************************************************************************************
2026-10-01 11:36:47,716 - INFO - --- training epoch 17, loss 0.0323, mae 0.2115, rmse 0.2541, time elapsed(min) 0.03---
2026-10-01 11:36:48,077 - INFO - --- validation at epoch 17, val_loss 0.0349, val_mae 0.2159, val_rmse 0.2620, val_r2 0.1129, val_pearson 0.3487, lr 1.00e-03 ---
2026-10-01 11:36:48,077 - INFO - 
****************************************************************************************************
2026-10-01 11:36:50,158 - INFO - --- training epoch 18, loss 0.0324, mae 0.2112, rmse 0.2544, time elapsed(min) 0.03---
2026-10-01 11:36:50,382 - INFO - --- validation at epoch 18, val_loss 0.0346, val_mae 0.2147, val_rmse 0.2611, val_r2 0.1195, val_pearson 0.3662, lr 1.00e-03 ---
2026-10-01 11:36:50,382 - INFO - 
****************************************************************************************************
2026-10-01 11:36:52,439 - INFO - --- training epoch 19, loss 0.0322, mae 0.2111, rmse 0.2536, time elapsed(min) 0.03---
2026-10-01 11:36:52,671 - INFO - --- validation at epoch 19, val_loss 0.0345, val_mae 0.2154, val_rmse 0.2611, val_r2 0.1193, val_pearson 0.3715, lr 1.00e-03 ---
2026-10-01 11:36:52,671 - INFO - 
****************************************************************************************************
2026-10-01 11:36:54,624 - INFO - --- training epoch 20, loss 0.0323, mae 0.2118, rmse 0.2541, time elapsed(min) 0.03---
2026-10-01 11:36:54,993 - INFO - --- validation at epoch 20, val_loss 0.0350, val_mae 0.2146, val_rmse 0.2622, val_r2 0.1118, val_pearson 0.3616, lr 1.00e-03 ---
2026-10-01 11:36:54,993 - INFO - 
****************************************************************************************************
2026-10-01 11:36:57,110 - INFO - --- training epoch 21, loss 0.0322, mae 0.2109, rmse 0.2539, time elapsed(min) 0.03---
2026-10-01 11:36:57,521 - INFO - --- validation at epoch 21, val_loss 0.0347, val_mae 0.2151, val_rmse 0.2613, val_r2 0.1180, val_pearson 0.3714, lr 1.00e-03 ---
2026-10-01 11:36:57,521 - INFO - 
****************************************************************************************************
2026-10-01 11:36:59,511 - INFO - --- training epoch 22, loss 0.0320, mae 0.2099, rmse 0.2528, time elapsed(min) 0.03---
2026-10-01 11:36:59,744 - INFO - --- validation at epoch 22, val_loss 0.0349, val_mae 0.2142, val_rmse 0.2610, val_r2 0.1196, val_pearson 0.3722, lr 1.00e-03 ---
2026-10-01 11:36:59,744 - INFO - 
****************************************************************************************************
2026-10-01 11:37:01,574 - INFO - --- training epoch 23, loss 0.0323, mae 0.2114, rmse 0.2541, time elapsed(min) 0.03---
2026-10-01 11:37:01,807 - INFO - --- validation at epoch 23, val_loss 0.0345, val_mae 0.2155, val_rmse 0.2603, val_r2 0.1248, val_pearson 0.3640, lr 1.00e-03 ---
2026-10-01 11:37:01,807 - INFO - 
****************************************************************************************************
2026-10-01 11:37:03,848 - INFO - --- training epoch 24, loss 0.0323, mae 0.2108, rmse 0.2543, time elapsed(min) 0.03---
2026-10-01 11:37:04,253 - INFO - --- validation at epoch 24, val_loss 0.0340, val_mae 0.2145, val_rmse 0.2591, val_r2 0.1327, val_pearson 0.3748, lr 1.00e-03 ---
2026-10-01 11:37:04,253 - INFO - 
****************************************************************************************************
2026-10-01 11:37:06,352 - INFO - --- training epoch 25, loss 0.0323, mae 0.2116, rmse 0.2542, time elapsed(min) 0.03---
2026-10-01 11:37:06,597 - INFO - --- validation at epoch 25, val_loss 0.0348, val_mae 0.2146, val_rmse 0.2611, val_r2 0.1192, val_pearson 0.3572, lr 1.00e-03 ---
2026-10-01 11:37:06,597 - INFO - 
****************************************************************************************************
2026-10-01 11:37:08,440 - INFO - --- training epoch 26, loss 0.0318, mae 0.2099, rmse 0.2523, time elapsed(min) 0.03---
2026-10-01 11:37:08,680 - INFO - --- validation at epoch 26, val_loss 0.0346, val_mae 0.2134, val_rmse 0.2601, val_r2 0.1257, val_pearson 0.3780, lr 1.00e-03 ---
2026-10-01 11:37:08,680 - INFO - 
****************************************************************************************************
2026-10-01 11:37:10,598 - INFO - --- training epoch 27, loss 0.0322, mae 0.2103, rmse 0.2537, time elapsed(min) 0.03---
2026-10-01 11:37:11,016 - INFO - --- validation at epoch 27, val_loss 0.0338, val_mae 0.2159, val_rmse 0.2587, val_r2 0.1351, val_pearson 0.3816, lr 1.00e-03 ---
2026-10-01 11:37:11,016 - INFO - 
****************************************************************************************************
2026-10-01 11:37:13,176 - INFO - --- training epoch 28, loss 0.0322, mae 0.2112, rmse 0.2540, time elapsed(min) 0.03---
2026-10-01 11:37:13,408 - INFO - --- validation at epoch 28, val_loss 0.0345, val_mae 0.2135, val_rmse 0.2597, val_r2 0.1286, val_pearson 0.3672, lr 1.00e-03 ---
2026-10-01 11:37:13,408 - INFO - 
****************************************************************************************************
2026-10-01 11:37:15,204 - INFO - --- training epoch 29, loss 0.0319, mae 0.2095, rmse 0.2525, time elapsed(min) 0.03---
2026-10-01 11:37:15,429 - INFO - --- validation at epoch 29, val_loss 0.0353, val_mae 0.2142, val_rmse 0.2621, val_r2 0.1128, val_pearson 0.3691, lr 1.00e-03 ---
2026-10-01 11:37:15,429 - INFO - 
****************************************************************************************************
2026-10-01 11:37:17,254 - INFO - --- training epoch 30, loss 0.0321, mae 0.2112, rmse 0.2534, time elapsed(min) 0.03---
2026-10-01 11:37:17,625 - INFO - --- validation at epoch 30, val_loss 0.0343, val_mae 0.2133, val_rmse 0.2591, val_r2 0.1328, val_pearson 0.3838, lr 1.00e-03 ---
2026-10-01 11:37:17,625 - INFO - 
****************************************************************************************************
2026-10-01 11:37:19,665 - INFO - --- training epoch 31, loss 0.0317, mae 0.2092, rmse 0.2520, time elapsed(min) 0.03---
2026-10-01 11:37:19,897 - INFO - --- validation at epoch 31, val_loss 0.0348, val_mae 0.2123, val_rmse 0.2605, val_r2 0.1231, val_pearson 0.3716, lr 1.00e-03 ---
2026-10-01 11:37:19,897 - INFO - 
****************************************************************************************************
2026-10-01 11:37:21,709 - INFO - --- training epoch 32, loss 0.0316, mae 0.2082, rmse 0.2515, time elapsed(min) 0.03---
2026-10-01 11:37:21,947 - INFO - --- validation at epoch 32, val_loss 0.0343, val_mae 0.2115, val_rmse 0.2586, val_r2 0.1358, val_pearson 0.3891, lr 1.00e-03 ---
2026-10-01 11:37:21,947 - INFO - 
****************************************************************************************************
2026-10-01 11:37:23,878 - INFO - --- training epoch 33, loss 0.0312, mae 0.2075, rmse 0.2497, time elapsed(min) 0.03---
2026-10-01 11:37:24,110 - INFO - --- validation at epoch 33, val_loss 0.0333, val_mae 0.2157, val_rmse 0.2567, val_r2 0.1487, val_pearson 0.3919, lr 1.00e-03 ---
2026-10-01 11:37:24,110 - INFO - 
****************************************************************************************************
2026-10-01 11:37:26,054 - INFO - --- training epoch 34, loss 0.0312, mae 0.2069, rmse 0.2497, time elapsed(min) 0.03---
2026-10-01 11:37:26,453 - INFO - --- validation at epoch 34, val_loss 0.0343, val_mae 0.2082, val_rmse 0.2563, val_r2 0.1514, val_pearson 0.4285, lr 1.00e-03 ---
2026-10-01 11:37:26,453 - INFO - 
****************************************************************************************************
2026-10-01 11:37:28,520 - INFO - --- training epoch 35, loss 0.0305, mae 0.2028, rmse 0.2468, time elapsed(min) 0.03---
2026-10-01 11:37:28,743 - INFO - --- validation at epoch 35, val_loss 0.0298, val_mae 0.1995, val_rmse 0.2402, val_r2 0.2543, val_pearson 0.5384, lr 1.00e-03 ---
2026-10-01 11:37:28,744 - INFO - 
****************************************************************************************************
2026-10-01 11:37:30,668 - INFO - --- training epoch 36, loss 0.0270, mae 0.1903, rmse 0.2325, time elapsed(min) 0.03---
2026-10-01 11:37:30,895 - INFO - --- validation at epoch 36, val_loss 0.0287, val_mae 0.1963, val_rmse 0.2346, val_r2 0.2889, val_pearson 0.5408, lr 1.00e-03 ---
2026-10-01 11:37:30,895 - INFO - 
****************************************************************************************************
2026-10-01 11:37:32,908 - INFO - --- training epoch 37, loss 0.0255, mae 0.1841, rmse 0.2260, time elapsed(min) 0.03---
2026-10-01 11:37:33,315 - INFO - --- validation at epoch 37, val_loss 0.0266, val_mae 0.1778, val_rmse 0.2172, val_r2 0.3903, val_pearson 0.6437, lr 1.00e-03 ---
2026-10-01 11:37:33,316 - INFO - 
****************************************************************************************************
2026-10-01 11:37:35,419 - INFO - --- training epoch 38, loss 0.0221, mae 0.1692, rmse 0.2104, time elapsed(min) 0.03---
2026-10-01 11:37:35,649 - INFO - --- validation at epoch 38, val_loss 0.0222, val_mae 0.1631, val_rmse 0.1991, val_r2 0.4878, val_pearson 0.6999, lr 1.00e-03 ---
2026-10-01 11:37:35,649 - INFO - 
****************************************************************************************************
2026-10-01 11:37:37,557 - INFO - --- training epoch 39, loss 0.0217, mae 0.1669, rmse 0.2082, time elapsed(min) 0.03---
2026-10-01 11:37:37,794 - INFO - --- validation at epoch 39, val_loss 0.0216, val_mae 0.1633, val_rmse 0.1979, val_r2 0.4943, val_pearson 0.7088, lr 1.00e-03 ---
2026-10-01 11:37:37,795 - INFO - 
****************************************************************************************************
2026-10-01 11:37:39,816 - INFO - --- training epoch 40, loss 0.0210, mae 0.1643, rmse 0.2051, time elapsed(min) 0.03---
2026-10-01 11:37:40,226 - INFO - --- validation at epoch 40, val_loss 0.0222, val_mae 0.1577, val_rmse 0.1969, val_r2 0.4989, val_pearson 0.7107, lr 1.00e-03 ---
2026-10-01 11:37:40,226 - INFO - 
****************************************************************************************************
2026-10-01 11:37:42,287 - INFO - --- training epoch 41, loss 0.0198, mae 0.1587, rmse 0.1992, time elapsed(min) 0.03---
2026-10-01 11:37:42,512 - INFO - --- validation at epoch 41, val_loss 0.0212, val_mae 0.1576, val_rmse 0.1957, val_r2 0.5051, val_pearson 0.7258, lr 1.00e-03 ---
2026-10-01 11:37:42,512 - INFO - 
****************************************************************************************************
2026-10-01 11:37:44,419 - INFO - --- training epoch 42, loss 0.0189, mae 0.1543, rmse 0.1942, time elapsed(min) 0.03---
2026-10-01 11:37:44,650 - INFO - --- validation at epoch 42, val_loss 0.0209, val_mae 0.1500, val_rmse 0.1883, val_r2 0.5419, val_pearson 0.7368, lr 1.00e-03 ---
2026-10-01 11:37:44,650 - INFO - 
****************************************************************************************************
2026-10-01 11:37:46,591 - INFO - --- training epoch 43, loss 0.0180, mae 0.1506, rmse 0.1899, time elapsed(min) 0.03---
2026-10-01 11:37:46,976 - INFO - --- validation at epoch 43, val_loss 0.0194, val_mae 0.1436, val_rmse 0.1828, val_r2 0.5681, val_pearson 0.7543, lr 1.00e-03 ---
2026-10-01 11:37:46,976 - INFO - 
****************************************************************************************************
2026-10-01 11:37:49,220 - INFO - --- training epoch 44, loss 0.0184, mae 0.1503, rmse 0.1920, time elapsed(min) 0.03---
2026-10-01 11:37:49,450 - INFO - --- validation at epoch 44, val_loss 0.0186, val_mae 0.1434, val_rmse 0.1833, val_r2 0.5660, val_pearson 0.7601, lr 1.00e-03 ---
2026-10-01 11:37:49,450 - INFO - 
****************************************************************************************************
2026-10-01 11:37:51,355 - INFO - --- training epoch 45, loss 0.0176, mae 0.1475, rmse 0.1878, time elapsed(min) 0.03---
2026-10-01 11:37:51,590 - INFO - --- validation at epoch 45, val_loss 0.0183, val_mae 0.1403, val_rmse 0.1796, val_r2 0.5835, val_pearson 0.7730, lr 1.00e-03 ---
2026-10-01 11:37:51,590 - INFO - 
****************************************************************************************************
2026-10-01 11:37:53,535 - INFO - --- training epoch 46, loss 0.0187, mae 0.1510, rmse 0.1936, time elapsed(min) 0.03---
2026-10-01 11:37:53,763 - INFO - --- validation at epoch 46, val_loss 0.0176, val_mae 0.1437, val_rmse 0.1792, val_r2 0.5852, val_pearson 0.7691, lr 1.00e-03 ---
2026-10-01 11:37:53,763 - INFO - 
****************************************************************************************************
2026-10-01 11:37:55,790 - INFO - --- training epoch 47, loss 0.0178, mae 0.1468, rmse 0.1885, time elapsed(min) 0.03---
2026-10-01 11:37:56,199 - INFO - --- validation at epoch 47, val_loss 0.0192, val_mae 0.1428, val_rmse 0.1852, val_r2 0.5570, val_pearson 0.7648, lr 1.00e-03 ---
2026-10-01 11:37:56,199 - INFO - 
****************************************************************************************************
2026-10-01 11:37:58,140 - INFO - --- training epoch 48, loss 0.0168, mae 0.1428, rmse 0.1833, time elapsed(min) 0.03---
2026-10-01 11:37:58,378 - INFO - --- validation at epoch 48, val_loss 0.0180, val_mae 0.1389, val_rmse 0.1784, val_r2 0.5886, val_pearson 0.7745, lr 1.00e-03 ---
2026-10-01 11:37:58,378 - INFO - 
****************************************************************************************************
2026-10-01 11:38:00,291 - INFO - --- training epoch 49, loss 0.0166, mae 0.1417, rmse 0.1824, time elapsed(min) 0.03---
2026-10-01 11:38:00,520 - INFO - --- validation at epoch 49, val_loss 0.0192, val_mae 0.1402, val_rmse 0.1850, val_r2 0.5579, val_pearson 0.7770, lr 1.00e-03 ---
2026-10-01 11:38:00,520 - INFO - 
****************************************************************************************************
2026-10-01 11:38:02,489 - INFO - --- training epoch 50, loss 0.0166, mae 0.1418, rmse 0.1823, time elapsed(min) 0.03---
2026-10-01 11:38:02,863 - INFO - --- validation at epoch 50, val_loss 0.0175, val_mae 0.1345, val_rmse 0.1752, val_r2 0.6034, val_pearson 0.7813, lr 1.00e-03 ---
2026-10-01 11:38:02,863 - INFO - 
****************************************************************************************************
2026-10-01 11:38:05,027 - INFO - --- training epoch 51, loss 0.0166, mae 0.1408, rmse 0.1819, time elapsed(min) 0.03---
2026-10-01 11:38:05,255 - INFO - --- validation at epoch 51, val_loss 0.0163, val_mae 0.1337, val_rmse 0.1712, val_r2 0.6215, val_pearson 0.7903, lr 1.00e-03 ---
2026-10-01 11:38:05,256 - INFO - 
****************************************************************************************************
2026-10-01 11:38:07,168 - INFO - --- training epoch 52, loss 0.0170, mae 0.1433, rmse 0.1845, time elapsed(min) 0.03---
2026-10-01 11:38:07,395 - INFO - --- validation at epoch 52, val_loss 0.0190, val_mae 0.1387, val_rmse 0.1823, val_r2 0.5706, val_pearson 0.7841, lr 1.00e-03 ---
2026-10-01 11:38:07,396 - INFO - 
****************************************************************************************************
2026-10-01 11:38:09,255 - INFO - --- training epoch 53, loss 0.0164, mae 0.1405, rmse 0.1810, time elapsed(min) 0.03---
2026-10-01 11:38:09,625 - INFO - --- validation at epoch 53, val_loss 0.0182, val_mae 0.1367, val_rmse 0.1790, val_r2 0.5859, val_pearson 0.7798, lr 1.00e-03 ---
2026-10-01 11:38:09,626 - INFO - 
****************************************************************************************************
2026-10-01 11:38:11,701 - INFO - --- training epoch 54, loss 0.0165, mae 0.1402, rmse 0.1814, time elapsed(min) 0.03---
2026-10-01 11:38:11,934 - INFO - --- validation at epoch 54, val_loss 0.0182, val_mae 0.1369, val_rmse 0.1816, val_r2 0.5738, val_pearson 0.7928, lr 1.00e-03 ---
2026-10-01 11:38:11,934 - INFO - 
****************************************************************************************************
2026-10-01 11:38:13,824 - INFO - --- training epoch 55, loss 0.0157, mae 0.1377, rmse 0.1773, time elapsed(min) 0.03---
2026-10-01 11:38:14,050 - INFO - --- validation at epoch 55, val_loss 0.0189, val_mae 0.1362, val_rmse 0.1824, val_r2 0.5704, val_pearson 0.7785, lr 1.00e-03 ---
2026-10-01 11:38:14,051 - INFO - 
****************************************************************************************************
2026-10-01 11:38:15,947 - INFO - --- training epoch 56, loss 0.0159, mae 0.1381, rmse 0.1783, time elapsed(min) 0.03---
2026-10-01 11:38:16,325 - INFO - --- validation at epoch 56, val_loss 0.0176, val_mae 0.1338, val_rmse 0.1759, val_r2 0.6002, val_pearson 0.7877, lr 1.00e-03 ---
2026-10-01 11:38:16,325 - INFO - 
****************************************************************************************************
2026-10-01 11:38:18,438 - INFO - --- training epoch 57, loss 0.0152, mae 0.1341, rmse 0.1743, time elapsed(min) 0.03---
2026-10-01 11:38:18,673 - INFO - --- validation at epoch 57, val_loss 0.0187, val_mae 0.1372, val_rmse 0.1825, val_r2 0.5695, val_pearson 0.7838, lr 1.00e-03 ---
2026-10-01 11:38:18,673 - INFO - 
****************************************************************************************************
2026-10-01 11:38:20,596 - INFO - --- training epoch 58, loss 0.0148, mae 0.1324, rmse 0.1722, time elapsed(min) 0.03---
2026-10-01 11:38:20,840 - INFO - --- validation at epoch 58, val_loss 0.0170, val_mae 0.1291, val_rmse 0.1720, val_r2 0.6179, val_pearson 0.7911, lr 1.00e-03 ---
2026-10-01 11:38:20,840 - INFO - 
****************************************************************************************************
2026-10-01 11:38:22,830 - INFO - --- training epoch 59, loss 0.0155, mae 0.1355, rmse 0.1760, time elapsed(min) 0.03---
2026-10-01 11:38:23,185 - INFO - --- validation at epoch 59, val_loss 0.0174, val_mae 0.1305, val_rmse 0.1754, val_r2 0.6024, val_pearson 0.7883, lr 1.00e-03 ---
2026-10-01 11:38:23,185 - INFO - 
****************************************************************************************************
2026-10-01 11:38:25,267 - INFO - --- training epoch 60, loss 0.0156, mae 0.1363, rmse 0.1769, time elapsed(min) 0.03---
2026-10-01 11:38:25,503 - INFO - --- validation at epoch 60, val_loss 0.0162, val_mae 0.1279, val_rmse 0.1698, val_r2 0.6273, val_pearson 0.7945, lr 1.00e-03 ---
2026-10-01 11:38:25,503 - INFO - 
****************************************************************************************************
2026-10-01 11:38:27,468 - INFO - --- training epoch 61, loss 0.0152, mae 0.1337, rmse 0.1743, time elapsed(min) 0.03---
2026-10-01 11:38:27,698 - INFO - --- validation at epoch 61, val_loss 0.0173, val_mae 0.1331, val_rmse 0.1732, val_r2 0.6123, val_pearson 0.7838, lr 1.00e-03 ---
2026-10-01 11:38:27,698 - INFO - 
****************************************************************************************************
2026-10-01 11:38:29,570 - INFO - --- training epoch 62, loss 0.0161, mae 0.1385, rmse 0.1796, time elapsed(min) 0.03---
2026-10-01 11:38:29,806 - INFO - --- validation at epoch 62, val_loss 0.0172, val_mae 0.1308, val_rmse 0.1746, val_r2 0.6062, val_pearson 0.7906, lr 1.00e-03 ---
2026-10-01 11:38:29,806 - INFO - 
****************************************************************************************************
2026-10-01 11:38:31,825 - INFO - --- training epoch 63, loss 0.0156, mae 0.1349, rmse 0.1766, time elapsed(min) 0.03---
2026-10-01 11:38:32,203 - INFO - --- validation at epoch 63, val_loss 0.0164, val_mae 0.1314, val_rmse 0.1770, val_r2 0.5954, val_pearson 0.7953, lr 1.00e-03 ---
2026-10-01 11:38:32,203 - INFO - 
****************************************************************************************************
2026-10-01 11:38:34,116 - INFO - --- training epoch 64, loss 0.0152, mae 0.1331, rmse 0.1741, time elapsed(min) 0.03---
2026-10-01 11:38:34,340 - INFO - --- validation at epoch 64, val_loss 0.0182, val_mae 0.1308, val_rmse 0.1792, val_r2 0.5851, val_pearson 0.7853, lr 1.00e-03 ---
2026-10-01 11:38:34,340 - INFO - 
****************************************************************************************************
2026-10-01 11:38:36,175 - INFO - --- training epoch 65, loss 0.0152, mae 0.1337, rmse 0.1743, time elapsed(min) 0.03---
2026-10-01 11:38:36,392 - INFO - --- validation at epoch 65, val_loss 0.0153, val_mae 0.1271, val_rmse 0.1672, val_r2 0.6386, val_pearson 0.8020, lr 1.00e-03 ---
2026-10-01 11:38:36,392 - INFO - 
****************************************************************************************************
2026-10-01 11:38:38,405 - INFO - --- training epoch 66, loss 0.0146, mae 0.1305, rmse 0.1710, time elapsed(min) 0.03---
2026-10-01 11:38:38,809 - INFO - --- validation at epoch 66, val_loss 0.0153, val_mae 0.1264, val_rmse 0.1675, val_r2 0.6375, val_pearson 0.8034, lr 1.00e-03 ---
2026-10-01 11:38:38,809 - INFO - 
****************************************************************************************************
2026-10-01 11:38:40,764 - INFO - --- training epoch 67, loss 0.0148, mae 0.1309, rmse 0.1719, time elapsed(min) 0.03---
2026-10-01 11:38:40,996 - INFO - --- validation at epoch 67, val_loss 0.0160, val_mae 0.1268, val_rmse 0.1719, val_r2 0.6183, val_pearson 0.8051, lr 1.00e-03 ---
2026-10-01 11:38:40,996 - INFO - 
****************************************************************************************************
2026-10-01 11:38:42,830 - INFO - --- training epoch 68, loss 0.0147, mae 0.1308, rmse 0.1713, time elapsed(min) 0.03---
2026-10-01 11:38:43,064 - INFO - --- validation at epoch 68, val_loss 0.0150, val_mae 0.1271, val_rmse 0.1675, val_r2 0.6376, val_pearson 0.8090, lr 1.00e-03 ---
2026-10-01 11:38:43,065 - INFO - 
****************************************************************************************************
2026-10-01 11:38:45,142 - INFO - --- training epoch 69, loss 0.0137, mae 0.1255, rmse 0.1655, time elapsed(min) 0.03---
2026-10-01 11:38:45,550 - INFO - --- validation at epoch 69, val_loss 0.0148, val_mae 0.1203, val_rmse 0.1640, val_r2 0.6525, val_pearson 0.8141, lr 1.00e-03 ---
2026-10-01 11:38:45,550 - INFO - 
****************************************************************************************************
2026-10-01 11:38:47,720 - INFO - --- training epoch 70, loss 0.0139, mae 0.1266, rmse 0.1667, time elapsed(min) 0.03---
2026-10-01 11:38:47,985 - INFO - --- validation at epoch 70, val_loss 0.0165, val_mae 0.1255, val_rmse 0.1715, val_r2 0.6198, val_pearson 0.8068, lr 1.00e-03 ---
2026-10-01 11:38:47,986 - INFO - 
****************************************************************************************************
2026-10-01 11:38:49,840 - INFO - --- training epoch 71, loss 0.0141, mae 0.1279, rmse 0.1681, time elapsed(min) 0.03---
2026-10-01 11:38:50,072 - INFO - --- validation at epoch 71, val_loss 0.0156, val_mae 0.1257, val_rmse 0.1704, val_r2 0.6247, val_pearson 0.8035, lr 1.00e-03 ---
2026-10-01 11:38:50,073 - INFO - 
****************************************************************************************************
2026-10-01 11:38:51,991 - INFO - --- training epoch 72, loss 0.0141, mae 0.1276, rmse 0.1677, time elapsed(min) 0.03---
2026-10-01 11:38:52,391 - INFO - --- validation at epoch 72, val_loss 0.0149, val_mae 0.1234, val_rmse 0.1653, val_r2 0.6470, val_pearson 0.8129, lr 1.00e-03 ---
2026-10-01 11:38:52,391 - INFO - 
****************************************************************************************************
2026-10-01 11:38:54,439 - INFO - --- training epoch 73, loss 0.0133, mae 0.1239, rmse 0.1631, time elapsed(min) 0.03---
2026-10-01 11:38:54,668 - INFO - --- validation at epoch 73, val_loss 0.0144, val_mae 0.1182, val_rmse 0.1622, val_r2 0.6601, val_pearson 0.8146, lr 1.00e-03 ---
2026-10-01 11:38:54,668 - INFO - 
****************************************************************************************************
2026-10-01 11:38:56,781 - INFO - --- training epoch 74, loss 0.0129, mae 0.1211, rmse 0.1606, time elapsed(min) 0.03---
2026-10-01 11:38:57,015 - INFO - --- validation at epoch 74, val_loss 0.0144, val_mae 0.1175, val_rmse 0.1605, val_r2 0.6674, val_pearson 0.8203, lr 1.00e-03 ---
2026-10-01 11:38:57,015 - INFO - 
****************************************************************************************************
2026-10-01 11:38:59,055 - INFO - --- training epoch 75, loss 0.0133, mae 0.1221, rmse 0.1633, time elapsed(min) 0.03---
2026-10-01 11:38:59,438 - INFO - --- validation at epoch 75, val_loss 0.0150, val_mae 0.1220, val_rmse 0.1652, val_r2 0.6474, val_pearson 0.8163, lr 1.00e-03 ---
2026-10-01 11:38:59,438 - INFO - 
****************************************************************************************************
2026-10-01 11:39:01,602 - INFO - --- training epoch 76, loss 0.0137, mae 0.1250, rmse 0.1655, time elapsed(min) 0.03---
2026-10-01 11:39:01,831 - INFO - --- validation at epoch 76, val_loss 0.0138, val_mae 0.1188, val_rmse 0.1592, val_r2 0.6724, val_pearson 0.8211, lr 1.00e-03 ---
2026-10-01 11:39:01,831 - INFO - 
****************************************************************************************************
2026-10-01 11:39:03,757 - INFO - --- training epoch 77, loss 0.0128, mae 0.1198, rmse 0.1598, time elapsed(min) 0.03---
2026-10-01 11:39:03,991 - INFO - --- validation at epoch 77, val_loss 0.0138, val_mae 0.1171, val_rmse 0.1587, val_r2 0.6745, val_pearson 0.8231, lr 1.00e-03 ---
2026-10-01 11:39:03,991 - INFO - 
****************************************************************************************************
2026-10-01 11:39:05,836 - INFO - --- training epoch 78, loss 0.0128, mae 0.1201, rmse 0.1601, time elapsed(min) 0.03---
2026-10-01 11:39:06,210 - INFO - --- validation at epoch 78, val_loss 0.0139, val_mae 0.1178, val_rmse 0.1611, val_r2 0.6648, val_pearson 0.8157, lr 1.00e-03 ---
2026-10-01 11:39:06,210 - INFO - 
****************************************************************************************************
2026-10-01 11:39:08,262 - INFO - --- training epoch 79, loss 0.0133, mae 0.1233, rmse 0.1632, time elapsed(min) 0.03---
2026-10-01 11:39:08,499 - INFO - --- validation at epoch 79, val_loss 0.0140, val_mae 0.1187, val_rmse 0.1631, val_r2 0.6565, val_pearson 0.8187, lr 1.00e-03 ---
2026-10-01 11:39:08,499 - INFO - 
****************************************************************************************************
2026-10-01 11:39:10,315 - INFO - --- training epoch 80, loss 0.0126, mae 0.1187, rmse 0.1589, time elapsed(min) 0.03---
2026-10-01 11:39:10,543 - INFO - --- validation at epoch 80, val_loss 0.0150, val_mae 0.1216, val_rmse 0.1661, val_r2 0.6435, val_pearson 0.8175, lr 1.00e-03 ---
2026-10-01 11:39:10,543 - INFO - 
****************************************************************************************************
2026-10-01 11:39:12,479 - INFO - --- training epoch 81, loss 0.0127, mae 0.1187, rmse 0.1591, time elapsed(min) 0.03---
2026-10-01 11:39:12,851 - INFO - --- validation at epoch 81, val_loss 0.0144, val_mae 0.1190, val_rmse 0.1617, val_r2 0.6621, val_pearson 0.8256, lr 1.00e-03 ---
2026-10-01 11:39:12,851 - INFO - 
****************************************************************************************************
2026-10-01 11:39:15,013 - INFO - --- training epoch 82, loss 0.0137, mae 0.1241, rmse 0.1655, time elapsed(min) 0.03---
2026-10-01 11:39:15,246 - INFO - --- validation at epoch 82, val_loss 0.0146, val_mae 0.1232, val_rmse 0.1630, val_r2 0.6565, val_pearson 0.8136, lr 1.00e-03 ---
2026-10-01 11:39:15,247 - INFO - 
****************************************************************************************************
2026-10-01 11:39:17,255 - INFO - --- training epoch 83, loss 0.0135, mae 0.1243, rmse 0.1645, time elapsed(min) 0.03---
2026-10-01 11:39:17,485 - INFO - --- validation at epoch 83, val_loss 0.0141, val_mae 0.1185, val_rmse 0.1613, val_r2 0.6637, val_pearson 0.8165, lr 1.00e-03 ---
2026-10-01 11:39:17,485 - INFO - 
****************************************************************************************************
2026-10-01 11:39:19,319 - INFO - --- training epoch 84, loss 0.0128, mae 0.1200, rmse 0.1599, time elapsed(min) 0.03---
2026-10-01 11:39:19,550 - INFO - --- validation at epoch 84, val_loss 0.0138, val_mae 0.1209, val_rmse 0.1628, val_r2 0.6575, val_pearson 0.8276, lr 1.00e-03 ---
2026-10-01 11:39:19,550 - INFO - 
****************************************************************************************************
2026-10-01 11:39:21,592 - INFO - --- training epoch 85, loss 0.0125, mae 0.1187, rmse 0.1582, time elapsed(min) 0.03---
2026-10-01 11:39:21,989 - INFO - --- validation at epoch 85, val_loss 0.0139, val_mae 0.1185, val_rmse 0.1599, val_r2 0.6695, val_pearson 0.8232, lr 1.00e-03 ---
2026-10-01 11:39:21,989 - INFO - 
****************************************************************************************************
2026-10-01 11:39:23,949 - INFO - --- training epoch 86, loss 0.0122, mae 0.1171, rmse 0.1563, time elapsed(min) 0.03---
2026-10-01 11:39:24,201 - INFO - --- validation at epoch 86, val_loss 0.0134, val_mae 0.1161, val_rmse 0.1579, val_r2 0.6777, val_pearson 0.8285, lr 1.00e-03 ---
2026-10-01 11:39:24,202 - INFO - 
****************************************************************************************************
2026-10-01 11:39:26,129 - INFO - --- training epoch 87, loss 0.0122, mae 0.1169, rmse 0.1562, time elapsed(min) 0.03---
2026-10-01 11:39:26,365 - INFO - --- validation at epoch 87, val_loss 0.0143, val_mae 0.1179, val_rmse 0.1601, val_r2 0.6687, val_pearson 0.8228, lr 1.00e-03 ---
2026-10-01 11:39:26,365 - INFO - 
****************************************************************************************************
2026-10-01 11:39:28,305 - INFO - --- training epoch 88, loss 0.0126, mae 0.1192, rmse 0.1586, time elapsed(min) 0.03---
2026-10-01 11:39:28,740 - INFO - --- validation at epoch 88, val_loss 0.0123, val_mae 0.1127, val_rmse 0.1517, val_r2 0.7027, val_pearson 0.8386, lr 1.00e-03 ---
2026-10-01 11:39:28,740 - INFO - 
****************************************************************************************************
2026-10-01 11:39:30,830 - INFO - --- training epoch 89, loss 0.0122, mae 0.1171, rmse 0.1563, time elapsed(min) 0.03---
2026-10-01 11:39:31,062 - INFO - --- validation at epoch 89, val_loss 0.0132, val_mae 0.1146, val_rmse 0.1560, val_r2 0.6856, val_pearson 0.8338, lr 1.00e-03 ---
2026-10-01 11:39:31,062 - INFO - 
****************************************************************************************************
2026-10-01 11:39:32,900 - INFO - --- training epoch 90, loss 0.0123, mae 0.1170, rmse 0.1567, time elapsed(min) 0.03---
2026-10-01 11:39:33,157 - INFO - --- validation at epoch 90, val_loss 0.0117, val_mae 0.1104, val_rmse 0.1507, val_r2 0.7066, val_pearson 0.8433, lr 1.00e-03 ---
2026-10-01 11:39:33,157 - INFO - 
****************************************************************************************************
2026-10-01 11:39:35,234 - INFO - --- training epoch 91, loss 0.0127, mae 0.1186, rmse 0.1592, time elapsed(min) 0.03---
2026-10-01 11:39:35,668 - INFO - --- validation at epoch 91, val_loss 0.0125, val_mae 0.1163, val_rmse 0.1551, val_r2 0.6893, val_pearson 0.8337, lr 1.00e-03 ---
2026-10-01 11:39:35,668 - INFO - 
****************************************************************************************************
2026-10-01 11:39:37,582 - INFO - --- training epoch 92, loss 0.0121, mae 0.1168, rmse 0.1555, time elapsed(min) 0.03---
2026-10-01 11:39:37,817 - INFO - --- validation at epoch 92, val_loss 0.0135, val_mae 0.1133, val_rmse 0.1570, val_r2 0.6815, val_pearson 0.8292, lr 1.00e-03 ---
2026-10-01 11:39:37,817 - INFO - 
****************************************************************************************************
2026-10-01 11:39:39,629 - INFO - --- training epoch 93, loss 0.0119, mae 0.1155, rmse 0.1544, time elapsed(min) 0.03---
2026-10-01 11:39:39,867 - INFO - --- validation at epoch 93, val_loss 0.0126, val_mae 0.1129, val_rmse 0.1544, val_r2 0.6918, val_pearson 0.8381, lr 1.00e-03 ---
2026-10-01 11:39:39,867 - INFO - 
****************************************************************************************************
2026-10-01 11:39:41,742 - INFO - --- training epoch 94, loss 0.0119, mae 0.1157, rmse 0.1540, time elapsed(min) 0.03---
2026-10-01 11:39:42,117 - INFO - --- validation at epoch 94, val_loss 0.0134, val_mae 0.1177, val_rmse 0.1594, val_r2 0.6717, val_pearson 0.8297, lr 1.00e-03 ---
2026-10-01 11:39:42,117 - INFO - 
****************************************************************************************************
2026-10-01 11:39:44,179 - INFO - --- training epoch 95, loss 0.0124, mae 0.1186, rmse 0.1576, time elapsed(min) 0.03---
2026-10-01 11:39:44,406 - INFO - --- validation at epoch 95, val_loss 0.0130, val_mae 0.1150, val_rmse 0.1557, val_r2 0.6870, val_pearson 0.8334, lr 1.00e-03 ---
2026-10-01 11:39:44,406 - INFO - 
****************************************************************************************************
2026-10-01 11:39:46,222 - INFO - --- training epoch 96, loss 0.0118, mae 0.1148, rmse 0.1535, time elapsed(min) 0.03---
2026-10-01 11:39:46,456 - INFO - --- validation at epoch 96, val_loss 0.0123, val_mae 0.1104, val_rmse 0.1506, val_r2 0.7068, val_pearson 0.8439, lr 1.00e-03 ---
2026-10-01 11:39:46,456 - INFO - 
****************************************************************************************************
2026-10-01 11:39:48,328 - INFO - --- training epoch 97, loss 0.0117, mae 0.1137, rmse 0.1529, time elapsed(min) 0.03---
2026-10-01 11:39:48,560 - INFO - --- validation at epoch 97, val_loss 0.0124, val_mae 0.1136, val_rmse 0.1524, val_r2 0.7001, val_pearson 0.8415, lr 1.00e-03 ---
2026-10-01 11:39:48,560 - INFO - 
****************************************************************************************************
2026-10-01 11:39:50,527 - INFO - --- training epoch 98, loss 0.0118, mae 0.1157, rmse 0.1539, time elapsed(min) 0.03---
2026-10-01 11:39:50,921 - INFO - --- validation at epoch 98, val_loss 0.0133, val_mae 0.1160, val_rmse 0.1549, val_r2 0.6901, val_pearson 0.8347, lr 1.00e-03 ---
2026-10-01 11:39:50,921 - INFO - 
****************************************************************************************************
2026-10-01 11:39:52,843 - INFO - --- training epoch 99, loss 0.0118, mae 0.1151, rmse 0.1537, time elapsed(min) 0.03---
2026-10-01 11:39:53,073 - INFO - --- validation at epoch 99, val_loss 0.0123, val_mae 0.1100, val_rmse 0.1504, val_r2 0.7076, val_pearson 0.8428, lr 1.00e-03 ---
2026-10-01 11:39:53,073 - INFO - 
****************************************************************************************************
2026-10-01 11:39:54,929 - INFO - --- training epoch 100, loss 0.0121, mae 0.1167, rmse 0.1557, time elapsed(min) 0.03---
2026-10-01 11:39:55,160 - INFO - --- validation at epoch 100, val_loss 0.0137, val_mae 0.1137, val_rmse 0.1552, val_r2 0.6887, val_pearson 0.8370, lr 1.00e-03 ---
2026-10-01 11:39:55,160 - INFO - 
****************************************************************************************************
2026-10-01 11:39:57,006 - INFO - --- training epoch 101, loss 0.0112, mae 0.1114, rmse 0.1496, time elapsed(min) 0.03---
2026-10-01 11:39:57,422 - INFO - --- validation at epoch 101, val_loss 0.0123, val_mae 0.1097, val_rmse 0.1496, val_r2 0.7107, val_pearson 0.8442, lr 1.00e-03 ---
2026-10-01 11:39:57,422 - INFO - 
****************************************************************************************************
2026-10-01 11:39:59,625 - INFO - --- training epoch 102, loss 0.0107, mae 0.1092, rmse 0.1461, time elapsed(min) 0.03---
2026-10-01 11:39:59,855 - INFO - --- validation at epoch 102, val_loss 0.0114, val_mae 0.1093, val_rmse 0.1487, val_r2 0.7142, val_pearson 0.8485, lr 3.00e-04 ---
2026-10-01 11:39:59,855 - INFO - 
****************************************************************************************************
2026-10-01 11:40:01,843 - INFO - --- training epoch 103, loss 0.0102, mae 0.1060, rmse 0.1428, time elapsed(min) 0.03---
2026-10-01 11:40:02,071 - INFO - --- validation at epoch 103, val_loss 0.0115, val_mae 0.1087, val_rmse 0.1485, val_r2 0.7152, val_pearson 0.8483, lr 3.00e-04 ---
2026-10-01 11:40:02,071 - INFO - 
****************************************************************************************************
2026-10-01 11:40:03,943 - INFO - --- training epoch 104, loss 0.0103, mae 0.1067, rmse 0.1436, time elapsed(min) 0.03---
2026-10-01 11:40:04,310 - INFO - --- validation at epoch 104, val_loss 0.0113, val_mae 0.1074, val_rmse 0.1471, val_r2 0.7206, val_pearson 0.8523, lr 3.00e-04 ---
2026-10-01 11:40:04,310 - INFO - 
****************************************************************************************************
2026-10-01 11:40:06,540 - INFO - --- training epoch 105, loss 0.0101, mae 0.1056, rmse 0.1421, time elapsed(min) 0.03---
2026-10-01 11:40:06,763 - INFO - --- validation at epoch 105, val_loss 0.0111, val_mae 0.1054, val_rmse 0.1452, val_r2 0.7275, val_pearson 0.8541, lr 3.00e-04 ---
2026-10-01 11:40:06,763 - INFO - 
****************************************************************************************************
2026-10-01 11:40:08,673 - INFO - --- training epoch 106, loss 0.0103, mae 0.1060, rmse 0.1434, time elapsed(min) 0.03---
2026-10-01 11:40:08,901 - INFO - --- validation at epoch 106, val_loss 0.0109, val_mae 0.1054, val_rmse 0.1444, val_r2 0.7306, val_pearson 0.8555, lr 3.00e-04 ---
2026-10-01 11:40:08,902 - INFO - 
****************************************************************************************************
2026-10-01 11:40:10,977 - INFO - --- training epoch 107, loss 0.0101, mae 0.1056, rmse 0.1421, time elapsed(min) 0.03---
2026-10-01 11:40:11,204 - INFO - --- validation at epoch 107, val_loss 0.0109, val_mae 0.1051, val_rmse 0.1444, val_r2 0.7307, val_pearson 0.8553, lr 3.00e-04 ---
2026-10-01 11:40:11,204 - INFO - 
****************************************************************************************************
2026-10-01 11:40:13,152 - INFO - --- training epoch 108, loss 0.0101, mae 0.1056, rmse 0.1419, time elapsed(min) 0.03---
2026-10-01 11:40:13,673 - INFO - --- validation at epoch 108, val_loss 0.0105, val_mae 0.1044, val_rmse 0.1426, val_r2 0.7373, val_pearson 0.8589, lr 3.00e-04 ---
2026-10-01 11:40:13,673 - INFO - 
****************************************************************************************************
2026-10-01 11:40:15,623 - INFO - --- training epoch 109, loss 0.0101, mae 0.1049, rmse 0.1419, time elapsed(min) 0.03---
2026-10-01 11:40:15,854 - INFO - --- validation at epoch 109, val_loss 0.0108, val_mae 0.1039, val_rmse 0.1419, val_r2 0.7398, val_pearson 0.8603, lr 3.00e-04 ---
2026-10-01 11:40:15,854 - INFO - 
****************************************************************************************************
2026-10-01 11:40:17,682 - INFO - --- training epoch 110, loss 0.0102, mae 0.1059, rmse 0.1425, time elapsed(min) 0.03---
2026-10-01 11:40:17,911 - INFO - --- validation at epoch 110, val_loss 0.0110, val_mae 0.1054, val_rmse 0.1442, val_r2 0.7312, val_pearson 0.8555, lr 3.00e-04 ---
2026-10-01 11:40:17,911 - INFO - 
****************************************************************************************************
2026-10-01 11:40:19,816 - INFO - --- training epoch 111, loss 0.0099, mae 0.1044, rmse 0.1410, time elapsed(min) 0.03---
2026-10-01 11:40:20,243 - INFO - --- validation at epoch 111, val_loss 0.0109, val_mae 0.1050, val_rmse 0.1435, val_r2 0.7340, val_pearson 0.8574, lr 3.00e-04 ---
2026-10-01 11:40:20,243 - INFO - 
****************************************************************************************************
2026-10-01 11:40:22,277 - INFO - --- training epoch 112, loss 0.0100, mae 0.1058, rmse 0.1418, time elapsed(min) 0.03---
2026-10-01 11:40:22,513 - INFO - --- validation at epoch 112, val_loss 0.0109, val_mae 0.1055, val_rmse 0.1439, val_r2 0.7326, val_pearson 0.8564, lr 3.00e-04 ---
2026-10-01 11:40:22,513 - INFO - 
****************************************************************************************************
2026-10-01 11:40:24,386 - INFO - --- training epoch 113, loss 0.0099, mae 0.1043, rmse 0.1404, time elapsed(min) 0.03---
2026-10-01 11:40:24,616 - INFO - --- validation at epoch 113, val_loss 0.0109, val_mae 0.1037, val_rmse 0.1427, val_r2 0.7370, val_pearson 0.8590, lr 3.00e-04 ---
2026-10-01 11:40:24,616 - INFO - 
****************************************************************************************************
2026-10-01 11:40:26,532 - INFO - --- training epoch 114, loss 0.0098, mae 0.1041, rmse 0.1402, time elapsed(min) 0.03---
2026-10-01 11:40:26,949 - INFO - --- validation at epoch 114, val_loss 0.0108, val_mae 0.1046, val_rmse 0.1420, val_r2 0.7393, val_pearson 0.8599, lr 3.00e-04 ---
2026-10-01 11:40:26,949 - INFO - 
****************************************************************************************************
2026-10-01 11:40:28,994 - INFO - --- training epoch 115, loss 0.0099, mae 0.1042, rmse 0.1404, time elapsed(min) 0.03---
2026-10-01 11:40:29,232 - INFO - --- validation at epoch 115, val_loss 0.0107, val_mae 0.1044, val_rmse 0.1428, val_r2 0.7366, val_pearson 0.8589, lr 3.00e-04 ---
2026-10-01 11:40:29,232 - INFO - 
****************************************************************************************************
2026-10-01 11:40:31,048 - INFO - --- training epoch 116, loss 0.0096, mae 0.1036, rmse 0.1388, time elapsed(min) 0.03---
2026-10-01 11:40:31,283 - INFO - --- validation at epoch 116, val_loss 0.0112, val_mae 0.1060, val_rmse 0.1447, val_r2 0.7296, val_pearson 0.8550, lr 3.00e-04 ---
2026-10-01 11:40:31,283 - INFO - 
****************************************************************************************************
2026-10-01 11:40:33,179 - INFO - --- training epoch 117, loss 0.0099, mae 0.1041, rmse 0.1404, time elapsed(min) 0.03---
2026-10-01 11:40:33,560 - INFO - --- validation at epoch 117, val_loss 0.0109, val_mae 0.1054, val_rmse 0.1435, val_r2 0.7340, val_pearson 0.8575, lr 3.00e-04 ---
2026-10-01 11:40:33,560 - INFO - 
****************************************************************************************************
2026-10-01 11:40:35,605 - INFO - --- training epoch 118, loss 0.0097, mae 0.1040, rmse 0.1393, time elapsed(min) 0.03---
2026-10-01 11:40:35,838 - INFO - --- validation at epoch 118, val_loss 0.0109, val_mae 0.1062, val_rmse 0.1439, val_r2 0.7323, val_pearson 0.8563, lr 3.00e-04 ---
2026-10-01 11:40:35,838 - INFO - 
****************************************************************************************************
2026-10-01 11:40:37,709 - INFO - --- training epoch 119, loss 0.0097, mae 0.1037, rmse 0.1396, time elapsed(min) 0.03---
2026-10-01 11:40:37,948 - INFO - --- validation at epoch 119, val_loss 0.0112, val_mae 0.1055, val_rmse 0.1444, val_r2 0.7306, val_pearson 0.8567, lr 3.00e-04 ---
2026-10-01 11:40:37,948 - INFO - 
****************************************************************************************************
2026-10-01 11:40:39,781 - INFO - --- training epoch 120, loss 0.0096, mae 0.1019, rmse 0.1385, time elapsed(min) 0.03---
2026-10-01 11:40:40,152 - INFO - --- validation at epoch 120, val_loss 0.0099, val_mae 0.1015, val_rmse 0.1392, val_r2 0.7495, val_pearson 0.8658, lr 9.00e-05 ---
2026-10-01 11:40:40,152 - INFO - 
****************************************************************************************************
2026-10-01 11:40:42,214 - INFO - --- training epoch 121, loss 0.0092, mae 0.1016, rmse 0.1360, time elapsed(min) 0.03---
2026-10-01 11:40:42,767 - INFO - --- validation at epoch 121, val_loss 0.0100, val_mae 0.1024, val_rmse 0.1399, val_r2 0.7472, val_pearson 0.8647, lr 9.00e-05 ---
2026-10-01 11:40:42,767 - INFO - 
****************************************************************************************************
2026-10-01 11:40:44,593 - INFO - --- training epoch 122, loss 0.0093, mae 0.1016, rmse 0.1367, time elapsed(min) 0.03---
2026-10-01 11:40:44,835 - INFO - --- validation at epoch 122, val_loss 0.0100, val_mae 0.1020, val_rmse 0.1395, val_r2 0.7485, val_pearson 0.8652, lr 9.00e-05 ---
2026-10-01 11:40:44,835 - INFO - 
****************************************************************************************************
2026-10-01 11:40:46,753 - INFO - --- training epoch 123, loss 0.0092, mae 0.1012, rmse 0.1353, time elapsed(min) 0.03---
2026-10-01 11:40:46,983 - INFO - --- validation at epoch 123, val_loss 0.0099, val_mae 0.1009, val_rmse 0.1389, val_r2 0.7506, val_pearson 0.8665, lr 9.00e-05 ---
2026-10-01 11:40:46,983 - INFO - 
****************************************************************************************************
2026-10-01 11:40:48,917 - INFO - --- training epoch 124, loss 0.0093, mae 0.1014, rmse 0.1366, time elapsed(min) 0.03---
2026-10-01 11:40:49,320 - INFO - --- validation at epoch 124, val_loss 0.0099, val_mae 0.1011, val_rmse 0.1385, val_r2 0.7522, val_pearson 0.8674, lr 9.00e-05 ---
2026-10-01 11:40:49,320 - INFO - 
****************************************************************************************************
2026-10-01 11:40:51,329 - INFO - --- training epoch 125, loss 0.0091, mae 0.1007, rmse 0.1351, time elapsed(min) 0.02---
2026-10-01 11:40:51,558 - INFO - --- validation at epoch 125, val_loss 0.0099, val_mae 0.1010, val_rmse 0.1389, val_r2 0.7506, val_pearson 0.8664, lr 9.00e-05 ---
2026-10-01 11:40:51,558 - INFO - 
****************************************************************************************************
2026-10-01 11:40:53,466 - INFO - --- training epoch 126, loss 0.0094, mae 0.1019, rmse 0.1370, time elapsed(min) 0.03---
2026-10-01 11:40:53,693 - INFO - --- validation at epoch 126, val_loss 0.0098, val_mae 0.1004, val_rmse 0.1379, val_r2 0.7542, val_pearson 0.8684, lr 9.00e-05 ---
2026-10-01 11:40:53,693 - INFO - 
****************************************************************************************************
2026-10-01 11:40:55,715 - INFO - --- training epoch 127, loss 0.0093, mae 0.1008, rmse 0.1363, time elapsed(min) 0.03---
2026-10-01 11:40:56,094 - INFO - --- validation at epoch 127, val_loss 0.0099, val_mae 0.1008, val_rmse 0.1387, val_r2 0.7515, val_pearson 0.8669, lr 9.00e-05 ---
2026-10-01 11:40:56,094 - INFO - 
****************************************************************************************************
2026-10-01 11:40:58,154 - INFO - --- training epoch 128, loss 0.0091, mae 0.1006, rmse 0.1352, time elapsed(min) 0.03---
2026-10-01 11:40:58,388 - INFO - --- validation at epoch 128, val_loss 0.0098, val_mae 0.1007, val_rmse 0.1382, val_r2 0.7531, val_pearson 0.8679, lr 9.00e-05 ---
2026-10-01 11:40:58,388 - INFO - 
****************************************************************************************************
2026-10-01 11:41:00,273 - INFO - --- training epoch 129, loss 0.0092, mae 0.1004, rmse 0.1355, time elapsed(min) 0.03---
2026-10-01 11:41:00,511 - INFO - --- validation at epoch 129, val_loss 0.0098, val_mae 0.1007, val_rmse 0.1384, val_r2 0.7526, val_pearson 0.8675, lr 9.00e-05 ---
2026-10-01 11:41:00,511 - INFO - 
****************************************************************************************************
2026-10-01 11:41:02,466 - INFO - --- training epoch 130, loss 0.0093, mae 0.1008, rmse 0.1360, time elapsed(min) 0.03---
2026-10-01 11:41:02,827 - INFO - --- validation at epoch 130, val_loss 0.0100, val_mae 0.1016, val_rmse 0.1394, val_r2 0.7491, val_pearson 0.8660, lr 9.00e-05 ---
2026-10-01 11:41:02,827 - INFO - 
****************************************************************************************************
2026-10-01 11:41:04,916 - INFO - --- training epoch 131, loss 0.0091, mae 0.1003, rmse 0.1350, time elapsed(min) 0.03---
2026-10-01 11:41:05,147 - INFO - --- validation at epoch 131, val_loss 0.0099, val_mae 0.1010, val_rmse 0.1391, val_r2 0.7501, val_pearson 0.8664, lr 9.00e-05 ---
2026-10-01 11:41:05,147 - INFO - 
****************************************************************************************************
2026-10-01 11:41:06,960 - INFO - --- training epoch 132, loss 0.0089, mae 0.0990, rmse 0.1336, time elapsed(min) 0.03---
2026-10-01 11:41:07,193 - INFO - --- validation at epoch 132, val_loss 0.0099, val_mae 0.1013, val_rmse 0.1389, val_r2 0.7507, val_pearson 0.8668, lr 9.00e-05 ---
2026-10-01 11:41:07,193 - INFO - 
****************************************************************************************************
2026-10-01 11:41:09,000 - INFO - --- training epoch 133, loss 0.0093, mae 0.1012, rmse 0.1360, time elapsed(min) 0.03---
2026-10-01 11:41:09,238 - INFO - --- validation at epoch 133, val_loss 0.0098, val_mae 0.1006, val_rmse 0.1385, val_r2 0.7523, val_pearson 0.8682, lr 9.00e-05 ---
2026-10-01 11:41:09,238 - INFO - 
****************************************************************************************************
2026-10-01 11:41:11,191 - INFO - --- training epoch 134, loss 0.0091, mae 0.1002, rmse 0.1349, time elapsed(min) 0.03---
2026-10-01 11:41:11,608 - INFO - --- validation at epoch 134, val_loss 0.0099, val_mae 0.1004, val_rmse 0.1386, val_r2 0.7517, val_pearson 0.8673, lr 9.00e-05 ---
2026-10-01 11:41:11,608 - INFO - 
****************************************************************************************************
2026-10-01 11:41:13,549 - INFO - --- training epoch 135, loss 0.0089, mae 0.0986, rmse 0.1333, time elapsed(min) 0.03---
2026-10-01 11:41:13,778 - INFO - --- validation at epoch 135, val_loss 0.0098, val_mae 0.1001, val_rmse 0.1379, val_r2 0.7543, val_pearson 0.8685, lr 9.00e-05 ---
2026-10-01 11:41:13,778 - INFO - 
****************************************************************************************************
2026-10-01 11:41:15,620 - INFO - --- training epoch 136, loss 0.0090, mae 0.0996, rmse 0.1341, time elapsed(min) 0.03---
2026-10-01 11:41:15,850 - INFO - --- validation at epoch 136, val_loss 0.0098, val_mae 0.1000, val_rmse 0.1383, val_r2 0.7529, val_pearson 0.8679, lr 9.00e-05 ---
2026-10-01 11:41:15,850 - INFO - 
****************************************************************************************************
2026-10-01 11:41:17,783 - INFO - --- training epoch 137, loss 0.0092, mae 0.1002, rmse 0.1353, time elapsed(min) 0.03---
2026-10-01 11:41:18,160 - INFO - --- validation at epoch 137, val_loss 0.0098, val_mae 0.1004, val_rmse 0.1380, val_r2 0.7540, val_pearson 0.8687, lr 9.00e-05 ---
2026-10-01 11:41:18,160 - INFO - 
****************************************************************************************************
2026-10-01 11:41:20,206 - INFO - --- training epoch 138, loss 0.0091, mae 0.0998, rmse 0.1347, time elapsed(min) 0.03---
2026-10-01 11:41:20,435 - INFO - --- validation at epoch 138, val_loss 0.0098, val_mae 0.1005, val_rmse 0.1378, val_r2 0.7548, val_pearson 0.8689, lr 9.00e-05 ---
2026-10-01 11:41:20,435 - INFO - 
****************************************************************************************************
2026-10-01 11:41:22,341 - INFO - --- training epoch 139, loss 0.0091, mae 0.1002, rmse 0.1348, time elapsed(min) 0.03---
2026-10-01 11:41:22,569 - INFO - --- validation at epoch 139, val_loss 0.0097, val_mae 0.0998, val_rmse 0.1376, val_r2 0.7552, val_pearson 0.8692, lr 9.00e-05 ---
2026-10-01 11:41:22,569 - INFO - 
****************************************************************************************************
2026-10-01 11:41:24,500 - INFO - --- training epoch 140, loss 0.0093, mae 0.1011, rmse 0.1361, time elapsed(min) 0.03---
2026-10-01 11:41:24,865 - INFO - --- validation at epoch 140, val_loss 0.0096, val_mae 0.0992, val_rmse 0.1369, val_r2 0.7579, val_pearson 0.8707, lr 9.00e-05 ---
2026-10-01 11:41:24,865 - INFO - 
****************************************************************************************************
2026-10-01 11:41:27,007 - INFO - --- training epoch 141, loss 0.0090, mae 0.1000, rmse 0.1345, time elapsed(min) 0.03---
2026-10-01 11:41:27,553 - INFO - --- validation at epoch 141, val_loss 0.0100, val_mae 0.1011, val_rmse 0.1387, val_r2 0.7515, val_pearson 0.8672, lr 9.00e-05 ---
2026-10-01 11:41:27,553 - INFO - 
****************************************************************************************************
2026-10-01 11:41:29,348 - INFO - --- training epoch 142, loss 0.0090, mae 0.0993, rmse 0.1343, time elapsed(min) 0.03---
2026-10-01 11:41:29,570 - INFO - --- validation at epoch 142, val_loss 0.0100, val_mae 0.1011, val_rmse 0.1392, val_r2 0.7497, val_pearson 0.8672, lr 9.00e-05 ---
2026-10-01 11:41:29,571 - INFO - 
****************************************************************************************************
2026-10-01 11:41:31,401 - INFO - --- training epoch 143, loss 0.0088, mae 0.0983, rmse 0.1328, time elapsed(min) 0.03---
2026-10-01 11:41:31,642 - INFO - --- validation at epoch 143, val_loss 0.0099, val_mae 0.1006, val_rmse 0.1384, val_r2 0.7527, val_pearson 0.8682, lr 9.00e-05 ---
2026-10-01 11:41:31,642 - INFO - 
****************************************************************************************************
2026-10-01 11:41:33,530 - INFO - --- training epoch 144, loss 0.0089, mae 0.0990, rmse 0.1331, time elapsed(min) 0.03---
2026-10-01 11:41:33,927 - INFO - --- validation at epoch 144, val_loss 0.0101, val_mae 0.1015, val_rmse 0.1392, val_r2 0.7495, val_pearson 0.8673, lr 9.00e-05 ---
2026-10-01 11:41:33,927 - INFO - 
****************************************************************************************************
2026-10-01 11:41:35,907 - INFO - --- training epoch 145, loss 0.0089, mae 0.0991, rmse 0.1331, time elapsed(min) 0.03---
2026-10-01 11:41:36,135 - INFO - --- validation at epoch 145, val_loss 0.0097, val_mae 0.0994, val_rmse 0.1370, val_r2 0.7574, val_pearson 0.8706, lr 9.00e-05 ---
2026-10-01 11:41:36,135 - INFO - 
****************************************************************************************************
2026-10-01 11:41:37,970 - INFO - --- training epoch 146, loss 0.0090, mae 0.0994, rmse 0.1344, time elapsed(min) 0.03---
2026-10-01 11:41:38,251 - INFO - --- validation at epoch 146, val_loss 0.0098, val_mae 0.1009, val_rmse 0.1381, val_r2 0.7534, val_pearson 0.8683, lr 9.00e-05 ---
2026-10-01 11:41:38,251 - INFO - 
****************************************************************************************************
2026-10-01 11:41:40,227 - INFO - --- training epoch 147, loss 0.0090, mae 0.0991, rmse 0.1344, time elapsed(min) 0.03---
2026-10-01 11:41:40,620 - INFO - --- validation at epoch 147, val_loss 0.0098, val_mae 0.1000, val_rmse 0.1384, val_r2 0.7526, val_pearson 0.8677, lr 9.00e-05 ---
2026-10-01 11:41:40,620 - INFO - 
****************************************************************************************************
2026-10-01 11:41:42,654 - INFO - --- training epoch 148, loss 0.0090, mae 0.0994, rmse 0.1340, time elapsed(min) 0.03---
2026-10-01 11:41:42,882 - INFO - --- validation at epoch 148, val_loss 0.0098, val_mae 0.0999, val_rmse 0.1379, val_r2 0.7543, val_pearson 0.8697, lr 9.00e-05 ---
2026-10-01 11:41:42,882 - INFO - 
****************************************************************************************************
2026-10-01 11:41:44,891 - INFO - --- training epoch 149, loss 0.0089, mae 0.0994, rmse 0.1336, time elapsed(min) 0.03---
2026-10-01 11:41:45,116 - INFO - --- validation at epoch 149, val_loss 0.0098, val_mae 0.1006, val_rmse 0.1390, val_r2 0.7504, val_pearson 0.8675, lr 9.00e-05 ---
2026-10-01 11:41:45,116 - INFO - 
****************************************************************************************************
2026-10-01 11:41:47,156 - INFO - --- training epoch 150, loss 0.0092, mae 0.1001, rmse 0.1353, time elapsed(min) 0.03---
2026-10-01 11:41:47,535 - INFO - --- validation at epoch 150, val_loss 0.0097, val_mae 0.0995, val_rmse 0.1375, val_r2 0.7557, val_pearson 0.8701, lr 9.00e-05 ---
2026-10-01 11:41:47,535 - INFO - 
****************************************************************************************************
2026-10-01 11:41:49,631 - INFO - --- training epoch 151, loss 0.0086, mae 0.0975, rmse 0.1314, time elapsed(min) 0.03---
2026-10-01 11:41:49,866 - INFO - --- validation at epoch 151, val_loss 0.0096, val_mae 0.0994, val_rmse 0.1371, val_r2 0.7571, val_pearson 0.8704, lr 9.00e-05 ---
2026-10-01 11:41:49,866 - INFO - 
****************************************************************************************************
2026-10-01 11:41:51,776 - INFO - --- training epoch 152, loss 0.0089, mae 0.0985, rmse 0.1338, time elapsed(min) 0.03---
2026-10-01 11:41:52,000 - INFO - --- validation at epoch 152, val_loss 0.0098, val_mae 0.1004, val_rmse 0.1386, val_r2 0.7517, val_pearson 0.8684, lr 9.00e-05 ---
2026-10-01 11:41:52,000 - INFO - 
****************************************************************************************************
2026-10-01 11:41:53,836 - INFO - --- training epoch 153, loss 0.0089, mae 0.0992, rmse 0.1333, time elapsed(min) 0.03---
2026-10-01 11:41:54,200 - INFO - --- validation at epoch 153, val_loss 0.0098, val_mae 0.1001, val_rmse 0.1381, val_r2 0.7538, val_pearson 0.8693, lr 9.00e-05 ---
2026-10-01 11:41:54,200 - INFO - 
****************************************************************************************************
2026-10-01 11:41:56,130 - INFO - --- training epoch 154, loss 0.0088, mae 0.0979, rmse 0.1324, time elapsed(min) 0.03---
2026-10-01 11:41:56,542 - INFO - --- validation at epoch 154, val_loss 0.0097, val_mae 0.0999, val_rmse 0.1376, val_r2 0.7553, val_pearson 0.8693, lr 9.00e-05 ---
2026-10-01 11:41:56,542 - INFO - 
****************************************************************************************************
2026-10-01 11:41:58,492 - INFO - --- training epoch 155, loss 0.0089, mae 0.0996, rmse 0.1336, time elapsed(min) 0.03---
2026-10-01 11:41:58,716 - INFO - --- validation at epoch 155, val_loss 0.0096, val_mae 0.0996, val_rmse 0.1375, val_r2 0.7557, val_pearson 0.8701, lr 9.00e-05 ---
2026-10-01 11:41:58,716 - INFO - 
****************************************************************************************************
2026-10-01 11:42:00,776 - INFO - --- training epoch 156, loss 0.0088, mae 0.0981, rmse 0.1327, time elapsed(min) 0.03---
2026-10-01 11:42:00,999 - INFO - --- validation at epoch 156, val_loss 0.0095, val_mae 0.1000, val_rmse 0.1368, val_r2 0.7583, val_pearson 0.8709, lr 9.00e-05 ---
2026-10-01 11:42:00,999 - INFO - 
****************************************************************************************************
2026-10-01 11:42:02,964 - INFO - --- training epoch 157, loss 0.0089, mae 0.0984, rmse 0.1331, time elapsed(min) 0.03---
2026-10-01 11:42:03,365 - INFO - --- validation at epoch 157, val_loss 0.0096, val_mae 0.0995, val_rmse 0.1365, val_r2 0.7592, val_pearson 0.8719, lr 9.00e-05 ---
2026-10-01 11:42:03,365 - INFO - 
****************************************************************************************************
2026-10-01 11:42:05,402 - INFO - --- training epoch 158, loss 0.0087, mae 0.0970, rmse 0.1318, time elapsed(min) 0.03---
2026-10-01 11:42:05,634 - INFO - --- validation at epoch 158, val_loss 0.0098, val_mae 0.0999, val_rmse 0.1375, val_r2 0.7556, val_pearson 0.8708, lr 9.00e-05 ---
2026-10-01 11:42:05,634 - INFO - 
****************************************************************************************************
2026-10-01 11:42:07,465 - INFO - --- training epoch 159, loss 0.0088, mae 0.0984, rmse 0.1329, time elapsed(min) 0.03---
2026-10-01 11:42:07,694 - INFO - --- validation at epoch 159, val_loss 0.0095, val_mae 0.0991, val_rmse 0.1362, val_r2 0.7605, val_pearson 0.8725, lr 9.00e-05 ---
2026-10-01 11:42:07,694 - INFO - 
****************************************************************************************************
2026-10-01 11:42:09,779 - INFO - --- training epoch 160, loss 0.0086, mae 0.0972, rmse 0.1315, time elapsed(min) 0.03---
2026-10-01 11:42:10,192 - INFO - --- validation at epoch 160, val_loss 0.0095, val_mae 0.0995, val_rmse 0.1369, val_r2 0.7578, val_pearson 0.8706, lr 9.00e-05 ---
2026-10-01 11:42:10,192 - INFO - 
****************************************************************************************************
2026-10-01 11:42:12,225 - INFO - --- training epoch 161, loss 0.0088, mae 0.0985, rmse 0.1326, time elapsed(min) 0.03---
2026-10-01 11:42:12,446 - INFO - --- validation at epoch 161, val_loss 0.0097, val_mae 0.0998, val_rmse 0.1374, val_r2 0.7559, val_pearson 0.8702, lr 9.00e-05 ---
2026-10-01 11:42:12,446 - INFO - 
****************************************************************************************************
2026-10-01 11:42:14,296 - INFO - --- training epoch 162, loss 0.0087, mae 0.0981, rmse 0.1318, time elapsed(min) 0.03---
2026-10-01 11:42:14,546 - INFO - --- validation at epoch 162, val_loss 0.0098, val_mae 0.1004, val_rmse 0.1390, val_r2 0.7505, val_pearson 0.8679, lr 9.00e-05 ---
2026-10-01 11:42:14,546 - INFO - 
****************************************************************************************************
2026-10-01 11:42:16,369 - INFO - --- training epoch 163, loss 0.0088, mae 0.0979, rmse 0.1323, time elapsed(min) 0.03---
2026-10-01 11:42:16,758 - INFO - --- validation at epoch 163, val_loss 0.0096, val_mae 0.1002, val_rmse 0.1377, val_r2 0.7548, val_pearson 0.8698, lr 9.00e-05 ---
2026-10-01 11:42:16,758 - INFO - 
****************************************************************************************************
2026-10-01 11:42:18,844 - INFO - --- training epoch 164, loss 0.0088, mae 0.0983, rmse 0.1323, time elapsed(min) 0.03---
2026-10-01 11:42:19,072 - INFO - --- validation at epoch 164, val_loss 0.0095, val_mae 0.0983, val_rmse 0.1361, val_r2 0.7605, val_pearson 0.8725, lr 9.00e-05 ---
2026-10-01 11:42:19,072 - INFO - 
****************************************************************************************************
2026-10-01 11:42:21,013 - INFO - --- training epoch 165, loss 0.0088, mae 0.0982, rmse 0.1328, time elapsed(min) 0.03---
2026-10-01 11:42:21,252 - INFO - --- validation at epoch 165, val_loss 0.0096, val_mae 0.0994, val_rmse 0.1368, val_r2 0.7582, val_pearson 0.8716, lr 9.00e-05 ---
2026-10-01 11:42:21,252 - INFO - 
****************************************************************************************************
2026-10-01 11:42:23,079 - INFO - --- training epoch 166, loss 0.0087, mae 0.0981, rmse 0.1320, time elapsed(min) 0.03---
2026-10-01 11:42:23,451 - INFO - --- validation at epoch 166, val_loss 0.0099, val_mae 0.1003, val_rmse 0.1386, val_r2 0.7517, val_pearson 0.8695, lr 9.00e-05 ---
2026-10-01 11:42:23,451 - INFO - 
****************************************************************************************************
2026-10-01 11:42:25,531 - INFO - --- training epoch 167, loss 0.0087, mae 0.0977, rmse 0.1321, time elapsed(min) 0.03---
2026-10-01 11:42:26,065 - INFO - --- validation at epoch 167, val_loss 0.0097, val_mae 0.0992, val_rmse 0.1373, val_r2 0.7565, val_pearson 0.8715, lr 9.00e-05 ---
2026-10-01 11:42:26,065 - INFO - 
****************************************************************************************************
2026-10-01 11:42:27,893 - INFO - --- training epoch 168, loss 0.0088, mae 0.0981, rmse 0.1328, time elapsed(min) 0.03---
2026-10-01 11:42:28,152 - INFO - --- validation at epoch 168, val_loss 0.0098, val_mae 0.1001, val_rmse 0.1384, val_r2 0.7524, val_pearson 0.8695, lr 9.00e-05 ---
2026-10-01 11:42:28,152 - INFO - 
****************************************************************************************************
2026-10-01 11:42:30,100 - INFO - --- training epoch 169, loss 0.0090, mae 0.0984, rmse 0.1338, time elapsed(min) 0.03---
2026-10-01 11:42:30,338 - INFO - --- validation at epoch 169, val_loss 0.0097, val_mae 0.0994, val_rmse 0.1369, val_r2 0.7580, val_pearson 0.8714, lr 9.00e-05 ---
2026-10-01 11:42:30,338 - INFO - 
****************************************************************************************************
2026-10-01 11:42:32,310 - INFO - --- training epoch 170, loss 0.0087, mae 0.0976, rmse 0.1317, time elapsed(min) 0.03---
2026-10-01 11:42:32,724 - INFO - --- validation at epoch 170, val_loss 0.0096, val_mae 0.0991, val_rmse 0.1367, val_r2 0.7584, val_pearson 0.8712, lr 9.00e-05 ---
2026-10-01 11:42:32,724 - INFO - 
****************************************************************************************************
2026-10-01 11:42:34,673 - INFO - --- training epoch 171, loss 0.0085, mae 0.0969, rmse 0.1303, time elapsed(min) 0.03---
2026-10-01 11:42:34,911 - INFO - --- validation at epoch 171, val_loss 0.0096, val_mae 0.0995, val_rmse 0.1366, val_r2 0.7590, val_pearson 0.8722, lr 2.70e-05 ---
2026-10-01 11:42:34,911 - INFO - 
****************************************************************************************************
2026-10-01 11:42:36,742 - INFO - --- training epoch 172, loss 0.0084, mae 0.0958, rmse 0.1299, time elapsed(min) 0.03---
2026-10-01 11:42:36,980 - INFO - --- validation at epoch 172, val_loss 0.0097, val_mae 0.0995, val_rmse 0.1368, val_r2 0.7583, val_pearson 0.8724, lr 2.70e-05 ---
2026-10-01 11:42:36,980 - INFO - 
****************************************************************************************************
2026-10-01 11:42:38,903 - INFO - --- training epoch 173, loss 0.0083, mae 0.0962, rmse 0.1292, time elapsed(min) 0.03---
2026-10-01 11:42:39,314 - INFO - --- validation at epoch 173, val_loss 0.0095, val_mae 0.0985, val_rmse 0.1357, val_r2 0.7621, val_pearson 0.8736, lr 2.70e-05 ---
2026-10-01 11:42:39,314 - INFO - 
****************************************************************************************************
2026-10-01 11:42:41,441 - INFO - --- training epoch 174, loss 0.0084, mae 0.0958, rmse 0.1297, time elapsed(min) 0.03---
2026-10-01 11:42:41,677 - INFO - --- validation at epoch 174, val_loss 0.0095, val_mae 0.0982, val_rmse 0.1354, val_r2 0.7632, val_pearson 0.8744, lr 2.70e-05 ---
2026-10-01 11:42:41,677 - INFO - 
****************************************************************************************************
2026-10-01 11:42:43,572 - INFO - --- training epoch 175, loss 0.0084, mae 0.0957, rmse 0.1296, time elapsed(min) 0.03---
2026-10-01 11:42:43,811 - INFO - --- validation at epoch 175, val_loss 0.0096, val_mae 0.0983, val_rmse 0.1355, val_r2 0.7627, val_pearson 0.8742, lr 2.70e-05 ---
2026-10-01 11:42:43,811 - INFO - 
****************************************************************************************************
2026-10-01 11:42:45,655 - INFO - --- training epoch 176, loss 0.0083, mae 0.0957, rmse 0.1289, time elapsed(min) 0.03---
2026-10-01 11:42:46,033 - INFO - --- validation at epoch 176, val_loss 0.0095, val_mae 0.0979, val_rmse 0.1351, val_r2 0.7642, val_pearson 0.8747, lr 2.70e-05 ---
2026-10-01 11:42:46,033 - INFO - 
****************************************************************************************************
2026-10-01 11:42:48,105 - INFO - --- training epoch 177, loss 0.0084, mae 0.0956, rmse 0.1294, time elapsed(min) 0.03---
2026-10-01 11:42:48,339 - INFO - --- validation at epoch 177, val_loss 0.0096, val_mae 0.0983, val_rmse 0.1359, val_r2 0.7612, val_pearson 0.8735, lr 2.70e-05 ---
2026-10-01 11:42:48,339 - INFO - 
****************************************************************************************************
2026-10-01 11:42:50,161 - INFO - --- training epoch 178, loss 0.0086, mae 0.0972, rmse 0.1312, time elapsed(min) 0.03---
2026-10-01 11:42:50,391 - INFO - --- validation at epoch 178, val_loss 0.0095, val_mae 0.0988, val_rmse 0.1356, val_r2 0.7623, val_pearson 0.8738, lr 2.70e-05 ---
2026-10-01 11:42:50,391 - INFO - 
****************************************************************************************************
2026-10-01 11:42:52,234 - INFO - --- training epoch 179, loss 0.0084, mae 0.0958, rmse 0.1299, time elapsed(min) 0.03---
2026-10-01 11:42:52,599 - INFO - --- validation at epoch 179, val_loss 0.0096, val_mae 0.0986, val_rmse 0.1360, val_r2 0.7612, val_pearson 0.8740, lr 2.70e-05 ---
2026-10-01 11:42:52,599 - INFO - 
****************************************************************************************************
2026-10-01 11:42:54,836 - INFO - --- training epoch 180, loss 0.0086, mae 0.0972, rmse 0.1310, time elapsed(min) 0.03---
2026-10-01 11:42:55,064 - INFO - --- validation at epoch 180, val_loss 0.0095, val_mae 0.0981, val_rmse 0.1358, val_r2 0.7619, val_pearson 0.8739, lr 2.70e-05 ---
2026-10-01 11:42:55,064 - INFO - 
****************************************************************************************************
2026-10-01 11:42:56,953 - INFO - --- training epoch 181, loss 0.0085, mae 0.0964, rmse 0.1307, time elapsed(min) 0.03---
2026-10-01 11:42:57,193 - INFO - --- validation at epoch 181, val_loss 0.0096, val_mae 0.0985, val_rmse 0.1362, val_r2 0.7603, val_pearson 0.8735, lr 2.70e-05 ---
2026-10-01 11:42:57,193 - INFO - 
****************************************************************************************************
2026-10-01 11:42:59,015 - INFO - --- training epoch 182, loss 0.0083, mae 0.0955, rmse 0.1289, time elapsed(min) 0.03---
2026-10-01 11:42:59,244 - INFO - --- validation at epoch 182, val_loss 0.0094, val_mae 0.0973, val_rmse 0.1350, val_r2 0.7646, val_pearson 0.8747, lr 8.10e-06 ---
2026-10-01 11:42:59,244 - INFO - 
****************************************************************************************************
2026-10-01 11:43:01,298 - INFO - --- training epoch 183, loss 0.0082, mae 0.0953, rmse 0.1283, time elapsed(min) 0.03---
2026-10-01 11:43:01,708 - INFO - --- validation at epoch 183, val_loss 0.0095, val_mae 0.0976, val_rmse 0.1352, val_r2 0.7637, val_pearson 0.8744, lr 8.10e-06 ---
2026-10-01 11:43:01,708 - INFO - 
****************************************************************************************************
2026-10-01 11:43:03,647 - INFO - --- training epoch 184, loss 0.0084, mae 0.0958, rmse 0.1294, time elapsed(min) 0.03---
2026-10-01 11:43:03,887 - INFO - --- validation at epoch 184, val_loss 0.0095, val_mae 0.0978, val_rmse 0.1352, val_r2 0.7640, val_pearson 0.8745, lr 8.10e-06 ---
2026-10-01 11:43:03,887 - INFO - 
****************************************************************************************************
2026-10-01 11:43:05,727 - INFO - --- training epoch 185, loss 0.0083, mae 0.0952, rmse 0.1286, time elapsed(min) 0.03---
2026-10-01 11:43:05,958 - INFO - --- validation at epoch 185, val_loss 0.0095, val_mae 0.0976, val_rmse 0.1351, val_r2 0.7643, val_pearson 0.8746, lr 8.10e-06 ---
2026-10-01 11:43:05,958 - INFO - 
****************************************************************************************************
2026-10-01 11:43:07,814 - INFO - --- training epoch 186, loss 0.0083, mae 0.0954, rmse 0.1288, time elapsed(min) 0.03---
2026-10-01 11:43:08,209 - INFO - --- validation at epoch 186, val_loss 0.0095, val_mae 0.0979, val_rmse 0.1351, val_r2 0.7642, val_pearson 0.8745, lr 8.10e-06 ---
2026-10-01 11:43:08,210 - INFO - 
****************************************************************************************************
2026-10-01 11:43:10,353 - INFO - --- training epoch 187, loss 0.0085, mae 0.0959, rmse 0.1302, time elapsed(min) 0.03---
2026-10-01 11:43:10,581 - INFO - --- validation at epoch 187, val_loss 0.0095, val_mae 0.0980, val_rmse 0.1352, val_r2 0.7638, val_pearson 0.8746, lr 8.10e-06 ---
2026-10-01 11:43:10,581 - INFO - 
****************************************************************************************************
2026-10-01 11:43:12,376 - INFO - --- training epoch 188, loss 0.0084, mae 0.0961, rmse 0.1297, time elapsed(min) 0.03---
2026-10-01 11:43:12,610 - INFO - --- validation at epoch 188, val_loss 0.0094, val_mae 0.0974, val_rmse 0.1346, val_r2 0.7661, val_pearson 0.8754, lr 8.10e-06 ---
2026-10-01 11:43:12,610 - INFO - 
****************************************************************************************************
2026-10-01 11:43:14,530 - INFO - --- training epoch 189, loss 0.0084, mae 0.0957, rmse 0.1292, time elapsed(min) 0.03---
2026-10-01 11:43:14,899 - INFO - --- validation at epoch 189, val_loss 0.0095, val_mae 0.0978, val_rmse 0.1350, val_r2 0.7646, val_pearson 0.8748, lr 8.10e-06 ---
2026-10-01 11:43:14,899 - INFO - 
****************************************************************************************************
2026-10-01 11:43:16,963 - INFO - --- training epoch 190, loss 0.0084, mae 0.0957, rmse 0.1299, time elapsed(min) 0.03---
2026-10-01 11:43:17,196 - INFO - --- validation at epoch 190, val_loss 0.0094, val_mae 0.0975, val_rmse 0.1348, val_r2 0.7653, val_pearson 0.8751, lr 8.10e-06 ---
2026-10-01 11:43:17,196 - INFO - 
****************************************************************************************************
2026-10-01 11:43:19,052 - INFO - --- training epoch 191, loss 0.0084, mae 0.0953, rmse 0.1294, time elapsed(min) 0.03---
2026-10-01 11:43:19,282 - INFO - --- validation at epoch 191, val_loss 0.0094, val_mae 0.0976, val_rmse 0.1349, val_r2 0.7649, val_pearson 0.8749, lr 8.10e-06 ---
2026-10-01 11:43:19,282 - INFO - 
****************************************************************************************************
2026-10-01 11:43:21,156 - INFO - --- training epoch 192, loss 0.0083, mae 0.0953, rmse 0.1289, time elapsed(min) 0.03---
2026-10-01 11:43:21,542 - INFO - --- validation at epoch 192, val_loss 0.0094, val_mae 0.0975, val_rmse 0.1347, val_r2 0.7655, val_pearson 0.8752, lr 8.10e-06 ---
2026-10-01 11:43:21,542 - INFO - 
****************************************************************************************************
2026-10-01 11:43:23,440 - INFO - --- training epoch 193, loss 0.0083, mae 0.0959, rmse 0.1291, time elapsed(min) 0.03---
2026-10-01 11:43:23,862 - INFO - --- validation at epoch 193, val_loss 0.0094, val_mae 0.0974, val_rmse 0.1348, val_r2 0.7653, val_pearson 0.8751, lr 8.10e-06 ---
2026-10-01 11:43:23,863 - INFO - 
****************************************************************************************************
2026-10-01 11:43:25,784 - INFO - --- training epoch 194, loss 0.0083, mae 0.0952, rmse 0.1286, time elapsed(min) 0.03---
2026-10-01 11:43:26,015 - INFO - --- validation at epoch 194, val_loss 0.0094, val_mae 0.0977, val_rmse 0.1349, val_r2 0.7648, val_pearson 0.8749, lr 8.10e-06 ---
2026-10-01 11:43:26,015 - INFO - 
****************************************************************************************************
2026-10-01 11:43:27,948 - INFO - --- training epoch 195, loss 0.0084, mae 0.0955, rmse 0.1298, time elapsed(min) 0.03---
2026-10-01 11:43:28,177 - INFO - --- validation at epoch 195, val_loss 0.0094, val_mae 0.0975, val_rmse 0.1348, val_r2 0.7654, val_pearson 0.8752, lr 8.10e-06 ---
2026-10-01 11:43:28,178 - INFO - 
****************************************************************************************************
2026-10-01 11:43:30,090 - INFO - --- training epoch 196, loss 0.0085, mae 0.0962, rmse 0.1303, time elapsed(min) 0.03---
2026-10-01 11:43:30,507 - INFO - --- validation at epoch 196, val_loss 0.0095, val_mae 0.0977, val_rmse 0.1349, val_r2 0.7650, val_pearson 0.8751, lr 8.10e-06 ---
2026-10-01 11:43:30,507 - INFO - 
****************************************************************************************************
2026-10-01 11:43:32,547 - INFO - --- training epoch 197, loss 0.0083, mae 0.0950, rmse 0.1290, time elapsed(min) 0.03---
2026-10-01 11:43:32,777 - INFO - --- validation at epoch 197, val_loss 0.0095, val_mae 0.0979, val_rmse 0.1350, val_r2 0.7647, val_pearson 0.8750, lr 8.10e-06 ---
2026-10-01 11:43:32,777 - INFO - 
****************************************************************************************************
2026-10-01 11:43:34,616 - INFO - --- training epoch 198, loss 0.0083, mae 0.0949, rmse 0.1285, time elapsed(min) 0.03---
2026-10-01 11:43:34,850 - INFO - --- validation at epoch 198, val_loss 0.0094, val_mae 0.0978, val_rmse 0.1348, val_r2 0.7651, val_pearson 0.8751, lr 8.10e-06 ---
2026-10-01 11:43:34,850 - INFO - 
****************************************************************************************************
2026-10-01 11:43:36,759 - INFO - --- training epoch 199, loss 0.0083, mae 0.0951, rmse 0.1291, time elapsed(min) 0.03---
2026-10-01 11:43:37,141 - INFO - --- validation at epoch 199, val_loss 0.0094, val_mae 0.0976, val_rmse 0.1345, val_r2 0.7661, val_pearson 0.8756, lr 8.10e-06 ---
2026-10-01 11:43:37,141 - INFO - 
****************************************************************************************************
2026-10-01 11:43:39,198 - INFO - --- training epoch 200, loss 0.0084, mae 0.0959, rmse 0.1296, time elapsed(min) 0.03---
2026-10-01 11:43:39,431 - INFO - --- validation at epoch 200, val_loss 0.0094, val_mae 0.0974, val_rmse 0.1344, val_r2 0.7666, val_pearson 0.8758, lr 2.43e-06 ---
2026-10-01 11:43:39,431 - INFO - 
****************************************************************************************************
2026-10-01 11:43:41,346 - INFO - --- training epoch 201, loss 0.0082, mae 0.0947, rmse 0.1279, time elapsed(min) 0.03---
2026-10-01 11:43:41,607 - INFO - --- validation at epoch 201, val_loss 0.0094, val_mae 0.0975, val_rmse 0.1345, val_r2 0.7662, val_pearson 0.8756, lr 2.43e-06 ---
2026-10-01 11:43:41,607 - INFO - 
****************************************************************************************************
2026-10-01 11:43:43,535 - INFO - --- training epoch 202, loss 0.0083, mae 0.0955, rmse 0.1289, time elapsed(min) 0.03---
2026-10-01 11:43:43,897 - INFO - --- validation at epoch 202, val_loss 0.0094, val_mae 0.0973, val_rmse 0.1343, val_r2 0.7668, val_pearson 0.8758, lr 2.43e-06 ---
2026-10-01 11:43:43,897 - INFO - 
****************************************************************************************************
2026-10-01 11:43:46,046 - INFO - --- training epoch 203, loss 0.0082, mae 0.0944, rmse 0.1280, time elapsed(min) 0.03---
2026-10-01 11:43:46,279 - INFO - --- validation at epoch 203, val_loss 0.0094, val_mae 0.0973, val_rmse 0.1344, val_r2 0.7668, val_pearson 0.8759, lr 2.43e-06 ---
2026-10-01 11:43:46,279 - INFO - 
****************************************************************************************************
2026-10-01 11:43:48,097 - INFO - --- training epoch 204, loss 0.0083, mae 0.0952, rmse 0.1287, time elapsed(min) 0.03---
2026-10-01 11:43:48,330 - INFO - --- validation at epoch 204, val_loss 0.0094, val_mae 0.0973, val_rmse 0.1344, val_r2 0.7667, val_pearson 0.8758, lr 2.43e-06 ---
2026-10-01 11:43:48,330 - INFO - 
****************************************************************************************************
2026-10-01 11:43:50,248 - INFO - --- training epoch 205, loss 0.0082, mae 0.0955, rmse 0.1282, time elapsed(min) 0.03---
2026-10-01 11:43:50,604 - INFO - --- validation at epoch 205, val_loss 0.0094, val_mae 0.0973, val_rmse 0.1344, val_r2 0.7665, val_pearson 0.8758, lr 2.43e-06 ---
2026-10-01 11:43:50,604 - INFO - 
****************************************************************************************************
2026-10-01 11:43:52,637 - INFO - --- training epoch 206, loss 0.0084, mae 0.0953, rmse 0.1294, time elapsed(min) 0.03---
2026-10-01 11:43:52,858 - INFO - --- validation at epoch 206, val_loss 0.0094, val_mae 0.0973, val_rmse 0.1344, val_r2 0.7666, val_pearson 0.8758, lr 2.43e-06 ---
2026-10-01 11:43:52,858 - INFO - 
****************************************************************************************************
2026-10-01 11:43:54,705 - INFO - --- training epoch 207, loss 0.0082, mae 0.0944, rmse 0.1284, time elapsed(min) 0.03---
2026-10-01 11:43:54,941 - INFO - --- validation at epoch 207, val_loss 0.0094, val_mae 0.0972, val_rmse 0.1343, val_r2 0.7669, val_pearson 0.8759, lr 2.43e-06 ---
2026-10-01 11:43:54,941 - INFO - 
****************************************************************************************************
2026-10-01 11:43:56,955 - INFO - --- training epoch 208, loss 0.0083, mae 0.0953, rmse 0.1286, time elapsed(min) 0.03---
2026-10-01 11:43:57,332 - INFO - --- validation at epoch 208, val_loss 0.0094, val_mae 0.0973, val_rmse 0.1344, val_r2 0.7667, val_pearson 0.8758, lr 2.43e-06 ---
2026-10-01 11:43:57,332 - INFO - 
****************************************************************************************************
2026-10-01 11:43:59,507 - INFO - --- training epoch 209, loss 0.0083, mae 0.0951, rmse 0.1287, time elapsed(min) 0.03---
2026-10-01 11:43:59,744 - INFO - --- validation at epoch 209, val_loss 0.0093, val_mae 0.0972, val_rmse 0.1343, val_r2 0.7669, val_pearson 0.8760, lr 2.43e-06 ---
2026-10-01 11:43:59,744 - INFO - 
****************************************************************************************************
2026-10-01 11:44:01,636 - INFO - --- training epoch 210, loss 0.0083, mae 0.0956, rmse 0.1291, time elapsed(min) 0.03---
2026-10-01 11:44:01,875 - INFO - --- validation at epoch 210, val_loss 0.0094, val_mae 0.0973, val_rmse 0.1344, val_r2 0.7667, val_pearson 0.8758, lr 2.43e-06 ---
2026-10-01 11:44:01,876 - INFO - 
****************************************************************************************************
2026-10-01 11:44:03,722 - INFO - --- training epoch 211, loss 0.0082, mae 0.0944, rmse 0.1278, time elapsed(min) 0.03---
2026-10-01 11:44:03,951 - INFO - --- validation at epoch 211, val_loss 0.0094, val_mae 0.0973, val_rmse 0.1344, val_r2 0.7666, val_pearson 0.8758, lr 2.43e-06 ---
2026-10-01 11:44:03,951 - INFO - 
****************************************************************************************************
2026-10-01 11:44:05,908 - INFO - --- training epoch 212, loss 0.0083, mae 0.0958, rmse 0.1289, time elapsed(min) 0.03---
2026-10-01 11:44:06,298 - INFO - --- validation at epoch 212, val_loss 0.0094, val_mae 0.0973, val_rmse 0.1344, val_r2 0.7666, val_pearson 0.8758, lr 2.43e-06 ---
2026-10-01 11:44:06,298 - INFO - 
****************************************************************************************************
2026-10-01 11:44:08,280 - INFO - --- training epoch 213, loss 0.0082, mae 0.0953, rmse 0.1283, time elapsed(min) 0.03---
2026-10-01 11:44:08,506 - INFO - --- validation at epoch 213, val_loss 0.0094, val_mae 0.0973, val_rmse 0.1345, val_r2 0.7664, val_pearson 0.8757, lr 2.43e-06 ---
2026-10-01 11:44:08,506 - INFO - 
****************************************************************************************************
2026-10-01 11:44:10,358 - INFO - --- training epoch 214, loss 0.0083, mae 0.0960, rmse 0.1290, time elapsed(min) 0.03---
2026-10-01 11:44:10,590 - INFO - --- validation at epoch 214, val_loss 0.0094, val_mae 0.0971, val_rmse 0.1343, val_r2 0.7669, val_pearson 0.8759, lr 2.43e-06 ---
2026-10-01 11:44:10,590 - INFO - 
****************************************************************************************************
2026-10-01 11:44:12,491 - INFO - --- training epoch 215, loss 0.0082, mae 0.0945, rmse 0.1283, time elapsed(min) 0.03---
2026-10-01 11:44:12,896 - INFO - --- validation at epoch 215, val_loss 0.0094, val_mae 0.0971, val_rmse 0.1343, val_r2 0.7670, val_pearson 0.8760, lr 2.43e-06 ---
2026-10-01 11:44:12,896 - INFO - 
****************************************************************************************************
2026-10-01 11:44:14,899 - INFO - --- training epoch 216, loss 0.0082, mae 0.0945, rmse 0.1277, time elapsed(min) 0.03---
2026-10-01 11:44:15,129 - INFO - --- validation at epoch 216, val_loss 0.0094, val_mae 0.0972, val_rmse 0.1344, val_r2 0.7667, val_pearson 0.8759, lr 2.43e-06 ---
2026-10-01 11:44:15,129 - INFO - 
****************************************************************************************************
2026-10-01 11:44:17,080 - INFO - --- training epoch 217, loss 0.0083, mae 0.0952, rmse 0.1285, time elapsed(min) 0.03---
2026-10-01 11:44:17,307 - INFO - --- validation at epoch 217, val_loss 0.0094, val_mae 0.0971, val_rmse 0.1343, val_r2 0.7669, val_pearson 0.8760, lr 2.43e-06 ---
2026-10-01 11:44:17,307 - INFO - 
****************************************************************************************************
2026-10-01 11:44:19,435 - INFO - --- training epoch 218, loss 0.0083, mae 0.0949, rmse 0.1291, time elapsed(min) 0.03---
2026-10-01 11:44:19,824 - INFO - --- validation at epoch 218, val_loss 0.0094, val_mae 0.0972, val_rmse 0.1344, val_r2 0.7667, val_pearson 0.8759, lr 2.43e-06 ---
2026-10-01 11:44:19,824 - INFO - 
****************************************************************************************************
2026-10-01 11:44:21,893 - INFO - --- training epoch 219, loss 0.0083, mae 0.0945, rmse 0.1285, time elapsed(min) 0.03---
2026-10-01 11:44:22,125 - INFO - --- validation at epoch 219, val_loss 0.0094, val_mae 0.0972, val_rmse 0.1344, val_r2 0.7667, val_pearson 0.8759, lr 2.43e-06 ---
2026-10-01 11:44:22,125 - INFO - 
****************************************************************************************************
2026-10-01 11:44:24,072 - INFO - --- training epoch 220, loss 0.0083, mae 0.0952, rmse 0.1288, time elapsed(min) 0.03---
2026-10-01 11:44:24,301 - INFO - --- validation at epoch 220, val_loss 0.0093, val_mae 0.0971, val_rmse 0.1343, val_r2 0.7669, val_pearson 0.8760, lr 2.43e-06 ---
2026-10-01 11:44:24,301 - INFO - 
****************************************************************************************************
2026-10-01 11:44:26,244 - INFO - --- training epoch 221, loss 0.0083, mae 0.0955, rmse 0.1292, time elapsed(min) 0.03---
2026-10-01 11:44:26,624 - INFO - --- validation at epoch 221, val_loss 0.0093, val_mae 0.0971, val_rmse 0.1343, val_r2 0.7670, val_pearson 0.8760, lr 2.43e-06 ---
2026-10-01 11:44:26,624 - INFO - 
****************************************************************************************************
2026-10-01 11:44:28,667 - INFO - --- training epoch 222, loss 0.0083, mae 0.0950, rmse 0.1290, time elapsed(min) 0.03---
2026-10-01 11:44:28,898 - INFO - --- validation at epoch 222, val_loss 0.0094, val_mae 0.0971, val_rmse 0.1343, val_r2 0.7669, val_pearson 0.8760, lr 2.43e-06 ---
2026-10-01 11:44:28,898 - INFO - 
****************************************************************************************************
2026-10-01 11:44:30,706 - INFO - --- training epoch 223, loss 0.0083, mae 0.0957, rmse 0.1292, time elapsed(min) 0.03---
2026-10-01 11:44:30,936 - INFO - --- validation at epoch 223, val_loss 0.0094, val_mae 0.0973, val_rmse 0.1345, val_r2 0.7664, val_pearson 0.8758, lr 2.43e-06 ---
2026-10-01 11:44:30,936 - INFO - 
****************************************************************************************************
2026-10-01 11:44:32,799 - INFO - --- training epoch 224, loss 0.0083, mae 0.0955, rmse 0.1291, time elapsed(min) 0.03---
2026-10-01 11:44:33,168 - INFO - --- validation at epoch 224, val_loss 0.0094, val_mae 0.0973, val_rmse 0.1344, val_r2 0.7666, val_pearson 0.8758, lr 2.43e-06 ---
2026-10-01 11:44:33,168 - INFO - 
****************************************************************************************************
2026-10-01 11:44:35,360 - INFO - --- training epoch 225, loss 0.0085, mae 0.0960, rmse 0.1302, time elapsed(min) 0.03---
2026-10-01 11:44:35,594 - INFO - --- validation at epoch 225, val_loss 0.0094, val_mae 0.0973, val_rmse 0.1344, val_r2 0.7667, val_pearson 0.8758, lr 2.43e-06 ---
2026-10-01 11:44:35,594 - INFO - 
****************************************************************************************************
2026-10-01 11:44:37,416 - INFO - --- training epoch 226, loss 0.0081, mae 0.0943, rmse 0.1276, time elapsed(min) 0.03---
2026-10-01 11:44:37,639 - INFO - --- validation at epoch 226, val_loss 0.0094, val_mae 0.0973, val_rmse 0.1344, val_r2 0.7666, val_pearson 0.8758, lr 2.43e-06 ---
2026-10-01 11:44:37,639 - INFO - 
****************************************************************************************************
2026-10-01 11:44:39,493 - INFO - --- training epoch 227, loss 0.0083, mae 0.0949, rmse 0.1285, time elapsed(min) 0.03---
2026-10-01 11:44:39,852 - INFO - --- validation at epoch 227, val_loss 0.0093, val_mae 0.0972, val_rmse 0.1342, val_r2 0.7673, val_pearson 0.8761, lr 2.43e-06 ---
2026-10-01 11:44:39,852 - INFO - 
****************************************************************************************************
2026-10-01 11:44:41,934 - INFO - --- training epoch 228, loss 0.0083, mae 0.0955, rmse 0.1290, time elapsed(min) 0.03---
2026-10-01 11:44:42,156 - INFO - --- validation at epoch 228, val_loss 0.0094, val_mae 0.0973, val_rmse 0.1343, val_r2 0.7670, val_pearson 0.8760, lr 2.43e-06 ---
2026-10-01 11:44:42,156 - INFO - 
****************************************************************************************************
2026-10-01 11:44:44,047 - INFO - --- training epoch 229, loss 0.0084, mae 0.0956, rmse 0.1298, time elapsed(min) 0.03---
2026-10-01 11:44:44,283 - INFO - --- validation at epoch 229, val_loss 0.0094, val_mae 0.0974, val_rmse 0.1344, val_r2 0.7665, val_pearson 0.8758, lr 2.43e-06 ---
2026-10-01 11:44:44,283 - INFO - 
****************************************************************************************************
2026-10-01 11:44:46,123 - INFO - --- training epoch 230, loss 0.0083, mae 0.0955, rmse 0.1291, time elapsed(min) 0.03---
2026-10-01 11:44:46,501 - INFO - --- validation at epoch 230, val_loss 0.0094, val_mae 0.0973, val_rmse 0.1344, val_r2 0.7667, val_pearson 0.8759, lr 2.43e-06 ---
2026-10-01 11:44:46,501 - INFO - 
****************************************************************************************************
2026-10-01 11:44:48,443 - INFO - --- training epoch 231, loss 0.0083, mae 0.0945, rmse 0.1288, time elapsed(min) 0.03---
2026-10-01 11:44:48,963 - INFO - --- validation at epoch 231, val_loss 0.0094, val_mae 0.0973, val_rmse 0.1344, val_r2 0.7665, val_pearson 0.8758, lr 2.43e-06 ---
2026-10-01 11:44:48,963 - INFO - 
****************************************************************************************************
2026-10-01 11:44:50,884 - INFO - --- training epoch 232, loss 0.0084, mae 0.0960, rmse 0.1295, time elapsed(min) 0.03---
2026-10-01 11:44:51,116 - INFO - --- validation at epoch 232, val_loss 0.0094, val_mae 0.0973, val_rmse 0.1344, val_r2 0.7667, val_pearson 0.8759, lr 1.00e-06 ---
2026-10-01 11:44:51,116 - INFO - 
****************************************************************************************************
2026-10-01 11:44:52,959 - INFO - --- training epoch 233, loss 0.0083, mae 0.0953, rmse 0.1291, time elapsed(min) 0.03---
2026-10-01 11:44:53,200 - INFO - --- validation at epoch 233, val_loss 0.0094, val_mae 0.0973, val_rmse 0.1343, val_r2 0.7668, val_pearson 0.8759, lr 1.00e-06 ---
2026-10-01 11:44:53,200 - INFO - 
****************************************************************************************************
2026-10-01 11:44:55,075 - INFO - --- training epoch 234, loss 0.0082, mae 0.0949, rmse 0.1281, time elapsed(min) 0.03---
2026-10-01 11:44:55,484 - INFO - --- validation at epoch 234, val_loss 0.0094, val_mae 0.0973, val_rmse 0.1343, val_r2 0.7668, val_pearson 0.8759, lr 1.00e-06 ---
2026-10-01 11:44:55,485 - INFO - 
****************************************************************************************************
2026-10-01 11:44:57,437 - INFO - --- training epoch 235, loss 0.0083, mae 0.0951, rmse 0.1285, time elapsed(min) 0.03---
2026-10-01 11:44:57,662 - INFO - --- validation at epoch 235, val_loss 0.0094, val_mae 0.0972, val_rmse 0.1344, val_r2 0.7668, val_pearson 0.8759, lr 1.00e-06 ---
2026-10-01 11:44:57,662 - INFO - 
****************************************************************************************************
2026-10-01 11:44:59,486 - INFO - --- training epoch 236, loss 0.0083, mae 0.0952, rmse 0.1292, time elapsed(min) 0.03---
2026-10-01 11:44:59,732 - INFO - --- validation at epoch 236, val_loss 0.0094, val_mae 0.0972, val_rmse 0.1344, val_r2 0.7667, val_pearson 0.8758, lr 1.00e-06 ---
2026-10-01 11:44:59,732 - INFO - 
****************************************************************************************************
2026-10-01 11:45:01,621 - INFO - --- training epoch 237, loss 0.0082, mae 0.0947, rmse 0.1281, time elapsed(min) 0.03---
2026-10-01 11:45:02,007 - INFO - --- validation at epoch 237, val_loss 0.0094, val_mae 0.0972, val_rmse 0.1343, val_r2 0.7668, val_pearson 0.8759, lr 1.00e-06 ---
2026-10-01 11:45:02,007 - INFO - 
****************************************************************************************************
2026-10-01 11:45:04,095 - INFO - --- training epoch 238, loss 0.0083, mae 0.0951, rmse 0.1292, time elapsed(min) 0.03---
2026-10-01 11:45:04,324 - INFO - --- validation at epoch 238, val_loss 0.0094, val_mae 0.0972, val_rmse 0.1343, val_r2 0.7669, val_pearson 0.8760, lr 1.00e-06 ---
2026-10-01 11:45:04,324 - INFO - 
****************************************************************************************************
2026-10-01 11:45:06,127 - INFO - --- training epoch 239, loss 0.0082, mae 0.0946, rmse 0.1280, time elapsed(min) 0.03---
2026-10-01 11:45:06,354 - INFO - --- validation at epoch 239, val_loss 0.0094, val_mae 0.0972, val_rmse 0.1343, val_r2 0.7669, val_pearson 0.8759, lr 1.00e-06 ---
2026-10-01 11:45:06,354 - INFO - 
****************************************************************************************************
2026-10-01 11:45:08,197 - INFO - --- training epoch 240, loss 0.0083, mae 0.0947, rmse 0.1287, time elapsed(min) 0.03---
2026-10-01 11:45:08,608 - INFO - --- validation at epoch 240, val_loss 0.0094, val_mae 0.0972, val_rmse 0.1344, val_r2 0.7667, val_pearson 0.8759, lr 1.00e-06 ---
2026-10-01 11:45:08,608 - INFO - 
****************************************************************************************************
2026-10-01 11:45:10,744 - INFO - --- training epoch 241, loss 0.0083, mae 0.0953, rmse 0.1291, time elapsed(min) 0.03---
2026-10-01 11:45:10,982 - INFO - --- validation at epoch 241, val_loss 0.0094, val_mae 0.0972, val_rmse 0.1343, val_r2 0.7668, val_pearson 0.8759, lr 1.00e-06 ---
2026-10-01 11:45:10,982 - INFO - 
****************************************************************************************************
2026-10-01 11:45:12,805 - INFO - --- training epoch 242, loss 0.0084, mae 0.0953, rmse 0.1296, time elapsed(min) 0.03---
2026-10-01 11:45:13,027 - INFO - --- validation at epoch 242, val_loss 0.0094, val_mae 0.0972, val_rmse 0.1344, val_r2 0.7667, val_pearson 0.8758, lr 1.00e-06 ---
2026-10-01 11:45:13,027 - INFO - 
****************************************************************************************************
2026-10-01 11:45:14,890 - INFO - --- training epoch 243, loss 0.0083, mae 0.0948, rmse 0.1286, time elapsed(min) 0.03---
2026-10-01 11:45:15,277 - INFO - --- validation at epoch 243, val_loss 0.0094, val_mae 0.0972, val_rmse 0.1344, val_r2 0.7666, val_pearson 0.8758, lr 1.00e-06 ---
2026-10-01 11:45:15,277 - INFO - 
****************************************************************************************************
2026-10-01 11:45:17,462 - INFO - --- training epoch 244, loss 0.0086, mae 0.0966, rmse 0.1309, time elapsed(min) 0.03---
2026-10-01 11:45:17,692 - INFO - --- validation at epoch 244, val_loss 0.0094, val_mae 0.0973, val_rmse 0.1344, val_r2 0.7665, val_pearson 0.8758, lr 1.00e-06 ---
2026-10-01 11:45:17,692 - INFO - 
****************************************************************************************************
2026-10-01 11:45:19,652 - INFO - --- training epoch 245, loss 0.0084, mae 0.0958, rmse 0.1298, time elapsed(min) 0.03---
2026-10-01 11:45:19,875 - INFO - --- validation at epoch 245, val_loss 0.0094, val_mae 0.0973, val_rmse 0.1344, val_r2 0.7666, val_pearson 0.8758, lr 1.00e-06 ---
2026-10-01 11:45:19,875 - INFO - 
****************************************************************************************************
2026-10-01 11:45:21,800 - INFO - --- training epoch 246, loss 0.0084, mae 0.0953, rmse 0.1294, time elapsed(min) 0.03---
2026-10-01 11:45:22,185 - INFO - --- validation at epoch 246, val_loss 0.0094, val_mae 0.0972, val_rmse 0.1343, val_r2 0.7669, val_pearson 0.8759, lr 1.00e-06 ---
2026-10-01 11:45:22,185 - INFO - 
****************************************************************************************************
2026-10-01 11:45:24,221 - INFO - --- training epoch 247, loss 0.0083, mae 0.0943, rmse 0.1285, time elapsed(min) 0.03---
2026-10-01 11:45:24,762 - INFO - --- validation at epoch 247, val_loss 0.0094, val_mae 0.0973, val_rmse 0.1344, val_r2 0.7668, val_pearson 0.8759, lr 1.00e-06 ---
2026-10-01 11:45:24,763 - INFO - 
****************************************************************************************************
2026-10-01 11:45:26,674 - INFO - --- training epoch 248, loss 0.0083, mae 0.0949, rmse 0.1285, time elapsed(min) 0.03---
2026-10-01 11:45:26,903 - INFO - --- validation at epoch 248, val_loss 0.0094, val_mae 0.0973, val_rmse 0.1343, val_r2 0.7669, val_pearson 0.8760, lr 1.00e-06 ---
2026-10-01 11:45:26,903 - INFO - 
****************************************************************************************************
2026-10-01 11:45:28,777 - INFO - --- training epoch 249, loss 0.0083, mae 0.0951, rmse 0.1286, time elapsed(min) 0.03---
2026-10-01 11:45:29,158 - INFO - --- validation at epoch 249, val_loss 0.0094, val_mae 0.0972, val_rmse 0.1343, val_r2 0.7671, val_pearson 0.8760, lr 1.00e-06 ---
2026-10-01 11:45:29,158 - INFO - 
****************************************************************************************************
2026-10-01 11:45:31,093 - INFO - --- training epoch 250, loss 0.0084, mae 0.0952, rmse 0.1294, time elapsed(min) 0.03---
2026-10-01 11:45:31,635 - INFO - --- validation at epoch 250, val_loss 0.0094, val_mae 0.0972, val_rmse 0.1343, val_r2 0.7670, val_pearson 0.8760, lr 1.00e-06 ---
2026-10-01 11:45:31,636 - INFO - 
****************************************************************************************************
2026-10-01 11:45:33,492 - INFO - --- training epoch 251, loss 0.0083, mae 0.0946, rmse 0.1287, time elapsed(min) 0.03---
2026-10-01 11:45:33,718 - INFO - --- validation at epoch 251, val_loss 0.0094, val_mae 0.0972, val_rmse 0.1343, val_r2 0.7671, val_pearson 0.8761, lr 1.00e-06 ---
2026-10-01 11:45:33,718 - INFO - 
****************************************************************************************************
2026-10-01 11:45:35,654 - INFO - --- training epoch 252, loss 0.0082, mae 0.0946, rmse 0.1280, time elapsed(min) 0.03---
2026-10-01 11:45:35,889 - INFO - --- validation at epoch 252, val_loss 0.0094, val_mae 0.0972, val_rmse 0.1343, val_r2 0.7671, val_pearson 0.8760, lr 1.00e-06 ---
2026-10-01 11:45:35,889 - INFO - 
****************************************************************************************************
2026-10-01 11:45:37,849 - INFO - --- training epoch 253, loss 0.0084, mae 0.0964, rmse 0.1295, time elapsed(min) 0.03---
2026-10-01 11:45:38,284 - INFO - --- validation at epoch 253, val_loss 0.0094, val_mae 0.0972, val_rmse 0.1343, val_r2 0.7670, val_pearson 0.8760, lr 1.00e-06 ---
2026-10-01 11:45:38,284 - INFO - 
****************************************************************************************************
2026-10-01 11:45:40,273 - INFO - --- training epoch 254, loss 0.0085, mae 0.0962, rmse 0.1304, time elapsed(min) 0.03---
2026-10-01 11:45:40,507 - INFO - --- validation at epoch 254, val_loss 0.0094, val_mae 0.0972, val_rmse 0.1343, val_r2 0.7670, val_pearson 0.8760, lr 1.00e-06 ---
2026-10-01 11:45:40,507 - INFO - 
****************************************************************************************************
2026-10-01 11:45:42,369 - INFO - --- training epoch 255, loss 0.0083, mae 0.0951, rmse 0.1287, time elapsed(min) 0.03---
2026-10-01 11:45:42,604 - INFO - --- validation at epoch 255, val_loss 0.0094, val_mae 0.0972, val_rmse 0.1343, val_r2 0.7670, val_pearson 0.8760, lr 1.00e-06 ---
2026-10-01 11:45:42,604 - INFO - 
****************************************************************************************************
2026-10-01 11:45:44,447 - INFO - --- training epoch 256, loss 0.0082, mae 0.0946, rmse 0.1282, time elapsed(min) 0.03---
2026-10-01 11:45:44,847 - INFO - --- validation at epoch 256, val_loss 0.0094, val_mae 0.0972, val_rmse 0.1343, val_r2 0.7671, val_pearson 0.8761, lr 1.00e-06 ---
2026-10-01 11:45:44,847 - INFO - 
****************************************************************************************************
2026-10-01 11:45:46,801 - INFO - --- training epoch 257, loss 0.0084, mae 0.0964, rmse 0.1295, time elapsed(min) 0.03---
2026-10-01 11:45:47,021 - INFO - --- validation at epoch 257, val_loss 0.0094, val_mae 0.0971, val_rmse 0.1343, val_r2 0.7671, val_pearson 0.8761, lr 1.00e-06 ---
2026-10-01 11:45:47,021 - INFO - 
****************************************************************************************************
2026-10-01 11:45:48,852 - INFO - --- training epoch 258, loss 0.0082, mae 0.0948, rmse 0.1281, time elapsed(min) 0.03---
2026-10-01 11:45:49,080 - INFO - --- validation at epoch 258, val_loss 0.0094, val_mae 0.0972, val_rmse 0.1343, val_r2 0.7668, val_pearson 0.8760, lr 1.00e-06 ---
2026-10-01 11:45:49,080 - INFO - 
****************************************************************************************************
2026-10-01 11:45:51,116 - INFO - --- training epoch 259, loss 0.0084, mae 0.0962, rmse 0.1297, time elapsed(min) 0.03---
2026-10-01 11:45:51,483 - INFO - --- validation at epoch 259, val_loss 0.0094, val_mae 0.0972, val_rmse 0.1343, val_r2 0.7669, val_pearson 0.8760, lr 1.00e-06 ---
2026-10-01 11:45:51,483 - INFO - 
****************************************************************************************************
2026-10-01 11:45:53,575 - INFO - --- training epoch 260, loss 0.0082, mae 0.0950, rmse 0.1282, time elapsed(min) 0.03---
2026-10-01 11:45:53,799 - INFO - --- validation at epoch 260, val_loss 0.0094, val_mae 0.0972, val_rmse 0.1343, val_r2 0.7669, val_pearson 0.8760, lr 1.00e-06 ---
2026-10-01 11:45:53,799 - INFO - 
****************************************************************************************************
2026-10-01 11:45:55,741 - INFO - --- training epoch 261, loss 0.0084, mae 0.0955, rmse 0.1298, time elapsed(min) 0.03---
2026-10-01 11:45:55,973 - INFO - --- validation at epoch 261, val_loss 0.0094, val_mae 0.0972, val_rmse 0.1343, val_r2 0.7669, val_pearson 0.8760, lr 1.00e-06 ---
2026-10-01 11:45:55,973 - INFO - 
****************************************************************************************************
2026-10-01 11:45:57,814 - INFO - --- training epoch 262, loss 0.0082, mae 0.0944, rmse 0.1283, time elapsed(min) 0.03---
2026-10-01 11:45:58,194 - INFO - --- validation at epoch 262, val_loss 0.0094, val_mae 0.0972, val_rmse 0.1343, val_r2 0.7670, val_pearson 0.8760, lr 1.00e-06 ---
2026-10-01 11:45:58,194 - INFO - 
****************************************************************************************************
2026-10-01 11:46:00,328 - INFO - --- training epoch 263, loss 0.0083, mae 0.0954, rmse 0.1290, time elapsed(min) 0.03---
2026-10-01 11:46:00,562 - INFO - --- validation at epoch 263, val_loss 0.0094, val_mae 0.0972, val_rmse 0.1343, val_r2 0.7670, val_pearson 0.8761, lr 1.00e-06 ---
2026-10-01 11:46:00,562 - INFO - 
****************************************************************************************************
2026-10-01 11:46:02,396 - INFO - --- training epoch 264, loss 0.0083, mae 0.0953, rmse 0.1292, time elapsed(min) 0.03---
2026-10-01 11:46:02,624 - INFO - --- validation at epoch 264, val_loss 0.0094, val_mae 0.0971, val_rmse 0.1342, val_r2 0.7674, val_pearson 0.8762, lr 1.00e-06 ---
2026-10-01 11:46:02,624 - INFO - 
****************************************************************************************************
2026-10-01 11:46:04,503 - INFO - --- training epoch 265, loss 0.0084, mae 0.0951, rmse 0.1293, time elapsed(min) 0.03---
2026-10-01 11:46:04,870 - INFO - --- validation at epoch 265, val_loss 0.0094, val_mae 0.0972, val_rmse 0.1343, val_r2 0.7671, val_pearson 0.8761, lr 1.00e-06 ---
2026-10-01 11:46:04,870 - INFO - 
****************************************************************************************************
2026-10-01 11:46:06,940 - INFO - --- training epoch 266, loss 0.0082, mae 0.0945, rmse 0.1282, time elapsed(min) 0.03---
2026-10-01 11:46:07,165 - INFO - --- validation at epoch 266, val_loss 0.0094, val_mae 0.0971, val_rmse 0.1342, val_r2 0.7672, val_pearson 0.8762, lr 1.00e-06 ---
2026-10-01 11:46:07,165 - INFO - 
****************************************************************************************************
2026-10-01 11:46:09,052 - INFO - --- training epoch 267, loss 0.0082, mae 0.0949, rmse 0.1283, time elapsed(min) 0.03---
2026-10-01 11:46:09,284 - INFO - --- validation at epoch 267, val_loss 0.0094, val_mae 0.0971, val_rmse 0.1342, val_r2 0.7672, val_pearson 0.8761, lr 1.00e-06 ---
2026-10-01 11:46:09,284 - INFO - 
****************************************************************************************************
2026-10-01 11:46:11,183 - INFO - --- training epoch 268, loss 0.0084, mae 0.0955, rmse 0.1294, time elapsed(min) 0.03---
2026-10-01 11:46:11,555 - INFO - --- validation at epoch 268, val_loss 0.0094, val_mae 0.0972, val_rmse 0.1343, val_r2 0.7670, val_pearson 0.8760, lr 1.00e-06 ---
2026-10-01 11:46:11,555 - INFO - 
****************************************************************************************************
2026-10-01 11:46:13,625 - INFO - --- training epoch 269, loss 0.0083, mae 0.0956, rmse 0.1290, time elapsed(min) 0.03---
2026-10-01 11:46:13,861 - INFO - --- validation at epoch 269, val_loss 0.0094, val_mae 0.0972, val_rmse 0.1343, val_r2 0.7669, val_pearson 0.8760, lr 1.00e-06 ---
2026-10-01 11:46:13,862 - INFO - 
****************************************************************************************************
2026-10-01 11:46:15,724 - INFO - --- training epoch 270, loss 0.0083, mae 0.0953, rmse 0.1292, time elapsed(min) 0.03---
2026-10-01 11:46:15,955 - INFO - --- validation at epoch 270, val_loss 0.0094, val_mae 0.0972, val_rmse 0.1343, val_r2 0.7670, val_pearson 0.8760, lr 1.00e-06 ---
2026-10-01 11:46:15,955 - INFO - 
****************************************************************************************************
2026-10-01 11:46:16,250 - INFO - --- early stopping at epoch 270: val_loss did not improve for 50 epochs ---
2026-10-01 11:46:16,518 - INFO - --- selected checkpoint from epoch 220, val_loss 0.0093, val_mae 0.0971, val_rmse 0.1343
2026-10-01 11:46:17,385 - INFO - -- RESULT
2026-10-01 11:46:17,385 - INFO - --- test size: 1728
2026-10-01 11:46:17,385 - INFO - --- MAE: 0.1026 (10.26 pp), RMSE: 0.1436 (14.36 pp), R2: 0.7435, Pearson: 0.8630
2026-10-01 11:46:19,760 - INFO - --- Suzuki-Miyaura | split_8 | approach_2: test R2 0.7435 MAE 0.1026 RMSE 0.1436 | 607.8s (2.2s/epoch)
2026-10-01 11:46:19,765 - INFO - --- Suzuki-Miyaura | split_8 | MLP control (ind/mlp) (ind/mlp)
