2026-10-01 11:46:19,769 - INFO - device is	cuda:0
2026-10-01 11:46:19,889 - INFO - -- CONFIGURATIONS
2026-10-01 11:46:19,889 - INFO - --- train/valid/test: 3628/404/1728
2026-10-01 11:46:19,889 - INFO - --- max no. reactants_train, valid, test respectively: 14, 14, 14
2026-10-01 11:46:19,889 - INFO - --- max no. products_train, valid, test respectively: 1, 1, 1
2026-10-01 11:46:19,889 - INFO - --- model_path: ../logs/approach2_grid_suzuki/e400/runs/Suzuki-Miyaura_split_8_ind_mlp/model.pt
2026-10-01 11:46:19,897 - INFO - -- TRAINING
2026-10-01 11:46:21,471 - INFO - --- training epoch 0, loss 0.9916, mae 1.3054, rmse 3.2676, time elapsed(min) 0.03---
2026-10-01 11:46:21,685 - INFO - --- validation at epoch 0, val_loss 0.0505, val_mae 0.2467, val_rmse 0.3188, val_r2 -0.3134, val_pearson 0.2759, lr 1.00e-03 ---
2026-10-01 11:46:21,685 - INFO - 
****************************************************************************************************
2026-10-01 11:46:23,416 - INFO - --- training epoch 1, loss 0.0409, mae 0.2454, rmse 0.2860, time elapsed(min) 0.02---
2026-10-01 11:46:23,635 - INFO - --- validation at epoch 1, val_loss 0.0404, val_mae 0.2362, val_rmse 0.2872, val_r2 -0.0655, val_pearson 0.2625, lr 1.00e-03 ---
2026-10-01 11:46:23,635 - INFO - 
****************************************************************************************************
2026-10-01 11:46:25,346 - INFO - --- training epoch 2, loss 0.0383, mae 0.2380, rmse 0.2769, time elapsed(min) 0.02---
2026-10-01 11:46:25,570 - INFO - --- validation at epoch 2, val_loss 0.0365, val_mae 0.2296, val_rmse 0.2759, val_r2 0.0167, val_pearson 0.2674, lr 1.00e-03 ---
2026-10-01 11:46:25,570 - INFO - 
****************************************************************************************************
2026-10-01 11:46:27,403 - INFO - --- training epoch 3, loss 0.0373, mae 0.2336, rmse 0.2730, time elapsed(min) 0.02---
2026-10-01 11:46:27,781 - INFO - --- validation at epoch 3, val_loss 0.0377, val_mae 0.2298, val_rmse 0.2792, val_r2 -0.0073, val_pearson 0.2915, lr 1.00e-03 ---
2026-10-01 11:46:27,781 - INFO - 
****************************************************************************************************
2026-10-01 11:46:29,546 - INFO - --- training epoch 4, loss 0.0359, mae 0.2291, rmse 0.2680, time elapsed(min) 0.02---
2026-10-01 11:46:29,774 - INFO - --- validation at epoch 4, val_loss 0.0339, val_mae 0.2262, val_rmse 0.2649, val_r2 0.0937, val_pearson 0.3082, lr 1.00e-03 ---
2026-10-01 11:46:29,774 - INFO - 
****************************************************************************************************
2026-10-01 11:46:31,573 - INFO - --- training epoch 5, loss 0.0352, mae 0.2257, rmse 0.2653, time elapsed(min) 0.02---
2026-10-01 11:46:31,792 - INFO - --- validation at epoch 5, val_loss 0.0352, val_mae 0.2301, val_rmse 0.2685, val_r2 0.0686, val_pearson 0.3161, lr 1.00e-03 ---
2026-10-01 11:46:31,792 - INFO - 
****************************************************************************************************
2026-10-01 11:46:33,453 - INFO - --- training epoch 6, loss 0.0339, mae 0.2194, rmse 0.2604, time elapsed(min) 0.02---
2026-10-01 11:46:33,827 - INFO - --- validation at epoch 6, val_loss 0.0353, val_mae 0.2186, val_rmse 0.2633, val_r2 0.1044, val_pearson 0.3458, lr 1.00e-03 ---
2026-10-01 11:46:33,827 - INFO - 
****************************************************************************************************
2026-10-01 11:46:35,725 - INFO - --- training epoch 7, loss 0.0332, mae 0.2157, rmse 0.2577, time elapsed(min) 0.03---
2026-10-01 11:46:35,948 - INFO - --- validation at epoch 7, val_loss 0.0382, val_mae 0.2200, val_rmse 0.2718, val_r2 0.0458, val_pearson 0.3431, lr 1.00e-03 ---
2026-10-01 11:46:35,948 - INFO - 
****************************************************************************************************
2026-10-01 11:46:37,688 - INFO - --- training epoch 8, loss 0.0330, mae 0.2142, rmse 0.2571, time elapsed(min) 0.02---
2026-10-01 11:46:37,914 - INFO - --- validation at epoch 8, val_loss 0.0370, val_mae 0.2168, val_rmse 0.2698, val_r2 0.0598, val_pearson 0.3605, lr 1.00e-03 ---
2026-10-01 11:46:37,914 - INFO - 
****************************************************************************************************
2026-10-01 11:46:39,575 - INFO - --- training epoch 9, loss 0.0325, mae 0.2127, rmse 0.2550, time elapsed(min) 0.02---
2026-10-01 11:46:39,799 - INFO - --- validation at epoch 9, val_loss 0.0351, val_mae 0.2161, val_rmse 0.2640, val_r2 0.0997, val_pearson 0.3561, lr 1.00e-03 ---
2026-10-01 11:46:39,799 - INFO - 
****************************************************************************************************
2026-10-01 11:46:41,515 - INFO - --- training epoch 10, loss 0.0325, mae 0.2128, rmse 0.2550, time elapsed(min) 0.02---
2026-10-01 11:46:41,938 - INFO - --- validation at epoch 10, val_loss 0.0350, val_mae 0.2160, val_rmse 0.2633, val_r2 0.1041, val_pearson 0.3585, lr 1.00e-03 ---
2026-10-01 11:46:41,938 - INFO - 
****************************************************************************************************
2026-10-01 11:46:43,662 - INFO - --- training epoch 11, loss 0.0326, mae 0.2125, rmse 0.2552, time elapsed(min) 0.02---
2026-10-01 11:46:43,872 - INFO - --- validation at epoch 11, val_loss 0.0356, val_mae 0.2162, val_rmse 0.2652, val_r2 0.0911, val_pearson 0.3642, lr 1.00e-03 ---
2026-10-01 11:46:43,872 - INFO - 
****************************************************************************************************
2026-10-01 11:46:45,478 - INFO - --- training epoch 12, loss 0.0325, mae 0.2121, rmse 0.2550, time elapsed(min) 0.02---
2026-10-01 11:46:45,696 - INFO - --- validation at epoch 12, val_loss 0.0348, val_mae 0.2144, val_rmse 0.2612, val_r2 0.1188, val_pearson 0.3648, lr 1.00e-03 ---
2026-10-01 11:46:45,696 - INFO - 
****************************************************************************************************
2026-10-01 11:46:47,428 - INFO - --- training epoch 13, loss 0.0326, mae 0.2128, rmse 0.2554, time elapsed(min) 0.02---
2026-10-01 11:46:47,791 - INFO - --- validation at epoch 13, val_loss 0.0351, val_mae 0.2152, val_rmse 0.2630, val_r2 0.1066, val_pearson 0.3533, lr 1.00e-03 ---
2026-10-01 11:46:47,791 - INFO - 
****************************************************************************************************
2026-10-01 11:46:49,643 - INFO - --- training epoch 14, loss 0.0324, mae 0.2120, rmse 0.2547, time elapsed(min) 0.03---
2026-10-01 11:46:49,869 - INFO - --- validation at epoch 14, val_loss 0.0344, val_mae 0.2150, val_rmse 0.2610, val_r2 0.1200, val_pearson 0.3677, lr 1.00e-03 ---
2026-10-01 11:46:49,869 - INFO - 
****************************************************************************************************
2026-10-01 11:46:51,499 - INFO - --- training epoch 15, loss 0.0323, mae 0.2115, rmse 0.2541, time elapsed(min) 0.02---
2026-10-01 11:46:51,736 - INFO - --- validation at epoch 15, val_loss 0.0352, val_mae 0.2142, val_rmse 0.2629, val_r2 0.1071, val_pearson 0.3672, lr 1.00e-03 ---
2026-10-01 11:46:51,736 - INFO - 
****************************************************************************************************
2026-10-01 11:46:53,384 - INFO - --- training epoch 16, loss 0.0315, mae 0.2089, rmse 0.2508, time elapsed(min) 0.02---
2026-10-01 11:46:53,761 - INFO - --- validation at epoch 16, val_loss 0.0340, val_mae 0.2154, val_rmse 0.2590, val_r2 0.1332, val_pearson 0.3746, lr 3.00e-04 ---
2026-10-01 11:46:53,761 - INFO - 
****************************************************************************************************
2026-10-01 11:46:55,685 - INFO - --- training epoch 17, loss 0.0318, mae 0.2096, rmse 0.2523, time elapsed(min) 0.03---
2026-10-01 11:46:55,908 - INFO - --- validation at epoch 17, val_loss 0.0342, val_mae 0.2166, val_rmse 0.2597, val_r2 0.1284, val_pearson 0.3720, lr 3.00e-04 ---
2026-10-01 11:46:55,908 - INFO - 
****************************************************************************************************
2026-10-01 11:46:57,547 - INFO - --- training epoch 18, loss 0.0319, mae 0.2095, rmse 0.2524, time elapsed(min) 0.02---
2026-10-01 11:46:57,773 - INFO - --- validation at epoch 18, val_loss 0.0341, val_mae 0.2170, val_rmse 0.2593, val_r2 0.1311, val_pearson 0.3714, lr 3.00e-04 ---
2026-10-01 11:46:57,773 - INFO - 
****************************************************************************************************
2026-10-01 11:46:59,427 - INFO - --- training epoch 19, loss 0.0317, mae 0.2088, rmse 0.2517, time elapsed(min) 0.02---
2026-10-01 11:46:59,638 - INFO - --- validation at epoch 19, val_loss 0.0340, val_mae 0.2166, val_rmse 0.2589, val_r2 0.1338, val_pearson 0.3758, lr 3.00e-04 ---
2026-10-01 11:46:59,638 - INFO - 
****************************************************************************************************
2026-10-01 11:47:01,364 - INFO - --- training epoch 20, loss 0.0315, mae 0.2090, rmse 0.2510, time elapsed(min) 0.02---
2026-10-01 11:47:01,934 - INFO - --- validation at epoch 20, val_loss 0.0335, val_mae 0.2161, val_rmse 0.2568, val_r2 0.1481, val_pearson 0.3923, lr 3.00e-04 ---
2026-10-01 11:47:01,934 - INFO - 
****************************************************************************************************
2026-10-01 11:47:03,713 - INFO - --- training epoch 21, loss 0.0309, mae 0.2065, rmse 0.2485, time elapsed(min) 0.02---
2026-10-01 11:47:03,924 - INFO - --- validation at epoch 21, val_loss 0.0338, val_mae 0.2142, val_rmse 0.2558, val_r2 0.1549, val_pearson 0.4023, lr 3.00e-04 ---
2026-10-01 11:47:03,924 - INFO - 
****************************************************************************************************
2026-10-01 11:47:05,578 - INFO - --- training epoch 22, loss 0.0307, mae 0.2061, rmse 0.2480, time elapsed(min) 0.02---
2026-10-01 11:47:05,802 - INFO - --- validation at epoch 22, val_loss 0.0338, val_mae 0.2136, val_rmse 0.2553, val_r2 0.1582, val_pearson 0.4077, lr 3.00e-04 ---
2026-10-01 11:47:05,802 - INFO - 
****************************************************************************************************
2026-10-01 11:47:07,519 - INFO - --- training epoch 23, loss 0.0305, mae 0.2048, rmse 0.2470, time elapsed(min) 0.02---
2026-10-01 11:47:07,931 - INFO - --- validation at epoch 23, val_loss 0.0334, val_mae 0.2113, val_rmse 0.2534, val_r2 0.1707, val_pearson 0.4155, lr 3.00e-04 ---
2026-10-01 11:47:07,931 - INFO - 
****************************************************************************************************
2026-10-01 11:47:09,812 - INFO - --- training epoch 24, loss 0.0305, mae 0.2049, rmse 0.2470, time elapsed(min) 0.02---
2026-10-01 11:47:10,035 - INFO - --- validation at epoch 24, val_loss 0.0337, val_mae 0.2105, val_rmse 0.2532, val_r2 0.1718, val_pearson 0.4197, lr 3.00e-04 ---
2026-10-01 11:47:10,035 - INFO - 
****************************************************************************************************
2026-10-01 11:47:11,723 - INFO - --- training epoch 25, loss 0.0305, mae 0.2051, rmse 0.2471, time elapsed(min) 0.02---
2026-10-01 11:47:11,944 - INFO - --- validation at epoch 25, val_loss 0.0335, val_mae 0.2106, val_rmse 0.2526, val_r2 0.1757, val_pearson 0.4209, lr 3.00e-04 ---
2026-10-01 11:47:11,944 - INFO - 
****************************************************************************************************
2026-10-01 11:47:13,672 - INFO - --- training epoch 26, loss 0.0302, mae 0.2037, rmse 0.2458, time elapsed(min) 0.02---
2026-10-01 11:47:14,070 - INFO - --- validation at epoch 26, val_loss 0.0333, val_mae 0.2088, val_rmse 0.2515, val_r2 0.1826, val_pearson 0.4342, lr 3.00e-04 ---
2026-10-01 11:47:14,070 - INFO - 
****************************************************************************************************
2026-10-01 11:47:16,069 - INFO - --- training epoch 27, loss 0.0299, mae 0.2030, rmse 0.2447, time elapsed(min) 0.03---
2026-10-01 11:47:16,290 - INFO - --- validation at epoch 27, val_loss 0.0334, val_mae 0.2072, val_rmse 0.2507, val_r2 0.1882, val_pearson 0.4370, lr 3.00e-04 ---
2026-10-01 11:47:16,290 - INFO - 
****************************************************************************************************
2026-10-01 11:47:18,053 - INFO - --- training epoch 28, loss 0.0300, mae 0.2027, rmse 0.2452, time elapsed(min) 0.02---
2026-10-01 11:47:18,278 - INFO - --- validation at epoch 28, val_loss 0.0332, val_mae 0.2089, val_rmse 0.2510, val_r2 0.1860, val_pearson 0.4378, lr 3.00e-04 ---
2026-10-01 11:47:18,278 - INFO - 
****************************************************************************************************
2026-10-01 11:47:20,003 - INFO - --- training epoch 29, loss 0.0300, mae 0.2029, rmse 0.2449, time elapsed(min) 0.02---
2026-10-01 11:47:20,365 - INFO - --- validation at epoch 29, val_loss 0.0331, val_mae 0.2072, val_rmse 0.2505, val_r2 0.1893, val_pearson 0.4467, lr 3.00e-04 ---
2026-10-01 11:47:20,365 - INFO - 
****************************************************************************************************
2026-10-01 11:47:22,428 - INFO - --- training epoch 30, loss 0.0296, mae 0.2020, rmse 0.2435, time elapsed(min) 0.03---
2026-10-01 11:47:22,646 - INFO - --- validation at epoch 30, val_loss 0.0327, val_mae 0.2064, val_rmse 0.2487, val_r2 0.2008, val_pearson 0.4545, lr 3.00e-04 ---
2026-10-01 11:47:22,646 - INFO - 
****************************************************************************************************
2026-10-01 11:47:24,376 - INFO - --- training epoch 31, loss 0.0300, mae 0.2026, rmse 0.2450, time elapsed(min) 0.02---
2026-10-01 11:47:24,594 - INFO - --- validation at epoch 31, val_loss 0.0329, val_mae 0.2072, val_rmse 0.2498, val_r2 0.1940, val_pearson 0.4488, lr 3.00e-04 ---
2026-10-01 11:47:24,594 - INFO - 
****************************************************************************************************
2026-10-01 11:47:26,229 - INFO - --- training epoch 32, loss 0.0297, mae 0.2014, rmse 0.2436, time elapsed(min) 0.02---
2026-10-01 11:47:26,612 - INFO - --- validation at epoch 32, val_loss 0.0332, val_mae 0.2052, val_rmse 0.2493, val_r2 0.1968, val_pearson 0.4548, lr 3.00e-04 ---
2026-10-01 11:47:26,612 - INFO - 
****************************************************************************************************
2026-10-01 11:47:28,653 - INFO - --- training epoch 33, loss 0.0297, mae 0.2017, rmse 0.2437, time elapsed(min) 0.03---
2026-10-01 11:47:28,926 - INFO - --- validation at epoch 33, val_loss 0.0325, val_mae 0.2052, val_rmse 0.2486, val_r2 0.2015, val_pearson 0.4682, lr 3.00e-04 ---
2026-10-01 11:47:28,926 - INFO - 
****************************************************************************************************
2026-10-01 11:47:30,665 - INFO - --- training epoch 34, loss 0.0292, mae 0.2000, rmse 0.2417, time elapsed(min) 0.02---
2026-10-01 11:47:30,885 - INFO - --- validation at epoch 34, val_loss 0.0328, val_mae 0.2032, val_rmse 0.2472, val_r2 0.2107, val_pearson 0.4630, lr 3.00e-04 ---
2026-10-01 11:47:30,885 - INFO - 
****************************************************************************************************
2026-10-01 11:47:32,539 - INFO - --- training epoch 35, loss 0.0295, mae 0.2006, rmse 0.2431, time elapsed(min) 0.02---
2026-10-01 11:47:32,894 - INFO - --- validation at epoch 35, val_loss 0.0321, val_mae 0.2030, val_rmse 0.2457, val_r2 0.2197, val_pearson 0.4807, lr 3.00e-04 ---
2026-10-01 11:47:32,894 - INFO - 
****************************************************************************************************
2026-10-01 11:47:34,745 - INFO - --- training epoch 36, loss 0.0290, mae 0.1979, rmse 0.2409, time elapsed(min) 0.02---
2026-10-01 11:47:35,144 - INFO - --- validation at epoch 36, val_loss 0.0314, val_mae 0.1992, val_rmse 0.2435, val_r2 0.2342, val_pearson 0.4932, lr 3.00e-04 ---
2026-10-01 11:47:35,144 - INFO - 
****************************************************************************************************
2026-10-01 11:47:37,207 - INFO - --- training epoch 37, loss 0.0290, mae 0.1977, rmse 0.2409, time elapsed(min) 0.03---
2026-10-01 11:47:37,426 - INFO - --- validation at epoch 37, val_loss 0.0310, val_mae 0.1992, val_rmse 0.2421, val_r2 0.2430, val_pearson 0.5111, lr 3.00e-04 ---
2026-10-01 11:47:37,426 - INFO - 
****************************************************************************************************
2026-10-01 11:47:39,171 - INFO - --- training epoch 38, loss 0.0280, mae 0.1937, rmse 0.2366, time elapsed(min) 0.02---
2026-10-01 11:47:39,396 - INFO - --- validation at epoch 38, val_loss 0.0305, val_mae 0.1952, val_rmse 0.2387, val_r2 0.2641, val_pearson 0.5150, lr 3.00e-04 ---
2026-10-01 11:47:39,396 - INFO - 
****************************************************************************************************
2026-10-01 11:47:41,137 - INFO - --- training epoch 39, loss 0.0271, mae 0.1906, rmse 0.2328, time elapsed(min) 0.02---
2026-10-01 11:47:41,535 - INFO - --- validation at epoch 39, val_loss 0.0317, val_mae 0.1954, val_rmse 0.2411, val_r2 0.2487, val_pearson 0.5129, lr 3.00e-04 ---
2026-10-01 11:47:41,535 - INFO - 
****************************************************************************************************
2026-10-01 11:47:43,433 - INFO - --- training epoch 40, loss 0.0238, mae 0.1762, rmse 0.2180, time elapsed(min) 0.03---
2026-10-01 11:47:43,644 - INFO - --- validation at epoch 40, val_loss 0.0241, val_mae 0.1695, val_rmse 0.2097, val_r2 0.4316, val_pearson 0.6580, lr 3.00e-04 ---
2026-10-01 11:47:43,644 - INFO - 
****************************************************************************************************
2026-10-01 11:47:45,365 - INFO - --- training epoch 41, loss 0.0223, mae 0.1699, rmse 0.2113, time elapsed(min) 0.02---
2026-10-01 11:47:45,579 - INFO - --- validation at epoch 41, val_loss 0.0241, val_mae 0.1724, val_rmse 0.2101, val_r2 0.4297, val_pearson 0.6574, lr 3.00e-04 ---
2026-10-01 11:47:45,579 - INFO - 
****************************************************************************************************
2026-10-01 11:47:47,334 - INFO - --- training epoch 42, loss 0.0215, mae 0.1661, rmse 0.2074, time elapsed(min) 0.02---
2026-10-01 11:47:47,702 - INFO - --- validation at epoch 42, val_loss 0.0228, val_mae 0.1640, val_rmse 0.2088, val_r2 0.4368, val_pearson 0.7099, lr 3.00e-04 ---
2026-10-01 11:47:47,702 - INFO - 
****************************************************************************************************
2026-10-01 11:47:49,759 - INFO - --- training epoch 43, loss 0.0201, mae 0.1597, rmse 0.2006, time elapsed(min) 0.03---
2026-10-01 11:47:49,979 - INFO - --- validation at epoch 43, val_loss 0.0207, val_mae 0.1512, val_rmse 0.1915, val_r2 0.5260, val_pearson 0.7308, lr 3.00e-04 ---
2026-10-01 11:47:49,979 - INFO - 
****************************************************************************************************
2026-10-01 11:47:51,769 - INFO - --- training epoch 44, loss 0.0194, mae 0.1564, rmse 0.1968, time elapsed(min) 0.02---
2026-10-01 11:47:51,990 - INFO - --- validation at epoch 44, val_loss 0.0212, val_mae 0.1520, val_rmse 0.1950, val_r2 0.5085, val_pearson 0.7315, lr 3.00e-04 ---
2026-10-01 11:47:51,990 - INFO - 
****************************************************************************************************
2026-10-01 11:47:53,815 - INFO - --- training epoch 45, loss 0.0189, mae 0.1549, rmse 0.1943, time elapsed(min) 0.03---
2026-10-01 11:47:54,198 - INFO - --- validation at epoch 45, val_loss 0.0215, val_mae 0.1513, val_rmse 0.1950, val_r2 0.5087, val_pearson 0.7337, lr 3.00e-04 ---
2026-10-01 11:47:54,198 - INFO - 
****************************************************************************************************
2026-10-01 11:47:56,053 - INFO - --- training epoch 46, loss 0.0186, mae 0.1525, rmse 0.1926, time elapsed(min) 0.03---
2026-10-01 11:47:56,275 - INFO - --- validation at epoch 46, val_loss 0.0202, val_mae 0.1476, val_rmse 0.1916, val_r2 0.5255, val_pearson 0.7484, lr 3.00e-04 ---
2026-10-01 11:47:56,275 - INFO - 
****************************************************************************************************
2026-10-01 11:47:58,028 - INFO - --- training epoch 47, loss 0.0179, mae 0.1499, rmse 0.1894, time elapsed(min) 0.02---
2026-10-01 11:47:58,247 - INFO - --- validation at epoch 47, val_loss 0.0198, val_mae 0.1450, val_rmse 0.1883, val_r2 0.5419, val_pearson 0.7541, lr 3.00e-04 ---
2026-10-01 11:47:58,247 - INFO - 
****************************************************************************************************
2026-10-01 11:47:59,979 - INFO - --- training epoch 48, loss 0.0175, mae 0.1473, rmse 0.1873, time elapsed(min) 0.02---
2026-10-01 11:48:00,342 - INFO - --- validation at epoch 48, val_loss 0.0196, val_mae 0.1441, val_rmse 0.1889, val_r2 0.5390, val_pearson 0.7657, lr 3.00e-04 ---
2026-10-01 11:48:00,342 - INFO - 
****************************************************************************************************
2026-10-01 11:48:02,335 - INFO - --- training epoch 49, loss 0.0174, mae 0.1472, rmse 0.1867, time elapsed(min) 0.03---
2026-10-01 11:48:02,555 - INFO - --- validation at epoch 49, val_loss 0.0188, val_mae 0.1417, val_rmse 0.1839, val_r2 0.5630, val_pearson 0.7676, lr 3.00e-04 ---
2026-10-01 11:48:02,555 - INFO - 
****************************************************************************************************
2026-10-01 11:48:04,281 - INFO - --- training epoch 50, loss 0.0172, mae 0.1453, rmse 0.1853, time elapsed(min) 0.02---
2026-10-01 11:48:04,505 - INFO - --- validation at epoch 50, val_loss 0.0179, val_mae 0.1430, val_rmse 0.1804, val_r2 0.5794, val_pearson 0.7713, lr 3.00e-04 ---
2026-10-01 11:48:04,505 - INFO - 
****************************************************************************************************
2026-10-01 11:48:06,334 - INFO - --- training epoch 51, loss 0.0167, mae 0.1432, rmse 0.1827, time elapsed(min) 0.02---
2026-10-01 11:48:06,569 - INFO - --- validation at epoch 51, val_loss 0.0191, val_mae 0.1419, val_rmse 0.1862, val_r2 0.5522, val_pearson 0.7650, lr 3.00e-04 ---
2026-10-01 11:48:06,569 - INFO - 
****************************************************************************************************
2026-10-01 11:48:08,364 - INFO - --- training epoch 52, loss 0.0162, mae 0.1406, rmse 0.1798, time elapsed(min) 0.03---
2026-10-01 11:48:08,767 - INFO - --- validation at epoch 52, val_loss 0.0181, val_mae 0.1398, val_rmse 0.1824, val_r2 0.5701, val_pearson 0.7749, lr 3.00e-04 ---
2026-10-01 11:48:08,767 - INFO - 
****************************************************************************************************
2026-10-01 11:48:10,568 - INFO - --- training epoch 53, loss 0.0161, mae 0.1403, rmse 0.1794, time elapsed(min) 0.02---
2026-10-01 11:48:10,806 - INFO - --- validation at epoch 53, val_loss 0.0179, val_mae 0.1381, val_rmse 0.1781, val_r2 0.5902, val_pearson 0.7774, lr 3.00e-04 ---
2026-10-01 11:48:10,806 - INFO - 
****************************************************************************************************
2026-10-01 11:48:12,554 - INFO - --- training epoch 54, loss 0.0162, mae 0.1400, rmse 0.1797, time elapsed(min) 0.02---
2026-10-01 11:48:12,778 - INFO - --- validation at epoch 54, val_loss 0.0175, val_mae 0.1382, val_rmse 0.1818, val_r2 0.5732, val_pearson 0.7800, lr 3.00e-04 ---
2026-10-01 11:48:12,778 - INFO - 
****************************************************************************************************
2026-10-01 11:48:14,651 - INFO - --- training epoch 55, loss 0.0155, mae 0.1371, rmse 0.1759, time elapsed(min) 0.02---
2026-10-01 11:48:15,043 - INFO - --- validation at epoch 55, val_loss 0.0162, val_mae 0.1341, val_rmse 0.1726, val_r2 0.6152, val_pearson 0.7945, lr 3.00e-04 ---
2026-10-01 11:48:15,043 - INFO - 
****************************************************************************************************
2026-10-01 11:48:16,963 - INFO - --- training epoch 56, loss 0.0153, mae 0.1358, rmse 0.1750, time elapsed(min) 0.02---
2026-10-01 11:48:17,193 - INFO - --- validation at epoch 56, val_loss 0.0161, val_mae 0.1317, val_rmse 0.1729, val_r2 0.6138, val_pearson 0.8038, lr 3.00e-04 ---
2026-10-01 11:48:17,193 - INFO - 
****************************************************************************************************
2026-10-01 11:48:18,982 - INFO - --- training epoch 57, loss 0.0145, mae 0.1322, rmse 0.1703, time elapsed(min) 0.02---
2026-10-01 11:48:19,202 - INFO - --- validation at epoch 57, val_loss 0.0158, val_mae 0.1297, val_rmse 0.1712, val_r2 0.6211, val_pearson 0.8035, lr 3.00e-04 ---
2026-10-01 11:48:19,203 - INFO - 
****************************************************************************************************
2026-10-01 11:48:21,087 - INFO - --- training epoch 58, loss 0.0146, mae 0.1331, rmse 0.1711, time elapsed(min) 0.03---
2026-10-01 11:48:21,468 - INFO - --- validation at epoch 58, val_loss 0.0167, val_mae 0.1328, val_rmse 0.1797, val_r2 0.5830, val_pearson 0.7934, lr 3.00e-04 ---
2026-10-01 11:48:21,468 - INFO - 
****************************************************************************************************
2026-10-01 11:48:23,377 - INFO - --- training epoch 59, loss 0.0143, mae 0.1310, rmse 0.1690, time elapsed(min) 0.03---
2026-10-01 11:48:23,602 - INFO - --- validation at epoch 59, val_loss 0.0155, val_mae 0.1272, val_rmse 0.1695, val_r2 0.6288, val_pearson 0.8169, lr 3.00e-04 ---
2026-10-01 11:48:23,602 - INFO - 
****************************************************************************************************
2026-10-01 11:48:25,503 - INFO - --- training epoch 60, loss 0.0138, mae 0.1278, rmse 0.1662, time elapsed(min) 0.02---
2026-10-01 11:48:25,718 - INFO - --- validation at epoch 60, val_loss 0.0158, val_mae 0.1280, val_rmse 0.1725, val_r2 0.6154, val_pearson 0.8104, lr 3.00e-04 ---
2026-10-01 11:48:25,718 - INFO - 
****************************************************************************************************
2026-10-01 11:48:27,370 - INFO - --- training epoch 61, loss 0.0135, mae 0.1265, rmse 0.1646, time elapsed(min) 0.02---
2026-10-01 11:48:27,582 - INFO - --- validation at epoch 61, val_loss 0.0138, val_mae 0.1186, val_rmse 0.1587, val_r2 0.6745, val_pearson 0.8299, lr 3.00e-04 ---
2026-10-01 11:48:27,583 - INFO - 
****************************************************************************************************
2026-10-01 11:48:29,450 - INFO - --- training epoch 62, loss 0.0132, mae 0.1239, rmse 0.1623, time elapsed(min) 0.03---
2026-10-01 11:48:29,973 - INFO - --- validation at epoch 62, val_loss 0.0150, val_mae 0.1232, val_rmse 0.1665, val_r2 0.6416, val_pearson 0.8310, lr 3.00e-04 ---
2026-10-01 11:48:29,973 - INFO - 
****************************************************************************************************
2026-10-01 11:48:31,624 - INFO - --- training epoch 63, loss 0.0128, mae 0.1221, rmse 0.1600, time elapsed(min) 0.02---
2026-10-01 11:48:31,841 - INFO - --- validation at epoch 63, val_loss 0.0126, val_mae 0.1119, val_rmse 0.1510, val_r2 0.7055, val_pearson 0.8486, lr 3.00e-04 ---
2026-10-01 11:48:31,842 - INFO - 
****************************************************************************************************
2026-10-01 11:48:33,581 - INFO - --- training epoch 64, loss 0.0124, mae 0.1204, rmse 0.1578, time elapsed(min) 0.02---
2026-10-01 11:48:33,955 - INFO - --- validation at epoch 64, val_loss 0.0130, val_mae 0.1131, val_rmse 0.1536, val_r2 0.6950, val_pearson 0.8461, lr 3.00e-04 ---
2026-10-01 11:48:33,955 - INFO - 
****************************************************************************************************
2026-10-01 11:48:35,683 - INFO - --- training epoch 65, loss 0.0121, mae 0.1183, rmse 0.1557, time elapsed(min) 0.02---
2026-10-01 11:48:36,084 - INFO - --- validation at epoch 65, val_loss 0.0126, val_mae 0.1126, val_rmse 0.1523, val_r2 0.7004, val_pearson 0.8505, lr 3.00e-04 ---
2026-10-01 11:48:36,084 - INFO - 
****************************************************************************************************
2026-10-01 11:48:37,988 - INFO - --- training epoch 66, loss 0.0120, mae 0.1172, rmse 0.1547, time elapsed(min) 0.02---
2026-10-01 11:48:38,214 - INFO - --- validation at epoch 66, val_loss 0.0118, val_mae 0.1118, val_rmse 0.1480, val_r2 0.7169, val_pearson 0.8470, lr 3.00e-04 ---
2026-10-01 11:48:38,214 - INFO - 
****************************************************************************************************
2026-10-01 11:48:39,948 - INFO - --- training epoch 67, loss 0.0121, mae 0.1183, rmse 0.1555, time elapsed(min) 0.02---
2026-10-01 11:48:40,162 - INFO - --- validation at epoch 67, val_loss 0.0125, val_mae 0.1111, val_rmse 0.1507, val_r2 0.7065, val_pearson 0.8516, lr 3.00e-04 ---
2026-10-01 11:48:40,162 - INFO - 
****************************************************************************************************
2026-10-01 11:48:41,907 - INFO - --- training epoch 68, loss 0.0121, mae 0.1166, rmse 0.1554, time elapsed(min) 0.02---
2026-10-01 11:48:42,338 - INFO - --- validation at epoch 68, val_loss 0.0129, val_mae 0.1122, val_rmse 0.1538, val_r2 0.6945, val_pearson 0.8485, lr 3.00e-04 ---
2026-10-01 11:48:42,338 - INFO - 
****************************************************************************************************
2026-10-01 11:48:44,130 - INFO - --- training epoch 69, loss 0.0114, mae 0.1136, rmse 0.1509, time elapsed(min) 0.02---
2026-10-01 11:48:44,370 - INFO - --- validation at epoch 69, val_loss 0.0113, val_mae 0.1060, val_rmse 0.1451, val_r2 0.7279, val_pearson 0.8588, lr 3.00e-04 ---
2026-10-01 11:48:44,370 - INFO - 
****************************************************************************************************
2026-10-01 11:48:46,094 - INFO - --- training epoch 70, loss 0.0112, mae 0.1129, rmse 0.1500, time elapsed(min) 0.02---
2026-10-01 11:48:46,319 - INFO - --- validation at epoch 70, val_loss 0.0112, val_mae 0.1043, val_rmse 0.1437, val_r2 0.7330, val_pearson 0.8623, lr 3.00e-04 ---
2026-10-01 11:48:46,319 - INFO - 
****************************************************************************************************
2026-10-01 11:48:48,242 - INFO - --- training epoch 71, loss 0.0111, mae 0.1124, rmse 0.1489, time elapsed(min) 0.03---
2026-10-01 11:48:48,631 - INFO - --- validation at epoch 71, val_loss 0.0115, val_mae 0.1061, val_rmse 0.1459, val_r2 0.7249, val_pearson 0.8646, lr 3.00e-04 ---
2026-10-01 11:48:48,631 - INFO - 
****************************************************************************************************
2026-10-01 11:48:50,539 - INFO - --- training epoch 72, loss 0.0108, mae 0.1098, rmse 0.1470, time elapsed(min) 0.03---
2026-10-01 11:48:50,752 - INFO - --- validation at epoch 72, val_loss 0.0116, val_mae 0.1085, val_rmse 0.1487, val_r2 0.7143, val_pearson 0.8543, lr 3.00e-04 ---
2026-10-01 11:48:50,752 - INFO - 
****************************************************************************************************
2026-10-01 11:48:52,411 - INFO - --- training epoch 73, loss 0.0113, mae 0.1132, rmse 0.1501, time elapsed(min) 0.02---
2026-10-01 11:48:52,640 - INFO - --- validation at epoch 73, val_loss 0.0113, val_mae 0.1081, val_rmse 0.1466, val_r2 0.7224, val_pearson 0.8588, lr 3.00e-04 ---
2026-10-01 11:48:52,640 - INFO - 
****************************************************************************************************
2026-10-01 11:48:54,278 - INFO - --- training epoch 74, loss 0.0110, mae 0.1106, rmse 0.1480, time elapsed(min) 0.02---
2026-10-01 11:48:54,651 - INFO - --- validation at epoch 74, val_loss 0.0117, val_mae 0.1069, val_rmse 0.1477, val_r2 0.7182, val_pearson 0.8641, lr 3.00e-04 ---
2026-10-01 11:48:54,651 - INFO - 
****************************************************************************************************
2026-10-01 11:48:56,428 - INFO - --- training epoch 75, loss 0.0104, mae 0.1084, rmse 0.1445, time elapsed(min) 0.02---
2026-10-01 11:48:56,645 - INFO - --- validation at epoch 75, val_loss 0.0107, val_mae 0.0997, val_rmse 0.1411, val_r2 0.7428, val_pearson 0.8716, lr 3.00e-04 ---
2026-10-01 11:48:56,645 - INFO - 
****************************************************************************************************
2026-10-01 11:48:58,367 - INFO - --- training epoch 76, loss 0.0104, mae 0.1079, rmse 0.1444, time elapsed(min) 0.02---
2026-10-01 11:48:58,588 - INFO - --- validation at epoch 76, val_loss 0.0102, val_mae 0.1057, val_rmse 0.1408, val_r2 0.7440, val_pearson 0.8662, lr 3.00e-04 ---
2026-10-01 11:48:58,588 - INFO - 
****************************************************************************************************
2026-10-01 11:49:00,327 - INFO - --- training epoch 77, loss 0.0105, mae 0.1086, rmse 0.1449, time elapsed(min) 0.02---
2026-10-01 11:49:00,553 - INFO - --- validation at epoch 77, val_loss 0.0105, val_mae 0.1033, val_rmse 0.1431, val_r2 0.7354, val_pearson 0.8678, lr 3.00e-04 ---
2026-10-01 11:49:00,553 - INFO - 
****************************************************************************************************
2026-10-01 11:49:02,419 - INFO - --- training epoch 78, loss 0.0105, mae 0.1091, rmse 0.1449, time elapsed(min) 0.03---
2026-10-01 11:49:02,813 - INFO - --- validation at epoch 78, val_loss 0.0095, val_mae 0.1000, val_rmse 0.1359, val_r2 0.7613, val_pearson 0.8755, lr 3.00e-04 ---
2026-10-01 11:49:02,813 - INFO - 
****************************************************************************************************
2026-10-01 11:49:04,670 - INFO - --- training epoch 79, loss 0.0105, mae 0.1085, rmse 0.1448, time elapsed(min) 0.02---
2026-10-01 11:49:04,886 - INFO - --- validation at epoch 79, val_loss 0.0100, val_mae 0.1006, val_rmse 0.1387, val_r2 0.7515, val_pearson 0.8739, lr 3.00e-04 ---
2026-10-01 11:49:04,886 - INFO - 
****************************************************************************************************
2026-10-01 11:49:06,521 - INFO - --- training epoch 80, loss 0.0102, mae 0.1065, rmse 0.1430, time elapsed(min) 0.02---
2026-10-01 11:49:06,742 - INFO - --- validation at epoch 80, val_loss 0.0098, val_mae 0.1019, val_rmse 0.1380, val_r2 0.7541, val_pearson 0.8700, lr 3.00e-04 ---
2026-10-01 11:49:06,742 - INFO - 
****************************************************************************************************
2026-10-01 11:49:08,476 - INFO - --- training epoch 81, loss 0.0101, mae 0.1069, rmse 0.1423, time elapsed(min) 0.02---
2026-10-01 11:49:08,891 - INFO - --- validation at epoch 81, val_loss 0.0093, val_mae 0.0987, val_rmse 0.1336, val_r2 0.7692, val_pearson 0.8811, lr 3.00e-04 ---
2026-10-01 11:49:08,891 - INFO - 
****************************************************************************************************
2026-10-01 11:49:10,988 - INFO - --- training epoch 82, loss 0.0098, mae 0.1044, rmse 0.1397, time elapsed(min) 0.03---
2026-10-01 11:49:11,212 - INFO - --- validation at epoch 82, val_loss 0.0093, val_mae 0.0984, val_rmse 0.1334, val_r2 0.7700, val_pearson 0.8790, lr 3.00e-04 ---
2026-10-01 11:49:11,212 - INFO - 
****************************************************************************************************
2026-10-01 11:49:12,949 - INFO - --- training epoch 83, loss 0.0098, mae 0.1047, rmse 0.1398, time elapsed(min) 0.02---
2026-10-01 11:49:13,175 - INFO - --- validation at epoch 83, val_loss 0.0094, val_mae 0.0982, val_rmse 0.1333, val_r2 0.7704, val_pearson 0.8826, lr 3.00e-04 ---
2026-10-01 11:49:13,175 - INFO - 
****************************************************************************************************
2026-10-01 11:49:14,828 - INFO - --- training epoch 84, loss 0.0101, mae 0.1056, rmse 0.1420, time elapsed(min) 0.02---
2026-10-01 11:49:15,207 - INFO - --- validation at epoch 84, val_loss 0.0095, val_mae 0.1004, val_rmse 0.1353, val_r2 0.7634, val_pearson 0.8755, lr 3.00e-04 ---
2026-10-01 11:49:15,207 - INFO - 
****************************************************************************************************
2026-10-01 11:49:17,108 - INFO - --- training epoch 85, loss 0.0100, mae 0.1055, rmse 0.1415, time elapsed(min) 0.03---
2026-10-01 11:49:17,327 - INFO - --- validation at epoch 85, val_loss 0.0099, val_mae 0.1025, val_rmse 0.1381, val_r2 0.7537, val_pearson 0.8755, lr 3.00e-04 ---
2026-10-01 11:49:17,327 - INFO - 
****************************************************************************************************
2026-10-01 11:49:18,971 - INFO - --- training epoch 86, loss 0.0096, mae 0.1029, rmse 0.1383, time elapsed(min) 0.02---
2026-10-01 11:49:19,194 - INFO - --- validation at epoch 86, val_loss 0.0094, val_mae 0.0996, val_rmse 0.1340, val_r2 0.7681, val_pearson 0.8832, lr 3.00e-04 ---
2026-10-01 11:49:19,194 - INFO - 
****************************************************************************************************
2026-10-01 11:49:20,961 - INFO - --- training epoch 87, loss 0.0095, mae 0.1023, rmse 0.1376, time elapsed(min) 0.02---
2026-10-01 11:49:21,367 - INFO - --- validation at epoch 87, val_loss 0.0092, val_mae 0.0961, val_rmse 0.1324, val_r2 0.7736, val_pearson 0.8828, lr 3.00e-04 ---
2026-10-01 11:49:21,367 - INFO - 
****************************************************************************************************
2026-10-01 11:49:23,317 - INFO - --- training epoch 88, loss 0.0094, mae 0.1020, rmse 0.1369, time elapsed(min) 0.03---
2026-10-01 11:49:23,545 - INFO - --- validation at epoch 88, val_loss 0.0095, val_mae 0.0997, val_rmse 0.1358, val_r2 0.7618, val_pearson 0.8777, lr 3.00e-04 ---
2026-10-01 11:49:23,545 - INFO - 
****************************************************************************************************
2026-10-01 11:49:25,219 - INFO - --- training epoch 89, loss 0.0097, mae 0.1040, rmse 0.1395, time elapsed(min) 0.02---
2026-10-01 11:49:25,450 - INFO - --- validation at epoch 89, val_loss 0.0090, val_mae 0.1011, val_rmse 0.1355, val_r2 0.7629, val_pearson 0.8748, lr 3.00e-04 ---
2026-10-01 11:49:25,450 - INFO - 
****************************************************************************************************
2026-10-01 11:49:27,266 - INFO - --- training epoch 90, loss 0.0093, mae 0.1020, rmse 0.1361, time elapsed(min) 0.02---
2026-10-01 11:49:27,653 - INFO - --- validation at epoch 90, val_loss 0.0086, val_mae 0.0955, val_rmse 0.1310, val_r2 0.7783, val_pearson 0.8823, lr 3.00e-04 ---
2026-10-01 11:49:27,653 - INFO - 
****************************************************************************************************
2026-10-01 11:49:29,648 - INFO - --- training epoch 91, loss 0.0095, mae 0.1023, rmse 0.1375, time elapsed(min) 0.03---
2026-10-01 11:49:29,870 - INFO - --- validation at epoch 91, val_loss 0.0092, val_mae 0.0969, val_rmse 0.1324, val_r2 0.7734, val_pearson 0.8839, lr 3.00e-04 ---
2026-10-01 11:49:29,870 - INFO - 
****************************************************************************************************
2026-10-01 11:49:31,516 - INFO - --- training epoch 92, loss 0.0096, mae 0.1022, rmse 0.1386, time elapsed(min) 0.02---
2026-10-01 11:49:31,735 - INFO - --- validation at epoch 92, val_loss 0.0096, val_mae 0.1003, val_rmse 0.1374, val_r2 0.7561, val_pearson 0.8772, lr 3.00e-04 ---
2026-10-01 11:49:31,735 - INFO - 
****************************************************************************************************
2026-10-01 11:49:33,434 - INFO - --- training epoch 93, loss 0.0093, mae 0.1012, rmse 0.1362, time elapsed(min) 0.02---
2026-10-01 11:49:33,812 - INFO - --- validation at epoch 93, val_loss 0.0092, val_mae 0.0968, val_rmse 0.1348, val_r2 0.7651, val_pearson 0.8783, lr 3.00e-04 ---
2026-10-01 11:49:33,813 - INFO - 
****************************************************************************************************
2026-10-01 11:49:35,757 - INFO - --- training epoch 94, loss 0.0094, mae 0.1015, rmse 0.1371, time elapsed(min) 0.03---
2026-10-01 11:49:35,970 - INFO - --- validation at epoch 94, val_loss 0.0089, val_mae 0.0982, val_rmse 0.1320, val_r2 0.7747, val_pearson 0.8847, lr 3.00e-04 ---
2026-10-01 11:49:35,970 - INFO - 
****************************************************************************************************
2026-10-01 11:49:37,608 - INFO - --- training epoch 95, loss 0.0093, mae 0.1007, rmse 0.1362, time elapsed(min) 0.02---
2026-10-01 11:49:37,822 - INFO - --- validation at epoch 95, val_loss 0.0088, val_mae 0.0965, val_rmse 0.1298, val_r2 0.7822, val_pearson 0.8887, lr 3.00e-04 ---
2026-10-01 11:49:37,822 - INFO - 
****************************************************************************************************
2026-10-01 11:49:39,475 - INFO - --- training epoch 96, loss 0.0093, mae 0.1010, rmse 0.1363, time elapsed(min) 0.02---
2026-10-01 11:49:39,697 - INFO - --- validation at epoch 96, val_loss 0.0095, val_mae 0.0992, val_rmse 0.1356, val_r2 0.7625, val_pearson 0.8792, lr 3.00e-04 ---
2026-10-01 11:49:39,697 - INFO - 
****************************************************************************************************
2026-10-01 11:49:41,484 - INFO - --- training epoch 97, loss 0.0089, mae 0.0991, rmse 0.1331, time elapsed(min) 0.03---
2026-10-01 11:49:41,871 - INFO - --- validation at epoch 97, val_loss 0.0083, val_mae 0.0929, val_rmse 0.1267, val_r2 0.7926, val_pearson 0.8908, lr 3.00e-04 ---
2026-10-01 11:49:41,871 - INFO - 
****************************************************************************************************
2026-10-01 11:49:43,747 - INFO - --- training epoch 98, loss 0.0088, mae 0.0986, rmse 0.1326, time elapsed(min) 0.02---
2026-10-01 11:49:43,963 - INFO - --- validation at epoch 98, val_loss 0.0090, val_mae 0.0956, val_rmse 0.1328, val_r2 0.7722, val_pearson 0.8835, lr 3.00e-04 ---
2026-10-01 11:49:43,963 - INFO - 
****************************************************************************************************
2026-10-01 11:49:45,626 - INFO - --- training epoch 99, loss 0.0087, mae 0.0979, rmse 0.1322, time elapsed(min) 0.02---
2026-10-01 11:49:45,851 - INFO - --- validation at epoch 99, val_loss 0.0097, val_mae 0.1022, val_rmse 0.1389, val_r2 0.7506, val_pearson 0.8765, lr 3.00e-04 ---
2026-10-01 11:49:45,851 - INFO - 
****************************************************************************************************
2026-10-01 11:49:47,703 - INFO - --- training epoch 100, loss 0.0089, mae 0.0988, rmse 0.1336, time elapsed(min) 0.03---
2026-10-01 11:49:48,080 - INFO - --- validation at epoch 100, val_loss 0.0088, val_mae 0.0940, val_rmse 0.1296, val_r2 0.7831, val_pearson 0.8933, lr 3.00e-04 ---
2026-10-01 11:49:48,080 - INFO - 
****************************************************************************************************
2026-10-01 11:49:49,949 - INFO - --- training epoch 101, loss 0.0085, mae 0.0971, rmse 0.1306, time elapsed(min) 0.03---
2026-10-01 11:49:50,177 - INFO - --- validation at epoch 101, val_loss 0.0088, val_mae 0.0944, val_rmse 0.1286, val_r2 0.7863, val_pearson 0.8889, lr 3.00e-04 ---
2026-10-01 11:49:50,177 - INFO - 
****************************************************************************************************
2026-10-01 11:49:51,846 - INFO - --- training epoch 102, loss 0.0089, mae 0.0981, rmse 0.1335, time elapsed(min) 0.02---
2026-10-01 11:49:52,065 - INFO - --- validation at epoch 102, val_loss 0.0083, val_mae 0.0930, val_rmse 0.1279, val_r2 0.7885, val_pearson 0.8917, lr 3.00e-04 ---
2026-10-01 11:49:52,065 - INFO - 
****************************************************************************************************
2026-10-01 11:49:53,889 - INFO - --- training epoch 103, loss 0.0088, mae 0.0987, rmse 0.1329, time elapsed(min) 0.03---
2026-10-01 11:49:54,267 - INFO - --- validation at epoch 103, val_loss 0.0087, val_mae 0.0935, val_rmse 0.1281, val_r2 0.7881, val_pearson 0.8895, lr 3.00e-04 ---
2026-10-01 11:49:54,267 - INFO - 
****************************************************************************************************
2026-10-01 11:49:56,258 - INFO - --- training epoch 104, loss 0.0086, mae 0.0971, rmse 0.1311, time elapsed(min) 0.03---
2026-10-01 11:49:56,481 - INFO - --- validation at epoch 104, val_loss 0.0087, val_mae 0.0944, val_rmse 0.1301, val_r2 0.7813, val_pearson 0.8866, lr 3.00e-04 ---
2026-10-01 11:49:56,481 - INFO - 
****************************************************************************************************
2026-10-01 11:49:58,175 - INFO - --- training epoch 105, loss 0.0092, mae 0.1012, rmse 0.1359, time elapsed(min) 0.02---
2026-10-01 11:49:58,404 - INFO - --- validation at epoch 105, val_loss 0.0090, val_mae 0.0982, val_rmse 0.1345, val_r2 0.7661, val_pearson 0.8766, lr 3.00e-04 ---
2026-10-01 11:49:58,404 - INFO - 
****************************************************************************************************
2026-10-01 11:50:00,069 - INFO - --- training epoch 106, loss 0.0090, mae 0.0998, rmse 0.1343, time elapsed(min) 0.02---
2026-10-01 11:50:00,285 - INFO - --- validation at epoch 106, val_loss 0.0096, val_mae 0.0965, val_rmse 0.1347, val_r2 0.7655, val_pearson 0.8795, lr 3.00e-04 ---
2026-10-01 11:50:00,285 - INFO - 
****************************************************************************************************
2026-10-01 11:50:02,049 - INFO - --- training epoch 107, loss 0.0091, mae 0.0997, rmse 0.1351, time elapsed(min) 0.02---
2026-10-01 11:50:02,450 - INFO - --- validation at epoch 107, val_loss 0.0098, val_mae 0.1020, val_rmse 0.1384, val_r2 0.7524, val_pearson 0.8765, lr 3.00e-04 ---
2026-10-01 11:50:02,450 - INFO - 
****************************************************************************************************
2026-10-01 11:50:04,292 - INFO - --- training epoch 108, loss 0.0087, mae 0.0981, rmse 0.1320, time elapsed(min) 0.02---
2026-10-01 11:50:04,519 - INFO - --- validation at epoch 108, val_loss 0.0094, val_mae 0.0958, val_rmse 0.1331, val_r2 0.7711, val_pearson 0.8804, lr 3.00e-04 ---
2026-10-01 11:50:04,519 - INFO - 
****************************************************************************************************
2026-10-01 11:50:06,294 - INFO - --- training epoch 109, loss 0.0084, mae 0.0953, rmse 0.1294, time elapsed(min) 0.02---
2026-10-01 11:50:06,523 - INFO - --- validation at epoch 109, val_loss 0.0085, val_mae 0.0915, val_rmse 0.1273, val_r2 0.7906, val_pearson 0.8930, lr 9.00e-05 ---
2026-10-01 11:50:06,523 - INFO - 
****************************************************************************************************
2026-10-01 11:50:08,256 - INFO - --- training epoch 110, loss 0.0082, mae 0.0936, rmse 0.1279, time elapsed(min) 0.02---
2026-10-01 11:50:08,645 - INFO - --- validation at epoch 110, val_loss 0.0085, val_mae 0.0915, val_rmse 0.1279, val_r2 0.7886, val_pearson 0.8938, lr 9.00e-05 ---
2026-10-01 11:50:08,645 - INFO - 
****************************************************************************************************
2026-10-01 11:50:10,661 - INFO - --- training epoch 111, loss 0.0080, mae 0.0939, rmse 0.1263, time elapsed(min) 0.03---
2026-10-01 11:50:10,883 - INFO - --- validation at epoch 111, val_loss 0.0085, val_mae 0.0920, val_rmse 0.1285, val_r2 0.7866, val_pearson 0.8916, lr 9.00e-05 ---
2026-10-01 11:50:10,883 - INFO - 
****************************************************************************************************
2026-10-01 11:50:12,735 - INFO - --- training epoch 112, loss 0.0084, mae 0.0953, rmse 0.1297, time elapsed(min) 0.03---
2026-10-01 11:50:12,951 - INFO - --- validation at epoch 112, val_loss 0.0082, val_mae 0.0909, val_rmse 0.1263, val_r2 0.7940, val_pearson 0.8929, lr 9.00e-05 ---
2026-10-01 11:50:12,951 - INFO - 
****************************************************************************************************
2026-10-01 11:50:14,681 - INFO - --- training epoch 113, loss 0.0080, mae 0.0932, rmse 0.1263, time elapsed(min) 0.02---
2026-10-01 11:50:15,056 - INFO - --- validation at epoch 113, val_loss 0.0085, val_mae 0.0917, val_rmse 0.1278, val_r2 0.7891, val_pearson 0.8921, lr 9.00e-05 ---
2026-10-01 11:50:15,056 - INFO - 
****************************************************************************************************
2026-10-01 11:50:16,823 - INFO - --- training epoch 114, loss 0.0081, mae 0.0936, rmse 0.1270, time elapsed(min) 0.02---
2026-10-01 11:50:17,208 - INFO - --- validation at epoch 114, val_loss 0.0091, val_mae 0.0943, val_rmse 0.1324, val_r2 0.7736, val_pearson 0.8865, lr 9.00e-05 ---
2026-10-01 11:50:17,208 - INFO - 
****************************************************************************************************
2026-10-01 11:50:19,063 - INFO - --- training epoch 115, loss 0.0079, mae 0.0923, rmse 0.1259, time elapsed(min) 0.02---
2026-10-01 11:50:19,277 - INFO - --- validation at epoch 115, val_loss 0.0086, val_mae 0.0941, val_rmse 0.1295, val_r2 0.7834, val_pearson 0.8908, lr 9.00e-05 ---
2026-10-01 11:50:19,278 - INFO - 
****************************************************************************************************
2026-10-01 11:50:21,001 - INFO - --- training epoch 116, loss 0.0080, mae 0.0935, rmse 0.1265, time elapsed(min) 0.02---
2026-10-01 11:50:21,219 - INFO - --- validation at epoch 116, val_loss 0.0088, val_mae 0.0934, val_rmse 0.1300, val_r2 0.7817, val_pearson 0.8897, lr 9.00e-05 ---
2026-10-01 11:50:21,219 - INFO - 
****************************************************************************************************
2026-10-01 11:50:22,988 - INFO - --- training epoch 117, loss 0.0083, mae 0.0948, rmse 0.1287, time elapsed(min) 0.02---
2026-10-01 11:50:23,385 - INFO - --- validation at epoch 117, val_loss 0.0083, val_mae 0.0916, val_rmse 0.1264, val_r2 0.7936, val_pearson 0.8964, lr 9.00e-05 ---
2026-10-01 11:50:23,385 - INFO - 
****************************************************************************************************
2026-10-01 11:50:25,199 - INFO - --- training epoch 118, loss 0.0078, mae 0.0920, rmse 0.1253, time elapsed(min) 0.02---
2026-10-01 11:50:25,411 - INFO - --- validation at epoch 118, val_loss 0.0085, val_mae 0.0922, val_rmse 0.1282, val_r2 0.7876, val_pearson 0.8910, lr 9.00e-05 ---
2026-10-01 11:50:25,411 - INFO - 
****************************************************************************************************
2026-10-01 11:50:27,057 - INFO - --- training epoch 119, loss 0.0080, mae 0.0931, rmse 0.1265, time elapsed(min) 0.02---
2026-10-01 11:50:27,276 - INFO - --- validation at epoch 119, val_loss 0.0084, val_mae 0.0921, val_rmse 0.1278, val_r2 0.7891, val_pearson 0.8930, lr 9.00e-05 ---
2026-10-01 11:50:27,277 - INFO - 
****************************************************************************************************
2026-10-01 11:50:29,011 - INFO - --- training epoch 120, loss 0.0079, mae 0.0927, rmse 0.1260, time elapsed(min) 0.02---
2026-10-01 11:50:29,406 - INFO - --- validation at epoch 120, val_loss 0.0088, val_mae 0.0947, val_rmse 0.1306, val_r2 0.7797, val_pearson 0.8876, lr 9.00e-05 ---
2026-10-01 11:50:29,406 - INFO - 
****************************************************************************************************
2026-10-01 11:50:31,282 - INFO - --- training epoch 121, loss 0.0082, mae 0.0941, rmse 0.1279, time elapsed(min) 0.03---
2026-10-01 11:50:31,499 - INFO - --- validation at epoch 121, val_loss 0.0087, val_mae 0.0932, val_rmse 0.1290, val_r2 0.7849, val_pearson 0.8913, lr 9.00e-05 ---
2026-10-01 11:50:31,499 - INFO - 
****************************************************************************************************
2026-10-01 11:50:33,149 - INFO - --- training epoch 122, loss 0.0081, mae 0.0942, rmse 0.1273, time elapsed(min) 0.02---
2026-10-01 11:50:33,359 - INFO - --- validation at epoch 122, val_loss 0.0089, val_mae 0.0949, val_rmse 0.1310, val_r2 0.7782, val_pearson 0.8892, lr 9.00e-05 ---
2026-10-01 11:50:33,359 - INFO - 
****************************************************************************************************
2026-10-01 11:50:35,100 - INFO - --- training epoch 123, loss 0.0079, mae 0.0926, rmse 0.1259, time elapsed(min) 0.02---
2026-10-01 11:50:35,478 - INFO - --- validation at epoch 123, val_loss 0.0082, val_mae 0.0913, val_rmse 0.1260, val_r2 0.7950, val_pearson 0.8956, lr 9.00e-05 ---
2026-10-01 11:50:35,478 - INFO - 
****************************************************************************************************
2026-10-01 11:50:37,448 - INFO - --- training epoch 124, loss 0.0078, mae 0.0915, rmse 0.1246, time elapsed(min) 0.03---
2026-10-01 11:50:37,675 - INFO - --- validation at epoch 124, val_loss 0.0084, val_mae 0.0920, val_rmse 0.1270, val_r2 0.7916, val_pearson 0.8940, lr 9.00e-05 ---
2026-10-01 11:50:37,676 - INFO - 
****************************************************************************************************
2026-10-01 11:50:39,301 - INFO - --- training epoch 125, loss 0.0079, mae 0.0928, rmse 0.1255, time elapsed(min) 0.02---
2026-10-01 11:50:39,543 - INFO - --- validation at epoch 125, val_loss 0.0080, val_mae 0.0906, val_rmse 0.1249, val_r2 0.7986, val_pearson 0.8951, lr 9.00e-05 ---
2026-10-01 11:50:39,543 - INFO - 
****************************************************************************************************
2026-10-01 11:50:41,328 - INFO - --- training epoch 126, loss 0.0076, mae 0.0908, rmse 0.1233, time elapsed(min) 0.02---
2026-10-01 11:50:41,696 - INFO - --- validation at epoch 126, val_loss 0.0080, val_mae 0.0911, val_rmse 0.1252, val_r2 0.7975, val_pearson 0.8957, lr 9.00e-05 ---
2026-10-01 11:50:41,697 - INFO - 
****************************************************************************************************
2026-10-01 11:50:43,719 - INFO - --- training epoch 127, loss 0.0078, mae 0.0920, rmse 0.1251, time elapsed(min) 0.03---
2026-10-01 11:50:43,936 - INFO - --- validation at epoch 127, val_loss 0.0081, val_mae 0.0912, val_rmse 0.1259, val_r2 0.7953, val_pearson 0.8951, lr 9.00e-05 ---
2026-10-01 11:50:43,936 - INFO - 
****************************************************************************************************
2026-10-01 11:50:45,587 - INFO - --- training epoch 128, loss 0.0078, mae 0.0925, rmse 0.1251, time elapsed(min) 0.02---
2026-10-01 11:50:45,804 - INFO - --- validation at epoch 128, val_loss 0.0086, val_mae 0.0928, val_rmse 0.1287, val_r2 0.7860, val_pearson 0.8931, lr 9.00e-05 ---
2026-10-01 11:50:45,804 - INFO - 
****************************************************************************************************
2026-10-01 11:50:47,463 - INFO - --- training epoch 129, loss 0.0079, mae 0.0918, rmse 0.1255, time elapsed(min) 0.02---
2026-10-01 11:50:47,683 - INFO - --- validation at epoch 129, val_loss 0.0080, val_mae 0.0910, val_rmse 0.1253, val_r2 0.7973, val_pearson 0.8951, lr 9.00e-05 ---
2026-10-01 11:50:47,683 - INFO - 
****************************************************************************************************
2026-10-01 11:50:49,450 - INFO - --- training epoch 130, loss 0.0078, mae 0.0922, rmse 0.1252, time elapsed(min) 0.02---
2026-10-01 11:50:49,874 - INFO - --- validation at epoch 130, val_loss 0.0086, val_mae 0.0932, val_rmse 0.1289, val_r2 0.7853, val_pearson 0.8938, lr 9.00e-05 ---
2026-10-01 11:50:49,874 - INFO - 
****************************************************************************************************
2026-10-01 11:50:51,659 - INFO - --- training epoch 131, loss 0.0080, mae 0.0936, rmse 0.1264, time elapsed(min) 0.02---
2026-10-01 11:50:51,874 - INFO - --- validation at epoch 131, val_loss 0.0082, val_mae 0.0915, val_rmse 0.1261, val_r2 0.7944, val_pearson 0.8952, lr 9.00e-05 ---
2026-10-01 11:50:51,874 - INFO - 
****************************************************************************************************
2026-10-01 11:50:53,533 - INFO - --- training epoch 132, loss 0.0078, mae 0.0921, rmse 0.1251, time elapsed(min) 0.02---
2026-10-01 11:50:53,757 - INFO - --- validation at epoch 132, val_loss 0.0081, val_mae 0.0913, val_rmse 0.1257, val_r2 0.7960, val_pearson 0.8969, lr 9.00e-05 ---
2026-10-01 11:50:53,757 - INFO - 
****************************************************************************************************
2026-10-01 11:50:55,547 - INFO - --- training epoch 133, loss 0.0075, mae 0.0908, rmse 0.1227, time elapsed(min) 0.02---
2026-10-01 11:50:55,967 - INFO - --- validation at epoch 133, val_loss 0.0083, val_mae 0.0918, val_rmse 0.1271, val_r2 0.7914, val_pearson 0.8918, lr 9.00e-05 ---
2026-10-01 11:50:55,967 - INFO - 
****************************************************************************************************
2026-10-01 11:50:57,748 - INFO - --- training epoch 134, loss 0.0078, mae 0.0923, rmse 0.1248, time elapsed(min) 0.02---
2026-10-01 11:50:57,968 - INFO - --- validation at epoch 134, val_loss 0.0087, val_mae 0.0935, val_rmse 0.1298, val_r2 0.7825, val_pearson 0.8924, lr 9.00e-05 ---
2026-10-01 11:50:57,968 - INFO - 
****************************************************************************************************
2026-10-01 11:50:59,656 - INFO - --- training epoch 135, loss 0.0078, mae 0.0919, rmse 0.1246, time elapsed(min) 0.02---
2026-10-01 11:50:59,874 - INFO - --- validation at epoch 135, val_loss 0.0083, val_mae 0.0919, val_rmse 0.1271, val_r2 0.7913, val_pearson 0.8944, lr 9.00e-05 ---
2026-10-01 11:50:59,874 - INFO - 
****************************************************************************************************
2026-10-01 11:51:01,656 - INFO - --- training epoch 136, loss 0.0075, mae 0.0902, rmse 0.1225, time elapsed(min) 0.02---
2026-10-01 11:51:02,048 - INFO - --- validation at epoch 136, val_loss 0.0084, val_mae 0.0916, val_rmse 0.1270, val_r2 0.7917, val_pearson 0.8931, lr 9.00e-05 ---
2026-10-01 11:51:02,048 - INFO - 
****************************************************************************************************
2026-10-01 11:51:03,836 - INFO - --- training epoch 137, loss 0.0077, mae 0.0914, rmse 0.1240, time elapsed(min) 0.02---
2026-10-01 11:51:04,057 - INFO - --- validation at epoch 137, val_loss 0.0081, val_mae 0.0898, val_rmse 0.1250, val_r2 0.7982, val_pearson 0.8955, lr 9.00e-05 ---
2026-10-01 11:51:04,057 - INFO - 
****************************************************************************************************
2026-10-01 11:51:05,700 - INFO - --- training epoch 138, loss 0.0077, mae 0.0914, rmse 0.1241, time elapsed(min) 0.02---
2026-10-01 11:51:05,923 - INFO - --- validation at epoch 138, val_loss 0.0076, val_mae 0.0891, val_rmse 0.1226, val_r2 0.8057, val_pearson 0.8993, lr 2.70e-05 ---
2026-10-01 11:51:05,923 - INFO - 
****************************************************************************************************
2026-10-01 11:51:07,866 - INFO - --- training epoch 139, loss 0.0074, mae 0.0902, rmse 0.1218, time elapsed(min) 0.03---
2026-10-01 11:51:08,231 - INFO - --- validation at epoch 139, val_loss 0.0075, val_mae 0.0882, val_rmse 0.1217, val_r2 0.8086, val_pearson 0.9001, lr 2.70e-05 ---
2026-10-01 11:51:08,231 - INFO - 
****************************************************************************************************
2026-10-01 11:51:10,225 - INFO - --- training epoch 140, loss 0.0072, mae 0.0886, rmse 0.1203, time elapsed(min) 0.03---
2026-10-01 11:51:10,437 - INFO - --- validation at epoch 140, val_loss 0.0075, val_mae 0.0883, val_rmse 0.1216, val_r2 0.8089, val_pearson 0.9007, lr 2.70e-05 ---
2026-10-01 11:51:10,437 - INFO - 
****************************************************************************************************
2026-10-01 11:51:12,191 - INFO - --- training epoch 141, loss 0.0075, mae 0.0896, rmse 0.1223, time elapsed(min) 0.02---
2026-10-01 11:51:12,412 - INFO - --- validation at epoch 141, val_loss 0.0077, val_mae 0.0897, val_rmse 0.1236, val_r2 0.8026, val_pearson 0.8981, lr 2.70e-05 ---
2026-10-01 11:51:12,412 - INFO - 
****************************************************************************************************
2026-10-01 11:51:14,112 - INFO - --- training epoch 142, loss 0.0074, mae 0.0889, rmse 0.1214, time elapsed(min) 0.02---
2026-10-01 11:51:14,325 - INFO - --- validation at epoch 142, val_loss 0.0075, val_mae 0.0888, val_rmse 0.1223, val_r2 0.8068, val_pearson 0.9000, lr 2.70e-05 ---
2026-10-01 11:51:14,325 - INFO - 
****************************************************************************************************
2026-10-01 11:51:16,079 - INFO - --- training epoch 143, loss 0.0072, mae 0.0876, rmse 0.1197, time elapsed(min) 0.02---
2026-10-01 11:51:16,615 - INFO - --- validation at epoch 143, val_loss 0.0075, val_mae 0.0886, val_rmse 0.1222, val_r2 0.8072, val_pearson 0.8993, lr 2.70e-05 ---
2026-10-01 11:51:16,615 - INFO - 
****************************************************************************************************
2026-10-01 11:51:18,462 - INFO - --- training epoch 144, loss 0.0073, mae 0.0890, rmse 0.1211, time elapsed(min) 0.02---
2026-10-01 11:51:18,685 - INFO - --- validation at epoch 144, val_loss 0.0077, val_mae 0.0893, val_rmse 0.1232, val_r2 0.8038, val_pearson 0.8985, lr 2.70e-05 ---
2026-10-01 11:51:18,685 - INFO - 
****************************************************************************************************
2026-10-01 11:51:20,336 - INFO - --- training epoch 145, loss 0.0073, mae 0.0881, rmse 0.1205, time elapsed(min) 0.02---
2026-10-01 11:51:20,560 - INFO - --- validation at epoch 145, val_loss 0.0077, val_mae 0.0894, val_rmse 0.1235, val_r2 0.8031, val_pearson 0.8974, lr 2.70e-05 ---
2026-10-01 11:51:20,560 - INFO - 
****************************************************************************************************
2026-10-01 11:51:22,309 - INFO - --- training epoch 146, loss 0.0073, mae 0.0897, rmse 0.1212, time elapsed(min) 0.02---
2026-10-01 11:51:22,695 - INFO - --- validation at epoch 146, val_loss 0.0076, val_mae 0.0890, val_rmse 0.1222, val_r2 0.8069, val_pearson 0.8996, lr 2.70e-05 ---
2026-10-01 11:51:22,695 - INFO - 
****************************************************************************************************
2026-10-01 11:51:24,516 - INFO - --- training epoch 147, loss 0.0075, mae 0.0892, rmse 0.1221, time elapsed(min) 0.02---
2026-10-01 11:51:24,739 - INFO - --- validation at epoch 147, val_loss 0.0075, val_mae 0.0887, val_rmse 0.1219, val_r2 0.8080, val_pearson 0.9000, lr 2.70e-05 ---
2026-10-01 11:51:24,739 - INFO - 
****************************************************************************************************
2026-10-01 11:51:26,477 - INFO - --- training epoch 148, loss 0.0073, mae 0.0883, rmse 0.1206, time elapsed(min) 0.02---
2026-10-01 11:51:26,685 - INFO - --- validation at epoch 148, val_loss 0.0075, val_mae 0.0879, val_rmse 0.1220, val_r2 0.8076, val_pearson 0.9002, lr 2.70e-05 ---
2026-10-01 11:51:26,685 - INFO - 
****************************************************************************************************
2026-10-01 11:51:28,402 - INFO - --- training epoch 149, loss 0.0073, mae 0.0889, rmse 0.1212, time elapsed(min) 0.02---
2026-10-01 11:51:28,818 - INFO - --- validation at epoch 149, val_loss 0.0076, val_mae 0.0885, val_rmse 0.1229, val_r2 0.8048, val_pearson 0.8998, lr 2.70e-05 ---
2026-10-01 11:51:28,818 - INFO - 
****************************************************************************************************
2026-10-01 11:51:30,579 - INFO - --- training epoch 150, loss 0.0074, mae 0.0887, rmse 0.1220, time elapsed(min) 0.02---
2026-10-01 11:51:30,807 - INFO - --- validation at epoch 150, val_loss 0.0076, val_mae 0.0892, val_rmse 0.1229, val_r2 0.8050, val_pearson 0.8986, lr 2.70e-05 ---
2026-10-01 11:51:30,807 - INFO - 
****************************************************************************************************
2026-10-01 11:51:32,456 - INFO - --- training epoch 151, loss 0.0074, mae 0.0899, rmse 0.1216, time elapsed(min) 0.02---
2026-10-01 11:51:32,679 - INFO - --- validation at epoch 151, val_loss 0.0078, val_mae 0.0899, val_rmse 0.1240, val_r2 0.8012, val_pearson 0.8971, lr 2.70e-05 ---
2026-10-01 11:51:32,679 - INFO - 
****************************************************************************************************
2026-10-01 11:51:34,323 - INFO - --- training epoch 152, loss 0.0071, mae 0.0882, rmse 0.1196, time elapsed(min) 0.02---
2026-10-01 11:51:34,697 - INFO - --- validation at epoch 152, val_loss 0.0077, val_mae 0.0888, val_rmse 0.1235, val_r2 0.8030, val_pearson 0.8984, lr 2.70e-05 ---
2026-10-01 11:51:34,697 - INFO - 
****************************************************************************************************
2026-10-01 11:51:36,445 - INFO - --- training epoch 153, loss 0.0074, mae 0.0897, rmse 0.1217, time elapsed(min) 0.02---
2026-10-01 11:51:36,873 - INFO - --- validation at epoch 153, val_loss 0.0074, val_mae 0.0881, val_rmse 0.1218, val_r2 0.8084, val_pearson 0.9005, lr 2.70e-05 ---
2026-10-01 11:51:36,873 - INFO - 
****************************************************************************************************
2026-10-01 11:51:38,773 - INFO - --- training epoch 154, loss 0.0073, mae 0.0890, rmse 0.1207, time elapsed(min) 0.02---
2026-10-01 11:51:38,988 - INFO - --- validation at epoch 154, val_loss 0.0075, val_mae 0.0882, val_rmse 0.1225, val_r2 0.8061, val_pearson 0.8992, lr 2.70e-05 ---
2026-10-01 11:51:38,988 - INFO - 
****************************************************************************************************
2026-10-01 11:51:40,634 - INFO - --- training epoch 155, loss 0.0074, mae 0.0891, rmse 0.1215, time elapsed(min) 0.02---
2026-10-01 11:51:40,860 - INFO - --- validation at epoch 155, val_loss 0.0076, val_mae 0.0889, val_rmse 0.1228, val_r2 0.8050, val_pearson 0.8995, lr 2.70e-05 ---
2026-10-01 11:51:40,860 - INFO - 
****************************************************************************************************
2026-10-01 11:51:42,622 - INFO - --- training epoch 156, loss 0.0073, mae 0.0882, rmse 0.1206, time elapsed(min) 0.02---
2026-10-01 11:51:43,022 - INFO - --- validation at epoch 156, val_loss 0.0073, val_mae 0.0875, val_rmse 0.1210, val_r2 0.8108, val_pearson 0.9011, lr 2.70e-05 ---
2026-10-01 11:51:43,022 - INFO - 
****************************************************************************************************
2026-10-01 11:51:44,899 - INFO - --- training epoch 157, loss 0.0073, mae 0.0888, rmse 0.1204, time elapsed(min) 0.02---
2026-10-01 11:51:45,119 - INFO - --- validation at epoch 157, val_loss 0.0072, val_mae 0.0873, val_rmse 0.1201, val_r2 0.8136, val_pearson 0.9024, lr 2.70e-05 ---
2026-10-01 11:51:45,119 - INFO - 
****************************************************************************************************
2026-10-01 11:51:46,861 - INFO - --- training epoch 158, loss 0.0072, mae 0.0879, rmse 0.1196, time elapsed(min) 0.02---
2026-10-01 11:51:47,075 - INFO - --- validation at epoch 158, val_loss 0.0075, val_mae 0.0883, val_rmse 0.1223, val_r2 0.8068, val_pearson 0.8998, lr 2.70e-05 ---
2026-10-01 11:51:47,075 - INFO - 
****************************************************************************************************
2026-10-01 11:51:48,822 - INFO - --- training epoch 159, loss 0.0073, mae 0.0886, rmse 0.1207, time elapsed(min) 0.02---
2026-10-01 11:51:49,226 - INFO - --- validation at epoch 159, val_loss 0.0076, val_mae 0.0889, val_rmse 0.1228, val_r2 0.8052, val_pearson 0.8987, lr 2.70e-05 ---
2026-10-01 11:51:49,226 - INFO - 
****************************************************************************************************
2026-10-01 11:51:51,103 - INFO - --- training epoch 160, loss 0.0073, mae 0.0893, rmse 0.1209, time elapsed(min) 0.03---
2026-10-01 11:51:51,327 - INFO - --- validation at epoch 160, val_loss 0.0075, val_mae 0.0880, val_rmse 0.1215, val_r2 0.8094, val_pearson 0.9009, lr 2.70e-05 ---
2026-10-01 11:51:51,327 - INFO - 
****************************************************************************************************
2026-10-01 11:51:52,956 - INFO - --- training epoch 161, loss 0.0071, mae 0.0874, rmse 0.1192, time elapsed(min) 0.02---
2026-10-01 11:51:53,180 - INFO - --- validation at epoch 161, val_loss 0.0073, val_mae 0.0875, val_rmse 0.1208, val_r2 0.8114, val_pearson 0.9018, lr 2.70e-05 ---
2026-10-01 11:51:53,180 - INFO - 
****************************************************************************************************
2026-10-01 11:51:54,843 - INFO - --- training epoch 162, loss 0.0072, mae 0.0884, rmse 0.1204, time elapsed(min) 0.02---
2026-10-01 11:51:55,206 - INFO - --- validation at epoch 162, val_loss 0.0074, val_mae 0.0879, val_rmse 0.1216, val_r2 0.8089, val_pearson 0.8998, lr 2.70e-05 ---
2026-10-01 11:51:55,206 - INFO - 
****************************************************************************************************
2026-10-01 11:51:57,121 - INFO - --- training epoch 163, loss 0.0070, mae 0.0868, rmse 0.1183, time elapsed(min) 0.03---
2026-10-01 11:51:57,643 - INFO - --- validation at epoch 163, val_loss 0.0072, val_mae 0.0874, val_rmse 0.1202, val_r2 0.8132, val_pearson 0.9020, lr 2.70e-05 ---
2026-10-01 11:51:57,643 - INFO - 
****************************************************************************************************
2026-10-01 11:51:59,304 - INFO - --- training epoch 164, loss 0.0072, mae 0.0878, rmse 0.1199, time elapsed(min) 0.02---
2026-10-01 11:51:59,527 - INFO - --- validation at epoch 164, val_loss 0.0074, val_mae 0.0881, val_rmse 0.1219, val_r2 0.8080, val_pearson 0.8999, lr 2.70e-05 ---
2026-10-01 11:51:59,527 - INFO - 
****************************************************************************************************
2026-10-01 11:52:01,294 - INFO - --- training epoch 165, loss 0.0072, mae 0.0872, rmse 0.1199, time elapsed(min) 0.02---
2026-10-01 11:52:01,520 - INFO - --- validation at epoch 165, val_loss 0.0072, val_mae 0.0873, val_rmse 0.1204, val_r2 0.8126, val_pearson 0.9023, lr 2.70e-05 ---
2026-10-01 11:52:01,520 - INFO - 
****************************************************************************************************
2026-10-01 11:52:03,417 - INFO - --- training epoch 166, loss 0.0073, mae 0.0885, rmse 0.1206, time elapsed(min) 0.03---
2026-10-01 11:52:03,831 - INFO - --- validation at epoch 166, val_loss 0.0074, val_mae 0.0880, val_rmse 0.1212, val_r2 0.8102, val_pearson 0.9011, lr 2.70e-05 ---
2026-10-01 11:52:03,831 - INFO - 
****************************************************************************************************
2026-10-01 11:52:05,601 - INFO - --- training epoch 167, loss 0.0071, mae 0.0874, rmse 0.1191, time elapsed(min) 0.02---
2026-10-01 11:52:05,821 - INFO - --- validation at epoch 167, val_loss 0.0074, val_mae 0.0877, val_rmse 0.1218, val_r2 0.8084, val_pearson 0.9017, lr 2.70e-05 ---
2026-10-01 11:52:05,821 - INFO - 
****************************************************************************************************
2026-10-01 11:52:07,459 - INFO - --- training epoch 168, loss 0.0073, mae 0.0889, rmse 0.1212, time elapsed(min) 0.02---
2026-10-01 11:52:07,682 - INFO - --- validation at epoch 168, val_loss 0.0074, val_mae 0.0878, val_rmse 0.1213, val_r2 0.8098, val_pearson 0.9010, lr 2.70e-05 ---
2026-10-01 11:52:07,682 - INFO - 
****************************************************************************************************
2026-10-01 11:52:09,513 - INFO - --- training epoch 169, loss 0.0070, mae 0.0864, rmse 0.1180, time elapsed(min) 0.03---
2026-10-01 11:52:09,923 - INFO - --- validation at epoch 169, val_loss 0.0072, val_mae 0.0872, val_rmse 0.1200, val_r2 0.8141, val_pearson 0.9028, lr 8.10e-06 ---
2026-10-01 11:52:09,923 - INFO - 
****************************************************************************************************
2026-10-01 11:52:11,708 - INFO - --- training epoch 170, loss 0.0072, mae 0.0876, rmse 0.1202, time elapsed(min) 0.02---
2026-10-01 11:52:11,932 - INFO - --- validation at epoch 170, val_loss 0.0072, val_mae 0.0872, val_rmse 0.1204, val_r2 0.8128, val_pearson 0.9026, lr 8.10e-06 ---
2026-10-01 11:52:11,932 - INFO - 
****************************************************************************************************
2026-10-01 11:52:13,580 - INFO - --- training epoch 171, loss 0.0070, mae 0.0869, rmse 0.1181, time elapsed(min) 0.02---
2026-10-01 11:52:13,799 - INFO - --- validation at epoch 171, val_loss 0.0071, val_mae 0.0869, val_rmse 0.1197, val_r2 0.8150, val_pearson 0.9033, lr 8.10e-06 ---
2026-10-01 11:52:13,799 - INFO - 
****************************************************************************************************
2026-10-01 11:52:15,537 - INFO - --- training epoch 172, loss 0.0070, mae 0.0865, rmse 0.1181, time elapsed(min) 0.02---
2026-10-01 11:52:15,904 - INFO - --- validation at epoch 172, val_loss 0.0071, val_mae 0.0868, val_rmse 0.1197, val_r2 0.8150, val_pearson 0.9034, lr 8.10e-06 ---
2026-10-01 11:52:15,904 - INFO - 
****************************************************************************************************
2026-10-01 11:52:17,885 - INFO - --- training epoch 173, loss 0.0069, mae 0.0862, rmse 0.1178, time elapsed(min) 0.03---
2026-10-01 11:52:18,130 - INFO - --- validation at epoch 173, val_loss 0.0071, val_mae 0.0869, val_rmse 0.1198, val_r2 0.8147, val_pearson 0.9032, lr 8.10e-06 ---
2026-10-01 11:52:18,131 - INFO - 
****************************************************************************************************
2026-10-01 11:52:19,771 - INFO - --- training epoch 174, loss 0.0070, mae 0.0870, rmse 0.1183, time elapsed(min) 0.02---
2026-10-01 11:52:19,997 - INFO - --- validation at epoch 174, val_loss 0.0072, val_mae 0.0870, val_rmse 0.1203, val_r2 0.8131, val_pearson 0.9031, lr 8.10e-06 ---
2026-10-01 11:52:19,997 - INFO - 
****************************************************************************************************
2026-10-01 11:52:21,859 - INFO - --- training epoch 175, loss 0.0071, mae 0.0878, rmse 0.1190, time elapsed(min) 0.03---
2026-10-01 11:52:22,241 - INFO - --- validation at epoch 175, val_loss 0.0072, val_mae 0.0870, val_rmse 0.1203, val_r2 0.8131, val_pearson 0.9030, lr 8.10e-06 ---
2026-10-01 11:52:22,241 - INFO - 
****************************************************************************************************
2026-10-01 11:52:24,189 - INFO - --- training epoch 176, loss 0.0071, mae 0.0876, rmse 0.1189, time elapsed(min) 0.03---
2026-10-01 11:52:24,410 - INFO - --- validation at epoch 176, val_loss 0.0072, val_mae 0.0872, val_rmse 0.1203, val_r2 0.8129, val_pearson 0.9026, lr 8.10e-06 ---
2026-10-01 11:52:24,410 - INFO - 
****************************************************************************************************
2026-10-01 11:52:26,068 - INFO - --- training epoch 177, loss 0.0072, mae 0.0882, rmse 0.1204, time elapsed(min) 0.02---
2026-10-01 11:52:26,291 - INFO - --- validation at epoch 177, val_loss 0.0073, val_mae 0.0875, val_rmse 0.1204, val_r2 0.8126, val_pearson 0.9026, lr 8.10e-06 ---
2026-10-01 11:52:26,291 - INFO - 
****************************************************************************************************
2026-10-01 11:52:27,971 - INFO - --- training epoch 178, loss 0.0070, mae 0.0868, rmse 0.1182, time elapsed(min) 0.02---
2026-10-01 11:52:28,347 - INFO - --- validation at epoch 178, val_loss 0.0072, val_mae 0.0871, val_rmse 0.1203, val_r2 0.8132, val_pearson 0.9025, lr 8.10e-06 ---
2026-10-01 11:52:28,347 - INFO - 
****************************************************************************************************
2026-10-01 11:52:30,232 - INFO - --- training epoch 179, loss 0.0070, mae 0.0867, rmse 0.1181, time elapsed(min) 0.03---
2026-10-01 11:52:30,450 - INFO - --- validation at epoch 179, val_loss 0.0072, val_mae 0.0873, val_rmse 0.1204, val_r2 0.8127, val_pearson 0.9024, lr 8.10e-06 ---
2026-10-01 11:52:30,450 - INFO - 
****************************************************************************************************
2026-10-01 11:52:32,172 - INFO - --- training epoch 180, loss 0.0069, mae 0.0862, rmse 0.1175, time elapsed(min) 0.02---
2026-10-01 11:52:32,391 - INFO - --- validation at epoch 180, val_loss 0.0071, val_mae 0.0872, val_rmse 0.1199, val_r2 0.8144, val_pearson 0.9032, lr 8.10e-06 ---
2026-10-01 11:52:32,391 - INFO - 
****************************************************************************************************
2026-10-01 11:52:34,063 - INFO - --- training epoch 181, loss 0.0069, mae 0.0864, rmse 0.1177, time elapsed(min) 0.02---
2026-10-01 11:52:34,437 - INFO - --- validation at epoch 181, val_loss 0.0072, val_mae 0.0873, val_rmse 0.1204, val_r2 0.8126, val_pearson 0.9026, lr 8.10e-06 ---
2026-10-01 11:52:34,437 - INFO - 
****************************************************************************************************
2026-10-01 11:52:36,336 - INFO - --- training epoch 182, loss 0.0069, mae 0.0861, rmse 0.1178, time elapsed(min) 0.03---
2026-10-01 11:52:36,559 - INFO - --- validation at epoch 182, val_loss 0.0071, val_mae 0.0872, val_rmse 0.1199, val_r2 0.8142, val_pearson 0.9029, lr 8.10e-06 ---
2026-10-01 11:52:36,559 - INFO - 
****************************************************************************************************
2026-10-01 11:52:38,381 - INFO - --- training epoch 183, loss 0.0071, mae 0.0876, rmse 0.1194, time elapsed(min) 0.03---
2026-10-01 11:52:38,604 - INFO - --- validation at epoch 183, val_loss 0.0074, val_mae 0.0875, val_rmse 0.1214, val_r2 0.8096, val_pearson 0.9016, lr 8.10e-06 ---
2026-10-01 11:52:38,604 - INFO - 
****************************************************************************************************
2026-10-01 11:52:40,270 - INFO - --- training epoch 184, loss 0.0071, mae 0.0878, rmse 0.1188, time elapsed(min) 0.02---
2026-10-01 11:52:40,621 - INFO - --- validation at epoch 184, val_loss 0.0071, val_mae 0.0869, val_rmse 0.1199, val_r2 0.8143, val_pearson 0.9029, lr 2.43e-06 ---
2026-10-01 11:52:40,621 - INFO - 
****************************************************************************************************
2026-10-01 11:52:42,489 - INFO - --- training epoch 185, loss 0.0072, mae 0.0877, rmse 0.1197, time elapsed(min) 0.03---
2026-10-01 11:52:42,753 - INFO - --- validation at epoch 185, val_loss 0.0071, val_mae 0.0869, val_rmse 0.1199, val_r2 0.8144, val_pearson 0.9029, lr 2.43e-06 ---
2026-10-01 11:52:42,753 - INFO - 
****************************************************************************************************
2026-10-01 11:52:44,388 - INFO - --- training epoch 186, loss 0.0067, mae 0.0851, rmse 0.1161, time elapsed(min) 0.02---
2026-10-01 11:52:44,611 - INFO - --- validation at epoch 186, val_loss 0.0071, val_mae 0.0868, val_rmse 0.1198, val_r2 0.8146, val_pearson 0.9031, lr 2.43e-06 ---
2026-10-01 11:52:44,611 - INFO - 
****************************************************************************************************
2026-10-01 11:52:46,331 - INFO - --- training epoch 187, loss 0.0069, mae 0.0859, rmse 0.1178, time elapsed(min) 0.02---
2026-10-01 11:52:46,546 - INFO - --- validation at epoch 187, val_loss 0.0071, val_mae 0.0868, val_rmse 0.1196, val_r2 0.8152, val_pearson 0.9033, lr 2.43e-06 ---
2026-10-01 11:52:46,546 - INFO - 
****************************************************************************************************
2026-10-01 11:52:48,311 - INFO - --- training epoch 188, loss 0.0069, mae 0.0870, rmse 0.1176, time elapsed(min) 0.02---
2026-10-01 11:52:48,727 - INFO - --- validation at epoch 188, val_loss 0.0071, val_mae 0.0868, val_rmse 0.1197, val_r2 0.8149, val_pearson 0.9034, lr 2.43e-06 ---
2026-10-01 11:52:48,727 - INFO - 
****************************************************************************************************
2026-10-01 11:52:50,486 - INFO - --- training epoch 189, loss 0.0071, mae 0.0871, rmse 0.1191, time elapsed(min) 0.02---
2026-10-01 11:52:50,707 - INFO - --- validation at epoch 189, val_loss 0.0071, val_mae 0.0867, val_rmse 0.1194, val_r2 0.8157, val_pearson 0.9036, lr 2.43e-06 ---
2026-10-01 11:52:50,707 - INFO - 
****************************************************************************************************
2026-10-01 11:52:52,547 - INFO - --- training epoch 190, loss 0.0069, mae 0.0857, rmse 0.1177, time elapsed(min) 0.02---
2026-10-01 11:52:52,772 - INFO - --- validation at epoch 190, val_loss 0.0071, val_mae 0.0867, val_rmse 0.1194, val_r2 0.8158, val_pearson 0.9036, lr 2.43e-06 ---
2026-10-01 11:52:52,772 - INFO - 
****************************************************************************************************
2026-10-01 11:52:54,521 - INFO - --- training epoch 191, loss 0.0069, mae 0.0859, rmse 0.1172, time elapsed(min) 0.02---
2026-10-01 11:52:54,890 - INFO - --- validation at epoch 191, val_loss 0.0071, val_mae 0.0868, val_rmse 0.1196, val_r2 0.8153, val_pearson 0.9034, lr 2.43e-06 ---
2026-10-01 11:52:54,890 - INFO - 
****************************************************************************************************
2026-10-01 11:52:56,821 - INFO - --- training epoch 192, loss 0.0071, mae 0.0872, rmse 0.1188, time elapsed(min) 0.03---
2026-10-01 11:52:57,038 - INFO - --- validation at epoch 192, val_loss 0.0071, val_mae 0.0868, val_rmse 0.1196, val_r2 0.8151, val_pearson 0.9034, lr 2.43e-06 ---
2026-10-01 11:52:57,038 - INFO - 
****************************************************************************************************
2026-10-01 11:52:58,695 - INFO - --- training epoch 193, loss 0.0070, mae 0.0868, rmse 0.1185, time elapsed(min) 0.02---
2026-10-01 11:52:58,919 - INFO - --- validation at epoch 193, val_loss 0.0071, val_mae 0.0868, val_rmse 0.1199, val_r2 0.8143, val_pearson 0.9031, lr 2.43e-06 ---
2026-10-01 11:52:58,919 - INFO - 
****************************************************************************************************
2026-10-01 11:53:00,576 - INFO - --- training epoch 194, loss 0.0069, mae 0.0861, rmse 0.1173, time elapsed(min) 0.02---
2026-10-01 11:53:00,931 - INFO - --- validation at epoch 194, val_loss 0.0071, val_mae 0.0868, val_rmse 0.1197, val_r2 0.8149, val_pearson 0.9032, lr 2.43e-06 ---
2026-10-01 11:53:00,931 - INFO - 
****************************************************************************************************
2026-10-01 11:53:02,594 - INFO - --- training epoch 195, loss 0.0071, mae 0.0877, rmse 0.1194, time elapsed(min) 0.02---
2026-10-01 11:53:03,018 - INFO - --- validation at epoch 195, val_loss 0.0071, val_mae 0.0869, val_rmse 0.1197, val_r2 0.8148, val_pearson 0.9031, lr 2.43e-06 ---
2026-10-01 11:53:03,018 - INFO - 
****************************************************************************************************
2026-10-01 11:53:04,783 - INFO - --- training epoch 196, loss 0.0068, mae 0.0852, rmse 0.1163, time elapsed(min) 0.02---
2026-10-01 11:53:05,004 - INFO - --- validation at epoch 196, val_loss 0.0071, val_mae 0.0870, val_rmse 0.1198, val_r2 0.8146, val_pearson 0.9031, lr 2.43e-06 ---
2026-10-01 11:53:05,004 - INFO - 
****************************************************************************************************
2026-10-01 11:53:06,669 - INFO - --- training epoch 197, loss 0.0072, mae 0.0875, rmse 0.1198, time elapsed(min) 0.02---
2026-10-01 11:53:06,893 - INFO - --- validation at epoch 197, val_loss 0.0072, val_mae 0.0872, val_rmse 0.1200, val_r2 0.8140, val_pearson 0.9028, lr 2.43e-06 ---
2026-10-01 11:53:06,893 - INFO - 
****************************************************************************************************
2026-10-01 11:53:08,639 - INFO - --- training epoch 198, loss 0.0069, mae 0.0863, rmse 0.1177, time elapsed(min) 0.02---
2026-10-01 11:53:09,016 - INFO - --- validation at epoch 198, val_loss 0.0071, val_mae 0.0871, val_rmse 0.1198, val_r2 0.8147, val_pearson 0.9029, lr 2.43e-06 ---
2026-10-01 11:53:09,016 - INFO - 
****************************************************************************************************
2026-10-01 11:53:10,896 - INFO - --- training epoch 199, loss 0.0070, mae 0.0864, rmse 0.1186, time elapsed(min) 0.03---
2026-10-01 11:53:11,117 - INFO - --- validation at epoch 199, val_loss 0.0071, val_mae 0.0872, val_rmse 0.1197, val_r2 0.8149, val_pearson 0.9030, lr 2.43e-06 ---
2026-10-01 11:53:11,117 - INFO - 
****************************************************************************************************
2026-10-01 11:53:12,777 - INFO - --- training epoch 200, loss 0.0069, mae 0.0860, rmse 0.1175, time elapsed(min) 0.02---
2026-10-01 11:53:12,997 - INFO - --- validation at epoch 200, val_loss 0.0071, val_mae 0.0871, val_rmse 0.1198, val_r2 0.8144, val_pearson 0.9030, lr 2.43e-06 ---
2026-10-01 11:53:12,997 - INFO - 
****************************************************************************************************
2026-10-01 11:53:14,815 - INFO - --- training epoch 201, loss 0.0071, mae 0.0874, rmse 0.1188, time elapsed(min) 0.03---
2026-10-01 11:53:15,191 - INFO - --- validation at epoch 201, val_loss 0.0071, val_mae 0.0870, val_rmse 0.1197, val_r2 0.8149, val_pearson 0.9031, lr 1.00e-06 ---
2026-10-01 11:53:15,191 - INFO - 
****************************************************************************************************
2026-10-01 11:53:17,100 - INFO - --- training epoch 202, loss 0.0071, mae 0.0866, rmse 0.1190, time elapsed(min) 0.03---
2026-10-01 11:53:17,328 - INFO - --- validation at epoch 202, val_loss 0.0071, val_mae 0.0870, val_rmse 0.1197, val_r2 0.8147, val_pearson 0.9031, lr 1.00e-06 ---
2026-10-01 11:53:17,328 - INFO - 
****************************************************************************************************
2026-10-01 11:53:19,052 - INFO - --- training epoch 203, loss 0.0070, mae 0.0869, rmse 0.1183, time elapsed(min) 0.02---
2026-10-01 11:53:19,272 - INFO - --- validation at epoch 203, val_loss 0.0071, val_mae 0.0870, val_rmse 0.1199, val_r2 0.8143, val_pearson 0.9030, lr 1.00e-06 ---
2026-10-01 11:53:19,272 - INFO - 
****************************************************************************************************
2026-10-01 11:53:20,926 - INFO - --- training epoch 204, loss 0.0071, mae 0.0872, rmse 0.1192, time elapsed(min) 0.02---
2026-10-01 11:53:21,291 - INFO - --- validation at epoch 204, val_loss 0.0071, val_mae 0.0870, val_rmse 0.1198, val_r2 0.8146, val_pearson 0.9031, lr 1.00e-06 ---
2026-10-01 11:53:21,291 - INFO - 
****************************************************************************************************
2026-10-01 11:53:23,189 - INFO - --- training epoch 205, loss 0.0069, mae 0.0861, rmse 0.1177, time elapsed(min) 0.03---
2026-10-01 11:53:23,416 - INFO - --- validation at epoch 205, val_loss 0.0071, val_mae 0.0870, val_rmse 0.1198, val_r2 0.8147, val_pearson 0.9032, lr 1.00e-06 ---
2026-10-01 11:53:23,416 - INFO - 
****************************************************************************************************
2026-10-01 11:53:25,057 - INFO - --- training epoch 206, loss 0.0068, mae 0.0859, rmse 0.1169, time elapsed(min) 0.02---
2026-10-01 11:53:25,280 - INFO - --- validation at epoch 206, val_loss 0.0071, val_mae 0.0869, val_rmse 0.1196, val_r2 0.8151, val_pearson 0.9033, lr 1.00e-06 ---
2026-10-01 11:53:25,280 - INFO - 
****************************************************************************************************
2026-10-01 11:53:26,938 - INFO - --- training epoch 207, loss 0.0070, mae 0.0873, rmse 0.1186, time elapsed(min) 0.02---
2026-10-01 11:53:27,313 - INFO - --- validation at epoch 207, val_loss 0.0071, val_mae 0.0869, val_rmse 0.1197, val_r2 0.8148, val_pearson 0.9033, lr 1.00e-06 ---
2026-10-01 11:53:27,313 - INFO - 
****************************************************************************************************
2026-10-01 11:53:29,098 - INFO - --- training epoch 208, loss 0.0070, mae 0.0867, rmse 0.1182, time elapsed(min) 0.03---
2026-10-01 11:53:29,483 - INFO - --- validation at epoch 208, val_loss 0.0071, val_mae 0.0869, val_rmse 0.1196, val_r2 0.8151, val_pearson 0.9033, lr 1.00e-06 ---
2026-10-01 11:53:29,483 - INFO - 
****************************************************************************************************
2026-10-01 11:53:31,269 - INFO - --- training epoch 209, loss 0.0068, mae 0.0854, rmse 0.1169, time elapsed(min) 0.02---
2026-10-01 11:53:31,491 - INFO - --- validation at epoch 209, val_loss 0.0071, val_mae 0.0868, val_rmse 0.1196, val_r2 0.8153, val_pearson 0.9034, lr 1.00e-06 ---
2026-10-01 11:53:31,491 - INFO - 
****************************************************************************************************
2026-10-01 11:53:33,143 - INFO - --- training epoch 210, loss 0.0069, mae 0.0870, rmse 0.1179, time elapsed(min) 0.02---
2026-10-01 11:53:33,380 - INFO - --- validation at epoch 210, val_loss 0.0071, val_mae 0.0868, val_rmse 0.1197, val_r2 0.8148, val_pearson 0.9033, lr 1.00e-06 ---
2026-10-01 11:53:33,380 - INFO - 
****************************************************************************************************
2026-10-01 11:53:35,127 - INFO - --- training epoch 211, loss 0.0070, mae 0.0870, rmse 0.1187, time elapsed(min) 0.02---
2026-10-01 11:53:35,529 - INFO - --- validation at epoch 211, val_loss 0.0071, val_mae 0.0868, val_rmse 0.1197, val_r2 0.8148, val_pearson 0.9033, lr 1.00e-06 ---
2026-10-01 11:53:35,529 - INFO - 
****************************************************************************************************
2026-10-01 11:53:37,314 - INFO - --- training epoch 212, loss 0.0068, mae 0.0860, rmse 0.1169, time elapsed(min) 0.02---
2026-10-01 11:53:37,537 - INFO - --- validation at epoch 212, val_loss 0.0071, val_mae 0.0868, val_rmse 0.1197, val_r2 0.8147, val_pearson 0.9032, lr 1.00e-06 ---
2026-10-01 11:53:37,537 - INFO - 
****************************************************************************************************
2026-10-01 11:53:39,207 - INFO - --- training epoch 213, loss 0.0069, mae 0.0865, rmse 0.1173, time elapsed(min) 0.02---
2026-10-01 11:53:39,424 - INFO - --- validation at epoch 213, val_loss 0.0071, val_mae 0.0868, val_rmse 0.1198, val_r2 0.8146, val_pearson 0.9031, lr 1.00e-06 ---
2026-10-01 11:53:39,424 - INFO - 
****************************************************************************************************
2026-10-01 11:53:41,114 - INFO - --- training epoch 214, loss 0.0069, mae 0.0862, rmse 0.1176, time elapsed(min) 0.02---
2026-10-01 11:53:41,500 - INFO - --- validation at epoch 214, val_loss 0.0071, val_mae 0.0868, val_rmse 0.1198, val_r2 0.8147, val_pearson 0.9032, lr 1.00e-06 ---
2026-10-01 11:53:41,500 - INFO - 
****************************************************************************************************
2026-10-01 11:53:43,390 - INFO - --- training epoch 215, loss 0.0068, mae 0.0851, rmse 0.1170, time elapsed(min) 0.03---
2026-10-01 11:53:43,609 - INFO - --- validation at epoch 215, val_loss 0.0071, val_mae 0.0868, val_rmse 0.1198, val_r2 0.8146, val_pearson 0.9031, lr 1.00e-06 ---
2026-10-01 11:53:43,609 - INFO - 
****************************************************************************************************
2026-10-01 11:53:45,271 - INFO - --- training epoch 216, loss 0.0069, mae 0.0856, rmse 0.1173, time elapsed(min) 0.02---
2026-10-01 11:53:45,485 - INFO - --- validation at epoch 216, val_loss 0.0071, val_mae 0.0867, val_rmse 0.1197, val_r2 0.8148, val_pearson 0.9032, lr 1.00e-06 ---
2026-10-01 11:53:45,486 - INFO - 
****************************************************************************************************
2026-10-01 11:53:47,155 - INFO - --- training epoch 217, loss 0.0069, mae 0.0868, rmse 0.1179, time elapsed(min) 0.02---
2026-10-01 11:53:47,531 - INFO - --- validation at epoch 217, val_loss 0.0071, val_mae 0.0867, val_rmse 0.1196, val_r2 0.8151, val_pearson 0.9032, lr 1.00e-06 ---
2026-10-01 11:53:47,531 - INFO - 
****************************************************************************************************
2026-10-01 11:53:49,494 - INFO - --- training epoch 218, loss 0.0069, mae 0.0861, rmse 0.1176, time elapsed(min) 0.03---
2026-10-01 11:53:49,714 - INFO - --- validation at epoch 218, val_loss 0.0071, val_mae 0.0868, val_rmse 0.1197, val_r2 0.8149, val_pearson 0.9031, lr 1.00e-06 ---
2026-10-01 11:53:49,714 - INFO - 
****************************************************************************************************
2026-10-01 11:53:51,382 - INFO - --- training epoch 219, loss 0.0069, mae 0.0861, rmse 0.1179, time elapsed(min) 0.02---
2026-10-01 11:53:51,591 - INFO - --- validation at epoch 219, val_loss 0.0071, val_mae 0.0869, val_rmse 0.1198, val_r2 0.8147, val_pearson 0.9031, lr 1.00e-06 ---
2026-10-01 11:53:51,591 - INFO - 
****************************************************************************************************
2026-10-01 11:53:53,352 - INFO - --- training epoch 220, loss 0.0069, mae 0.0857, rmse 0.1173, time elapsed(min) 0.02---
2026-10-01 11:53:53,724 - INFO - --- validation at epoch 220, val_loss 0.0071, val_mae 0.0870, val_rmse 0.1199, val_r2 0.8141, val_pearson 0.9029, lr 1.00e-06 ---
2026-10-01 11:53:53,724 - INFO - 
****************************************************************************************************
2026-10-01 11:53:55,606 - INFO - --- training epoch 221, loss 0.0069, mae 0.0861, rmse 0.1176, time elapsed(min) 0.03---
2026-10-01 11:53:55,831 - INFO - --- validation at epoch 221, val_loss 0.0071, val_mae 0.0870, val_rmse 0.1198, val_r2 0.8145, val_pearson 0.9031, lr 1.00e-06 ---
2026-10-01 11:53:55,831 - INFO - 
****************************************************************************************************
2026-10-01 11:53:57,510 - INFO - --- training epoch 222, loss 0.0070, mae 0.0864, rmse 0.1183, time elapsed(min) 0.02---
2026-10-01 11:53:57,720 - INFO - --- validation at epoch 222, val_loss 0.0071, val_mae 0.0869, val_rmse 0.1198, val_r2 0.8146, val_pearson 0.9031, lr 1.00e-06 ---
2026-10-01 11:53:57,720 - INFO - 
****************************************************************************************************
2026-10-01 11:53:59,450 - INFO - --- training epoch 223, loss 0.0068, mae 0.0852, rmse 0.1162, time elapsed(min) 0.02---
2026-10-01 11:53:59,678 - INFO - --- validation at epoch 223, val_loss 0.0071, val_mae 0.0869, val_rmse 0.1198, val_r2 0.8145, val_pearson 0.9031, lr 1.00e-06 ---
2026-10-01 11:53:59,678 - INFO - 
****************************************************************************************************
2026-10-01 11:54:01,590 - INFO - --- training epoch 224, loss 0.0070, mae 0.0871, rmse 0.1186, time elapsed(min) 0.03---
2026-10-01 11:54:01,819 - INFO - --- validation at epoch 224, val_loss 0.0071, val_mae 0.0869, val_rmse 0.1198, val_r2 0.8146, val_pearson 0.9031, lr 1.00e-06 ---
2026-10-01 11:54:01,819 - INFO - 
****************************************************************************************************
2026-10-01 11:54:03,589 - INFO - --- training epoch 225, loss 0.0070, mae 0.0867, rmse 0.1186, time elapsed(min) 0.02---
2026-10-01 11:54:03,800 - INFO - --- validation at epoch 225, val_loss 0.0071, val_mae 0.0868, val_rmse 0.1197, val_r2 0.8148, val_pearson 0.9032, lr 1.00e-06 ---
2026-10-01 11:54:03,800 - INFO - 
****************************************************************************************************
2026-10-01 11:54:05,550 - INFO - --- training epoch 226, loss 0.0070, mae 0.0867, rmse 0.1185, time elapsed(min) 0.02---
2026-10-01 11:54:05,933 - INFO - --- validation at epoch 226, val_loss 0.0071, val_mae 0.0868, val_rmse 0.1196, val_r2 0.8152, val_pearson 0.9033, lr 1.00e-06 ---
2026-10-01 11:54:05,933 - INFO - 
****************************************************************************************************
2026-10-01 11:54:07,734 - INFO - --- training epoch 227, loss 0.0070, mae 0.0862, rmse 0.1180, time elapsed(min) 0.03---
2026-10-01 11:54:08,276 - INFO - --- validation at epoch 227, val_loss 0.0071, val_mae 0.0869, val_rmse 0.1197, val_r2 0.8150, val_pearson 0.9033, lr 1.00e-06 ---
2026-10-01 11:54:08,276 - INFO - 
****************************************************************************************************
2026-10-01 11:54:09,978 - INFO - --- training epoch 228, loss 0.0068, mae 0.0854, rmse 0.1167, time elapsed(min) 0.02---
2026-10-01 11:54:10,192 - INFO - --- validation at epoch 228, val_loss 0.0071, val_mae 0.0868, val_rmse 0.1195, val_r2 0.8154, val_pearson 0.9034, lr 1.00e-06 ---
2026-10-01 11:54:10,192 - INFO - 
****************************************************************************************************
2026-10-01 11:54:11,841 - INFO - --- training epoch 229, loss 0.0068, mae 0.0860, rmse 0.1169, time elapsed(min) 0.02---
2026-10-01 11:54:12,073 - INFO - --- validation at epoch 229, val_loss 0.0071, val_mae 0.0869, val_rmse 0.1197, val_r2 0.8148, val_pearson 0.9032, lr 1.00e-06 ---
2026-10-01 11:54:12,073 - INFO - 
****************************************************************************************************
2026-10-01 11:54:13,823 - INFO - --- training epoch 230, loss 0.0071, mae 0.0874, rmse 0.1193, time elapsed(min) 0.02---
2026-10-01 11:54:14,232 - INFO - --- validation at epoch 230, val_loss 0.0071, val_mae 0.0869, val_rmse 0.1197, val_r2 0.8149, val_pearson 0.9032, lr 1.00e-06 ---
2026-10-01 11:54:14,232 - INFO - 
****************************************************************************************************
2026-10-01 11:54:16,116 - INFO - --- training epoch 231, loss 0.0070, mae 0.0867, rmse 0.1183, time elapsed(min) 0.02---
2026-10-01 11:54:16,341 - INFO - --- validation at epoch 231, val_loss 0.0071, val_mae 0.0869, val_rmse 0.1197, val_r2 0.8148, val_pearson 0.9033, lr 1.00e-06 ---
2026-10-01 11:54:16,341 - INFO - 
****************************************************************************************************
2026-10-01 11:54:17,999 - INFO - --- training epoch 232, loss 0.0069, mae 0.0862, rmse 0.1177, time elapsed(min) 0.02---
2026-10-01 11:54:18,219 - INFO - --- validation at epoch 232, val_loss 0.0071, val_mae 0.0868, val_rmse 0.1196, val_r2 0.8150, val_pearson 0.9034, lr 1.00e-06 ---
2026-10-01 11:54:18,219 - INFO - 
****************************************************************************************************
2026-10-01 11:54:19,956 - INFO - --- training epoch 233, loss 0.0068, mae 0.0849, rmse 0.1169, time elapsed(min) 0.02---
2026-10-01 11:54:20,341 - INFO - --- validation at epoch 233, val_loss 0.0071, val_mae 0.0868, val_rmse 0.1196, val_r2 0.8153, val_pearson 0.9034, lr 1.00e-06 ---
2026-10-01 11:54:20,341 - INFO - 
****************************************************************************************************
2026-10-01 11:54:22,357 - INFO - --- training epoch 234, loss 0.0069, mae 0.0867, rmse 0.1174, time elapsed(min) 0.03---
2026-10-01 11:54:22,573 - INFO - --- validation at epoch 234, val_loss 0.0071, val_mae 0.0868, val_rmse 0.1196, val_r2 0.8152, val_pearson 0.9034, lr 1.00e-06 ---
2026-10-01 11:54:22,573 - INFO - 
****************************************************************************************************
2026-10-01 11:54:24,197 - INFO - --- training epoch 235, loss 0.0070, mae 0.0864, rmse 0.1182, time elapsed(min) 0.02---
2026-10-01 11:54:24,427 - INFO - --- validation at epoch 235, val_loss 0.0071, val_mae 0.0869, val_rmse 0.1197, val_r2 0.8148, val_pearson 0.9033, lr 1.00e-06 ---
2026-10-01 11:54:24,427 - INFO - 
****************************************************************************************************
2026-10-01 11:54:26,094 - INFO - --- training epoch 236, loss 0.0070, mae 0.0867, rmse 0.1182, time elapsed(min) 0.02---
2026-10-01 11:54:26,468 - INFO - --- validation at epoch 236, val_loss 0.0071, val_mae 0.0870, val_rmse 0.1198, val_r2 0.8144, val_pearson 0.9032, lr 1.00e-06 ---
2026-10-01 11:54:26,468 - INFO - 
****************************************************************************************************
2026-10-01 11:54:28,561 - INFO - --- training epoch 237, loss 0.0070, mae 0.0866, rmse 0.1182, time elapsed(min) 0.03---
2026-10-01 11:54:28,821 - INFO - --- validation at epoch 237, val_loss 0.0071, val_mae 0.0870, val_rmse 0.1196, val_r2 0.8152, val_pearson 0.9034, lr 1.00e-06 ---
2026-10-01 11:54:28,822 - INFO - 
****************************************************************************************************
2026-10-01 11:54:30,462 - INFO - --- training epoch 238, loss 0.0069, mae 0.0857, rmse 0.1177, time elapsed(min) 0.02---
2026-10-01 11:54:30,689 - INFO - --- validation at epoch 238, val_loss 0.0071, val_mae 0.0870, val_rmse 0.1196, val_r2 0.8150, val_pearson 0.9033, lr 1.00e-06 ---
2026-10-01 11:54:30,689 - INFO - 
****************************************************************************************************
2026-10-01 11:54:32,376 - INFO - --- training epoch 239, loss 0.0070, mae 0.0856, rmse 0.1181, time elapsed(min) 0.02---
2026-10-01 11:54:32,745 - INFO - --- validation at epoch 239, val_loss 0.0071, val_mae 0.0869, val_rmse 0.1196, val_r2 0.8152, val_pearson 0.9033, lr 1.00e-06 ---
2026-10-01 11:54:32,745 - INFO - 
****************************************************************************************************
2026-10-01 11:54:34,512 - INFO - --- training epoch 240, loss 0.0068, mae 0.0855, rmse 0.1164, time elapsed(min) 0.02---
2026-10-01 11:54:34,940 - INFO - --- validation at epoch 240, val_loss 0.0071, val_mae 0.0869, val_rmse 0.1197, val_r2 0.8150, val_pearson 0.9032, lr 1.00e-06 ---
2026-10-01 11:54:34,940 - INFO - 
****************************************************************************************************
2026-10-01 11:54:36,720 - INFO - --- training epoch 241, loss 0.0069, mae 0.0866, rmse 0.1177, time elapsed(min) 0.02---
2026-10-01 11:54:36,943 - INFO - --- validation at epoch 241, val_loss 0.0071, val_mae 0.0869, val_rmse 0.1197, val_r2 0.8148, val_pearson 0.9032, lr 1.00e-06 ---
2026-10-01 11:54:36,943 - INFO - 
****************************************************************************************************
2026-10-01 11:54:38,592 - INFO - --- training epoch 242, loss 0.0071, mae 0.0863, rmse 0.1188, time elapsed(min) 0.02---
2026-10-01 11:54:38,814 - INFO - --- validation at epoch 242, val_loss 0.0071, val_mae 0.0870, val_rmse 0.1198, val_r2 0.8145, val_pearson 0.9031, lr 1.00e-06 ---
2026-10-01 11:54:38,814 - INFO - 
****************************************************************************************************
2026-10-01 11:54:40,565 - INFO - --- training epoch 243, loss 0.0070, mae 0.0867, rmse 0.1182, time elapsed(min) 0.02---
2026-10-01 11:54:40,987 - INFO - --- validation at epoch 243, val_loss 0.0071, val_mae 0.0870, val_rmse 0.1197, val_r2 0.8149, val_pearson 0.9032, lr 1.00e-06 ---
2026-10-01 11:54:40,987 - INFO - 
****************************************************************************************************
2026-10-01 11:54:42,769 - INFO - --- training epoch 244, loss 0.0070, mae 0.0867, rmse 0.1179, time elapsed(min) 0.02---
2026-10-01 11:54:42,994 - INFO - --- validation at epoch 244, val_loss 0.0071, val_mae 0.0869, val_rmse 0.1196, val_r2 0.8152, val_pearson 0.9033, lr 1.00e-06 ---
2026-10-01 11:54:42,994 - INFO - 
****************************************************************************************************
2026-10-01 11:54:44,822 - INFO - --- training epoch 245, loss 0.0070, mae 0.0866, rmse 0.1181, time elapsed(min) 0.03---
2026-10-01 11:54:45,052 - INFO - --- validation at epoch 245, val_loss 0.0070, val_mae 0.0869, val_rmse 0.1195, val_r2 0.8155, val_pearson 0.9035, lr 1.00e-06 ---
2026-10-01 11:54:45,052 - INFO - 
****************************************************************************************************
2026-10-01 11:54:46,832 - INFO - --- training epoch 246, loss 0.0070, mae 0.0868, rmse 0.1185, time elapsed(min) 0.02---
2026-10-01 11:54:47,198 - INFO - --- validation at epoch 246, val_loss 0.0071, val_mae 0.0869, val_rmse 0.1196, val_r2 0.8153, val_pearson 0.9034, lr 1.00e-06 ---
2026-10-01 11:54:47,198 - INFO - 
****************************************************************************************************
2026-10-01 11:54:49,178 - INFO - --- training epoch 247, loss 0.0070, mae 0.0865, rmse 0.1185, time elapsed(min) 0.03---
2026-10-01 11:54:49,399 - INFO - --- validation at epoch 247, val_loss 0.0071, val_mae 0.0869, val_rmse 0.1196, val_r2 0.8152, val_pearson 0.9034, lr 1.00e-06 ---
2026-10-01 11:54:49,399 - INFO - 
****************************************************************************************************
2026-10-01 11:54:51,057 - INFO - --- training epoch 248, loss 0.0069, mae 0.0861, rmse 0.1177, time elapsed(min) 0.02---
2026-10-01 11:54:51,283 - INFO - --- validation at epoch 248, val_loss 0.0071, val_mae 0.0868, val_rmse 0.1195, val_r2 0.8154, val_pearson 0.9035, lr 1.00e-06 ---
2026-10-01 11:54:51,283 - INFO - 
****************************************************************************************************
2026-10-01 11:54:52,934 - INFO - --- training epoch 249, loss 0.0068, mae 0.0857, rmse 0.1165, time elapsed(min) 0.02---
2026-10-01 11:54:53,291 - INFO - --- validation at epoch 249, val_loss 0.0071, val_mae 0.0868, val_rmse 0.1195, val_r2 0.8154, val_pearson 0.9035, lr 1.00e-06 ---
2026-10-01 11:54:53,292 - INFO - 
****************************************************************************************************
2026-10-01 11:54:55,282 - INFO - --- training epoch 250, loss 0.0071, mae 0.0867, rmse 0.1188, time elapsed(min) 0.03---
2026-10-01 11:54:55,504 - INFO - --- validation at epoch 250, val_loss 0.0070, val_mae 0.0868, val_rmse 0.1195, val_r2 0.8155, val_pearson 0.9036, lr 1.00e-06 ---
2026-10-01 11:54:55,504 - INFO - 
****************************************************************************************************
2026-10-01 11:54:57,215 - INFO - --- training epoch 251, loss 0.0070, mae 0.0864, rmse 0.1180, time elapsed(min) 0.02---
2026-10-01 11:54:57,447 - INFO - --- validation at epoch 251, val_loss 0.0071, val_mae 0.0868, val_rmse 0.1195, val_r2 0.8154, val_pearson 0.9035, lr 1.00e-06 ---
2026-10-01 11:54:57,447 - INFO - 
****************************************************************************************************
2026-10-01 11:54:59,263 - INFO - --- training epoch 252, loss 0.0069, mae 0.0866, rmse 0.1176, time elapsed(min) 0.03---
2026-10-01 11:54:59,626 - INFO - --- validation at epoch 252, val_loss 0.0070, val_mae 0.0867, val_rmse 0.1194, val_r2 0.8159, val_pearson 0.9037, lr 1.00e-06 ---
2026-10-01 11:54:59,626 - INFO - 
****************************************************************************************************
2026-10-01 11:55:01,483 - INFO - --- training epoch 253, loss 0.0070, mae 0.0854, rmse 0.1180, time elapsed(min) 0.02---
2026-10-01 11:55:01,713 - INFO - --- validation at epoch 253, val_loss 0.0070, val_mae 0.0867, val_rmse 0.1195, val_r2 0.8156, val_pearson 0.9037, lr 1.00e-06 ---
2026-10-01 11:55:01,713 - INFO - 
****************************************************************************************************
2026-10-01 11:55:03,369 - INFO - --- training epoch 254, loss 0.0070, mae 0.0870, rmse 0.1186, time elapsed(min) 0.02---
2026-10-01 11:55:03,600 - INFO - --- validation at epoch 254, val_loss 0.0070, val_mae 0.0867, val_rmse 0.1193, val_r2 0.8161, val_pearson 0.9038, lr 1.00e-06 ---
2026-10-01 11:55:03,600 - INFO - 
****************************************************************************************************
2026-10-01 11:55:05,270 - INFO - --- training epoch 255, loss 0.0069, mae 0.0871, rmse 0.1178, time elapsed(min) 0.02---
2026-10-01 11:55:05,636 - INFO - --- validation at epoch 255, val_loss 0.0070, val_mae 0.0867, val_rmse 0.1193, val_r2 0.8161, val_pearson 0.9038, lr 1.00e-06 ---
2026-10-01 11:55:05,636 - INFO - 
****************************************************************************************************
2026-10-01 11:55:07,589 - INFO - --- training epoch 256, loss 0.0070, mae 0.0869, rmse 0.1185, time elapsed(min) 0.03---
2026-10-01 11:55:07,809 - INFO - --- validation at epoch 256, val_loss 0.0070, val_mae 0.0867, val_rmse 0.1194, val_r2 0.8159, val_pearson 0.9038, lr 1.00e-06 ---
2026-10-01 11:55:07,809 - INFO - 
****************************************************************************************************
2026-10-01 11:55:09,486 - INFO - --- training epoch 257, loss 0.0068, mae 0.0863, rmse 0.1168, time elapsed(min) 0.02---
2026-10-01 11:55:09,704 - INFO - --- validation at epoch 257, val_loss 0.0070, val_mae 0.0868, val_rmse 0.1195, val_r2 0.8155, val_pearson 0.9036, lr 1.00e-06 ---
2026-10-01 11:55:09,704 - INFO - 
****************************************************************************************************
2026-10-01 11:55:11,362 - INFO - --- training epoch 258, loss 0.0069, mae 0.0858, rmse 0.1177, time elapsed(min) 0.02---
2026-10-01 11:55:11,726 - INFO - --- validation at epoch 258, val_loss 0.0070, val_mae 0.0868, val_rmse 0.1195, val_r2 0.8155, val_pearson 0.9036, lr 1.00e-06 ---
2026-10-01 11:55:11,726 - INFO - 
****************************************************************************************************
2026-10-01 11:55:13,618 - INFO - --- training epoch 259, loss 0.0070, mae 0.0869, rmse 0.1184, time elapsed(min) 0.03---
2026-10-01 11:55:13,839 - INFO - --- validation at epoch 259, val_loss 0.0070, val_mae 0.0867, val_rmse 0.1194, val_r2 0.8158, val_pearson 0.9037, lr 1.00e-06 ---
2026-10-01 11:55:13,839 - INFO - 
****************************************************************************************************
2026-10-01 11:55:15,602 - INFO - --- training epoch 260, loss 0.0068, mae 0.0856, rmse 0.1168, time elapsed(min) 0.02---
2026-10-01 11:55:15,839 - INFO - --- validation at epoch 260, val_loss 0.0070, val_mae 0.0867, val_rmse 0.1194, val_r2 0.8157, val_pearson 0.9037, lr 1.00e-06 ---
2026-10-01 11:55:15,839 - INFO - 
****************************************************************************************************
2026-10-01 11:55:17,497 - INFO - --- training epoch 261, loss 0.0069, mae 0.0865, rmse 0.1178, time elapsed(min) 0.02---
2026-10-01 11:55:17,853 - INFO - --- validation at epoch 261, val_loss 0.0070, val_mae 0.0867, val_rmse 0.1195, val_r2 0.8156, val_pearson 0.9037, lr 1.00e-06 ---
2026-10-01 11:55:17,853 - INFO - 
****************************************************************************************************
2026-10-01 11:55:19,618 - INFO - --- training epoch 262, loss 0.0070, mae 0.0867, rmse 0.1186, time elapsed(min) 0.02---
2026-10-01 11:55:20,042 - INFO - --- validation at epoch 262, val_loss 0.0070, val_mae 0.0867, val_rmse 0.1193, val_r2 0.8161, val_pearson 0.9039, lr 1.00e-06 ---
2026-10-01 11:55:20,042 - INFO - 
****************************************************************************************************
2026-10-01 11:55:21,918 - INFO - --- training epoch 263, loss 0.0068, mae 0.0857, rmse 0.1170, time elapsed(min) 0.02---
2026-10-01 11:55:22,143 - INFO - --- validation at epoch 263, val_loss 0.0070, val_mae 0.0867, val_rmse 0.1194, val_r2 0.8159, val_pearson 0.9038, lr 1.00e-06 ---
2026-10-01 11:55:22,143 - INFO - 
****************************************************************************************************
2026-10-01 11:55:23,800 - INFO - --- training epoch 264, loss 0.0069, mae 0.0864, rmse 0.1179, time elapsed(min) 0.02---
2026-10-01 11:55:24,025 - INFO - --- validation at epoch 264, val_loss 0.0070, val_mae 0.0866, val_rmse 0.1193, val_r2 0.8160, val_pearson 0.9038, lr 1.00e-06 ---
2026-10-01 11:55:24,025 - INFO - 
****************************************************************************************************
2026-10-01 11:55:25,818 - INFO - --- training epoch 265, loss 0.0070, mae 0.0864, rmse 0.1182, time elapsed(min) 0.02---
2026-10-01 11:55:26,235 - INFO - --- validation at epoch 265, val_loss 0.0070, val_mae 0.0866, val_rmse 0.1193, val_r2 0.8161, val_pearson 0.9038, lr 1.00e-06 ---
2026-10-01 11:55:26,235 - INFO - 
****************************************************************************************************
2026-10-01 11:55:28,203 - INFO - --- training epoch 266, loss 0.0068, mae 0.0851, rmse 0.1163, time elapsed(min) 0.02---
2026-10-01 11:55:28,448 - INFO - --- validation at epoch 266, val_loss 0.0070, val_mae 0.0867, val_rmse 0.1194, val_r2 0.8159, val_pearson 0.9037, lr 1.00e-06 ---
2026-10-01 11:55:28,448 - INFO - 
****************************************************************************************************
2026-10-01 11:55:30,290 - INFO - --- training epoch 267, loss 0.0068, mae 0.0859, rmse 0.1170, time elapsed(min) 0.03---
2026-10-01 11:55:30,505 - INFO - --- validation at epoch 267, val_loss 0.0070, val_mae 0.0867, val_rmse 0.1194, val_r2 0.8159, val_pearson 0.9037, lr 1.00e-06 ---
2026-10-01 11:55:30,505 - INFO - 
****************************************************************************************************
2026-10-01 11:55:32,256 - INFO - --- training epoch 268, loss 0.0069, mae 0.0859, rmse 0.1175, time elapsed(min) 0.02---
2026-10-01 11:55:32,640 - INFO - --- validation at epoch 268, val_loss 0.0070, val_mae 0.0868, val_rmse 0.1195, val_r2 0.8156, val_pearson 0.9036, lr 1.00e-06 ---
2026-10-01 11:55:32,640 - INFO - 
****************************************************************************************************
2026-10-01 11:55:34,590 - INFO - --- training epoch 269, loss 0.0069, mae 0.0859, rmse 0.1172, time elapsed(min) 0.03---
2026-10-01 11:55:34,806 - INFO - --- validation at epoch 269, val_loss 0.0070, val_mae 0.0867, val_rmse 0.1193, val_r2 0.8160, val_pearson 0.9037, lr 1.00e-06 ---
2026-10-01 11:55:34,806 - INFO - 
****************************************************************************************************
2026-10-01 11:55:36,477 - INFO - --- training epoch 270, loss 0.0069, mae 0.0862, rmse 0.1177, time elapsed(min) 0.02---
2026-10-01 11:55:36,703 - INFO - --- validation at epoch 270, val_loss 0.0070, val_mae 0.0867, val_rmse 0.1193, val_r2 0.8161, val_pearson 0.9037, lr 1.00e-06 ---
2026-10-01 11:55:36,704 - INFO - 
****************************************************************************************************
2026-10-01 11:55:38,350 - INFO - --- training epoch 271, loss 0.0069, mae 0.0861, rmse 0.1176, time elapsed(min) 0.02---
2026-10-01 11:55:38,723 - INFO - --- validation at epoch 271, val_loss 0.0070, val_mae 0.0868, val_rmse 0.1194, val_r2 0.8157, val_pearson 0.9037, lr 1.00e-06 ---
2026-10-01 11:55:38,723 - INFO - 
****************************************************************************************************
2026-10-01 11:55:40,617 - INFO - --- training epoch 272, loss 0.0069, mae 0.0856, rmse 0.1175, time elapsed(min) 0.03---
2026-10-01 11:55:40,837 - INFO - --- validation at epoch 272, val_loss 0.0071, val_mae 0.0869, val_rmse 0.1195, val_r2 0.8154, val_pearson 0.9036, lr 1.00e-06 ---
2026-10-01 11:55:40,837 - INFO - 
****************************************************************************************************
2026-10-01 11:55:42,684 - INFO - --- training epoch 273, loss 0.0069, mae 0.0865, rmse 0.1178, time elapsed(min) 0.03---
2026-10-01 11:55:42,900 - INFO - --- validation at epoch 273, val_loss 0.0071, val_mae 0.0868, val_rmse 0.1196, val_r2 0.8153, val_pearson 0.9035, lr 1.00e-06 ---
2026-10-01 11:55:42,900 - INFO - 
****************************************************************************************************
2026-10-01 11:55:44,552 - INFO - --- training epoch 274, loss 0.0070, mae 0.0867, rmse 0.1187, time elapsed(min) 0.02---
2026-10-01 11:55:44,940 - INFO - --- validation at epoch 274, val_loss 0.0071, val_mae 0.0868, val_rmse 0.1195, val_r2 0.8154, val_pearson 0.9036, lr 1.00e-06 ---
2026-10-01 11:55:44,940 - INFO - 
****************************************************************************************************
2026-10-01 11:55:46,821 - INFO - --- training epoch 275, loss 0.0071, mae 0.0871, rmse 0.1189, time elapsed(min) 0.03---
2026-10-01 11:55:47,044 - INFO - --- validation at epoch 275, val_loss 0.0070, val_mae 0.0867, val_rmse 0.1193, val_r2 0.8160, val_pearson 0.9038, lr 1.00e-06 ---
2026-10-01 11:55:47,044 - INFO - 
****************************************************************************************************
2026-10-01 11:55:48,882 - INFO - --- training epoch 276, loss 0.0068, mae 0.0855, rmse 0.1168, time elapsed(min) 0.03---
2026-10-01 11:55:49,100 - INFO - --- validation at epoch 276, val_loss 0.0070, val_mae 0.0867, val_rmse 0.1193, val_r2 0.8160, val_pearson 0.9037, lr 1.00e-06 ---
2026-10-01 11:55:49,100 - INFO - 
****************************************************************************************************
2026-10-01 11:55:50,838 - INFO - --- training epoch 277, loss 0.0071, mae 0.0880, rmse 0.1191, time elapsed(min) 0.02---
2026-10-01 11:55:51,212 - INFO - --- validation at epoch 277, val_loss 0.0071, val_mae 0.0868, val_rmse 0.1195, val_r2 0.8154, val_pearson 0.9035, lr 1.00e-06 ---
2026-10-01 11:55:51,212 - INFO - 
****************************************************************************************************
2026-10-01 11:55:53,003 - INFO - --- training epoch 278, loss 0.0069, mae 0.0859, rmse 0.1173, time elapsed(min) 0.02---
2026-10-01 11:55:53,557 - INFO - --- validation at epoch 278, val_loss 0.0070, val_mae 0.0867, val_rmse 0.1194, val_r2 0.8159, val_pearson 0.9037, lr 1.00e-06 ---
2026-10-01 11:55:53,557 - INFO - 
****************************************************************************************************
2026-10-01 11:55:55,204 - INFO - --- training epoch 279, loss 0.0068, mae 0.0859, rmse 0.1167, time elapsed(min) 0.02---
2026-10-01 11:55:55,427 - INFO - --- validation at epoch 279, val_loss 0.0070, val_mae 0.0867, val_rmse 0.1193, val_r2 0.8160, val_pearson 0.9038, lr 1.00e-06 ---
2026-10-01 11:55:55,428 - INFO - 
****************************************************************************************************
2026-10-01 11:55:57,078 - INFO - --- training epoch 280, loss 0.0069, mae 0.0857, rmse 0.1172, time elapsed(min) 0.02---
2026-10-01 11:55:57,302 - INFO - --- validation at epoch 280, val_loss 0.0070, val_mae 0.0868, val_rmse 0.1193, val_r2 0.8160, val_pearson 0.9038, lr 1.00e-06 ---
2026-10-01 11:55:57,302 - INFO - 
****************************************************************************************************
2026-10-01 11:55:59,021 - INFO - --- training epoch 281, loss 0.0068, mae 0.0859, rmse 0.1167, time elapsed(min) 0.02---
2026-10-01 11:55:59,448 - INFO - --- validation at epoch 281, val_loss 0.0070, val_mae 0.0867, val_rmse 0.1193, val_r2 0.8160, val_pearson 0.9038, lr 1.00e-06 ---
2026-10-01 11:55:59,448 - INFO - 
****************************************************************************************************
2026-10-01 11:56:01,253 - INFO - --- training epoch 282, loss 0.0070, mae 0.0874, rmse 0.1183, time elapsed(min) 0.02---
2026-10-01 11:56:01,478 - INFO - --- validation at epoch 282, val_loss 0.0070, val_mae 0.0867, val_rmse 0.1193, val_r2 0.8160, val_pearson 0.9038, lr 1.00e-06 ---
2026-10-01 11:56:01,478 - INFO - 
****************************************************************************************************
2026-10-01 11:56:03,135 - INFO - --- training epoch 283, loss 0.0069, mae 0.0859, rmse 0.1177, time elapsed(min) 0.02---
2026-10-01 11:56:03,354 - INFO - --- validation at epoch 283, val_loss 0.0071, val_mae 0.0868, val_rmse 0.1195, val_r2 0.8156, val_pearson 0.9037, lr 1.00e-06 ---
2026-10-01 11:56:03,354 - INFO - 
****************************************************************************************************
2026-10-01 11:56:05,010 - INFO - --- training epoch 284, loss 0.0069, mae 0.0862, rmse 0.1177, time elapsed(min) 0.02---
2026-10-01 11:56:05,390 - INFO - --- validation at epoch 284, val_loss 0.0071, val_mae 0.0868, val_rmse 0.1195, val_r2 0.8156, val_pearson 0.9036, lr 1.00e-06 ---
2026-10-01 11:56:05,390 - INFO - 
****************************************************************************************************
2026-10-01 11:56:07,346 - INFO - --- training epoch 285, loss 0.0070, mae 0.0869, rmse 0.1180, time elapsed(min) 0.03---
2026-10-01 11:56:07,576 - INFO - --- validation at epoch 285, val_loss 0.0070, val_mae 0.0868, val_rmse 0.1194, val_r2 0.8158, val_pearson 0.9036, lr 1.00e-06 ---
2026-10-01 11:56:07,576 - INFO - 
****************************************************************************************************
2026-10-01 11:56:09,233 - INFO - --- training epoch 286, loss 0.0070, mae 0.0865, rmse 0.1180, time elapsed(min) 0.02---
2026-10-01 11:56:09,454 - INFO - --- validation at epoch 286, val_loss 0.0070, val_mae 0.0868, val_rmse 0.1195, val_r2 0.8156, val_pearson 0.9036, lr 1.00e-06 ---
2026-10-01 11:56:09,454 - INFO - 
****************************************************************************************************
2026-10-01 11:56:11,149 - INFO - --- training epoch 287, loss 0.0071, mae 0.0873, rmse 0.1188, time elapsed(min) 0.02---
2026-10-01 11:56:11,520 - INFO - --- validation at epoch 287, val_loss 0.0071, val_mae 0.0868, val_rmse 0.1195, val_r2 0.8156, val_pearson 0.9035, lr 1.00e-06 ---
2026-10-01 11:56:11,520 - INFO - 
****************************************************************************************************
2026-10-01 11:56:13,590 - INFO - --- training epoch 288, loss 0.0069, mae 0.0864, rmse 0.1178, time elapsed(min) 0.03---
2026-10-01 11:56:13,823 - INFO - --- validation at epoch 288, val_loss 0.0070, val_mae 0.0868, val_rmse 0.1194, val_r2 0.8157, val_pearson 0.9036, lr 1.00e-06 ---
2026-10-01 11:56:13,823 - INFO - 
****************************************************************************************************
2026-10-01 11:56:15,461 - INFO - --- training epoch 289, loss 0.0069, mae 0.0864, rmse 0.1178, time elapsed(min) 0.02---
2026-10-01 11:56:15,686 - INFO - --- validation at epoch 289, val_loss 0.0071, val_mae 0.0868, val_rmse 0.1196, val_r2 0.8153, val_pearson 0.9035, lr 1.00e-06 ---
2026-10-01 11:56:15,687 - INFO - 
****************************************************************************************************
2026-10-01 11:56:17,496 - INFO - --- training epoch 290, loss 0.0070, mae 0.0865, rmse 0.1186, time elapsed(min) 0.03---
2026-10-01 11:56:17,718 - INFO - --- validation at epoch 290, val_loss 0.0070, val_mae 0.0868, val_rmse 0.1195, val_r2 0.8154, val_pearson 0.9035, lr 1.00e-06 ---
2026-10-01 11:56:17,718 - INFO - 
****************************************************************************************************
2026-10-01 11:56:19,450 - INFO - --- training epoch 291, loss 0.0069, mae 0.0855, rmse 0.1172, time elapsed(min) 0.02---
2026-10-01 11:56:19,853 - INFO - --- validation at epoch 291, val_loss 0.0071, val_mae 0.0868, val_rmse 0.1197, val_r2 0.8150, val_pearson 0.9034, lr 1.00e-06 ---
2026-10-01 11:56:19,853 - INFO - 
****************************************************************************************************
2026-10-01 11:56:21,632 - INFO - --- training epoch 292, loss 0.0068, mae 0.0856, rmse 0.1170, time elapsed(min) 0.02---
2026-10-01 11:56:21,853 - INFO - --- validation at epoch 292, val_loss 0.0071, val_mae 0.0869, val_rmse 0.1195, val_r2 0.8154, val_pearson 0.9035, lr 1.00e-06 ---
2026-10-01 11:56:21,853 - INFO - 
****************************************************************************************************
2026-10-01 11:56:23,492 - INFO - --- training epoch 293, loss 0.0069, mae 0.0861, rmse 0.1176, time elapsed(min) 0.02---
2026-10-01 11:56:23,716 - INFO - --- validation at epoch 293, val_loss 0.0071, val_mae 0.0869, val_rmse 0.1195, val_r2 0.8156, val_pearson 0.9035, lr 1.00e-06 ---
2026-10-01 11:56:23,716 - INFO - 
****************************************************************************************************
2026-10-01 11:56:25,472 - INFO - --- training epoch 294, loss 0.0071, mae 0.0871, rmse 0.1190, time elapsed(min) 0.02---
2026-10-01 11:56:25,902 - INFO - --- validation at epoch 294, val_loss 0.0070, val_mae 0.0868, val_rmse 0.1194, val_r2 0.8157, val_pearson 0.9036, lr 1.00e-06 ---
2026-10-01 11:56:25,902 - INFO - 
****************************************************************************************************
2026-10-01 11:56:27,692 - INFO - --- training epoch 295, loss 0.0069, mae 0.0863, rmse 0.1179, time elapsed(min) 0.02---
2026-10-01 11:56:27,920 - INFO - --- validation at epoch 295, val_loss 0.0071, val_mae 0.0869, val_rmse 0.1196, val_r2 0.8153, val_pearson 0.9035, lr 1.00e-06 ---
2026-10-01 11:56:27,920 - INFO - 
****************************************************************************************************
2026-10-01 11:56:29,546 - INFO - --- training epoch 296, loss 0.0070, mae 0.0865, rmse 0.1186, time elapsed(min) 0.02---
2026-10-01 11:56:29,765 - INFO - --- validation at epoch 296, val_loss 0.0071, val_mae 0.0869, val_rmse 0.1195, val_r2 0.8154, val_pearson 0.9035, lr 1.00e-06 ---
2026-10-01 11:56:29,765 - INFO - 
****************************************************************************************************
2026-10-01 11:56:31,493 - INFO - --- training epoch 297, loss 0.0070, mae 0.0861, rmse 0.1179, time elapsed(min) 0.02---
2026-10-01 11:56:31,875 - INFO - --- validation at epoch 297, val_loss 0.0070, val_mae 0.0869, val_rmse 0.1194, val_r2 0.8158, val_pearson 0.9036, lr 1.00e-06 ---
2026-10-01 11:56:31,875 - INFO - 
****************************************************************************************************
2026-10-01 11:56:33,749 - INFO - --- training epoch 298, loss 0.0068, mae 0.0858, rmse 0.1169, time elapsed(min) 0.03---
2026-10-01 11:56:33,971 - INFO - --- validation at epoch 298, val_loss 0.0071, val_mae 0.0868, val_rmse 0.1194, val_r2 0.8157, val_pearson 0.9036, lr 1.00e-06 ---
2026-10-01 11:56:33,971 - INFO - 
****************************************************************************************************
2026-10-01 11:56:35,605 - INFO - --- training epoch 299, loss 0.0071, mae 0.0878, rmse 0.1194, time elapsed(min) 0.02---
2026-10-01 11:56:35,815 - INFO - --- validation at epoch 299, val_loss 0.0070, val_mae 0.0868, val_rmse 0.1194, val_r2 0.8159, val_pearson 0.9037, lr 1.00e-06 ---
2026-10-01 11:56:35,815 - INFO - 
****************************************************************************************************
2026-10-01 11:56:37,605 - INFO - --- training epoch 300, loss 0.0070, mae 0.0862, rmse 0.1180, time elapsed(min) 0.02---
2026-10-01 11:56:37,825 - INFO - --- validation at epoch 300, val_loss 0.0071, val_mae 0.0868, val_rmse 0.1195, val_r2 0.8156, val_pearson 0.9036, lr 1.00e-06 ---
2026-10-01 11:56:37,825 - INFO - 
****************************************************************************************************
2026-10-01 11:56:39,592 - INFO - --- training epoch 301, loss 0.0070, mae 0.0865, rmse 0.1181, time elapsed(min) 0.02---
2026-10-01 11:56:40,008 - INFO - --- validation at epoch 301, val_loss 0.0070, val_mae 0.0868, val_rmse 0.1194, val_r2 0.8159, val_pearson 0.9037, lr 1.00e-06 ---
2026-10-01 11:56:40,008 - INFO - 
****************************************************************************************************
2026-10-01 11:56:41,780 - INFO - --- training epoch 302, loss 0.0069, mae 0.0863, rmse 0.1177, time elapsed(min) 0.02---
2026-10-01 11:56:41,998 - INFO - --- validation at epoch 302, val_loss 0.0070, val_mae 0.0868, val_rmse 0.1195, val_r2 0.8156, val_pearson 0.9036, lr 1.00e-06 ---
2026-10-01 11:56:41,999 - INFO - 
****************************************************************************************************
2026-10-01 11:56:43,703 - INFO - --- training epoch 303, loss 0.0070, mae 0.0867, rmse 0.1184, time elapsed(min) 0.02---
2026-10-01 11:56:43,925 - INFO - --- validation at epoch 303, val_loss 0.0071, val_mae 0.0868, val_rmse 0.1195, val_r2 0.8154, val_pearson 0.9035, lr 1.00e-06 ---
2026-10-01 11:56:43,925 - INFO - 
****************************************************************************************************
2026-10-01 11:56:45,686 - INFO - --- training epoch 304, loss 0.0068, mae 0.0860, rmse 0.1169, time elapsed(min) 0.02---
2026-10-01 11:56:46,094 - INFO - --- validation at epoch 304, val_loss 0.0071, val_mae 0.0868, val_rmse 0.1196, val_r2 0.8152, val_pearson 0.9035, lr 1.00e-06 ---
2026-10-01 11:56:46,094 - INFO - 
****************************************************************************************************
2026-10-01 11:56:47,955 - INFO - --- training epoch 305, loss 0.0070, mae 0.0864, rmse 0.1180, time elapsed(min) 0.03---
2026-10-01 11:56:48,178 - INFO - --- validation at epoch 305, val_loss 0.0071, val_mae 0.0868, val_rmse 0.1196, val_r2 0.8152, val_pearson 0.9034, lr 1.00e-06 ---
2026-10-01 11:56:48,178 - INFO - 
****************************************************************************************************
2026-10-01 11:56:49,830 - INFO - --- training epoch 306, loss 0.0069, mae 0.0863, rmse 0.1172, time elapsed(min) 0.02---
2026-10-01 11:56:50,060 - INFO - --- validation at epoch 306, val_loss 0.0071, val_mae 0.0868, val_rmse 0.1197, val_r2 0.8150, val_pearson 0.9033, lr 1.00e-06 ---
2026-10-01 11:56:50,060 - INFO - 
****************************************************************************************************
2026-10-01 11:56:51,731 - INFO - --- training epoch 307, loss 0.0067, mae 0.0846, rmse 0.1161, time elapsed(min) 0.02---
2026-10-01 11:56:52,097 - INFO - --- validation at epoch 307, val_loss 0.0070, val_mae 0.0868, val_rmse 0.1195, val_r2 0.8154, val_pearson 0.9034, lr 1.00e-06 ---
2026-10-01 11:56:52,097 - INFO - 
****************************************************************************************************
2026-10-01 11:56:54,034 - INFO - --- training epoch 308, loss 0.0070, mae 0.0866, rmse 0.1182, time elapsed(min) 0.03---
2026-10-01 11:56:54,267 - INFO - --- validation at epoch 308, val_loss 0.0071, val_mae 0.0868, val_rmse 0.1196, val_r2 0.8153, val_pearson 0.9034, lr 1.00e-06 ---
2026-10-01 11:56:54,267 - INFO - 
****************************************************************************************************
2026-10-01 11:56:55,915 - INFO - --- training epoch 309, loss 0.0071, mae 0.0872, rmse 0.1188, time elapsed(min) 0.02---
2026-10-01 11:56:56,133 - INFO - --- validation at epoch 309, val_loss 0.0071, val_mae 0.0868, val_rmse 0.1196, val_r2 0.8153, val_pearson 0.9034, lr 1.00e-06 ---
2026-10-01 11:56:56,133 - INFO - 
****************************************************************************************************
2026-10-01 11:56:57,857 - INFO - --- training epoch 310, loss 0.0070, mae 0.0872, rmse 0.1187, time elapsed(min) 0.02---
2026-10-01 11:56:58,076 - INFO - --- validation at epoch 310, val_loss 0.0071, val_mae 0.0868, val_rmse 0.1195, val_r2 0.8154, val_pearson 0.9035, lr 1.00e-06 ---
2026-10-01 11:56:58,076 - INFO - 
****************************************************************************************************
2026-10-01 11:56:59,958 - INFO - --- training epoch 311, loss 0.0069, mae 0.0862, rmse 0.1179, time elapsed(min) 0.03---
2026-10-01 11:57:00,471 - INFO - --- validation at epoch 311, val_loss 0.0071, val_mae 0.0868, val_rmse 0.1196, val_r2 0.8152, val_pearson 0.9034, lr 1.00e-06 ---
2026-10-01 11:57:00,471 - INFO - 
****************************************************************************************************
2026-10-01 11:57:02,088 - INFO - --- training epoch 312, loss 0.0069, mae 0.0863, rmse 0.1179, time elapsed(min) 0.02---
2026-10-01 11:57:02,302 - INFO - --- validation at epoch 312, val_loss 0.0070, val_mae 0.0867, val_rmse 0.1195, val_r2 0.8155, val_pearson 0.9035, lr 1.00e-06 ---
2026-10-01 11:57:02,302 - INFO - 
****************************************************************************************************
2026-10-01 11:57:03,986 - INFO - --- training epoch 313, loss 0.0069, mae 0.0864, rmse 0.1172, time elapsed(min) 0.02---
2026-10-01 11:57:04,343 - INFO - --- validation at epoch 313, val_loss 0.0071, val_mae 0.0867, val_rmse 0.1196, val_r2 0.8151, val_pearson 0.9035, lr 1.00e-06 ---
2026-10-01 11:57:04,343 - INFO - 
****************************************************************************************************
2026-10-01 11:57:06,101 - INFO - --- training epoch 314, loss 0.0070, mae 0.0871, rmse 0.1184, time elapsed(min) 0.02---
2026-10-01 11:57:06,617 - INFO - --- validation at epoch 314, val_loss 0.0071, val_mae 0.0867, val_rmse 0.1195, val_r2 0.8154, val_pearson 0.9035, lr 1.00e-06 ---
2026-10-01 11:57:06,617 - INFO - 
****************************************************************************************************
2026-10-01 11:57:08,417 - INFO - --- training epoch 315, loss 0.0070, mae 0.0871, rmse 0.1187, time elapsed(min) 0.03---
2026-10-01 11:57:08,636 - INFO - --- validation at epoch 315, val_loss 0.0071, val_mae 0.0867, val_rmse 0.1196, val_r2 0.8151, val_pearson 0.9034, lr 1.00e-06 ---
2026-10-01 11:57:08,636 - INFO - 
****************************************************************************************************
2026-10-01 11:57:08,974 - INFO - --- early stopping at epoch 315: val_loss did not improve for 50 epochs ---
2026-10-01 11:57:09,267 - INFO - --- selected checkpoint from epoch 265, val_loss 0.0070, val_mae 0.0866, val_rmse 0.1193
2026-10-01 11:57:10,079 - INFO - -- RESULT
2026-10-01 11:57:10,079 - INFO - --- test size: 1728
2026-10-01 11:57:10,079 - INFO - --- MAE: 0.0906 (9.06 pp), RMSE: 0.1311 (13.11 pp), R2: 0.7861, Pearson: 0.8871
2026-10-01 11:57:12,290 - INFO - --- Suzuki-Miyaura | split_8 | ind_mlp: test R2 0.7861 MAE 0.0906 RMSE 0.1311 | 649.1s (2.1s/epoch)
2026-10-01 11:57:12,294 - INFO - --- Suzuki-Miyaura | split_9 | current model (ind/linear) (ind/linear)
