2026-09-30 22:42:34,889 - INFO - device is	cuda:0
2026-09-30 22:42:34,984 - INFO - -- CONFIGURATIONS
2026-09-30 22:42:34,984 - INFO - --- train/valid/test: 2491/277/1187
2026-09-30 22:42:34,984 - INFO - --- max no. reactants_train, valid, test respectively: 6, 6, 6
2026-09-30 22:42:34,984 - INFO - --- max no. products_train, valid, test respectively: 1, 1, 1
2026-09-30 22:42:34,984 - INFO - --- model_path: ../logs/approach2_grid_bh/e400/runs/Buchwald-Hartwig_fullcv05_split70_approach_2/model.pt
2026-09-30 22:42:34,993 - INFO - -- TRAINING
2026-09-30 22:42:35,878 - INFO - --- training epoch 0, loss 24.1835, mae 24.6775, rmse 30.7728, time elapsed(min) 0.01---
2026-09-30 22:42:36,046 - INFO - --- validation at epoch 0, val_loss 24.4682, val_mae 23.1806, val_rmse 27.4357, val_r2 -0.0477, val_pearson -0.2106, lr 1.00e-03 ---
2026-09-30 22:42:36,047 - INFO - 
****************************************************************************************************
2026-09-30 22:42:37,374 - INFO - --- training epoch 1, loss 22.7537, mae 23.2508, rmse 27.9959, time elapsed(min) 0.01---
2026-09-30 22:42:37,539 - INFO - --- validation at epoch 1, val_loss 24.6019, val_mae 23.1807, val_rmse 27.9340, val_r2 -0.0861, val_pearson -0.2173, lr 1.00e-03 ---
2026-09-30 22:42:37,539 - INFO - 
****************************************************************************************************
2026-09-30 22:42:38,775 - INFO - --- training epoch 2, loss 22.5284, mae 23.0249, rmse 27.9627, time elapsed(min) 0.01---
2026-09-30 22:42:38,953 - INFO - --- validation at epoch 2, val_loss 24.2121, val_mae 22.8261, val_rmse 26.7442, val_r2 0.0045, val_pearson 0.2026, lr 1.00e-03 ---
2026-09-30 22:42:38,953 - INFO - 
****************************************************************************************************
2026-09-30 22:42:40,226 - INFO - --- training epoch 3, loss 21.9483, mae 22.4447, rmse 27.1699, time elapsed(min) 0.01---
2026-09-30 22:42:40,405 - INFO - --- validation at epoch 3, val_loss 23.8972, val_mae 22.0789, val_rmse 26.5804, val_r2 0.0166, val_pearson 0.2276, lr 1.00e-03 ---
2026-09-30 22:42:40,405 - INFO - 
****************************************************************************************************
2026-09-30 22:42:41,495 - INFO - --- training epoch 4, loss 22.0292, mae 22.5248, rmse 27.7301, time elapsed(min) 0.01---
2026-09-30 22:42:41,673 - INFO - --- validation at epoch 4, val_loss 24.0431, val_mae 22.6906, val_rmse 26.1485, val_r2 0.0483, val_pearson 0.2500, lr 1.00e-03 ---
2026-09-30 22:42:41,674 - INFO - 
****************************************************************************************************
2026-09-30 22:42:42,710 - INFO - --- training epoch 5, loss 22.2350, mae 22.7313, rmse 27.6056, time elapsed(min) 0.01---
2026-09-30 22:42:42,880 - INFO - --- validation at epoch 5, val_loss 23.9615, val_mae 22.1446, val_rmse 26.6305, val_r2 0.0129, val_pearson 0.2708, lr 1.00e-03 ---
2026-09-30 22:42:42,880 - INFO - 
****************************************************************************************************
2026-09-30 22:42:44,248 - INFO - --- training epoch 6, loss 21.5318, mae 22.0286, rmse 26.5919, time elapsed(min) 0.02---
2026-09-30 22:42:44,429 - INFO - --- validation at epoch 6, val_loss 23.2941, val_mae 21.7779, val_rmse 25.4507, val_r2 0.0984, val_pearson 0.3281, lr 1.00e-03 ---
2026-09-30 22:42:44,429 - INFO - 
****************************************************************************************************
2026-09-30 22:42:45,767 - INFO - --- training epoch 7, loss 21.6449, mae 22.1405, rmse 26.8717, time elapsed(min) 0.01---
2026-09-30 22:42:45,923 - INFO - --- validation at epoch 7, val_loss 23.7294, val_mae 22.0886, val_rmse 25.4706, val_r2 0.0970, val_pearson 0.3159, lr 1.00e-03 ---
2026-09-30 22:42:45,923 - INFO - 
****************************************************************************************************
2026-09-30 22:42:47,239 - INFO - --- training epoch 8, loss 21.1055, mae 21.5999, rmse 26.1954, time elapsed(min) 0.02---
2026-09-30 22:42:47,415 - INFO - --- validation at epoch 8, val_loss 23.3045, val_mae 21.3941, val_rmse 25.3838, val_r2 0.1032, val_pearson 0.3529, lr 1.00e-03 ---
2026-09-30 22:42:47,415 - INFO - 
****************************************************************************************************
2026-09-30 22:42:48,629 - INFO - --- training epoch 9, loss 20.9176, mae 21.4122, rmse 25.8063, time elapsed(min) 0.01---
2026-09-30 22:42:48,800 - INFO - --- validation at epoch 9, val_loss 23.0403, val_mae 21.0182, val_rmse 25.3214, val_r2 0.1076, val_pearson 0.3419, lr 1.00e-03 ---
2026-09-30 22:42:48,800 - INFO - 
****************************************************************************************************
2026-09-30 22:42:49,961 - INFO - --- training epoch 10, loss 20.7617, mae 21.2568, rmse 26.2111, time elapsed(min) 0.01---
2026-09-30 22:42:50,138 - INFO - --- validation at epoch 10, val_loss 23.5040, val_mae 21.6858, val_rmse 25.4000, val_r2 0.1020, val_pearson 0.3595, lr 1.00e-03 ---
2026-09-30 22:42:50,138 - INFO - 
****************************************************************************************************
2026-09-30 22:42:51,388 - INFO - --- training epoch 11, loss 20.4659, mae 20.9626, rmse 25.2462, time elapsed(min) 0.01---
2026-09-30 22:42:51,551 - INFO - --- validation at epoch 11, val_loss 23.6525, val_mae 21.0224, val_rmse 25.9612, val_r2 0.0619, val_pearson 0.3645, lr 1.00e-03 ---
2026-09-30 22:42:51,551 - INFO - 
****************************************************************************************************
2026-09-30 22:42:52,780 - INFO - --- training epoch 12, loss 20.4684, mae 20.9645, rmse 25.8301, time elapsed(min) 0.01---
2026-09-30 22:42:52,950 - INFO - --- validation at epoch 12, val_loss 22.8942, val_mae 20.9599, val_rmse 25.6494, val_r2 0.0843, val_pearson 0.3716, lr 1.00e-03 ---
2026-09-30 22:42:52,950 - INFO - 
****************************************************************************************************
2026-09-30 22:42:54,318 - INFO - --- training epoch 13, loss 19.9724, mae 20.4676, rmse 24.9547, time elapsed(min) 0.02---
2026-09-30 22:42:54,493 - INFO - --- validation at epoch 13, val_loss 23.0050, val_mae 20.7396, val_rmse 26.2582, val_r2 0.0403, val_pearson 0.3719, lr 1.00e-03 ---
2026-09-30 22:42:54,493 - INFO - 
****************************************************************************************************
2026-09-30 22:42:55,923 - INFO - --- training epoch 14, loss 20.2482, mae 20.7424, rmse 25.9446, time elapsed(min) 0.02---
2026-09-30 22:42:56,091 - INFO - --- validation at epoch 14, val_loss 23.2229, val_mae 21.1759, val_rmse 25.8307, val_r2 0.0713, val_pearson 0.3767, lr 1.00e-03 ---
2026-09-30 22:42:56,091 - INFO - 
****************************************************************************************************
2026-09-30 22:42:57,124 - INFO - --- training epoch 15, loss 20.3486, mae 20.8452, rmse 25.7883, time elapsed(min) 0.01---
2026-09-30 22:42:57,297 - INFO - --- validation at epoch 15, val_loss 24.2969, val_mae 21.7386, val_rmse 27.4854, val_r2 -0.0515, val_pearson 0.3540, lr 1.00e-03 ---
2026-09-30 22:42:57,297 - INFO - 
****************************************************************************************************
2026-09-30 22:42:58,328 - INFO - --- training epoch 16, loss 21.7181, mae 22.2136, rmse 26.5159, time elapsed(min) 0.01---
2026-09-30 22:42:58,498 - INFO - --- validation at epoch 16, val_loss 23.8676, val_mae 22.2393, val_rmse 25.7833, val_r2 0.0747, val_pearson 0.2803, lr 1.00e-03 ---
2026-09-30 22:42:58,498 - INFO - 
****************************************************************************************************
2026-09-30 22:42:59,848 - INFO - --- training epoch 17, loss 21.1602, mae 21.6569, rmse 26.0038, time elapsed(min) 0.02---
2026-09-30 22:43:00,019 - INFO - --- validation at epoch 17, val_loss 23.4155, val_mae 21.3801, val_rmse 25.8032, val_r2 0.0733, val_pearson 0.3346, lr 1.00e-03 ---
2026-09-30 22:43:00,019 - INFO - 
****************************************************************************************************
2026-09-30 22:43:01,285 - INFO - --- training epoch 18, loss 20.2365, mae 20.7310, rmse 25.1596, time elapsed(min) 0.01---
2026-09-30 22:43:01,457 - INFO - --- validation at epoch 18, val_loss 22.8435, val_mae 20.7655, val_rmse 25.2936, val_r2 0.1095, val_pearson 0.3893, lr 1.00e-03 ---
2026-09-30 22:43:01,457 - INFO - 
****************************************************************************************************
2026-09-30 22:43:02,810 - INFO - --- training epoch 19, loss 19.4729, mae 19.9683, rmse 24.8691, time elapsed(min) 0.01---
2026-09-30 22:43:03,202 - INFO - --- validation at epoch 19, val_loss 22.8346, val_mae 20.9705, val_rmse 25.9874, val_r2 0.0600, val_pearson 0.3865, lr 1.00e-03 ---
2026-09-30 22:43:03,202 - INFO - 
****************************************************************************************************
2026-09-30 22:43:04,482 - INFO - --- training epoch 20, loss 20.3852, mae 20.8816, rmse 25.9627, time elapsed(min) 0.01---
2026-09-30 22:43:04,652 - INFO - --- validation at epoch 20, val_loss 23.0298, val_mae 21.0170, val_rmse 25.6972, val_r2 0.0809, val_pearson 0.3747, lr 1.00e-03 ---
2026-09-30 22:43:04,652 - INFO - 
****************************************************************************************************
2026-09-30 22:43:05,711 - INFO - --- training epoch 21, loss 19.9522, mae 20.4466, rmse 24.9160, time elapsed(min) 0.01---
2026-09-30 22:43:05,879 - INFO - --- validation at epoch 21, val_loss 22.8866, val_mae 20.6471, val_rmse 25.8456, val_r2 0.0702, val_pearson 0.3862, lr 1.00e-03 ---
2026-09-30 22:43:05,880 - INFO - 
****************************************************************************************************
2026-09-30 22:43:07,074 - INFO - --- training epoch 22, loss 19.3570, mae 19.8517, rmse 25.0347, time elapsed(min) 0.01---
2026-09-30 22:43:07,244 - INFO - --- validation at epoch 22, val_loss 22.5399, val_mae 20.5019, val_rmse 25.1464, val_r2 0.1199, val_pearson 0.4064, lr 1.00e-03 ---
2026-09-30 22:43:07,244 - INFO - 
****************************************************************************************************
2026-09-30 22:43:08,702 - INFO - --- training epoch 23, loss 19.4973, mae 19.9919, rmse 24.9391, time elapsed(min) 0.02---
2026-09-30 22:43:08,865 - INFO - --- validation at epoch 23, val_loss 22.6304, val_mae 20.5979, val_rmse 26.0638, val_r2 0.0545, val_pearson 0.4078, lr 1.00e-03 ---
2026-09-30 22:43:08,865 - INFO - 
****************************************************************************************************
2026-09-30 22:43:10,126 - INFO - --- training epoch 24, loss 19.4424, mae 19.9364, rmse 24.9591, time elapsed(min) 0.01---
2026-09-30 22:43:10,289 - INFO - --- validation at epoch 24, val_loss 22.0086, val_mae 20.1567, val_rmse 25.5650, val_r2 0.0903, val_pearson 0.4290, lr 1.00e-03 ---
2026-09-30 22:43:10,289 - INFO - 
****************************************************************************************************
2026-09-30 22:43:11,577 - INFO - --- training epoch 25, loss 17.6906, mae 18.1832, rmse 23.4082, time elapsed(min) 0.01---
2026-09-30 22:43:11,744 - INFO - --- validation at epoch 25, val_loss 18.9089, val_mae 18.0787, val_rmse 22.9758, val_r2 0.2653, val_pearson 0.5659, lr 1.00e-03 ---
2026-09-30 22:43:11,744 - INFO - 
****************************************************************************************************
2026-09-30 22:43:12,893 - INFO - --- training epoch 26, loss 16.9381, mae 17.4305, rmse 22.5419, time elapsed(min) 0.01---
2026-09-30 22:43:13,066 - INFO - --- validation at epoch 26, val_loss 18.8379, val_mae 17.9127, val_rmse 24.2492, val_r2 0.1816, val_pearson 0.5649, lr 1.00e-03 ---
2026-09-30 22:43:13,066 - INFO - 
****************************************************************************************************
2026-09-30 22:43:14,384 - INFO - --- training epoch 27, loss 17.7180, mae 18.2097, rmse 23.2631, time elapsed(min) 0.01---
2026-09-30 22:43:14,558 - INFO - --- validation at epoch 27, val_loss 23.4154, val_mae 21.4006, val_rmse 27.5158, val_r2 -0.0538, val_pearson 0.4161, lr 1.00e-03 ---
2026-09-30 22:43:14,558 - INFO - 
****************************************************************************************************
2026-09-30 22:43:15,840 - INFO - --- training epoch 28, loss 18.7803, mae 19.2756, rmse 24.4483, time elapsed(min) 0.01---
2026-09-30 22:43:16,015 - INFO - --- validation at epoch 28, val_loss 21.5581, val_mae 20.0252, val_rmse 26.3294, val_r2 0.0351, val_pearson 0.4693, lr 1.00e-03 ---
2026-09-30 22:43:16,015 - INFO - 
****************************************************************************************************
2026-09-30 22:43:17,288 - INFO - --- training epoch 29, loss 19.8082, mae 20.3008, rmse 25.6108, time elapsed(min) 0.01---
2026-09-30 22:43:17,452 - INFO - --- validation at epoch 29, val_loss 24.3164, val_mae 22.3492, val_rmse 28.1940, val_r2 -0.1064, val_pearson 0.2945, lr 1.00e-03 ---
2026-09-30 22:43:17,452 - INFO - 
****************************************************************************************************
2026-09-30 22:43:18,848 - INFO - --- training epoch 30, loss 20.5664, mae 21.0625, rmse 25.8867, time elapsed(min) 0.02---
2026-09-30 22:43:19,022 - INFO - --- validation at epoch 30, val_loss 21.0796, val_mae 19.8371, val_rmse 23.2926, val_r2 0.2449, val_pearson 0.5096, lr 1.00e-03 ---
2026-09-30 22:43:19,022 - INFO - 
****************************************************************************************************
2026-09-30 22:43:20,075 - INFO - --- training epoch 31, loss 18.1718, mae 18.6614, rmse 23.9936, time elapsed(min) 0.01---
2026-09-30 22:43:20,246 - INFO - --- validation at epoch 31, val_loss 19.5355, val_mae 18.7229, val_rmse 23.8974, val_r2 0.2051, val_pearson 0.4993, lr 1.00e-03 ---
2026-09-30 22:43:20,246 - INFO - 
****************************************************************************************************
2026-09-30 22:43:21,293 - INFO - --- training epoch 32, loss 17.2502, mae 17.7423, rmse 23.0905, time elapsed(min) 0.01---
2026-09-30 22:43:21,474 - INFO - --- validation at epoch 32, val_loss 18.9588, val_mae 18.3473, val_rmse 22.6722, val_r2 0.2845, val_pearson 0.5587, lr 1.00e-03 ---
2026-09-30 22:43:21,474 - INFO - 
****************************************************************************************************
2026-09-30 22:43:22,738 - INFO - --- training epoch 33, loss 16.2096, mae 16.7013, rmse 21.5350, time elapsed(min) 0.01---
2026-09-30 22:43:22,914 - INFO - --- validation at epoch 33, val_loss 18.1375, val_mae 17.2070, val_rmse 22.5822, val_r2 0.2902, val_pearson 0.5755, lr 1.00e-03 ---
2026-09-30 22:43:22,914 - INFO - 
****************************************************************************************************
2026-09-30 22:43:24,271 - INFO - --- training epoch 34, loss 16.2050, mae 16.6929, rmse 21.9449, time elapsed(min) 0.01---
2026-09-30 22:43:24,444 - INFO - --- validation at epoch 34, val_loss 18.3122, val_mae 17.2579, val_rmse 22.8324, val_r2 0.2744, val_pearson 0.6043, lr 1.00e-03 ---
2026-09-30 22:43:24,445 - INFO - 
****************************************************************************************************
2026-09-30 22:43:25,866 - INFO - --- training epoch 35, loss 16.0720, mae 16.5626, rmse 21.9527, time elapsed(min) 0.02---
2026-09-30 22:43:26,040 - INFO - --- validation at epoch 35, val_loss 17.4300, val_mae 16.7643, val_rmse 21.7258, val_r2 0.3430, val_pearson 0.6178, lr 1.00e-03 ---
2026-09-30 22:43:26,040 - INFO - 
****************************************************************************************************
2026-09-30 22:43:27,193 - INFO - --- training epoch 36, loss 16.3253, mae 16.8123, rmse 22.3049, time elapsed(min) 0.01---
2026-09-30 22:43:27,362 - INFO - --- validation at epoch 36, val_loss 17.4027, val_mae 16.8572, val_rmse 21.7241, val_r2 0.3431, val_pearson 0.5937, lr 1.00e-03 ---
2026-09-30 22:43:27,362 - INFO - 
****************************************************************************************************
2026-09-30 22:43:28,661 - INFO - --- training epoch 37, loss 16.4096, mae 16.8951, rmse 22.3859, time elapsed(min) 0.01---
2026-09-30 22:43:28,826 - INFO - --- validation at epoch 37, val_loss 16.3995, val_mae 16.7221, val_rmse 21.3256, val_r2 0.3670, val_pearson 0.6272, lr 1.00e-03 ---
2026-09-30 22:43:28,826 - INFO - 
****************************************************************************************************
2026-09-30 22:43:30,169 - INFO - --- training epoch 38, loss 15.5940, mae 16.0821, rmse 21.0894, time elapsed(min) 0.01---
2026-09-30 22:43:30,327 - INFO - --- validation at epoch 38, val_loss 16.5063, val_mae 16.1184, val_rmse 21.1847, val_r2 0.3753, val_pearson 0.6207, lr 1.00e-03 ---
2026-09-30 22:43:30,327 - INFO - 
****************************************************************************************************
2026-09-30 22:43:31,581 - INFO - --- training epoch 39, loss 15.6784, mae 16.1663, rmse 21.7142, time elapsed(min) 0.01---
2026-09-30 22:43:31,755 - INFO - --- validation at epoch 39, val_loss 17.4205, val_mae 16.6693, val_rmse 22.0625, val_r2 0.3225, val_pearson 0.6136, lr 1.00e-03 ---
2026-09-30 22:43:31,755 - INFO - 
****************************************************************************************************
2026-09-30 22:43:33,172 - INFO - --- training epoch 40, loss 15.8674, mae 16.3532, rmse 21.7400, time elapsed(min) 0.02---
2026-09-30 22:43:33,337 - INFO - --- validation at epoch 40, val_loss 17.0502, val_mae 16.6547, val_rmse 21.4502, val_r2 0.3596, val_pearson 0.6102, lr 1.00e-03 ---
2026-09-30 22:43:33,338 - INFO - 
****************************************************************************************************
2026-09-30 22:43:34,397 - INFO - --- training epoch 41, loss 15.7974, mae 16.2830, rmse 21.5489, time elapsed(min) 0.01---
2026-09-30 22:43:34,568 - INFO - --- validation at epoch 41, val_loss 16.5055, val_mae 16.2449, val_rmse 21.2469, val_r2 0.3717, val_pearson 0.6251, lr 1.00e-03 ---
2026-09-30 22:43:34,568 - INFO - 
****************************************************************************************************
2026-09-30 22:43:35,613 - INFO - --- training epoch 42, loss 15.0551, mae 15.5415, rmse 20.7739, time elapsed(min) 0.01---
2026-09-30 22:43:35,779 - INFO - --- validation at epoch 42, val_loss 15.6352, val_mae 15.2620, val_rmse 20.1851, val_r2 0.4329, val_pearson 0.6624, lr 1.00e-03 ---
2026-09-30 22:43:35,779 - INFO - 
****************************************************************************************************
2026-09-30 22:43:37,133 - INFO - --- training epoch 43, loss 14.6966, mae 15.1817, rmse 20.3834, time elapsed(min) 0.01---
2026-09-30 22:43:37,296 - INFO - --- validation at epoch 43, val_loss 15.3442, val_mae 14.8565, val_rmse 19.6468, val_r2 0.4627, val_pearson 0.6877, lr 1.00e-03 ---
2026-09-30 22:43:37,296 - INFO - 
****************************************************************************************************
2026-09-30 22:43:38,669 - INFO - --- training epoch 44, loss 15.4661, mae 15.9518, rmse 21.3519, time elapsed(min) 0.01---
2026-09-30 22:43:38,842 - INFO - --- validation at epoch 44, val_loss 16.4408, val_mae 16.6192, val_rmse 21.6970, val_r2 0.3448, val_pearson 0.6386, lr 1.00e-03 ---
2026-09-30 22:43:38,843 - INFO - 
****************************************************************************************************
2026-09-30 22:43:40,106 - INFO - --- training epoch 45, loss 15.5757, mae 16.0627, rmse 21.2367, time elapsed(min) 0.01---
2026-09-30 22:43:40,482 - INFO - --- validation at epoch 45, val_loss 16.2691, val_mae 15.9350, val_rmse 20.8515, val_r2 0.3948, val_pearson 0.6441, lr 1.00e-03 ---
2026-09-30 22:43:40,482 - INFO - 
****************************************************************************************************
2026-09-30 22:43:41,675 - INFO - --- training epoch 46, loss 14.8741, mae 15.3567, rmse 20.4406, time elapsed(min) 0.01---
2026-09-30 22:43:41,846 - INFO - --- validation at epoch 46, val_loss 15.0786, val_mae 15.2841, val_rmse 20.8547, val_r2 0.3947, val_pearson 0.6677, lr 1.00e-03 ---
2026-09-30 22:43:41,846 - INFO - 
****************************************************************************************************
2026-09-30 22:43:42,978 - INFO - --- training epoch 47, loss 15.1434, mae 15.6306, rmse 20.8183, time elapsed(min) 0.01---
2026-09-30 22:43:43,169 - INFO - --- validation at epoch 47, val_loss 15.9031, val_mae 15.6326, val_rmse 20.3450, val_r2 0.4239, val_pearson 0.6604, lr 1.00e-03 ---
2026-09-30 22:43:43,169 - INFO - 
****************************************************************************************************
2026-09-30 22:43:44,422 - INFO - --- training epoch 48, loss 14.4214, mae 14.9054, rmse 19.8092, time elapsed(min) 0.01---
2026-09-30 22:43:44,599 - INFO - --- validation at epoch 48, val_loss 14.7278, val_mae 14.4894, val_rmse 19.1183, val_r2 0.4913, val_pearson 0.7036, lr 1.00e-03 ---
2026-09-30 22:43:44,599 - INFO - 
****************************************************************************************************
2026-09-30 22:43:45,949 - INFO - --- training epoch 49, loss 14.1300, mae 14.6141, rmse 19.7730, time elapsed(min) 0.01---
2026-09-30 22:43:46,123 - INFO - --- validation at epoch 49, val_loss 14.4058, val_mae 14.4649, val_rmse 19.3122, val_r2 0.4809, val_pearson 0.7023, lr 1.00e-03 ---
2026-09-30 22:43:46,123 - INFO - 
****************************************************************************************************
2026-09-30 22:43:47,511 - INFO - --- training epoch 50, loss 14.3470, mae 14.8329, rmse 19.8505, time elapsed(min) 0.02---
2026-09-30 22:43:47,680 - INFO - --- validation at epoch 50, val_loss 15.4607, val_mae 15.4199, val_rmse 20.3159, val_r2 0.4255, val_pearson 0.6808, lr 1.00e-03 ---
2026-09-30 22:43:47,680 - INFO - 
****************************************************************************************************
2026-09-30 22:43:48,896 - INFO - --- training epoch 51, loss 14.5436, mae 15.0259, rmse 20.2747, time elapsed(min) 0.01---
2026-09-30 22:43:49,061 - INFO - --- validation at epoch 51, val_loss 15.0983, val_mae 15.3266, val_rmse 20.3136, val_r2 0.4257, val_pearson 0.6874, lr 1.00e-03 ---
2026-09-30 22:43:49,061 - INFO - 
****************************************************************************************************
2026-09-30 22:43:50,109 - INFO - --- training epoch 52, loss 14.6625, mae 15.1487, rmse 20.4674, time elapsed(min) 0.01---
2026-09-30 22:43:50,279 - INFO - --- validation at epoch 52, val_loss 16.4964, val_mae 16.1186, val_rmse 22.2141, val_r2 0.3132, val_pearson 0.6542, lr 1.00e-03 ---
2026-09-30 22:43:50,279 - INFO - 
****************************************************************************************************
2026-09-30 22:43:51,690 - INFO - --- training epoch 53, loss 14.8718, mae 15.3561, rmse 20.4653, time elapsed(min) 0.02---
2026-09-30 22:43:51,859 - INFO - --- validation at epoch 53, val_loss 16.0016, val_mae 15.8602, val_rmse 20.9988, val_r2 0.3863, val_pearson 0.6609, lr 1.00e-03 ---
2026-09-30 22:43:51,859 - INFO - 
****************************************************************************************************
2026-09-30 22:43:53,302 - INFO - --- training epoch 54, loss 14.5927, mae 15.0757, rmse 20.2880, time elapsed(min) 0.02---
2026-09-30 22:43:53,471 - INFO - --- validation at epoch 54, val_loss 15.2273, val_mae 14.7455, val_rmse 19.4601, val_r2 0.4729, val_pearson 0.6930, lr 1.00e-03 ---
2026-09-30 22:43:53,471 - INFO - 
****************************************************************************************************
2026-09-30 22:43:54,757 - INFO - --- training epoch 55, loss 14.3515, mae 14.8387, rmse 19.7598, time elapsed(min) 0.01---
2026-09-30 22:43:54,924 - INFO - --- validation at epoch 55, val_loss 14.0984, val_mae 14.5691, val_rmse 19.3441, val_r2 0.4792, val_pearson 0.7046, lr 1.00e-03 ---
2026-09-30 22:43:54,924 - INFO - 
****************************************************************************************************
2026-09-30 22:43:56,210 - INFO - --- training epoch 56, loss 14.4856, mae 14.9669, rmse 20.1426, time elapsed(min) 0.01---
2026-09-30 22:43:56,379 - INFO - --- validation at epoch 56, val_loss 14.7819, val_mae 14.7673, val_rmse 20.0394, val_r2 0.4411, val_pearson 0.6831, lr 1.00e-03 ---
2026-09-30 22:43:56,379 - INFO - 
****************************************************************************************************
2026-09-30 22:43:57,441 - INFO - --- training epoch 57, loss 14.3567, mae 14.8390, rmse 19.8050, time elapsed(min) 0.01---
2026-09-30 22:43:57,621 - INFO - --- validation at epoch 57, val_loss 15.3723, val_mae 15.0051, val_rmse 19.9325, val_r2 0.4470, val_pearson 0.6768, lr 1.00e-03 ---
2026-09-30 22:43:57,621 - INFO - 
****************************************************************************************************
2026-09-30 22:43:58,679 - INFO - --- training epoch 58, loss 14.1909, mae 14.6723, rmse 19.6889, time elapsed(min) 0.01---
2026-09-30 22:43:58,848 - INFO - --- validation at epoch 58, val_loss 14.6069, val_mae 14.5195, val_rmse 19.4195, val_r2 0.4751, val_pearson 0.6938, lr 1.00e-03 ---
2026-09-30 22:43:58,849 - INFO - 
****************************************************************************************************
2026-09-30 22:44:00,106 - INFO - --- training epoch 59, loss 14.0523, mae 14.5382, rmse 19.5462, time elapsed(min) 0.01---
2026-09-30 22:44:00,288 - INFO - --- validation at epoch 59, val_loss 14.5839, val_mae 14.4429, val_rmse 19.0763, val_r2 0.4935, val_pearson 0.7060, lr 1.00e-03 ---
2026-09-30 22:44:00,288 - INFO - 
****************************************************************************************************
2026-09-30 22:44:01,550 - INFO - --- training epoch 60, loss 14.1903, mae 14.6714, rmse 19.6971, time elapsed(min) 0.01---
2026-09-30 22:44:01,715 - INFO - --- validation at epoch 60, val_loss 14.5307, val_mae 14.3132, val_rmse 18.9827, val_r2 0.4985, val_pearson 0.7069, lr 1.00e-03 ---
2026-09-30 22:44:01,716 - INFO - 
****************************************************************************************************
2026-09-30 22:44:03,157 - INFO - --- training epoch 61, loss 14.1399, mae 14.6217, rmse 19.8002, time elapsed(min) 0.02---
2026-09-30 22:44:03,322 - INFO - --- validation at epoch 61, val_loss 15.4110, val_mae 15.0999, val_rmse 20.0097, val_r2 0.4427, val_pearson 0.6824, lr 1.00e-03 ---
2026-09-30 22:44:03,322 - INFO - 
****************************************************************************************************
2026-09-30 22:44:04,396 - INFO - --- training epoch 62, loss 14.5920, mae 15.0749, rmse 20.4181, time elapsed(min) 0.01---
2026-09-30 22:44:04,562 - INFO - --- validation at epoch 62, val_loss 15.5899, val_mae 15.2679, val_rmse 20.8658, val_r2 0.3940, val_pearson 0.6702, lr 1.00e-03 ---
2026-09-30 22:44:04,562 - INFO - 
****************************************************************************************************
2026-09-30 22:44:05,612 - INFO - --- training epoch 63, loss 14.6809, mae 15.1625, rmse 20.2075, time elapsed(min) 0.01---
2026-09-30 22:44:05,779 - INFO - --- validation at epoch 63, val_loss 16.1052, val_mae 15.6738, val_rmse 20.9614, val_r2 0.3884, val_pearson 0.6529, lr 1.00e-03 ---
2026-09-30 22:44:05,779 - INFO - 
****************************************************************************************************
2026-09-30 22:44:07,032 - INFO - --- training epoch 64, loss 14.2628, mae 14.7426, rmse 19.7498, time elapsed(min) 0.01---
2026-09-30 22:44:07,205 - INFO - --- validation at epoch 64, val_loss 15.3480, val_mae 15.0143, val_rmse 20.0596, val_r2 0.4399, val_pearson 0.6782, lr 1.00e-03 ---
2026-09-30 22:44:07,205 - INFO - 
****************************************************************************************************
2026-09-30 22:44:08,454 - INFO - --- training epoch 65, loss 14.0453, mae 14.5289, rmse 19.5285, time elapsed(min) 0.01---
2026-09-30 22:44:08,632 - INFO - --- validation at epoch 65, val_loss 15.0567, val_mae 14.8382, val_rmse 20.1675, val_r2 0.4339, val_pearson 0.6814, lr 1.00e-03 ---
2026-09-30 22:44:08,632 - INFO - 
****************************************************************************************************
2026-09-30 22:44:10,070 - INFO - --- training epoch 66, loss 14.1373, mae 14.6206, rmse 19.8108, time elapsed(min) 0.02---
2026-09-30 22:44:10,247 - INFO - --- validation at epoch 66, val_loss 15.5798, val_mae 15.1500, val_rmse 20.1004, val_r2 0.4377, val_pearson 0.6731, lr 1.00e-03 ---
2026-09-30 22:44:10,247 - INFO - 
****************************************************************************************************
2026-09-30 22:44:11,324 - INFO - --- training epoch 67, loss 13.9380, mae 14.4170, rmse 19.4157, time elapsed(min) 0.01---
2026-09-30 22:44:11,490 - INFO - --- validation at epoch 67, val_loss 14.1875, val_mae 14.2585, val_rmse 19.2687, val_r2 0.4832, val_pearson 0.7023, lr 3.00e-04 ---
2026-09-30 22:44:11,490 - INFO - 
****************************************************************************************************
2026-09-30 22:44:12,540 - INFO - --- training epoch 68, loss 13.7550, mae 14.2346, rmse 19.1942, time elapsed(min) 0.01---
2026-09-30 22:44:12,712 - INFO - --- validation at epoch 68, val_loss 14.0688, val_mae 14.2263, val_rmse 19.4469, val_r2 0.4736, val_pearson 0.7046, lr 3.00e-04 ---
2026-09-30 22:44:12,712 - INFO - 
****************************************************************************************************
2026-09-30 22:44:14,050 - INFO - --- training epoch 69, loss 13.6076, mae 14.0867, rmse 19.1772, time elapsed(min) 0.01---
2026-09-30 22:44:14,225 - INFO - --- validation at epoch 69, val_loss 14.1600, val_mae 14.1710, val_rmse 19.2866, val_r2 0.4823, val_pearson 0.7059, lr 3.00e-04 ---
2026-09-30 22:44:14,225 - INFO - 
****************************************************************************************************
2026-09-30 22:44:15,489 - INFO - --- training epoch 70, loss 13.6052, mae 14.0867, rmse 19.0694, time elapsed(min) 0.01---
2026-09-30 22:44:15,671 - INFO - --- validation at epoch 70, val_loss 13.9224, val_mae 14.1397, val_rmse 19.4407, val_r2 0.4740, val_pearson 0.7061, lr 3.00e-04 ---
2026-09-30 22:44:15,671 - INFO - 
****************************************************************************************************
2026-09-30 22:44:17,198 - INFO - --- training epoch 71, loss 13.5824, mae 14.0609, rmse 19.1569, time elapsed(min) 0.02---
2026-09-30 22:44:17,376 - INFO - --- validation at epoch 71, val_loss 14.0842, val_mae 14.1409, val_rmse 19.3950, val_r2 0.4764, val_pearson 0.7049, lr 3.00e-04 ---
2026-09-30 22:44:17,377 - INFO - 
****************************************************************************************************
2026-09-30 22:44:18,446 - INFO - --- training epoch 72, loss 13.4371, mae 13.9161, rmse 19.0305, time elapsed(min) 0.01---
2026-09-30 22:44:18,615 - INFO - --- validation at epoch 72, val_loss 14.0230, val_mae 14.0652, val_rmse 19.2366, val_r2 0.4849, val_pearson 0.7069, lr 3.00e-04 ---
2026-09-30 22:44:18,615 - INFO - 
****************************************************************************************************
2026-09-30 22:44:19,839 - INFO - --- training epoch 73, loss 13.5910, mae 14.0699, rmse 19.1030, time elapsed(min) 0.01---
2026-09-30 22:44:20,013 - INFO - --- validation at epoch 73, val_loss 14.1781, val_mae 14.1208, val_rmse 19.1689, val_r2 0.4886, val_pearson 0.7064, lr 3.00e-04 ---
2026-09-30 22:44:20,013 - INFO - 
****************************************************************************************************
2026-09-30 22:44:21,280 - INFO - --- training epoch 74, loss 13.5101, mae 13.9877, rmse 19.0691, time elapsed(min) 0.01---
2026-09-30 22:44:21,455 - INFO - --- validation at epoch 74, val_loss 13.9234, val_mae 13.9480, val_rmse 19.1142, val_r2 0.4915, val_pearson 0.7098, lr 3.00e-04 ---
2026-09-30 22:44:21,455 - INFO - 
****************************************************************************************************
2026-09-30 22:44:22,712 - INFO - --- training epoch 75, loss 13.6365, mae 14.1183, rmse 19.3186, time elapsed(min) 0.01---
2026-09-30 22:44:22,875 - INFO - --- validation at epoch 75, val_loss 14.2411, val_mae 14.2239, val_rmse 19.5334, val_r2 0.4689, val_pearson 0.7020, lr 3.00e-04 ---
2026-09-30 22:44:22,875 - INFO - 
****************************************************************************************************
2026-09-30 22:44:24,138 - INFO - --- training epoch 76, loss 13.5991, mae 14.0787, rmse 19.0898, time elapsed(min) 0.01---
2026-09-30 22:44:24,520 - INFO - --- validation at epoch 76, val_loss 13.8924, val_mae 14.2197, val_rmse 19.5156, val_r2 0.4699, val_pearson 0.7056, lr 3.00e-04 ---
2026-09-30 22:44:24,520 - INFO - 
****************************************************************************************************
2026-09-30 22:44:25,792 - INFO - --- training epoch 77, loss 13.4988, mae 13.9783, rmse 19.1117, time elapsed(min) 0.01---
2026-09-30 22:44:25,964 - INFO - --- validation at epoch 77, val_loss 13.9833, val_mae 14.0344, val_rmse 19.1856, val_r2 0.4877, val_pearson 0.7066, lr 3.00e-04 ---
2026-09-30 22:44:25,964 - INFO - 
****************************************************************************************************
2026-09-30 22:44:27,008 - INFO - --- training epoch 78, loss 13.5395, mae 14.0194, rmse 19.0797, time elapsed(min) 0.01---
2026-09-30 22:44:27,171 - INFO - --- validation at epoch 78, val_loss 14.1842, val_mae 14.1290, val_rmse 19.1775, val_r2 0.4881, val_pearson 0.7048, lr 3.00e-04 ---
2026-09-30 22:44:27,171 - INFO - 
****************************************************************************************************
2026-09-30 22:44:28,422 - INFO - --- training epoch 79, loss 13.3507, mae 13.8290, rmse 18.8854, time elapsed(min) 0.01---
2026-09-30 22:44:28,583 - INFO - --- validation at epoch 79, val_loss 13.9974, val_mae 13.9840, val_rmse 19.2339, val_r2 0.4851, val_pearson 0.7053, lr 3.00e-04 ---
2026-09-30 22:44:28,583 - INFO - 
****************************************************************************************************
2026-09-30 22:44:29,841 - INFO - --- training epoch 80, loss 13.5241, mae 14.0035, rmse 19.2140, time elapsed(min) 0.01---
2026-09-30 22:44:30,015 - INFO - --- validation at epoch 80, val_loss 14.3801, val_mae 14.2985, val_rmse 19.5155, val_r2 0.4699, val_pearson 0.6969, lr 3.00e-04 ---
2026-09-30 22:44:30,015 - INFO - 
****************************************************************************************************
2026-09-30 22:44:31,295 - INFO - --- training epoch 81, loss 13.5747, mae 14.0521, rmse 19.2541, time elapsed(min) 0.01---
2026-09-30 22:44:31,681 - INFO - --- validation at epoch 81, val_loss 13.7512, val_mae 13.8714, val_rmse 19.1416, val_r2 0.4900, val_pearson 0.7062, lr 3.00e-04 ---
2026-09-30 22:44:31,681 - INFO - 
****************************************************************************************************
2026-09-30 22:44:32,987 - INFO - --- training epoch 82, loss 13.4006, mae 13.8797, rmse 19.0380, time elapsed(min) 0.01---
2026-09-30 22:44:33,160 - INFO - --- validation at epoch 82, val_loss 14.0572, val_mae 14.1075, val_rmse 19.3225, val_r2 0.4803, val_pearson 0.7046, lr 3.00e-04 ---
2026-09-30 22:44:33,160 - INFO - 
****************************************************************************************************
2026-09-30 22:44:34,208 - INFO - --- training epoch 83, loss 13.3338, mae 13.8104, rmse 18.9468, time elapsed(min) 0.01---
2026-09-30 22:44:34,385 - INFO - --- validation at epoch 83, val_loss 14.1405, val_mae 14.1515, val_rmse 19.4767, val_r2 0.4720, val_pearson 0.7042, lr 3.00e-04 ---
2026-09-30 22:44:34,385 - INFO - 
****************************************************************************************************
2026-09-30 22:44:35,626 - INFO - --- training epoch 84, loss 13.3785, mae 13.8577, rmse 19.0386, time elapsed(min) 0.01---
2026-09-30 22:44:35,797 - INFO - --- validation at epoch 84, val_loss 14.0992, val_mae 14.1209, val_rmse 19.3595, val_r2 0.4783, val_pearson 0.7053, lr 3.00e-04 ---
2026-09-30 22:44:35,797 - INFO - 
****************************************************************************************************
2026-09-30 22:44:37,060 - INFO - --- training epoch 85, loss 13.4168, mae 13.8958, rmse 19.0039, time elapsed(min) 0.01---
2026-09-30 22:44:37,230 - INFO - --- validation at epoch 85, val_loss 14.1552, val_mae 14.1264, val_rmse 19.3042, val_r2 0.4813, val_pearson 0.7048, lr 3.00e-04 ---
2026-09-30 22:44:37,230 - INFO - 
****************************************************************************************************
2026-09-30 22:44:38,512 - INFO - --- training epoch 86, loss 13.3923, mae 13.8703, rmse 19.0261, time elapsed(min) 0.01---
2026-09-30 22:44:38,897 - INFO - --- validation at epoch 86, val_loss 14.2536, val_mae 14.2432, val_rmse 19.4969, val_r2 0.4709, val_pearson 0.7005, lr 3.00e-04 ---
2026-09-30 22:44:38,897 - INFO - 
****************************************************************************************************
2026-09-30 22:44:40,115 - INFO - --- training epoch 87, loss 13.3646, mae 13.8424, rmse 19.1355, time elapsed(min) 0.01---
2026-09-30 22:44:40,290 - INFO - --- validation at epoch 87, val_loss 14.1551, val_mae 14.1544, val_rmse 19.4946, val_r2 0.4710, val_pearson 0.7017, lr 3.00e-04 ---
2026-09-30 22:44:40,290 - INFO - 
****************************************************************************************************
2026-09-30 22:44:41,553 - INFO - --- training epoch 88, loss 13.4200, mae 13.8993, rmse 19.0756, time elapsed(min) 0.01---
2026-09-30 22:44:41,725 - INFO - --- validation at epoch 88, val_loss 14.1905, val_mae 14.1089, val_rmse 19.3878, val_r2 0.4768, val_pearson 0.7018, lr 3.00e-04 ---
2026-09-30 22:44:41,725 - INFO - 
****************************************************************************************************
2026-09-30 22:44:43,008 - INFO - --- training epoch 89, loss 13.3425, mae 13.8210, rmse 18.9257, time elapsed(min) 0.01---
2026-09-30 22:44:43,178 - INFO - --- validation at epoch 89, val_loss 14.0484, val_mae 14.0157, val_rmse 19.1296, val_r2 0.4907, val_pearson 0.7068, lr 3.00e-04 ---
2026-09-30 22:44:43,179 - INFO - 
****************************************************************************************************
2026-09-30 22:44:44,571 - INFO - --- training epoch 90, loss 13.2700, mae 13.7490, rmse 18.8330, time elapsed(min) 0.02---
2026-09-30 22:44:44,741 - INFO - --- validation at epoch 90, val_loss 14.2457, val_mae 14.1627, val_rmse 19.4446, val_r2 0.4738, val_pearson 0.7021, lr 3.00e-04 ---
2026-09-30 22:44:44,741 - INFO - 
****************************************************************************************************
2026-09-30 22:44:46,008 - INFO - --- training epoch 91, loss 13.1908, mae 13.6719, rmse 18.7448, time elapsed(min) 0.01---
2026-09-30 22:44:46,184 - INFO - --- validation at epoch 91, val_loss 14.2748, val_mae 14.0869, val_rmse 19.2888, val_r2 0.4821, val_pearson 0.7025, lr 3.00e-04 ---
2026-09-30 22:44:46,185 - INFO - 
****************************************************************************************************
2026-09-30 22:44:47,380 - INFO - --- training epoch 92, loss 13.2191, mae 13.6969, rmse 18.8058, time elapsed(min) 0.01---
2026-09-30 22:44:47,547 - INFO - --- validation at epoch 92, val_loss 14.0412, val_mae 13.9686, val_rmse 19.1597, val_r2 0.4891, val_pearson 0.7072, lr 3.00e-04 ---
2026-09-30 22:44:47,547 - INFO - 
****************************************************************************************************
2026-09-30 22:44:48,583 - INFO - --- training epoch 93, loss 13.2052, mae 13.6822, rmse 18.7969, time elapsed(min) 0.01---
2026-09-30 22:44:48,753 - INFO - --- validation at epoch 93, val_loss 13.9460, val_mae 14.0235, val_rmse 19.3987, val_r2 0.4762, val_pearson 0.7066, lr 9.00e-05 ---
2026-09-30 22:44:48,753 - INFO - 
****************************************************************************************************
2026-09-30 22:44:49,797 - INFO - --- training epoch 94, loss 13.1062, mae 13.5851, rmse 18.8586, time elapsed(min) 0.01---
2026-09-30 22:44:49,976 - INFO - --- validation at epoch 94, val_loss 13.9641, val_mae 13.9717, val_rmse 19.2361, val_r2 0.4850, val_pearson 0.7095, lr 9.00e-05 ---
2026-09-30 22:44:49,976 - INFO - 
****************************************************************************************************
2026-09-30 22:44:51,358 - INFO - --- training epoch 95, loss 12.9643, mae 13.4440, rmse 18.6852, time elapsed(min) 0.02---
2026-09-30 22:44:51,534 - INFO - --- validation at epoch 95, val_loss 13.7526, val_mae 13.9551, val_rmse 19.2259, val_r2 0.4855, val_pearson 0.7133, lr 9.00e-05 ---
2026-09-30 22:44:51,534 - INFO - 
****************************************************************************************************
2026-09-30 22:44:52,789 - INFO - --- training epoch 96, loss 13.0443, mae 13.5245, rmse 18.7449, time elapsed(min) 0.01---
2026-09-30 22:44:52,958 - INFO - --- validation at epoch 96, val_loss 13.7849, val_mae 13.7648, val_rmse 18.8814, val_r2 0.5038, val_pearson 0.7158, lr 9.00e-05 ---
2026-09-30 22:44:52,958 - INFO - 
****************************************************************************************************
2026-09-30 22:44:54,212 - INFO - --- training epoch 97, loss 12.9399, mae 13.4185, rmse 18.7076, time elapsed(min) 0.01---
2026-09-30 22:44:54,551 - INFO - --- validation at epoch 97, val_loss 13.6927, val_mae 13.7560, val_rmse 18.9401, val_r2 0.5007, val_pearson 0.7159, lr 9.00e-05 ---
2026-09-30 22:44:54,551 - INFO - 
****************************************************************************************************
2026-09-30 22:44:55,841 - INFO - --- training epoch 98, loss 12.8801, mae 13.3586, rmse 18.6825, time elapsed(min) 0.01---
2026-09-30 22:44:56,016 - INFO - --- validation at epoch 98, val_loss 13.6508, val_mae 13.9147, val_rmse 19.2413, val_r2 0.4847, val_pearson 0.7149, lr 9.00e-05 ---
2026-09-30 22:44:56,016 - INFO - 
****************************************************************************************************
2026-09-30 22:44:57,158 - INFO - --- training epoch 99, loss 13.0128, mae 13.4894, rmse 18.8224, time elapsed(min) 0.01---
2026-09-30 22:44:57,330 - INFO - --- validation at epoch 99, val_loss 13.6570, val_mae 13.8194, val_rmse 19.1400, val_r2 0.4901, val_pearson 0.7143, lr 9.00e-05 ---
2026-09-30 22:44:57,330 - INFO - 
****************************************************************************************************
2026-09-30 22:44:58,399 - INFO - --- training epoch 100, loss 13.0073, mae 13.4851, rmse 18.7516, time elapsed(min) 0.01---
2026-09-30 22:44:58,577 - INFO - --- validation at epoch 100, val_loss 13.8010, val_mae 13.7930, val_rmse 19.0884, val_r2 0.4929, val_pearson 0.7131, lr 9.00e-05 ---
2026-09-30 22:44:58,578 - INFO - 
****************************************************************************************************
2026-09-30 22:44:59,951 - INFO - --- training epoch 101, loss 12.8989, mae 13.3763, rmse 18.6550, time elapsed(min) 0.02---
2026-09-30 22:45:00,118 - INFO - --- validation at epoch 101, val_loss 13.9237, val_mae 13.9465, val_rmse 19.3821, val_r2 0.4771, val_pearson 0.7127, lr 9.00e-05 ---
2026-09-30 22:45:00,118 - INFO - 
****************************************************************************************************
2026-09-30 22:45:01,369 - INFO - --- training epoch 102, loss 12.8452, mae 13.3230, rmse 18.5856, time elapsed(min) 0.01---
2026-09-30 22:45:01,535 - INFO - --- validation at epoch 102, val_loss 13.6924, val_mae 13.6898, val_rmse 19.0341, val_r2 0.4957, val_pearson 0.7146, lr 9.00e-05 ---
2026-09-30 22:45:01,535 - INFO - 
****************************************************************************************************
2026-09-30 22:45:02,737 - INFO - --- training epoch 103, loss 12.8555, mae 13.3342, rmse 18.5142, time elapsed(min) 0.01---
2026-09-30 22:45:02,901 - INFO - --- validation at epoch 103, val_loss 13.7996, val_mae 13.8085, val_rmse 19.1272, val_r2 0.4908, val_pearson 0.7154, lr 9.00e-05 ---
2026-09-30 22:45:02,901 - INFO - 
****************************************************************************************************
2026-09-30 22:45:03,946 - INFO - --- training epoch 104, loss 12.9485, mae 13.4282, rmse 18.7373, time elapsed(min) 0.01---
2026-09-30 22:45:04,127 - INFO - --- validation at epoch 104, val_loss 13.8522, val_mae 13.8612, val_rmse 19.1549, val_r2 0.4893, val_pearson 0.7168, lr 9.00e-05 ---
2026-09-30 22:45:04,127 - INFO - 
****************************************************************************************************
2026-09-30 22:45:05,172 - INFO - --- training epoch 105, loss 12.9476, mae 13.4262, rmse 18.6957, time elapsed(min) 0.01---
2026-09-30 22:45:05,335 - INFO - --- validation at epoch 105, val_loss 13.6936, val_mae 13.8004, val_rmse 19.1849, val_r2 0.4877, val_pearson 0.7179, lr 9.00e-05 ---
2026-09-30 22:45:05,335 - INFO - 
****************************************************************************************************
2026-09-30 22:45:06,565 - INFO - --- training epoch 106, loss 12.9461, mae 13.4232, rmse 18.6821, time elapsed(min) 0.01---
2026-09-30 22:45:06,732 - INFO - --- validation at epoch 106, val_loss 13.7716, val_mae 13.7231, val_rmse 19.0315, val_r2 0.4959, val_pearson 0.7175, lr 9.00e-05 ---
2026-09-30 22:45:06,732 - INFO - 
****************************************************************************************************
2026-09-30 22:45:08,089 - INFO - --- training epoch 107, loss 12.8307, mae 13.3103, rmse 18.5003, time elapsed(min) 0.02---
2026-09-30 22:45:08,260 - INFO - --- validation at epoch 107, val_loss 13.5864, val_mae 13.6290, val_rmse 18.8688, val_r2 0.5045, val_pearson 0.7191, lr 9.00e-05 ---
2026-09-30 22:45:08,260 - INFO - 
****************************************************************************************************
2026-09-30 22:45:09,635 - INFO - --- training epoch 108, loss 12.7706, mae 13.2491, rmse 18.5175, time elapsed(min) 0.02---
2026-09-30 22:45:10,056 - INFO - --- validation at epoch 108, val_loss 13.5710, val_mae 13.7162, val_rmse 19.0524, val_r2 0.4948, val_pearson 0.7205, lr 9.00e-05 ---
2026-09-30 22:45:10,057 - INFO - 
****************************************************************************************************
2026-09-30 22:45:11,356 - INFO - --- training epoch 109, loss 12.8625, mae 13.3425, rmse 18.6016, time elapsed(min) 0.01---
2026-09-30 22:45:11,522 - INFO - --- validation at epoch 109, val_loss 13.5578, val_mae 13.6798, val_rmse 19.0552, val_r2 0.4946, val_pearson 0.7209, lr 9.00e-05 ---
2026-09-30 22:45:11,522 - INFO - 
****************************************************************************************************
2026-09-30 22:45:12,668 - INFO - --- training epoch 110, loss 12.7228, mae 13.2011, rmse 18.4255, time elapsed(min) 0.01---
2026-09-30 22:45:12,846 - INFO - --- validation at epoch 110, val_loss 13.4561, val_mae 13.5601, val_rmse 18.8613, val_r2 0.5048, val_pearson 0.7223, lr 9.00e-05 ---
2026-09-30 22:45:12,846 - INFO - 
****************************************************************************************************
2026-09-30 22:45:14,183 - INFO - --- training epoch 111, loss 12.6822, mae 13.1613, rmse 18.3775, time elapsed(min) 0.01---
2026-09-30 22:45:14,353 - INFO - --- validation at epoch 111, val_loss 13.2883, val_mae 13.5247, val_rmse 18.9349, val_r2 0.5010, val_pearson 0.7240, lr 9.00e-05 ---
2026-09-30 22:45:14,353 - INFO - 
****************************************************************************************************
2026-09-30 22:45:15,676 - INFO - --- training epoch 112, loss 12.6860, mae 13.1666, rmse 18.4167, time elapsed(min) 0.01---
2026-09-30 22:45:15,841 - INFO - --- validation at epoch 112, val_loss 13.3207, val_mae 13.5128, val_rmse 18.9078, val_r2 0.5024, val_pearson 0.7247, lr 9.00e-05 ---
2026-09-30 22:45:15,842 - INFO - 
****************************************************************************************************
2026-09-30 22:45:17,098 - INFO - --- training epoch 113, loss 12.6655, mae 13.1470, rmse 18.3738, time elapsed(min) 0.01---
2026-09-30 22:45:17,265 - INFO - --- validation at epoch 113, val_loss 13.5266, val_mae 13.5868, val_rmse 18.9590, val_r2 0.4997, val_pearson 0.7231, lr 9.00e-05 ---
2026-09-30 22:45:17,265 - INFO - 
****************************************************************************************************
2026-09-30 22:45:18,748 - INFO - --- training epoch 114, loss 12.6601, mae 13.1402, rmse 18.3183, time elapsed(min) 0.02---
2026-09-30 22:45:18,922 - INFO - --- validation at epoch 114, val_loss 13.3761, val_mae 13.4506, val_rmse 18.7820, val_r2 0.5090, val_pearson 0.7280, lr 9.00e-05 ---
2026-09-30 22:45:18,923 - INFO - 
****************************************************************************************************
2026-09-30 22:45:19,967 - INFO - --- training epoch 115, loss 12.5371, mae 13.0144, rmse 18.2621, time elapsed(min) 0.01---
2026-09-30 22:45:20,133 - INFO - --- validation at epoch 115, val_loss 13.0711, val_mae 13.3944, val_rmse 18.8221, val_r2 0.5069, val_pearson 0.7287, lr 9.00e-05 ---
2026-09-30 22:45:20,133 - INFO - 
****************************************************************************************************
2026-09-30 22:45:21,251 - INFO - --- training epoch 116, loss 12.7227, mae 13.2011, rmse 18.5406, time elapsed(min) 0.01---
2026-09-30 22:45:21,418 - INFO - --- validation at epoch 116, val_loss 13.1666, val_mae 13.2962, val_rmse 18.7003, val_r2 0.5133, val_pearson 0.7299, lr 9.00e-05 ---
2026-09-30 22:45:21,418 - INFO - 
****************************************************************************************************
2026-09-30 22:45:22,676 - INFO - --- training epoch 117, loss 12.5552, mae 13.0372, rmse 18.1707, time elapsed(min) 0.01---
2026-09-30 22:45:22,847 - INFO - --- validation at epoch 117, val_loss 13.0394, val_mae 13.3216, val_rmse 18.6815, val_r2 0.5142, val_pearson 0.7298, lr 9.00e-05 ---
2026-09-30 22:45:22,847 - INFO - 
****************************************************************************************************
2026-09-30 22:45:24,202 - INFO - --- training epoch 118, loss 12.6299, mae 13.1094, rmse 18.4126, time elapsed(min) 0.01---
2026-09-30 22:45:24,373 - INFO - --- validation at epoch 118, val_loss 13.1399, val_mae 13.5041, val_rmse 19.0078, val_r2 0.4971, val_pearson 0.7303, lr 9.00e-05 ---
2026-09-30 22:45:24,373 - INFO - 
****************************************************************************************************
2026-09-30 22:45:25,805 - INFO - --- training epoch 119, loss 12.6845, mae 13.1634, rmse 18.4395, time elapsed(min) 0.02---
2026-09-30 22:45:25,978 - INFO - --- validation at epoch 119, val_loss 12.9721, val_mae 13.3623, val_rmse 18.8145, val_r2 0.5073, val_pearson 0.7322, lr 9.00e-05 ---
2026-09-30 22:45:25,978 - INFO - 
****************************************************************************************************
2026-09-30 22:45:27,129 - INFO - --- training epoch 120, loss 12.6979, mae 13.1765, rmse 18.3899, time elapsed(min) 0.01---
2026-09-30 22:45:27,305 - INFO - --- validation at epoch 120, val_loss 13.0271, val_mae 13.2816, val_rmse 18.5790, val_r2 0.5196, val_pearson 0.7319, lr 9.00e-05 ---
2026-09-30 22:45:27,305 - INFO - 
****************************************************************************************************
2026-09-30 22:45:28,373 - INFO - --- training epoch 121, loss 12.4828, mae 12.9644, rmse 18.1129, time elapsed(min) 0.01---
2026-09-30 22:45:28,532 - INFO - --- validation at epoch 121, val_loss 13.0883, val_mae 13.3534, val_rmse 18.7860, val_r2 0.5088, val_pearson 0.7315, lr 9.00e-05 ---
2026-09-30 22:45:28,532 - INFO - 
****************************************************************************************************
2026-09-30 22:45:29,792 - INFO - --- training epoch 122, loss 12.5327, mae 13.0117, rmse 18.2460, time elapsed(min) 0.01---
2026-09-30 22:45:29,963 - INFO - --- validation at epoch 122, val_loss 12.8209, val_mae 13.0973, val_rmse 18.4243, val_r2 0.5275, val_pearson 0.7383, lr 9.00e-05 ---
2026-09-30 22:45:29,963 - INFO - 
****************************************************************************************************
2026-09-30 22:45:31,451 - INFO - --- training epoch 123, loss 12.4012, mae 12.8825, rmse 18.0879, time elapsed(min) 0.02---
2026-09-30 22:45:31,620 - INFO - --- validation at epoch 123, val_loss 12.9130, val_mae 13.0255, val_rmse 18.2838, val_r2 0.5347, val_pearson 0.7380, lr 9.00e-05 ---
2026-09-30 22:45:31,620 - INFO - 
****************************************************************************************************
2026-09-30 22:45:32,866 - INFO - --- training epoch 124, loss 12.4495, mae 12.9277, rmse 18.0162, time elapsed(min) 0.01---
2026-09-30 22:45:33,245 - INFO - --- validation at epoch 124, val_loss 12.7474, val_mae 13.0009, val_rmse 18.3368, val_r2 0.5320, val_pearson 0.7405, lr 9.00e-05 ---
2026-09-30 22:45:33,245 - INFO - 
****************************************************************************************************
2026-09-30 22:45:34,542 - INFO - --- training epoch 125, loss 12.2980, mae 12.7778, rmse 17.9100, time elapsed(min) 0.01---
2026-09-30 22:45:34,705 - INFO - --- validation at epoch 125, val_loss 13.3865, val_mae 13.5589, val_rmse 19.0674, val_r2 0.4940, val_pearson 0.7278, lr 9.00e-05 ---
2026-09-30 22:45:34,705 - INFO - 
****************************************************************************************************
2026-09-30 22:45:35,773 - INFO - --- training epoch 126, loss 12.2953, mae 12.7759, rmse 17.9343, time elapsed(min) 0.01---
2026-09-30 22:45:35,944 - INFO - --- validation at epoch 126, val_loss 12.5638, val_mae 12.9409, val_rmse 18.3849, val_r2 0.5295, val_pearson 0.7407, lr 9.00e-05 ---
2026-09-30 22:45:35,945 - INFO - 
****************************************************************************************************
2026-09-30 22:45:37,267 - INFO - --- training epoch 127, loss 12.4092, mae 12.8896, rmse 18.1217, time elapsed(min) 0.01---
2026-09-30 22:45:37,439 - INFO - --- validation at epoch 127, val_loss 12.7961, val_mae 12.7902, val_rmse 18.1032, val_r2 0.5439, val_pearson 0.7437, lr 9.00e-05 ---
2026-09-30 22:45:37,439 - INFO - 
****************************************************************************************************
2026-09-30 22:45:38,694 - INFO - --- training epoch 128, loss 12.2996, mae 12.7797, rmse 18.0639, time elapsed(min) 0.01---
2026-09-30 22:45:38,861 - INFO - --- validation at epoch 128, val_loss 12.7219, val_mae 13.0553, val_rmse 18.5432, val_r2 0.5214, val_pearson 0.7371, lr 9.00e-05 ---
2026-09-30 22:45:38,861 - INFO - 
****************************************************************************************************
2026-09-30 22:45:40,130 - INFO - --- training epoch 129, loss 12.2541, mae 12.7313, rmse 17.9248, time elapsed(min) 0.01---
2026-09-30 22:45:40,300 - INFO - --- validation at epoch 129, val_loss 12.6064, val_mae 12.9111, val_rmse 18.3068, val_r2 0.5335, val_pearson 0.7431, lr 9.00e-05 ---
2026-09-30 22:45:40,300 - INFO - 
****************************************************************************************************
2026-09-30 22:45:41,534 - INFO - --- training epoch 130, loss 12.1891, mae 12.6689, rmse 17.9380, time elapsed(min) 0.01---
2026-09-30 22:45:41,705 - INFO - --- validation at epoch 130, val_loss 12.8078, val_mae 13.0846, val_rmse 18.4705, val_r2 0.5252, val_pearson 0.7379, lr 9.00e-05 ---
2026-09-30 22:45:41,705 - INFO - 
****************************************************************************************************
2026-09-30 22:45:42,798 - INFO - --- training epoch 131, loss 12.2606, mae 12.7412, rmse 18.0080, time elapsed(min) 0.01---
2026-09-30 22:45:42,965 - INFO - --- validation at epoch 131, val_loss 12.4200, val_mae 12.9478, val_rmse 18.3888, val_r2 0.5293, val_pearson 0.7441, lr 9.00e-05 ---
2026-09-30 22:45:42,965 - INFO - 
****************************************************************************************************
2026-09-30 22:45:44,110 - INFO - --- training epoch 132, loss 12.1209, mae 12.5996, rmse 17.7395, time elapsed(min) 0.01---
2026-09-30 22:45:44,266 - INFO - --- validation at epoch 132, val_loss 12.4108, val_mae 12.9339, val_rmse 18.3918, val_r2 0.5292, val_pearson 0.7441, lr 9.00e-05 ---
2026-09-30 22:45:44,266 - INFO - 
****************************************************************************************************
2026-09-30 22:45:45,655 - INFO - --- training epoch 133, loss 12.2630, mae 12.7440, rmse 17.8192, time elapsed(min) 0.02---
2026-09-30 22:45:45,822 - INFO - --- validation at epoch 133, val_loss 12.5460, val_mae 12.7976, val_rmse 18.0938, val_r2 0.5443, val_pearson 0.7514, lr 9.00e-05 ---
2026-09-30 22:45:45,822 - INFO - 
****************************************************************************************************
2026-09-30 22:45:47,095 - INFO - --- training epoch 134, loss 12.1181, mae 12.6021, rmse 17.7083, time elapsed(min) 0.01---
2026-09-30 22:45:47,273 - INFO - --- validation at epoch 134, val_loss 12.5563, val_mae 12.9699, val_rmse 18.3630, val_r2 0.5307, val_pearson 0.7458, lr 9.00e-05 ---
2026-09-30 22:45:47,273 - INFO - 
****************************************************************************************************
2026-09-30 22:45:48,732 - INFO - --- training epoch 135, loss 12.0904, mae 12.5703, rmse 17.7512, time elapsed(min) 0.02---
2026-09-30 22:45:48,911 - INFO - --- validation at epoch 135, val_loss 12.4045, val_mae 12.9471, val_rmse 18.3970, val_r2 0.5289, val_pearson 0.7507, lr 9.00e-05 ---
2026-09-30 22:45:48,912 - INFO - 
****************************************************************************************************
2026-09-30 22:45:50,067 - INFO - --- training epoch 136, loss 12.3069, mae 12.7879, rmse 18.0389, time elapsed(min) 0.01---
2026-09-30 22:45:50,238 - INFO - --- validation at epoch 136, val_loss 12.3926, val_mae 12.7871, val_rmse 18.1922, val_r2 0.5394, val_pearson 0.7478, lr 9.00e-05 ---
2026-09-30 22:45:50,238 - INFO - 
****************************************************************************************************
2026-09-30 22:45:51,609 - INFO - --- training epoch 137, loss 12.0671, mae 12.5489, rmse 17.7312, time elapsed(min) 0.01---
2026-09-30 22:45:51,797 - INFO - --- validation at epoch 137, val_loss 12.2764, val_mae 12.6083, val_rmse 17.9111, val_r2 0.5535, val_pearson 0.7507, lr 9.00e-05 ---
2026-09-30 22:45:51,797 - INFO - 
****************************************************************************************************
2026-09-30 22:45:53,143 - INFO - --- training epoch 138, loss 12.0469, mae 12.5281, rmse 17.7348, time elapsed(min) 0.01---
2026-09-30 22:45:53,321 - INFO - --- validation at epoch 138, val_loss 12.2378, val_mae 12.7844, val_rmse 18.2140, val_r2 0.5383, val_pearson 0.7493, lr 9.00e-05 ---
2026-09-30 22:45:53,321 - INFO - 
****************************************************************************************************
2026-09-30 22:45:54,664 - INFO - --- training epoch 139, loss 12.0113, mae 12.4906, rmse 17.5994, time elapsed(min) 0.01---
2026-09-30 22:45:54,840 - INFO - --- validation at epoch 139, val_loss 12.3158, val_mae 12.6183, val_rmse 17.9918, val_r2 0.5494, val_pearson 0.7537, lr 9.00e-05 ---
2026-09-30 22:45:54,840 - INFO - 
****************************************************************************************************
2026-09-30 22:45:56,104 - INFO - --- training epoch 140, loss 11.9031, mae 12.3842, rmse 17.4137, time elapsed(min) 0.01---
2026-09-30 22:45:56,501 - INFO - --- validation at epoch 140, val_loss 12.1261, val_mae 12.5703, val_rmse 18.0180, val_r2 0.5481, val_pearson 0.7505, lr 9.00e-05 ---
2026-09-30 22:45:56,501 - INFO - 
****************************************************************************************************
2026-09-30 22:45:57,801 - INFO - --- training epoch 141, loss 12.1104, mae 12.5906, rmse 17.7125, time elapsed(min) 0.01---
2026-09-30 22:45:57,974 - INFO - --- validation at epoch 141, val_loss 12.0766, val_mae 12.6217, val_rmse 18.1598, val_r2 0.5410, val_pearson 0.7509, lr 9.00e-05 ---
2026-09-30 22:45:57,974 - INFO - 
****************************************************************************************************
2026-09-30 22:45:59,106 - INFO - --- training epoch 142, loss 11.9271, mae 12.4060, rmse 17.3639, time elapsed(min) 0.01---
2026-09-30 22:45:59,277 - INFO - --- validation at epoch 142, val_loss 12.0453, val_mae 12.5791, val_rmse 18.2068, val_r2 0.5386, val_pearson 0.7523, lr 9.00e-05 ---
2026-09-30 22:45:59,277 - INFO - 
****************************************************************************************************
2026-09-30 22:46:00,617 - INFO - --- training epoch 143, loss 12.0618, mae 12.5438, rmse 17.8010, time elapsed(min) 0.01---
2026-09-30 22:46:00,792 - INFO - --- validation at epoch 143, val_loss 11.9643, val_mae 12.6081, val_rmse 18.2595, val_r2 0.5359, val_pearson 0.7533, lr 9.00e-05 ---
2026-09-30 22:46:00,792 - INFO - 
****************************************************************************************************
2026-09-30 22:46:02,142 - INFO - --- training epoch 144, loss 11.8701, mae 12.3499, rmse 17.3878, time elapsed(min) 0.01---
2026-09-30 22:46:02,308 - INFO - --- validation at epoch 144, val_loss 11.9430, val_mae 12.6214, val_rmse 18.1514, val_r2 0.5414, val_pearson 0.7546, lr 9.00e-05 ---
2026-09-30 22:46:02,308 - INFO - 
****************************************************************************************************
2026-09-30 22:46:03,843 - INFO - --- training epoch 145, loss 11.8878, mae 12.3687, rmse 17.5773, time elapsed(min) 0.02---
2026-09-30 22:46:04,015 - INFO - --- validation at epoch 145, val_loss 12.2483, val_mae 12.5254, val_rmse 17.8202, val_r2 0.5580, val_pearson 0.7623, lr 9.00e-05 ---
2026-09-30 22:46:04,015 - INFO - 
****************************************************************************************************
2026-09-30 22:46:05,063 - INFO - --- training epoch 146, loss 11.9929, mae 12.4755, rmse 17.4989, time elapsed(min) 0.01---
2026-09-30 22:46:05,244 - INFO - --- validation at epoch 146, val_loss 12.0159, val_mae 12.4843, val_rmse 17.8194, val_r2 0.5580, val_pearson 0.7643, lr 9.00e-05 ---
2026-09-30 22:46:05,244 - INFO - 
****************************************************************************************************
2026-09-30 22:46:06,301 - INFO - --- training epoch 147, loss 11.8444, mae 12.3247, rmse 17.3285, time elapsed(min) 0.01---
2026-09-30 22:46:06,476 - INFO - --- validation at epoch 147, val_loss 12.2721, val_mae 12.6844, val_rmse 18.1879, val_r2 0.5396, val_pearson 0.7523, lr 9.00e-05 ---
2026-09-30 22:46:06,476 - INFO - 
****************************************************************************************************
2026-09-30 22:46:07,737 - INFO - --- training epoch 148, loss 11.9373, mae 12.4172, rmse 17.5280, time elapsed(min) 0.01---
2026-09-30 22:46:07,910 - INFO - --- validation at epoch 148, val_loss 12.0629, val_mae 12.4471, val_rmse 17.7443, val_r2 0.5618, val_pearson 0.7631, lr 9.00e-05 ---
2026-09-30 22:46:07,910 - INFO - 
****************************************************************************************************
2026-09-30 22:46:09,284 - INFO - --- training epoch 149, loss 11.7713, mae 12.2504, rmse 17.3213, time elapsed(min) 0.02---
2026-09-30 22:46:09,452 - INFO - --- validation at epoch 149, val_loss 12.1747, val_mae 12.2985, val_rmse 17.5440, val_r2 0.5716, val_pearson 0.7660, lr 9.00e-05 ---
2026-09-30 22:46:09,452 - INFO - 
****************************************************************************************************
2026-09-30 22:46:10,774 - INFO - --- training epoch 150, loss 11.8932, mae 12.3726, rmse 17.5407, time elapsed(min) 0.02---
2026-09-30 22:46:11,310 - INFO - --- validation at epoch 150, val_loss 11.9035, val_mae 12.2622, val_rmse 17.5418, val_r2 0.5717, val_pearson 0.7650, lr 9.00e-05 ---
2026-09-30 22:46:11,310 - INFO - 
****************************************************************************************************
2026-09-30 22:46:12,447 - INFO - --- training epoch 151, loss 11.8757, mae 12.3558, rmse 17.4602, time elapsed(min) 0.01---
2026-09-30 22:46:12,622 - INFO - --- validation at epoch 151, val_loss 11.5875, val_mae 12.0819, val_rmse 17.2286, val_r2 0.5869, val_pearson 0.7786, lr 9.00e-05 ---
2026-09-30 22:46:12,622 - INFO - 
****************************************************************************************************
2026-09-30 22:46:13,757 - INFO - --- training epoch 152, loss 11.6055, mae 12.0877, rmse 17.2003, time elapsed(min) 0.01---
2026-09-30 22:46:13,926 - INFO - --- validation at epoch 152, val_loss 11.8864, val_mae 12.3041, val_rmse 17.6447, val_r2 0.5667, val_pearson 0.7696, lr 9.00e-05 ---
2026-09-30 22:46:13,926 - INFO - 
****************************************************************************************************
2026-09-30 22:46:15,300 - INFO - --- training epoch 153, loss 11.7177, mae 12.1981, rmse 17.3662, time elapsed(min) 0.02---
2026-09-30 22:46:15,471 - INFO - --- validation at epoch 153, val_loss 11.7805, val_mae 12.0808, val_rmse 17.2670, val_r2 0.5850, val_pearson 0.7748, lr 9.00e-05 ---
2026-09-30 22:46:15,471 - INFO - 
****************************************************************************************************
2026-09-30 22:46:16,739 - INFO - --- training epoch 154, loss 11.5128, mae 11.9934, rmse 16.9928, time elapsed(min) 0.01---
2026-09-30 22:46:16,906 - INFO - --- validation at epoch 154, val_loss 11.7427, val_mae 12.1018, val_rmse 17.2281, val_r2 0.5869, val_pearson 0.7710, lr 9.00e-05 ---
2026-09-30 22:46:16,906 - INFO - 
****************************************************************************************************
2026-09-30 22:46:18,180 - INFO - --- training epoch 155, loss 11.7409, mae 12.2219, rmse 17.3467, time elapsed(min) 0.01---
2026-09-30 22:46:18,555 - INFO - --- validation at epoch 155, val_loss 12.3853, val_mae 12.5496, val_rmse 17.9902, val_r2 0.5495, val_pearson 0.7528, lr 9.00e-05 ---
2026-09-30 22:46:18,555 - INFO - 
****************************************************************************************************
2026-09-30 22:46:19,763 - INFO - --- training epoch 156, loss 11.6361, mae 12.1136, rmse 17.2562, time elapsed(min) 0.01---
2026-09-30 22:46:19,940 - INFO - --- validation at epoch 156, val_loss 11.9192, val_mae 12.3576, val_rmse 17.7352, val_r2 0.5622, val_pearson 0.7598, lr 9.00e-05 ---
2026-09-30 22:46:19,940 - INFO - 
****************************************************************************************************
2026-09-30 22:46:20,976 - INFO - --- training epoch 157, loss 11.6765, mae 12.1567, rmse 17.2480, time elapsed(min) 0.01---
2026-09-30 22:46:21,150 - INFO - --- validation at epoch 157, val_loss 12.0735, val_mae 12.2587, val_rmse 17.5144, val_r2 0.5730, val_pearson 0.7622, lr 9.00e-05 ---
2026-09-30 22:46:21,150 - INFO - 
****************************************************************************************************
2026-09-30 22:46:22,406 - INFO - --- training epoch 158, loss 11.6836, mae 12.1632, rmse 17.3139, time elapsed(min) 0.01---
2026-09-30 22:46:22,572 - INFO - --- validation at epoch 158, val_loss 11.5015, val_mae 11.9093, val_rmse 17.2570, val_r2 0.5855, val_pearson 0.7711, lr 9.00e-05 ---
2026-09-30 22:46:22,572 - INFO - 
****************************************************************************************************
2026-09-30 22:46:23,916 - INFO - --- training epoch 159, loss 11.5623, mae 12.0435, rmse 17.1578, time elapsed(min) 0.01---
2026-09-30 22:46:24,089 - INFO - --- validation at epoch 159, val_loss 11.8607, val_mae 12.0683, val_rmse 17.2169, val_r2 0.5874, val_pearson 0.7747, lr 9.00e-05 ---
2026-09-30 22:46:24,089 - INFO - 
****************************************************************************************************
2026-09-30 22:46:25,354 - INFO - --- training epoch 160, loss 11.5421, mae 12.0201, rmse 17.0605, time elapsed(min) 0.01---
2026-09-30 22:46:25,534 - INFO - --- validation at epoch 160, val_loss 11.4294, val_mae 12.2066, val_rmse 17.4614, val_r2 0.5756, val_pearson 0.7745, lr 9.00e-05 ---
2026-09-30 22:46:25,534 - INFO - 
****************************************************************************************************
2026-09-30 22:46:26,829 - INFO - --- training epoch 161, loss 11.3224, mae 11.8027, rmse 16.7474, time elapsed(min) 0.01---
2026-09-30 22:46:27,001 - INFO - --- validation at epoch 161, val_loss 11.2391, val_mae 11.9235, val_rmse 17.0912, val_r2 0.5934, val_pearson 0.7814, lr 9.00e-05 ---
2026-09-30 22:46:27,001 - INFO - 
****************************************************************************************************
2026-09-30 22:46:28,139 - INFO - --- training epoch 162, loss 11.5476, mae 12.0260, rmse 17.0497, time elapsed(min) 0.01---
2026-09-30 22:46:28,307 - INFO - --- validation at epoch 162, val_loss 11.2329, val_mae 11.8335, val_rmse 16.6957, val_r2 0.6120, val_pearson 0.7918, lr 9.00e-05 ---
2026-09-30 22:46:28,307 - INFO - 
****************************************************************************************************
2026-09-30 22:46:29,624 - INFO - --- training epoch 163, loss 11.1573, mae 11.6369, rmse 16.6791, time elapsed(min) 0.01---
2026-09-30 22:46:29,782 - INFO - --- validation at epoch 163, val_loss 11.0827, val_mae 11.6742, val_rmse 16.7013, val_r2 0.6118, val_pearson 0.7875, lr 9.00e-05 ---
2026-09-30 22:46:29,782 - INFO - 
****************************************************************************************************
2026-09-30 22:46:31,141 - INFO - --- training epoch 164, loss 11.4442, mae 11.9228, rmse 16.9811, time elapsed(min) 0.01---
2026-09-30 22:46:31,309 - INFO - --- validation at epoch 164, val_loss 11.5501, val_mae 11.6170, val_rmse 16.4603, val_r2 0.6229, val_pearson 0.7926, lr 9.00e-05 ---
2026-09-30 22:46:31,309 - INFO - 
****************************************************************************************************
2026-09-30 22:46:32,571 - INFO - --- training epoch 165, loss 11.2956, mae 11.7761, rmse 16.8202, time elapsed(min) 0.01---
2026-09-30 22:46:32,739 - INFO - --- validation at epoch 165, val_loss 11.1091, val_mae 11.4817, val_rmse 16.2609, val_r2 0.6320, val_pearson 0.7983, lr 9.00e-05 ---
2026-09-30 22:46:32,739 - INFO - 
****************************************************************************************************
2026-09-30 22:46:34,168 - INFO - --- training epoch 166, loss 11.1722, mae 11.6493, rmse 16.6011, time elapsed(min) 0.02---
2026-09-30 22:46:34,333 - INFO - --- validation at epoch 166, val_loss 10.8967, val_mae 11.6659, val_rmse 16.6548, val_r2 0.6139, val_pearson 0.7942, lr 9.00e-05 ---
2026-09-30 22:46:34,333 - INFO - 
****************************************************************************************************
2026-09-30 22:46:35,472 - INFO - --- training epoch 167, loss 11.0532, mae 11.5319, rmse 16.5825, time elapsed(min) 0.01---
2026-09-30 22:46:35,636 - INFO - --- validation at epoch 167, val_loss 11.0362, val_mae 11.5529, val_rmse 16.2611, val_r2 0.6320, val_pearson 0.7990, lr 9.00e-05 ---
2026-09-30 22:46:35,637 - INFO - 
****************************************************************************************************
2026-09-30 22:46:36,851 - INFO - --- training epoch 168, loss 11.2406, mae 11.7199, rmse 16.6301, time elapsed(min) 0.01---
2026-09-30 22:46:37,027 - INFO - --- validation at epoch 168, val_loss 11.3987, val_mae 11.6872, val_rmse 16.3692, val_r2 0.6271, val_pearson 0.7978, lr 9.00e-05 ---
2026-09-30 22:46:37,027 - INFO - 
****************************************************************************************************
2026-09-30 22:46:38,307 - INFO - --- training epoch 169, loss 11.1317, mae 11.6079, rmse 16.5986, time elapsed(min) 0.01---
2026-09-30 22:46:38,486 - INFO - --- validation at epoch 169, val_loss 11.0303, val_mae 11.3494, val_rmse 16.0672, val_r2 0.6407, val_pearson 0.8048, lr 9.00e-05 ---
2026-09-30 22:46:38,486 - INFO - 
****************************************************************************************************
2026-09-30 22:46:39,769 - INFO - --- training epoch 170, loss 11.1929, mae 11.6722, rmse 16.5517, time elapsed(min) 0.01---
2026-09-30 22:46:39,938 - INFO - --- validation at epoch 170, val_loss 10.5688, val_mae 11.3939, val_rmse 16.2151, val_r2 0.6340, val_pearson 0.8050, lr 9.00e-05 ---
2026-09-30 22:46:39,938 - INFO - 
****************************************************************************************************
2026-09-30 22:46:41,300 - INFO - --- training epoch 171, loss 10.9004, mae 11.3796, rmse 16.2893, time elapsed(min) 0.01---
2026-09-30 22:46:41,682 - INFO - --- validation at epoch 171, val_loss 10.5368, val_mae 11.2909, val_rmse 15.9040, val_r2 0.6479, val_pearson 0.8116, lr 9.00e-05 ---
2026-09-30 22:46:41,682 - INFO - 
****************************************************************************************************
2026-09-30 22:46:42,971 - INFO - --- training epoch 172, loss 10.8882, mae 11.3642, rmse 16.1745, time elapsed(min) 0.01---
2026-09-30 22:46:43,135 - INFO - --- validation at epoch 172, val_loss 10.2822, val_mae 10.9023, val_rmse 15.3763, val_r2 0.6709, val_pearson 0.8212, lr 9.00e-05 ---
2026-09-30 22:46:43,136 - INFO - 
****************************************************************************************************
2026-09-30 22:46:44,448 - INFO - --- training epoch 173, loss 10.9047, mae 11.3814, rmse 16.2834, time elapsed(min) 0.01---
2026-09-30 22:46:44,623 - INFO - --- validation at epoch 173, val_loss 10.4663, val_mae 11.0986, val_rmse 15.6434, val_r2 0.6594, val_pearson 0.8148, lr 9.00e-05 ---
2026-09-30 22:46:44,623 - INFO - 
****************************************************************************************************
2026-09-30 22:46:46,020 - INFO - --- training epoch 174, loss 10.8832, mae 11.3624, rmse 16.1227, time elapsed(min) 0.02---
2026-09-30 22:46:46,191 - INFO - --- validation at epoch 174, val_loss 10.3969, val_mae 11.1173, val_rmse 15.6895, val_r2 0.6574, val_pearson 0.8124, lr 9.00e-05 ---
2026-09-30 22:46:46,191 - INFO - 
****************************************************************************************************
2026-09-30 22:46:47,589 - INFO - --- training epoch 175, loss 10.8943, mae 11.3725, rmse 16.2692, time elapsed(min) 0.02---
2026-09-30 22:46:47,759 - INFO - --- validation at epoch 175, val_loss 10.5181, val_mae 11.1139, val_rmse 15.8749, val_r2 0.6492, val_pearson 0.8072, lr 9.00e-05 ---
2026-09-30 22:46:47,759 - INFO - 
****************************************************************************************************
2026-09-30 22:46:49,280 - INFO - --- training epoch 176, loss 10.8803, mae 11.3593, rmse 16.1624, time elapsed(min) 0.02---
2026-09-30 22:46:49,456 - INFO - --- validation at epoch 176, val_loss 10.7410, val_mae 11.5577, val_rmse 16.3809, val_r2 0.6265, val_pearson 0.8030, lr 9.00e-05 ---
2026-09-30 22:46:49,456 - INFO - 
****************************************************************************************************
2026-09-30 22:46:50,533 - INFO - --- training epoch 177, loss 10.9820, mae 11.4621, rmse 16.3294, time elapsed(min) 0.01---
2026-09-30 22:46:50,701 - INFO - --- validation at epoch 177, val_loss 10.3647, val_mae 11.0279, val_rmse 15.5468, val_r2 0.6636, val_pearson 0.8199, lr 9.00e-05 ---
2026-09-30 22:46:50,701 - INFO - 
****************************************************************************************************
2026-09-30 22:46:51,771 - INFO - --- training epoch 178, loss 10.6419, mae 11.1200, rmse 15.8134, time elapsed(min) 0.01---
2026-09-30 22:46:51,945 - INFO - --- validation at epoch 178, val_loss 10.2820, val_mae 10.9744, val_rmse 15.3792, val_r2 0.6708, val_pearson 0.8237, lr 9.00e-05 ---
2026-09-30 22:46:51,945 - INFO - 
****************************************************************************************************
2026-09-30 22:46:53,290 - INFO - --- training epoch 179, loss 10.6544, mae 11.1321, rmse 15.8227, time elapsed(min) 0.01---
2026-09-30 22:46:53,463 - INFO - --- validation at epoch 179, val_loss 9.9193, val_mae 10.5239, val_rmse 14.7509, val_r2 0.6971, val_pearson 0.8353, lr 9.00e-05 ---
2026-09-30 22:46:53,463 - INFO - 
****************************************************************************************************
2026-09-30 22:46:54,827 - INFO - --- training epoch 180, loss 10.4708, mae 10.9487, rmse 15.7432, time elapsed(min) 0.01---
2026-09-30 22:46:54,991 - INFO - --- validation at epoch 180, val_loss 10.1524, val_mae 10.5468, val_rmse 14.7579, val_r2 0.6969, val_pearson 0.8349, lr 9.00e-05 ---
2026-09-30 22:46:54,991 - INFO - 
****************************************************************************************************
2026-09-30 22:46:56,429 - INFO - --- training epoch 181, loss 10.4112, mae 10.8903, rmse 15.6415, time elapsed(min) 0.02---
2026-09-30 22:46:56,607 - INFO - --- validation at epoch 181, val_loss 10.1055, val_mae 10.4796, val_rmse 14.6095, val_r2 0.7029, val_pearson 0.8385, lr 9.00e-05 ---
2026-09-30 22:46:56,607 - INFO - 
****************************************************************************************************
2026-09-30 22:46:57,678 - INFO - --- training epoch 182, loss 10.3450, mae 10.8264, rmse 15.5260, time elapsed(min) 0.01---
2026-09-30 22:46:57,845 - INFO - --- validation at epoch 182, val_loss 10.0285, val_mae 10.3727, val_rmse 14.4144, val_r2 0.7108, val_pearson 0.8431, lr 9.00e-05 ---
2026-09-30 22:46:57,845 - INFO - 
****************************************************************************************************
2026-09-30 22:46:59,037 - INFO - --- training epoch 183, loss 10.3009, mae 10.7784, rmse 15.4114, time elapsed(min) 0.01---
2026-09-30 22:46:59,206 - INFO - --- validation at epoch 183, val_loss 9.8482, val_mae 10.2187, val_rmse 14.3226, val_r2 0.7145, val_pearson 0.8454, lr 9.00e-05 ---
2026-09-30 22:46:59,206 - INFO - 
****************************************************************************************************
2026-09-30 22:47:00,555 - INFO - --- training epoch 184, loss 10.2927, mae 10.7696, rmse 15.2499, time elapsed(min) 0.01---
2026-09-30 22:47:00,735 - INFO - --- validation at epoch 184, val_loss 10.2677, val_mae 10.3407, val_rmse 14.3563, val_r2 0.7131, val_pearson 0.8448, lr 9.00e-05 ---
2026-09-30 22:47:00,735 - INFO - 
****************************************************************************************************
2026-09-30 22:47:02,003 - INFO - --- training epoch 185, loss 10.2554, mae 10.7339, rmse 15.3128, time elapsed(min) 0.01---
2026-09-30 22:47:02,171 - INFO - --- validation at epoch 185, val_loss 10.0264, val_mae 10.3386, val_rmse 14.4896, val_r2 0.7078, val_pearson 0.8414, lr 9.00e-05 ---
2026-09-30 22:47:02,171 - INFO - 
****************************************************************************************************
2026-09-30 22:47:03,578 - INFO - --- training epoch 186, loss 10.2675, mae 10.7439, rmse 15.3861, time elapsed(min) 0.02---
2026-09-30 22:47:03,747 - INFO - --- validation at epoch 186, val_loss 9.9815, val_mae 10.2797, val_rmse 14.2399, val_r2 0.7178, val_pearson 0.8474, lr 9.00e-05 ---
2026-09-30 22:47:03,747 - INFO - 
****************************************************************************************************
2026-09-30 22:47:04,803 - INFO - --- training epoch 187, loss 10.1676, mae 10.6437, rmse 15.2605, time elapsed(min) 0.01---
2026-09-30 22:47:04,973 - INFO - --- validation at epoch 187, val_loss 10.1562, val_mae 10.3762, val_rmse 14.3621, val_r2 0.7129, val_pearson 0.8448, lr 9.00e-05 ---
2026-09-30 22:47:04,973 - INFO - 
****************************************************************************************************
2026-09-30 22:47:06,193 - INFO - --- training epoch 188, loss 10.1695, mae 10.6491, rmse 15.1793, time elapsed(min) 0.01---
2026-09-30 22:47:06,357 - INFO - --- validation at epoch 188, val_loss 9.9947, val_mae 10.2785, val_rmse 14.2112, val_r2 0.7189, val_pearson 0.8492, lr 9.00e-05 ---
2026-09-30 22:47:06,357 - INFO - 
****************************************************************************************************
2026-09-30 22:47:07,610 - INFO - --- training epoch 189, loss 10.0999, mae 10.5774, rmse 15.0185, time elapsed(min) 0.01---
2026-09-30 22:47:07,786 - INFO - --- validation at epoch 189, val_loss 10.1074, val_mae 10.3292, val_rmse 14.2691, val_r2 0.7166, val_pearson 0.8484, lr 9.00e-05 ---
2026-09-30 22:47:07,786 - INFO - 
****************************************************************************************************
2026-09-30 22:47:09,064 - INFO - --- training epoch 190, loss 10.1813, mae 10.6611, rmse 15.2057, time elapsed(min) 0.01---
2026-09-30 22:47:09,235 - INFO - --- validation at epoch 190, val_loss 10.2632, val_mae 10.5231, val_rmse 14.8618, val_r2 0.6926, val_pearson 0.8329, lr 9.00e-05 ---
2026-09-30 22:47:09,236 - INFO - 
****************************************************************************************************
2026-09-30 22:47:10,550 - INFO - --- training epoch 191, loss 10.1825, mae 10.6597, rmse 15.2194, time elapsed(min) 0.02---
2026-09-30 22:47:10,931 - INFO - --- validation at epoch 191, val_loss 10.1468, val_mae 10.3946, val_rmse 14.6459, val_r2 0.7014, val_pearson 0.8399, lr 9.00e-05 ---
2026-09-30 22:47:10,931 - INFO - 
****************************************************************************************************
2026-09-30 22:47:12,141 - INFO - --- training epoch 192, loss 10.1554, mae 10.6343, rmse 15.2350, time elapsed(min) 0.01---
2026-09-30 22:47:12,314 - INFO - --- validation at epoch 192, val_loss 10.2234, val_mae 10.5731, val_rmse 14.7376, val_r2 0.6977, val_pearson 0.8397, lr 9.00e-05 ---
2026-09-30 22:47:12,314 - INFO - 
****************************************************************************************************
2026-09-30 22:47:13,526 - INFO - --- training epoch 193, loss 10.2208, mae 10.6997, rmse 15.1962, time elapsed(min) 0.01---
2026-09-30 22:47:13,704 - INFO - --- validation at epoch 193, val_loss 10.1936, val_mae 10.7386, val_rmse 14.6913, val_r2 0.6996, val_pearson 0.8457, lr 9.00e-05 ---
2026-09-30 22:47:13,704 - INFO - 
****************************************************************************************************
2026-09-30 22:47:14,953 - INFO - --- training epoch 194, loss 10.1114, mae 10.5909, rmse 15.2499, time elapsed(min) 0.01---
2026-09-30 22:47:15,121 - INFO - --- validation at epoch 194, val_loss 9.7773, val_mae 10.4816, val_rmse 14.6452, val_r2 0.7015, val_pearson 0.8435, lr 9.00e-05 ---
2026-09-30 22:47:15,122 - INFO - 
****************************************************************************************************
2026-09-30 22:47:16,476 - INFO - --- training epoch 195, loss 9.9431, mae 10.4206, rmse 14.8797, time elapsed(min) 0.01---
2026-09-30 22:47:16,650 - INFO - --- validation at epoch 195, val_loss 9.8557, val_mae 10.4664, val_rmse 14.5075, val_r2 0.7071, val_pearson 0.8418, lr 9.00e-05 ---
2026-09-30 22:47:16,650 - INFO - 
****************************************************************************************************
2026-09-30 22:47:18,075 - INFO - --- training epoch 196, loss 10.0540, mae 10.5338, rmse 14.9992, time elapsed(min) 0.02---
2026-09-30 22:47:18,248 - INFO - --- validation at epoch 196, val_loss 10.0215, val_mae 10.1521, val_rmse 13.8849, val_r2 0.7317, val_pearson 0.8556, lr 9.00e-05 ---
2026-09-30 22:47:18,249 - INFO - 
****************************************************************************************************
2026-09-30 22:47:19,324 - INFO - --- training epoch 197, loss 10.0901, mae 10.5713, rmse 14.9356, time elapsed(min) 0.01---
2026-09-30 22:47:19,490 - INFO - --- validation at epoch 197, val_loss 9.9206, val_mae 10.4025, val_rmse 14.2709, val_r2 0.7165, val_pearson 0.8499, lr 9.00e-05 ---
2026-09-30 22:47:19,490 - INFO - 
****************************************************************************************************
2026-09-30 22:47:20,742 - INFO - --- training epoch 198, loss 9.8580, mae 10.3365, rmse 14.8152, time elapsed(min) 0.01---
2026-09-30 22:47:20,912 - INFO - --- validation at epoch 198, val_loss 9.5508, val_mae 10.0585, val_rmse 13.9141, val_r2 0.7305, val_pearson 0.8554, lr 9.00e-05 ---
2026-09-30 22:47:20,912 - INFO - 
****************************************************************************************************
2026-09-30 22:47:22,268 - INFO - --- training epoch 199, loss 9.5365, mae 10.0170, rmse 14.3662, time elapsed(min) 0.01---
2026-09-30 22:47:22,439 - INFO - --- validation at epoch 199, val_loss 10.2151, val_mae 10.6757, val_rmse 14.4674, val_r2 0.7087, val_pearson 0.8433, lr 9.00e-05 ---
2026-09-30 22:47:22,439 - INFO - 
****************************************************************************************************
2026-09-30 22:47:23,712 - INFO - --- training epoch 200, loss 9.7397, mae 10.2193, rmse 14.6710, time elapsed(min) 0.01---
2026-09-30 22:47:23,890 - INFO - --- validation at epoch 200, val_loss 9.6203, val_mae 10.0463, val_rmse 13.8269, val_r2 0.7339, val_pearson 0.8568, lr 9.00e-05 ---
2026-09-30 22:47:23,890 - INFO - 
****************************************************************************************************
2026-09-30 22:47:25,336 - INFO - --- training epoch 201, loss 9.7448, mae 10.2245, rmse 14.5963, time elapsed(min) 0.02---
2026-09-30 22:47:25,523 - INFO - --- validation at epoch 201, val_loss 10.1302, val_mae 10.2152, val_rmse 14.0042, val_r2 0.7270, val_pearson 0.8527, lr 9.00e-05 ---
2026-09-30 22:47:25,523 - INFO - 
****************************************************************************************************
2026-09-30 22:47:26,584 - INFO - --- training epoch 202, loss 9.6319, mae 10.1109, rmse 14.4659, time elapsed(min) 0.01---
2026-09-30 22:47:26,750 - INFO - --- validation at epoch 202, val_loss 9.6111, val_mae 10.0385, val_rmse 13.6528, val_r2 0.7406, val_pearson 0.8615, lr 9.00e-05 ---
2026-09-30 22:47:26,750 - INFO - 
****************************************************************************************************
2026-09-30 22:47:27,814 - INFO - --- training epoch 203, loss 9.7043, mae 10.1822, rmse 14.5332, time elapsed(min) 0.01---
2026-09-30 22:47:27,972 - INFO - --- validation at epoch 203, val_loss 9.3774, val_mae 9.8496, val_rmse 13.5391, val_r2 0.7449, val_pearson 0.8632, lr 9.00e-05 ---
2026-09-30 22:47:27,973 - INFO - 
****************************************************************************************************
2026-09-30 22:47:29,315 - INFO - --- training epoch 204, loss 9.4899, mae 9.9694, rmse 14.2717, time elapsed(min) 0.01---
2026-09-30 22:47:29,484 - INFO - --- validation at epoch 204, val_loss 9.6219, val_mae 9.8487, val_rmse 13.4552, val_r2 0.7480, val_pearson 0.8653, lr 9.00e-05 ---
2026-09-30 22:47:29,484 - INFO - 
****************************************************************************************************
2026-09-30 22:47:30,755 - INFO - --- training epoch 205, loss 9.6650, mae 10.1450, rmse 14.4882, time elapsed(min) 0.01---
2026-09-30 22:47:30,926 - INFO - --- validation at epoch 205, val_loss 9.9667, val_mae 9.9666, val_rmse 13.6797, val_r2 0.7395, val_pearson 0.8607, lr 9.00e-05 ---
2026-09-30 22:47:30,927 - INFO - 
****************************************************************************************************
2026-09-30 22:47:32,372 - INFO - --- training epoch 206, loss 9.5304, mae 10.0072, rmse 14.3139, time elapsed(min) 0.02---
2026-09-30 22:47:32,536 - INFO - --- validation at epoch 206, val_loss 9.4826, val_mae 10.0385, val_rmse 13.6832, val_r2 0.7394, val_pearson 0.8604, lr 9.00e-05 ---
2026-09-30 22:47:32,536 - INFO - 
****************************************************************************************************
2026-09-30 22:47:33,603 - INFO - --- training epoch 207, loss 9.4319, mae 9.9096, rmse 14.1994, time elapsed(min) 0.01---
2026-09-30 22:47:33,775 - INFO - --- validation at epoch 207, val_loss 9.1142, val_mae 9.6777, val_rmse 13.3230, val_r2 0.7529, val_pearson 0.8681, lr 9.00e-05 ---
2026-09-30 22:47:33,775 - INFO - 
****************************************************************************************************
2026-09-30 22:47:34,934 - INFO - --- training epoch 208, loss 9.5320, mae 10.0099, rmse 14.2214, time elapsed(min) 0.01---
2026-09-30 22:47:35,109 - INFO - --- validation at epoch 208, val_loss 10.1615, val_mae 10.2911, val_rmse 14.0747, val_r2 0.7243, val_pearson 0.8520, lr 9.00e-05 ---
2026-09-30 22:47:35,109 - INFO - 
****************************************************************************************************
2026-09-30 22:47:36,496 - INFO - --- training epoch 209, loss 9.5106, mae 9.9905, rmse 14.3282, time elapsed(min) 0.02---
2026-09-30 22:47:36,673 - INFO - --- validation at epoch 209, val_loss 9.1649, val_mae 9.5581, val_rmse 13.3875, val_r2 0.7505, val_pearson 0.8667, lr 9.00e-05 ---
2026-09-30 22:47:36,673 - INFO - 
****************************************************************************************************
2026-09-30 22:47:38,065 - INFO - --- training epoch 210, loss 9.2191, mae 9.6967, rmse 13.9640, time elapsed(min) 0.02---
2026-09-30 22:47:38,243 - INFO - --- validation at epoch 210, val_loss 9.8523, val_mae 9.9140, val_rmse 13.6576, val_r2 0.7404, val_pearson 0.8613, lr 9.00e-05 ---
2026-09-30 22:47:38,243 - INFO - 
****************************************************************************************************
2026-09-30 22:47:39,726 - INFO - --- training epoch 211, loss 9.3044, mae 9.7823, rmse 13.9662, time elapsed(min) 0.02---
2026-09-30 22:47:39,895 - INFO - --- validation at epoch 211, val_loss 9.5457, val_mae 9.5228, val_rmse 13.2831, val_r2 0.7544, val_pearson 0.8695, lr 9.00e-05 ---
2026-09-30 22:47:39,896 - INFO - 
****************************************************************************************************
2026-09-30 22:47:40,968 - INFO - --- training epoch 212, loss 9.3264, mae 9.8035, rmse 14.0649, time elapsed(min) 0.01---
2026-09-30 22:47:41,136 - INFO - --- validation at epoch 212, val_loss 9.6967, val_mae 9.8394, val_rmse 13.7250, val_r2 0.7378, val_pearson 0.8601, lr 9.00e-05 ---
2026-09-30 22:47:41,136 - INFO - 
****************************************************************************************************
2026-09-30 22:47:42,199 - INFO - --- training epoch 213, loss 9.0499, mae 9.5287, rmse 13.6824, time elapsed(min) 0.01---
2026-09-30 22:47:42,384 - INFO - --- validation at epoch 213, val_loss 9.4691, val_mae 9.6002, val_rmse 13.2441, val_r2 0.7559, val_pearson 0.8699, lr 9.00e-05 ---
2026-09-30 22:47:42,385 - INFO - 
****************************************************************************************************
2026-09-30 22:47:43,629 - INFO - --- training epoch 214, loss 9.2509, mae 9.7281, rmse 14.0591, time elapsed(min) 0.01---
2026-09-30 22:47:43,795 - INFO - --- validation at epoch 214, val_loss 9.6245, val_mae 9.5996, val_rmse 13.3127, val_r2 0.7533, val_pearson 0.8700, lr 9.00e-05 ---
2026-09-30 22:47:43,795 - INFO - 
****************************************************************************************************
2026-09-30 22:47:45,070 - INFO - --- training epoch 215, loss 9.3076, mae 9.7864, rmse 14.0644, time elapsed(min) 0.01---
2026-09-30 22:47:45,246 - INFO - --- validation at epoch 215, val_loss 9.3855, val_mae 9.4107, val_rmse 13.0202, val_r2 0.7640, val_pearson 0.8745, lr 9.00e-05 ---
2026-09-30 22:47:45,246 - INFO - 
****************************************************************************************************
2026-09-30 22:47:46,530 - INFO - --- training epoch 216, loss 9.1412, mae 9.6188, rmse 13.8561, time elapsed(min) 0.02---
2026-09-30 22:47:46,916 - INFO - --- validation at epoch 216, val_loss 9.4757, val_mae 9.5120, val_rmse 13.1099, val_r2 0.7608, val_pearson 0.8728, lr 9.00e-05 ---
2026-09-30 22:47:46,916 - INFO - 
****************************************************************************************************
2026-09-30 22:47:48,164 - INFO - --- training epoch 217, loss 8.9850, mae 9.4637, rmse 13.5594, time elapsed(min) 0.01---
2026-09-30 22:47:48,334 - INFO - --- validation at epoch 217, val_loss 9.4108, val_mae 9.3461, val_rmse 13.0164, val_r2 0.7642, val_pearson 0.8745, lr 9.00e-05 ---
2026-09-30 22:47:48,334 - INFO - 
****************************************************************************************************
2026-09-30 22:47:49,413 - INFO - --- training epoch 218, loss 8.9470, mae 9.4244, rmse 13.5453, time elapsed(min) 0.01---
2026-09-30 22:47:49,583 - INFO - --- validation at epoch 218, val_loss 9.7588, val_mae 9.8851, val_rmse 14.0617, val_r2 0.7248, val_pearson 0.8524, lr 9.00e-05 ---
2026-09-30 22:47:49,583 - INFO - 
****************************************************************************************************
2026-09-30 22:47:50,858 - INFO - --- training epoch 219, loss 8.9320, mae 9.4069, rmse 13.6969, time elapsed(min) 0.01---
2026-09-30 22:47:51,022 - INFO - --- validation at epoch 219, val_loss 9.3445, val_mae 9.4536, val_rmse 13.1368, val_r2 0.7598, val_pearson 0.8720, lr 2.70e-05 ---
2026-09-30 22:47:51,022 - INFO - 
****************************************************************************************************
2026-09-30 22:47:52,314 - INFO - --- training epoch 220, loss 8.8209, mae 9.2974, rmse 13.4601, time elapsed(min) 0.01---
2026-09-30 22:47:52,482 - INFO - --- validation at epoch 220, val_loss 9.3141, val_mae 9.4033, val_rmse 13.0372, val_r2 0.7634, val_pearson 0.8741, lr 2.70e-05 ---
2026-09-30 22:47:52,482 - INFO - 
****************************************************************************************************
2026-09-30 22:47:53,921 - INFO - --- training epoch 221, loss 8.9250, mae 9.4035, rmse 13.5762, time elapsed(min) 0.02---
2026-09-30 22:47:54,085 - INFO - --- validation at epoch 221, val_loss 9.3074, val_mae 9.3131, val_rmse 12.8783, val_r2 0.7692, val_pearson 0.8774, lr 2.70e-05 ---
2026-09-30 22:47:54,085 - INFO - 
****************************************************************************************************
2026-09-30 22:47:55,166 - INFO - --- training epoch 222, loss 8.9956, mae 9.4711, rmse 13.6779, time elapsed(min) 0.01---
2026-09-30 22:47:55,331 - INFO - --- validation at epoch 222, val_loss 9.4764, val_mae 9.4878, val_rmse 13.0807, val_r2 0.7618, val_pearson 0.8733, lr 2.70e-05 ---
2026-09-30 22:47:55,331 - INFO - 
****************************************************************************************************
2026-09-30 22:47:56,396 - INFO - --- training epoch 223, loss 8.7837, mae 9.2610, rmse 13.3877, time elapsed(min) 0.01---
2026-09-30 22:47:56,566 - INFO - --- validation at epoch 223, val_loss 9.3488, val_mae 9.3834, val_rmse 13.0061, val_r2 0.7646, val_pearson 0.8750, lr 2.70e-05 ---
2026-09-30 22:47:56,566 - INFO - 
****************************************************************************************************
2026-09-30 22:47:57,829 - INFO - --- training epoch 224, loss 8.8701, mae 9.3461, rmse 13.3969, time elapsed(min) 0.01---
2026-09-30 22:47:57,988 - INFO - --- validation at epoch 224, val_loss 9.2792, val_mae 9.3431, val_rmse 13.0309, val_r2 0.7637, val_pearson 0.8750, lr 2.70e-05 ---
2026-09-30 22:47:57,988 - INFO - 
****************************************************************************************************
2026-09-30 22:47:59,266 - INFO - --- training epoch 225, loss 8.8758, mae 9.3539, rmse 13.4749, time elapsed(min) 0.01---
2026-09-30 22:47:59,433 - INFO - --- validation at epoch 225, val_loss 9.2584, val_mae 9.3042, val_rmse 12.8544, val_r2 0.7700, val_pearson 0.8780, lr 2.70e-05 ---
2026-09-30 22:47:59,433 - INFO - 
****************************************************************************************************
2026-09-30 22:48:00,644 - INFO - --- training epoch 226, loss 8.9602, mae 9.4349, rmse 13.6698, time elapsed(min) 0.01---
2026-09-30 22:48:00,819 - INFO - --- validation at epoch 226, val_loss 9.2245, val_mae 9.2314, val_rmse 12.8400, val_r2 0.7705, val_pearson 0.8784, lr 2.70e-05 ---
2026-09-30 22:48:00,819 - INFO - 
****************************************************************************************************
2026-09-30 22:48:01,899 - INFO - --- training epoch 227, loss 8.9252, mae 9.4018, rmse 13.6171, time elapsed(min) 0.01---
2026-09-30 22:48:02,065 - INFO - --- validation at epoch 227, val_loss 9.1559, val_mae 9.2594, val_rmse 12.8787, val_r2 0.7691, val_pearson 0.8778, lr 2.70e-05 ---
2026-09-30 22:48:02,066 - INFO - 
****************************************************************************************************
2026-09-30 22:48:03,285 - INFO - --- training epoch 228, loss 8.8873, mae 9.3643, rmse 13.5225, time elapsed(min) 0.01---
2026-09-30 22:48:03,451 - INFO - --- validation at epoch 228, val_loss 9.2555, val_mae 9.3299, val_rmse 12.8642, val_r2 0.7697, val_pearson 0.8778, lr 2.70e-05 ---
2026-09-30 22:48:03,451 - INFO - 
****************************************************************************************************
2026-09-30 22:48:04,714 - INFO - --- training epoch 229, loss 8.9199, mae 9.3958, rmse 13.5360, time elapsed(min) 0.01---
2026-09-30 22:48:04,883 - INFO - --- validation at epoch 229, val_loss 9.2689, val_mae 9.2337, val_rmse 12.7855, val_r2 0.7725, val_pearson 0.8794, lr 2.70e-05 ---
2026-09-30 22:48:04,883 - INFO - 
****************************************************************************************************
2026-09-30 22:48:06,191 - INFO - --- training epoch 230, loss 8.8673, mae 9.3451, rmse 13.5364, time elapsed(min) 0.02---
2026-09-30 22:48:06,363 - INFO - --- validation at epoch 230, val_loss 9.2390, val_mae 9.1827, val_rmse 12.7700, val_r2 0.7730, val_pearson 0.8799, lr 8.10e-06 ---
2026-09-30 22:48:06,363 - INFO - 
****************************************************************************************************
2026-09-30 22:48:07,608 - INFO - --- training epoch 231, loss 8.8502, mae 9.3258, rmse 13.6302, time elapsed(min) 0.01---
2026-09-30 22:48:07,782 - INFO - --- validation at epoch 231, val_loss 9.2480, val_mae 9.2303, val_rmse 12.7726, val_r2 0.7729, val_pearson 0.8796, lr 8.10e-06 ---
2026-09-30 22:48:07,782 - INFO - 
****************************************************************************************************
2026-09-30 22:48:08,860 - INFO - --- training epoch 232, loss 8.7042, mae 9.1826, rmse 13.3136, time elapsed(min) 0.01---
2026-09-30 22:48:09,030 - INFO - --- validation at epoch 232, val_loss 9.1986, val_mae 9.2550, val_rmse 12.7514, val_r2 0.7737, val_pearson 0.8800, lr 8.10e-06 ---
2026-09-30 22:48:09,030 - INFO - 
****************************************************************************************************
2026-09-30 22:48:10,259 - INFO - --- training epoch 233, loss 8.8861, mae 9.3628, rmse 13.3988, time elapsed(min) 0.01---
2026-09-30 22:48:10,443 - INFO - --- validation at epoch 233, val_loss 9.1949, val_mae 9.2148, val_rmse 12.7514, val_r2 0.7737, val_pearson 0.8801, lr 8.10e-06 ---
2026-09-30 22:48:10,443 - INFO - 
****************************************************************************************************
2026-09-30 22:48:11,845 - INFO - --- training epoch 234, loss 8.7413, mae 9.2177, rmse 13.4003, time elapsed(min) 0.02---
2026-09-30 22:48:12,017 - INFO - --- validation at epoch 234, val_loss 9.2120, val_mae 9.1602, val_rmse 12.7092, val_r2 0.7752, val_pearson 0.8811, lr 8.10e-06 ---
2026-09-30 22:48:12,017 - INFO - 
****************************************************************************************************
2026-09-30 22:48:13,421 - INFO - --- training epoch 235, loss 8.8424, mae 9.3195, rmse 13.4111, time elapsed(min) 0.02---
2026-09-30 22:48:13,589 - INFO - --- validation at epoch 235, val_loss 9.2552, val_mae 9.2315, val_rmse 12.7622, val_r2 0.7733, val_pearson 0.8799, lr 8.10e-06 ---
2026-09-30 22:48:13,589 - INFO - 
****************************************************************************************************
2026-09-30 22:48:15,039 - INFO - --- training epoch 236, loss 8.6601, mae 9.1377, rmse 13.2772, time elapsed(min) 0.02---
2026-09-30 22:48:15,220 - INFO - --- validation at epoch 236, val_loss 9.2594, val_mae 9.2337, val_rmse 12.7828, val_r2 0.7726, val_pearson 0.8795, lr 8.10e-06 ---
2026-09-30 22:48:15,220 - INFO - 
****************************************************************************************************
2026-09-30 22:48:16,292 - INFO - --- training epoch 237, loss 8.9258, mae 9.4028, rmse 13.5558, time elapsed(min) 0.01---
2026-09-30 22:48:16,455 - INFO - --- validation at epoch 237, val_loss 9.2864, val_mae 9.2389, val_rmse 12.8143, val_r2 0.7714, val_pearson 0.8789, lr 8.10e-06 ---
2026-09-30 22:48:16,455 - INFO - 
****************************************************************************************************
2026-09-30 22:48:17,539 - INFO - --- training epoch 238, loss 8.7596, mae 9.2340, rmse 13.4893, time elapsed(min) 0.01---
2026-09-30 22:48:17,709 - INFO - --- validation at epoch 238, val_loss 9.3249, val_mae 9.2990, val_rmse 12.8916, val_r2 0.7687, val_pearson 0.8772, lr 8.10e-06 ---
2026-09-30 22:48:17,709 - INFO - 
****************************************************************************************************
2026-09-30 22:48:18,975 - INFO - --- training epoch 239, loss 8.8257, mae 9.3038, rmse 13.4177, time elapsed(min) 0.01---
2026-09-30 22:48:19,135 - INFO - --- validation at epoch 239, val_loss 9.2103, val_mae 9.1623, val_rmse 12.7522, val_r2 0.7737, val_pearson 0.8801, lr 8.10e-06 ---
2026-09-30 22:48:19,135 - INFO - 
****************************************************************************************************
2026-09-30 22:48:20,417 - INFO - --- training epoch 240, loss 8.6790, mae 9.1552, rmse 13.2696, time elapsed(min) 0.01---
2026-09-30 22:48:20,589 - INFO - --- validation at epoch 240, val_loss 9.2014, val_mae 9.1689, val_rmse 12.7291, val_r2 0.7745, val_pearson 0.8804, lr 8.10e-06 ---
2026-09-30 22:48:20,589 - INFO - 
****************************************************************************************************
2026-09-30 22:48:21,821 - INFO - --- training epoch 241, loss 8.8613, mae 9.3382, rmse 13.4380, time elapsed(min) 0.01---
2026-09-30 22:48:22,010 - INFO - --- validation at epoch 241, val_loss 9.1948, val_mae 9.1411, val_rmse 12.7204, val_r2 0.7748, val_pearson 0.8807, lr 2.43e-06 ---
2026-09-30 22:48:22,010 - INFO - 
****************************************************************************************************
2026-09-30 22:48:23,090 - INFO - --- training epoch 242, loss 8.7281, mae 9.2038, rmse 13.2074, time elapsed(min) 0.01---
2026-09-30 22:48:23,264 - INFO - --- validation at epoch 242, val_loss 9.1773, val_mae 9.1027, val_rmse 12.7144, val_r2 0.7750, val_pearson 0.8812, lr 2.43e-06 ---
2026-09-30 22:48:23,264 - INFO - 
****************************************************************************************************
2026-09-30 22:48:24,506 - INFO - --- training epoch 243, loss 8.6375, mae 9.1145, rmse 13.1500, time elapsed(min) 0.01---
2026-09-30 22:48:24,661 - INFO - --- validation at epoch 243, val_loss 9.1895, val_mae 9.1175, val_rmse 12.7202, val_r2 0.7748, val_pearson 0.8811, lr 2.43e-06 ---
2026-09-30 22:48:24,661 - INFO - 
****************************************************************************************************
2026-09-30 22:48:25,928 - INFO - --- training epoch 244, loss 8.6110, mae 9.0869, rmse 13.0465, time elapsed(min) 0.01---
2026-09-30 22:48:26,100 - INFO - --- validation at epoch 244, val_loss 9.1985, val_mae 9.1502, val_rmse 12.7455, val_r2 0.7739, val_pearson 0.8804, lr 2.43e-06 ---
2026-09-30 22:48:26,100 - INFO - 
****************************************************************************************************
2026-09-30 22:48:27,378 - INFO - --- training epoch 245, loss 8.9026, mae 9.3807, rmse 13.4836, time elapsed(min) 0.01---
2026-09-30 22:48:27,542 - INFO - --- validation at epoch 245, val_loss 9.2181, val_mae 9.1834, val_rmse 12.7675, val_r2 0.7731, val_pearson 0.8799, lr 2.43e-06 ---
2026-09-30 22:48:27,542 - INFO - 
****************************************************************************************************
2026-09-30 22:48:28,775 - INFO - --- training epoch 246, loss 8.9055, mae 9.3812, rmse 13.4005, time elapsed(min) 0.01---
2026-09-30 22:48:28,950 - INFO - --- validation at epoch 246, val_loss 9.2023, val_mae 9.1678, val_rmse 12.7343, val_r2 0.7743, val_pearson 0.8805, lr 2.43e-06 ---
2026-09-30 22:48:28,950 - INFO - 
****************************************************************************************************
2026-09-30 22:48:30,023 - INFO - --- training epoch 247, loss 8.8404, mae 9.3180, rmse 13.3656, time elapsed(min) 0.01---
2026-09-30 22:48:30,191 - INFO - --- validation at epoch 247, val_loss 9.1676, val_mae 9.1506, val_rmse 12.7102, val_r2 0.7751, val_pearson 0.8810, lr 2.43e-06 ---
2026-09-30 22:48:30,191 - INFO - 
****************************************************************************************************
2026-09-30 22:48:31,417 - INFO - --- training epoch 248, loss 8.6287, mae 9.1037, rmse 13.1777, time elapsed(min) 0.01---
2026-09-30 22:48:31,586 - INFO - --- validation at epoch 248, val_loss 9.1543, val_mae 9.1513, val_rmse 12.7069, val_r2 0.7753, val_pearson 0.8810, lr 2.43e-06 ---
2026-09-30 22:48:31,586 - INFO - 
****************************************************************************************************
2026-09-30 22:48:32,970 - INFO - --- training epoch 249, loss 8.8041, mae 9.2835, rmse 13.3307, time elapsed(min) 0.02---
2026-09-30 22:48:33,127 - INFO - --- validation at epoch 249, val_loss 9.1413, val_mae 9.1229, val_rmse 12.6826, val_r2 0.7761, val_pearson 0.8815, lr 2.43e-06 ---
2026-09-30 22:48:33,128 - INFO - 
****************************************************************************************************
2026-09-30 22:48:34,398 - INFO - --- training epoch 250, loss 8.6356, mae 9.1132, rmse 13.1756, time elapsed(min) 0.01---
2026-09-30 22:48:34,559 - INFO - --- validation at epoch 250, val_loss 9.1279, val_mae 9.1166, val_rmse 12.6720, val_r2 0.7765, val_pearson 0.8817, lr 2.43e-06 ---
2026-09-30 22:48:34,559 - INFO - 
****************************************************************************************************
2026-09-30 22:48:36,026 - INFO - --- training epoch 251, loss 8.6440, mae 9.1213, rmse 13.0700, time elapsed(min) 0.02---
2026-09-30 22:48:36,206 - INFO - --- validation at epoch 251, val_loss 9.1324, val_mae 9.1512, val_rmse 12.6912, val_r2 0.7758, val_pearson 0.8812, lr 2.43e-06 ---
2026-09-30 22:48:36,206 - INFO - 
****************************************************************************************************
2026-09-30 22:48:37,273 - INFO - --- training epoch 252, loss 8.7093, mae 9.1859, rmse 13.1571, time elapsed(min) 0.01---
2026-09-30 22:48:37,449 - INFO - --- validation at epoch 252, val_loss 9.1374, val_mae 9.1661, val_rmse 12.7092, val_r2 0.7752, val_pearson 0.8809, lr 1.00e-06 ---
2026-09-30 22:48:37,449 - INFO - 
****************************************************************************************************
2026-09-30 22:48:38,657 - INFO - --- training epoch 253, loss 8.6019, mae 9.0776, rmse 12.9986, time elapsed(min) 0.01---
2026-09-30 22:48:38,830 - INFO - --- validation at epoch 253, val_loss 9.1387, val_mae 9.1633, val_rmse 12.7143, val_r2 0.7750, val_pearson 0.8808, lr 1.00e-06 ---
2026-09-30 22:48:38,830 - INFO - 
****************************************************************************************************
2026-09-30 22:48:40,099 - INFO - --- training epoch 254, loss 8.7193, mae 9.1976, rmse 13.2552, time elapsed(min) 0.01---
2026-09-30 22:48:40,260 - INFO - --- validation at epoch 254, val_loss 9.1342, val_mae 9.1530, val_rmse 12.7099, val_r2 0.7752, val_pearson 0.8809, lr 1.00e-06 ---
2026-09-30 22:48:40,260 - INFO - 
****************************************************************************************************
2026-09-30 22:48:41,538 - INFO - --- training epoch 255, loss 8.7597, mae 9.2379, rmse 13.2471, time elapsed(min) 0.01---
2026-09-30 22:48:41,703 - INFO - --- validation at epoch 255, val_loss 9.1388, val_mae 9.1585, val_rmse 12.7058, val_r2 0.7753, val_pearson 0.8810, lr 1.00e-06 ---
2026-09-30 22:48:41,703 - INFO - 
****************************************************************************************************
2026-09-30 22:48:43,094 - INFO - --- training epoch 256, loss 8.6745, mae 9.1505, rmse 13.2070, time elapsed(min) 0.02---
2026-09-30 22:48:43,253 - INFO - --- validation at epoch 256, val_loss 9.1456, val_mae 9.1603, val_rmse 12.7110, val_r2 0.7751, val_pearson 0.8809, lr 1.00e-06 ---
2026-09-30 22:48:43,254 - INFO - 
****************************************************************************************************
2026-09-30 22:48:44,320 - INFO - --- training epoch 257, loss 8.7299, mae 9.2069, rmse 13.3684, time elapsed(min) 0.01---
2026-09-30 22:48:44,493 - INFO - --- validation at epoch 257, val_loss 9.1490, val_mae 9.1478, val_rmse 12.7149, val_r2 0.7750, val_pearson 0.8809, lr 1.00e-06 ---
2026-09-30 22:48:44,493 - INFO - 
****************************************************************************************************
2026-09-30 22:48:44,890 - INFO - --- early stopping at epoch 257: val_loss did not improve for 50 epochs ---
2026-09-30 22:48:45,096 - INFO - --- selected checkpoint from epoch 207, val_loss 9.1142, val_mae 9.6777, val_rmse 13.3230
2026-09-30 22:48:45,532 - INFO - -- RESULT
2026-09-30 22:48:45,533 - INFO - --- test size: 1187
2026-09-30 22:48:45,533 - INFO - --- MAE: 9.5201 pp, RMSE: 13.7408 pp, R2: 0.7548, Pearson: 0.8693
2026-09-30 22:48:46,826 - INFO - --- Buchwald-Hartwig | fullcv05_split70 | approach_2: test R2 0.7548 MAE 9.5201 RMSE 13.7408 | 369.9s (1.4s/epoch)
2026-09-30 22:48:46,829 - INFO - --- Buchwald-Hartwig | fullcv05_split70 | MLP control (ind/mlp) (ind/mlp)
