2026-10-01 07:25:38,434 - INFO - device is	cuda:0
2026-10-01 07:25:38,624 - INFO - -- CONFIGURATIONS
2026-10-01 07:25:38,624 - INFO - --- train/valid/test: 3628/404/1728
2026-10-01 07:25:38,624 - INFO - --- max no. reactants_train, valid, test respectively: 14, 14, 14
2026-10-01 07:25:38,624 - INFO - --- max no. products_train, valid, test respectively: 1, 1, 1
2026-10-01 07:25:38,624 - INFO - --- model_path: ../logs/approach2_grid_suzuki/e400/runs/Suzuki-Miyaura_split_2_current_model/model.pt
2026-10-01 07:25:38,631 - INFO - -- TRAINING
2026-10-01 07:25:39,993 - INFO - --- training epoch 0, loss 2.3250, mae 2.6969, rmse 6.5839, time elapsed(min) 0.02---
2026-10-01 07:25:40,351 - INFO - --- validation at epoch 0, val_loss 0.0882, val_mae 0.3683, val_rmse 0.4273, val_r2 -1.3454, val_pearson 0.1212, lr 1.00e-03 ---
2026-10-01 07:25:40,351 - INFO - 
****************************************************************************************************
2026-10-01 07:25:42,185 - INFO - --- training epoch 1, loss 0.0474, mae 0.2574, rmse 0.3077, time elapsed(min) 0.02---
2026-10-01 07:25:42,392 - INFO - --- validation at epoch 1, val_loss 0.0387, val_mae 0.2362, val_rmse 0.2760, val_r2 0.0213, val_pearson 0.2908, lr 1.00e-03 ---
2026-10-01 07:25:42,393 - INFO - 
****************************************************************************************************
2026-10-01 07:25:43,993 - INFO - --- training epoch 2, loss 0.0382, mae 0.2404, rmse 0.2766, time elapsed(min) 0.02---
2026-10-01 07:25:44,196 - INFO - --- validation at epoch 2, val_loss 0.0373, val_mae 0.2331, val_rmse 0.2704, val_r2 0.0608, val_pearson 0.3155, lr 1.00e-03 ---
2026-10-01 07:25:44,196 - INFO - 
****************************************************************************************************
2026-10-01 07:25:45,849 - INFO - --- training epoch 3, loss 0.0376, mae 0.2368, rmse 0.2741, time elapsed(min) 0.02---
2026-10-01 07:25:46,052 - INFO - --- validation at epoch 3, val_loss 0.0370, val_mae 0.2278, val_rmse 0.2678, val_r2 0.0786, val_pearson 0.3220, lr 1.00e-03 ---
2026-10-01 07:25:46,052 - INFO - 
****************************************************************************************************
2026-10-01 07:25:47,760 - INFO - --- training epoch 4, loss 0.0372, mae 0.2346, rmse 0.2727, time elapsed(min) 0.02---
2026-10-01 07:25:48,128 - INFO - --- validation at epoch 4, val_loss 0.0367, val_mae 0.2272, val_rmse 0.2669, val_r2 0.0852, val_pearson 0.3303, lr 1.00e-03 ---
2026-10-01 07:25:48,128 - INFO - 
****************************************************************************************************
2026-10-01 07:25:49,877 - INFO - --- training epoch 5, loss 0.0371, mae 0.2339, rmse 0.2725, time elapsed(min) 0.02---
2026-10-01 07:25:50,126 - INFO - --- validation at epoch 5, val_loss 0.0365, val_mae 0.2266, val_rmse 0.2660, val_r2 0.0908, val_pearson 0.3383, lr 1.00e-03 ---
2026-10-01 07:25:50,126 - INFO - 
****************************************************************************************************
2026-10-01 07:25:51,736 - INFO - --- training epoch 6, loss 0.0374, mae 0.2344, rmse 0.2734, time elapsed(min) 0.02---
2026-10-01 07:25:51,945 - INFO - --- validation at epoch 6, val_loss 0.0359, val_mae 0.2262, val_rmse 0.2645, val_r2 0.1016, val_pearson 0.3495, lr 1.00e-03 ---
2026-10-01 07:25:51,945 - INFO - 
****************************************************************************************************
2026-10-01 07:25:53,554 - INFO - --- training epoch 7, loss 0.0366, mae 0.2315, rmse 0.2705, time elapsed(min) 0.02---
2026-10-01 07:25:53,881 - INFO - --- validation at epoch 7, val_loss 0.0371, val_mae 0.2256, val_rmse 0.2685, val_r2 0.0740, val_pearson 0.3626, lr 1.00e-03 ---
2026-10-01 07:25:53,881 - INFO - 
****************************************************************************************************
2026-10-01 07:25:55,720 - INFO - --- training epoch 8, loss 0.0366, mae 0.2309, rmse 0.2704, time elapsed(min) 0.03---
2026-10-01 07:25:55,923 - INFO - --- validation at epoch 8, val_loss 0.0353, val_mae 0.2242, val_rmse 0.2629, val_r2 0.1121, val_pearson 0.3754, lr 1.00e-03 ---
2026-10-01 07:25:55,923 - INFO - 
****************************************************************************************************
2026-10-01 07:25:57,565 - INFO - --- training epoch 9, loss 0.0361, mae 0.2296, rmse 0.2686, time elapsed(min) 0.02---
2026-10-01 07:25:57,770 - INFO - --- validation at epoch 9, val_loss 0.0351, val_mae 0.2229, val_rmse 0.2632, val_r2 0.1104, val_pearson 0.3961, lr 1.00e-03 ---
2026-10-01 07:25:57,770 - INFO - 
****************************************************************************************************
2026-10-01 07:25:59,487 - INFO - --- training epoch 10, loss 0.0348, mae 0.2252, rmse 0.2636, time elapsed(min) 0.02---
2026-10-01 07:25:59,814 - INFO - --- validation at epoch 10, val_loss 0.0325, val_mae 0.2192, val_rmse 0.2554, val_r2 0.1623, val_pearson 0.4227, lr 1.00e-03 ---
2026-10-01 07:25:59,814 - INFO - 
****************************************************************************************************
2026-10-01 07:26:01,531 - INFO - --- training epoch 11, loss 0.0374, mae 0.2308, rmse 0.2736, time elapsed(min) 0.02---
2026-10-01 07:26:01,997 - INFO - --- validation at epoch 11, val_loss 0.0323, val_mae 0.2151, val_rmse 0.2538, val_r2 0.1722, val_pearson 0.4366, lr 1.00e-03 ---
2026-10-01 07:26:01,997 - INFO - 
****************************************************************************************************
2026-10-01 07:26:03,722 - INFO - --- training epoch 12, loss 0.0326, mae 0.2134, rmse 0.2553, time elapsed(min) 0.02---
2026-10-01 07:26:03,927 - INFO - --- validation at epoch 12, val_loss 0.0311, val_mae 0.2061, val_rmse 0.2511, val_r2 0.1903, val_pearson 0.4499, lr 1.00e-03 ---
2026-10-01 07:26:03,927 - INFO - 
****************************************************************************************************
2026-10-01 07:26:05,586 - INFO - --- training epoch 13, loss 0.0311, mae 0.2056, rmse 0.2496, time elapsed(min) 0.02---
2026-10-01 07:26:05,790 - INFO - --- validation at epoch 13, val_loss 0.0299, val_mae 0.2016, val_rmse 0.2472, val_r2 0.2152, val_pearson 0.5039, lr 1.00e-03 ---
2026-10-01 07:26:05,790 - INFO - 
****************************************************************************************************
2026-10-01 07:26:07,493 - INFO - --- training epoch 14, loss 0.0293, mae 0.1969, rmse 0.2420, time elapsed(min) 0.02---
2026-10-01 07:26:07,830 - INFO - --- validation at epoch 14, val_loss 0.0249, val_mae 0.1845, val_rmse 0.2239, val_r2 0.3559, val_pearson 0.5996, lr 1.00e-03 ---
2026-10-01 07:26:07,830 - INFO - 
****************************************************************************************************
2026-10-01 07:26:09,651 - INFO - --- training epoch 15, loss 0.0252, mae 0.1825, rmse 0.2245, time elapsed(min) 0.02---
2026-10-01 07:26:09,855 - INFO - --- validation at epoch 15, val_loss 0.0222, val_mae 0.1830, val_rmse 0.2139, val_r2 0.4123, val_pearson 0.7050, lr 1.00e-03 ---
2026-10-01 07:26:09,855 - INFO - 
****************************************************************************************************
2026-10-01 07:26:11,540 - INFO - --- training epoch 16, loss 0.0234, mae 0.1747, rmse 0.2162, time elapsed(min) 0.02---
2026-10-01 07:26:11,744 - INFO - --- validation at epoch 16, val_loss 0.0203, val_mae 0.1646, val_rmse 0.1982, val_r2 0.4952, val_pearson 0.7275, lr 1.00e-03 ---
2026-10-01 07:26:11,744 - INFO - 
****************************************************************************************************
2026-10-01 07:26:13,386 - INFO - --- training epoch 17, loss 0.0248, mae 0.1795, rmse 0.2226, time elapsed(min) 0.02---
2026-10-01 07:26:13,714 - INFO - --- validation at epoch 17, val_loss 0.0231, val_mae 0.1647, val_rmse 0.2119, val_r2 0.4230, val_pearson 0.7295, lr 1.00e-03 ---
2026-10-01 07:26:13,714 - INFO - 
****************************************************************************************************
2026-10-01 07:26:15,367 - INFO - --- training epoch 18, loss 0.0222, mae 0.1694, rmse 0.2109, time elapsed(min) 0.02---
2026-10-01 07:26:15,723 - INFO - --- validation at epoch 18, val_loss 0.0189, val_mae 0.1572, val_rmse 0.1917, val_r2 0.5281, val_pearson 0.7371, lr 1.00e-03 ---
2026-10-01 07:26:15,723 - INFO - 
****************************************************************************************************
2026-10-01 07:26:17,467 - INFO - --- training epoch 19, loss 0.0226, mae 0.1709, rmse 0.2128, time elapsed(min) 0.02---
2026-10-01 07:26:17,679 - INFO - --- validation at epoch 19, val_loss 0.0209, val_mae 0.1563, val_rmse 0.2033, val_r2 0.4690, val_pearson 0.7533, lr 1.00e-03 ---
2026-10-01 07:26:17,679 - INFO - 
****************************************************************************************************
2026-10-01 07:26:19,240 - INFO - --- training epoch 20, loss 0.0214, mae 0.1652, rmse 0.2069, time elapsed(min) 0.02---
2026-10-01 07:26:19,446 - INFO - --- validation at epoch 20, val_loss 0.0178, val_mae 0.1437, val_rmse 0.1846, val_r2 0.5622, val_pearson 0.7571, lr 1.00e-03 ---
2026-10-01 07:26:19,446 - INFO - 
****************************************************************************************************
2026-10-01 07:26:21,163 - INFO - --- training epoch 21, loss 0.0207, mae 0.1621, rmse 0.2035, time elapsed(min) 0.02---
2026-10-01 07:26:21,525 - INFO - --- validation at epoch 21, val_loss 0.0180, val_mae 0.1438, val_rmse 0.1867, val_r2 0.5521, val_pearson 0.7681, lr 1.00e-03 ---
2026-10-01 07:26:21,525 - INFO - 
****************************************************************************************************
2026-10-01 07:26:23,187 - INFO - --- training epoch 22, loss 0.0203, mae 0.1611, rmse 0.2017, time elapsed(min) 0.02---
2026-10-01 07:26:23,395 - INFO - --- validation at epoch 22, val_loss 0.0166, val_mae 0.1428, val_rmse 0.1784, val_r2 0.5910, val_pearson 0.7715, lr 1.00e-03 ---
2026-10-01 07:26:23,395 - INFO - 
****************************************************************************************************
2026-10-01 07:26:25,123 - INFO - --- training epoch 23, loss 0.0210, mae 0.1630, rmse 0.2049, time elapsed(min) 0.02---
2026-10-01 07:26:25,343 - INFO - --- validation at epoch 23, val_loss 0.0168, val_mae 0.1387, val_rmse 0.1779, val_r2 0.5935, val_pearson 0.7720, lr 1.00e-03 ---
2026-10-01 07:26:25,343 - INFO - 
****************************************************************************************************
2026-10-01 07:26:26,897 - INFO - --- training epoch 24, loss 0.0206, mae 0.1613, rmse 0.2031, time elapsed(min) 0.02---
2026-10-01 07:26:27,226 - INFO - --- validation at epoch 24, val_loss 0.0189, val_mae 0.1454, val_rmse 0.1913, val_r2 0.5298, val_pearson 0.7743, lr 1.00e-03 ---
2026-10-01 07:26:27,226 - INFO - 
****************************************************************************************************
2026-10-01 07:26:28,980 - INFO - --- training epoch 25, loss 0.0201, mae 0.1590, rmse 0.2006, time elapsed(min) 0.02---
2026-10-01 07:26:29,185 - INFO - --- validation at epoch 25, val_loss 0.0159, val_mae 0.1376, val_rmse 0.1743, val_r2 0.6097, val_pearson 0.7822, lr 1.00e-03 ---
2026-10-01 07:26:29,185 - INFO - 
****************************************************************************************************
2026-10-01 07:26:30,881 - INFO - --- training epoch 26, loss 0.0202, mae 0.1597, rmse 0.2008, time elapsed(min) 0.02---
2026-10-01 07:26:31,085 - INFO - --- validation at epoch 26, val_loss 0.0177, val_mae 0.1411, val_rmse 0.1857, val_r2 0.5568, val_pearson 0.7805, lr 1.00e-03 ---
2026-10-01 07:26:31,085 - INFO - 
****************************************************************************************************
2026-10-01 07:26:32,638 - INFO - --- training epoch 27, loss 0.0193, mae 0.1559, rmse 0.1966, time elapsed(min) 0.02---
2026-10-01 07:26:32,968 - INFO - --- validation at epoch 27, val_loss 0.0154, val_mae 0.1328, val_rmse 0.1712, val_r2 0.6237, val_pearson 0.7971, lr 1.00e-03 ---
2026-10-01 07:26:32,968 - INFO - 
****************************************************************************************************
2026-10-01 07:26:34,898 - INFO - --- training epoch 28, loss 0.0235, mae 0.1744, rmse 0.2167, time elapsed(min) 0.03---
2026-10-01 07:26:35,104 - INFO - --- validation at epoch 28, val_loss 0.0198, val_mae 0.1499, val_rmse 0.1953, val_r2 0.5098, val_pearson 0.7657, lr 1.00e-03 ---
2026-10-01 07:26:35,105 - INFO - 
****************************************************************************************************
2026-10-01 07:26:36,665 - INFO - --- training epoch 29, loss 0.0194, mae 0.1557, rmse 0.1967, time elapsed(min) 0.02---
2026-10-01 07:26:36,888 - INFO - --- validation at epoch 29, val_loss 0.0187, val_mae 0.1422, val_rmse 0.1870, val_r2 0.5508, val_pearson 0.7842, lr 1.00e-03 ---
2026-10-01 07:26:36,888 - INFO - 
****************************************************************************************************
2026-10-01 07:26:38,566 - INFO - --- training epoch 30, loss 0.0183, mae 0.1512, rmse 0.1916, time elapsed(min) 0.02---
2026-10-01 07:26:38,893 - INFO - --- validation at epoch 30, val_loss 0.0151, val_mae 0.1316, val_rmse 0.1705, val_r2 0.6264, val_pearson 0.7987, lr 1.00e-03 ---
2026-10-01 07:26:38,893 - INFO - 
****************************************************************************************************
2026-10-01 07:26:40,694 - INFO - --- training epoch 31, loss 0.0185, mae 0.1516, rmse 0.1924, time elapsed(min) 0.02---
2026-10-01 07:26:41,153 - INFO - --- validation at epoch 31, val_loss 0.0141, val_mae 0.1303, val_rmse 0.1643, val_r2 0.6532, val_pearson 0.8098, lr 1.00e-03 ---
2026-10-01 07:26:41,153 - INFO - 
****************************************************************************************************
2026-10-01 07:26:42,861 - INFO - --- training epoch 32, loss 0.0186, mae 0.1522, rmse 0.1929, time elapsed(min) 0.02---
2026-10-01 07:26:43,068 - INFO - --- validation at epoch 32, val_loss 0.0146, val_mae 0.1322, val_rmse 0.1671, val_r2 0.6412, val_pearson 0.8073, lr 1.00e-03 ---
2026-10-01 07:26:43,068 - INFO - 
****************************************************************************************************
2026-10-01 07:26:44,622 - INFO - --- training epoch 33, loss 0.0180, mae 0.1509, rmse 0.1898, time elapsed(min) 0.02---
2026-10-01 07:26:44,825 - INFO - --- validation at epoch 33, val_loss 0.0150, val_mae 0.1319, val_rmse 0.1687, val_r2 0.6344, val_pearson 0.8171, lr 1.00e-03 ---
2026-10-01 07:26:44,825 - INFO - 
****************************************************************************************************
2026-10-01 07:26:46,475 - INFO - --- training epoch 34, loss 0.0182, mae 0.1509, rmse 0.1910, time elapsed(min) 0.02---
2026-10-01 07:26:46,852 - INFO - --- validation at epoch 34, val_loss 0.0153, val_mae 0.1336, val_rmse 0.1696, val_r2 0.6304, val_pearson 0.8159, lr 1.00e-03 ---
2026-10-01 07:26:46,852 - INFO - 
****************************************************************************************************
2026-10-01 07:26:48,556 - INFO - --- training epoch 35, loss 0.0180, mae 0.1499, rmse 0.1900, time elapsed(min) 0.02---
2026-10-01 07:26:48,770 - INFO - --- validation at epoch 35, val_loss 0.0160, val_mae 0.1343, val_rmse 0.1711, val_r2 0.6241, val_pearson 0.8080, lr 1.00e-03 ---
2026-10-01 07:26:48,770 - INFO - 
****************************************************************************************************
2026-10-01 07:26:50,379 - INFO - --- training epoch 36, loss 0.0176, mae 0.1482, rmse 0.1876, time elapsed(min) 0.02---
2026-10-01 07:26:50,588 - INFO - --- validation at epoch 36, val_loss 0.0152, val_mae 0.1331, val_rmse 0.1701, val_r2 0.6283, val_pearson 0.8172, lr 1.00e-03 ---
2026-10-01 07:26:50,588 - INFO - 
****************************************************************************************************
2026-10-01 07:26:52,165 - INFO - --- training epoch 37, loss 0.0169, mae 0.1446, rmse 0.1836, time elapsed(min) 0.02---
2026-10-01 07:26:52,500 - INFO - --- validation at epoch 37, val_loss 0.0136, val_mae 0.1292, val_rmse 0.1629, val_r2 0.6589, val_pearson 0.8229, lr 1.00e-03 ---
2026-10-01 07:26:52,500 - INFO - 
****************************************************************************************************
2026-10-01 07:26:54,375 - INFO - --- training epoch 38, loss 0.0164, mae 0.1429, rmse 0.1810, time elapsed(min) 0.03---
2026-10-01 07:26:54,584 - INFO - --- validation at epoch 38, val_loss 0.0137, val_mae 0.1274, val_rmse 0.1610, val_r2 0.6672, val_pearson 0.8303, lr 1.00e-03 ---
2026-10-01 07:26:54,584 - INFO - 
****************************************************************************************************
2026-10-01 07:26:56,172 - INFO - --- training epoch 39, loss 0.0164, mae 0.1416, rmse 0.1814, time elapsed(min) 0.02---
2026-10-01 07:26:56,372 - INFO - --- validation at epoch 39, val_loss 0.0137, val_mae 0.1262, val_rmse 0.1588, val_r2 0.6761, val_pearson 0.8352, lr 1.00e-03 ---
2026-10-01 07:26:56,372 - INFO - 
****************************************************************************************************
2026-10-01 07:26:57,949 - INFO - --- training epoch 40, loss 0.0169, mae 0.1446, rmse 0.1839, time elapsed(min) 0.02---
2026-10-01 07:26:58,277 - INFO - --- validation at epoch 40, val_loss 0.0150, val_mae 0.1314, val_rmse 0.1669, val_r2 0.6423, val_pearson 0.8323, lr 1.00e-03 ---
2026-10-01 07:26:58,277 - INFO - 
****************************************************************************************************
2026-10-01 07:27:00,005 - INFO - --- training epoch 41, loss 0.0164, mae 0.1414, rmse 0.1809, time elapsed(min) 0.02---
2026-10-01 07:27:00,467 - INFO - --- validation at epoch 41, val_loss 0.0129, val_mae 0.1265, val_rmse 0.1602, val_r2 0.6701, val_pearson 0.8353, lr 1.00e-03 ---
2026-10-01 07:27:00,467 - INFO - 
****************************************************************************************************
2026-10-01 07:27:02,108 - INFO - --- training epoch 42, loss 0.0152, mae 0.1365, rmse 0.1744, time elapsed(min) 0.02---
2026-10-01 07:27:02,317 - INFO - --- validation at epoch 42, val_loss 0.0118, val_mae 0.1194, val_rmse 0.1500, val_r2 0.7109, val_pearson 0.8490, lr 1.00e-03 ---
2026-10-01 07:27:02,318 - INFO - 
****************************************************************************************************
2026-10-01 07:27:03,953 - INFO - --- training epoch 43, loss 0.0183, mae 0.1490, rmse 0.1913, time elapsed(min) 0.02---
2026-10-01 07:27:04,157 - INFO - --- validation at epoch 43, val_loss 0.0159, val_mae 0.1429, val_rmse 0.1744, val_r2 0.6092, val_pearson 0.8280, lr 1.00e-03 ---
2026-10-01 07:27:04,157 - INFO - 
****************************************************************************************************
2026-10-01 07:27:05,800 - INFO - --- training epoch 44, loss 0.0168, mae 0.1431, rmse 0.1835, time elapsed(min) 0.02---
2026-10-01 07:27:06,157 - INFO - --- validation at epoch 44, val_loss 0.0129, val_mae 0.1231, val_rmse 0.1561, val_r2 0.6871, val_pearson 0.8419, lr 1.00e-03 ---
2026-10-01 07:27:06,157 - INFO - 
****************************************************************************************************
2026-10-01 07:27:07,810 - INFO - --- training epoch 45, loss 0.0150, mae 0.1355, rmse 0.1734, time elapsed(min) 0.02---
2026-10-01 07:27:08,014 - INFO - --- validation at epoch 45, val_loss 0.0113, val_mae 0.1168, val_rmse 0.1488, val_r2 0.7155, val_pearson 0.8481, lr 1.00e-03 ---
2026-10-01 07:27:08,014 - INFO - 
****************************************************************************************************
2026-10-01 07:27:09,698 - INFO - --- training epoch 46, loss 0.0152, mae 0.1354, rmse 0.1743, time elapsed(min) 0.02---
2026-10-01 07:27:09,901 - INFO - --- validation at epoch 46, val_loss 0.0124, val_mae 0.1204, val_rmse 0.1535, val_r2 0.6973, val_pearson 0.8552, lr 1.00e-03 ---
2026-10-01 07:27:09,901 - INFO - 
****************************************************************************************************
2026-10-01 07:27:11,509 - INFO - --- training epoch 47, loss 0.0145, mae 0.1317, rmse 0.1702, time elapsed(min) 0.02---
2026-10-01 07:27:11,843 - INFO - --- validation at epoch 47, val_loss 0.0115, val_mae 0.1148, val_rmse 0.1478, val_r2 0.7194, val_pearson 0.8520, lr 1.00e-03 ---
2026-10-01 07:27:11,843 - INFO - 
****************************************************************************************************
2026-10-01 07:27:13,652 - INFO - --- training epoch 48, loss 0.0150, mae 0.1342, rmse 0.1734, time elapsed(min) 0.03---
2026-10-01 07:27:13,856 - INFO - --- validation at epoch 48, val_loss 0.0126, val_mae 0.1239, val_rmse 0.1565, val_r2 0.6855, val_pearson 0.8536, lr 1.00e-03 ---
2026-10-01 07:27:13,856 - INFO - 
****************************************************************************************************
2026-10-01 07:27:15,458 - INFO - --- training epoch 49, loss 0.0250, mae 0.1791, rmse 0.2234, time elapsed(min) 0.02---
2026-10-01 07:27:15,665 - INFO - --- validation at epoch 49, val_loss 0.0156, val_mae 0.1363, val_rmse 0.1703, val_r2 0.6272, val_pearson 0.8038, lr 1.00e-03 ---
2026-10-01 07:27:15,665 - INFO - 
****************************************************************************************************
2026-10-01 07:27:17,254 - INFO - --- training epoch 50, loss 0.0161, mae 0.1400, rmse 0.1796, time elapsed(min) 0.02---
2026-10-01 07:27:17,590 - INFO - --- validation at epoch 50, val_loss 0.0123, val_mae 0.1216, val_rmse 0.1561, val_r2 0.6871, val_pearson 0.8422, lr 1.00e-03 ---
2026-10-01 07:27:17,590 - INFO - 
****************************************************************************************************
2026-10-01 07:27:19,224 - INFO - --- training epoch 51, loss 0.0144, mae 0.1317, rmse 0.1698, time elapsed(min) 0.02---
2026-10-01 07:27:19,701 - INFO - --- validation at epoch 51, val_loss 0.0120, val_mae 0.1160, val_rmse 0.1510, val_r2 0.7073, val_pearson 0.8423, lr 1.00e-03 ---
2026-10-01 07:27:19,701 - INFO - 
****************************************************************************************************
2026-10-01 07:27:21,315 - INFO - --- training epoch 52, loss 0.0144, mae 0.1320, rmse 0.1699, time elapsed(min) 0.02---
2026-10-01 07:27:21,518 - INFO - --- validation at epoch 52, val_loss 0.0112, val_mae 0.1169, val_rmse 0.1479, val_r2 0.7190, val_pearson 0.8562, lr 1.00e-03 ---
2026-10-01 07:27:21,518 - INFO - 
****************************************************************************************************
2026-10-01 07:27:23,211 - INFO - --- training epoch 53, loss 0.0136, mae 0.1264, rmse 0.1652, time elapsed(min) 0.02---
2026-10-01 07:27:23,414 - INFO - --- validation at epoch 53, val_loss 0.0108, val_mae 0.1160, val_rmse 0.1464, val_r2 0.7247, val_pearson 0.8573, lr 1.00e-03 ---
2026-10-01 07:27:23,414 - INFO - 
****************************************************************************************************
2026-10-01 07:27:25,172 - INFO - --- training epoch 54, loss 0.0138, mae 0.1289, rmse 0.1659, time elapsed(min) 0.02---
2026-10-01 07:27:25,532 - INFO - --- validation at epoch 54, val_loss 0.0111, val_mae 0.1155, val_rmse 0.1472, val_r2 0.7217, val_pearson 0.8518, lr 1.00e-03 ---
2026-10-01 07:27:25,532 - INFO - 
****************************************************************************************************
2026-10-01 07:27:27,277 - INFO - --- training epoch 55, loss 0.0135, mae 0.1268, rmse 0.1643, time elapsed(min) 0.02---
2026-10-01 07:27:27,523 - INFO - --- validation at epoch 55, val_loss 0.0105, val_mae 0.1115, val_rmse 0.1429, val_r2 0.7378, val_pearson 0.8656, lr 1.00e-03 ---
2026-10-01 07:27:27,523 - INFO - 
****************************************************************************************************
2026-10-01 07:27:29,164 - INFO - --- training epoch 56, loss 0.0134, mae 0.1262, rmse 0.1638, time elapsed(min) 0.02---
2026-10-01 07:27:29,362 - INFO - --- validation at epoch 56, val_loss 0.0112, val_mae 0.1175, val_rmse 0.1487, val_r2 0.7160, val_pearson 0.8570, lr 1.00e-03 ---
2026-10-01 07:27:29,362 - INFO - 
****************************************************************************************************
2026-10-01 07:27:30,944 - INFO - --- training epoch 57, loss 0.0133, mae 0.1256, rmse 0.1631, time elapsed(min) 0.02---
2026-10-01 07:27:31,267 - INFO - --- validation at epoch 57, val_loss 0.0101, val_mae 0.1102, val_rmse 0.1412, val_r2 0.7439, val_pearson 0.8670, lr 1.00e-03 ---
2026-10-01 07:27:31,267 - INFO - 
****************************************************************************************************
2026-10-01 07:27:33,148 - INFO - --- training epoch 58, loss 0.0134, mae 0.1251, rmse 0.1639, time elapsed(min) 0.03---
2026-10-01 07:27:33,373 - INFO - --- validation at epoch 58, val_loss 0.0109, val_mae 0.1133, val_rmse 0.1458, val_r2 0.7268, val_pearson 0.8638, lr 1.00e-03 ---
2026-10-01 07:27:33,373 - INFO - 
****************************************************************************************************
2026-10-01 07:27:34,903 - INFO - --- training epoch 59, loss 0.0131, mae 0.1242, rmse 0.1616, time elapsed(min) 0.02---
2026-10-01 07:27:35,125 - INFO - --- validation at epoch 59, val_loss 0.0102, val_mae 0.1109, val_rmse 0.1417, val_r2 0.7420, val_pearson 0.8690, lr 1.00e-03 ---
2026-10-01 07:27:35,125 - INFO - 
****************************************************************************************************
2026-10-01 07:27:36,738 - INFO - --- training epoch 60, loss 0.0130, mae 0.1232, rmse 0.1614, time elapsed(min) 0.02---
2026-10-01 07:27:36,940 - INFO - --- validation at epoch 60, val_loss 0.0115, val_mae 0.1170, val_rmse 0.1498, val_r2 0.7116, val_pearson 0.8556, lr 1.00e-03 ---
2026-10-01 07:27:36,940 - INFO - 
****************************************************************************************************
2026-10-01 07:27:38,483 - INFO - --- training epoch 61, loss 0.0132, mae 0.1240, rmse 0.1625, time elapsed(min) 0.02---
2026-10-01 07:27:38,859 - INFO - --- validation at epoch 61, val_loss 0.0106, val_mae 0.1114, val_rmse 0.1415, val_r2 0.7427, val_pearson 0.8645, lr 1.00e-03 ---
2026-10-01 07:27:38,859 - INFO - 
****************************************************************************************************
2026-10-01 07:27:40,594 - INFO - --- training epoch 62, loss 0.0126, mae 0.1205, rmse 0.1585, time elapsed(min) 0.02---
2026-10-01 07:27:40,802 - INFO - --- validation at epoch 62, val_loss 0.0114, val_mae 0.1153, val_rmse 0.1462, val_r2 0.7253, val_pearson 0.8590, lr 1.00e-03 ---
2026-10-01 07:27:40,802 - INFO - 
****************************************************************************************************
2026-10-01 07:27:42,357 - INFO - --- training epoch 63, loss 0.0127, mae 0.1215, rmse 0.1591, time elapsed(min) 0.02---
2026-10-01 07:27:42,571 - INFO - --- validation at epoch 63, val_loss 0.0101, val_mae 0.1091, val_rmse 0.1396, val_r2 0.7495, val_pearson 0.8716, lr 1.00e-03 ---
2026-10-01 07:27:42,571 - INFO - 
****************************************************************************************************
2026-10-01 07:27:44,315 - INFO - --- training epoch 64, loss 0.0129, mae 0.1227, rmse 0.1606, time elapsed(min) 0.02---
2026-10-01 07:27:44,674 - INFO - --- validation at epoch 64, val_loss 0.0119, val_mae 0.1214, val_rmse 0.1541, val_r2 0.6949, val_pearson 0.8662, lr 1.00e-03 ---
2026-10-01 07:27:44,674 - INFO - 
****************************************************************************************************
2026-10-01 07:27:46,389 - INFO - --- training epoch 65, loss 0.0122, mae 0.1194, rmse 0.1564, time elapsed(min) 0.02---
2026-10-01 07:27:46,595 - INFO - --- validation at epoch 65, val_loss 0.0099, val_mae 0.1084, val_rmse 0.1391, val_r2 0.7515, val_pearson 0.8693, lr 1.00e-03 ---
2026-10-01 07:27:46,595 - INFO - 
****************************************************************************************************
2026-10-01 07:27:48,276 - INFO - --- training epoch 66, loss 0.0120, mae 0.1180, rmse 0.1548, time elapsed(min) 0.02---
2026-10-01 07:27:48,483 - INFO - --- validation at epoch 66, val_loss 0.0097, val_mae 0.1061, val_rmse 0.1376, val_r2 0.7566, val_pearson 0.8700, lr 1.00e-03 ---
2026-10-01 07:27:48,483 - INFO - 
****************************************************************************************************
2026-10-01 07:27:50,112 - INFO - --- training epoch 67, loss 0.0123, mae 0.1189, rmse 0.1570, time elapsed(min) 0.02---
2026-10-01 07:27:50,447 - INFO - --- validation at epoch 67, val_loss 0.0101, val_mae 0.1113, val_rmse 0.1427, val_r2 0.7383, val_pearson 0.8666, lr 1.00e-03 ---
2026-10-01 07:27:50,447 - INFO - 
****************************************************************************************************
2026-10-01 07:27:52,201 - INFO - --- training epoch 68, loss 0.0118, mae 0.1170, rmse 0.1536, time elapsed(min) 0.02---
2026-10-01 07:27:52,406 - INFO - --- validation at epoch 68, val_loss 0.0094, val_mae 0.1054, val_rmse 0.1364, val_r2 0.7611, val_pearson 0.8739, lr 1.00e-03 ---
2026-10-01 07:27:52,406 - INFO - 
****************************************************************************************************
2026-10-01 07:27:54,015 - INFO - --- training epoch 69, loss 0.0115, mae 0.1159, rmse 0.1514, time elapsed(min) 0.02---
2026-10-01 07:27:54,224 - INFO - --- validation at epoch 69, val_loss 0.0091, val_mae 0.1021, val_rmse 0.1333, val_r2 0.7719, val_pearson 0.8787, lr 1.00e-03 ---
2026-10-01 07:27:54,224 - INFO - 
****************************************************************************************************
2026-10-01 07:27:55,878 - INFO - --- training epoch 70, loss 0.0119, mae 0.1173, rmse 0.1542, time elapsed(min) 0.02---
2026-10-01 07:27:56,206 - INFO - --- validation at epoch 70, val_loss 0.0096, val_mae 0.1063, val_rmse 0.1374, val_r2 0.7574, val_pearson 0.8737, lr 1.00e-03 ---
2026-10-01 07:27:56,206 - INFO - 
****************************************************************************************************
2026-10-01 07:27:57,861 - INFO - --- training epoch 71, loss 0.0122, mae 0.1189, rmse 0.1563, time elapsed(min) 0.02---
2026-10-01 07:27:58,257 - INFO - --- validation at epoch 71, val_loss 0.0099, val_mae 0.1088, val_rmse 0.1395, val_r2 0.7501, val_pearson 0.8763, lr 1.00e-03 ---
2026-10-01 07:27:58,257 - INFO - 
****************************************************************************************************
2026-10-01 07:27:59,930 - INFO - --- training epoch 72, loss 0.0115, mae 0.1150, rmse 0.1518, time elapsed(min) 0.02---
2026-10-01 07:28:00,131 - INFO - --- validation at epoch 72, val_loss 0.0099, val_mae 0.1057, val_rmse 0.1394, val_r2 0.7504, val_pearson 0.8669, lr 1.00e-03 ---
2026-10-01 07:28:00,131 - INFO - 
****************************************************************************************************
2026-10-01 07:28:01,713 - INFO - --- training epoch 73, loss 0.0116, mae 0.1161, rmse 0.1526, time elapsed(min) 0.02---
2026-10-01 07:28:01,919 - INFO - --- validation at epoch 73, val_loss 0.0093, val_mae 0.1040, val_rmse 0.1361, val_r2 0.7621, val_pearson 0.8736, lr 1.00e-03 ---
2026-10-01 07:28:01,919 - INFO - 
****************************************************************************************************
2026-10-01 07:28:03,541 - INFO - --- training epoch 74, loss 0.0116, mae 0.1159, rmse 0.1523, time elapsed(min) 0.02---
2026-10-01 07:28:03,934 - INFO - --- validation at epoch 74, val_loss 0.0094, val_mae 0.1051, val_rmse 0.1362, val_r2 0.7618, val_pearson 0.8795, lr 1.00e-03 ---
2026-10-01 07:28:03,934 - INFO - 
****************************************************************************************************
2026-10-01 07:28:05,637 - INFO - --- training epoch 75, loss 0.0117, mae 0.1168, rmse 0.1528, time elapsed(min) 0.02---
2026-10-01 07:28:05,845 - INFO - --- validation at epoch 75, val_loss 0.0089, val_mae 0.0983, val_rmse 0.1308, val_r2 0.7803, val_pearson 0.8837, lr 1.00e-03 ---
2026-10-01 07:28:05,845 - INFO - 
****************************************************************************************************
2026-10-01 07:28:07,467 - INFO - --- training epoch 76, loss 0.0119, mae 0.1179, rmse 0.1544, time elapsed(min) 0.02---
2026-10-01 07:28:07,670 - INFO - --- validation at epoch 76, val_loss 0.0093, val_mae 0.1050, val_rmse 0.1363, val_r2 0.7615, val_pearson 0.8744, lr 1.00e-03 ---
2026-10-01 07:28:07,670 - INFO - 
****************************************************************************************************
2026-10-01 07:28:09,293 - INFO - --- training epoch 77, loss 0.0118, mae 0.1169, rmse 0.1533, time elapsed(min) 0.02---
2026-10-01 07:28:09,625 - INFO - --- validation at epoch 77, val_loss 0.0089, val_mae 0.1014, val_rmse 0.1337, val_r2 0.7704, val_pearson 0.8825, lr 1.00e-03 ---
2026-10-01 07:28:09,625 - INFO - 
****************************************************************************************************
2026-10-01 07:28:11,391 - INFO - --- training epoch 78, loss 0.0115, mae 0.1154, rmse 0.1519, time elapsed(min) 0.02---
2026-10-01 07:28:11,600 - INFO - --- validation at epoch 78, val_loss 0.0094, val_mae 0.1061, val_rmse 0.1366, val_r2 0.7602, val_pearson 0.8821, lr 1.00e-03 ---
2026-10-01 07:28:11,600 - INFO - 
****************************************************************************************************
2026-10-01 07:28:13,162 - INFO - --- training epoch 79, loss 0.0116, mae 0.1161, rmse 0.1523, time elapsed(min) 0.02---
2026-10-01 07:28:13,365 - INFO - --- validation at epoch 79, val_loss 0.0094, val_mae 0.1073, val_rmse 0.1378, val_r2 0.7562, val_pearson 0.8831, lr 1.00e-03 ---
2026-10-01 07:28:13,365 - INFO - 
****************************************************************************************************
2026-10-01 07:28:14,947 - INFO - --- training epoch 80, loss 0.0145, mae 0.1334, rmse 0.1703, time elapsed(min) 0.02---
2026-10-01 07:28:15,273 - INFO - --- validation at epoch 80, val_loss 0.0119, val_mae 0.1182, val_rmse 0.1514, val_r2 0.7055, val_pearson 0.8753, lr 1.00e-03 ---
2026-10-01 07:28:15,273 - INFO - 
****************************************************************************************************
2026-10-01 07:28:16,952 - INFO - --- training epoch 81, loss 0.0120, mae 0.1181, rmse 0.1549, time elapsed(min) 0.02---
2026-10-01 07:28:17,417 - INFO - --- validation at epoch 81, val_loss 0.0092, val_mae 0.1038, val_rmse 0.1340, val_r2 0.7695, val_pearson 0.8859, lr 1.00e-03 ---
2026-10-01 07:28:17,418 - INFO - 
****************************************************************************************************
2026-10-01 07:28:18,964 - INFO - --- training epoch 82, loss 0.0110, mae 0.1132, rmse 0.1483, time elapsed(min) 0.02---
2026-10-01 07:28:19,167 - INFO - --- validation at epoch 82, val_loss 0.0093, val_mae 0.1061, val_rmse 0.1365, val_r2 0.7607, val_pearson 0.8831, lr 1.00e-03 ---
2026-10-01 07:28:19,167 - INFO - 
****************************************************************************************************
2026-10-01 07:28:20,807 - INFO - --- training epoch 83, loss 0.0115, mae 0.1154, rmse 0.1514, time elapsed(min) 0.02---
2026-10-01 07:28:21,017 - INFO - --- validation at epoch 83, val_loss 0.0094, val_mae 0.1028, val_rmse 0.1347, val_r2 0.7668, val_pearson 0.8854, lr 1.00e-03 ---
2026-10-01 07:28:21,018 - INFO - 
****************************************************************************************************
2026-10-01 07:28:22,645 - INFO - --- training epoch 84, loss 0.0114, mae 0.1153, rmse 0.1508, time elapsed(min) 0.02---
2026-10-01 07:28:23,003 - INFO - --- validation at epoch 84, val_loss 0.0105, val_mae 0.1119, val_rmse 0.1431, val_r2 0.7370, val_pearson 0.8766, lr 1.00e-03 ---
2026-10-01 07:28:23,003 - INFO - 
****************************************************************************************************
2026-10-01 07:28:24,710 - INFO - --- training epoch 85, loss 0.0114, mae 0.1159, rmse 0.1513, time elapsed(min) 0.02---
2026-10-01 07:28:24,912 - INFO - --- validation at epoch 85, val_loss 0.0090, val_mae 0.0991, val_rmse 0.1323, val_r2 0.7750, val_pearson 0.8813, lr 1.00e-03 ---
2026-10-01 07:28:24,912 - INFO - 
****************************************************************************************************
2026-10-01 07:28:26,507 - INFO - --- training epoch 86, loss 0.0112, mae 0.1137, rmse 0.1499, time elapsed(min) 0.02---
2026-10-01 07:28:26,710 - INFO - --- validation at epoch 86, val_loss 0.0095, val_mae 0.1064, val_rmse 0.1371, val_r2 0.7585, val_pearson 0.8873, lr 1.00e-03 ---
2026-10-01 07:28:26,710 - INFO - 
****************************************************************************************************
2026-10-01 07:28:28,363 - INFO - --- training epoch 87, loss 0.0101, mae 0.1075, rmse 0.1420, time elapsed(min) 0.02---
2026-10-01 07:28:28,692 - INFO - --- validation at epoch 87, val_loss 0.0084, val_mae 0.0955, val_rmse 0.1262, val_r2 0.7954, val_pearson 0.8922, lr 3.00e-04 ---
2026-10-01 07:28:28,692 - INFO - 
****************************************************************************************************
2026-10-01 07:28:30,535 - INFO - --- training epoch 88, loss 0.0097, mae 0.1045, rmse 0.1392, time elapsed(min) 0.02---
2026-10-01 07:28:30,746 - INFO - --- validation at epoch 88, val_loss 0.0083, val_mae 0.0940, val_rmse 0.1250, val_r2 0.7994, val_pearson 0.8956, lr 3.00e-04 ---
2026-10-01 07:28:30,746 - INFO - 
****************************************************************************************************
2026-10-01 07:28:32,415 - INFO - --- training epoch 89, loss 0.0093, mae 0.1022, rmse 0.1366, time elapsed(min) 0.02---
2026-10-01 07:28:32,618 - INFO - --- validation at epoch 89, val_loss 0.0084, val_mae 0.0948, val_rmse 0.1259, val_r2 0.7963, val_pearson 0.8940, lr 3.00e-04 ---
2026-10-01 07:28:32,618 - INFO - 
****************************************************************************************************
2026-10-01 07:28:34,202 - INFO - --- training epoch 90, loss 0.0093, mae 0.1020, rmse 0.1364, time elapsed(min) 0.02---
2026-10-01 07:28:34,535 - INFO - --- validation at epoch 90, val_loss 0.0085, val_mae 0.0963, val_rmse 0.1271, val_r2 0.7926, val_pearson 0.8940, lr 3.00e-04 ---
2026-10-01 07:28:34,535 - INFO - 
****************************************************************************************************
2026-10-01 07:28:36,311 - INFO - --- training epoch 91, loss 0.0091, mae 0.1013, rmse 0.1348, time elapsed(min) 0.02---
2026-10-01 07:28:36,518 - INFO - --- validation at epoch 91, val_loss 0.0084, val_mae 0.0958, val_rmse 0.1265, val_r2 0.7943, val_pearson 0.8961, lr 3.00e-04 ---
2026-10-01 07:28:36,518 - INFO - 
****************************************************************************************************
2026-10-01 07:28:38,053 - INFO - --- training epoch 92, loss 0.0092, mae 0.1003, rmse 0.1353, time elapsed(min) 0.02---
2026-10-01 07:28:38,260 - INFO - --- validation at epoch 92, val_loss 0.0084, val_mae 0.0964, val_rmse 0.1268, val_r2 0.7933, val_pearson 0.8970, lr 3.00e-04 ---
2026-10-01 07:28:38,260 - INFO - 
****************************************************************************************************
2026-10-01 07:28:39,871 - INFO - --- training epoch 93, loss 0.0091, mae 0.1012, rmse 0.1348, time elapsed(min) 0.02---
2026-10-01 07:28:40,197 - INFO - --- validation at epoch 93, val_loss 0.0088, val_mae 0.0972, val_rmse 0.1287, val_r2 0.7872, val_pearson 0.8943, lr 3.00e-04 ---
2026-10-01 07:28:40,197 - INFO - 
****************************************************************************************************
2026-10-01 07:28:41,906 - INFO - --- training epoch 94, loss 0.0092, mae 0.1013, rmse 0.1354, time elapsed(min) 0.02---
2026-10-01 07:28:42,393 - INFO - --- validation at epoch 94, val_loss 0.0082, val_mae 0.0939, val_rmse 0.1246, val_r2 0.8006, val_pearson 0.8966, lr 3.00e-04 ---
2026-10-01 07:28:42,393 - INFO - 
****************************************************************************************************
2026-10-01 07:28:44,030 - INFO - --- training epoch 95, loss 0.0091, mae 0.1008, rmse 0.1350, time elapsed(min) 0.02---
2026-10-01 07:28:44,235 - INFO - --- validation at epoch 95, val_loss 0.0083, val_mae 0.0950, val_rmse 0.1255, val_r2 0.7978, val_pearson 0.8979, lr 3.00e-04 ---
2026-10-01 07:28:44,235 - INFO - 
****************************************************************************************************
2026-10-01 07:28:45,774 - INFO - --- training epoch 96, loss 0.0090, mae 0.0996, rmse 0.1342, time elapsed(min) 0.02---
2026-10-01 07:28:45,985 - INFO - --- validation at epoch 96, val_loss 0.0087, val_mae 0.0968, val_rmse 0.1282, val_r2 0.7888, val_pearson 0.8959, lr 3.00e-04 ---
2026-10-01 07:28:45,985 - INFO - 
****************************************************************************************************
2026-10-01 07:28:47,631 - INFO - --- training epoch 97, loss 0.0090, mae 0.1000, rmse 0.1345, time elapsed(min) 0.02---
2026-10-01 07:28:47,991 - INFO - --- validation at epoch 97, val_loss 0.0084, val_mae 0.0946, val_rmse 0.1255, val_r2 0.7977, val_pearson 0.8959, lr 3.00e-04 ---
2026-10-01 07:28:47,991 - INFO - 
****************************************************************************************************
2026-10-01 07:28:49,707 - INFO - --- training epoch 98, loss 0.0092, mae 0.1009, rmse 0.1357, time elapsed(min) 0.02---
2026-10-01 07:28:49,911 - INFO - --- validation at epoch 98, val_loss 0.0083, val_mae 0.0940, val_rmse 0.1252, val_r2 0.7985, val_pearson 0.8980, lr 3.00e-04 ---
2026-10-01 07:28:49,911 - INFO - 
****************************************************************************************************
2026-10-01 07:28:51,479 - INFO - --- training epoch 99, loss 0.0089, mae 0.1000, rmse 0.1335, time elapsed(min) 0.02---
2026-10-01 07:28:51,684 - INFO - --- validation at epoch 99, val_loss 0.0083, val_mae 0.0942, val_rmse 0.1252, val_r2 0.7986, val_pearson 0.8975, lr 3.00e-04 ---
2026-10-01 07:28:51,684 - INFO - 
****************************************************************************************************
2026-10-01 07:28:53,291 - INFO - --- training epoch 100, loss 0.0091, mae 0.1005, rmse 0.1347, time elapsed(min) 0.02---
2026-10-01 07:28:53,618 - INFO - --- validation at epoch 100, val_loss 0.0081, val_mae 0.0936, val_rmse 0.1235, val_r2 0.8040, val_pearson 0.9015, lr 3.00e-04 ---
2026-10-01 07:28:53,618 - INFO - 
****************************************************************************************************
2026-10-01 07:28:55,455 - INFO - --- training epoch 101, loss 0.0091, mae 0.1003, rmse 0.1352, time elapsed(min) 0.02---
2026-10-01 07:28:55,658 - INFO - --- validation at epoch 101, val_loss 0.0081, val_mae 0.0927, val_rmse 0.1235, val_r2 0.8042, val_pearson 0.8991, lr 3.00e-04 ---
2026-10-01 07:28:55,658 - INFO - 
****************************************************************************************************
2026-10-01 07:28:57,267 - INFO - --- training epoch 102, loss 0.0092, mae 0.1019, rmse 0.1358, time elapsed(min) 0.02---
2026-10-01 07:28:57,474 - INFO - --- validation at epoch 102, val_loss 0.0086, val_mae 0.0972, val_rmse 0.1281, val_r2 0.7892, val_pearson 0.8975, lr 3.00e-04 ---
2026-10-01 07:28:57,474 - INFO - 
****************************************************************************************************
2026-10-01 07:28:59,019 - INFO - --- training epoch 103, loss 0.0091, mae 0.1006, rmse 0.1346, time elapsed(min) 0.02---
2026-10-01 07:28:59,225 - INFO - --- validation at epoch 103, val_loss 0.0085, val_mae 0.0962, val_rmse 0.1265, val_r2 0.7944, val_pearson 0.8982, lr 3.00e-04 ---
2026-10-01 07:28:59,226 - INFO - 
****************************************************************************************************
2026-10-01 07:29:00,887 - INFO - --- training epoch 104, loss 0.0089, mae 0.1001, rmse 0.1333, time elapsed(min) 0.02---
2026-10-01 07:29:01,289 - INFO - --- validation at epoch 104, val_loss 0.0084, val_mae 0.0949, val_rmse 0.1256, val_r2 0.7972, val_pearson 0.8989, lr 3.00e-04 ---
2026-10-01 07:29:01,289 - INFO - 
****************************************************************************************************
2026-10-01 07:29:02,940 - INFO - --- training epoch 105, loss 0.0092, mae 0.1010, rmse 0.1360, time elapsed(min) 0.02---
2026-10-01 07:29:03,146 - INFO - --- validation at epoch 105, val_loss 0.0085, val_mae 0.0970, val_rmse 0.1274, val_r2 0.7914, val_pearson 0.8979, lr 3.00e-04 ---
2026-10-01 07:29:03,146 - INFO - 
****************************************************************************************************
2026-10-01 07:29:04,762 - INFO - --- training epoch 106, loss 0.0091, mae 0.1010, rmse 0.1349, time elapsed(min) 0.02---
2026-10-01 07:29:04,972 - INFO - --- validation at epoch 106, val_loss 0.0085, val_mae 0.0954, val_rmse 0.1260, val_r2 0.7960, val_pearson 0.8991, lr 3.00e-04 ---
2026-10-01 07:29:04,972 - INFO - 
****************************************************************************************************
2026-10-01 07:29:06,546 - INFO - --- training epoch 107, loss 0.0091, mae 0.1004, rmse 0.1349, time elapsed(min) 0.02---
2026-10-01 07:29:06,887 - INFO - --- validation at epoch 107, val_loss 0.0082, val_mae 0.0930, val_rmse 0.1250, val_r2 0.7992, val_pearson 0.8981, lr 3.00e-04 ---
2026-10-01 07:29:06,887 - INFO - 
****************************************************************************************************
2026-10-01 07:29:08,608 - INFO - --- training epoch 108, loss 0.0088, mae 0.0987, rmse 0.1329, time elapsed(min) 0.02---
2026-10-01 07:29:08,811 - INFO - --- validation at epoch 108, val_loss 0.0077, val_mae 0.0913, val_rmse 0.1214, val_r2 0.8106, val_pearson 0.9017, lr 3.00e-04 ---
2026-10-01 07:29:08,812 - INFO - 
****************************************************************************************************
2026-10-01 07:29:10,432 - INFO - --- training epoch 109, loss 0.0089, mae 0.0992, rmse 0.1333, time elapsed(min) 0.02---
2026-10-01 07:29:10,636 - INFO - --- validation at epoch 109, val_loss 0.0079, val_mae 0.0919, val_rmse 0.1229, val_r2 0.8061, val_pearson 0.8997, lr 3.00e-04 ---
2026-10-01 07:29:10,636 - INFO - 
****************************************************************************************************
2026-10-01 07:29:12,185 - INFO - --- training epoch 110, loss 0.0088, mae 0.0987, rmse 0.1329, time elapsed(min) 0.02---
2026-10-01 07:29:12,438 - INFO - --- validation at epoch 110, val_loss 0.0084, val_mae 0.0942, val_rmse 0.1259, val_r2 0.7965, val_pearson 0.9001, lr 3.00e-04 ---
2026-10-01 07:29:12,438 - INFO - 
****************************************************************************************************
2026-10-01 07:29:14,073 - INFO - --- training epoch 111, loss 0.0087, mae 0.0992, rmse 0.1318, time elapsed(min) 0.02---
2026-10-01 07:29:14,437 - INFO - --- validation at epoch 111, val_loss 0.0078, val_mae 0.0924, val_rmse 0.1225, val_r2 0.8074, val_pearson 0.9038, lr 3.00e-04 ---
2026-10-01 07:29:14,437 - INFO - 
****************************************************************************************************
2026-10-01 07:29:16,131 - INFO - --- training epoch 112, loss 0.0090, mae 0.0997, rmse 0.1342, time elapsed(min) 0.02---
2026-10-01 07:29:16,337 - INFO - --- validation at epoch 112, val_loss 0.0086, val_mae 0.0967, val_rmse 0.1274, val_r2 0.7916, val_pearson 0.9033, lr 3.00e-04 ---
2026-10-01 07:29:16,337 - INFO - 
****************************************************************************************************
2026-10-01 07:29:17,878 - INFO - --- training epoch 113, loss 0.0091, mae 0.1006, rmse 0.1347, time elapsed(min) 0.02---
2026-10-01 07:29:18,085 - INFO - --- validation at epoch 113, val_loss 0.0085, val_mae 0.0950, val_rmse 0.1268, val_r2 0.7936, val_pearson 0.9018, lr 3.00e-04 ---
2026-10-01 07:29:18,085 - INFO - 
****************************************************************************************************
2026-10-01 07:29:19,803 - INFO - --- training epoch 114, loss 0.0088, mae 0.0991, rmse 0.1324, time elapsed(min) 0.02---
2026-10-01 07:29:20,134 - INFO - --- validation at epoch 114, val_loss 0.0080, val_mae 0.0920, val_rmse 0.1233, val_r2 0.8047, val_pearson 0.9012, lr 3.00e-04 ---
2026-10-01 07:29:20,134 - INFO - 
****************************************************************************************************
2026-10-01 07:29:21,910 - INFO - --- training epoch 115, loss 0.0087, mae 0.0990, rmse 0.1321, time elapsed(min) 0.03---
2026-10-01 07:29:22,133 - INFO - --- validation at epoch 115, val_loss 0.0081, val_mae 0.0920, val_rmse 0.1233, val_r2 0.8047, val_pearson 0.9021, lr 3.00e-04 ---
2026-10-01 07:29:22,133 - INFO - 
****************************************************************************************************
2026-10-01 07:29:23,690 - INFO - --- training epoch 116, loss 0.0088, mae 0.0990, rmse 0.1330, time elapsed(min) 0.02---
2026-10-01 07:29:23,894 - INFO - --- validation at epoch 116, val_loss 0.0079, val_mae 0.0912, val_rmse 0.1223, val_r2 0.8079, val_pearson 0.9025, lr 3.00e-04 ---
2026-10-01 07:29:23,894 - INFO - 
****************************************************************************************************
2026-10-01 07:29:25,442 - INFO - --- training epoch 117, loss 0.0086, mae 0.0972, rmse 0.1309, time elapsed(min) 0.02---
2026-10-01 07:29:25,779 - INFO - --- validation at epoch 117, val_loss 0.0079, val_mae 0.0918, val_rmse 0.1227, val_r2 0.8066, val_pearson 0.9007, lr 3.00e-04 ---
2026-10-01 07:29:25,779 - INFO - 
****************************************************************************************************
2026-10-01 07:29:27,400 - INFO - --- training epoch 118, loss 0.0086, mae 0.0974, rmse 0.1311, time elapsed(min) 0.02---
2026-10-01 07:29:27,760 - INFO - --- validation at epoch 118, val_loss 0.0077, val_mae 0.0915, val_rmse 0.1214, val_r2 0.8108, val_pearson 0.9020, lr 3.00e-04 ---
2026-10-01 07:29:27,760 - INFO - 
****************************************************************************************************
2026-10-01 07:29:29,521 - INFO - --- training epoch 119, loss 0.0087, mae 0.0983, rmse 0.1319, time elapsed(min) 0.02---
2026-10-01 07:29:29,725 - INFO - --- validation at epoch 119, val_loss 0.0079, val_mae 0.0916, val_rmse 0.1223, val_r2 0.8079, val_pearson 0.9024, lr 3.00e-04 ---
2026-10-01 07:29:29,725 - INFO - 
****************************************************************************************************
2026-10-01 07:29:31,304 - INFO - --- training epoch 120, loss 0.0087, mae 0.0979, rmse 0.1316, time elapsed(min) 0.02---
2026-10-01 07:29:31,503 - INFO - --- validation at epoch 120, val_loss 0.0077, val_mae 0.0907, val_rmse 0.1219, val_r2 0.8091, val_pearson 0.9029, lr 3.00e-04 ---
2026-10-01 07:29:31,503 - INFO - 
****************************************************************************************************
2026-10-01 07:29:33,132 - INFO - --- training epoch 121, loss 0.0089, mae 0.0995, rmse 0.1333, time elapsed(min) 0.02---
2026-10-01 07:29:33,501 - INFO - --- validation at epoch 121, val_loss 0.0080, val_mae 0.0919, val_rmse 0.1241, val_r2 0.8021, val_pearson 0.9028, lr 3.00e-04 ---
2026-10-01 07:29:33,501 - INFO - 
****************************************************************************************************
2026-10-01 07:29:35,219 - INFO - --- training epoch 122, loss 0.0088, mae 0.0991, rmse 0.1325, time elapsed(min) 0.02---
2026-10-01 07:29:35,443 - INFO - --- validation at epoch 122, val_loss 0.0075, val_mae 0.0909, val_rmse 0.1206, val_r2 0.8131, val_pearson 0.9052, lr 3.00e-04 ---
2026-10-01 07:29:35,443 - INFO - 
****************************************************************************************************
2026-10-01 07:29:37,069 - INFO - --- training epoch 123, loss 0.0087, mae 0.0983, rmse 0.1319, time elapsed(min) 0.02---
2026-10-01 07:29:37,276 - INFO - --- validation at epoch 123, val_loss 0.0075, val_mae 0.0918, val_rmse 0.1212, val_r2 0.8112, val_pearson 0.9044, lr 3.00e-04 ---
2026-10-01 07:29:37,276 - INFO - 
****************************************************************************************************
2026-10-01 07:29:39,051 - INFO - --- training epoch 124, loss 0.0088, mae 0.0990, rmse 0.1326, time elapsed(min) 0.02---
2026-10-01 07:29:39,424 - INFO - --- validation at epoch 124, val_loss 0.0076, val_mae 0.0917, val_rmse 0.1212, val_r2 0.8112, val_pearson 0.9058, lr 3.00e-04 ---
2026-10-01 07:29:39,424 - INFO - 
****************************************************************************************************
2026-10-01 07:29:41,150 - INFO - --- training epoch 125, loss 0.0087, mae 0.0990, rmse 0.1317, time elapsed(min) 0.02---
2026-10-01 07:29:41,371 - INFO - --- validation at epoch 125, val_loss 0.0077, val_mae 0.0922, val_rmse 0.1217, val_r2 0.8097, val_pearson 0.9022, lr 3.00e-04 ---
2026-10-01 07:29:41,371 - INFO - 
****************************************************************************************************
2026-10-01 07:29:42,993 - INFO - --- training epoch 126, loss 0.0084, mae 0.0959, rmse 0.1292, time elapsed(min) 0.02---
2026-10-01 07:29:43,198 - INFO - --- validation at epoch 126, val_loss 0.0075, val_mae 0.0920, val_rmse 0.1210, val_r2 0.8118, val_pearson 0.9050, lr 3.00e-04 ---
2026-10-01 07:29:43,198 - INFO - 
****************************************************************************************************
2026-10-01 07:29:44,775 - INFO - --- training epoch 127, loss 0.0085, mae 0.0967, rmse 0.1303, time elapsed(min) 0.02---
2026-10-01 07:29:45,108 - INFO - --- validation at epoch 127, val_loss 0.0079, val_mae 0.0904, val_rmse 0.1212, val_r2 0.8114, val_pearson 0.9055, lr 3.00e-04 ---
2026-10-01 07:29:45,108 - INFO - 
****************************************************************************************************
2026-10-01 07:29:46,974 - INFO - --- training epoch 128, loss 0.0086, mae 0.0972, rmse 0.1310, time elapsed(min) 0.03---
2026-10-01 07:29:47,179 - INFO - --- validation at epoch 128, val_loss 0.0077, val_mae 0.0901, val_rmse 0.1209, val_r2 0.8122, val_pearson 0.9045, lr 3.00e-04 ---
2026-10-01 07:29:47,179 - INFO - 
****************************************************************************************************
2026-10-01 07:29:48,715 - INFO - --- training epoch 129, loss 0.0084, mae 0.0958, rmse 0.1297, time elapsed(min) 0.02---
2026-10-01 07:29:48,922 - INFO - --- validation at epoch 129, val_loss 0.0075, val_mae 0.0892, val_rmse 0.1209, val_r2 0.8124, val_pearson 0.9032, lr 3.00e-04 ---
2026-10-01 07:29:48,922 - INFO - 
****************************************************************************************************
2026-10-01 07:29:50,586 - INFO - --- training epoch 130, loss 0.0084, mae 0.0970, rmse 0.1297, time elapsed(min) 0.02---
2026-10-01 07:29:50,914 - INFO - --- validation at epoch 130, val_loss 0.0079, val_mae 0.0908, val_rmse 0.1224, val_r2 0.8075, val_pearson 0.9016, lr 3.00e-04 ---
2026-10-01 07:29:50,914 - INFO - 
****************************************************************************************************
2026-10-01 07:29:52,719 - INFO - --- training epoch 131, loss 0.0087, mae 0.0984, rmse 0.1317, time elapsed(min) 0.03---
2026-10-01 07:29:52,930 - INFO - --- validation at epoch 131, val_loss 0.0083, val_mae 0.0930, val_rmse 0.1257, val_r2 0.7970, val_pearson 0.8984, lr 3.00e-04 ---
2026-10-01 07:29:52,931 - INFO - 
****************************************************************************************************
2026-10-01 07:29:54,543 - INFO - --- training epoch 132, loss 0.0086, mae 0.0978, rmse 0.1310, time elapsed(min) 0.02---
2026-10-01 07:29:54,754 - INFO - --- validation at epoch 132, val_loss 0.0080, val_mae 0.0907, val_rmse 0.1227, val_r2 0.8066, val_pearson 0.9050, lr 3.00e-04 ---
2026-10-01 07:29:54,754 - INFO - 
****************************************************************************************************
2026-10-01 07:29:56,368 - INFO - --- training epoch 133, loss 0.0085, mae 0.0970, rmse 0.1307, time elapsed(min) 0.02---
2026-10-01 07:29:56,694 - INFO - --- validation at epoch 133, val_loss 0.0076, val_mae 0.0891, val_rmse 0.1199, val_r2 0.8152, val_pearson 0.9068, lr 3.00e-04 ---
2026-10-01 07:29:56,694 - INFO - 
****************************************************************************************************
2026-10-01 07:29:58,409 - INFO - --- training epoch 134, loss 0.0084, mae 0.0964, rmse 0.1293, time elapsed(min) 0.02---
2026-10-01 07:29:58,887 - INFO - --- validation at epoch 134, val_loss 0.0074, val_mae 0.0867, val_rmse 0.1180, val_r2 0.8210, val_pearson 0.9085, lr 3.00e-04 ---
2026-10-01 07:29:58,887 - INFO - 
****************************************************************************************************
2026-10-01 07:30:00,524 - INFO - --- training epoch 135, loss 0.0086, mae 0.0975, rmse 0.1311, time elapsed(min) 0.02---
2026-10-01 07:30:00,732 - INFO - --- validation at epoch 135, val_loss 0.0072, val_mae 0.0883, val_rmse 0.1181, val_r2 0.8209, val_pearson 0.9063, lr 3.00e-04 ---
2026-10-01 07:30:00,733 - INFO - 
****************************************************************************************************
2026-10-01 07:30:02,451 - INFO - --- training epoch 136, loss 0.0085, mae 0.0971, rmse 0.1308, time elapsed(min) 0.02---
2026-10-01 07:30:02,654 - INFO - --- validation at epoch 136, val_loss 0.0074, val_mae 0.0881, val_rmse 0.1191, val_r2 0.8178, val_pearson 0.9065, lr 3.00e-04 ---
2026-10-01 07:30:02,655 - INFO - 
****************************************************************************************************
2026-10-01 07:30:04,307 - INFO - --- training epoch 137, loss 0.0084, mae 0.0949, rmse 0.1293, time elapsed(min) 0.02---
2026-10-01 07:30:04,686 - INFO - --- validation at epoch 137, val_loss 0.0073, val_mae 0.0871, val_rmse 0.1185, val_r2 0.8197, val_pearson 0.9066, lr 3.00e-04 ---
2026-10-01 07:30:04,686 - INFO - 
****************************************************************************************************
2026-10-01 07:30:06,429 - INFO - --- training epoch 138, loss 0.0082, mae 0.0946, rmse 0.1280, time elapsed(min) 0.02---
2026-10-01 07:30:06,633 - INFO - --- validation at epoch 138, val_loss 0.0073, val_mae 0.0877, val_rmse 0.1191, val_r2 0.8178, val_pearson 0.9078, lr 3.00e-04 ---
2026-10-01 07:30:06,633 - INFO - 
****************************************************************************************************
2026-10-01 07:30:08,239 - INFO - --- training epoch 139, loss 0.0084, mae 0.0970, rmse 0.1300, time elapsed(min) 0.02---
2026-10-01 07:30:08,444 - INFO - --- validation at epoch 139, val_loss 0.0073, val_mae 0.0889, val_rmse 0.1188, val_r2 0.8187, val_pearson 0.9053, lr 3.00e-04 ---
2026-10-01 07:30:08,444 - INFO - 
****************************************************************************************************
2026-10-01 07:30:10,078 - INFO - --- training epoch 140, loss 0.0081, mae 0.0951, rmse 0.1276, time elapsed(min) 0.02---
2026-10-01 07:30:10,444 - INFO - --- validation at epoch 140, val_loss 0.0076, val_mae 0.0885, val_rmse 0.1205, val_r2 0.8135, val_pearson 0.9049, lr 3.00e-04 ---
2026-10-01 07:30:10,444 - INFO - 
****************************************************************************************************
2026-10-01 07:30:12,266 - INFO - --- training epoch 141, loss 0.0082, mae 0.0950, rmse 0.1283, time elapsed(min) 0.03---
2026-10-01 07:30:12,474 - INFO - --- validation at epoch 141, val_loss 0.0071, val_mae 0.0867, val_rmse 0.1159, val_r2 0.8274, val_pearson 0.9105, lr 3.00e-04 ---
2026-10-01 07:30:12,474 - INFO - 
****************************************************************************************************
2026-10-01 07:30:14,112 - INFO - --- training epoch 142, loss 0.0081, mae 0.0941, rmse 0.1270, time elapsed(min) 0.02---
2026-10-01 07:30:14,313 - INFO - --- validation at epoch 142, val_loss 0.0075, val_mae 0.0890, val_rmse 0.1198, val_r2 0.8157, val_pearson 0.9050, lr 3.00e-04 ---
2026-10-01 07:30:14,313 - INFO - 
****************************************************************************************************
2026-10-01 07:30:15,865 - INFO - --- training epoch 143, loss 0.0083, mae 0.0959, rmse 0.1291, time elapsed(min) 0.02---
2026-10-01 07:30:16,195 - INFO - --- validation at epoch 143, val_loss 0.0074, val_mae 0.0875, val_rmse 0.1173, val_r2 0.8233, val_pearson 0.9088, lr 3.00e-04 ---
2026-10-01 07:30:16,195 - INFO - 
****************************************************************************************************
2026-10-01 07:30:17,809 - INFO - --- training epoch 144, loss 0.0080, mae 0.0938, rmse 0.1263, time elapsed(min) 0.02---
2026-10-01 07:30:18,188 - INFO - --- validation at epoch 144, val_loss 0.0077, val_mae 0.0906, val_rmse 0.1220, val_r2 0.8088, val_pearson 0.9027, lr 3.00e-04 ---
2026-10-01 07:30:18,188 - INFO - 
****************************************************************************************************
2026-10-01 07:30:19,826 - INFO - --- training epoch 145, loss 0.0084, mae 0.0961, rmse 0.1300, time elapsed(min) 0.02---
2026-10-01 07:30:20,031 - INFO - --- validation at epoch 145, val_loss 0.0084, val_mae 0.0953, val_rmse 0.1286, val_r2 0.7874, val_pearson 0.9026, lr 3.00e-04 ---
2026-10-01 07:30:20,032 - INFO - 
****************************************************************************************************
2026-10-01 07:30:21,643 - INFO - --- training epoch 146, loss 0.0082, mae 0.0953, rmse 0.1280, time elapsed(min) 0.02---
2026-10-01 07:30:21,846 - INFO - --- validation at epoch 146, val_loss 0.0072, val_mae 0.0878, val_rmse 0.1167, val_r2 0.8251, val_pearson 0.9087, lr 3.00e-04 ---
2026-10-01 07:30:21,846 - INFO - 
****************************************************************************************************
2026-10-01 07:30:23,498 - INFO - --- training epoch 147, loss 0.0082, mae 0.0946, rmse 0.1281, time elapsed(min) 0.02---
2026-10-01 07:30:23,853 - INFO - --- validation at epoch 147, val_loss 0.0072, val_mae 0.0884, val_rmse 0.1191, val_r2 0.8176, val_pearson 0.9070, lr 3.00e-04 ---
2026-10-01 07:30:23,854 - INFO - 
****************************************************************************************************
2026-10-01 07:30:25,534 - INFO - --- training epoch 148, loss 0.0082, mae 0.0951, rmse 0.1281, time elapsed(min) 0.02---
2026-10-01 07:30:25,739 - INFO - --- validation at epoch 148, val_loss 0.0075, val_mae 0.0904, val_rmse 0.1210, val_r2 0.8119, val_pearson 0.9023, lr 3.00e-04 ---
2026-10-01 07:30:25,739 - INFO - 
****************************************************************************************************
2026-10-01 07:30:27,333 - INFO - --- training epoch 149, loss 0.0083, mae 0.0959, rmse 0.1287, time elapsed(min) 0.02---
2026-10-01 07:30:27,539 - INFO - --- validation at epoch 149, val_loss 0.0071, val_mae 0.0861, val_rmse 0.1163, val_r2 0.8263, val_pearson 0.9104, lr 3.00e-04 ---
2026-10-01 07:30:27,539 - INFO - 
****************************************************************************************************
2026-10-01 07:30:29,161 - INFO - --- training epoch 150, loss 0.0079, mae 0.0939, rmse 0.1255, time elapsed(min) 0.02---
2026-10-01 07:30:29,499 - INFO - --- validation at epoch 150, val_loss 0.0073, val_mae 0.0885, val_rmse 0.1189, val_r2 0.8183, val_pearson 0.9070, lr 3.00e-04 ---
2026-10-01 07:30:29,500 - INFO - 
****************************************************************************************************
2026-10-01 07:30:31,298 - INFO - --- training epoch 151, loss 0.0081, mae 0.0946, rmse 0.1269, time elapsed(min) 0.03---
2026-10-01 07:30:31,504 - INFO - --- validation at epoch 151, val_loss 0.0077, val_mae 0.0887, val_rmse 0.1194, val_r2 0.8170, val_pearson 0.9086, lr 3.00e-04 ---
2026-10-01 07:30:31,504 - INFO - 
****************************************************************************************************
2026-10-01 07:30:33,054 - INFO - --- training epoch 152, loss 0.0082, mae 0.0947, rmse 0.1281, time elapsed(min) 0.02---
2026-10-01 07:30:33,255 - INFO - --- validation at epoch 152, val_loss 0.0075, val_mae 0.0893, val_rmse 0.1204, val_r2 0.8137, val_pearson 0.9059, lr 3.00e-04 ---
2026-10-01 07:30:33,255 - INFO - 
****************************************************************************************************
2026-10-01 07:30:34,949 - INFO - --- training epoch 153, loss 0.0080, mae 0.0935, rmse 0.1267, time elapsed(min) 0.02---
2026-10-01 07:30:35,278 - INFO - --- validation at epoch 153, val_loss 0.0071, val_mae 0.0868, val_rmse 0.1166, val_r2 0.8253, val_pearson 0.9108, lr 3.00e-04 ---
2026-10-01 07:30:35,278 - INFO - 
****************************************************************************************************
2026-10-01 07:30:37,181 - INFO - --- training epoch 154, loss 0.0081, mae 0.0944, rmse 0.1270, time elapsed(min) 0.03---
2026-10-01 07:30:37,391 - INFO - --- validation at epoch 154, val_loss 0.0076, val_mae 0.0885, val_rmse 0.1186, val_r2 0.8193, val_pearson 0.9067, lr 3.00e-04 ---
2026-10-01 07:30:37,391 - INFO - 
****************************************************************************************************
2026-10-01 07:30:38,959 - INFO - --- training epoch 155, loss 0.0079, mae 0.0933, rmse 0.1259, time elapsed(min) 0.02---
2026-10-01 07:30:39,189 - INFO - --- validation at epoch 155, val_loss 0.0077, val_mae 0.0881, val_rmse 0.1194, val_r2 0.8167, val_pearson 0.9077, lr 3.00e-04 ---
2026-10-01 07:30:39,189 - INFO - 
****************************************************************************************************
2026-10-01 07:30:40,907 - INFO - --- training epoch 156, loss 0.0083, mae 0.0975, rmse 0.1292, time elapsed(min) 0.02---
2026-10-01 07:30:41,113 - INFO - --- validation at epoch 156, val_loss 0.0070, val_mae 0.0882, val_rmse 0.1158, val_r2 0.8278, val_pearson 0.9105, lr 3.00e-04 ---
2026-10-01 07:30:41,113 - INFO - 
****************************************************************************************************
2026-10-01 07:30:42,855 - INFO - --- training epoch 157, loss 0.0078, mae 0.0926, rmse 0.1249, time elapsed(min) 0.02---
2026-10-01 07:30:43,216 - INFO - --- validation at epoch 157, val_loss 0.0074, val_mae 0.0878, val_rmse 0.1183, val_r2 0.8203, val_pearson 0.9076, lr 3.00e-04 ---
2026-10-01 07:30:43,216 - INFO - 
****************************************************************************************************
2026-10-01 07:30:44,880 - INFO - --- training epoch 158, loss 0.0080, mae 0.0942, rmse 0.1268, time elapsed(min) 0.02---
2026-10-01 07:30:45,084 - INFO - --- validation at epoch 158, val_loss 0.0076, val_mae 0.0911, val_rmse 0.1196, val_r2 0.8162, val_pearson 0.9060, lr 3.00e-04 ---
2026-10-01 07:30:45,084 - INFO - 
****************************************************************************************************
2026-10-01 07:30:46,735 - INFO - --- training epoch 159, loss 0.0077, mae 0.0930, rmse 0.1242, time elapsed(min) 0.02---
2026-10-01 07:30:46,939 - INFO - --- validation at epoch 159, val_loss 0.0071, val_mae 0.0866, val_rmse 0.1168, val_r2 0.8248, val_pearson 0.9107, lr 3.00e-04 ---
2026-10-01 07:30:46,939 - INFO - 
****************************************************************************************************
2026-10-01 07:30:48,600 - INFO - --- training epoch 160, loss 0.0082, mae 0.0961, rmse 0.1279, time elapsed(min) 0.02---
2026-10-01 07:30:48,982 - INFO - --- validation at epoch 160, val_loss 0.0074, val_mae 0.0880, val_rmse 0.1189, val_r2 0.8183, val_pearson 0.9067, lr 3.00e-04 ---
2026-10-01 07:30:48,982 - INFO - 
****************************************************************************************************
2026-10-01 07:30:50,642 - INFO - --- training epoch 161, loss 0.0081, mae 0.0936, rmse 0.1270, time elapsed(min) 0.02---
2026-10-01 07:30:50,852 - INFO - --- validation at epoch 161, val_loss 0.0072, val_mae 0.0893, val_rmse 0.1178, val_r2 0.8216, val_pearson 0.9082, lr 3.00e-04 ---
2026-10-01 07:30:50,852 - INFO - 
****************************************************************************************************
2026-10-01 07:30:52,413 - INFO - --- training epoch 162, loss 0.0078, mae 0.0936, rmse 0.1252, time elapsed(min) 0.02---
2026-10-01 07:30:52,622 - INFO - --- validation at epoch 162, val_loss 0.0072, val_mae 0.0860, val_rmse 0.1162, val_r2 0.8265, val_pearson 0.9103, lr 3.00e-04 ---
2026-10-01 07:30:52,622 - INFO - 
****************************************************************************************************
2026-10-01 07:30:54,297 - INFO - --- training epoch 163, loss 0.0078, mae 0.0936, rmse 0.1251, time elapsed(min) 0.02---
2026-10-01 07:30:54,628 - INFO - --- validation at epoch 163, val_loss 0.0070, val_mae 0.0864, val_rmse 0.1152, val_r2 0.8295, val_pearson 0.9129, lr 3.00e-04 ---
2026-10-01 07:30:54,628 - INFO - 
****************************************************************************************************
2026-10-01 07:30:56,383 - INFO - --- training epoch 164, loss 0.0078, mae 0.0931, rmse 0.1250, time elapsed(min) 0.02---
2026-10-01 07:30:56,587 - INFO - --- validation at epoch 164, val_loss 0.0070, val_mae 0.0879, val_rmse 0.1167, val_r2 0.8250, val_pearson 0.9095, lr 3.00e-04 ---
2026-10-01 07:30:56,587 - INFO - 
****************************************************************************************************
2026-10-01 07:30:58,205 - INFO - --- training epoch 165, loss 0.0079, mae 0.0932, rmse 0.1255, time elapsed(min) 0.02---
2026-10-01 07:30:58,411 - INFO - --- validation at epoch 165, val_loss 0.0074, val_mae 0.0886, val_rmse 0.1187, val_r2 0.8189, val_pearson 0.9070, lr 3.00e-04 ---
2026-10-01 07:30:58,411 - INFO - 
****************************************************************************************************
2026-10-01 07:30:59,975 - INFO - --- training epoch 166, loss 0.0080, mae 0.0946, rmse 0.1265, time elapsed(min) 0.02---
2026-10-01 07:31:00,303 - INFO - --- validation at epoch 166, val_loss 0.0071, val_mae 0.0864, val_rmse 0.1165, val_r2 0.8256, val_pearson 0.9101, lr 3.00e-04 ---
2026-10-01 07:31:00,303 - INFO - 
****************************************************************************************************
2026-10-01 07:31:02,077 - INFO - --- training epoch 167, loss 0.0079, mae 0.0932, rmse 0.1255, time elapsed(min) 0.02---
2026-10-01 07:31:02,284 - INFO - --- validation at epoch 167, val_loss 0.0072, val_mae 0.0869, val_rmse 0.1167, val_r2 0.8252, val_pearson 0.9093, lr 3.00e-04 ---
2026-10-01 07:31:02,284 - INFO - 
****************************************************************************************************
2026-10-01 07:31:03,880 - INFO - --- training epoch 168, loss 0.0077, mae 0.0929, rmse 0.1244, time elapsed(min) 0.02---
2026-10-01 07:31:04,082 - INFO - --- validation at epoch 168, val_loss 0.0068, val_mae 0.0852, val_rmse 0.1138, val_r2 0.8335, val_pearson 0.9139, lr 3.00e-04 ---
2026-10-01 07:31:04,082 - INFO - 
****************************************************************************************************
2026-10-01 07:31:05,720 - INFO - --- training epoch 169, loss 0.0081, mae 0.0945, rmse 0.1275, time elapsed(min) 0.02---
2026-10-01 07:31:06,047 - INFO - --- validation at epoch 169, val_loss 0.0075, val_mae 0.0884, val_rmse 0.1186, val_r2 0.8192, val_pearson 0.9095, lr 3.00e-04 ---
2026-10-01 07:31:06,048 - INFO - 
****************************************************************************************************
2026-10-01 07:31:07,738 - INFO - --- training epoch 170, loss 0.0078, mae 0.0938, rmse 0.1251, time elapsed(min) 0.02---
2026-10-01 07:31:08,116 - INFO - --- validation at epoch 170, val_loss 0.0076, val_mae 0.0916, val_rmse 0.1200, val_r2 0.8149, val_pearson 0.9037, lr 3.00e-04 ---
2026-10-01 07:31:08,116 - INFO - 
****************************************************************************************************
2026-10-01 07:31:09,940 - INFO - --- training epoch 171, loss 0.0081, mae 0.0940, rmse 0.1269, time elapsed(min) 0.02---
2026-10-01 07:31:10,144 - INFO - --- validation at epoch 171, val_loss 0.0072, val_mae 0.0880, val_rmse 0.1177, val_r2 0.8222, val_pearson 0.9071, lr 3.00e-04 ---
2026-10-01 07:31:10,144 - INFO - 
****************************************************************************************************
2026-10-01 07:31:11,690 - INFO - --- training epoch 172, loss 0.0079, mae 0.0945, rmse 0.1257, time elapsed(min) 0.02---
2026-10-01 07:31:11,908 - INFO - --- validation at epoch 172, val_loss 0.0077, val_mae 0.0920, val_rmse 0.1227, val_r2 0.8064, val_pearson 0.8985, lr 3.00e-04 ---
2026-10-01 07:31:11,908 - INFO - 
****************************************************************************************************
2026-10-01 07:31:13,546 - INFO - --- training epoch 173, loss 0.0082, mae 0.0959, rmse 0.1280, time elapsed(min) 0.02---
2026-10-01 07:31:13,924 - INFO - --- validation at epoch 173, val_loss 0.0080, val_mae 0.0909, val_rmse 0.1227, val_r2 0.8067, val_pearson 0.9000, lr 3.00e-04 ---
2026-10-01 07:31:13,925 - INFO - 
****************************************************************************************************
2026-10-01 07:31:15,585 - INFO - --- training epoch 174, loss 0.0078, mae 0.0932, rmse 0.1253, time elapsed(min) 0.02---
2026-10-01 07:31:15,789 - INFO - --- validation at epoch 174, val_loss 0.0077, val_mae 0.0885, val_rmse 0.1196, val_r2 0.8162, val_pearson 0.9049, lr 3.00e-04 ---
2026-10-01 07:31:15,789 - INFO - 
****************************************************************************************************
2026-10-01 07:31:17,517 - INFO - --- training epoch 175, loss 0.0082, mae 0.0952, rmse 0.1277, time elapsed(min) 0.02---
2026-10-01 07:31:17,724 - INFO - --- validation at epoch 175, val_loss 0.0082, val_mae 0.0934, val_rmse 0.1254, val_r2 0.7980, val_pearson 0.8967, lr 3.00e-04 ---
2026-10-01 07:31:17,724 - INFO - 
****************************************************************************************************
2026-10-01 07:31:19,295 - INFO - --- training epoch 176, loss 0.0079, mae 0.0933, rmse 0.1258, time elapsed(min) 0.02---
2026-10-01 07:31:19,626 - INFO - --- validation at epoch 176, val_loss 0.0078, val_mae 0.0910, val_rmse 0.1217, val_r2 0.8096, val_pearson 0.9027, lr 3.00e-04 ---
2026-10-01 07:31:19,627 - INFO - 
****************************************************************************************************
2026-10-01 07:31:21,391 - INFO - --- training epoch 177, loss 0.0079, mae 0.0928, rmse 0.1255, time elapsed(min) 0.02---
2026-10-01 07:31:21,595 - INFO - --- validation at epoch 177, val_loss 0.0079, val_mae 0.0911, val_rmse 0.1218, val_r2 0.8093, val_pearson 0.9048, lr 3.00e-04 ---
2026-10-01 07:31:21,595 - INFO - 
****************************************************************************************************
2026-10-01 07:31:23,133 - INFO - --- training epoch 178, loss 0.0080, mae 0.0936, rmse 0.1262, time elapsed(min) 0.02---
2026-10-01 07:31:23,337 - INFO - --- validation at epoch 178, val_loss 0.0078, val_mae 0.0909, val_rmse 0.1213, val_r2 0.8110, val_pearson 0.9073, lr 3.00e-04 ---
2026-10-01 07:31:23,337 - INFO - 
****************************************************************************************************
2026-10-01 07:31:24,915 - INFO - --- training epoch 179, loss 0.0079, mae 0.0937, rmse 0.1254, time elapsed(min) 0.02---
2026-10-01 07:31:25,237 - INFO - --- validation at epoch 179, val_loss 0.0077, val_mae 0.0899, val_rmse 0.1203, val_r2 0.8142, val_pearson 0.9039, lr 3.00e-04 ---
2026-10-01 07:31:25,237 - INFO - 
****************************************************************************************************
2026-10-01 07:31:26,963 - INFO - --- training epoch 180, loss 0.0071, mae 0.0880, rmse 0.1192, time elapsed(min) 0.02---
2026-10-01 07:31:27,431 - INFO - --- validation at epoch 180, val_loss 0.0066, val_mae 0.0835, val_rmse 0.1135, val_r2 0.8345, val_pearson 0.9169, lr 9.00e-05 ---
2026-10-01 07:31:27,431 - INFO - 
****************************************************************************************************
2026-10-01 07:31:29,133 - INFO - --- training epoch 181, loss 0.0070, mae 0.0865, rmse 0.1181, time elapsed(min) 0.02---
2026-10-01 07:31:29,338 - INFO - --- validation at epoch 181, val_loss 0.0066, val_mae 0.0838, val_rmse 0.1127, val_r2 0.8368, val_pearson 0.9176, lr 9.00e-05 ---
2026-10-01 07:31:29,338 - INFO - 
****************************************************************************************************
2026-10-01 07:31:30,946 - INFO - --- training epoch 182, loss 0.0068, mae 0.0863, rmse 0.1169, time elapsed(min) 0.02---
2026-10-01 07:31:31,166 - INFO - --- validation at epoch 182, val_loss 0.0070, val_mae 0.0859, val_rmse 0.1159, val_r2 0.8274, val_pearson 0.9145, lr 9.00e-05 ---
2026-10-01 07:31:31,166 - INFO - 
****************************************************************************************************
2026-10-01 07:31:32,811 - INFO - --- training epoch 183, loss 0.0069, mae 0.0867, rmse 0.1172, time elapsed(min) 0.02---
2026-10-01 07:31:33,332 - INFO - --- validation at epoch 183, val_loss 0.0067, val_mae 0.0834, val_rmse 0.1143, val_r2 0.8322, val_pearson 0.9165, lr 9.00e-05 ---
2026-10-01 07:31:33,332 - INFO - 
****************************************************************************************************
2026-10-01 07:31:34,880 - INFO - --- training epoch 184, loss 0.0068, mae 0.0856, rmse 0.1168, time elapsed(min) 0.02---
2026-10-01 07:31:35,088 - INFO - --- validation at epoch 184, val_loss 0.0066, val_mae 0.0832, val_rmse 0.1130, val_r2 0.8359, val_pearson 0.9179, lr 9.00e-05 ---
2026-10-01 07:31:35,088 - INFO - 
****************************************************************************************************
2026-10-01 07:31:36,648 - INFO - --- training epoch 185, loss 0.0066, mae 0.0842, rmse 0.1146, time elapsed(min) 0.02---
2026-10-01 07:31:36,849 - INFO - --- validation at epoch 185, val_loss 0.0068, val_mae 0.0844, val_rmse 0.1140, val_r2 0.8332, val_pearson 0.9175, lr 9.00e-05 ---
2026-10-01 07:31:36,849 - INFO - 
****************************************************************************************************
2026-10-01 07:31:38,530 - INFO - --- training epoch 186, loss 0.0067, mae 0.0859, rmse 0.1161, time elapsed(min) 0.02---
2026-10-01 07:31:38,907 - INFO - --- validation at epoch 186, val_loss 0.0069, val_mae 0.0840, val_rmse 0.1146, val_r2 0.8314, val_pearson 0.9161, lr 9.00e-05 ---
2026-10-01 07:31:38,907 - INFO - 
****************************************************************************************************
2026-10-01 07:31:40,659 - INFO - --- training epoch 187, loss 0.0067, mae 0.0853, rmse 0.1159, time elapsed(min) 0.02---
2026-10-01 07:31:40,864 - INFO - --- validation at epoch 187, val_loss 0.0069, val_mae 0.0846, val_rmse 0.1141, val_r2 0.8328, val_pearson 0.9158, lr 9.00e-05 ---
2026-10-01 07:31:40,865 - INFO - 
****************************************************************************************************
2026-10-01 07:31:42,408 - INFO - --- training epoch 188, loss 0.0067, mae 0.0853, rmse 0.1160, time elapsed(min) 0.02---
2026-10-01 07:31:42,636 - INFO - --- validation at epoch 188, val_loss 0.0067, val_mae 0.0836, val_rmse 0.1137, val_r2 0.8338, val_pearson 0.9170, lr 9.00e-05 ---
2026-10-01 07:31:42,636 - INFO - 
****************************************************************************************************
2026-10-01 07:31:44,279 - INFO - --- training epoch 189, loss 0.0070, mae 0.0869, rmse 0.1182, time elapsed(min) 0.02---
2026-10-01 07:31:44,610 - INFO - --- validation at epoch 189, val_loss 0.0067, val_mae 0.0836, val_rmse 0.1134, val_r2 0.8348, val_pearson 0.9176, lr 9.00e-05 ---
2026-10-01 07:31:44,610 - INFO - 
****************************************************************************************************
2026-10-01 07:31:46,370 - INFO - --- training epoch 190, loss 0.0067, mae 0.0858, rmse 0.1161, time elapsed(min) 0.02---
2026-10-01 07:31:46,576 - INFO - --- validation at epoch 190, val_loss 0.0067, val_mae 0.0834, val_rmse 0.1136, val_r2 0.8343, val_pearson 0.9186, lr 9.00e-05 ---
2026-10-01 07:31:46,576 - INFO - 
****************************************************************************************************
2026-10-01 07:31:48,128 - INFO - --- training epoch 191, loss 0.0068, mae 0.0859, rmse 0.1167, time elapsed(min) 0.02---
2026-10-01 07:31:48,325 - INFO - --- validation at epoch 191, val_loss 0.0068, val_mae 0.0838, val_rmse 0.1145, val_r2 0.8317, val_pearson 0.9171, lr 9.00e-05 ---
2026-10-01 07:31:48,325 - INFO - 
****************************************************************************************************
2026-10-01 07:31:49,892 - INFO - --- training epoch 192, loss 0.0067, mae 0.0855, rmse 0.1160, time elapsed(min) 0.02---
2026-10-01 07:31:50,233 - INFO - --- validation at epoch 192, val_loss 0.0066, val_mae 0.0814, val_rmse 0.1114, val_r2 0.8406, val_pearson 0.9191, lr 2.70e-05 ---
2026-10-01 07:31:50,233 - INFO - 
****************************************************************************************************
2026-10-01 07:31:52,021 - INFO - --- training epoch 193, loss 0.0064, mae 0.0839, rmse 0.1130, time elapsed(min) 0.03---
2026-10-01 07:31:52,232 - INFO - --- validation at epoch 193, val_loss 0.0065, val_mae 0.0815, val_rmse 0.1112, val_r2 0.8411, val_pearson 0.9194, lr 2.70e-05 ---
2026-10-01 07:31:52,232 - INFO - 
****************************************************************************************************
2026-10-01 07:31:53,923 - INFO - --- training epoch 194, loss 0.0065, mae 0.0841, rmse 0.1142, time elapsed(min) 0.02---
2026-10-01 07:31:54,149 - INFO - --- validation at epoch 194, val_loss 0.0065, val_mae 0.0814, val_rmse 0.1107, val_r2 0.8426, val_pearson 0.9198, lr 2.70e-05 ---
2026-10-01 07:31:54,149 - INFO - 
****************************************************************************************************
2026-10-01 07:31:55,796 - INFO - --- training epoch 195, loss 0.0065, mae 0.0840, rmse 0.1140, time elapsed(min) 0.02---
2026-10-01 07:31:56,126 - INFO - --- validation at epoch 195, val_loss 0.0065, val_mae 0.0817, val_rmse 0.1113, val_r2 0.8409, val_pearson 0.9191, lr 2.70e-05 ---
2026-10-01 07:31:56,126 - INFO - 
****************************************************************************************************
2026-10-01 07:31:57,785 - INFO - --- training epoch 196, loss 0.0064, mae 0.0835, rmse 0.1135, time elapsed(min) 0.02---
2026-10-01 07:31:58,159 - INFO - --- validation at epoch 196, val_loss 0.0066, val_mae 0.0817, val_rmse 0.1113, val_r2 0.8408, val_pearson 0.9197, lr 2.70e-05 ---
2026-10-01 07:31:58,159 - INFO - 
****************************************************************************************************
2026-10-01 07:31:59,836 - INFO - --- training epoch 197, loss 0.0064, mae 0.0836, rmse 0.1132, time elapsed(min) 0.02---
2026-10-01 07:32:00,058 - INFO - --- validation at epoch 197, val_loss 0.0066, val_mae 0.0825, val_rmse 0.1124, val_r2 0.8378, val_pearson 0.9188, lr 2.70e-05 ---
2026-10-01 07:32:00,058 - INFO - 
****************************************************************************************************
2026-10-01 07:32:01,605 - INFO - --- training epoch 198, loss 0.0066, mae 0.0840, rmse 0.1150, time elapsed(min) 0.02---
2026-10-01 07:32:01,830 - INFO - --- validation at epoch 198, val_loss 0.0066, val_mae 0.0823, val_rmse 0.1122, val_r2 0.8382, val_pearson 0.9191, lr 2.70e-05 ---
2026-10-01 07:32:01,830 - INFO - 
****************************************************************************************************
2026-10-01 07:32:03,510 - INFO - --- training epoch 199, loss 0.0063, mae 0.0827, rmse 0.1124, time elapsed(min) 0.02---
2026-10-01 07:32:03,930 - INFO - --- validation at epoch 199, val_loss 0.0065, val_mae 0.0812, val_rmse 0.1114, val_r2 0.8407, val_pearson 0.9195, lr 2.70e-05 ---
2026-10-01 07:32:03,930 - INFO - 
****************************************************************************************************
2026-10-01 07:32:05,723 - INFO - --- training epoch 200, loss 0.0065, mae 0.0846, rmse 0.1142, time elapsed(min) 0.02---
2026-10-01 07:32:05,929 - INFO - --- validation at epoch 200, val_loss 0.0066, val_mae 0.0818, val_rmse 0.1118, val_r2 0.8393, val_pearson 0.9199, lr 2.70e-05 ---
2026-10-01 07:32:05,929 - INFO - 
****************************************************************************************************
2026-10-01 07:32:07,554 - INFO - --- training epoch 201, loss 0.0064, mae 0.0838, rmse 0.1135, time elapsed(min) 0.02---
2026-10-01 07:32:07,758 - INFO - --- validation at epoch 201, val_loss 0.0066, val_mae 0.0818, val_rmse 0.1116, val_r2 0.8400, val_pearson 0.9194, lr 2.70e-05 ---
2026-10-01 07:32:07,758 - INFO - 
****************************************************************************************************
2026-10-01 07:32:09,407 - INFO - --- training epoch 202, loss 0.0064, mae 0.0837, rmse 0.1135, time elapsed(min) 0.02---
2026-10-01 07:32:09,733 - INFO - --- validation at epoch 202, val_loss 0.0065, val_mae 0.0813, val_rmse 0.1105, val_r2 0.8431, val_pearson 0.9203, lr 2.70e-05 ---
2026-10-01 07:32:09,733 - INFO - 
****************************************************************************************************
2026-10-01 07:32:11,530 - INFO - --- training epoch 203, loss 0.0064, mae 0.0836, rmse 0.1131, time elapsed(min) 0.02---
2026-10-01 07:32:11,742 - INFO - --- validation at epoch 203, val_loss 0.0065, val_mae 0.0819, val_rmse 0.1118, val_r2 0.8396, val_pearson 0.9198, lr 2.70e-05 ---
2026-10-01 07:32:11,742 - INFO - 
****************************************************************************************************
2026-10-01 07:32:13,364 - INFO - --- training epoch 204, loss 0.0064, mae 0.0834, rmse 0.1131, time elapsed(min) 0.02---
2026-10-01 07:32:13,569 - INFO - --- validation at epoch 204, val_loss 0.0066, val_mae 0.0816, val_rmse 0.1114, val_r2 0.8406, val_pearson 0.9193, lr 2.70e-05 ---
2026-10-01 07:32:13,569 - INFO - 
****************************************************************************************************
2026-10-01 07:32:15,133 - INFO - --- training epoch 205, loss 0.0066, mae 0.0845, rmse 0.1153, time elapsed(min) 0.02---
2026-10-01 07:32:15,471 - INFO - --- validation at epoch 205, val_loss 0.0065, val_mae 0.0812, val_rmse 0.1114, val_r2 0.8405, val_pearson 0.9198, lr 2.70e-05 ---
2026-10-01 07:32:15,471 - INFO - 
****************************************************************************************************
2026-10-01 07:32:17,264 - INFO - --- training epoch 206, loss 0.0065, mae 0.0842, rmse 0.1142, time elapsed(min) 0.03---
2026-10-01 07:32:17,638 - INFO - --- validation at epoch 206, val_loss 0.0065, val_mae 0.0813, val_rmse 0.1111, val_r2 0.8416, val_pearson 0.9199, lr 2.70e-05 ---
2026-10-01 07:32:17,638 - INFO - 
****************************************************************************************************
2026-10-01 07:32:19,359 - INFO - --- training epoch 207, loss 0.0063, mae 0.0829, rmse 0.1127, time elapsed(min) 0.02---
2026-10-01 07:32:19,568 - INFO - --- validation at epoch 207, val_loss 0.0068, val_mae 0.0825, val_rmse 0.1123, val_r2 0.8379, val_pearson 0.9193, lr 2.70e-05 ---
2026-10-01 07:32:19,568 - INFO - 
****************************************************************************************************
2026-10-01 07:32:21,183 - INFO - --- training epoch 208, loss 0.0066, mae 0.0848, rmse 0.1152, time elapsed(min) 0.02---
2026-10-01 07:32:21,384 - INFO - --- validation at epoch 208, val_loss 0.0065, val_mae 0.0810, val_rmse 0.1110, val_r2 0.8418, val_pearson 0.9201, lr 2.70e-05 ---
2026-10-01 07:32:21,384 - INFO - 
****************************************************************************************************
2026-10-01 07:32:22,947 - INFO - --- training epoch 209, loss 0.0065, mae 0.0836, rmse 0.1137, time elapsed(min) 0.02---
2026-10-01 07:32:23,347 - INFO - --- validation at epoch 209, val_loss 0.0065, val_mae 0.0816, val_rmse 0.1113, val_r2 0.8409, val_pearson 0.9202, lr 2.70e-05 ---
2026-10-01 07:32:23,347 - INFO - 
****************************************************************************************************
2026-10-01 07:32:25,006 - INFO - --- training epoch 210, loss 0.0064, mae 0.0837, rmse 0.1132, time elapsed(min) 0.02---
2026-10-01 07:32:25,218 - INFO - --- validation at epoch 210, val_loss 0.0065, val_mae 0.0809, val_rmse 0.1113, val_r2 0.8409, val_pearson 0.9211, lr 2.70e-05 ---
2026-10-01 07:32:25,218 - INFO - 
****************************************************************************************************
2026-10-01 07:32:26,775 - INFO - --- training epoch 211, loss 0.0065, mae 0.0843, rmse 0.1143, time elapsed(min) 0.02---
2026-10-01 07:32:26,981 - INFO - --- validation at epoch 211, val_loss 0.0065, val_mae 0.0811, val_rmse 0.1110, val_r2 0.8416, val_pearson 0.9203, lr 2.70e-05 ---
2026-10-01 07:32:26,981 - INFO - 
****************************************************************************************************
2026-10-01 07:32:28,603 - INFO - --- training epoch 212, loss 0.0065, mae 0.0836, rmse 0.1136, time elapsed(min) 0.02---
2026-10-01 07:32:28,939 - INFO - --- validation at epoch 212, val_loss 0.0064, val_mae 0.0810, val_rmse 0.1109, val_r2 0.8420, val_pearson 0.9206, lr 2.70e-05 ---
2026-10-01 07:32:28,939 - INFO - 
****************************************************************************************************
2026-10-01 07:32:30,774 - INFO - --- training epoch 213, loss 0.0063, mae 0.0831, rmse 0.1124, time elapsed(min) 0.02---
2026-10-01 07:32:30,983 - INFO - --- validation at epoch 213, val_loss 0.0066, val_mae 0.0813, val_rmse 0.1116, val_r2 0.8399, val_pearson 0.9202, lr 2.70e-05 ---
2026-10-01 07:32:30,983 - INFO - 
****************************************************************************************************
2026-10-01 07:32:32,565 - INFO - --- training epoch 214, loss 0.0065, mae 0.0835, rmse 0.1140, time elapsed(min) 0.02---
2026-10-01 07:32:32,768 - INFO - --- validation at epoch 214, val_loss 0.0066, val_mae 0.0813, val_rmse 0.1115, val_r2 0.8404, val_pearson 0.9200, lr 2.70e-05 ---
2026-10-01 07:32:32,768 - INFO - 
****************************************************************************************************
2026-10-01 07:32:34,374 - INFO - --- training epoch 215, loss 0.0066, mae 0.0836, rmse 0.1149, time elapsed(min) 0.02---
2026-10-01 07:32:34,700 - INFO - --- validation at epoch 215, val_loss 0.0065, val_mae 0.0812, val_rmse 0.1109, val_r2 0.8419, val_pearson 0.9193, lr 2.70e-05 ---
2026-10-01 07:32:34,700 - INFO - 
****************************************************************************************************
2026-10-01 07:32:36,580 - INFO - --- training epoch 216, loss 0.0064, mae 0.0835, rmse 0.1135, time elapsed(min) 0.03---
2026-10-01 07:32:36,784 - INFO - --- validation at epoch 216, val_loss 0.0066, val_mae 0.0815, val_rmse 0.1122, val_r2 0.8382, val_pearson 0.9201, lr 2.70e-05 ---
2026-10-01 07:32:36,784 - INFO - 
****************************************************************************************************
2026-10-01 07:32:38,383 - INFO - --- training epoch 217, loss 0.0064, mae 0.0833, rmse 0.1133, time elapsed(min) 0.02---
2026-10-01 07:32:38,591 - INFO - --- validation at epoch 217, val_loss 0.0066, val_mae 0.0814, val_rmse 0.1115, val_r2 0.8404, val_pearson 0.9199, lr 2.70e-05 ---
2026-10-01 07:32:38,592 - INFO - 
****************************************************************************************************
2026-10-01 07:32:40,166 - INFO - --- training epoch 218, loss 0.0064, mae 0.0832, rmse 0.1133, time elapsed(min) 0.02---
2026-10-01 07:32:40,494 - INFO - --- validation at epoch 218, val_loss 0.0066, val_mae 0.0821, val_rmse 0.1123, val_r2 0.8379, val_pearson 0.9194, lr 2.70e-05 ---
2026-10-01 07:32:40,494 - INFO - 
****************************************************************************************************
2026-10-01 07:32:42,289 - INFO - --- training epoch 219, loss 0.0063, mae 0.0834, rmse 0.1127, time elapsed(min) 0.03---
2026-10-01 07:32:42,507 - INFO - --- validation at epoch 219, val_loss 0.0065, val_mae 0.0813, val_rmse 0.1110, val_r2 0.8417, val_pearson 0.9202, lr 2.70e-05 ---
2026-10-01 07:32:42,507 - INFO - 
****************************************************************************************************
2026-10-01 07:32:44,060 - INFO - --- training epoch 220, loss 0.0064, mae 0.0836, rmse 0.1133, time elapsed(min) 0.02---
2026-10-01 07:32:44,283 - INFO - --- validation at epoch 220, val_loss 0.0065, val_mae 0.0806, val_rmse 0.1104, val_r2 0.8434, val_pearson 0.9217, lr 2.70e-05 ---
2026-10-01 07:32:44,283 - INFO - 
****************************************************************************************************
2026-10-01 07:32:45,855 - INFO - --- training epoch 221, loss 0.0063, mae 0.0828, rmse 0.1126, time elapsed(min) 0.02---
2026-10-01 07:32:46,185 - INFO - --- validation at epoch 221, val_loss 0.0066, val_mae 0.0812, val_rmse 0.1115, val_r2 0.8403, val_pearson 0.9204, lr 2.70e-05 ---
2026-10-01 07:32:46,185 - INFO - 
****************************************************************************************************
2026-10-01 07:32:47,987 - INFO - --- training epoch 222, loss 0.0064, mae 0.0828, rmse 0.1131, time elapsed(min) 0.03---
2026-10-01 07:32:48,189 - INFO - --- validation at epoch 222, val_loss 0.0065, val_mae 0.0800, val_rmse 0.1103, val_r2 0.8436, val_pearson 0.9214, lr 2.70e-05 ---
2026-10-01 07:32:48,189 - INFO - 
****************************************************************************************************
2026-10-01 07:32:49,757 - INFO - --- training epoch 223, loss 0.0064, mae 0.0832, rmse 0.1133, time elapsed(min) 0.02---
2026-10-01 07:32:49,961 - INFO - --- validation at epoch 223, val_loss 0.0066, val_mae 0.0811, val_rmse 0.1111, val_r2 0.8415, val_pearson 0.9205, lr 2.70e-05 ---
2026-10-01 07:32:49,961 - INFO - 
****************************************************************************************************
2026-10-01 07:32:51,525 - INFO - --- training epoch 224, loss 0.0064, mae 0.0839, rmse 0.1133, time elapsed(min) 0.02---
2026-10-01 07:32:51,732 - INFO - --- validation at epoch 224, val_loss 0.0066, val_mae 0.0816, val_rmse 0.1109, val_r2 0.8420, val_pearson 0.9201, lr 8.10e-06 ---
2026-10-01 07:32:51,732 - INFO - 
****************************************************************************************************
2026-10-01 07:32:53,350 - INFO - --- training epoch 225, loss 0.0063, mae 0.0830, rmse 0.1125, time elapsed(min) 0.02---
2026-10-01 07:32:53,752 - INFO - --- validation at epoch 225, val_loss 0.0065, val_mae 0.0812, val_rmse 0.1109, val_r2 0.8420, val_pearson 0.9206, lr 8.10e-06 ---
2026-10-01 07:32:53,752 - INFO - 
****************************************************************************************************
2026-10-01 07:32:55,429 - INFO - --- training epoch 226, loss 0.0062, mae 0.0814, rmse 0.1111, time elapsed(min) 0.02---
2026-10-01 07:32:55,635 - INFO - --- validation at epoch 226, val_loss 0.0065, val_mae 0.0814, val_rmse 0.1107, val_r2 0.8426, val_pearson 0.9205, lr 8.10e-06 ---
2026-10-01 07:32:55,635 - INFO - 
****************************************************************************************************
2026-10-01 07:32:57,261 - INFO - --- training epoch 227, loss 0.0061, mae 0.0812, rmse 0.1101, time elapsed(min) 0.02---
2026-10-01 07:32:57,468 - INFO - --- validation at epoch 227, val_loss 0.0066, val_mae 0.0820, val_rmse 0.1116, val_r2 0.8401, val_pearson 0.9197, lr 8.10e-06 ---
2026-10-01 07:32:57,468 - INFO - 
****************************************************************************************************
2026-10-01 07:32:59,144 - INFO - --- training epoch 228, loss 0.0064, mae 0.0829, rmse 0.1131, time elapsed(min) 0.02---
2026-10-01 07:32:59,527 - INFO - --- validation at epoch 228, val_loss 0.0065, val_mae 0.0814, val_rmse 0.1108, val_r2 0.8422, val_pearson 0.9206, lr 8.10e-06 ---
2026-10-01 07:32:59,527 - INFO - 
****************************************************************************************************
2026-10-01 07:33:01,173 - INFO - --- training epoch 229, loss 0.0064, mae 0.0829, rmse 0.1129, time elapsed(min) 0.02---
2026-10-01 07:33:01,382 - INFO - --- validation at epoch 229, val_loss 0.0065, val_mae 0.0815, val_rmse 0.1107, val_r2 0.8425, val_pearson 0.9203, lr 8.10e-06 ---
2026-10-01 07:33:01,382 - INFO - 
****************************************************************************************************
2026-10-01 07:33:02,956 - INFO - --- training epoch 230, loss 0.0063, mae 0.0826, rmse 0.1119, time elapsed(min) 0.02---
2026-10-01 07:33:03,165 - INFO - --- validation at epoch 230, val_loss 0.0065, val_mae 0.0817, val_rmse 0.1111, val_r2 0.8413, val_pearson 0.9205, lr 8.10e-06 ---
2026-10-01 07:33:03,166 - INFO - 
****************************************************************************************************
2026-10-01 07:33:04,703 - INFO - --- training epoch 231, loss 0.0064, mae 0.0833, rmse 0.1133, time elapsed(min) 0.02---
2026-10-01 07:33:05,040 - INFO - --- validation at epoch 231, val_loss 0.0065, val_mae 0.0815, val_rmse 0.1107, val_r2 0.8425, val_pearson 0.9206, lr 8.10e-06 ---
2026-10-01 07:33:05,040 - INFO - 
****************************************************************************************************
2026-10-01 07:33:06,835 - INFO - --- training epoch 232, loss 0.0062, mae 0.0821, rmse 0.1115, time elapsed(min) 0.03---
2026-10-01 07:33:07,040 - INFO - --- validation at epoch 232, val_loss 0.0065, val_mae 0.0811, val_rmse 0.1107, val_r2 0.8427, val_pearson 0.9206, lr 8.10e-06 ---
2026-10-01 07:33:07,040 - INFO - 
****************************************************************************************************
2026-10-01 07:33:08,580 - INFO - --- training epoch 233, loss 0.0063, mae 0.0823, rmse 0.1122, time elapsed(min) 0.02---
2026-10-01 07:33:08,804 - INFO - --- validation at epoch 233, val_loss 0.0065, val_mae 0.0813, val_rmse 0.1109, val_r2 0.8420, val_pearson 0.9204, lr 8.10e-06 ---
2026-10-01 07:33:08,804 - INFO - 
****************************************************************************************************
2026-10-01 07:33:10,370 - INFO - --- training epoch 234, loss 0.0062, mae 0.0819, rmse 0.1113, time elapsed(min) 0.02---
2026-10-01 07:33:10,695 - INFO - --- validation at epoch 234, val_loss 0.0065, val_mae 0.0809, val_rmse 0.1105, val_r2 0.8431, val_pearson 0.9211, lr 8.10e-06 ---
2026-10-01 07:33:10,695 - INFO - 
****************************************************************************************************
2026-10-01 07:33:12,445 - INFO - --- training epoch 235, loss 0.0063, mae 0.0830, rmse 0.1118, time elapsed(min) 0.02---
2026-10-01 07:33:12,647 - INFO - --- validation at epoch 235, val_loss 0.0065, val_mae 0.0811, val_rmse 0.1109, val_r2 0.8420, val_pearson 0.9210, lr 2.43e-06 ---
2026-10-01 07:33:12,647 - INFO - 
****************************************************************************************************
2026-10-01 07:33:14,247 - INFO - --- training epoch 236, loss 0.0063, mae 0.0827, rmse 0.1120, time elapsed(min) 0.02---
2026-10-01 07:33:14,456 - INFO - --- validation at epoch 236, val_loss 0.0065, val_mae 0.0814, val_rmse 0.1110, val_r2 0.8417, val_pearson 0.9208, lr 2.43e-06 ---
2026-10-01 07:33:14,456 - INFO - 
****************************************************************************************************
2026-10-01 07:33:16,079 - INFO - --- training epoch 237, loss 0.0064, mae 0.0830, rmse 0.1132, time elapsed(min) 0.02---
2026-10-01 07:33:16,279 - INFO - --- validation at epoch 237, val_loss 0.0065, val_mae 0.0816, val_rmse 0.1112, val_r2 0.8411, val_pearson 0.9205, lr 2.43e-06 ---
2026-10-01 07:33:16,279 - INFO - 
****************************************************************************************************
2026-10-01 07:33:17,910 - INFO - --- training epoch 238, loss 0.0063, mae 0.0827, rmse 0.1127, time elapsed(min) 0.02---
2026-10-01 07:33:18,286 - INFO - --- validation at epoch 238, val_loss 0.0065, val_mae 0.0814, val_rmse 0.1111, val_r2 0.8416, val_pearson 0.9206, lr 2.43e-06 ---
2026-10-01 07:33:18,286 - INFO - 
****************************************************************************************************
2026-10-01 07:33:19,948 - INFO - --- training epoch 239, loss 0.0062, mae 0.0822, rmse 0.1117, time elapsed(min) 0.02---
2026-10-01 07:33:20,151 - INFO - --- validation at epoch 239, val_loss 0.0065, val_mae 0.0812, val_rmse 0.1109, val_r2 0.8420, val_pearson 0.9207, lr 2.43e-06 ---
2026-10-01 07:33:20,152 - INFO - 
****************************************************************************************************
2026-10-01 07:33:21,699 - INFO - --- training epoch 240, loss 0.0064, mae 0.0833, rmse 0.1128, time elapsed(min) 0.02---
2026-10-01 07:33:21,900 - INFO - --- validation at epoch 240, val_loss 0.0065, val_mae 0.0813, val_rmse 0.1111, val_r2 0.8414, val_pearson 0.9205, lr 2.43e-06 ---
2026-10-01 07:33:21,900 - INFO - 
****************************************************************************************************
2026-10-01 07:33:23,462 - INFO - --- training epoch 241, loss 0.0063, mae 0.0824, rmse 0.1121, time elapsed(min) 0.02---
2026-10-01 07:33:23,793 - INFO - --- validation at epoch 241, val_loss 0.0065, val_mae 0.0811, val_rmse 0.1109, val_r2 0.8420, val_pearson 0.9208, lr 2.43e-06 ---
2026-10-01 07:33:23,793 - INFO - 
****************************************************************************************************
2026-10-01 07:33:25,654 - INFO - --- training epoch 242, loss 0.0062, mae 0.0825, rmse 0.1118, time elapsed(min) 0.03---
2026-10-01 07:33:25,856 - INFO - --- validation at epoch 242, val_loss 0.0065, val_mae 0.0813, val_rmse 0.1112, val_r2 0.8411, val_pearson 0.9207, lr 2.43e-06 ---
2026-10-01 07:33:25,856 - INFO - 
****************************************************************************************************
2026-10-01 07:33:27,410 - INFO - --- training epoch 243, loss 0.0063, mae 0.0828, rmse 0.1124, time elapsed(min) 0.02---
2026-10-01 07:33:27,616 - INFO - --- validation at epoch 243, val_loss 0.0065, val_mae 0.0812, val_rmse 0.1110, val_r2 0.8418, val_pearson 0.9208, lr 2.43e-06 ---
2026-10-01 07:33:27,616 - INFO - 
****************************************************************************************************
2026-10-01 07:33:29,249 - INFO - --- training epoch 244, loss 0.0064, mae 0.0823, rmse 0.1128, time elapsed(min) 0.02---
2026-10-01 07:33:29,592 - INFO - --- validation at epoch 244, val_loss 0.0065, val_mae 0.0813, val_rmse 0.1111, val_r2 0.8414, val_pearson 0.9209, lr 2.43e-06 ---
2026-10-01 07:33:29,592 - INFO - 
****************************************************************************************************
2026-10-01 07:33:31,313 - INFO - --- training epoch 245, loss 0.0063, mae 0.0823, rmse 0.1120, time elapsed(min) 0.02---
2026-10-01 07:33:31,671 - INFO - --- validation at epoch 245, val_loss 0.0064, val_mae 0.0810, val_rmse 0.1105, val_r2 0.8433, val_pearson 0.9212, lr 2.43e-06 ---
2026-10-01 07:33:31,671 - INFO - 
****************************************************************************************************
2026-10-01 07:33:33,410 - INFO - --- training epoch 246, loss 0.0062, mae 0.0823, rmse 0.1112, time elapsed(min) 0.02---
2026-10-01 07:33:33,614 - INFO - --- validation at epoch 246, val_loss 0.0065, val_mae 0.0810, val_rmse 0.1106, val_r2 0.8428, val_pearson 0.9212, lr 1.00e-06 ---
2026-10-01 07:33:33,614 - INFO - 
****************************************************************************************************
2026-10-01 07:33:35,164 - INFO - --- training epoch 247, loss 0.0062, mae 0.0815, rmse 0.1114, time elapsed(min) 0.02---
2026-10-01 07:33:35,366 - INFO - --- validation at epoch 247, val_loss 0.0065, val_mae 0.0811, val_rmse 0.1108, val_r2 0.8422, val_pearson 0.9211, lr 1.00e-06 ---
2026-10-01 07:33:35,366 - INFO - 
****************************************************************************************************
2026-10-01 07:33:37,008 - INFO - --- training epoch 248, loss 0.0062, mae 0.0816, rmse 0.1110, time elapsed(min) 0.02---
2026-10-01 07:33:37,385 - INFO - --- validation at epoch 248, val_loss 0.0065, val_mae 0.0811, val_rmse 0.1108, val_r2 0.8422, val_pearson 0.9210, lr 1.00e-06 ---
2026-10-01 07:33:37,385 - INFO - 
****************************************************************************************************
2026-10-01 07:33:39,027 - INFO - --- training epoch 249, loss 0.0063, mae 0.0829, rmse 0.1119, time elapsed(min) 0.02---
2026-10-01 07:33:39,248 - INFO - --- validation at epoch 249, val_loss 0.0065, val_mae 0.0810, val_rmse 0.1109, val_r2 0.8421, val_pearson 0.9211, lr 1.00e-06 ---
2026-10-01 07:33:39,249 - INFO - 
****************************************************************************************************
2026-10-01 07:33:40,798 - INFO - --- training epoch 250, loss 0.0065, mae 0.0836, rmse 0.1139, time elapsed(min) 0.02---
2026-10-01 07:33:41,009 - INFO - --- validation at epoch 250, val_loss 0.0065, val_mae 0.0810, val_rmse 0.1110, val_r2 0.8417, val_pearson 0.9212, lr 1.00e-06 ---
2026-10-01 07:33:41,009 - INFO - 
****************************************************************************************************
2026-10-01 07:33:42,657 - INFO - --- training epoch 251, loss 0.0063, mae 0.0813, rmse 0.1119, time elapsed(min) 0.02---
2026-10-01 07:33:42,995 - INFO - --- validation at epoch 251, val_loss 0.0065, val_mae 0.0810, val_rmse 0.1108, val_r2 0.8423, val_pearson 0.9211, lr 1.00e-06 ---
2026-10-01 07:33:42,995 - INFO - 
****************************************************************************************************
2026-10-01 07:33:44,750 - INFO - --- training epoch 252, loss 0.0065, mae 0.0832, rmse 0.1137, time elapsed(min) 0.02---
2026-10-01 07:33:44,955 - INFO - --- validation at epoch 252, val_loss 0.0065, val_mae 0.0810, val_rmse 0.1108, val_r2 0.8423, val_pearson 0.9211, lr 1.00e-06 ---
2026-10-01 07:33:44,955 - INFO - 
****************************************************************************************************
2026-10-01 07:33:46,556 - INFO - --- training epoch 253, loss 0.0061, mae 0.0815, rmse 0.1107, time elapsed(min) 0.02---
2026-10-01 07:33:46,774 - INFO - --- validation at epoch 253, val_loss 0.0065, val_mae 0.0810, val_rmse 0.1108, val_r2 0.8422, val_pearson 0.9210, lr 1.00e-06 ---
2026-10-01 07:33:46,774 - INFO - 
****************************************************************************************************
2026-10-01 07:33:48,332 - INFO - --- training epoch 254, loss 0.0062, mae 0.0819, rmse 0.1115, time elapsed(min) 0.02---
2026-10-01 07:33:48,539 - INFO - --- validation at epoch 254, val_loss 0.0065, val_mae 0.0813, val_rmse 0.1111, val_r2 0.8415, val_pearson 0.9208, lr 1.00e-06 ---
2026-10-01 07:33:48,539 - INFO - 
****************************************************************************************************
2026-10-01 07:33:50,237 - INFO - --- training epoch 255, loss 0.0063, mae 0.0821, rmse 0.1121, time elapsed(min) 0.02---
2026-10-01 07:33:50,749 - INFO - --- validation at epoch 255, val_loss 0.0065, val_mae 0.0813, val_rmse 0.1110, val_r2 0.8417, val_pearson 0.9209, lr 1.00e-06 ---
2026-10-01 07:33:50,749 - INFO - 
****************************************************************************************************
2026-10-01 07:33:52,286 - INFO - --- training epoch 256, loss 0.0062, mae 0.0827, rmse 0.1116, time elapsed(min) 0.02---
2026-10-01 07:33:52,489 - INFO - --- validation at epoch 256, val_loss 0.0065, val_mae 0.0813, val_rmse 0.1110, val_r2 0.8417, val_pearson 0.9209, lr 1.00e-06 ---
2026-10-01 07:33:52,489 - INFO - 
****************************************************************************************************
2026-10-01 07:33:54,031 - INFO - --- training epoch 257, loss 0.0061, mae 0.0815, rmse 0.1108, time elapsed(min) 0.02---
2026-10-01 07:33:54,240 - INFO - --- validation at epoch 257, val_loss 0.0065, val_mae 0.0813, val_rmse 0.1111, val_r2 0.8415, val_pearson 0.9210, lr 1.00e-06 ---
2026-10-01 07:33:54,240 - INFO - 
****************************************************************************************************
2026-10-01 07:33:55,914 - INFO - --- training epoch 258, loss 0.0061, mae 0.0816, rmse 0.1108, time elapsed(min) 0.02---
2026-10-01 07:33:56,271 - INFO - --- validation at epoch 258, val_loss 0.0065, val_mae 0.0812, val_rmse 0.1109, val_r2 0.8419, val_pearson 0.9211, lr 1.00e-06 ---
2026-10-01 07:33:56,271 - INFO - 
****************************************************************************************************
2026-10-01 07:33:58,039 - INFO - --- training epoch 259, loss 0.0063, mae 0.0832, rmse 0.1125, time elapsed(min) 0.02---
2026-10-01 07:33:58,244 - INFO - --- validation at epoch 259, val_loss 0.0065, val_mae 0.0811, val_rmse 0.1108, val_r2 0.8422, val_pearson 0.9211, lr 1.00e-06 ---
2026-10-01 07:33:58,244 - INFO - 
****************************************************************************************************
2026-10-01 07:33:59,802 - INFO - --- training epoch 260, loss 0.0062, mae 0.0822, rmse 0.1113, time elapsed(min) 0.02---
2026-10-01 07:34:00,007 - INFO - --- validation at epoch 260, val_loss 0.0065, val_mae 0.0812, val_rmse 0.1109, val_r2 0.8420, val_pearson 0.9210, lr 1.00e-06 ---
2026-10-01 07:34:00,007 - INFO - 
****************************************************************************************************
2026-10-01 07:34:01,694 - INFO - --- training epoch 261, loss 0.0061, mae 0.0814, rmse 0.1106, time elapsed(min) 0.02---
2026-10-01 07:34:02,030 - INFO - --- validation at epoch 261, val_loss 0.0065, val_mae 0.0812, val_rmse 0.1109, val_r2 0.8420, val_pearson 0.9209, lr 1.00e-06 ---
2026-10-01 07:34:02,030 - INFO - 
****************************************************************************************************
2026-10-01 07:34:03,696 - INFO - --- training epoch 262, loss 0.0062, mae 0.0823, rmse 0.1117, time elapsed(min) 0.02---
2026-10-01 07:34:03,903 - INFO - --- validation at epoch 262, val_loss 0.0065, val_mae 0.0813, val_rmse 0.1110, val_r2 0.8419, val_pearson 0.9209, lr 1.00e-06 ---
2026-10-01 07:34:03,903 - INFO - 
****************************************************************************************************
2026-10-01 07:34:04,182 - INFO - --- early stopping at epoch 262: val_loss did not improve for 50 epochs ---
2026-10-01 07:34:04,439 - INFO - --- selected checkpoint from epoch 212, val_loss 0.0064, val_mae 0.0810, val_rmse 0.1109
2026-10-01 07:34:05,304 - INFO - -- RESULT
2026-10-01 07:34:05,304 - INFO - --- test size: 1728
2026-10-01 07:34:05,304 - INFO - --- MAE: 0.0829 (8.29 pp), RMSE: 0.1126 (11.26 pp), R2: 0.8396, Pearson: 0.9179
2026-10-01 07:34:07,367 - INFO - --- Suzuki-Miyaura | split_2 | current_model: test R2 0.8396 MAE 0.0829 RMSE 0.1126 | 505.6s (1.9s/epoch)
2026-10-01 07:34:07,376 - INFO - --- Suzuki-Miyaura | split_2 | approach 3 (comb/linear) (comb/linear)
