2026-09-30 22:19:03,688 - INFO - device is	cuda:0
2026-09-30 22:19:03,807 - INFO - -- CONFIGURATIONS
2026-09-30 22:19:03,807 - INFO - --- train/valid/test: 2491/277/1187
2026-09-30 22:19:03,807 - INFO - --- max no. reactants_train, valid, test respectively: 6, 6, 6
2026-09-30 22:19:03,807 - INFO - --- max no. products_train, valid, test respectively: 1, 1, 1
2026-09-30 22:19:03,807 - INFO - --- model_path: ../logs/approach2_grid_bh/e400/runs/Buchwald-Hartwig_fullcv04_split70_approach_2/model.pt
2026-09-30 22:19:03,818 - INFO - -- TRAINING
2026-09-30 22:19:05,097 - INFO - --- training epoch 0, loss 24.1216, mae 24.6158, rmse 30.5457, time elapsed(min) 0.02---
2026-09-30 22:19:05,368 - INFO - --- validation at epoch 0, val_loss 23.6095, val_mae 23.4957, val_rmse 27.5843, val_r2 -0.0510, val_pearson -0.3066, lr 1.00e-03 ---
2026-09-30 22:19:05,368 - INFO - 
****************************************************************************************************
2026-09-30 22:19:07,152 - INFO - --- training epoch 1, loss 23.1889, mae 23.6861, rmse 28.2825, time elapsed(min) 0.02---
2026-09-30 22:19:07,405 - INFO - --- validation at epoch 1, val_loss 22.9459, val_mae 22.9256, val_rmse 27.0390, val_r2 -0.0099, val_pearson -0.0445, lr 1.00e-03 ---
2026-09-30 22:19:07,405 - INFO - 
****************************************************************************************************
2026-09-30 22:19:09,167 - INFO - --- training epoch 2, loss 22.8585, mae 23.3556, rmse 28.0328, time elapsed(min) 0.02---
2026-09-30 22:19:09,409 - INFO - --- validation at epoch 2, val_loss 22.1922, val_mae 22.4564, val_rmse 26.7482, val_r2 0.0117, val_pearson 0.2402, lr 1.00e-03 ---
2026-09-30 22:19:09,409 - INFO - 
****************************************************************************************************
2026-09-30 22:19:10,862 - INFO - --- training epoch 3, loss 22.8960, mae 23.3921, rmse 28.2193, time elapsed(min) 0.02---
2026-09-30 22:19:11,111 - INFO - --- validation at epoch 3, val_loss 21.9091, val_mae 22.1095, val_rmse 26.2732, val_r2 0.0465, val_pearson 0.2523, lr 1.00e-03 ---
2026-09-30 22:19:11,111 - INFO - 
****************************************************************************************************
2026-09-30 22:19:12,787 - INFO - --- training epoch 4, loss 22.7428, mae 23.2398, rmse 27.8523, time elapsed(min) 0.02---
2026-09-30 22:19:13,034 - INFO - --- validation at epoch 4, val_loss 24.1581, val_mae 24.0266, val_rmse 27.8181, val_r2 -0.0689, val_pearson 0.2884, lr 1.00e-03 ---
2026-09-30 22:19:13,035 - INFO - 
****************************************************************************************************
2026-09-30 22:19:14,708 - INFO - --- training epoch 5, loss 22.1632, mae 22.6604, rmse 26.9368, time elapsed(min) 0.02---
2026-09-30 22:19:14,974 - INFO - --- validation at epoch 5, val_loss 21.7783, val_mae 22.1556, val_rmse 26.2262, val_r2 0.0499, val_pearson 0.3560, lr 1.00e-03 ---
2026-09-30 22:19:14,974 - INFO - 
****************************************************************************************************
2026-09-30 22:19:16,841 - INFO - --- training epoch 6, loss 21.0903, mae 21.5867, rmse 25.7986, time elapsed(min) 0.02---
2026-09-30 22:19:17,049 - INFO - --- validation at epoch 6, val_loss 20.0847, val_mae 20.3920, val_rmse 24.8393, val_r2 0.1477, val_pearson 0.4095, lr 1.00e-03 ---
2026-09-30 22:19:17,049 - INFO - 
****************************************************************************************************
2026-09-30 22:19:19,177 - INFO - --- training epoch 7, loss 20.7814, mae 21.2769, rmse 25.5047, time elapsed(min) 0.03---
2026-09-30 22:19:19,445 - INFO - --- validation at epoch 7, val_loss 21.6541, val_mae 22.1382, val_rmse 27.4940, val_r2 -0.0442, val_pearson 0.3247, lr 1.00e-03 ---
2026-09-30 22:19:19,445 - INFO - 
****************************************************************************************************
2026-09-30 22:19:20,862 - INFO - --- training epoch 8, loss 22.2108, mae 22.7083, rmse 26.9963, time elapsed(min) 0.02---
2026-09-30 22:19:21,113 - INFO - --- validation at epoch 8, val_loss 21.1481, val_mae 21.3358, val_rmse 24.6625, val_r2 0.1598, val_pearson 0.4208, lr 1.00e-03 ---
2026-09-30 22:19:21,113 - INFO - 
****************************************************************************************************
2026-09-30 22:19:22,753 - INFO - --- training epoch 9, loss 21.2696, mae 21.7667, rmse 26.1063, time elapsed(min) 0.02---
2026-09-30 22:19:23,004 - INFO - --- validation at epoch 9, val_loss 20.1837, val_mae 20.3976, val_rmse 24.1749, val_r2 0.1927, val_pearson 0.4439, lr 1.00e-03 ---
2026-09-30 22:19:23,005 - INFO - 
****************************************************************************************************
2026-09-30 22:19:24,911 - INFO - --- training epoch 10, loss 20.4911, mae 20.9877, rmse 25.5124, time elapsed(min) 0.02---
2026-09-30 22:19:25,179 - INFO - --- validation at epoch 10, val_loss 19.3439, val_mae 19.7886, val_rmse 24.3479, val_r2 0.1811, val_pearson 0.4646, lr 1.00e-03 ---
2026-09-30 22:19:25,180 - INFO - 
****************************************************************************************************
2026-09-30 22:19:26,982 - INFO - --- training epoch 11, loss 20.4055, mae 20.9014, rmse 25.6608, time elapsed(min) 0.02---
2026-09-30 22:19:27,246 - INFO - --- validation at epoch 11, val_loss 20.0775, val_mae 20.5673, val_rmse 25.1892, val_r2 0.1236, val_pearson 0.3975, lr 1.00e-03 ---
2026-09-30 22:19:27,246 - INFO - 
****************************************************************************************************
2026-09-30 22:19:28,980 - INFO - --- training epoch 12, loss 20.5846, mae 21.0800, rmse 25.3277, time elapsed(min) 0.02---
2026-09-30 22:19:29,583 - INFO - --- validation at epoch 12, val_loss 19.9323, val_mae 20.5291, val_rmse 25.6001, val_r2 0.0947, val_pearson 0.4635, lr 1.00e-03 ---
2026-09-30 22:19:29,583 - INFO - 
****************************************************************************************************
2026-09-30 22:19:31,273 - INFO - --- training epoch 13, loss 19.9395, mae 20.4347, rmse 25.1431, time elapsed(min) 0.02---
2026-09-30 22:19:31,528 - INFO - --- validation at epoch 13, val_loss 19.0925, val_mae 19.5819, val_rmse 24.5086, val_r2 0.1703, val_pearson 0.4632, lr 1.00e-03 ---
2026-09-30 22:19:31,528 - INFO - 
****************************************************************************************************
2026-09-30 22:19:33,030 - INFO - --- training epoch 14, loss 20.0050, mae 20.5012, rmse 25.4618, time elapsed(min) 0.02---
2026-09-30 22:19:33,271 - INFO - --- validation at epoch 14, val_loss 18.6986, val_mae 19.2899, val_rmse 24.0908, val_r2 0.1983, val_pearson 0.4786, lr 1.00e-03 ---
2026-09-30 22:19:33,271 - INFO - 
****************************************************************************************************
2026-09-30 22:19:34,957 - INFO - --- training epoch 15, loss 19.5992, mae 20.0947, rmse 24.9348, time elapsed(min) 0.02---
2026-09-30 22:19:35,179 - INFO - --- validation at epoch 15, val_loss 18.7889, val_mae 19.3502, val_rmse 24.1294, val_r2 0.1958, val_pearson 0.4833, lr 1.00e-03 ---
2026-09-30 22:19:35,180 - INFO - 
****************************************************************************************************
2026-09-30 22:19:36,936 - INFO - --- training epoch 16, loss 19.3668, mae 19.8615, rmse 24.8437, time elapsed(min) 0.02---
2026-09-30 22:19:37,193 - INFO - --- validation at epoch 16, val_loss 18.9789, val_mae 19.7058, val_rmse 25.0719, val_r2 0.1317, val_pearson 0.4859, lr 1.00e-03 ---
2026-09-30 22:19:37,193 - INFO - 
****************************************************************************************************
2026-09-30 22:19:38,982 - INFO - --- training epoch 17, loss 19.5399, mae 20.0363, rmse 24.7997, time elapsed(min) 0.02---
2026-09-30 22:19:39,565 - INFO - --- validation at epoch 17, val_loss 18.3387, val_mae 18.9887, val_rmse 23.8076, val_r2 0.2171, val_pearson 0.5153, lr 1.00e-03 ---
2026-09-30 22:19:39,566 - INFO - 
****************************************************************************************************
2026-09-30 22:19:41,345 - INFO - --- training epoch 18, loss 19.3622, mae 19.8594, rmse 24.8133, time elapsed(min) 0.02---
2026-09-30 22:19:41,602 - INFO - --- validation at epoch 18, val_loss 18.6000, val_mae 19.0200, val_rmse 23.8613, val_r2 0.2135, val_pearson 0.5017, lr 1.00e-03 ---
2026-09-30 22:19:41,602 - INFO - 
****************************************************************************************************
2026-09-30 22:19:42,997 - INFO - --- training epoch 19, loss 19.4783, mae 19.9724, rmse 25.0630, time elapsed(min) 0.02---
2026-09-30 22:19:43,275 - INFO - --- validation at epoch 19, val_loss 19.4464, val_mae 20.0263, val_rmse 24.6614, val_r2 0.1599, val_pearson 0.5083, lr 1.00e-03 ---
2026-09-30 22:19:43,275 - INFO - 
****************************************************************************************************
2026-09-30 22:19:44,940 - INFO - --- training epoch 20, loss 19.7174, mae 20.2118, rmse 25.1682, time elapsed(min) 0.02---
2026-09-30 22:19:45,229 - INFO - --- validation at epoch 20, val_loss 18.8398, val_mae 19.2020, val_rmse 24.2033, val_r2 0.1908, val_pearson 0.4637, lr 1.00e-03 ---
2026-09-30 22:19:45,229 - INFO - 
****************************************************************************************************
2026-09-30 22:19:47,109 - INFO - --- training epoch 21, loss 19.5780, mae 20.0743, rmse 24.8743, time elapsed(min) 0.02---
2026-09-30 22:19:47,345 - INFO - --- validation at epoch 21, val_loss 18.9312, val_mae 19.2685, val_rmse 24.4284, val_r2 0.1757, val_pearson 0.4615, lr 1.00e-03 ---
2026-09-30 22:19:47,345 - INFO - 
****************************************************************************************************
2026-09-30 22:19:49,096 - INFO - --- training epoch 22, loss 19.7513, mae 20.2477, rmse 24.9746, time elapsed(min) 0.02---
2026-09-30 22:19:49,342 - INFO - --- validation at epoch 22, val_loss 19.0198, val_mae 19.2801, val_rmse 24.0349, val_r2 0.2020, val_pearson 0.4709, lr 1.00e-03 ---
2026-09-30 22:19:49,342 - INFO - 
****************************************************************************************************
2026-09-30 22:19:51,053 - INFO - --- training epoch 23, loss 19.2994, mae 19.7951, rmse 25.0167, time elapsed(min) 0.02---
2026-09-30 22:19:51,655 - INFO - --- validation at epoch 23, val_loss 18.9788, val_mae 19.2820, val_rmse 23.9797, val_r2 0.2057, val_pearson 0.4830, lr 1.00e-03 ---
2026-09-30 22:19:51,655 - INFO - 
****************************************************************************************************
2026-09-30 22:19:53,330 - INFO - --- training epoch 24, loss 19.2236, mae 19.7189, rmse 24.6498, time elapsed(min) 0.02---
2026-09-30 22:19:53,568 - INFO - --- validation at epoch 24, val_loss 18.3810, val_mae 18.9736, val_rmse 24.1285, val_r2 0.1958, val_pearson 0.4908, lr 1.00e-03 ---
2026-09-30 22:19:53,569 - INFO - 
****************************************************************************************************
2026-09-30 22:19:54,956 - INFO - --- training epoch 25, loss 19.3912, mae 19.8860, rmse 24.9066, time elapsed(min) 0.02---
2026-09-30 22:19:55,232 - INFO - --- validation at epoch 25, val_loss 18.3500, val_mae 18.6640, val_rmse 23.3453, val_r2 0.2472, val_pearson 0.5096, lr 1.00e-03 ---
2026-09-30 22:19:55,233 - INFO - 
****************************************************************************************************
2026-09-30 22:19:56,938 - INFO - --- training epoch 26, loss 19.0467, mae 19.5420, rmse 24.5130, time elapsed(min) 0.02---
2026-09-30 22:19:57,217 - INFO - --- validation at epoch 26, val_loss 18.1496, val_mae 18.5721, val_rmse 23.1587, val_r2 0.2592, val_pearson 0.5317, lr 1.00e-03 ---
2026-09-30 22:19:57,218 - INFO - 
****************************************************************************************************
2026-09-30 22:19:59,374 - INFO - --- training epoch 27, loss 19.0691, mae 19.5643, rmse 24.6260, time elapsed(min) 0.03---
2026-09-30 22:19:59,615 - INFO - --- validation at epoch 27, val_loss 18.8701, val_mae 19.2372, val_rmse 24.3100, val_r2 0.1837, val_pearson 0.4614, lr 1.00e-03 ---
2026-09-30 22:19:59,615 - INFO - 
****************************************************************************************************
2026-09-30 22:20:01,370 - INFO - --- training epoch 28, loss 19.1734, mae 19.6699, rmse 24.6449, time elapsed(min) 0.02---
2026-09-30 22:20:02,013 - INFO - --- validation at epoch 28, val_loss 18.7785, val_mae 19.4052, val_rmse 24.3245, val_r2 0.1827, val_pearson 0.5067, lr 1.00e-03 ---
2026-09-30 22:20:02,013 - INFO - 
****************************************************************************************************
2026-09-30 22:20:03,650 - INFO - --- training epoch 29, loss 18.9192, mae 19.4139, rmse 24.5687, time elapsed(min) 0.02---
2026-09-30 22:20:03,897 - INFO - --- validation at epoch 29, val_loss 18.1332, val_mae 18.5657, val_rmse 23.7186, val_r2 0.2229, val_pearson 0.4998, lr 1.00e-03 ---
2026-09-30 22:20:03,897 - INFO - 
****************************************************************************************************
2026-09-30 22:20:05,409 - INFO - --- training epoch 30, loss 17.9751, mae 18.4694, rmse 23.8132, time elapsed(min) 0.02---
2026-09-30 22:20:05,694 - INFO - --- validation at epoch 30, val_loss 16.0111, val_mae 16.6527, val_rmse 21.6310, val_r2 0.3537, val_pearson 0.6069, lr 1.00e-03 ---
2026-09-30 22:20:05,694 - INFO - 
****************************************************************************************************
2026-09-30 22:20:07,679 - INFO - --- training epoch 31, loss 16.6785, mae 17.1716, rmse 22.2695, time elapsed(min) 0.02---
2026-09-30 22:20:07,937 - INFO - --- validation at epoch 31, val_loss 15.0385, val_mae 15.9079, val_rmse 21.2756, val_r2 0.3747, val_pearson 0.6773, lr 1.00e-03 ---
2026-09-30 22:20:07,938 - INFO - 
****************************************************************************************************
2026-09-30 22:20:09,968 - INFO - --- training epoch 32, loss 17.5241, mae 18.0166, rmse 23.6379, time elapsed(min) 0.02---
2026-09-30 22:20:10,204 - INFO - --- validation at epoch 32, val_loss 40.0039, val_mae 42.1941, val_rmse 50.0375, val_r2 -2.4585, val_pearson 0.3399, lr 1.00e-03 ---
2026-09-30 22:20:10,204 - INFO - 
****************************************************************************************************
2026-09-30 22:20:11,938 - INFO - --- training epoch 33, loss 24.5588, mae 25.0546, rmse 31.2798, time elapsed(min) 0.02---
2026-09-30 22:20:12,577 - INFO - --- validation at epoch 33, val_loss 23.8912, val_mae 23.4488, val_rmse 27.3935, val_r2 -0.0365, val_pearson 0.2907, lr 1.00e-03 ---
2026-09-30 22:20:12,578 - INFO - 
****************************************************************************************************
2026-09-30 22:20:14,221 - INFO - --- training epoch 34, loss 20.9387, mae 21.4341, rmse 26.2468, time elapsed(min) 0.02---
2026-09-30 22:20:14,467 - INFO - --- validation at epoch 34, val_loss 18.1356, val_mae 18.2880, val_rmse 22.8592, val_r2 0.2782, val_pearson 0.5535, lr 1.00e-03 ---
2026-09-30 22:20:14,467 - INFO - 
****************************************************************************************************
2026-09-30 22:20:15,868 - INFO - --- training epoch 35, loss 20.9792, mae 21.4734, rmse 26.3532, time elapsed(min) 0.02---
2026-09-30 22:20:16,090 - INFO - --- validation at epoch 35, val_loss 20.9534, val_mae 21.1694, val_rmse 24.8676, val_r2 0.1458, val_pearson 0.3820, lr 1.00e-03 ---
2026-09-30 22:20:16,090 - INFO - 
****************************************************************************************************
2026-09-30 22:20:17,735 - INFO - --- training epoch 36, loss 20.4253, mae 20.9212, rmse 25.2737, time elapsed(min) 0.02---
2026-09-30 22:20:17,969 - INFO - --- validation at epoch 36, val_loss 17.1482, val_mae 17.7224, val_rmse 22.2086, val_r2 0.3187, val_pearson 0.5768, lr 1.00e-03 ---
2026-09-30 22:20:17,969 - INFO - 
****************************************************************************************************
2026-09-30 22:20:19,690 - INFO - --- training epoch 37, loss 18.1835, mae 18.6776, rmse 24.3133, time elapsed(min) 0.02---
2026-09-30 22:20:19,919 - INFO - --- validation at epoch 37, val_loss 16.7910, val_mae 17.2924, val_rmse 21.9226, val_r2 0.3361, val_pearson 0.5848, lr 1.00e-03 ---
2026-09-30 22:20:19,919 - INFO - 
****************************************************************************************************
2026-09-30 22:20:21,539 - INFO - --- training epoch 38, loss 19.6315, mae 20.1282, rmse 25.4216, time elapsed(min) 0.02---
2026-09-30 22:20:22,052 - INFO - --- validation at epoch 38, val_loss 17.9647, val_mae 18.7501, val_rmse 22.8557, val_r2 0.2784, val_pearson 0.5385, lr 1.00e-03 ---
2026-09-30 22:20:22,052 - INFO - 
****************************************************************************************************
2026-09-30 22:20:23,538 - INFO - --- training epoch 39, loss 17.9984, mae 18.4919, rmse 23.7614, time elapsed(min) 0.01---
2026-09-30 22:20:23,766 - INFO - --- validation at epoch 39, val_loss 16.1823, val_mae 17.0860, val_rmse 21.9046, val_r2 0.3372, val_pearson 0.5969, lr 1.00e-03 ---
2026-09-30 22:20:23,766 - INFO - 
****************************************************************************************************
2026-09-30 22:20:25,056 - INFO - --- training epoch 40, loss 17.0789, mae 17.5702, rmse 22.9812, time elapsed(min) 0.01---
2026-09-30 22:20:25,296 - INFO - --- validation at epoch 40, val_loss 15.3202, val_mae 15.9425, val_rmse 20.7260, val_r2 0.4066, val_pearson 0.6446, lr 1.00e-03 ---
2026-09-30 22:20:25,296 - INFO - 
****************************************************************************************************
2026-09-30 22:20:26,760 - INFO - --- training epoch 41, loss 16.0234, mae 16.5160, rmse 21.5728, time elapsed(min) 0.02---
2026-09-30 22:20:26,962 - INFO - --- validation at epoch 41, val_loss 14.9805, val_mae 15.5256, val_rmse 19.4762, val_r2 0.4760, val_pearson 0.6945, lr 1.00e-03 ---
2026-09-30 22:20:26,962 - INFO - 
****************************************************************************************************
2026-09-30 22:20:28,571 - INFO - --- training epoch 42, loss 14.9555, mae 15.4478, rmse 20.3379, time elapsed(min) 0.02---
2026-09-30 22:20:28,788 - INFO - --- validation at epoch 42, val_loss 14.2639, val_mae 14.4216, val_rmse 18.3902, val_r2 0.5328, val_pearson 0.7427, lr 1.00e-03 ---
2026-09-30 22:20:28,788 - INFO - 
****************************************************************************************************
2026-09-30 22:20:30,391 - INFO - --- training epoch 43, loss 13.9545, mae 14.4449, rmse 19.3522, time elapsed(min) 0.02---
2026-09-30 22:20:30,597 - INFO - --- validation at epoch 43, val_loss 14.1027, val_mae 14.2966, val_rmse 18.9919, val_r2 0.5018, val_pearson 0.7182, lr 1.00e-03 ---
2026-09-30 22:20:30,597 - INFO - 
****************************************************************************************************
2026-09-30 22:20:32,218 - INFO - --- training epoch 44, loss 13.9262, mae 14.4150, rmse 19.1176, time elapsed(min) 0.02---
2026-09-30 22:20:32,653 - INFO - --- validation at epoch 44, val_loss 14.6260, val_mae 14.3844, val_rmse 17.9793, val_r2 0.5535, val_pearson 0.7523, lr 1.00e-03 ---
2026-09-30 22:20:32,653 - INFO - 
****************************************************************************************************
2026-09-30 22:20:33,986 - INFO - --- training epoch 45, loss 13.4863, mae 13.9740, rmse 18.7058, time elapsed(min) 0.01---
2026-09-30 22:20:34,175 - INFO - --- validation at epoch 45, val_loss 13.1121, val_mae 13.2195, val_rmse 17.0606, val_r2 0.5979, val_pearson 0.7773, lr 1.00e-03 ---
2026-09-30 22:20:34,175 - INFO - 
****************************************************************************************************
2026-09-30 22:20:35,560 - INFO - --- training epoch 46, loss 13.1321, mae 13.6205, rmse 18.1375, time elapsed(min) 0.01---
2026-09-30 22:20:35,759 - INFO - --- validation at epoch 46, val_loss 15.3331, val_mae 15.6010, val_rmse 20.1819, val_r2 0.4374, val_pearson 0.7775, lr 1.00e-03 ---
2026-09-30 22:20:35,759 - INFO - 
****************************************************************************************************
2026-09-30 22:20:37,277 - INFO - --- training epoch 47, loss 13.4750, mae 13.9625, rmse 18.7463, time elapsed(min) 0.02---
2026-09-30 22:20:37,472 - INFO - --- validation at epoch 47, val_loss 14.4936, val_mae 14.3109, val_rmse 18.0846, val_r2 0.5482, val_pearson 0.7738, lr 1.00e-03 ---
2026-09-30 22:20:37,472 - INFO - 
****************************************************************************************************
2026-09-30 22:20:38,995 - INFO - --- training epoch 48, loss 12.6297, mae 13.1162, rmse 17.7962, time elapsed(min) 0.02---
2026-09-30 22:20:39,193 - INFO - --- validation at epoch 48, val_loss 12.6820, val_mae 12.5384, val_rmse 16.2674, val_r2 0.6345, val_pearson 0.8054, lr 1.00e-03 ---
2026-09-30 22:20:39,193 - INFO - 
****************************************************************************************************
2026-09-30 22:20:40,803 - INFO - --- training epoch 49, loss 12.3392, mae 12.8266, rmse 17.2888, time elapsed(min) 0.02---
2026-09-30 22:20:40,993 - INFO - --- validation at epoch 49, val_loss 12.6021, val_mae 12.1899, val_rmse 15.7574, val_r2 0.6570, val_pearson 0.8258, lr 1.00e-03 ---
2026-09-30 22:20:40,993 - INFO - 
****************************************************************************************************
2026-09-30 22:20:42,213 - INFO - --- training epoch 50, loss 12.4078, mae 12.8925, rmse 17.6303, time elapsed(min) 0.01---
2026-09-30 22:20:42,421 - INFO - --- validation at epoch 50, val_loss 13.7522, val_mae 13.4610, val_rmse 17.1482, val_r2 0.5938, val_pearson 0.8061, lr 1.00e-03 ---
2026-09-30 22:20:42,421 - INFO - 
****************************************************************************************************
2026-09-30 22:20:43,543 - INFO - --- training epoch 51, loss 12.1220, mae 12.6069, rmse 17.3354, time elapsed(min) 0.01---
2026-09-30 22:20:43,745 - INFO - --- validation at epoch 51, val_loss 11.8233, val_mae 11.5225, val_rmse 15.5401, val_r2 0.6664, val_pearson 0.8216, lr 1.00e-03 ---
2026-09-30 22:20:43,745 - INFO - 
****************************************************************************************************
2026-09-30 22:20:45,332 - INFO - --- training epoch 52, loss 11.8364, mae 12.3235, rmse 16.9215, time elapsed(min) 0.02---
2026-09-30 22:20:45,533 - INFO - --- validation at epoch 52, val_loss 11.4066, val_mae 11.6677, val_rmse 15.6457, val_r2 0.6619, val_pearson 0.8228, lr 1.00e-03 ---
2026-09-30 22:20:45,534 - INFO - 
****************************************************************************************************
2026-09-30 22:20:47,010 - INFO - --- training epoch 53, loss 11.1485, mae 11.6328, rmse 16.1493, time elapsed(min) 0.02---
2026-09-30 22:20:47,194 - INFO - --- validation at epoch 53, val_loss 11.1323, val_mae 10.9165, val_rmse 15.0465, val_r2 0.6873, val_pearson 0.8348, lr 1.00e-03 ---
2026-09-30 22:20:47,194 - INFO - 
****************************************************************************************************
2026-09-30 22:20:48,844 - INFO - --- training epoch 54, loss 11.2753, mae 11.7615, rmse 16.4649, time elapsed(min) 0.02---
2026-09-30 22:20:49,038 - INFO - --- validation at epoch 54, val_loss 11.3419, val_mae 10.8287, val_rmse 14.9394, val_r2 0.6917, val_pearson 0.8421, lr 1.00e-03 ---
2026-09-30 22:20:49,038 - INFO - 
****************************************************************************************************
2026-09-30 22:20:50,144 - INFO - --- training epoch 55, loss 11.2769, mae 11.7599, rmse 16.2128, time elapsed(min) 0.01---
2026-09-30 22:20:50,321 - INFO - --- validation at epoch 55, val_loss 11.8372, val_mae 11.4787, val_rmse 16.0396, val_r2 0.6446, val_pearson 0.8304, lr 1.00e-03 ---
2026-09-30 22:20:50,321 - INFO - 
****************************************************************************************************
2026-09-30 22:20:51,438 - INFO - --- training epoch 56, loss 11.2598, mae 11.7442, rmse 16.4181, time elapsed(min) 0.01---
2026-09-30 22:20:51,609 - INFO - --- validation at epoch 56, val_loss 14.5781, val_mae 14.0717, val_rmse 18.7112, val_r2 0.5164, val_pearson 0.8430, lr 1.00e-03 ---
2026-09-30 22:20:51,609 - INFO - 
****************************************************************************************************
2026-09-30 22:20:52,905 - INFO - --- training epoch 57, loss 12.2731, mae 12.7580, rmse 17.8408, time elapsed(min) 0.02---
2026-09-30 22:20:53,088 - INFO - --- validation at epoch 57, val_loss 11.4298, val_mae 11.2142, val_rmse 15.0339, val_r2 0.6878, val_pearson 0.8442, lr 1.00e-03 ---
2026-09-30 22:20:53,088 - INFO - 
****************************************************************************************************
2026-09-30 22:20:54,526 - INFO - --- training epoch 58, loss 12.1118, mae 12.5982, rmse 17.5198, time elapsed(min) 0.02---
2026-09-30 22:20:54,701 - INFO - --- validation at epoch 58, val_loss 12.8730, val_mae 12.1150, val_rmse 17.9242, val_r2 0.5562, val_pearson 0.7897, lr 1.00e-03 ---
2026-09-30 22:20:54,701 - INFO - 
****************************************************************************************************
2026-09-30 22:20:56,159 - INFO - --- training epoch 59, loss 11.3876, mae 11.8698, rmse 16.4498, time elapsed(min) 0.02---
2026-09-30 22:20:56,335 - INFO - --- validation at epoch 59, val_loss 11.2613, val_mae 10.8578, val_rmse 15.1046, val_r2 0.6849, val_pearson 0.8360, lr 1.00e-03 ---
2026-09-30 22:20:56,336 - INFO - 
****************************************************************************************************
2026-09-30 22:20:57,415 - INFO - --- training epoch 60, loss 11.5731, mae 12.0528, rmse 16.8664, time elapsed(min) 0.01---
2026-09-30 22:20:57,598 - INFO - --- validation at epoch 60, val_loss 11.2093, val_mae 10.7406, val_rmse 14.6962, val_r2 0.7017, val_pearson 0.8442, lr 1.00e-03 ---
2026-09-30 22:20:57,598 - INFO - 
****************************************************************************************************
2026-09-30 22:20:58,669 - INFO - --- training epoch 61, loss 10.8377, mae 11.3192, rmse 15.7133, time elapsed(min) 0.01---
2026-09-30 22:20:58,846 - INFO - --- validation at epoch 61, val_loss 11.6248, val_mae 11.4624, val_rmse 15.5409, val_r2 0.6664, val_pearson 0.8457, lr 1.00e-03 ---
2026-09-30 22:20:58,846 - INFO - 
****************************************************************************************************
2026-09-30 22:21:00,247 - INFO - --- training epoch 62, loss 10.9464, mae 11.4291, rmse 16.0542, time elapsed(min) 0.02---
2026-09-30 22:21:00,421 - INFO - --- validation at epoch 62, val_loss 11.3332, val_mae 11.5301, val_rmse 15.1593, val_r2 0.6826, val_pearson 0.8317, lr 1.00e-03 ---
2026-09-30 22:21:00,421 - INFO - 
****************************************************************************************************
2026-09-30 22:21:01,691 - INFO - --- training epoch 63, loss 10.3871, mae 10.8679, rmse 15.0958, time elapsed(min) 0.01---
2026-09-30 22:21:01,867 - INFO - --- validation at epoch 63, val_loss 10.6560, val_mae 9.7540, val_rmse 13.9688, val_r2 0.7305, val_pearson 0.8624, lr 1.00e-03 ---
2026-09-30 22:21:01,867 - INFO - 
****************************************************************************************************
2026-09-30 22:21:03,371 - INFO - --- training epoch 64, loss 10.4119, mae 10.8941, rmse 15.4528, time elapsed(min) 0.02---
2026-09-30 22:21:03,560 - INFO - --- validation at epoch 64, val_loss 12.7986, val_mae 12.4223, val_rmse 16.5122, val_r2 0.6234, val_pearson 0.8286, lr 1.00e-03 ---
2026-09-30 22:21:03,560 - INFO - 
****************************************************************************************************
2026-09-30 22:21:04,627 - INFO - --- training epoch 65, loss 11.9356, mae 12.4212, rmse 17.5890, time elapsed(min) 0.01---
2026-09-30 22:21:04,798 - INFO - --- validation at epoch 65, val_loss 11.1763, val_mae 10.7225, val_rmse 15.7905, val_r2 0.6556, val_pearson 0.8233, lr 1.00e-03 ---
2026-09-30 22:21:04,798 - INFO - 
****************************************************************************************************
2026-09-30 22:21:05,858 - INFO - --- training epoch 66, loss 11.1451, mae 11.6314, rmse 16.0757, time elapsed(min) 0.01---
2026-09-30 22:21:06,028 - INFO - --- validation at epoch 66, val_loss 11.3053, val_mae 10.4829, val_rmse 14.6521, val_r2 0.7035, val_pearson 0.8531, lr 1.00e-03 ---
2026-09-30 22:21:06,028 - INFO - 
****************************************************************************************************
2026-09-30 22:21:07,307 - INFO - --- training epoch 67, loss 10.2744, mae 10.7573, rmse 15.2638, time elapsed(min) 0.01---
2026-09-30 22:21:07,490 - INFO - --- validation at epoch 67, val_loss 10.3475, val_mae 10.1828, val_rmse 14.4113, val_r2 0.7131, val_pearson 0.8560, lr 1.00e-03 ---
2026-09-30 22:21:07,490 - INFO - 
****************************************************************************************************
2026-09-30 22:21:08,862 - INFO - --- training epoch 68, loss 10.7340, mae 11.2164, rmse 15.6530, time elapsed(min) 0.01---
2026-09-30 22:21:09,038 - INFO - --- validation at epoch 68, val_loss 12.0368, val_mae 12.4349, val_rmse 16.5715, val_r2 0.6207, val_pearson 0.7957, lr 1.00e-03 ---
2026-09-30 22:21:09,038 - INFO - 
****************************************************************************************************
2026-09-30 22:21:10,250 - INFO - --- training epoch 69, loss 11.9865, mae 12.4711, rmse 17.0116, time elapsed(min) 0.01---
2026-09-30 22:21:10,416 - INFO - --- validation at epoch 69, val_loss 11.6180, val_mae 11.0826, val_rmse 15.6911, val_r2 0.6599, val_pearson 0.8211, lr 1.00e-03 ---
2026-09-30 22:21:10,416 - INFO - 
****************************************************************************************************
2026-09-30 22:21:11,482 - INFO - --- training epoch 70, loss 10.6607, mae 11.1452, rmse 15.5417, time elapsed(min) 0.01---
2026-09-30 22:21:11,647 - INFO - --- validation at epoch 70, val_loss 10.9832, val_mae 10.5849, val_rmse 14.6044, val_r2 0.7054, val_pearson 0.8438, lr 1.00e-03 ---
2026-09-30 22:21:11,647 - INFO - 
****************************************************************************************************
2026-09-30 22:21:12,915 - INFO - --- training epoch 71, loss 10.9917, mae 11.4740, rmse 15.9783, time elapsed(min) 0.01---
2026-09-30 22:21:13,084 - INFO - --- validation at epoch 71, val_loss 11.5275, val_mae 11.4057, val_rmse 16.1258, val_r2 0.6408, val_pearson 0.8200, lr 1.00e-03 ---
2026-09-30 22:21:13,084 - INFO - 
****************************************************************************************************
2026-09-30 22:21:14,517 - INFO - --- training epoch 72, loss 10.4692, mae 10.9494, rmse 15.4884, time elapsed(min) 0.02---
2026-09-30 22:21:14,692 - INFO - --- validation at epoch 72, val_loss 11.8603, val_mae 11.0154, val_rmse 15.4953, val_r2 0.6683, val_pearson 0.8379, lr 1.00e-03 ---
2026-09-30 22:21:14,692 - INFO - 
****************************************************************************************************
2026-09-30 22:21:16,004 - INFO - --- training epoch 73, loss 11.0255, mae 11.5088, rmse 16.3285, time elapsed(min) 0.02---
2026-09-30 22:21:16,185 - INFO - --- validation at epoch 73, val_loss 10.6228, val_mae 10.2760, val_rmse 14.5487, val_r2 0.7076, val_pearson 0.8466, lr 1.00e-03 ---
2026-09-30 22:21:16,185 - INFO - 
****************************************************************************************************
2026-09-30 22:21:17,392 - INFO - --- training epoch 74, loss 10.5012, mae 10.9871, rmse 15.3007, time elapsed(min) 0.01---
2026-09-30 22:21:17,570 - INFO - --- validation at epoch 74, val_loss 11.2259, val_mae 10.3417, val_rmse 14.4767, val_r2 0.7105, val_pearson 0.8502, lr 1.00e-03 ---
2026-09-30 22:21:17,570 - INFO - 
****************************************************************************************************
2026-09-30 22:21:18,631 - INFO - --- training epoch 75, loss 10.1510, mae 10.6313, rmse 14.8069, time elapsed(min) 0.01---
2026-09-30 22:21:18,802 - INFO - --- validation at epoch 75, val_loss 10.3441, val_mae 9.7311, val_rmse 14.1105, val_r2 0.7250, val_pearson 0.8543, lr 1.00e-03 ---
2026-09-30 22:21:18,802 - INFO - 
****************************************************************************************************
2026-09-30 22:21:20,102 - INFO - --- training epoch 76, loss 9.5784, mae 10.0594, rmse 14.3511, time elapsed(min) 0.01---
2026-09-30 22:21:20,265 - INFO - --- validation at epoch 76, val_loss 10.6377, val_mae 10.3220, val_rmse 14.3998, val_r2 0.7136, val_pearson 0.8693, lr 1.00e-03 ---
2026-09-30 22:21:20,265 - INFO - 
****************************************************************************************************
2026-09-30 22:21:21,544 - INFO - --- training epoch 77, loss 9.9283, mae 10.4067, rmse 14.4828, time elapsed(min) 0.01---
2026-09-30 22:21:21,703 - INFO - --- validation at epoch 77, val_loss 9.7900, val_mae 9.2217, val_rmse 13.2014, val_r2 0.7593, val_pearson 0.8791, lr 1.00e-03 ---
2026-09-30 22:21:21,703 - INFO - 
****************************************************************************************************
2026-09-30 22:21:23,095 - INFO - --- training epoch 78, loss 9.7098, mae 10.1887, rmse 14.5591, time elapsed(min) 0.01---
2026-09-30 22:21:23,274 - INFO - --- validation at epoch 78, val_loss 10.2848, val_mae 9.4104, val_rmse 13.1724, val_r2 0.7603, val_pearson 0.8740, lr 1.00e-03 ---
2026-09-30 22:21:23,274 - INFO - 
****************************************************************************************************
2026-09-30 22:21:24,728 - INFO - --- training epoch 79, loss 9.1555, mae 9.6306, rmse 13.8035, time elapsed(min) 0.02---
2026-09-30 22:21:24,898 - INFO - --- validation at epoch 79, val_loss 9.7156, val_mae 8.7840, val_rmse 12.9955, val_r2 0.7667, val_pearson 0.8767, lr 1.00e-03 ---
2026-09-30 22:21:24,898 - INFO - 
****************************************************************************************************
2026-09-30 22:21:26,053 - INFO - --- training epoch 80, loss 9.1386, mae 9.6169, rmse 13.7161, time elapsed(min) 0.01---
2026-09-30 22:21:26,227 - INFO - --- validation at epoch 80, val_loss 9.1722, val_mae 8.5578, val_rmse 12.3752, val_r2 0.7885, val_pearson 0.8933, lr 1.00e-03 ---
2026-09-30 22:21:26,227 - INFO - 
****************************************************************************************************
2026-09-30 22:21:27,533 - INFO - --- training epoch 81, loss 9.3788, mae 9.8589, rmse 14.0353, time elapsed(min) 0.01---
2026-09-30 22:21:27,709 - INFO - --- validation at epoch 81, val_loss 9.3587, val_mae 8.7586, val_rmse 12.5648, val_r2 0.7819, val_pearson 0.8873, lr 1.00e-03 ---
2026-09-30 22:21:27,709 - INFO - 
****************************************************************************************************
2026-09-30 22:21:29,077 - INFO - --- training epoch 82, loss 9.2088, mae 9.6849, rmse 13.7301, time elapsed(min) 0.02---
2026-09-30 22:21:29,245 - INFO - --- validation at epoch 82, val_loss 9.1561, val_mae 8.7712, val_rmse 12.5801, val_r2 0.7814, val_pearson 0.8897, lr 1.00e-03 ---
2026-09-30 22:21:29,245 - INFO - 
****************************************************************************************************
2026-09-30 22:21:30,719 - INFO - --- training epoch 83, loss 9.4686, mae 9.9476, rmse 14.1006, time elapsed(min) 0.02---
2026-09-30 22:21:30,894 - INFO - --- validation at epoch 83, val_loss 9.5510, val_mae 9.0879, val_rmse 12.8328, val_r2 0.7725, val_pearson 0.8824, lr 1.00e-03 ---
2026-09-30 22:21:30,895 - INFO - 
****************************************************************************************************
2026-09-30 22:21:32,320 - INFO - --- training epoch 84, loss 9.4814, mae 9.9587, rmse 14.1901, time elapsed(min) 0.02---
2026-09-30 22:21:32,499 - INFO - --- validation at epoch 84, val_loss 9.6898, val_mae 8.8195, val_rmse 12.4137, val_r2 0.7871, val_pearson 0.8873, lr 1.00e-03 ---
2026-09-30 22:21:32,499 - INFO - 
****************************************************************************************************
2026-09-30 22:21:33,550 - INFO - --- training epoch 85, loss 9.2287, mae 9.7081, rmse 13.8209, time elapsed(min) 0.01---
2026-09-30 22:21:33,734 - INFO - --- validation at epoch 85, val_loss 10.7938, val_mae 10.1689, val_rmse 14.9070, val_r2 0.6930, val_pearson 0.8814, lr 1.00e-03 ---
2026-09-30 22:21:33,734 - INFO - 
****************************************************************************************************
2026-09-30 22:21:34,951 - INFO - --- training epoch 86, loss 10.4689, mae 10.9491, rmse 15.5870, time elapsed(min) 0.01---
2026-09-30 22:21:35,109 - INFO - --- validation at epoch 86, val_loss 11.3136, val_mae 10.3818, val_rmse 14.6625, val_r2 0.7030, val_pearson 0.8421, lr 1.00e-03 ---
2026-09-30 22:21:35,109 - INFO - 
****************************************************************************************************
2026-09-30 22:21:36,376 - INFO - --- training epoch 87, loss 9.9533, mae 10.4333, rmse 14.8075, time elapsed(min) 0.01---
2026-09-30 22:21:36,550 - INFO - --- validation at epoch 87, val_loss 10.0054, val_mae 9.5902, val_rmse 13.3526, val_r2 0.7537, val_pearson 0.8709, lr 1.00e-03 ---
2026-09-30 22:21:36,550 - INFO - 
****************************************************************************************************
2026-09-30 22:21:37,966 - INFO - --- training epoch 88, loss 9.9727, mae 10.4556, rmse 14.8907, time elapsed(min) 0.02---
2026-09-30 22:21:38,137 - INFO - --- validation at epoch 88, val_loss 11.2693, val_mae 10.5738, val_rmse 14.4600, val_r2 0.7112, val_pearson 0.8534, lr 1.00e-03 ---
2026-09-30 22:21:38,137 - INFO - 
****************************************************************************************************
2026-09-30 22:21:39,558 - INFO - --- training epoch 89, loss 9.7173, mae 10.1952, rmse 14.4991, time elapsed(min) 0.02---
2026-09-30 22:21:39,730 - INFO - --- validation at epoch 89, val_loss 9.7096, val_mae 9.0011, val_rmse 12.7022, val_r2 0.7771, val_pearson 0.8824, lr 1.00e-03 ---
2026-09-30 22:21:39,730 - INFO - 
****************************************************************************************************
2026-09-30 22:21:40,814 - INFO - --- training epoch 90, loss 9.3563, mae 9.8349, rmse 14.0802, time elapsed(min) 0.01---
2026-09-30 22:21:40,989 - INFO - --- validation at epoch 90, val_loss 9.4663, val_mae 9.0236, val_rmse 13.1143, val_r2 0.7624, val_pearson 0.8926, lr 1.00e-03 ---
2026-09-30 22:21:40,990 - INFO - 
****************************************************************************************************
2026-09-30 22:21:42,209 - INFO - --- training epoch 91, loss 9.7331, mae 10.2159, rmse 14.5223, time elapsed(min) 0.01---
2026-09-30 22:21:42,372 - INFO - --- validation at epoch 91, val_loss 9.5395, val_mae 9.3435, val_rmse 13.5658, val_r2 0.7458, val_pearson 0.8644, lr 1.00e-03 ---
2026-09-30 22:21:42,372 - INFO - 
****************************************************************************************************
2026-09-30 22:21:43,754 - INFO - --- training epoch 92, loss 9.2017, mae 9.6807, rmse 13.8978, time elapsed(min) 0.02---
2026-09-30 22:21:43,925 - INFO - --- validation at epoch 92, val_loss 9.7182, val_mae 9.2676, val_rmse 13.2535, val_r2 0.7574, val_pearson 0.8803, lr 1.00e-03 ---
2026-09-30 22:21:43,925 - INFO - 
****************************************************************************************************
2026-09-30 22:21:45,165 - INFO - --- training epoch 93, loss 9.0118, mae 9.4884, rmse 13.5450, time elapsed(min) 0.01---
2026-09-30 22:21:45,342 - INFO - --- validation at epoch 93, val_loss 9.5468, val_mae 8.8114, val_rmse 12.8669, val_r2 0.7713, val_pearson 0.8844, lr 1.00e-03 ---
2026-09-30 22:21:45,343 - INFO - 
****************************************************************************************************
2026-09-30 22:21:46,609 - INFO - --- training epoch 94, loss 8.6337, mae 9.1109, rmse 13.1360, time elapsed(min) 0.01---
2026-09-30 22:21:46,985 - INFO - --- validation at epoch 94, val_loss 8.9130, val_mae 8.1252, val_rmse 11.9223, val_r2 0.8037, val_pearson 0.9001, lr 3.00e-04 ---
2026-09-30 22:21:46,985 - INFO - 
****************************************************************************************************
2026-09-30 22:21:48,267 - INFO - --- training epoch 95, loss 8.5953, mae 9.0709, rmse 13.1305, time elapsed(min) 0.01---
2026-09-30 22:21:48,430 - INFO - --- validation at epoch 95, val_loss 9.6539, val_mae 8.8378, val_rmse 12.9108, val_r2 0.7697, val_pearson 0.8909, lr 3.00e-04 ---
2026-09-30 22:21:48,430 - INFO - 
****************************************************************************************************
2026-09-30 22:21:49,482 - INFO - --- training epoch 96, loss 8.4512, mae 8.9255, rmse 12.8904, time elapsed(min) 0.01---
2026-09-30 22:21:49,652 - INFO - --- validation at epoch 96, val_loss 9.4720, val_mae 8.6182, val_rmse 12.4333, val_r2 0.7865, val_pearson 0.8889, lr 3.00e-04 ---
2026-09-30 22:21:49,652 - INFO - 
****************************************************************************************************
2026-09-30 22:21:50,860 - INFO - --- training epoch 97, loss 8.3171, mae 8.7916, rmse 12.6778, time elapsed(min) 0.01---
2026-09-30 22:21:51,028 - INFO - --- validation at epoch 97, val_loss 8.7500, val_mae 8.1024, val_rmse 11.9155, val_r2 0.8039, val_pearson 0.8987, lr 3.00e-04 ---
2026-09-30 22:21:51,029 - INFO - 
****************************************************************************************************
2026-09-30 22:21:52,389 - INFO - --- training epoch 98, loss 8.5492, mae 9.0253, rmse 13.0576, time elapsed(min) 0.01---
2026-09-30 22:21:52,556 - INFO - --- validation at epoch 98, val_loss 9.0226, val_mae 8.2609, val_rmse 11.9761, val_r2 0.8019, val_pearson 0.8991, lr 3.00e-04 ---
2026-09-30 22:21:52,556 - INFO - 
****************************************************************************************************
2026-09-30 22:21:53,848 - INFO - --- training epoch 99, loss 8.2333, mae 8.7069, rmse 12.7319, time elapsed(min) 0.02---
2026-09-30 22:21:54,037 - INFO - --- validation at epoch 99, val_loss 8.9348, val_mae 8.1459, val_rmse 12.1807, val_r2 0.7951, val_pearson 0.8986, lr 3.00e-04 ---
2026-09-30 22:21:54,037 - INFO - 
****************************************************************************************************
2026-09-30 22:21:55,254 - INFO - --- training epoch 100, loss 8.2205, mae 8.6946, rmse 12.7363, time elapsed(min) 0.01---
2026-09-30 22:21:55,423 - INFO - --- validation at epoch 100, val_loss 8.9446, val_mae 8.0225, val_rmse 11.8989, val_r2 0.8044, val_pearson 0.8990, lr 3.00e-04 ---
2026-09-30 22:21:55,423 - INFO - 
****************************************************************************************************
2026-09-30 22:21:56,486 - INFO - --- training epoch 101, loss 8.4120, mae 8.8890, rmse 12.8414, time elapsed(min) 0.01---
2026-09-30 22:21:56,657 - INFO - --- validation at epoch 101, val_loss 9.0294, val_mae 8.0449, val_rmse 12.0633, val_r2 0.7990, val_pearson 0.9002, lr 3.00e-04 ---
2026-09-30 22:21:56,657 - INFO - 
****************************************************************************************************
2026-09-30 22:21:57,920 - INFO - --- training epoch 102, loss 8.3456, mae 8.8201, rmse 12.7995, time elapsed(min) 0.01---
2026-09-30 22:21:58,091 - INFO - --- validation at epoch 102, val_loss 8.7989, val_mae 8.0237, val_rmse 11.7011, val_r2 0.8109, val_pearson 0.9006, lr 3.00e-04 ---
2026-09-30 22:21:58,091 - INFO - 
****************************************************************************************************
2026-09-30 22:21:59,517 - INFO - --- training epoch 103, loss 8.1425, mae 8.6169, rmse 12.5134, time elapsed(min) 0.02---
2026-09-30 22:21:59,683 - INFO - --- validation at epoch 103, val_loss 8.5706, val_mae 7.9492, val_rmse 11.8028, val_r2 0.8076, val_pearson 0.9075, lr 3.00e-04 ---
2026-09-30 22:21:59,684 - INFO - 
****************************************************************************************************
2026-09-30 22:22:01,035 - INFO - --- training epoch 104, loss 7.9677, mae 8.4429, rmse 12.2272, time elapsed(min) 0.01---
2026-09-30 22:22:01,204 - INFO - --- validation at epoch 104, val_loss 8.5828, val_mae 7.7707, val_rmse 11.5376, val_r2 0.8161, val_pearson 0.9054, lr 3.00e-04 ---
2026-09-30 22:22:01,204 - INFO - 
****************************************************************************************************
2026-09-30 22:22:02,599 - INFO - --- training epoch 105, loss 7.9178, mae 8.3912, rmse 12.2460, time elapsed(min) 0.02---
2026-09-30 22:22:02,774 - INFO - --- validation at epoch 105, val_loss 8.6176, val_mae 7.9272, val_rmse 11.7263, val_r2 0.8101, val_pearson 0.9049, lr 3.00e-04 ---
2026-09-30 22:22:02,774 - INFO - 
****************************************************************************************************
2026-09-30 22:22:03,853 - INFO - --- training epoch 106, loss 7.9551, mae 8.4320, rmse 12.2770, time elapsed(min) 0.01---
2026-09-30 22:22:04,023 - INFO - --- validation at epoch 106, val_loss 8.9056, val_mae 7.8678, val_rmse 11.7323, val_r2 0.8099, val_pearson 0.9029, lr 3.00e-04 ---
2026-09-30 22:22:04,024 - INFO - 
****************************************************************************************************
2026-09-30 22:22:05,096 - INFO - --- training epoch 107, loss 7.9301, mae 8.4015, rmse 12.3320, time elapsed(min) 0.01---
2026-09-30 22:22:05,261 - INFO - --- validation at epoch 107, val_loss 9.1875, val_mae 8.2512, val_rmse 12.2730, val_r2 0.7919, val_pearson 0.9014, lr 3.00e-04 ---
2026-09-30 22:22:05,261 - INFO - 
****************************************************************************************************
2026-09-30 22:22:06,672 - INFO - --- training epoch 108, loss 7.7599, mae 8.2337, rmse 12.0281, time elapsed(min) 0.02---
2026-09-30 22:22:06,839 - INFO - --- validation at epoch 108, val_loss 8.5613, val_mae 7.6595, val_rmse 11.4472, val_r2 0.8190, val_pearson 0.9067, lr 3.00e-04 ---
2026-09-30 22:22:06,839 - INFO - 
****************************************************************************************************
2026-09-30 22:22:08,300 - INFO - --- training epoch 109, loss 8.0270, mae 8.5033, rmse 12.3760, time elapsed(min) 0.02---
2026-09-30 22:22:08,472 - INFO - --- validation at epoch 109, val_loss 8.8925, val_mae 8.1098, val_rmse 11.9768, val_r2 0.8019, val_pearson 0.9021, lr 3.00e-04 ---
2026-09-30 22:22:08,472 - INFO - 
****************************************************************************************************
2026-09-30 22:22:09,899 - INFO - --- training epoch 110, loss 7.7455, mae 8.2217, rmse 11.9703, time elapsed(min) 0.02---
2026-09-30 22:22:10,070 - INFO - --- validation at epoch 110, val_loss 8.7696, val_mae 7.8786, val_rmse 11.7905, val_r2 0.8080, val_pearson 0.9044, lr 3.00e-04 ---
2026-09-30 22:22:10,070 - INFO - 
****************************************************************************************************
2026-09-30 22:22:11,149 - INFO - --- training epoch 111, loss 7.8043, mae 8.2792, rmse 12.1432, time elapsed(min) 0.01---
2026-09-30 22:22:11,316 - INFO - --- validation at epoch 111, val_loss 8.8309, val_mae 8.1278, val_rmse 12.1155, val_r2 0.7972, val_pearson 0.9030, lr 3.00e-04 ---
2026-09-30 22:22:11,316 - INFO - 
****************************************************************************************************
2026-09-30 22:22:12,378 - INFO - --- training epoch 112, loss 7.8670, mae 8.3419, rmse 12.2466, time elapsed(min) 0.01---
2026-09-30 22:22:12,551 - INFO - --- validation at epoch 112, val_loss 8.6935, val_mae 7.8988, val_rmse 11.7607, val_r2 0.8089, val_pearson 0.9026, lr 3.00e-04 ---
2026-09-30 22:22:12,551 - INFO - 
****************************************************************************************************
2026-09-30 22:22:13,917 - INFO - --- training epoch 113, loss 7.7963, mae 8.2690, rmse 12.1272, time elapsed(min) 0.02---
2026-09-30 22:22:14,070 - INFO - --- validation at epoch 113, val_loss 8.5364, val_mae 7.7182, val_rmse 11.5853, val_r2 0.8146, val_pearson 0.9055, lr 3.00e-04 ---
2026-09-30 22:22:14,070 - INFO - 
****************************************************************************************************
2026-09-30 22:22:15,434 - INFO - --- training epoch 114, loss 7.7453, mae 8.2197, rmse 12.1567, time elapsed(min) 0.01---
2026-09-30 22:22:15,605 - INFO - --- validation at epoch 114, val_loss 8.9522, val_mae 8.0296, val_rmse 11.7992, val_r2 0.8077, val_pearson 0.9029, lr 3.00e-04 ---
2026-09-30 22:22:15,605 - INFO - 
****************************************************************************************************
2026-09-30 22:22:16,932 - INFO - --- training epoch 115, loss 7.6580, mae 8.1303, rmse 11.9490, time elapsed(min) 0.02---
2026-09-30 22:22:17,291 - INFO - --- validation at epoch 115, val_loss 8.4893, val_mae 7.5824, val_rmse 11.4863, val_r2 0.8178, val_pearson 0.9071, lr 3.00e-04 ---
2026-09-30 22:22:17,291 - INFO - 
****************************************************************************************************
2026-09-30 22:22:18,613 - INFO - --- training epoch 116, loss 7.6112, mae 8.0835, rmse 12.0336, time elapsed(min) 0.01---
2026-09-30 22:22:18,781 - INFO - --- validation at epoch 116, val_loss 8.6376, val_mae 7.7999, val_rmse 11.6607, val_r2 0.8122, val_pearson 0.9065, lr 3.00e-04 ---
2026-09-30 22:22:18,781 - INFO - 
****************************************************************************************************
2026-09-30 22:22:19,842 - INFO - --- training epoch 117, loss 7.5810, mae 8.0551, rmse 11.7968, time elapsed(min) 0.01---
2026-09-30 22:22:20,004 - INFO - --- validation at epoch 117, val_loss 8.8319, val_mae 7.9962, val_rmse 11.8369, val_r2 0.8065, val_pearson 0.9046, lr 3.00e-04 ---
2026-09-30 22:22:20,005 - INFO - 
****************************************************************************************************
2026-09-30 22:22:21,275 - INFO - --- training epoch 118, loss 7.7246, mae 8.1993, rmse 11.9702, time elapsed(min) 0.01---
2026-09-30 22:22:21,445 - INFO - --- validation at epoch 118, val_loss 9.0848, val_mae 7.9596, val_rmse 12.0021, val_r2 0.8010, val_pearson 0.8997, lr 3.00e-04 ---
2026-09-30 22:22:21,445 - INFO - 
****************************************************************************************************
2026-09-30 22:22:22,706 - INFO - --- training epoch 119, loss 7.7147, mae 8.1875, rmse 12.0855, time elapsed(min) 0.01---
2026-09-30 22:22:22,885 - INFO - --- validation at epoch 119, val_loss 8.5216, val_mae 7.5512, val_rmse 11.6204, val_r2 0.8135, val_pearson 0.9078, lr 3.00e-04 ---
2026-09-30 22:22:22,886 - INFO - 
****************************************************************************************************
2026-09-30 22:22:24,192 - INFO - --- training epoch 120, loss 7.5472, mae 8.0206, rmse 11.9703, time elapsed(min) 0.02---
2026-09-30 22:22:24,582 - INFO - --- validation at epoch 120, val_loss 8.4595, val_mae 7.5608, val_rmse 11.4417, val_r2 0.8192, val_pearson 0.9086, lr 3.00e-04 ---
2026-09-30 22:22:24,582 - INFO - 
****************************************************************************************************
2026-09-30 22:22:25,887 - INFO - --- training epoch 121, loss 7.7005, mae 8.1704, rmse 12.1385, time elapsed(min) 0.01---
2026-09-30 22:22:26,044 - INFO - --- validation at epoch 121, val_loss 8.5366, val_mae 7.3792, val_rmse 11.2432, val_r2 0.8254, val_pearson 0.9099, lr 3.00e-04 ---
2026-09-30 22:22:26,044 - INFO - 
****************************************************************************************************
2026-09-30 22:22:27,133 - INFO - --- training epoch 122, loss 7.6764, mae 8.1479, rmse 12.2090, time elapsed(min) 0.01---
2026-09-30 22:22:27,304 - INFO - --- validation at epoch 122, val_loss 8.4311, val_mae 7.5887, val_rmse 11.5328, val_r2 0.8163, val_pearson 0.9048, lr 3.00e-04 ---
2026-09-30 22:22:27,304 - INFO - 
****************************************************************************************************
2026-09-30 22:22:28,653 - INFO - --- training epoch 123, loss 7.8335, mae 8.3047, rmse 12.4606, time elapsed(min) 0.01---
2026-09-30 22:22:28,823 - INFO - --- validation at epoch 123, val_loss 9.0858, val_mae 8.0310, val_rmse 12.1268, val_r2 0.7969, val_pearson 0.9002, lr 3.00e-04 ---
2026-09-30 22:22:28,823 - INFO - 
****************************************************************************************************
2026-09-30 22:22:30,247 - INFO - --- training epoch 124, loss 7.7028, mae 8.1748, rmse 12.1558, time elapsed(min) 0.02---
2026-09-30 22:22:30,417 - INFO - --- validation at epoch 124, val_loss 8.3978, val_mae 7.4963, val_rmse 11.4608, val_r2 0.8186, val_pearson 0.9090, lr 3.00e-04 ---
2026-09-30 22:22:30,417 - INFO - 
****************************************************************************************************
2026-09-30 22:22:31,797 - INFO - --- training epoch 125, loss 7.6257, mae 8.0957, rmse 12.0516, time elapsed(min) 0.02---
2026-09-30 22:22:31,965 - INFO - --- validation at epoch 125, val_loss 8.5872, val_mae 7.5759, val_rmse 11.5717, val_r2 0.8150, val_pearson 0.9096, lr 3.00e-04 ---
2026-09-30 22:22:31,965 - INFO - 
****************************************************************************************************
2026-09-30 22:22:33,174 - INFO - --- training epoch 126, loss 7.6776, mae 8.1503, rmse 11.9603, time elapsed(min) 0.01---
2026-09-30 22:22:33,351 - INFO - --- validation at epoch 126, val_loss 8.6089, val_mae 7.6603, val_rmse 11.4351, val_r2 0.8194, val_pearson 0.9063, lr 3.00e-04 ---
2026-09-30 22:22:33,352 - INFO - 
****************************************************************************************************
2026-09-30 22:22:34,418 - INFO - --- training epoch 127, loss 7.6774, mae 8.1509, rmse 12.0477, time elapsed(min) 0.01---
2026-09-30 22:22:34,591 - INFO - --- validation at epoch 127, val_loss 8.4821, val_mae 7.6294, val_rmse 11.4333, val_r2 0.8194, val_pearson 0.9073, lr 3.00e-04 ---
2026-09-30 22:22:34,592 - INFO - 
****************************************************************************************************
2026-09-30 22:22:35,803 - INFO - --- training epoch 128, loss 7.7462, mae 8.2190, rmse 12.1826, time elapsed(min) 0.01---
2026-09-30 22:22:35,971 - INFO - --- validation at epoch 128, val_loss 8.6715, val_mae 7.8892, val_rmse 11.4783, val_r2 0.8180, val_pearson 0.9084, lr 3.00e-04 ---
2026-09-30 22:22:35,971 - INFO - 
****************************************************************************************************
2026-09-30 22:22:37,375 - INFO - --- training epoch 129, loss 7.5986, mae 8.0691, rmse 11.9333, time elapsed(min) 0.02---
2026-09-30 22:22:37,537 - INFO - --- validation at epoch 129, val_loss 8.8092, val_mae 7.6803, val_rmse 11.5664, val_r2 0.8152, val_pearson 0.9095, lr 3.00e-04 ---
2026-09-30 22:22:37,537 - INFO - 
****************************************************************************************************
2026-09-30 22:22:38,850 - INFO - --- training epoch 130, loss 7.3061, mae 7.7744, rmse 11.5809, time elapsed(min) 0.02---
2026-09-30 22:22:39,020 - INFO - --- validation at epoch 130, val_loss 9.2062, val_mae 8.0199, val_rmse 11.8534, val_r2 0.8059, val_pearson 0.9066, lr 3.00e-04 ---
2026-09-30 22:22:39,020 - INFO - 
****************************************************************************************************
2026-09-30 22:22:40,482 - INFO - --- training epoch 131, loss 7.5546, mae 8.0257, rmse 11.9458, time elapsed(min) 0.02---
2026-09-30 22:22:40,662 - INFO - --- validation at epoch 131, val_loss 8.5525, val_mae 7.4316, val_rmse 11.1098, val_r2 0.8295, val_pearson 0.9129, lr 3.00e-04 ---
2026-09-30 22:22:40,663 - INFO - 
****************************************************************************************************
2026-09-30 22:22:41,744 - INFO - --- training epoch 132, loss 7.6443, mae 8.1130, rmse 11.9655, time elapsed(min) 0.01---
2026-09-30 22:22:41,921 - INFO - --- validation at epoch 132, val_loss 8.4703, val_mae 7.5856, val_rmse 11.5001, val_r2 0.8173, val_pearson 0.9115, lr 3.00e-04 ---
2026-09-30 22:22:41,921 - INFO - 
****************************************************************************************************
2026-09-30 22:22:42,992 - INFO - --- training epoch 133, loss 7.5013, mae 7.9739, rmse 11.7474, time elapsed(min) 0.01---
2026-09-30 22:22:43,160 - INFO - --- validation at epoch 133, val_loss 8.7660, val_mae 7.7452, val_rmse 11.4436, val_r2 0.8191, val_pearson 0.9071, lr 3.00e-04 ---
2026-09-30 22:22:43,160 - INFO - 
****************************************************************************************************
2026-09-30 22:22:44,436 - INFO - --- training epoch 134, loss 7.3645, mae 7.8320, rmse 11.7543, time elapsed(min) 0.01---
2026-09-30 22:22:44,597 - INFO - --- validation at epoch 134, val_loss 8.7844, val_mae 7.7436, val_rmse 11.2841, val_r2 0.8241, val_pearson 0.9106, lr 3.00e-04 ---
2026-09-30 22:22:44,597 - INFO - 
****************************************************************************************************
2026-09-30 22:22:45,873 - INFO - --- training epoch 135, loss 7.2464, mae 7.7183, rmse 11.4327, time elapsed(min) 0.01---
2026-09-30 22:22:46,043 - INFO - --- validation at epoch 135, val_loss 8.1862, val_mae 7.4460, val_rmse 11.1906, val_r2 0.8270, val_pearson 0.9121, lr 3.00e-04 ---
2026-09-30 22:22:46,043 - INFO - 
****************************************************************************************************
2026-09-30 22:22:47,335 - INFO - --- training epoch 136, loss 7.3564, mae 7.8285, rmse 11.5479, time elapsed(min) 0.01---
2026-09-30 22:22:47,504 - INFO - --- validation at epoch 136, val_loss 8.4655, val_mae 7.6182, val_rmse 11.3867, val_r2 0.8209, val_pearson 0.9112, lr 3.00e-04 ---
2026-09-30 22:22:47,504 - INFO - 
****************************************************************************************************
2026-09-30 22:22:48,592 - INFO - --- training epoch 137, loss 7.2154, mae 7.6864, rmse 11.4340, time elapsed(min) 0.01---
2026-09-30 22:22:48,777 - INFO - --- validation at epoch 137, val_loss 8.6302, val_mae 7.4607, val_rmse 11.3873, val_r2 0.8209, val_pearson 0.9126, lr 3.00e-04 ---
2026-09-30 22:22:48,777 - INFO - 
****************************************************************************************************
2026-09-30 22:22:49,982 - INFO - --- training epoch 138, loss 7.2546, mae 7.7229, rmse 11.4799, time elapsed(min) 0.01---
2026-09-30 22:22:50,158 - INFO - --- validation at epoch 138, val_loss 8.4254, val_mae 7.2706, val_rmse 10.9578, val_r2 0.8341, val_pearson 0.9164, lr 3.00e-04 ---
2026-09-30 22:22:50,158 - INFO - 
****************************************************************************************************
2026-09-30 22:22:51,546 - INFO - --- training epoch 139, loss 7.3436, mae 7.8129, rmse 11.6133, time elapsed(min) 0.02---
2026-09-30 22:22:51,719 - INFO - --- validation at epoch 139, val_loss 8.1684, val_mae 7.1373, val_rmse 10.7295, val_r2 0.8410, val_pearson 0.9197, lr 3.00e-04 ---
2026-09-30 22:22:51,719 - INFO - 
****************************************************************************************************
2026-09-30 22:22:53,086 - INFO - --- training epoch 140, loss 7.1382, mae 7.6075, rmse 11.3864, time elapsed(min) 0.01---
2026-09-30 22:22:53,266 - INFO - --- validation at epoch 140, val_loss 8.4142, val_mae 7.2929, val_rmse 10.9395, val_r2 0.8347, val_pearson 0.9145, lr 3.00e-04 ---
2026-09-30 22:22:53,266 - INFO - 
****************************************************************************************************
2026-09-30 22:22:54,601 - INFO - --- training epoch 141, loss 7.1680, mae 7.6389, rmse 11.5205, time elapsed(min) 0.02---
2026-09-30 22:22:54,996 - INFO - --- validation at epoch 141, val_loss 8.2488, val_mae 7.3047, val_rmse 11.0008, val_r2 0.8328, val_pearson 0.9163, lr 3.00e-04 ---
2026-09-30 22:22:54,996 - INFO - 
****************************************************************************************************
2026-09-30 22:22:56,210 - INFO - --- training epoch 142, loss 7.1017, mae 7.5734, rmse 11.4003, time elapsed(min) 0.01---
2026-09-30 22:22:56,377 - INFO - --- validation at epoch 142, val_loss 8.1683, val_mae 7.3137, val_rmse 10.9962, val_r2 0.8330, val_pearson 0.9157, lr 3.00e-04 ---
2026-09-30 22:22:56,377 - INFO - 
****************************************************************************************************
2026-09-30 22:22:57,704 - INFO - --- training epoch 143, loss 7.0990, mae 7.5694, rmse 11.3512, time elapsed(min) 0.01---
2026-09-30 22:22:57,869 - INFO - --- validation at epoch 143, val_loss 8.2576, val_mae 7.4156, val_rmse 10.9469, val_r2 0.8345, val_pearson 0.9140, lr 3.00e-04 ---
2026-09-30 22:22:57,869 - INFO - 
****************************************************************************************************
2026-09-30 22:22:59,142 - INFO - --- training epoch 144, loss 7.1424, mae 7.6144, rmse 11.4876, time elapsed(min) 0.01---
2026-09-30 22:22:59,308 - INFO - --- validation at epoch 144, val_loss 8.4821, val_mae 7.4191, val_rmse 11.2042, val_r2 0.8266, val_pearson 0.9137, lr 3.00e-04 ---
2026-09-30 22:22:59,308 - INFO - 
****************************************************************************************************
2026-09-30 22:23:00,584 - INFO - --- training epoch 145, loss 7.2308, mae 7.7027, rmse 11.5481, time elapsed(min) 0.01---
2026-09-30 22:23:00,751 - INFO - --- validation at epoch 145, val_loss 8.4125, val_mae 7.4195, val_rmse 11.1302, val_r2 0.8289, val_pearson 0.9116, lr 3.00e-04 ---
2026-09-30 22:23:00,751 - INFO - 
****************************************************************************************************
2026-09-30 22:23:01,977 - INFO - --- training epoch 146, loss 7.2768, mae 7.7456, rmse 11.5373, time elapsed(min) 0.01---
2026-09-30 22:23:02,149 - INFO - --- validation at epoch 146, val_loss 8.3217, val_mae 7.4688, val_rmse 11.1977, val_r2 0.8268, val_pearson 0.9111, lr 3.00e-04 ---
2026-09-30 22:23:02,149 - INFO - 
****************************************************************************************************
2026-09-30 22:23:03,227 - INFO - --- training epoch 147, loss 7.0752, mae 7.5459, rmse 11.2782, time elapsed(min) 0.01---
2026-09-30 22:23:03,385 - INFO - --- validation at epoch 147, val_loss 8.5960, val_mae 7.7399, val_rmse 11.3992, val_r2 0.8205, val_pearson 0.9124, lr 3.00e-04 ---
2026-09-30 22:23:03,385 - INFO - 
****************************************************************************************************
2026-09-30 22:23:04,454 - INFO - --- training epoch 148, loss 7.1762, mae 7.6464, rmse 11.4923, time elapsed(min) 0.01---
2026-09-30 22:23:04,618 - INFO - --- validation at epoch 148, val_loss 8.3945, val_mae 7.4810, val_rmse 11.0264, val_r2 0.8321, val_pearson 0.9141, lr 3.00e-04 ---
2026-09-30 22:23:04,618 - INFO - 
****************************************************************************************************
2026-09-30 22:23:05,880 - INFO - --- training epoch 149, loss 7.1905, mae 7.6614, rmse 11.4277, time elapsed(min) 0.01---
2026-09-30 22:23:06,041 - INFO - --- validation at epoch 149, val_loss 8.4249, val_mae 7.2549, val_rmse 10.9854, val_r2 0.8333, val_pearson 0.9148, lr 3.00e-04 ---
2026-09-30 22:23:06,041 - INFO - 
****************************************************************************************************
2026-09-30 22:23:07,462 - INFO - --- training epoch 150, loss 7.2481, mae 7.7160, rmse 11.6067, time elapsed(min) 0.02---
2026-09-30 22:23:07,645 - INFO - --- validation at epoch 150, val_loss 8.0647, val_mae 7.0688, val_rmse 10.7020, val_r2 0.8418, val_pearson 0.9179, lr 3.00e-04 ---
2026-09-30 22:23:07,645 - INFO - 
****************************************************************************************************
2026-09-30 22:23:09,050 - INFO - --- training epoch 151, loss 7.1422, mae 7.6127, rmse 11.3836, time elapsed(min) 0.02---
2026-09-30 22:23:09,435 - INFO - --- validation at epoch 151, val_loss 8.6660, val_mae 7.5071, val_rmse 11.3719, val_r2 0.8214, val_pearson 0.9109, lr 3.00e-04 ---
2026-09-30 22:23:09,435 - INFO - 
****************************************************************************************************
2026-09-30 22:23:10,654 - INFO - --- training epoch 152, loss 6.8618, mae 7.3310, rmse 11.0170, time elapsed(min) 0.01---
2026-09-30 22:23:10,826 - INFO - --- validation at epoch 152, val_loss 8.3760, val_mae 7.3415, val_rmse 11.1328, val_r2 0.8288, val_pearson 0.9117, lr 3.00e-04 ---
2026-09-30 22:23:10,826 - INFO - 
****************************************************************************************************
2026-09-30 22:23:11,896 - INFO - --- training epoch 153, loss 6.8666, mae 7.3345, rmse 11.0455, time elapsed(min) 0.01---
2026-09-30 22:23:12,073 - INFO - --- validation at epoch 153, val_loss 8.3070, val_mae 7.3915, val_rmse 11.0412, val_r2 0.8316, val_pearson 0.9129, lr 3.00e-04 ---
2026-09-30 22:23:12,073 - INFO - 
****************************************************************************************************
2026-09-30 22:23:13,346 - INFO - --- training epoch 154, loss 7.0817, mae 7.5507, rmse 11.2162, time elapsed(min) 0.01---
2026-09-30 22:23:13,518 - INFO - --- validation at epoch 154, val_loss 7.9988, val_mae 7.3860, val_rmse 11.0533, val_r2 0.8312, val_pearson 0.9191, lr 3.00e-04 ---
2026-09-30 22:23:13,518 - INFO - 
****************************************************************************************************
2026-09-30 22:23:14,881 - INFO - --- training epoch 155, loss 7.0796, mae 7.5499, rmse 11.2705, time elapsed(min) 0.01---
2026-09-30 22:23:15,061 - INFO - --- validation at epoch 155, val_loss 8.0385, val_mae 7.0202, val_rmse 10.8643, val_r2 0.8370, val_pearson 0.9162, lr 3.00e-04 ---
2026-09-30 22:23:15,061 - INFO - 
****************************************************************************************************
2026-09-30 22:23:16,363 - INFO - --- training epoch 156, loss 7.0712, mae 7.5394, rmse 11.4491, time elapsed(min) 0.02---
2026-09-30 22:23:16,744 - INFO - --- validation at epoch 156, val_loss 7.8706, val_mae 6.8719, val_rmse 10.4428, val_r2 0.8494, val_pearson 0.9222, lr 3.00e-04 ---
2026-09-30 22:23:16,745 - INFO - 
****************************************************************************************************
2026-09-30 22:23:18,059 - INFO - --- training epoch 157, loss 7.1201, mae 7.5886, rmse 11.3788, time elapsed(min) 0.01---
2026-09-30 22:23:18,232 - INFO - --- validation at epoch 157, val_loss 8.5721, val_mae 7.4163, val_rmse 11.1997, val_r2 0.8267, val_pearson 0.9155, lr 3.00e-04 ---
2026-09-30 22:23:18,233 - INFO - 
****************************************************************************************************
2026-09-30 22:23:19,318 - INFO - --- training epoch 158, loss 7.0990, mae 7.5680, rmse 11.3034, time elapsed(min) 0.01---
2026-09-30 22:23:19,492 - INFO - --- validation at epoch 158, val_loss 8.1840, val_mae 7.3393, val_rmse 11.0864, val_r2 0.8302, val_pearson 0.9158, lr 3.00e-04 ---
2026-09-30 22:23:19,492 - INFO - 
****************************************************************************************************
2026-09-30 22:23:20,825 - INFO - --- training epoch 159, loss 6.9492, mae 7.4173, rmse 11.1010, time elapsed(min) 0.02---
2026-09-30 22:23:21,007 - INFO - --- validation at epoch 159, val_loss 7.9716, val_mae 7.1832, val_rmse 10.5945, val_r2 0.8450, val_pearson 0.9207, lr 3.00e-04 ---
2026-09-30 22:23:21,007 - INFO - 
****************************************************************************************************
2026-09-30 22:23:22,327 - INFO - --- training epoch 160, loss 6.8803, mae 7.3470, rmse 11.0223, time elapsed(min) 0.02---
2026-09-30 22:23:22,489 - INFO - --- validation at epoch 160, val_loss 8.0065, val_mae 7.0724, val_rmse 10.3731, val_r2 0.8514, val_pearson 0.9229, lr 3.00e-04 ---
2026-09-30 22:23:22,489 - INFO - 
****************************************************************************************************
2026-09-30 22:23:23,869 - INFO - --- training epoch 161, loss 7.0122, mae 7.4809, rmse 11.1772, time elapsed(min) 0.02---
2026-09-30 22:23:24,278 - INFO - --- validation at epoch 161, val_loss 8.4406, val_mae 7.4427, val_rmse 11.2622, val_r2 0.8248, val_pearson 0.9212, lr 3.00e-04 ---
2026-09-30 22:23:24,278 - INFO - 
****************************************************************************************************
2026-09-30 22:23:25,607 - INFO - --- training epoch 162, loss 6.8698, mae 7.3373, rmse 11.0808, time elapsed(min) 0.01---
2026-09-30 22:23:25,798 - INFO - --- validation at epoch 162, val_loss 8.0985, val_mae 7.0274, val_rmse 10.6267, val_r2 0.8440, val_pearson 0.9208, lr 3.00e-04 ---
2026-09-30 22:23:25,799 - INFO - 
****************************************************************************************************
2026-09-30 22:23:27,165 - INFO - --- training epoch 163, loss 6.8822, mae 7.3472, rmse 11.1183, time elapsed(min) 0.01---
2026-09-30 22:23:27,367 - INFO - --- validation at epoch 163, val_loss 8.1937, val_mae 6.9704, val_rmse 10.5557, val_r2 0.8461, val_pearson 0.9203, lr 3.00e-04 ---
2026-09-30 22:23:27,367 - INFO - 
****************************************************************************************************
2026-09-30 22:23:28,939 - INFO - --- training epoch 164, loss 7.1689, mae 7.6365, rmse 11.6290, time elapsed(min) 0.02---
2026-09-30 22:23:29,203 - INFO - --- validation at epoch 164, val_loss 8.4253, val_mae 7.3117, val_rmse 10.8070, val_r2 0.8387, val_pearson 0.9197, lr 3.00e-04 ---
2026-09-30 22:23:29,203 - INFO - 
****************************************************************************************************
2026-09-30 22:23:30,888 - INFO - --- training epoch 165, loss 6.9466, mae 7.4142, rmse 11.0797, time elapsed(min) 0.02---
2026-09-30 22:23:31,127 - INFO - --- validation at epoch 165, val_loss 8.6110, val_mae 7.4519, val_rmse 10.9753, val_r2 0.8336, val_pearson 0.9173, lr 3.00e-04 ---
2026-09-30 22:23:31,127 - INFO - 
****************************************************************************************************
2026-09-30 22:23:32,811 - INFO - --- training epoch 166, loss 6.9114, mae 7.3794, rmse 11.0187, time elapsed(min) 0.02---
2026-09-30 22:23:33,254 - INFO - --- validation at epoch 166, val_loss 8.0306, val_mae 7.0262, val_rmse 10.6517, val_r2 0.8433, val_pearson 0.9205, lr 3.00e-04 ---
2026-09-30 22:23:33,254 - INFO - 
****************************************************************************************************
2026-09-30 22:23:34,829 - INFO - --- training epoch 167, loss 6.8638, mae 7.3307, rmse 11.1282, time elapsed(min) 0.02---
2026-09-30 22:23:35,095 - INFO - --- validation at epoch 167, val_loss 7.8705, val_mae 7.1057, val_rmse 10.6339, val_r2 0.8438, val_pearson 0.9220, lr 3.00e-04 ---
2026-09-30 22:23:35,095 - INFO - 
****************************************************************************************************
2026-09-30 22:23:36,337 - INFO - --- training epoch 168, loss 6.8339, mae 7.3021, rmse 11.0320, time elapsed(min) 0.01---
2026-09-30 22:23:36,522 - INFO - --- validation at epoch 168, val_loss 8.1812, val_mae 7.2004, val_rmse 10.6481, val_r2 0.8434, val_pearson 0.9204, lr 9.00e-05 ---
2026-09-30 22:23:36,522 - INFO - 
****************************************************************************************************
2026-09-30 22:23:37,647 - INFO - --- training epoch 169, loss 6.7243, mae 7.1949, rmse 10.8736, time elapsed(min) 0.01---
2026-09-30 22:23:37,824 - INFO - --- validation at epoch 169, val_loss 8.0244, val_mae 7.0281, val_rmse 10.5113, val_r2 0.8474, val_pearson 0.9223, lr 9.00e-05 ---
2026-09-30 22:23:37,824 - INFO - 
****************************************************************************************************
2026-09-30 22:23:39,265 - INFO - --- training epoch 170, loss 6.6332, mae 7.1011, rmse 10.8097, time elapsed(min) 0.02---
2026-09-30 22:23:39,451 - INFO - --- validation at epoch 170, val_loss 7.9718, val_mae 6.9197, val_rmse 10.4763, val_r2 0.8484, val_pearson 0.9242, lr 9.00e-05 ---
2026-09-30 22:23:39,451 - INFO - 
****************************************************************************************************
2026-09-30 22:23:40,762 - INFO - --- training epoch 171, loss 6.6245, mae 7.0930, rmse 10.7107, time elapsed(min) 0.02---
2026-09-30 22:23:40,935 - INFO - --- validation at epoch 171, val_loss 7.7172, val_mae 6.7265, val_rmse 10.3075, val_r2 0.8532, val_pearson 0.9264, lr 9.00e-05 ---
2026-09-30 22:23:40,935 - INFO - 
****************************************************************************************************
2026-09-30 22:23:42,271 - INFO - --- training epoch 172, loss 6.5393, mae 7.0012, rmse 10.6280, time elapsed(min) 0.01---
2026-09-30 22:23:42,432 - INFO - --- validation at epoch 172, val_loss 7.7940, val_mae 6.7285, val_rmse 10.4165, val_r2 0.8501, val_pearson 0.9250, lr 9.00e-05 ---
2026-09-30 22:23:42,432 - INFO - 
****************************************************************************************************
2026-09-30 22:23:43,528 - INFO - --- training epoch 173, loss 6.5672, mae 7.0347, rmse 10.7064, time elapsed(min) 0.01---
2026-09-30 22:23:43,714 - INFO - --- validation at epoch 173, val_loss 7.8110, val_mae 6.6830, val_rmse 10.3160, val_r2 0.8530, val_pearson 0.9252, lr 9.00e-05 ---
2026-09-30 22:23:43,715 - INFO - 
****************************************************************************************************
2026-09-30 22:23:45,005 - INFO - --- training epoch 174, loss 6.5264, mae 6.9930, rmse 10.6781, time elapsed(min) 0.01---
2026-09-30 22:23:45,180 - INFO - --- validation at epoch 174, val_loss 7.9183, val_mae 6.8572, val_rmse 10.5510, val_r2 0.8462, val_pearson 0.9227, lr 9.00e-05 ---
2026-09-30 22:23:45,180 - INFO - 
****************************************************************************************************
2026-09-30 22:23:46,475 - INFO - --- training epoch 175, loss 6.5475, mae 7.0128, rmse 10.6518, time elapsed(min) 0.01---
2026-09-30 22:23:46,655 - INFO - --- validation at epoch 175, val_loss 7.9063, val_mae 6.7603, val_rmse 10.4868, val_r2 0.8481, val_pearson 0.9233, lr 9.00e-05 ---
2026-09-30 22:23:46,655 - INFO - 
****************************************************************************************************
2026-09-30 22:23:47,956 - INFO - --- training epoch 176, loss 6.7184, mae 7.1863, rmse 10.7492, time elapsed(min) 0.01---
2026-09-30 22:23:48,371 - INFO - --- validation at epoch 176, val_loss 7.7735, val_mae 6.6564, val_rmse 10.3311, val_r2 0.8526, val_pearson 0.9250, lr 9.00e-05 ---
2026-09-30 22:23:48,372 - INFO - 
****************************************************************************************************
2026-09-30 22:23:49,635 - INFO - --- training epoch 177, loss 6.5684, mae 7.0369, rmse 10.7577, time elapsed(min) 0.01---
2026-09-30 22:23:49,808 - INFO - --- validation at epoch 177, val_loss 8.1578, val_mae 6.8128, val_rmse 10.5986, val_r2 0.8448, val_pearson 0.9216, lr 9.00e-05 ---
2026-09-30 22:23:49,808 - INFO - 
****************************************************************************************************
2026-09-30 22:23:50,889 - INFO - --- training epoch 178, loss 6.5625, mae 7.0276, rmse 10.6351, time elapsed(min) 0.01---
2026-09-30 22:23:51,068 - INFO - --- validation at epoch 178, val_loss 7.8224, val_mae 6.7290, val_rmse 10.2584, val_r2 0.8546, val_pearson 0.9264, lr 9.00e-05 ---
2026-09-30 22:23:51,068 - INFO - 
****************************************************************************************************
2026-09-30 22:23:52,364 - INFO - --- training epoch 179, loss 6.6135, mae 7.0810, rmse 10.7227, time elapsed(min) 0.01---
2026-09-30 22:23:52,539 - INFO - --- validation at epoch 179, val_loss 7.7030, val_mae 6.6498, val_rmse 10.2829, val_r2 0.8539, val_pearson 0.9265, lr 9.00e-05 ---
2026-09-30 22:23:52,539 - INFO - 
****************************************************************************************************
2026-09-30 22:23:54,056 - INFO - --- training epoch 180, loss 6.3551, mae 6.8197, rmse 10.4523, time elapsed(min) 0.02---
2026-09-30 22:23:54,235 - INFO - --- validation at epoch 180, val_loss 7.5726, val_mae 6.5673, val_rmse 10.1611, val_r2 0.8574, val_pearson 0.9281, lr 9.00e-05 ---
2026-09-30 22:23:54,235 - INFO - 
****************************************************************************************************
2026-09-30 22:23:55,629 - INFO - --- training epoch 181, loss 6.4112, mae 6.8731, rmse 10.3938, time elapsed(min) 0.02---
2026-09-30 22:23:56,030 - INFO - --- validation at epoch 181, val_loss 7.6473, val_mae 6.5916, val_rmse 10.2919, val_r2 0.8537, val_pearson 0.9274, lr 9.00e-05 ---
2026-09-30 22:23:56,030 - INFO - 
****************************************************************************************************
2026-09-30 22:23:57,270 - INFO - --- training epoch 182, loss 6.4701, mae 6.9364, rmse 10.5472, time elapsed(min) 0.01---
2026-09-30 22:23:57,460 - INFO - --- validation at epoch 182, val_loss 7.5807, val_mae 6.5424, val_rmse 10.1915, val_r2 0.8565, val_pearson 0.9279, lr 9.00e-05 ---
2026-09-30 22:23:57,460 - INFO - 
****************************************************************************************************
2026-09-30 22:23:58,560 - INFO - --- training epoch 183, loss 6.3868, mae 6.8519, rmse 10.4112, time elapsed(min) 0.01---
2026-09-30 22:23:58,742 - INFO - --- validation at epoch 183, val_loss 7.6388, val_mae 6.5405, val_rmse 10.2139, val_r2 0.8559, val_pearson 0.9263, lr 9.00e-05 ---
2026-09-30 22:23:58,742 - INFO - 
****************************************************************************************************
2026-09-30 22:23:59,800 - INFO - --- training epoch 184, loss 6.4002, mae 6.8640, rmse 10.4925, time elapsed(min) 0.01---
2026-09-30 22:23:59,972 - INFO - --- validation at epoch 184, val_loss 7.7266, val_mae 6.5774, val_rmse 10.1473, val_r2 0.8578, val_pearson 0.9272, lr 9.00e-05 ---
2026-09-30 22:23:59,973 - INFO - 
****************************************************************************************************
2026-09-30 22:24:01,262 - INFO - --- training epoch 185, loss 6.4228, mae 6.8873, rmse 10.5054, time elapsed(min) 0.01---
2026-09-30 22:24:01,440 - INFO - --- validation at epoch 185, val_loss 7.6015, val_mae 6.6211, val_rmse 10.0255, val_r2 0.8612, val_pearson 0.9292, lr 9.00e-05 ---
2026-09-30 22:24:01,440 - INFO - 
****************************************************************************************************
2026-09-30 22:24:02,726 - INFO - --- training epoch 186, loss 6.4280, mae 6.8920, rmse 10.4955, time elapsed(min) 0.01---
2026-09-30 22:24:02,907 - INFO - --- validation at epoch 186, val_loss 7.4938, val_mae 6.5975, val_rmse 10.1924, val_r2 0.8565, val_pearson 0.9277, lr 9.00e-05 ---
2026-09-30 22:24:02,907 - INFO - 
****************************************************************************************************
2026-09-30 22:24:04,214 - INFO - --- training epoch 187, loss 6.5034, mae 6.9700, rmse 10.5757, time elapsed(min) 0.01---
2026-09-30 22:24:04,397 - INFO - --- validation at epoch 187, val_loss 7.7487, val_mae 6.5842, val_rmse 10.3431, val_r2 0.8522, val_pearson 0.9244, lr 9.00e-05 ---
2026-09-30 22:24:04,397 - INFO - 
****************************************************************************************************
2026-09-30 22:24:05,468 - INFO - --- training epoch 188, loss 6.4437, mae 6.9082, rmse 10.6936, time elapsed(min) 0.01---
2026-09-30 22:24:05,646 - INFO - --- validation at epoch 188, val_loss 7.7182, val_mae 6.5458, val_rmse 10.2076, val_r2 0.8561, val_pearson 0.9276, lr 9.00e-05 ---
2026-09-30 22:24:05,646 - INFO - 
****************************************************************************************************
2026-09-30 22:24:06,865 - INFO - --- training epoch 189, loss 6.4523, mae 6.9168, rmse 10.4855, time elapsed(min) 0.01---
2026-09-30 22:24:07,055 - INFO - --- validation at epoch 189, val_loss 7.5608, val_mae 6.4514, val_rmse 10.1223, val_r2 0.8585, val_pearson 0.9280, lr 9.00e-05 ---
2026-09-30 22:24:07,055 - INFO - 
****************************************************************************************************
2026-09-30 22:24:08,334 - INFO - --- training epoch 190, loss 6.3774, mae 6.8460, rmse 10.4448, time elapsed(min) 0.01---
2026-09-30 22:24:08,524 - INFO - --- validation at epoch 190, val_loss 7.4720, val_mae 6.5203, val_rmse 10.0562, val_r2 0.8603, val_pearson 0.9298, lr 9.00e-05 ---
2026-09-30 22:24:08,524 - INFO - 
****************************************************************************************************
2026-09-30 22:24:09,935 - INFO - --- training epoch 191, loss 6.3994, mae 6.8648, rmse 10.4485, time elapsed(min) 0.02---
2026-09-30 22:24:10,117 - INFO - --- validation at epoch 191, val_loss 7.7599, val_mae 6.7628, val_rmse 10.4786, val_r2 0.8483, val_pearson 0.9230, lr 9.00e-05 ---
2026-09-30 22:24:10,117 - INFO - 
****************************************************************************************************
2026-09-30 22:24:11,341 - INFO - --- training epoch 192, loss 6.4102, mae 6.8746, rmse 10.4647, time elapsed(min) 0.01---
2026-09-30 22:24:11,514 - INFO - --- validation at epoch 192, val_loss 7.6776, val_mae 6.6129, val_rmse 10.0909, val_r2 0.8593, val_pearson 0.9281, lr 9.00e-05 ---
2026-09-30 22:24:11,515 - INFO - 
****************************************************************************************************
2026-09-30 22:24:12,585 - INFO - --- training epoch 193, loss 6.3012, mae 6.7667, rmse 10.4011, time elapsed(min) 0.01---
2026-09-30 22:24:12,758 - INFO - --- validation at epoch 193, val_loss 7.4511, val_mae 6.4962, val_rmse 10.0546, val_r2 0.8604, val_pearson 0.9298, lr 9.00e-05 ---
2026-09-30 22:24:12,758 - INFO - 
****************************************************************************************************
2026-09-30 22:24:13,938 - INFO - --- training epoch 194, loss 6.4067, mae 6.8742, rmse 10.4852, time elapsed(min) 0.01---
2026-09-30 22:24:14,114 - INFO - --- validation at epoch 194, val_loss 7.7936, val_mae 6.7611, val_rmse 10.4785, val_r2 0.8483, val_pearson 0.9252, lr 9.00e-05 ---
2026-09-30 22:24:14,114 - INFO - 
****************************************************************************************************
2026-09-30 22:24:15,403 - INFO - --- training epoch 195, loss 6.2091, mae 6.6744, rmse 10.2930, time elapsed(min) 0.01---
2026-09-30 22:24:15,590 - INFO - --- validation at epoch 195, val_loss 7.4018, val_mae 6.4329, val_rmse 9.9833, val_r2 0.8623, val_pearson 0.9305, lr 9.00e-05 ---
2026-09-30 22:24:15,590 - INFO - 
****************************************************************************************************
2026-09-30 22:24:16,957 - INFO - --- training epoch 196, loss 6.1990, mae 6.6638, rmse 10.1732, time elapsed(min) 0.01---
2026-09-30 22:24:17,132 - INFO - --- validation at epoch 196, val_loss 7.5810, val_mae 6.4936, val_rmse 9.9769, val_r2 0.8625, val_pearson 0.9311, lr 9.00e-05 ---
2026-09-30 22:24:17,132 - INFO - 
****************************************************************************************************
2026-09-30 22:24:18,353 - INFO - --- training epoch 197, loss 6.3660, mae 6.8298, rmse 10.4186, time elapsed(min) 0.01---
2026-09-30 22:24:18,530 - INFO - --- validation at epoch 197, val_loss 7.6139, val_mae 6.4961, val_rmse 10.0935, val_r2 0.8593, val_pearson 0.9280, lr 9.00e-05 ---
2026-09-30 22:24:18,530 - INFO - 
****************************************************************************************************
2026-09-30 22:24:19,601 - INFO - --- training epoch 198, loss 6.4371, mae 6.9046, rmse 10.3589, time elapsed(min) 0.01---
2026-09-30 22:24:19,783 - INFO - --- validation at epoch 198, val_loss 7.6441, val_mae 6.5154, val_rmse 10.0900, val_r2 0.8594, val_pearson 0.9279, lr 9.00e-05 ---
2026-09-30 22:24:19,783 - INFO - 
****************************************************************************************************
2026-09-30 22:24:21,024 - INFO - --- training epoch 199, loss 6.4287, mae 6.8955, rmse 10.5858, time elapsed(min) 0.01---
2026-09-30 22:24:21,205 - INFO - --- validation at epoch 199, val_loss 7.6729, val_mae 6.5442, val_rmse 10.2310, val_r2 0.8554, val_pearson 0.9260, lr 9.00e-05 ---
2026-09-30 22:24:21,205 - INFO - 
****************************************************************************************************
2026-09-30 22:24:22,644 - INFO - --- training epoch 200, loss 6.4401, mae 6.9052, rmse 10.5335, time elapsed(min) 0.02---
2026-09-30 22:24:22,821 - INFO - --- validation at epoch 200, val_loss 7.5213, val_mae 6.4736, val_rmse 10.0961, val_r2 0.8592, val_pearson 0.9281, lr 9.00e-05 ---
2026-09-30 22:24:22,821 - INFO - 
****************************************************************************************************
2026-09-30 22:24:24,104 - INFO - --- training epoch 201, loss 6.2891, mae 6.7545, rmse 10.3967, time elapsed(min) 0.01---
2026-09-30 22:24:24,276 - INFO - --- validation at epoch 201, val_loss 7.5453, val_mae 6.4594, val_rmse 10.0822, val_r2 0.8596, val_pearson 0.9291, lr 9.00e-05 ---
2026-09-30 22:24:24,276 - INFO - 
****************************************************************************************************
2026-09-30 22:24:25,749 - INFO - --- training epoch 202, loss 6.2629, mae 6.7263, rmse 10.4254, time elapsed(min) 0.02---
2026-09-30 22:24:25,919 - INFO - --- validation at epoch 202, val_loss 7.3439, val_mae 6.4343, val_rmse 10.0163, val_r2 0.8614, val_pearson 0.9305, lr 9.00e-05 ---
2026-09-30 22:24:25,919 - INFO - 
****************************************************************************************************
2026-09-30 22:24:27,085 - INFO - --- training epoch 203, loss 6.2966, mae 6.7634, rmse 10.2764, time elapsed(min) 0.01---
2026-09-30 22:24:27,272 - INFO - --- validation at epoch 203, val_loss 7.6170, val_mae 6.4588, val_rmse 10.0071, val_r2 0.8617, val_pearson 0.9289, lr 9.00e-05 ---
2026-09-30 22:24:27,272 - INFO - 
****************************************************************************************************
2026-09-30 22:24:28,499 - INFO - --- training epoch 204, loss 6.2543, mae 6.7215, rmse 10.2842, time elapsed(min) 0.01---
2026-09-30 22:24:28,673 - INFO - --- validation at epoch 204, val_loss 7.2270, val_mae 6.2185, val_rmse 9.7856, val_r2 0.8677, val_pearson 0.9326, lr 9.00e-05 ---
2026-09-30 22:24:28,673 - INFO - 
****************************************************************************************************
2026-09-30 22:24:30,182 - INFO - --- training epoch 205, loss 6.4307, mae 6.9007, rmse 10.5001, time elapsed(min) 0.02---
2026-09-30 22:24:30,353 - INFO - --- validation at epoch 205, val_loss 7.6327, val_mae 6.4504, val_rmse 10.0073, val_r2 0.8617, val_pearson 0.9296, lr 9.00e-05 ---
2026-09-30 22:24:30,353 - INFO - 
****************************************************************************************************
2026-09-30 22:24:31,634 - INFO - --- training epoch 206, loss 6.3206, mae 6.7882, rmse 10.3171, time elapsed(min) 0.01---
2026-09-30 22:24:31,811 - INFO - --- validation at epoch 206, val_loss 7.5198, val_mae 6.4261, val_rmse 9.8055, val_r2 0.8672, val_pearson 0.9321, lr 9.00e-05 ---
2026-09-30 22:24:31,811 - INFO - 
****************************************************************************************************
2026-09-30 22:24:33,039 - INFO - --- training epoch 207, loss 6.3120, mae 6.7782, rmse 10.4045, time elapsed(min) 0.01---
2026-09-30 22:24:33,221 - INFO - --- validation at epoch 207, val_loss 7.6198, val_mae 6.5304, val_rmse 9.9782, val_r2 0.8625, val_pearson 0.9310, lr 9.00e-05 ---
2026-09-30 22:24:33,222 - INFO - 
****************************************************************************************************
2026-09-30 22:24:34,322 - INFO - --- training epoch 208, loss 6.1738, mae 6.6362, rmse 10.0308, time elapsed(min) 0.01---
2026-09-30 22:24:34,511 - INFO - --- validation at epoch 208, val_loss 7.3710, val_mae 6.3252, val_rmse 9.8570, val_r2 0.8658, val_pearson 0.9340, lr 9.00e-05 ---
2026-09-30 22:24:34,511 - INFO - 
****************************************************************************************************
2026-09-30 22:24:35,779 - INFO - --- training epoch 209, loss 6.2102, mae 6.6775, rmse 10.1435, time elapsed(min) 0.01---
2026-09-30 22:24:35,951 - INFO - --- validation at epoch 209, val_loss 7.4910, val_mae 6.3137, val_rmse 9.9286, val_r2 0.8638, val_pearson 0.9321, lr 9.00e-05 ---
2026-09-30 22:24:35,951 - INFO - 
****************************************************************************************************
2026-09-30 22:24:37,242 - INFO - --- training epoch 210, loss 6.2137, mae 6.6813, rmse 10.1864, time elapsed(min) 0.01---
2026-09-30 22:24:37,418 - INFO - --- validation at epoch 210, val_loss 7.4948, val_mae 6.4244, val_rmse 9.9602, val_r2 0.8630, val_pearson 0.9307, lr 9.00e-05 ---
2026-09-30 22:24:37,418 - INFO - 
****************************************************************************************************
2026-09-30 22:24:38,712 - INFO - --- training epoch 211, loss 6.1931, mae 6.6574, rmse 10.1831, time elapsed(min) 0.01---
2026-09-30 22:24:38,888 - INFO - --- validation at epoch 211, val_loss 7.4892, val_mae 6.4742, val_rmse 9.9116, val_r2 0.8643, val_pearson 0.9309, lr 9.00e-05 ---
2026-09-30 22:24:38,888 - INFO - 
****************************************************************************************************
2026-09-30 22:24:40,141 - INFO - --- training epoch 212, loss 6.1708, mae 6.6371, rmse 10.2579, time elapsed(min) 0.01---
2026-09-30 22:24:40,315 - INFO - --- validation at epoch 212, val_loss 7.5249, val_mae 6.5253, val_rmse 10.0421, val_r2 0.8607, val_pearson 0.9313, lr 9.00e-05 ---
2026-09-30 22:24:40,315 - INFO - 
****************************************************************************************************
2026-09-30 22:24:41,381 - INFO - --- training epoch 213, loss 6.1832, mae 6.6494, rmse 10.2379, time elapsed(min) 0.01---
2026-09-30 22:24:41,545 - INFO - --- validation at epoch 213, val_loss 7.6142, val_mae 6.4515, val_rmse 9.8652, val_r2 0.8656, val_pearson 0.9310, lr 9.00e-05 ---
2026-09-30 22:24:41,545 - INFO - 
****************************************************************************************************
2026-09-30 22:24:42,815 - INFO - --- training epoch 214, loss 6.1388, mae 6.6042, rmse 10.1238, time elapsed(min) 0.01---
2026-09-30 22:24:42,978 - INFO - --- validation at epoch 214, val_loss 7.8499, val_mae 6.7043, val_rmse 10.3157, val_r2 0.8530, val_pearson 0.9256, lr 9.00e-05 ---
2026-09-30 22:24:42,979 - INFO - 
****************************************************************************************************
2026-09-30 22:24:44,376 - INFO - --- training epoch 215, loss 6.3751, mae 6.8399, rmse 10.4699, time elapsed(min) 0.02---
2026-09-30 22:24:44,562 - INFO - --- validation at epoch 215, val_loss 7.5045, val_mae 6.3581, val_rmse 9.9045, val_r2 0.8645, val_pearson 0.9316, lr 9.00e-05 ---
2026-09-30 22:24:44,562 - INFO - 
****************************************************************************************************
2026-09-30 22:24:45,850 - INFO - --- training epoch 216, loss 6.2515, mae 6.7161, rmse 10.2266, time elapsed(min) 0.01---
2026-09-30 22:24:46,246 - INFO - --- validation at epoch 216, val_loss 7.5655, val_mae 6.3931, val_rmse 9.9002, val_r2 0.8646, val_pearson 0.9307, lr 2.70e-05 ---
2026-09-30 22:24:46,246 - INFO - 
****************************************************************************************************
2026-09-30 22:24:47,488 - INFO - --- training epoch 217, loss 6.0795, mae 6.5478, rmse 10.0131, time elapsed(min) 0.01---
2026-09-30 22:24:47,651 - INFO - --- validation at epoch 217, val_loss 7.4041, val_mae 6.2835, val_rmse 9.7799, val_r2 0.8679, val_pearson 0.9325, lr 2.70e-05 ---
2026-09-30 22:24:47,651 - INFO - 
****************************************************************************************************
2026-09-30 22:24:48,738 - INFO - --- training epoch 218, loss 6.1103, mae 6.5757, rmse 10.0072, time elapsed(min) 0.01---
2026-09-30 22:24:48,911 - INFO - --- validation at epoch 218, val_loss 7.3455, val_mae 6.2174, val_rmse 9.7108, val_r2 0.8697, val_pearson 0.9333, lr 2.70e-05 ---
2026-09-30 22:24:48,911 - INFO - 
****************************************************************************************************
2026-09-30 22:24:50,181 - INFO - --- training epoch 219, loss 6.0147, mae 6.4788, rmse 10.0985, time elapsed(min) 0.01---
2026-09-30 22:24:50,356 - INFO - --- validation at epoch 219, val_loss 7.3332, val_mae 6.1860, val_rmse 9.6963, val_r2 0.8701, val_pearson 0.9335, lr 2.70e-05 ---
2026-09-30 22:24:50,356 - INFO - 
****************************************************************************************************
2026-09-30 22:24:51,636 - INFO - --- training epoch 220, loss 6.0433, mae 6.5091, rmse 10.0989, time elapsed(min) 0.01---
2026-09-30 22:24:51,814 - INFO - --- validation at epoch 220, val_loss 7.3937, val_mae 6.2444, val_rmse 9.7587, val_r2 0.8685, val_pearson 0.9329, lr 2.70e-05 ---
2026-09-30 22:24:51,814 - INFO - 
****************************************************************************************************
2026-09-30 22:24:53,123 - INFO - --- training epoch 221, loss 6.1265, mae 6.5933, rmse 10.0612, time elapsed(min) 0.02---
2026-09-30 22:24:53,522 - INFO - --- validation at epoch 221, val_loss 7.3770, val_mae 6.2455, val_rmse 9.6894, val_r2 0.8703, val_pearson 0.9336, lr 2.70e-05 ---
2026-09-30 22:24:53,522 - INFO - 
****************************************************************************************************
2026-09-30 22:24:54,759 - INFO - --- training epoch 222, loss 6.1124, mae 6.5760, rmse 10.1264, time elapsed(min) 0.01---
2026-09-30 22:24:54,932 - INFO - --- validation at epoch 222, val_loss 7.2826, val_mae 6.1978, val_rmse 9.6678, val_r2 0.8709, val_pearson 0.9343, lr 2.70e-05 ---
2026-09-30 22:24:54,932 - INFO - 
****************************************************************************************************
2026-09-30 22:24:56,009 - INFO - --- training epoch 223, loss 6.0896, mae 6.5524, rmse 10.1655, time elapsed(min) 0.01---
2026-09-30 22:24:56,182 - INFO - --- validation at epoch 223, val_loss 7.2877, val_mae 6.1531, val_rmse 9.6410, val_r2 0.8716, val_pearson 0.9344, lr 2.70e-05 ---
2026-09-30 22:24:56,182 - INFO - 
****************************************************************************************************
2026-09-30 22:24:57,477 - INFO - --- training epoch 224, loss 6.1000, mae 6.5634, rmse 10.1349, time elapsed(min) 0.01---
2026-09-30 22:24:57,657 - INFO - --- validation at epoch 224, val_loss 7.2954, val_mae 6.1838, val_rmse 9.5939, val_r2 0.8729, val_pearson 0.9349, lr 2.70e-05 ---
2026-09-30 22:24:57,657 - INFO - 
****************************************************************************************************
2026-09-30 22:24:59,073 - INFO - --- training epoch 225, loss 6.0028, mae 6.4675, rmse 10.1203, time elapsed(min) 0.02---
2026-09-30 22:24:59,251 - INFO - --- validation at epoch 225, val_loss 7.2864, val_mae 6.1615, val_rmse 9.6472, val_r2 0.8714, val_pearson 0.9344, lr 2.70e-05 ---
2026-09-30 22:24:59,251 - INFO - 
****************************************************************************************************
2026-09-30 22:25:00,542 - INFO - --- training epoch 226, loss 6.0529, mae 6.5189, rmse 9.8787, time elapsed(min) 0.01---
2026-09-30 22:25:00,897 - INFO - --- validation at epoch 226, val_loss 7.2374, val_mae 6.1399, val_rmse 9.6203, val_r2 0.8722, val_pearson 0.9349, lr 2.70e-05 ---
2026-09-30 22:25:00,897 - INFO - 
****************************************************************************************************
2026-09-30 22:25:02,156 - INFO - --- training epoch 227, loss 5.9923, mae 6.4576, rmse 9.9182, time elapsed(min) 0.01---
2026-09-30 22:25:02,332 - INFO - --- validation at epoch 227, val_loss 7.2489, val_mae 6.1399, val_rmse 9.6126, val_r2 0.8724, val_pearson 0.9349, lr 8.10e-06 ---
2026-09-30 22:25:02,332 - INFO - 
****************************************************************************************************
2026-09-30 22:25:03,414 - INFO - --- training epoch 228, loss 6.0997, mae 6.5669, rmse 10.0662, time elapsed(min) 0.01---
2026-09-30 22:25:03,586 - INFO - --- validation at epoch 228, val_loss 7.2345, val_mae 6.1154, val_rmse 9.5713, val_r2 0.8735, val_pearson 0.9353, lr 8.10e-06 ---
2026-09-30 22:25:03,586 - INFO - 
****************************************************************************************************
2026-09-30 22:25:04,807 - INFO - --- training epoch 229, loss 5.9476, mae 6.4157, rmse 9.8725, time elapsed(min) 0.01---
2026-09-30 22:25:04,970 - INFO - --- validation at epoch 229, val_loss 7.2340, val_mae 6.1130, val_rmse 9.5609, val_r2 0.8737, val_pearson 0.9354, lr 8.10e-06 ---
2026-09-30 22:25:04,970 - INFO - 
****************************************************************************************************
2026-09-30 22:25:06,258 - INFO - --- training epoch 230, loss 6.1117, mae 6.5777, rmse 9.9871, time elapsed(min) 0.01---
2026-09-30 22:25:06,429 - INFO - --- validation at epoch 230, val_loss 7.2817, val_mae 6.1554, val_rmse 9.5815, val_r2 0.8732, val_pearson 0.9350, lr 8.10e-06 ---
2026-09-30 22:25:06,429 - INFO - 
****************************************************************************************************
2026-09-30 22:25:07,725 - INFO - --- training epoch 231, loss 6.1503, mae 6.6161, rmse 10.0939, time elapsed(min) 0.01---
2026-09-30 22:25:07,888 - INFO - --- validation at epoch 231, val_loss 7.2700, val_mae 6.1421, val_rmse 9.5985, val_r2 0.8727, val_pearson 0.9349, lr 8.10e-06 ---
2026-09-30 22:25:07,888 - INFO - 
****************************************************************************************************
2026-09-30 22:25:09,135 - INFO - --- training epoch 232, loss 5.9776, mae 6.4428, rmse 9.8902, time elapsed(min) 0.01---
2026-09-30 22:25:09,305 - INFO - --- validation at epoch 232, val_loss 7.2484, val_mae 6.1358, val_rmse 9.5769, val_r2 0.8733, val_pearson 0.9353, lr 8.10e-06 ---
2026-09-30 22:25:09,305 - INFO - 
****************************************************************************************************
2026-09-30 22:25:10,383 - INFO - --- training epoch 233, loss 5.8881, mae 6.3527, rmse 9.8228, time elapsed(min) 0.01---
2026-09-30 22:25:10,555 - INFO - --- validation at epoch 233, val_loss 7.2386, val_mae 6.1270, val_rmse 9.5538, val_r2 0.8739, val_pearson 0.9354, lr 8.10e-06 ---
2026-09-30 22:25:10,555 - INFO - 
****************************************************************************************************
2026-09-30 22:25:11,787 - INFO - --- training epoch 234, loss 6.0645, mae 6.5302, rmse 10.0357, time elapsed(min) 0.01---
2026-09-30 22:25:11,958 - INFO - --- validation at epoch 234, val_loss 7.2443, val_mae 6.1191, val_rmse 9.5802, val_r2 0.8732, val_pearson 0.9352, lr 8.10e-06 ---
2026-09-30 22:25:11,958 - INFO - 
****************************************************************************************************
2026-09-30 22:25:13,237 - INFO - --- training epoch 235, loss 6.0156, mae 6.4834, rmse 9.9222, time elapsed(min) 0.01---
2026-09-30 22:25:13,409 - INFO - --- validation at epoch 235, val_loss 7.2624, val_mae 6.1256, val_rmse 9.6216, val_r2 0.8721, val_pearson 0.9346, lr 8.10e-06 ---
2026-09-30 22:25:13,409 - INFO - 
****************************************************************************************************
2026-09-30 22:25:14,695 - INFO - --- training epoch 236, loss 6.0831, mae 6.5478, rmse 10.0976, time elapsed(min) 0.01---
2026-09-30 22:25:14,864 - INFO - --- validation at epoch 236, val_loss 7.2689, val_mae 6.1469, val_rmse 9.6193, val_r2 0.8722, val_pearson 0.9346, lr 8.10e-06 ---
2026-09-30 22:25:14,864 - INFO - 
****************************************************************************************************
2026-09-30 22:25:16,100 - INFO - --- training epoch 237, loss 6.0458, mae 6.5113, rmse 10.0699, time elapsed(min) 0.01---
2026-09-30 22:25:16,267 - INFO - --- validation at epoch 237, val_loss 7.2700, val_mae 6.1442, val_rmse 9.5961, val_r2 0.8728, val_pearson 0.9349, lr 8.10e-06 ---
2026-09-30 22:25:16,267 - INFO - 
****************************************************************************************************
2026-09-30 22:25:17,344 - INFO - --- training epoch 238, loss 6.0182, mae 6.4840, rmse 9.8518, time elapsed(min) 0.01---
2026-09-30 22:25:17,511 - INFO - --- validation at epoch 238, val_loss 7.2655, val_mae 6.1463, val_rmse 9.5979, val_r2 0.8728, val_pearson 0.9349, lr 2.43e-06 ---
2026-09-30 22:25:17,511 - INFO - 
****************************************************************************************************
2026-09-30 22:25:18,604 - INFO - --- training epoch 239, loss 6.0304, mae 6.4975, rmse 9.9389, time elapsed(min) 0.01---
2026-09-30 22:25:18,768 - INFO - --- validation at epoch 239, val_loss 7.2696, val_mae 6.1467, val_rmse 9.6103, val_r2 0.8724, val_pearson 0.9348, lr 2.43e-06 ---
2026-09-30 22:25:18,768 - INFO - 
****************************************************************************************************
2026-09-30 22:25:20,207 - INFO - --- training epoch 240, loss 6.1090, mae 6.5733, rmse 10.1304, time elapsed(min) 0.02---
2026-09-30 22:25:20,381 - INFO - --- validation at epoch 240, val_loss 7.2795, val_mae 6.1595, val_rmse 9.6158, val_r2 0.8723, val_pearson 0.9348, lr 2.43e-06 ---
2026-09-30 22:25:20,381 - INFO - 
****************************************************************************************************
2026-09-30 22:25:21,811 - INFO - --- training epoch 241, loss 5.9683, mae 6.4329, rmse 9.9438, time elapsed(min) 0.02---
2026-09-30 22:25:21,984 - INFO - --- validation at epoch 241, val_loss 7.2803, val_mae 6.1609, val_rmse 9.6103, val_r2 0.8724, val_pearson 0.9349, lr 2.43e-06 ---
2026-09-30 22:25:21,984 - INFO - 
****************************************************************************************************
2026-09-30 22:25:23,207 - INFO - --- training epoch 242, loss 6.0474, mae 6.5130, rmse 9.9628, time elapsed(min) 0.01---
2026-09-30 22:25:23,368 - INFO - --- validation at epoch 242, val_loss 7.2834, val_mae 6.1627, val_rmse 9.5970, val_r2 0.8728, val_pearson 0.9350, lr 2.43e-06 ---
2026-09-30 22:25:23,368 - INFO - 
****************************************************************************************************
2026-09-30 22:25:24,427 - INFO - --- training epoch 243, loss 6.1107, mae 6.5740, rmse 10.0553, time elapsed(min) 0.01---
2026-09-30 22:25:24,595 - INFO - --- validation at epoch 243, val_loss 7.2720, val_mae 6.1528, val_rmse 9.5976, val_r2 0.8728, val_pearson 0.9350, lr 2.43e-06 ---
2026-09-30 22:25:24,595 - INFO - 
****************************************************************************************************
2026-09-30 22:25:25,862 - INFO - --- training epoch 244, loss 5.9944, mae 6.4595, rmse 9.9326, time elapsed(min) 0.01---
2026-09-30 22:25:26,034 - INFO - --- validation at epoch 244, val_loss 7.2686, val_mae 6.1495, val_rmse 9.5985, val_r2 0.8727, val_pearson 0.9350, lr 2.43e-06 ---
2026-09-30 22:25:26,034 - INFO - 
****************************************************************************************************
2026-09-30 22:25:27,314 - INFO - --- training epoch 245, loss 5.8802, mae 6.3441, rmse 9.7746, time elapsed(min) 0.01---
2026-09-30 22:25:27,479 - INFO - --- validation at epoch 245, val_loss 7.2703, val_mae 6.1509, val_rmse 9.5921, val_r2 0.8729, val_pearson 0.9351, lr 2.43e-06 ---
2026-09-30 22:25:27,479 - INFO - 
****************************************************************************************************
2026-09-30 22:25:28,783 - INFO - --- training epoch 246, loss 6.0943, mae 6.5592, rmse 10.1758, time elapsed(min) 0.02---
2026-09-30 22:25:28,941 - INFO - --- validation at epoch 246, val_loss 7.2768, val_mae 6.1524, val_rmse 9.5867, val_r2 0.8731, val_pearson 0.9352, lr 2.43e-06 ---
2026-09-30 22:25:28,941 - INFO - 
****************************************************************************************************
2026-09-30 22:25:30,172 - INFO - --- training epoch 247, loss 5.9313, mae 6.3925, rmse 9.8385, time elapsed(min) 0.01---
2026-09-30 22:25:30,336 - INFO - --- validation at epoch 247, val_loss 7.2636, val_mae 6.1342, val_rmse 9.5722, val_r2 0.8734, val_pearson 0.9353, lr 2.43e-06 ---
2026-09-30 22:25:30,336 - INFO - 
****************************************************************************************************
2026-09-30 22:25:31,409 - INFO - --- training epoch 248, loss 5.9280, mae 6.3914, rmse 9.9003, time elapsed(min) 0.01---
2026-09-30 22:25:31,573 - INFO - --- validation at epoch 248, val_loss 7.2576, val_mae 6.1261, val_rmse 9.5747, val_r2 0.8734, val_pearson 0.9353, lr 2.43e-06 ---
2026-09-30 22:25:31,573 - INFO - 
****************************************************************************************************
2026-09-30 22:25:32,830 - INFO - --- training epoch 249, loss 5.9333, mae 6.4013, rmse 9.9173, time elapsed(min) 0.01---
2026-09-30 22:25:32,992 - INFO - --- validation at epoch 249, val_loss 7.2636, val_mae 6.1355, val_rmse 9.5759, val_r2 0.8733, val_pearson 0.9353, lr 1.00e-06 ---
2026-09-30 22:25:32,992 - INFO - 
****************************************************************************************************
2026-09-30 22:25:34,265 - INFO - --- training epoch 250, loss 5.9861, mae 6.4503, rmse 9.8842, time elapsed(min) 0.01---
2026-09-30 22:25:34,437 - INFO - --- validation at epoch 250, val_loss 7.2733, val_mae 6.1469, val_rmse 9.5812, val_r2 0.8732, val_pearson 0.9352, lr 1.00e-06 ---
2026-09-30 22:25:34,437 - INFO - 
****************************************************************************************************
2026-09-30 22:25:35,731 - INFO - --- training epoch 251, loss 6.1373, mae 6.6035, rmse 10.1370, time elapsed(min) 0.01---
2026-09-30 22:25:36,132 - INFO - --- validation at epoch 251, val_loss 7.2866, val_mae 6.1634, val_rmse 9.5932, val_r2 0.8729, val_pearson 0.9351, lr 1.00e-06 ---
2026-09-30 22:25:36,132 - INFO - 
****************************************************************************************************
2026-09-30 22:25:37,353 - INFO - --- training epoch 252, loss 5.9849, mae 6.4469, rmse 9.9297, time elapsed(min) 0.01---
2026-09-30 22:25:37,511 - INFO - --- validation at epoch 252, val_loss 7.2935, val_mae 6.1717, val_rmse 9.6041, val_r2 0.8726, val_pearson 0.9349, lr 1.00e-06 ---
2026-09-30 22:25:37,511 - INFO - 
****************************************************************************************************
2026-09-30 22:25:38,572 - INFO - --- training epoch 253, loss 5.9967, mae 6.4615, rmse 9.9558, time elapsed(min) 0.01---
2026-09-30 22:25:38,748 - INFO - --- validation at epoch 253, val_loss 7.2924, val_mae 6.1708, val_rmse 9.6045, val_r2 0.8726, val_pearson 0.9349, lr 1.00e-06 ---
2026-09-30 22:25:38,748 - INFO - 
****************************************************************************************************
2026-09-30 22:25:39,835 - INFO - --- training epoch 254, loss 6.0817, mae 6.5479, rmse 10.0762, time elapsed(min) 0.01---
2026-09-30 22:25:40,001 - INFO - --- validation at epoch 254, val_loss 7.2851, val_mae 6.1627, val_rmse 9.5971, val_r2 0.8728, val_pearson 0.9350, lr 1.00e-06 ---
2026-09-30 22:25:40,001 - INFO - 
****************************************************************************************************
2026-09-30 22:25:40,397 - INFO - --- early stopping at epoch 254: val_loss did not improve for 50 epochs ---
2026-09-30 22:25:40,610 - INFO - --- selected checkpoint from epoch 204, val_loss 7.2270, val_mae 6.2185, val_rmse 9.7856
2026-09-30 22:25:41,225 - INFO - -- RESULT
2026-09-30 22:25:41,225 - INFO - --- test size: 1187
2026-09-30 22:25:41,225 - INFO - --- MAE: 6.3371 pp, RMSE: 10.0879 pp, R2: 0.8618, Pearson: 0.9287
2026-09-30 22:25:42,739 - INFO - --- Buchwald-Hartwig | fullcv04_split70 | approach_2: test R2 0.8618 MAE 6.3371 RMSE 10.0879 | 396.6s (1.6s/epoch)
2026-09-30 22:25:42,742 - INFO - --- Buchwald-Hartwig | fullcv04_split70 | MLP control (ind/mlp) (ind/mlp)
