2026-10-01 09:20:31,625 - INFO - device is	cuda:0
2026-10-01 09:20:31,823 - INFO - -- CONFIGURATIONS
2026-10-01 09:20:31,823 - INFO - --- train/valid/test: 3628/404/1728
2026-10-01 09:20:31,823 - INFO - --- max no. reactants_train, valid, test respectively: 14, 14, 14
2026-10-01 09:20:31,823 - INFO - --- max no. products_train, valid, test respectively: 1, 1, 1
2026-10-01 09:20:31,823 - INFO - --- model_path: ../logs/approach2_grid_suzuki/e400/runs/Suzuki-Miyaura_split_5_current_model/model.pt
2026-10-01 09:20:31,830 - INFO - -- TRAINING
2026-10-01 09:20:33,256 - INFO - --- training epoch 0, loss 2.3412, mae 2.7430, rmse 6.0032, time elapsed(min) 0.02---
2026-10-01 09:20:33,478 - INFO - --- validation at epoch 0, val_loss 0.0451, val_mae 0.2707, val_rmse 0.3014, val_r2 -0.1085, val_pearson 0.1137, lr 1.00e-03 ---
2026-10-01 09:20:33,478 - INFO - 
****************************************************************************************************
2026-10-01 09:20:35,339 - INFO - --- training epoch 1, loss 0.0528, mae 0.2694, rmse 0.3250, time elapsed(min) 0.03---
2026-10-01 09:20:35,755 - INFO - --- validation at epoch 1, val_loss 0.0404, val_mae 0.2433, val_rmse 0.2906, val_r2 -0.0300, val_pearson 0.2174, lr 1.00e-03 ---
2026-10-01 09:20:35,755 - INFO - 
****************************************************************************************************
2026-10-01 09:20:37,693 - INFO - --- training epoch 2, loss 0.0402, mae 0.2442, rmse 0.2837, time elapsed(min) 0.03---
2026-10-01 09:20:37,911 - INFO - --- validation at epoch 2, val_loss 0.0386, val_mae 0.2480, val_rmse 0.2822, val_r2 0.0285, val_pearson 0.2475, lr 1.00e-03 ---
2026-10-01 09:20:37,911 - INFO - 
****************************************************************************************************
2026-10-01 09:20:39,613 - INFO - --- training epoch 3, loss 0.0384, mae 0.2401, rmse 0.2771, time elapsed(min) 0.02---
2026-10-01 09:20:39,841 - INFO - --- validation at epoch 3, val_loss 0.0379, val_mae 0.2396, val_rmse 0.2815, val_r2 0.0331, val_pearson 0.2791, lr 1.00e-03 ---
2026-10-01 09:20:39,841 - INFO - 
****************************************************************************************************
2026-10-01 09:20:41,657 - INFO - --- training epoch 4, loss 0.0378, mae 0.2356, rmse 0.2750, time elapsed(min) 0.02---
2026-10-01 09:20:42,035 - INFO - --- validation at epoch 4, val_loss 0.0364, val_mae 0.2390, val_rmse 0.2755, val_r2 0.0738, val_pearson 0.3021, lr 1.00e-03 ---
2026-10-01 09:20:42,035 - INFO - 
****************************************************************************************************
2026-10-01 09:20:43,890 - INFO - --- training epoch 5, loss 0.0371, mae 0.2334, rmse 0.2724, time elapsed(min) 0.03---
2026-10-01 09:20:44,303 - INFO - --- validation at epoch 5, val_loss 0.0359, val_mae 0.2356, val_rmse 0.2739, val_r2 0.0847, val_pearson 0.3116, lr 1.00e-03 ---
2026-10-01 09:20:44,303 - INFO - 
****************************************************************************************************
2026-10-01 09:20:46,151 - INFO - --- training epoch 6, loss 0.0369, mae 0.2324, rmse 0.2718, time elapsed(min) 0.02---
2026-10-01 09:20:46,377 - INFO - --- validation at epoch 6, val_loss 0.0356, val_mae 0.2330, val_rmse 0.2725, val_r2 0.0938, val_pearson 0.3293, lr 1.00e-03 ---
2026-10-01 09:20:46,377 - INFO - 
****************************************************************************************************
2026-10-01 09:20:48,094 - INFO - --- training epoch 7, loss 0.0366, mae 0.2307, rmse 0.2705, time elapsed(min) 0.02---
2026-10-01 09:20:48,318 - INFO - --- validation at epoch 7, val_loss 0.0359, val_mae 0.2303, val_rmse 0.2735, val_r2 0.0877, val_pearson 0.3461, lr 1.00e-03 ---
2026-10-01 09:20:48,318 - INFO - 
****************************************************************************************************
2026-10-01 09:20:50,085 - INFO - --- training epoch 8, loss 0.0368, mae 0.2308, rmse 0.2713, time elapsed(min) 0.02---
2026-10-01 09:20:50,526 - INFO - --- validation at epoch 8, val_loss 0.0361, val_mae 0.2288, val_rmse 0.2742, val_r2 0.0829, val_pearson 0.3673, lr 1.00e-03 ---
2026-10-01 09:20:50,526 - INFO - 
****************************************************************************************************
2026-10-01 09:20:52,443 - INFO - --- training epoch 9, loss 0.0356, mae 0.2265, rmse 0.2668, time elapsed(min) 0.02---
2026-10-01 09:20:52,658 - INFO - --- validation at epoch 9, val_loss 0.0343, val_mae 0.2240, val_rmse 0.2651, val_r2 0.1424, val_pearson 0.4126, lr 1.00e-03 ---
2026-10-01 09:20:52,658 - INFO - 
****************************************************************************************************
2026-10-01 09:20:54,408 - INFO - --- training epoch 10, loss 0.0361, mae 0.2267, rmse 0.2686, time elapsed(min) 0.02---
2026-10-01 09:20:54,632 - INFO - --- validation at epoch 10, val_loss 0.0338, val_mae 0.2288, val_rmse 0.2622, val_r2 0.1610, val_pearson 0.4246, lr 1.00e-03 ---
2026-10-01 09:20:54,632 - INFO - 
****************************************************************************************************
2026-10-01 09:20:56,424 - INFO - --- training epoch 11, loss 0.0338, mae 0.2185, rmse 0.2601, time elapsed(min) 0.02---
2026-10-01 09:20:56,813 - INFO - --- validation at epoch 11, val_loss 0.0328, val_mae 0.2214, val_rmse 0.2580, val_r2 0.1878, val_pearson 0.4410, lr 1.00e-03 ---
2026-10-01 09:20:56,814 - INFO - 
****************************************************************************************************
2026-10-01 09:20:58,760 - INFO - --- training epoch 12, loss 0.0336, mae 0.2172, rmse 0.2591, time elapsed(min) 0.03---
2026-10-01 09:20:59,307 - INFO - --- validation at epoch 12, val_loss 0.0326, val_mae 0.2186, val_rmse 0.2560, val_r2 0.2007, val_pearson 0.4505, lr 1.00e-03 ---
2026-10-01 09:20:59,308 - INFO - 
****************************************************************************************************
2026-10-01 09:21:01,103 - INFO - --- training epoch 13, loss 0.0333, mae 0.2155, rmse 0.2582, time elapsed(min) 0.02---
2026-10-01 09:21:01,328 - INFO - --- validation at epoch 13, val_loss 0.0313, val_mae 0.2125, val_rmse 0.2514, val_r2 0.2289, val_pearson 0.4826, lr 1.00e-03 ---
2026-10-01 09:21:01,328 - INFO - 
****************************************************************************************************
2026-10-01 09:21:03,170 - INFO - --- training epoch 14, loss 0.0317, mae 0.2082, rmse 0.2518, time elapsed(min) 0.02---
2026-10-01 09:21:03,385 - INFO - --- validation at epoch 14, val_loss 0.0287, val_mae 0.2013, val_rmse 0.2410, val_r2 0.2916, val_pearson 0.5569, lr 1.00e-03 ---
2026-10-01 09:21:03,385 - INFO - 
****************************************************************************************************
2026-10-01 09:21:05,139 - INFO - --- training epoch 15, loss 0.0309, mae 0.2028, rmse 0.2486, time elapsed(min) 0.02---
2026-10-01 09:21:05,558 - INFO - --- validation at epoch 15, val_loss 0.0284, val_mae 0.1963, val_rmse 0.2379, val_r2 0.3096, val_pearson 0.5629, lr 1.00e-03 ---
2026-10-01 09:21:05,558 - INFO - 
****************************************************************************************************
2026-10-01 09:21:07,406 - INFO - --- training epoch 16, loss 0.0300, mae 0.1988, rmse 0.2449, time elapsed(min) 0.02---
2026-10-01 09:21:07,629 - INFO - --- validation at epoch 16, val_loss 0.0272, val_mae 0.1936, val_rmse 0.2338, val_r2 0.3331, val_pearson 0.5905, lr 1.00e-03 ---
2026-10-01 09:21:07,629 - INFO - 
****************************************************************************************************
2026-10-01 09:21:09,433 - INFO - --- training epoch 17, loss 0.0290, mae 0.1950, rmse 0.2408, time elapsed(min) 0.02---
2026-10-01 09:21:09,659 - INFO - --- validation at epoch 17, val_loss 0.0269, val_mae 0.1923, val_rmse 0.2337, val_r2 0.3335, val_pearson 0.5943, lr 1.00e-03 ---
2026-10-01 09:21:09,659 - INFO - 
****************************************************************************************************
2026-10-01 09:21:11,492 - INFO - --- training epoch 18, loss 0.0287, mae 0.1945, rmse 0.2398, time elapsed(min) 0.02---
2026-10-01 09:21:11,864 - INFO - --- validation at epoch 18, val_loss 0.0265, val_mae 0.1874, val_rmse 0.2316, val_r2 0.3453, val_pearson 0.5999, lr 1.00e-03 ---
2026-10-01 09:21:11,864 - INFO - 
****************************************************************************************************
2026-10-01 09:21:14,072 - INFO - --- training epoch 19, loss 0.0287, mae 0.1935, rmse 0.2395, time elapsed(min) 0.03---
2026-10-01 09:21:14,295 - INFO - --- validation at epoch 19, val_loss 0.0267, val_mae 0.1874, val_rmse 0.2290, val_r2 0.3604, val_pearson 0.6092, lr 1.00e-03 ---
2026-10-01 09:21:14,296 - INFO - 
****************************************************************************************************
2026-10-01 09:21:15,947 - INFO - --- training epoch 20, loss 0.0278, mae 0.1914, rmse 0.2358, time elapsed(min) 0.02---
2026-10-01 09:21:16,171 - INFO - --- validation at epoch 20, val_loss 0.0251, val_mae 0.1797, val_rmse 0.2226, val_r2 0.3955, val_pearson 0.6409, lr 1.00e-03 ---
2026-10-01 09:21:16,171 - INFO - 
****************************************************************************************************
2026-10-01 09:21:18,032 - INFO - --- training epoch 21, loss 0.0270, mae 0.1897, rmse 0.2322, time elapsed(min) 0.02---
2026-10-01 09:21:18,399 - INFO - --- validation at epoch 21, val_loss 0.0223, val_mae 0.1724, val_rmse 0.2134, val_r2 0.4446, val_pearson 0.6926, lr 1.00e-03 ---
2026-10-01 09:21:18,399 - INFO - 
****************************************************************************************************
2026-10-01 09:21:20,366 - INFO - --- training epoch 22, loss 0.0259, mae 0.1863, rmse 0.2277, time elapsed(min) 0.03---
2026-10-01 09:21:20,588 - INFO - --- validation at epoch 22, val_loss 0.0228, val_mae 0.1787, val_rmse 0.2099, val_r2 0.4623, val_pearson 0.7154, lr 1.00e-03 ---
2026-10-01 09:21:20,588 - INFO - 
****************************************************************************************************
2026-10-01 09:21:22,430 - INFO - --- training epoch 23, loss 0.0226, mae 0.1716, rmse 0.2124, time elapsed(min) 0.03---
2026-10-01 09:21:22,649 - INFO - --- validation at epoch 23, val_loss 0.0205, val_mae 0.1620, val_rmse 0.2028, val_r2 0.4981, val_pearson 0.7242, lr 1.00e-03 ---
2026-10-01 09:21:22,649 - INFO - 
****************************************************************************************************
2026-10-01 09:21:24,462 - INFO - --- training epoch 24, loss 0.0211, mae 0.1655, rmse 0.2054, time elapsed(min) 0.02---
2026-10-01 09:21:24,682 - INFO - --- validation at epoch 24, val_loss 0.0182, val_mae 0.1510, val_rmse 0.1948, val_r2 0.5369, val_pearson 0.7485, lr 1.00e-03 ---
2026-10-01 09:21:24,682 - INFO - 
****************************************************************************************************
2026-10-01 09:21:26,538 - INFO - --- training epoch 25, loss 0.0223, mae 0.1707, rmse 0.2110, time elapsed(min) 0.02---
2026-10-01 09:21:26,943 - INFO - --- validation at epoch 25, val_loss 0.0194, val_mae 0.1594, val_rmse 0.2009, val_r2 0.5074, val_pearson 0.7303, lr 1.00e-03 ---
2026-10-01 09:21:26,943 - INFO - 
****************************************************************************************************
2026-10-01 09:21:28,734 - INFO - --- training epoch 26, loss 0.0225, mae 0.1697, rmse 0.2121, time elapsed(min) 0.02---
2026-10-01 09:21:28,954 - INFO - --- validation at epoch 26, val_loss 0.0173, val_mae 0.1488, val_rmse 0.1897, val_r2 0.5610, val_pearson 0.7564, lr 1.00e-03 ---
2026-10-01 09:21:28,954 - INFO - 
****************************************************************************************************
2026-10-01 09:21:30,727 - INFO - --- training epoch 27, loss 0.0205, mae 0.1615, rmse 0.2027, time elapsed(min) 0.02---
2026-10-01 09:21:30,947 - INFO - --- validation at epoch 27, val_loss 0.0184, val_mae 0.1531, val_rmse 0.1990, val_r2 0.5167, val_pearson 0.7371, lr 1.00e-03 ---
2026-10-01 09:21:30,947 - INFO - 
****************************************************************************************************
2026-10-01 09:21:32,719 - INFO - --- training epoch 28, loss 0.0203, mae 0.1604, rmse 0.2016, time elapsed(min) 0.02---
2026-10-01 09:21:33,134 - INFO - --- validation at epoch 28, val_loss 0.0182, val_mae 0.1545, val_rmse 0.1981, val_r2 0.5212, val_pearson 0.7422, lr 1.00e-03 ---
2026-10-01 09:21:33,134 - INFO - 
****************************************************************************************************
2026-10-01 09:21:34,942 - INFO - --- training epoch 29, loss 0.0205, mae 0.1608, rmse 0.2024, time elapsed(min) 0.02---
2026-10-01 09:21:35,165 - INFO - --- validation at epoch 29, val_loss 0.0166, val_mae 0.1466, val_rmse 0.1889, val_r2 0.5645, val_pearson 0.7589, lr 1.00e-03 ---
2026-10-01 09:21:35,165 - INFO - 
****************************************************************************************************
2026-10-01 09:21:37,004 - INFO - --- training epoch 30, loss 0.0196, mae 0.1575, rmse 0.1981, time elapsed(min) 0.02---
2026-10-01 09:21:37,223 - INFO - --- validation at epoch 30, val_loss 0.0167, val_mae 0.1464, val_rmse 0.1895, val_r2 0.5618, val_pearson 0.7622, lr 1.00e-03 ---
2026-10-01 09:21:37,223 - INFO - 
****************************************************************************************************
2026-10-01 09:21:39,035 - INFO - --- training epoch 31, loss 0.0193, mae 0.1551, rmse 0.1963, time elapsed(min) 0.03---
2026-10-01 09:21:39,426 - INFO - --- validation at epoch 31, val_loss 0.0167, val_mae 0.1459, val_rmse 0.1902, val_r2 0.5587, val_pearson 0.7642, lr 1.00e-03 ---
2026-10-01 09:21:39,426 - INFO - 
****************************************************************************************************
2026-10-01 09:21:41,443 - INFO - --- training epoch 32, loss 0.0187, mae 0.1530, rmse 0.1934, time elapsed(min) 0.03---
2026-10-01 09:21:41,661 - INFO - --- validation at epoch 32, val_loss 0.0160, val_mae 0.1419, val_rmse 0.1837, val_r2 0.5885, val_pearson 0.7761, lr 1.00e-03 ---
2026-10-01 09:21:41,661 - INFO - 
****************************************************************************************************
2026-10-01 09:21:43,398 - INFO - --- training epoch 33, loss 0.0185, mae 0.1511, rmse 0.1922, time elapsed(min) 0.02---
2026-10-01 09:21:43,641 - INFO - --- validation at epoch 33, val_loss 0.0163, val_mae 0.1412, val_rmse 0.1846, val_r2 0.5841, val_pearson 0.7773, lr 1.00e-03 ---
2026-10-01 09:21:43,641 - INFO - 
****************************************************************************************************
2026-10-01 09:21:45,296 - INFO - --- training epoch 34, loss 0.0180, mae 0.1490, rmse 0.1898, time elapsed(min) 0.02---
2026-10-01 09:21:45,677 - INFO - --- validation at epoch 34, val_loss 0.0151, val_mae 0.1378, val_rmse 0.1806, val_r2 0.6021, val_pearson 0.7852, lr 1.00e-03 ---
2026-10-01 09:21:45,677 - INFO - 
****************************************************************************************************
2026-10-01 09:21:47,722 - INFO - --- training epoch 35, loss 0.0172, mae 0.1444, rmse 0.1852, time elapsed(min) 0.03---
2026-10-01 09:21:47,946 - INFO - --- validation at epoch 35, val_loss 0.0152, val_mae 0.1388, val_rmse 0.1808, val_r2 0.6010, val_pearson 0.7781, lr 1.00e-03 ---
2026-10-01 09:21:47,946 - INFO - 
****************************************************************************************************
2026-10-01 09:21:49,707 - INFO - --- training epoch 36, loss 0.0169, mae 0.1436, rmse 0.1840, time elapsed(min) 0.02---
2026-10-01 09:21:49,927 - INFO - --- validation at epoch 36, val_loss 0.0144, val_mae 0.1322, val_rmse 0.1746, val_r2 0.6280, val_pearson 0.8001, lr 1.00e-03 ---
2026-10-01 09:21:49,928 - INFO - 
****************************************************************************************************
2026-10-01 09:21:51,656 - INFO - --- training epoch 37, loss 0.0167, mae 0.1430, rmse 0.1827, time elapsed(min) 0.02---
2026-10-01 09:21:52,035 - INFO - --- validation at epoch 37, val_loss 0.0150, val_mae 0.1329, val_rmse 0.1782, val_r2 0.6127, val_pearson 0.8002, lr 1.00e-03 ---
2026-10-01 09:21:52,035 - INFO - 
****************************************************************************************************
2026-10-01 09:21:53,801 - INFO - --- training epoch 38, loss 0.0164, mae 0.1407, rmse 0.1810, time elapsed(min) 0.02---
2026-10-01 09:21:54,247 - INFO - --- validation at epoch 38, val_loss 0.0146, val_mae 0.1327, val_rmse 0.1747, val_r2 0.6278, val_pearson 0.8014, lr 1.00e-03 ---
2026-10-01 09:21:54,247 - INFO - 
****************************************************************************************************
2026-10-01 09:21:56,155 - INFO - --- training epoch 39, loss 0.0164, mae 0.1407, rmse 0.1811, time elapsed(min) 0.03---
2026-10-01 09:21:56,374 - INFO - --- validation at epoch 39, val_loss 0.0146, val_mae 0.1312, val_rmse 0.1779, val_r2 0.6138, val_pearson 0.8029, lr 1.00e-03 ---
2026-10-01 09:21:56,375 - INFO - 
****************************************************************************************************
2026-10-01 09:21:58,108 - INFO - --- training epoch 40, loss 0.0159, mae 0.1381, rmse 0.1784, time elapsed(min) 0.02---
2026-10-01 09:21:58,325 - INFO - --- validation at epoch 40, val_loss 0.0144, val_mae 0.1335, val_rmse 0.1772, val_r2 0.6168, val_pearson 0.7909, lr 1.00e-03 ---
2026-10-01 09:21:58,325 - INFO - 
****************************************************************************************************
2026-10-01 09:22:00,160 - INFO - --- training epoch 41, loss 0.0157, mae 0.1374, rmse 0.1774, time elapsed(min) 0.02---
2026-10-01 09:22:00,564 - INFO - --- validation at epoch 41, val_loss 0.0135, val_mae 0.1290, val_rmse 0.1709, val_r2 0.6435, val_pearson 0.8119, lr 1.00e-03 ---
2026-10-01 09:22:00,564 - INFO - 
****************************************************************************************************
2026-10-01 09:22:02,542 - INFO - --- training epoch 42, loss 0.0157, mae 0.1369, rmse 0.1770, time elapsed(min) 0.03---
2026-10-01 09:22:02,761 - INFO - --- validation at epoch 42, val_loss 0.0144, val_mae 0.1301, val_rmse 0.1752, val_r2 0.6254, val_pearson 0.8129, lr 1.00e-03 ---
2026-10-01 09:22:02,761 - INFO - 
****************************************************************************************************
2026-10-01 09:22:04,410 - INFO - --- training epoch 43, loss 0.0160, mae 0.1399, rmse 0.1790, time elapsed(min) 0.02---
2026-10-01 09:22:04,659 - INFO - --- validation at epoch 43, val_loss 0.0150, val_mae 0.1375, val_rmse 0.1781, val_r2 0.6131, val_pearson 0.7972, lr 1.00e-03 ---
2026-10-01 09:22:04,659 - INFO - 
****************************************************************************************************
2026-10-01 09:22:06,415 - INFO - --- training epoch 44, loss 0.0151, mae 0.1343, rmse 0.1740, time elapsed(min) 0.02---
2026-10-01 09:22:06,804 - INFO - --- validation at epoch 44, val_loss 0.0125, val_mae 0.1210, val_rmse 0.1638, val_r2 0.6726, val_pearson 0.8283, lr 1.00e-03 ---
2026-10-01 09:22:06,804 - INFO - 
****************************************************************************************************
2026-10-01 09:22:08,790 - INFO - --- training epoch 45, loss 0.0152, mae 0.1338, rmse 0.1742, time elapsed(min) 0.03---
2026-10-01 09:22:09,010 - INFO - --- validation at epoch 45, val_loss 0.0139, val_mae 0.1292, val_rmse 0.1724, val_r2 0.6373, val_pearson 0.8256, lr 1.00e-03 ---
2026-10-01 09:22:09,010 - INFO - 
****************************************************************************************************
2026-10-01 09:22:10,707 - INFO - --- training epoch 46, loss 0.0155, mae 0.1359, rmse 0.1762, time elapsed(min) 0.02---
2026-10-01 09:22:10,926 - INFO - --- validation at epoch 46, val_loss 0.0143, val_mae 0.1314, val_rmse 0.1770, val_r2 0.6179, val_pearson 0.8338, lr 1.00e-03 ---
2026-10-01 09:22:10,926 - INFO - 
****************************************************************************************************
2026-10-01 09:22:12,624 - INFO - --- training epoch 47, loss 0.0159, mae 0.1388, rmse 0.1784, time elapsed(min) 0.02---
2026-10-01 09:22:13,008 - INFO - --- validation at epoch 47, val_loss 0.0160, val_mae 0.1404, val_rmse 0.1859, val_r2 0.5785, val_pearson 0.8205, lr 1.00e-03 ---
2026-10-01 09:22:13,008 - INFO - 
****************************************************************************************************
2026-10-01 09:22:14,825 - INFO - --- training epoch 48, loss 0.0169, mae 0.1427, rmse 0.1838, time elapsed(min) 0.03---
2026-10-01 09:22:15,354 - INFO - --- validation at epoch 48, val_loss 0.0136, val_mae 0.1278, val_rmse 0.1707, val_r2 0.6443, val_pearson 0.8340, lr 1.00e-03 ---
2026-10-01 09:22:15,354 - INFO - 
****************************************************************************************************
2026-10-01 09:22:17,087 - INFO - --- training epoch 49, loss 0.0150, mae 0.1342, rmse 0.1735, time elapsed(min) 0.02---
2026-10-01 09:22:17,311 - INFO - --- validation at epoch 49, val_loss 0.0135, val_mae 0.1252, val_rmse 0.1670, val_r2 0.6597, val_pearson 0.8305, lr 1.00e-03 ---
2026-10-01 09:22:17,311 - INFO - 
****************************************************************************************************
2026-10-01 09:22:18,989 - INFO - --- training epoch 50, loss 0.0154, mae 0.1355, rmse 0.1752, time elapsed(min) 0.02---
2026-10-01 09:22:19,238 - INFO - --- validation at epoch 50, val_loss 0.0141, val_mae 0.1300, val_rmse 0.1702, val_r2 0.6467, val_pearson 0.8452, lr 1.00e-03 ---
2026-10-01 09:22:19,238 - INFO - 
****************************************************************************************************
2026-10-01 09:22:21,038 - INFO - --- training epoch 51, loss 0.0155, mae 0.1369, rmse 0.1759, time elapsed(min) 0.03---
2026-10-01 09:22:21,447 - INFO - --- validation at epoch 51, val_loss 0.0141, val_mae 0.1336, val_rmse 0.1743, val_r2 0.6294, val_pearson 0.8450, lr 1.00e-03 ---
2026-10-01 09:22:21,447 - INFO - 
****************************************************************************************************
2026-10-01 09:22:23,260 - INFO - --- training epoch 52, loss 0.0162, mae 0.1402, rmse 0.1800, time elapsed(min) 0.02---
2026-10-01 09:22:23,476 - INFO - --- validation at epoch 52, val_loss 0.0138, val_mae 0.1285, val_rmse 0.1717, val_r2 0.6402, val_pearson 0.8397, lr 1.00e-03 ---
2026-10-01 09:22:23,476 - INFO - 
****************************************************************************************************
2026-10-01 09:22:25,227 - INFO - --- training epoch 53, loss 0.0155, mae 0.1363, rmse 0.1758, time elapsed(min) 0.02---
2026-10-01 09:22:25,444 - INFO - --- validation at epoch 53, val_loss 0.0131, val_mae 0.1246, val_rmse 0.1651, val_r2 0.6674, val_pearson 0.8453, lr 1.00e-03 ---
2026-10-01 09:22:25,444 - INFO - 
****************************************************************************************************
2026-10-01 09:22:27,117 - INFO - --- training epoch 54, loss 0.0145, mae 0.1318, rmse 0.1705, time elapsed(min) 0.02---
2026-10-01 09:22:27,518 - INFO - --- validation at epoch 54, val_loss 0.0122, val_mae 0.1165, val_rmse 0.1553, val_r2 0.7058, val_pearson 0.8513, lr 1.00e-03 ---
2026-10-01 09:22:27,518 - INFO - 
****************************************************************************************************
2026-10-01 09:22:29,615 - INFO - --- training epoch 55, loss 0.0136, mae 0.1279, rmse 0.1647, time elapsed(min) 0.03---
2026-10-01 09:22:29,830 - INFO - --- validation at epoch 55, val_loss 0.0109, val_mae 0.1127, val_rmse 0.1489, val_r2 0.7294, val_pearson 0.8593, lr 1.00e-03 ---
2026-10-01 09:22:29,830 - INFO - 
****************************************************************************************************
2026-10-01 09:22:31,587 - INFO - --- training epoch 56, loss 0.0129, mae 0.1238, rmse 0.1607, time elapsed(min) 0.02---
2026-10-01 09:22:31,806 - INFO - --- validation at epoch 56, val_loss 0.0120, val_mae 0.1173, val_rmse 0.1555, val_r2 0.7049, val_pearson 0.8510, lr 1.00e-03 ---
2026-10-01 09:22:31,806 - INFO - 
****************************************************************************************************
2026-10-01 09:22:33,555 - INFO - --- training epoch 57, loss 0.0127, mae 0.1229, rmse 0.1593, time elapsed(min) 0.02---
2026-10-01 09:22:33,936 - INFO - --- validation at epoch 57, val_loss 0.0117, val_mae 0.1201, val_rmse 0.1575, val_r2 0.6974, val_pearson 0.8551, lr 1.00e-03 ---
2026-10-01 09:22:33,936 - INFO - 
****************************************************************************************************
2026-10-01 09:22:35,736 - INFO - --- training epoch 58, loss 0.0139, mae 0.1302, rmse 0.1666, time elapsed(min) 0.03---
2026-10-01 09:22:36,272 - INFO - --- validation at epoch 58, val_loss 0.0108, val_mae 0.1158, val_rmse 0.1499, val_r2 0.7260, val_pearson 0.8638, lr 1.00e-03 ---
2026-10-01 09:22:36,272 - INFO - 
****************************************************************************************************
2026-10-01 09:22:38,193 - INFO - --- training epoch 59, loss 0.0125, mae 0.1220, rmse 0.1582, time elapsed(min) 0.03---
2026-10-01 09:22:38,417 - INFO - --- validation at epoch 59, val_loss 0.0113, val_mae 0.1185, val_rmse 0.1550, val_r2 0.7069, val_pearson 0.8511, lr 1.00e-03 ---
2026-10-01 09:22:38,417 - INFO - 
****************************************************************************************************
2026-10-01 09:22:40,094 - INFO - --- training epoch 60, loss 0.0131, mae 0.1240, rmse 0.1616, time elapsed(min) 0.02---
2026-10-01 09:22:40,329 - INFO - --- validation at epoch 60, val_loss 0.0129, val_mae 0.1254, val_rmse 0.1681, val_r2 0.6551, val_pearson 0.8390, lr 1.00e-03 ---
2026-10-01 09:22:40,329 - INFO - 
****************************************************************************************************
2026-10-01 09:22:42,016 - INFO - --- training epoch 61, loss 0.0129, mae 0.1238, rmse 0.1604, time elapsed(min) 0.02---
2026-10-01 09:22:42,445 - INFO - --- validation at epoch 61, val_loss 0.0117, val_mae 0.1136, val_rmse 0.1505, val_r2 0.7238, val_pearson 0.8533, lr 1.00e-03 ---
2026-10-01 09:22:42,445 - INFO - 
****************************************************************************************************
2026-10-01 09:22:44,353 - INFO - --- training epoch 62, loss 0.0209, mae 0.1571, rmse 0.2047, time elapsed(min) 0.02---
2026-10-01 09:22:44,577 - INFO - --- validation at epoch 62, val_loss 0.0167, val_mae 0.1416, val_rmse 0.1819, val_r2 0.5964, val_pearson 0.7833, lr 1.00e-03 ---
2026-10-01 09:22:44,577 - INFO - 
****************************************************************************************************
2026-10-01 09:22:46,332 - INFO - --- training epoch 63, loss 0.0164, mae 0.1419, rmse 0.1809, time elapsed(min) 0.02---
2026-10-01 09:22:46,557 - INFO - --- validation at epoch 63, val_loss 0.0129, val_mae 0.1253, val_rmse 0.1648, val_r2 0.6685, val_pearson 0.8394, lr 1.00e-03 ---
2026-10-01 09:22:46,557 - INFO - 
****************************************************************************************************
2026-10-01 09:22:48,217 - INFO - --- training epoch 64, loss 0.0137, mae 0.1277, rmse 0.1654, time elapsed(min) 0.02---
2026-10-01 09:22:48,629 - INFO - --- validation at epoch 64, val_loss 0.0116, val_mae 0.1131, val_rmse 0.1500, val_r2 0.7256, val_pearson 0.8561, lr 1.00e-03 ---
2026-10-01 09:22:48,629 - INFO - 
****************************************************************************************************
2026-10-01 09:22:50,583 - INFO - --- training epoch 65, loss 0.0147, mae 0.1329, rmse 0.1716, time elapsed(min) 0.03---
2026-10-01 09:22:50,801 - INFO - --- validation at epoch 65, val_loss 0.0113, val_mae 0.1117, val_rmse 0.1494, val_r2 0.7276, val_pearson 0.8550, lr 1.00e-03 ---
2026-10-01 09:22:50,801 - INFO - 
****************************************************************************************************
2026-10-01 09:22:52,435 - INFO - --- training epoch 66, loss 0.0125, mae 0.1220, rmse 0.1582, time elapsed(min) 0.02---
2026-10-01 09:22:52,660 - INFO - --- validation at epoch 66, val_loss 0.0113, val_mae 0.1119, val_rmse 0.1488, val_r2 0.7298, val_pearson 0.8582, lr 1.00e-03 ---
2026-10-01 09:22:52,660 - INFO - 
****************************************************************************************************
2026-10-01 09:22:54,430 - INFO - --- training epoch 67, loss 0.0122, mae 0.1194, rmse 0.1561, time elapsed(min) 0.02---
2026-10-01 09:22:54,798 - INFO - --- validation at epoch 67, val_loss 0.0107, val_mae 0.1131, val_rmse 0.1478, val_r2 0.7334, val_pearson 0.8651, lr 1.00e-03 ---
2026-10-01 09:22:54,798 - INFO - 
****************************************************************************************************
2026-10-01 09:22:56,789 - INFO - --- training epoch 68, loss 0.0137, mae 0.1276, rmse 0.1653, time elapsed(min) 0.03---
2026-10-01 09:22:57,210 - INFO - --- validation at epoch 68, val_loss 0.0122, val_mae 0.1186, val_rmse 0.1533, val_r2 0.7131, val_pearson 0.8627, lr 1.00e-03 ---
2026-10-01 09:22:57,210 - INFO - 
****************************************************************************************************
2026-10-01 09:22:58,996 - INFO - --- training epoch 69, loss 0.0118, mae 0.1175, rmse 0.1536, time elapsed(min) 0.02---
2026-10-01 09:22:59,222 - INFO - --- validation at epoch 69, val_loss 0.0111, val_mae 0.1109, val_rmse 0.1477, val_r2 0.7339, val_pearson 0.8634, lr 1.00e-03 ---
2026-10-01 09:22:59,223 - INFO - 
****************************************************************************************************
2026-10-01 09:23:00,891 - INFO - --- training epoch 70, loss 0.0118, mae 0.1180, rmse 0.1537, time elapsed(min) 0.02---
2026-10-01 09:23:01,114 - INFO - --- validation at epoch 70, val_loss 0.0095, val_mae 0.1046, val_rmse 0.1397, val_r2 0.7619, val_pearson 0.8778, lr 1.00e-03 ---
2026-10-01 09:23:01,114 - INFO - 
****************************************************************************************************
2026-10-01 09:23:02,962 - INFO - --- training epoch 71, loss 0.0136, mae 0.1265, rmse 0.1650, time elapsed(min) 0.02---
2026-10-01 09:23:03,358 - INFO - --- validation at epoch 71, val_loss 0.0114, val_mae 0.1219, val_rmse 0.1537, val_r2 0.7119, val_pearson 0.8650, lr 1.00e-03 ---
2026-10-01 09:23:03,358 - INFO - 
****************************************************************************************************
2026-10-01 09:23:05,295 - INFO - --- training epoch 72, loss 0.0126, mae 0.1233, rmse 0.1590, time elapsed(min) 0.03---
2026-10-01 09:23:05,514 - INFO - --- validation at epoch 72, val_loss 0.0113, val_mae 0.1134, val_rmse 0.1514, val_r2 0.7203, val_pearson 0.8595, lr 1.00e-03 ---
2026-10-01 09:23:05,514 - INFO - 
****************************************************************************************************
2026-10-01 09:23:07,185 - INFO - --- training epoch 73, loss 0.0125, mae 0.1213, rmse 0.1582, time elapsed(min) 0.02---
2026-10-01 09:23:07,405 - INFO - --- validation at epoch 73, val_loss 0.0095, val_mae 0.1069, val_rmse 0.1419, val_r2 0.7542, val_pearson 0.8778, lr 1.00e-03 ---
2026-10-01 09:23:07,405 - INFO - 
****************************************************************************************************
2026-10-01 09:23:09,345 - INFO - --- training epoch 74, loss 0.0112, mae 0.1149, rmse 0.1500, time elapsed(min) 0.03---
2026-10-01 09:23:09,780 - INFO - --- validation at epoch 74, val_loss 0.0093, val_mae 0.1029, val_rmse 0.1380, val_r2 0.7677, val_pearson 0.8796, lr 1.00e-03 ---
2026-10-01 09:23:09,780 - INFO - 
****************************************************************************************************
2026-10-01 09:23:11,743 - INFO - --- training epoch 75, loss 0.0112, mae 0.1150, rmse 0.1497, time elapsed(min) 0.02---
2026-10-01 09:23:11,966 - INFO - --- validation at epoch 75, val_loss 0.0094, val_mae 0.1042, val_rmse 0.1391, val_r2 0.7638, val_pearson 0.8770, lr 1.00e-03 ---
2026-10-01 09:23:11,966 - INFO - 
****************************************************************************************************
2026-10-01 09:23:13,636 - INFO - --- training epoch 76, loss 0.0116, mae 0.1168, rmse 0.1525, time elapsed(min) 0.02---
2026-10-01 09:23:13,864 - INFO - --- validation at epoch 76, val_loss 0.0095, val_mae 0.1069, val_rmse 0.1430, val_r2 0.7506, val_pearson 0.8785, lr 1.00e-03 ---
2026-10-01 09:23:13,864 - INFO - 
****************************************************************************************************
2026-10-01 09:23:15,620 - INFO - --- training epoch 77, loss 0.0116, mae 0.1176, rmse 0.1523, time elapsed(min) 0.02---
2026-10-01 09:23:16,002 - INFO - --- validation at epoch 77, val_loss 0.0090, val_mae 0.1014, val_rmse 0.1360, val_r2 0.7744, val_pearson 0.8818, lr 1.00e-03 ---
2026-10-01 09:23:16,002 - INFO - 
****************************************************************************************************
2026-10-01 09:23:18,093 - INFO - --- training epoch 78, loss 0.0110, mae 0.1134, rmse 0.1482, time elapsed(min) 0.03---
2026-10-01 09:23:18,311 - INFO - --- validation at epoch 78, val_loss 0.0092, val_mae 0.1037, val_rmse 0.1373, val_r2 0.7701, val_pearson 0.8821, lr 1.00e-03 ---
2026-10-01 09:23:18,311 - INFO - 
****************************************************************************************************
2026-10-01 09:23:20,094 - INFO - --- training epoch 79, loss 0.0108, mae 0.1131, rmse 0.1472, time elapsed(min) 0.03---
2026-10-01 09:23:20,313 - INFO - --- validation at epoch 79, val_loss 0.0093, val_mae 0.1052, val_rmse 0.1399, val_r2 0.7612, val_pearson 0.8760, lr 1.00e-03 ---
2026-10-01 09:23:20,313 - INFO - 
****************************************************************************************************
2026-10-01 09:23:21,976 - INFO - --- training epoch 80, loss 0.0112, mae 0.1145, rmse 0.1495, time elapsed(min) 0.02---
2026-10-01 09:23:22,355 - INFO - --- validation at epoch 80, val_loss 0.0090, val_mae 0.1013, val_rmse 0.1369, val_r2 0.7714, val_pearson 0.8814, lr 1.00e-03 ---
2026-10-01 09:23:22,355 - INFO - 
****************************************************************************************************
2026-10-01 09:23:24,372 - INFO - --- training epoch 81, loss 0.0110, mae 0.1138, rmse 0.1482, time elapsed(min) 0.03---
2026-10-01 09:23:24,588 - INFO - --- validation at epoch 81, val_loss 0.0097, val_mae 0.1089, val_rmse 0.1424, val_r2 0.7525, val_pearson 0.8767, lr 1.00e-03 ---
2026-10-01 09:23:24,588 - INFO - 
****************************************************************************************************
2026-10-01 09:23:26,265 - INFO - --- training epoch 82, loss 0.0138, mae 0.1290, rmse 0.1661, time elapsed(min) 0.02---
2026-10-01 09:23:26,480 - INFO - --- validation at epoch 82, val_loss 0.0112, val_mae 0.1172, val_rmse 0.1568, val_r2 0.6999, val_pearson 0.8695, lr 1.00e-03 ---
2026-10-01 09:23:26,480 - INFO - 
****************************************************************************************************
2026-10-01 09:23:28,228 - INFO - --- training epoch 83, loss 0.0124, mae 0.1219, rmse 0.1572, time elapsed(min) 0.02---
2026-10-01 09:23:28,454 - INFO - --- validation at epoch 83, val_loss 0.0104, val_mae 0.1087, val_rmse 0.1442, val_r2 0.7464, val_pearson 0.8722, lr 1.00e-03 ---
2026-10-01 09:23:28,454 - INFO - 
****************************************************************************************************
2026-10-01 09:23:30,247 - INFO - --- training epoch 84, loss 0.0110, mae 0.1135, rmse 0.1485, time elapsed(min) 0.03---
2026-10-01 09:23:30,810 - INFO - --- validation at epoch 84, val_loss 0.0089, val_mae 0.1037, val_rmse 0.1368, val_r2 0.7717, val_pearson 0.8834, lr 1.00e-03 ---
2026-10-01 09:23:30,810 - INFO - 
****************************************************************************************************
2026-10-01 09:23:32,540 - INFO - --- training epoch 85, loss 0.0106, mae 0.1104, rmse 0.1454, time elapsed(min) 0.02---
2026-10-01 09:23:32,758 - INFO - --- validation at epoch 85, val_loss 0.0089, val_mae 0.1038, val_rmse 0.1401, val_r2 0.7606, val_pearson 0.8827, lr 1.00e-03 ---
2026-10-01 09:23:32,758 - INFO - 
****************************************************************************************************
2026-10-01 09:23:34,422 - INFO - --- training epoch 86, loss 0.0112, mae 0.1141, rmse 0.1495, time elapsed(min) 0.02---
2026-10-01 09:23:34,653 - INFO - --- validation at epoch 86, val_loss 0.0082, val_mae 0.0995, val_rmse 0.1328, val_r2 0.7848, val_pearson 0.8878, lr 1.00e-03 ---
2026-10-01 09:23:34,653 - INFO - 
****************************************************************************************************
2026-10-01 09:23:36,574 - INFO - --- training epoch 87, loss 0.0100, mae 0.1077, rmse 0.1412, time elapsed(min) 0.03---
2026-10-01 09:23:36,995 - INFO - --- validation at epoch 87, val_loss 0.0084, val_mae 0.0998, val_rmse 0.1335, val_r2 0.7824, val_pearson 0.8885, lr 1.00e-03 ---
2026-10-01 09:23:36,995 - INFO - 
****************************************************************************************************
2026-10-01 09:23:38,791 - INFO - --- training epoch 88, loss 0.0112, mae 0.1146, rmse 0.1495, time elapsed(min) 0.02---
2026-10-01 09:23:39,029 - INFO - --- validation at epoch 88, val_loss 0.0091, val_mae 0.1040, val_rmse 0.1423, val_r2 0.7529, val_pearson 0.8816, lr 1.00e-03 ---
2026-10-01 09:23:39,029 - INFO - 
****************************************************************************************************
2026-10-01 09:23:40,726 - INFO - --- training epoch 89, loss 0.0111, mae 0.1140, rmse 0.1487, time elapsed(min) 0.02---
2026-10-01 09:23:40,937 - INFO - --- validation at epoch 89, val_loss 0.0098, val_mae 0.1102, val_rmse 0.1468, val_r2 0.7371, val_pearson 0.8819, lr 1.00e-03 ---
2026-10-01 09:23:40,937 - INFO - 
****************************************************************************************************
2026-10-01 09:23:42,621 - INFO - --- training epoch 90, loss 0.0112, mae 0.1139, rmse 0.1494, time elapsed(min) 0.02---
2026-10-01 09:23:43,019 - INFO - --- validation at epoch 90, val_loss 0.0087, val_mae 0.1023, val_rmse 0.1370, val_r2 0.7711, val_pearson 0.8874, lr 1.00e-03 ---
2026-10-01 09:23:43,019 - INFO - 
****************************************************************************************************
2026-10-01 09:23:44,921 - INFO - --- training epoch 91, loss 0.0112, mae 0.1145, rmse 0.1500, time elapsed(min) 0.03---
2026-10-01 09:23:45,143 - INFO - --- validation at epoch 91, val_loss 0.0107, val_mae 0.1141, val_rmse 0.1513, val_r2 0.7207, val_pearson 0.8817, lr 1.00e-03 ---
2026-10-01 09:23:45,143 - INFO - 
****************************************************************************************************
2026-10-01 09:23:46,790 - INFO - --- training epoch 92, loss 0.0115, mae 0.1162, rmse 0.1519, time elapsed(min) 0.02---
2026-10-01 09:23:47,011 - INFO - --- validation at epoch 92, val_loss 0.0090, val_mae 0.1064, val_rmse 0.1383, val_r2 0.7668, val_pearson 0.8837, lr 1.00e-03 ---
2026-10-01 09:23:47,012 - INFO - 
****************************************************************************************************
2026-10-01 09:23:48,659 - INFO - --- training epoch 93, loss 0.0102, mae 0.1092, rmse 0.1426, time elapsed(min) 0.02---
2026-10-01 09:23:49,023 - INFO - --- validation at epoch 93, val_loss 0.0086, val_mae 0.0994, val_rmse 0.1337, val_r2 0.7819, val_pearson 0.8855, lr 1.00e-03 ---
2026-10-01 09:23:49,023 - INFO - 
****************************************************************************************************
2026-10-01 09:23:51,082 - INFO - --- training epoch 94, loss 0.0101, mae 0.1082, rmse 0.1420, time elapsed(min) 0.03---
2026-10-01 09:23:51,301 - INFO - --- validation at epoch 94, val_loss 0.0084, val_mae 0.0998, val_rmse 0.1331, val_r2 0.7839, val_pearson 0.8865, lr 1.00e-03 ---
2026-10-01 09:23:51,301 - INFO - 
****************************************************************************************************
2026-10-01 09:23:53,042 - INFO - --- training epoch 95, loss 0.0100, mae 0.1072, rmse 0.1417, time elapsed(min) 0.02---
2026-10-01 09:23:53,264 - INFO - --- validation at epoch 95, val_loss 0.0084, val_mae 0.0990, val_rmse 0.1360, val_r2 0.7744, val_pearson 0.8881, lr 1.00e-03 ---
2026-10-01 09:23:53,264 - INFO - 
****************************************************************************************************
2026-10-01 09:23:55,017 - INFO - --- training epoch 96, loss 0.0103, mae 0.1088, rmse 0.1436, time elapsed(min) 0.02---
2026-10-01 09:23:55,287 - INFO - --- validation at epoch 96, val_loss 0.0085, val_mae 0.1016, val_rmse 0.1354, val_r2 0.7763, val_pearson 0.8870, lr 1.00e-03 ---
2026-10-01 09:23:55,287 - INFO - 
****************************************************************************************************
2026-10-01 09:23:56,936 - INFO - --- training epoch 97, loss 0.0101, mae 0.1084, rmse 0.1425, time elapsed(min) 0.02---
2026-10-01 09:23:57,368 - INFO - --- validation at epoch 97, val_loss 0.0095, val_mae 0.1052, val_rmse 0.1427, val_r2 0.7514, val_pearson 0.8844, lr 1.00e-03 ---
2026-10-01 09:23:57,368 - INFO - 
****************************************************************************************************
2026-10-01 09:23:59,180 - INFO - --- training epoch 98, loss 0.0093, mae 0.1025, rmse 0.1363, time elapsed(min) 0.02---
2026-10-01 09:23:59,398 - INFO - --- validation at epoch 98, val_loss 0.0083, val_mae 0.1000, val_rmse 0.1336, val_r2 0.7821, val_pearson 0.8893, lr 3.00e-04 ---
2026-10-01 09:23:59,398 - INFO - 
****************************************************************************************************
2026-10-01 09:24:01,046 - INFO - --- training epoch 99, loss 0.0087, mae 0.0992, rmse 0.1319, time elapsed(min) 0.02---
2026-10-01 09:24:01,262 - INFO - --- validation at epoch 99, val_loss 0.0081, val_mae 0.0966, val_rmse 0.1305, val_r2 0.7921, val_pearson 0.8935, lr 3.00e-04 ---
2026-10-01 09:24:01,262 - INFO - 
****************************************************************************************************
2026-10-01 09:24:03,020 - INFO - --- training epoch 100, loss 0.0084, mae 0.0970, rmse 0.1298, time elapsed(min) 0.02---
2026-10-01 09:24:03,413 - INFO - --- validation at epoch 100, val_loss 0.0079, val_mae 0.0953, val_rmse 0.1290, val_r2 0.7969, val_pearson 0.8955, lr 3.00e-04 ---
2026-10-01 09:24:03,413 - INFO - 
****************************************************************************************************
2026-10-01 09:24:05,405 - INFO - --- training epoch 101, loss 0.0085, mae 0.0975, rmse 0.1307, time elapsed(min) 0.03---
2026-10-01 09:24:05,645 - INFO - --- validation at epoch 101, val_loss 0.0079, val_mae 0.0957, val_rmse 0.1302, val_r2 0.7932, val_pearson 0.8937, lr 3.00e-04 ---
2026-10-01 09:24:05,645 - INFO - 
****************************************************************************************************
2026-10-01 09:24:07,309 - INFO - --- training epoch 102, loss 0.0087, mae 0.0992, rmse 0.1322, time elapsed(min) 0.02---
2026-10-01 09:24:07,532 - INFO - --- validation at epoch 102, val_loss 0.0077, val_mae 0.0955, val_rmse 0.1281, val_r2 0.7997, val_pearson 0.8970, lr 3.00e-04 ---
2026-10-01 09:24:07,532 - INFO - 
****************************************************************************************************
2026-10-01 09:24:09,356 - INFO - --- training epoch 103, loss 0.0084, mae 0.0975, rmse 0.1298, time elapsed(min) 0.02---
2026-10-01 09:24:09,578 - INFO - --- validation at epoch 103, val_loss 0.0080, val_mae 0.0964, val_rmse 0.1306, val_r2 0.7918, val_pearson 0.8948, lr 3.00e-04 ---
2026-10-01 09:24:09,578 - INFO - 
****************************************************************************************************
2026-10-01 09:24:11,360 - INFO - --- training epoch 104, loss 0.0085, mae 0.0978, rmse 0.1306, time elapsed(min) 0.03---
2026-10-01 09:24:11,914 - INFO - --- validation at epoch 104, val_loss 0.0076, val_mae 0.0919, val_rmse 0.1265, val_r2 0.8048, val_pearson 0.8992, lr 3.00e-04 ---
2026-10-01 09:24:11,914 - INFO - 
****************************************************************************************************
2026-10-01 09:24:13,670 - INFO - --- training epoch 105, loss 0.0084, mae 0.0969, rmse 0.1295, time elapsed(min) 0.02---
2026-10-01 09:24:13,890 - INFO - --- validation at epoch 105, val_loss 0.0079, val_mae 0.0950, val_rmse 0.1298, val_r2 0.7945, val_pearson 0.8948, lr 3.00e-04 ---
2026-10-01 09:24:13,890 - INFO - 
****************************************************************************************************
2026-10-01 09:24:15,567 - INFO - --- training epoch 106, loss 0.0083, mae 0.0964, rmse 0.1287, time elapsed(min) 0.02---
2026-10-01 09:24:15,786 - INFO - --- validation at epoch 106, val_loss 0.0079, val_mae 0.0951, val_rmse 0.1290, val_r2 0.7970, val_pearson 0.8952, lr 3.00e-04 ---
2026-10-01 09:24:15,786 - INFO - 
****************************************************************************************************
2026-10-01 09:24:17,477 - INFO - --- training epoch 107, loss 0.0086, mae 0.0983, rmse 0.1309, time elapsed(min) 0.02---
2026-10-01 09:24:17,879 - INFO - --- validation at epoch 107, val_loss 0.0078, val_mae 0.0942, val_rmse 0.1279, val_r2 0.8005, val_pearson 0.8968, lr 3.00e-04 ---
2026-10-01 09:24:17,879 - INFO - 
****************************************************************************************************
2026-10-01 09:24:19,695 - INFO - --- training epoch 108, loss 0.0084, mae 0.0971, rmse 0.1293, time elapsed(min) 0.02---
2026-10-01 09:24:19,921 - INFO - --- validation at epoch 108, val_loss 0.0076, val_mae 0.0925, val_rmse 0.1269, val_r2 0.8036, val_pearson 0.8994, lr 3.00e-04 ---
2026-10-01 09:24:19,921 - INFO - 
****************************************************************************************************
2026-10-01 09:24:21,590 - INFO - --- training epoch 109, loss 0.0087, mae 0.0992, rmse 0.1319, time elapsed(min) 0.02---
2026-10-01 09:24:21,810 - INFO - --- validation at epoch 109, val_loss 0.0073, val_mae 0.0913, val_rmse 0.1249, val_r2 0.8097, val_pearson 0.9019, lr 3.00e-04 ---
2026-10-01 09:24:21,810 - INFO - 
****************************************************************************************************
2026-10-01 09:24:23,640 - INFO - --- training epoch 110, loss 0.0083, mae 0.0969, rmse 0.1287, time elapsed(min) 0.02---
2026-10-01 09:24:24,015 - INFO - --- validation at epoch 110, val_loss 0.0078, val_mae 0.0944, val_rmse 0.1284, val_r2 0.7989, val_pearson 0.8975, lr 3.00e-04 ---
2026-10-01 09:24:24,015 - INFO - 
****************************************************************************************************
2026-10-01 09:24:25,973 - INFO - --- training epoch 111, loss 0.0082, mae 0.0964, rmse 0.1284, time elapsed(min) 0.03---
2026-10-01 09:24:26,194 - INFO - --- validation at epoch 111, val_loss 0.0078, val_mae 0.0925, val_rmse 0.1273, val_r2 0.8023, val_pearson 0.9003, lr 3.00e-04 ---
2026-10-01 09:24:26,194 - INFO - 
****************************************************************************************************
2026-10-01 09:24:27,849 - INFO - --- training epoch 112, loss 0.0085, mae 0.0976, rmse 0.1305, time elapsed(min) 0.02---
2026-10-01 09:24:28,118 - INFO - --- validation at epoch 112, val_loss 0.0076, val_mae 0.0922, val_rmse 0.1250, val_r2 0.8094, val_pearson 0.9012, lr 3.00e-04 ---
2026-10-01 09:24:28,118 - INFO - 
****************************************************************************************************
2026-10-01 09:24:29,891 - INFO - --- training epoch 113, loss 0.0082, mae 0.0964, rmse 0.1284, time elapsed(min) 0.02---
2026-10-01 09:24:30,256 - INFO - --- validation at epoch 113, val_loss 0.0074, val_mae 0.0920, val_rmse 0.1250, val_r2 0.8094, val_pearson 0.9006, lr 3.00e-04 ---
2026-10-01 09:24:30,256 - INFO - 
****************************************************************************************************
2026-10-01 09:24:32,057 - INFO - --- training epoch 114, loss 0.0084, mae 0.0970, rmse 0.1294, time elapsed(min) 0.03---
2026-10-01 09:24:32,467 - INFO - --- validation at epoch 114, val_loss 0.0077, val_mae 0.0922, val_rmse 0.1258, val_r2 0.8070, val_pearson 0.9009, lr 3.00e-04 ---
2026-10-01 09:24:32,467 - INFO - 
****************************************************************************************************
2026-10-01 09:24:34,238 - INFO - --- training epoch 115, loss 0.0084, mae 0.0972, rmse 0.1294, time elapsed(min) 0.02---
2026-10-01 09:24:34,486 - INFO - --- validation at epoch 115, val_loss 0.0075, val_mae 0.0913, val_rmse 0.1254, val_r2 0.8081, val_pearson 0.9009, lr 3.00e-04 ---
2026-10-01 09:24:34,486 - INFO - 
****************************************************************************************************
2026-10-01 09:24:36,146 - INFO - --- training epoch 116, loss 0.0084, mae 0.0977, rmse 0.1293, time elapsed(min) 0.02---
2026-10-01 09:24:36,369 - INFO - --- validation at epoch 116, val_loss 0.0075, val_mae 0.0920, val_rmse 0.1268, val_r2 0.8038, val_pearson 0.9018, lr 3.00e-04 ---
2026-10-01 09:24:36,369 - INFO - 
****************************************************************************************************
2026-10-01 09:24:38,025 - INFO - --- training epoch 117, loss 0.0083, mae 0.0968, rmse 0.1285, time elapsed(min) 0.02---
2026-10-01 09:24:38,427 - INFO - --- validation at epoch 117, val_loss 0.0074, val_mae 0.0919, val_rmse 0.1247, val_r2 0.8102, val_pearson 0.9023, lr 3.00e-04 ---
2026-10-01 09:24:38,428 - INFO - 
****************************************************************************************************
2026-10-01 09:24:40,313 - INFO - --- training epoch 118, loss 0.0084, mae 0.0972, rmse 0.1295, time elapsed(min) 0.02---
2026-10-01 09:24:40,531 - INFO - --- validation at epoch 118, val_loss 0.0073, val_mae 0.0891, val_rmse 0.1230, val_r2 0.8154, val_pearson 0.9039, lr 3.00e-04 ---
2026-10-01 09:24:40,531 - INFO - 
****************************************************************************************************
2026-10-01 09:24:42,459 - INFO - --- training epoch 119, loss 0.0083, mae 0.0970, rmse 0.1291, time elapsed(min) 0.03---
2026-10-01 09:24:42,685 - INFO - --- validation at epoch 119, val_loss 0.0074, val_mae 0.0907, val_rmse 0.1247, val_r2 0.8104, val_pearson 0.9034, lr 3.00e-04 ---
2026-10-01 09:24:42,686 - INFO - 
****************************************************************************************************
2026-10-01 09:24:44,443 - INFO - --- training epoch 120, loss 0.0084, mae 0.0975, rmse 0.1293, time elapsed(min) 0.02---
2026-10-01 09:24:44,833 - INFO - --- validation at epoch 120, val_loss 0.0075, val_mae 0.0915, val_rmse 0.1251, val_r2 0.8090, val_pearson 0.9042, lr 3.00e-04 ---
2026-10-01 09:24:44,833 - INFO - 
****************************************************************************************************
2026-10-01 09:24:46,827 - INFO - --- training epoch 121, loss 0.0083, mae 0.0966, rmse 0.1290, time elapsed(min) 0.03---
2026-10-01 09:24:47,053 - INFO - --- validation at epoch 121, val_loss 0.0076, val_mae 0.0909, val_rmse 0.1255, val_r2 0.8078, val_pearson 0.9018, lr 3.00e-04 ---
2026-10-01 09:24:47,053 - INFO - 
****************************************************************************************************
2026-10-01 09:24:48,697 - INFO - --- training epoch 122, loss 0.0085, mae 0.0977, rmse 0.1301, time elapsed(min) 0.02---
2026-10-01 09:24:48,913 - INFO - --- validation at epoch 122, val_loss 0.0078, val_mae 0.0939, val_rmse 0.1285, val_r2 0.7987, val_pearson 0.9006, lr 3.00e-04 ---
2026-10-01 09:24:48,913 - INFO - 
****************************************************************************************************
2026-10-01 09:24:50,568 - INFO - --- training epoch 123, loss 0.0083, mae 0.0973, rmse 0.1286, time elapsed(min) 0.02---
2026-10-01 09:24:50,937 - INFO - --- validation at epoch 123, val_loss 0.0075, val_mae 0.0920, val_rmse 0.1265, val_r2 0.8048, val_pearson 0.9025, lr 3.00e-04 ---
2026-10-01 09:24:50,937 - INFO - 
****************************************************************************************************
2026-10-01 09:24:52,874 - INFO - --- training epoch 124, loss 0.0081, mae 0.0962, rmse 0.1272, time elapsed(min) 0.03---
2026-10-01 09:24:53,094 - INFO - --- validation at epoch 124, val_loss 0.0077, val_mae 0.0929, val_rmse 0.1280, val_r2 0.8001, val_pearson 0.9029, lr 3.00e-04 ---
2026-10-01 09:24:53,094 - INFO - 
****************************************************************************************************
2026-10-01 09:24:54,887 - INFO - --- training epoch 125, loss 0.0083, mae 0.0958, rmse 0.1288, time elapsed(min) 0.02---
2026-10-01 09:24:55,110 - INFO - --- validation at epoch 125, val_loss 0.0076, val_mae 0.0916, val_rmse 0.1265, val_r2 0.8048, val_pearson 0.9037, lr 3.00e-04 ---
2026-10-01 09:24:55,110 - INFO - 
****************************************************************************************************
2026-10-01 09:24:57,011 - INFO - --- training epoch 126, loss 0.0084, mae 0.0974, rmse 0.1293, time elapsed(min) 0.03---
2026-10-01 09:24:57,251 - INFO - --- validation at epoch 126, val_loss 0.0075, val_mae 0.0910, val_rmse 0.1247, val_r2 0.8102, val_pearson 0.9043, lr 3.00e-04 ---
2026-10-01 09:24:57,251 - INFO - 
****************************************************************************************************
2026-10-01 09:24:58,937 - INFO - --- training epoch 127, loss 0.0083, mae 0.0970, rmse 0.1288, time elapsed(min) 0.02---
2026-10-01 09:24:59,357 - INFO - --- validation at epoch 127, val_loss 0.0078, val_mae 0.0932, val_rmse 0.1275, val_r2 0.8017, val_pearson 0.9025, lr 3.00e-04 ---
2026-10-01 09:24:59,357 - INFO - 
****************************************************************************************************
2026-10-01 09:25:01,190 - INFO - --- training epoch 128, loss 0.0085, mae 0.0986, rmse 0.1303, time elapsed(min) 0.02---
2026-10-01 09:25:01,418 - INFO - --- validation at epoch 128, val_loss 0.0075, val_mae 0.0902, val_rmse 0.1243, val_r2 0.8114, val_pearson 0.9049, lr 3.00e-04 ---
2026-10-01 09:25:01,418 - INFO - 
****************************************************************************************************
2026-10-01 09:25:03,164 - INFO - --- training epoch 129, loss 0.0084, mae 0.0971, rmse 0.1298, time elapsed(min) 0.02---
2026-10-01 09:25:03,390 - INFO - --- validation at epoch 129, val_loss 0.0074, val_mae 0.0899, val_rmse 0.1238, val_r2 0.8129, val_pearson 0.9057, lr 3.00e-04 ---
2026-10-01 09:25:03,390 - INFO - 
****************************************************************************************************
2026-10-01 09:25:05,169 - INFO - --- training epoch 130, loss 0.0079, mae 0.0940, rmse 0.1259, time elapsed(min) 0.02---
2026-10-01 09:25:05,551 - INFO - --- validation at epoch 130, val_loss 0.0068, val_mae 0.0879, val_rmse 0.1206, val_r2 0.8226, val_pearson 0.9080, lr 9.00e-05 ---
2026-10-01 09:25:05,552 - INFO - 
****************************************************************************************************
2026-10-01 09:25:07,518 - INFO - --- training epoch 131, loss 0.0076, mae 0.0918, rmse 0.1230, time elapsed(min) 0.03---
2026-10-01 09:25:07,744 - INFO - --- validation at epoch 131, val_loss 0.0069, val_mae 0.0895, val_rmse 0.1217, val_r2 0.8195, val_pearson 0.9069, lr 9.00e-05 ---
2026-10-01 09:25:07,744 - INFO - 
****************************************************************************************************
2026-10-01 09:25:09,428 - INFO - --- training epoch 132, loss 0.0075, mae 0.0918, rmse 0.1226, time elapsed(min) 0.02---
2026-10-01 09:25:09,669 - INFO - --- validation at epoch 132, val_loss 0.0069, val_mae 0.0899, val_rmse 0.1219, val_r2 0.8187, val_pearson 0.9051, lr 9.00e-05 ---
2026-10-01 09:25:09,669 - INFO - 
****************************************************************************************************
2026-10-01 09:25:11,346 - INFO - --- training epoch 133, loss 0.0075, mae 0.0919, rmse 0.1226, time elapsed(min) 0.02---
2026-10-01 09:25:11,718 - INFO - --- validation at epoch 133, val_loss 0.0068, val_mae 0.0900, val_rmse 0.1222, val_r2 0.8177, val_pearson 0.9060, lr 9.00e-05 ---
2026-10-01 09:25:11,718 - INFO - 
****************************************************************************************************
2026-10-01 09:25:13,648 - INFO - --- training epoch 134, loss 0.0075, mae 0.0911, rmse 0.1225, time elapsed(min) 0.03---
2026-10-01 09:25:13,871 - INFO - --- validation at epoch 134, val_loss 0.0070, val_mae 0.0892, val_rmse 0.1216, val_r2 0.8195, val_pearson 0.9063, lr 9.00e-05 ---
2026-10-01 09:25:13,871 - INFO - 
****************************************************************************************************
2026-10-01 09:25:15,538 - INFO - --- training epoch 135, loss 0.0076, mae 0.0928, rmse 0.1230, time elapsed(min) 0.02---
2026-10-01 09:25:15,771 - INFO - --- validation at epoch 135, val_loss 0.0068, val_mae 0.0880, val_rmse 0.1207, val_r2 0.8222, val_pearson 0.9080, lr 9.00e-05 ---
2026-10-01 09:25:15,771 - INFO - 
****************************************************************************************************
2026-10-01 09:25:17,601 - INFO - --- training epoch 136, loss 0.0075, mae 0.0919, rmse 0.1222, time elapsed(min) 0.02---
2026-10-01 09:25:17,980 - INFO - --- validation at epoch 136, val_loss 0.0069, val_mae 0.0893, val_rmse 0.1221, val_r2 0.8180, val_pearson 0.9055, lr 9.00e-05 ---
2026-10-01 09:25:17,980 - INFO - 
****************************************************************************************************
2026-10-01 09:25:19,925 - INFO - --- training epoch 137, loss 0.0075, mae 0.0918, rmse 0.1224, time elapsed(min) 0.03---
2026-10-01 09:25:20,148 - INFO - --- validation at epoch 137, val_loss 0.0068, val_mae 0.0890, val_rmse 0.1220, val_r2 0.8184, val_pearson 0.9068, lr 9.00e-05 ---
2026-10-01 09:25:20,148 - INFO - 
****************************************************************************************************
2026-10-01 09:25:21,803 - INFO - --- training epoch 138, loss 0.0076, mae 0.0921, rmse 0.1237, time elapsed(min) 0.02---
2026-10-01 09:25:22,020 - INFO - --- validation at epoch 138, val_loss 0.0068, val_mae 0.0889, val_rmse 0.1209, val_r2 0.8215, val_pearson 0.9073, lr 9.00e-05 ---
2026-10-01 09:25:22,020 - INFO - 
****************************************************************************************************
2026-10-01 09:25:23,694 - INFO - --- training epoch 139, loss 0.0074, mae 0.0910, rmse 0.1217, time elapsed(min) 0.02---
2026-10-01 09:25:24,076 - INFO - --- validation at epoch 139, val_loss 0.0067, val_mae 0.0882, val_rmse 0.1205, val_r2 0.8230, val_pearson 0.9089, lr 9.00e-05 ---
2026-10-01 09:25:24,076 - INFO - 
****************************************************************************************************
2026-10-01 09:25:26,102 - INFO - --- training epoch 140, loss 0.0075, mae 0.0917, rmse 0.1224, time elapsed(min) 0.03---
2026-10-01 09:25:26,321 - INFO - --- validation at epoch 140, val_loss 0.0069, val_mae 0.0893, val_rmse 0.1217, val_r2 0.8192, val_pearson 0.9069, lr 9.00e-05 ---
2026-10-01 09:25:26,321 - INFO - 
****************************************************************************************************
2026-10-01 09:25:27,989 - INFO - --- training epoch 141, loss 0.0076, mae 0.0924, rmse 0.1230, time elapsed(min) 0.02---
2026-10-01 09:25:28,221 - INFO - --- validation at epoch 141, val_loss 0.0070, val_mae 0.0895, val_rmse 0.1223, val_r2 0.8176, val_pearson 0.9055, lr 9.00e-05 ---
2026-10-01 09:25:28,221 - INFO - 
****************************************************************************************************
2026-10-01 09:25:29,893 - INFO - --- training epoch 142, loss 0.0073, mae 0.0910, rmse 0.1211, time elapsed(min) 0.02---
2026-10-01 09:25:30,266 - INFO - --- validation at epoch 142, val_loss 0.0070, val_mae 0.0907, val_rmse 0.1230, val_r2 0.8153, val_pearson 0.9052, lr 9.00e-05 ---
2026-10-01 09:25:30,266 - INFO - 
****************************************************************************************************
2026-10-01 09:25:32,027 - INFO - --- training epoch 143, loss 0.0074, mae 0.0910, rmse 0.1217, time elapsed(min) 0.02---
2026-10-01 09:25:32,567 - INFO - --- validation at epoch 143, val_loss 0.0070, val_mae 0.0900, val_rmse 0.1224, val_r2 0.8172, val_pearson 0.9063, lr 9.00e-05 ---
2026-10-01 09:25:32,567 - INFO - 
****************************************************************************************************
2026-10-01 09:25:34,317 - INFO - --- training epoch 144, loss 0.0076, mae 0.0928, rmse 0.1235, time elapsed(min) 0.02---
2026-10-01 09:25:34,547 - INFO - --- validation at epoch 144, val_loss 0.0070, val_mae 0.0895, val_rmse 0.1230, val_r2 0.8155, val_pearson 0.9051, lr 9.00e-05 ---
2026-10-01 09:25:34,547 - INFO - 
****************************************************************************************************
2026-10-01 09:25:36,230 - INFO - --- training epoch 145, loss 0.0076, mae 0.0930, rmse 0.1235, time elapsed(min) 0.02---
2026-10-01 09:25:36,455 - INFO - --- validation at epoch 145, val_loss 0.0068, val_mae 0.0869, val_rmse 0.1205, val_r2 0.8229, val_pearson 0.9084, lr 9.00e-05 ---
2026-10-01 09:25:36,455 - INFO - 
****************************************************************************************************
2026-10-01 09:25:38,230 - INFO - --- training epoch 146, loss 0.0074, mae 0.0916, rmse 0.1219, time elapsed(min) 0.02---
2026-10-01 09:25:38,657 - INFO - --- validation at epoch 146, val_loss 0.0068, val_mae 0.0874, val_rmse 0.1206, val_r2 0.8225, val_pearson 0.9081, lr 9.00e-05 ---
2026-10-01 09:25:38,657 - INFO - 
****************************************************************************************************
2026-10-01 09:25:40,439 - INFO - --- training epoch 147, loss 0.0074, mae 0.0907, rmse 0.1218, time elapsed(min) 0.02---
2026-10-01 09:25:40,661 - INFO - --- validation at epoch 147, val_loss 0.0069, val_mae 0.0890, val_rmse 0.1212, val_r2 0.8207, val_pearson 0.9062, lr 9.00e-05 ---
2026-10-01 09:25:40,661 - INFO - 
****************************************************************************************************
2026-10-01 09:25:42,391 - INFO - --- training epoch 148, loss 0.0072, mae 0.0900, rmse 0.1197, time elapsed(min) 0.02---
2026-10-01 09:25:42,612 - INFO - --- validation at epoch 148, val_loss 0.0069, val_mae 0.0886, val_rmse 0.1211, val_r2 0.8212, val_pearson 0.9074, lr 9.00e-05 ---
2026-10-01 09:25:42,613 - INFO - 
****************************************************************************************************
2026-10-01 09:25:44,425 - INFO - --- training epoch 149, loss 0.0075, mae 0.0915, rmse 0.1227, time elapsed(min) 0.03---
2026-10-01 09:25:44,803 - INFO - --- validation at epoch 149, val_loss 0.0068, val_mae 0.0874, val_rmse 0.1198, val_r2 0.8248, val_pearson 0.9086, lr 9.00e-05 ---
2026-10-01 09:25:44,803 - INFO - 
****************************************************************************************************
2026-10-01 09:25:46,732 - INFO - --- training epoch 150, loss 0.0076, mae 0.0927, rmse 0.1231, time elapsed(min) 0.03---
2026-10-01 09:25:46,953 - INFO - --- validation at epoch 150, val_loss 0.0069, val_mae 0.0890, val_rmse 0.1217, val_r2 0.8193, val_pearson 0.9066, lr 9.00e-05 ---
2026-10-01 09:25:46,953 - INFO - 
****************************************************************************************************
2026-10-01 09:25:48,618 - INFO - --- training epoch 151, loss 0.0074, mae 0.0912, rmse 0.1214, time elapsed(min) 0.02---
2026-10-01 09:25:48,841 - INFO - --- validation at epoch 151, val_loss 0.0068, val_mae 0.0869, val_rmse 0.1198, val_r2 0.8249, val_pearson 0.9091, lr 2.70e-05 ---
2026-10-01 09:25:48,841 - INFO - 
****************************************************************************************************
2026-10-01 09:25:50,508 - INFO - --- training epoch 152, loss 0.0073, mae 0.0903, rmse 0.1209, time elapsed(min) 0.02---
2026-10-01 09:25:50,896 - INFO - --- validation at epoch 152, val_loss 0.0067, val_mae 0.0864, val_rmse 0.1195, val_r2 0.8258, val_pearson 0.9094, lr 2.70e-05 ---
2026-10-01 09:25:50,896 - INFO - 
****************************************************************************************************
2026-10-01 09:25:52,648 - INFO - --- training epoch 153, loss 0.0074, mae 0.0916, rmse 0.1218, time elapsed(min) 0.02---
2026-10-01 09:25:53,202 - INFO - --- validation at epoch 153, val_loss 0.0067, val_mae 0.0859, val_rmse 0.1185, val_r2 0.8287, val_pearson 0.9106, lr 2.70e-05 ---
2026-10-01 09:25:53,202 - INFO - 
****************************************************************************************************
2026-10-01 09:25:55,182 - INFO - --- training epoch 154, loss 0.0073, mae 0.0903, rmse 0.1207, time elapsed(min) 0.03---
2026-10-01 09:25:55,424 - INFO - --- validation at epoch 154, val_loss 0.0066, val_mae 0.0859, val_rmse 0.1183, val_r2 0.8292, val_pearson 0.9108, lr 2.70e-05 ---
2026-10-01 09:25:55,424 - INFO - 
****************************************************************************************************
2026-10-01 09:25:57,172 - INFO - --- training epoch 155, loss 0.0072, mae 0.0892, rmse 0.1202, time elapsed(min) 0.02---
2026-10-01 09:25:57,391 - INFO - --- validation at epoch 155, val_loss 0.0067, val_mae 0.0862, val_rmse 0.1189, val_r2 0.8276, val_pearson 0.9104, lr 2.70e-05 ---
2026-10-01 09:25:57,391 - INFO - 
****************************************************************************************************
2026-10-01 09:25:59,175 - INFO - --- training epoch 156, loss 0.0072, mae 0.0901, rmse 0.1203, time elapsed(min) 0.03---
2026-10-01 09:25:59,578 - INFO - --- validation at epoch 156, val_loss 0.0067, val_mae 0.0865, val_rmse 0.1189, val_r2 0.8274, val_pearson 0.9101, lr 2.70e-05 ---
2026-10-01 09:25:59,578 - INFO - 
****************************************************************************************************
2026-10-01 09:26:01,549 - INFO - --- training epoch 157, loss 0.0073, mae 0.0898, rmse 0.1204, time elapsed(min) 0.03---
2026-10-01 09:26:01,769 - INFO - --- validation at epoch 157, val_loss 0.0067, val_mae 0.0860, val_rmse 0.1187, val_r2 0.8282, val_pearson 0.9104, lr 2.70e-05 ---
2026-10-01 09:26:01,769 - INFO - 
****************************************************************************************************
2026-10-01 09:26:03,448 - INFO - --- training epoch 158, loss 0.0071, mae 0.0896, rmse 0.1196, time elapsed(min) 0.02---
2026-10-01 09:26:03,665 - INFO - --- validation at epoch 158, val_loss 0.0067, val_mae 0.0863, val_rmse 0.1187, val_r2 0.8280, val_pearson 0.9102, lr 2.70e-05 ---
2026-10-01 09:26:03,665 - INFO - 
****************************************************************************************************
2026-10-01 09:26:05,333 - INFO - --- training epoch 159, loss 0.0073, mae 0.0900, rmse 0.1212, time elapsed(min) 0.02---
2026-10-01 09:26:05,705 - INFO - --- validation at epoch 159, val_loss 0.0067, val_mae 0.0866, val_rmse 0.1191, val_r2 0.8269, val_pearson 0.9095, lr 2.70e-05 ---
2026-10-01 09:26:05,705 - INFO - 
****************************************************************************************************
2026-10-01 09:26:07,616 - INFO - --- training epoch 160, loss 0.0073, mae 0.0895, rmse 0.1208, time elapsed(min) 0.03---
2026-10-01 09:26:07,834 - INFO - --- validation at epoch 160, val_loss 0.0067, val_mae 0.0867, val_rmse 0.1190, val_r2 0.8271, val_pearson 0.9097, lr 2.70e-05 ---
2026-10-01 09:26:07,834 - INFO - 
****************************************************************************************************
2026-10-01 09:26:09,596 - INFO - --- training epoch 161, loss 0.0073, mae 0.0910, rmse 0.1210, time elapsed(min) 0.02---
2026-10-01 09:26:09,815 - INFO - --- validation at epoch 161, val_loss 0.0067, val_mae 0.0861, val_rmse 0.1187, val_r2 0.8281, val_pearson 0.9104, lr 2.70e-05 ---
2026-10-01 09:26:09,815 - INFO - 
****************************************************************************************************
2026-10-01 09:26:11,486 - INFO - --- training epoch 162, loss 0.0072, mae 0.0910, rmse 0.1204, time elapsed(min) 0.02---
2026-10-01 09:26:11,860 - INFO - --- validation at epoch 162, val_loss 0.0066, val_mae 0.0861, val_rmse 0.1182, val_r2 0.8297, val_pearson 0.9110, lr 2.70e-05 ---
2026-10-01 09:26:11,860 - INFO - 
****************************************************************************************************
2026-10-01 09:26:13,629 - INFO - --- training epoch 163, loss 0.0071, mae 0.0888, rmse 0.1189, time elapsed(min) 0.02---
2026-10-01 09:26:14,046 - INFO - --- validation at epoch 163, val_loss 0.0067, val_mae 0.0859, val_rmse 0.1189, val_r2 0.8277, val_pearson 0.9102, lr 2.70e-05 ---
2026-10-01 09:26:14,046 - INFO - 
****************************************************************************************************
2026-10-01 09:26:15,841 - INFO - --- training epoch 164, loss 0.0075, mae 0.0911, rmse 0.1221, time elapsed(min) 0.02---
2026-10-01 09:26:16,064 - INFO - --- validation at epoch 164, val_loss 0.0067, val_mae 0.0861, val_rmse 0.1182, val_r2 0.8296, val_pearson 0.9109, lr 2.70e-05 ---
2026-10-01 09:26:16,064 - INFO - 
****************************************************************************************************
2026-10-01 09:26:17,732 - INFO - --- training epoch 165, loss 0.0072, mae 0.0897, rmse 0.1202, time elapsed(min) 0.02---
2026-10-01 09:26:17,948 - INFO - --- validation at epoch 165, val_loss 0.0068, val_mae 0.0867, val_rmse 0.1196, val_r2 0.8254, val_pearson 0.9088, lr 2.70e-05 ---
2026-10-01 09:26:17,948 - INFO - 
****************************************************************************************************
2026-10-01 09:26:19,724 - INFO - --- training epoch 166, loss 0.0072, mae 0.0899, rmse 0.1199, time elapsed(min) 0.02---
2026-10-01 09:26:20,134 - INFO - --- validation at epoch 166, val_loss 0.0067, val_mae 0.0863, val_rmse 0.1192, val_r2 0.8268, val_pearson 0.9101, lr 8.10e-06 ---
2026-10-01 09:26:20,134 - INFO - 
****************************************************************************************************
2026-10-01 09:26:22,025 - INFO - --- training epoch 167, loss 0.0071, mae 0.0892, rmse 0.1190, time elapsed(min) 0.03---
2026-10-01 09:26:22,253 - INFO - --- validation at epoch 167, val_loss 0.0067, val_mae 0.0861, val_rmse 0.1189, val_r2 0.8275, val_pearson 0.9103, lr 8.10e-06 ---
2026-10-01 09:26:22,253 - INFO - 
****************************************************************************************************
2026-10-01 09:26:24,005 - INFO - --- training epoch 168, loss 0.0073, mae 0.0900, rmse 0.1207, time elapsed(min) 0.02---
2026-10-01 09:26:24,245 - INFO - --- validation at epoch 168, val_loss 0.0067, val_mae 0.0860, val_rmse 0.1188, val_r2 0.8279, val_pearson 0.9104, lr 8.10e-06 ---
2026-10-01 09:26:24,245 - INFO - 
****************************************************************************************************
2026-10-01 09:26:25,913 - INFO - --- training epoch 169, loss 0.0072, mae 0.0898, rmse 0.1202, time elapsed(min) 0.02---
2026-10-01 09:26:26,286 - INFO - --- validation at epoch 169, val_loss 0.0066, val_mae 0.0859, val_rmse 0.1185, val_r2 0.8287, val_pearson 0.9110, lr 8.10e-06 ---
2026-10-01 09:26:26,286 - INFO - 
****************************************************************************************************
2026-10-01 09:26:28,185 - INFO - --- training epoch 170, loss 0.0069, mae 0.0879, rmse 0.1179, time elapsed(min) 0.03---
2026-10-01 09:26:28,403 - INFO - --- validation at epoch 170, val_loss 0.0066, val_mae 0.0857, val_rmse 0.1181, val_r2 0.8298, val_pearson 0.9115, lr 8.10e-06 ---
2026-10-01 09:26:28,403 - INFO - 
****************************************************************************************************
2026-10-01 09:26:30,147 - INFO - --- training epoch 171, loss 0.0072, mae 0.0897, rmse 0.1202, time elapsed(min) 0.02---
2026-10-01 09:26:30,367 - INFO - --- validation at epoch 171, val_loss 0.0066, val_mae 0.0861, val_rmse 0.1187, val_r2 0.8281, val_pearson 0.9104, lr 8.10e-06 ---
2026-10-01 09:26:30,367 - INFO - 
****************************************************************************************************
2026-10-01 09:26:32,069 - INFO - --- training epoch 172, loss 0.0073, mae 0.0898, rmse 0.1207, time elapsed(min) 0.02---
2026-10-01 09:26:32,286 - INFO - --- validation at epoch 172, val_loss 0.0066, val_mae 0.0860, val_rmse 0.1186, val_r2 0.8283, val_pearson 0.9106, lr 8.10e-06 ---
2026-10-01 09:26:32,286 - INFO - 
****************************************************************************************************
2026-10-01 09:26:34,071 - INFO - --- training epoch 173, loss 0.0070, mae 0.0875, rmse 0.1180, time elapsed(min) 0.03---
2026-10-01 09:26:34,474 - INFO - --- validation at epoch 173, val_loss 0.0066, val_mae 0.0858, val_rmse 0.1183, val_r2 0.8292, val_pearson 0.9112, lr 8.10e-06 ---
2026-10-01 09:26:34,474 - INFO - 
****************************************************************************************************
2026-10-01 09:26:36,390 - INFO - --- training epoch 174, loss 0.0071, mae 0.0889, rmse 0.1188, time elapsed(min) 0.02---
2026-10-01 09:26:36,608 - INFO - --- validation at epoch 174, val_loss 0.0067, val_mae 0.0862, val_rmse 0.1187, val_r2 0.8282, val_pearson 0.9106, lr 8.10e-06 ---
2026-10-01 09:26:36,608 - INFO - 
****************************************************************************************************
2026-10-01 09:26:38,276 - INFO - --- training epoch 175, loss 0.0072, mae 0.0896, rmse 0.1204, time elapsed(min) 0.02---
2026-10-01 09:26:38,494 - INFO - --- validation at epoch 175, val_loss 0.0066, val_mae 0.0861, val_rmse 0.1186, val_r2 0.8284, val_pearson 0.9109, lr 8.10e-06 ---
2026-10-01 09:26:38,494 - INFO - 
****************************************************************************************************
2026-10-01 09:26:40,192 - INFO - --- training epoch 176, loss 0.0072, mae 0.0901, rmse 0.1196, time elapsed(min) 0.02---
2026-10-01 09:26:40,646 - INFO - --- validation at epoch 176, val_loss 0.0066, val_mae 0.0860, val_rmse 0.1186, val_r2 0.8284, val_pearson 0.9108, lr 8.10e-06 ---
2026-10-01 09:26:40,646 - INFO - 
****************************************************************************************************
2026-10-01 09:26:42,564 - INFO - --- training epoch 177, loss 0.0072, mae 0.0903, rmse 0.1196, time elapsed(min) 0.02---
2026-10-01 09:26:42,780 - INFO - --- validation at epoch 177, val_loss 0.0067, val_mae 0.0863, val_rmse 0.1191, val_r2 0.8269, val_pearson 0.9100, lr 8.10e-06 ---
2026-10-01 09:26:42,780 - INFO - 
****************************************************************************************************
2026-10-01 09:26:44,479 - INFO - --- training epoch 178, loss 0.0072, mae 0.0894, rmse 0.1203, time elapsed(min) 0.02---
2026-10-01 09:26:44,699 - INFO - --- validation at epoch 178, val_loss 0.0066, val_mae 0.0859, val_rmse 0.1186, val_r2 0.8284, val_pearson 0.9108, lr 8.10e-06 ---
2026-10-01 09:26:44,699 - INFO - 
****************************************************************************************************
2026-10-01 09:26:46,366 - INFO - --- training epoch 179, loss 0.0073, mae 0.0903, rmse 0.1207, time elapsed(min) 0.02---
2026-10-01 09:26:46,753 - INFO - --- validation at epoch 179, val_loss 0.0067, val_mae 0.0860, val_rmse 0.1186, val_r2 0.8284, val_pearson 0.9108, lr 8.10e-06 ---
2026-10-01 09:26:46,753 - INFO - 
****************************************************************************************************
2026-10-01 09:26:48,904 - INFO - --- training epoch 180, loss 0.0073, mae 0.0905, rmse 0.1210, time elapsed(min) 0.03---
2026-10-01 09:26:49,147 - INFO - --- validation at epoch 180, val_loss 0.0066, val_mae 0.0858, val_rmse 0.1183, val_r2 0.8292, val_pearson 0.9111, lr 8.10e-06 ---
2026-10-01 09:26:49,147 - INFO - 
****************************************************************************************************
2026-10-01 09:26:50,811 - INFO - --- training epoch 181, loss 0.0071, mae 0.0898, rmse 0.1196, time elapsed(min) 0.02---
2026-10-01 09:26:51,055 - INFO - --- validation at epoch 181, val_loss 0.0067, val_mae 0.0861, val_rmse 0.1188, val_r2 0.8278, val_pearson 0.9105, lr 8.10e-06 ---
2026-10-01 09:26:51,055 - INFO - 
****************************************************************************************************
2026-10-01 09:26:52,732 - INFO - --- training epoch 182, loss 0.0073, mae 0.0904, rmse 0.1205, time elapsed(min) 0.02---
2026-10-01 09:26:53,108 - INFO - --- validation at epoch 182, val_loss 0.0066, val_mae 0.0859, val_rmse 0.1185, val_r2 0.8286, val_pearson 0.9109, lr 2.43e-06 ---
2026-10-01 09:26:53,108 - INFO - 
****************************************************************************************************
2026-10-01 09:26:55,067 - INFO - --- training epoch 183, loss 0.0069, mae 0.0887, rmse 0.1178, time elapsed(min) 0.03---
2026-10-01 09:26:55,624 - INFO - --- validation at epoch 183, val_loss 0.0066, val_mae 0.0858, val_rmse 0.1183, val_r2 0.8292, val_pearson 0.9112, lr 2.43e-06 ---
2026-10-01 09:26:55,624 - INFO - 
****************************************************************************************************
2026-10-01 09:26:57,344 - INFO - --- training epoch 184, loss 0.0071, mae 0.0887, rmse 0.1194, time elapsed(min) 0.02---
2026-10-01 09:26:57,560 - INFO - --- validation at epoch 184, val_loss 0.0066, val_mae 0.0856, val_rmse 0.1181, val_r2 0.8297, val_pearson 0.9115, lr 2.43e-06 ---
2026-10-01 09:26:57,560 - INFO - 
****************************************************************************************************
2026-10-01 09:26:59,188 - INFO - --- training epoch 185, loss 0.0070, mae 0.0881, rmse 0.1180, time elapsed(min) 0.02---
2026-10-01 09:26:59,405 - INFO - --- validation at epoch 185, val_loss 0.0066, val_mae 0.0855, val_rmse 0.1182, val_r2 0.8297, val_pearson 0.9116, lr 2.43e-06 ---
2026-10-01 09:26:59,405 - INFO - 
****************************************************************************************************
2026-10-01 09:27:01,168 - INFO - --- training epoch 186, loss 0.0071, mae 0.0889, rmse 0.1195, time elapsed(min) 0.02---
2026-10-01 09:27:01,569 - INFO - --- validation at epoch 186, val_loss 0.0066, val_mae 0.0855, val_rmse 0.1181, val_r2 0.8297, val_pearson 0.9115, lr 2.43e-06 ---
2026-10-01 09:27:01,569 - INFO - 
****************************************************************************************************
2026-10-01 09:27:03,560 - INFO - --- training epoch 187, loss 0.0071, mae 0.0890, rmse 0.1188, time elapsed(min) 0.03---
2026-10-01 09:27:03,781 - INFO - --- validation at epoch 187, val_loss 0.0066, val_mae 0.0856, val_rmse 0.1182, val_r2 0.8296, val_pearson 0.9115, lr 2.43e-06 ---
2026-10-01 09:27:03,781 - INFO - 
****************************************************************************************************
2026-10-01 09:27:05,436 - INFO - --- training epoch 188, loss 0.0072, mae 0.0898, rmse 0.1201, time elapsed(min) 0.02---
2026-10-01 09:27:05,682 - INFO - --- validation at epoch 188, val_loss 0.0066, val_mae 0.0856, val_rmse 0.1182, val_r2 0.8295, val_pearson 0.9115, lr 2.43e-06 ---
2026-10-01 09:27:05,682 - INFO - 
****************************************************************************************************
2026-10-01 09:27:07,454 - INFO - --- training epoch 189, loss 0.0072, mae 0.0892, rmse 0.1202, time elapsed(min) 0.02---
2026-10-01 09:27:07,840 - INFO - --- validation at epoch 189, val_loss 0.0066, val_mae 0.0857, val_rmse 0.1182, val_r2 0.8294, val_pearson 0.9115, lr 2.43e-06 ---
2026-10-01 09:27:07,840 - INFO - 
****************************************************************************************************
2026-10-01 09:27:09,643 - INFO - --- training epoch 190, loss 0.0073, mae 0.0907, rmse 0.1208, time elapsed(min) 0.03---
2026-10-01 09:27:10,049 - INFO - --- validation at epoch 190, val_loss 0.0066, val_mae 0.0856, val_rmse 0.1182, val_r2 0.8294, val_pearson 0.9117, lr 2.43e-06 ---
2026-10-01 09:27:10,049 - INFO - 
****************************************************************************************************
2026-10-01 09:27:12,064 - INFO - --- training epoch 191, loss 0.0072, mae 0.0893, rmse 0.1196, time elapsed(min) 0.03---
2026-10-01 09:27:12,273 - INFO - --- validation at epoch 191, val_loss 0.0066, val_mae 0.0856, val_rmse 0.1183, val_r2 0.8293, val_pearson 0.9115, lr 2.43e-06 ---
2026-10-01 09:27:12,273 - INFO - 
****************************************************************************************************
2026-10-01 09:27:13,957 - INFO - --- training epoch 192, loss 0.0071, mae 0.0897, rmse 0.1195, time elapsed(min) 0.02---
2026-10-01 09:27:14,360 - INFO - --- validation at epoch 192, val_loss 0.0066, val_mae 0.0857, val_rmse 0.1183, val_r2 0.8293, val_pearson 0.9114, lr 2.43e-06 ---
2026-10-01 09:27:14,360 - INFO - 
****************************************************************************************************
2026-10-01 09:27:16,132 - INFO - --- training epoch 193, loss 0.0070, mae 0.0888, rmse 0.1186, time elapsed(min) 0.02---
2026-10-01 09:27:16,544 - INFO - --- validation at epoch 193, val_loss 0.0066, val_mae 0.0856, val_rmse 0.1181, val_r2 0.8297, val_pearson 0.9115, lr 2.43e-06 ---
2026-10-01 09:27:16,544 - INFO - 
****************************************************************************************************
2026-10-01 09:27:18,387 - INFO - --- training epoch 194, loss 0.0071, mae 0.0884, rmse 0.1190, time elapsed(min) 0.02---
2026-10-01 09:27:18,607 - INFO - --- validation at epoch 194, val_loss 0.0066, val_mae 0.0856, val_rmse 0.1180, val_r2 0.8301, val_pearson 0.9117, lr 2.43e-06 ---
2026-10-01 09:27:18,607 - INFO - 
****************************************************************************************************
2026-10-01 09:27:20,361 - INFO - --- training epoch 195, loss 0.0071, mae 0.0890, rmse 0.1188, time elapsed(min) 0.02---
2026-10-01 09:27:20,585 - INFO - --- validation at epoch 195, val_loss 0.0066, val_mae 0.0856, val_rmse 0.1181, val_r2 0.8299, val_pearson 0.9116, lr 2.43e-06 ---
2026-10-01 09:27:20,585 - INFO - 
****************************************************************************************************
2026-10-01 09:27:22,451 - INFO - --- training epoch 196, loss 0.0071, mae 0.0898, rmse 0.1195, time elapsed(min) 0.03---
2026-10-01 09:27:22,870 - INFO - --- validation at epoch 196, val_loss 0.0066, val_mae 0.0857, val_rmse 0.1184, val_r2 0.8291, val_pearson 0.9114, lr 2.43e-06 ---
2026-10-01 09:27:22,870 - INFO - 
****************************************************************************************************
2026-10-01 09:27:24,831 - INFO - --- training epoch 197, loss 0.0071, mae 0.0895, rmse 0.1190, time elapsed(min) 0.03---
2026-10-01 09:27:25,048 - INFO - --- validation at epoch 197, val_loss 0.0066, val_mae 0.0858, val_rmse 0.1185, val_r2 0.8286, val_pearson 0.9113, lr 2.43e-06 ---
2026-10-01 09:27:25,048 - INFO - 
****************************************************************************************************
2026-10-01 09:27:26,812 - INFO - --- training epoch 198, loss 0.0070, mae 0.0887, rmse 0.1186, time elapsed(min) 0.02---
2026-10-01 09:27:27,036 - INFO - --- validation at epoch 198, val_loss 0.0066, val_mae 0.0859, val_rmse 0.1185, val_r2 0.8288, val_pearson 0.9112, lr 2.43e-06 ---
2026-10-01 09:27:27,036 - INFO - 
****************************************************************************************************
2026-10-01 09:27:28,715 - INFO - --- training epoch 199, loss 0.0071, mae 0.0894, rmse 0.1190, time elapsed(min) 0.02---
2026-10-01 09:27:29,090 - INFO - --- validation at epoch 199, val_loss 0.0066, val_mae 0.0859, val_rmse 0.1184, val_r2 0.8289, val_pearson 0.9112, lr 2.43e-06 ---
2026-10-01 09:27:29,090 - INFO - 
****************************************************************************************************
2026-10-01 09:27:31,024 - INFO - --- training epoch 200, loss 0.0072, mae 0.0897, rmse 0.1203, time elapsed(min) 0.03---
2026-10-01 09:27:31,273 - INFO - --- validation at epoch 200, val_loss 0.0066, val_mae 0.0859, val_rmse 0.1184, val_r2 0.8288, val_pearson 0.9111, lr 2.43e-06 ---
2026-10-01 09:27:31,273 - INFO - 
****************************************************************************************************
2026-10-01 09:27:32,946 - INFO - --- training epoch 201, loss 0.0071, mae 0.0890, rmse 0.1190, time elapsed(min) 0.02---
2026-10-01 09:27:33,170 - INFO - --- validation at epoch 201, val_loss 0.0066, val_mae 0.0857, val_rmse 0.1182, val_r2 0.8295, val_pearson 0.9114, lr 2.43e-06 ---
2026-10-01 09:27:33,170 - INFO - 
****************************************************************************************************
2026-10-01 09:27:34,841 - INFO - --- training epoch 202, loss 0.0072, mae 0.0891, rmse 0.1196, time elapsed(min) 0.02---
2026-10-01 09:27:35,070 - INFO - --- validation at epoch 202, val_loss 0.0066, val_mae 0.0856, val_rmse 0.1182, val_r2 0.8296, val_pearson 0.9115, lr 2.43e-06 ---
2026-10-01 09:27:35,070 - INFO - 
****************************************************************************************************
2026-10-01 09:27:36,862 - INFO - --- training epoch 203, loss 0.0072, mae 0.0897, rmse 0.1199, time elapsed(min) 0.03---
2026-10-01 09:27:37,412 - INFO - --- validation at epoch 203, val_loss 0.0066, val_mae 0.0857, val_rmse 0.1182, val_r2 0.8294, val_pearson 0.9114, lr 2.43e-06 ---
2026-10-01 09:27:37,412 - INFO - 
****************************************************************************************************
2026-10-01 09:27:39,079 - INFO - --- training epoch 204, loss 0.0070, mae 0.0886, rmse 0.1183, time elapsed(min) 0.02---
2026-10-01 09:27:39,302 - INFO - --- validation at epoch 204, val_loss 0.0066, val_mae 0.0856, val_rmse 0.1182, val_r2 0.8296, val_pearson 0.9117, lr 2.43e-06 ---
2026-10-01 09:27:39,302 - INFO - 
****************************************************************************************************
2026-10-01 09:27:41,005 - INFO - --- training epoch 205, loss 0.0072, mae 0.0901, rmse 0.1200, time elapsed(min) 0.02---
2026-10-01 09:27:41,226 - INFO - --- validation at epoch 205, val_loss 0.0066, val_mae 0.0855, val_rmse 0.1181, val_r2 0.8298, val_pearson 0.9116, lr 2.43e-06 ---
2026-10-01 09:27:41,226 - INFO - 
****************************************************************************************************
2026-10-01 09:27:43,017 - INFO - --- training epoch 206, loss 0.0070, mae 0.0879, rmse 0.1180, time elapsed(min) 0.03---
2026-10-01 09:27:43,452 - INFO - --- validation at epoch 206, val_loss 0.0066, val_mae 0.0856, val_rmse 0.1181, val_r2 0.8297, val_pearson 0.9115, lr 1.00e-06 ---
2026-10-01 09:27:43,452 - INFO - 
****************************************************************************************************
2026-10-01 09:27:45,299 - INFO - --- training epoch 207, loss 0.0072, mae 0.0894, rmse 0.1202, time elapsed(min) 0.02---
2026-10-01 09:27:45,520 - INFO - --- validation at epoch 207, val_loss 0.0066, val_mae 0.0857, val_rmse 0.1183, val_r2 0.8293, val_pearson 0.9114, lr 1.00e-06 ---
2026-10-01 09:27:45,520 - INFO - 
****************************************************************************************************
2026-10-01 09:27:47,191 - INFO - --- training epoch 208, loss 0.0069, mae 0.0886, rmse 0.1178, time elapsed(min) 0.02---
2026-10-01 09:27:47,411 - INFO - --- validation at epoch 208, val_loss 0.0066, val_mae 0.0857, val_rmse 0.1183, val_r2 0.8293, val_pearson 0.9113, lr 1.00e-06 ---
2026-10-01 09:27:47,411 - INFO - 
****************************************************************************************************
2026-10-01 09:27:49,101 - INFO - --- training epoch 209, loss 0.0073, mae 0.0894, rmse 0.1205, time elapsed(min) 0.02---
2026-10-01 09:27:49,496 - INFO - --- validation at epoch 209, val_loss 0.0066, val_mae 0.0858, val_rmse 0.1182, val_r2 0.8295, val_pearson 0.9113, lr 1.00e-06 ---
2026-10-01 09:27:49,496 - INFO - 
****************************************************************************************************
2026-10-01 09:27:51,496 - INFO - --- training epoch 210, loss 0.0071, mae 0.0891, rmse 0.1194, time elapsed(min) 0.03---
2026-10-01 09:27:51,713 - INFO - --- validation at epoch 210, val_loss 0.0066, val_mae 0.0857, val_rmse 0.1182, val_r2 0.8296, val_pearson 0.9114, lr 1.00e-06 ---
2026-10-01 09:27:51,713 - INFO - 
****************************************************************************************************
2026-10-01 09:27:53,394 - INFO - --- training epoch 211, loss 0.0071, mae 0.0894, rmse 0.1193, time elapsed(min) 0.02---
2026-10-01 09:27:53,622 - INFO - --- validation at epoch 211, val_loss 0.0066, val_mae 0.0856, val_rmse 0.1181, val_r2 0.8298, val_pearson 0.9116, lr 1.00e-06 ---
2026-10-01 09:27:53,622 - INFO - 
****************************************************************************************************
2026-10-01 09:27:55,285 - INFO - --- training epoch 212, loss 0.0070, mae 0.0885, rmse 0.1187, time elapsed(min) 0.02---
2026-10-01 09:27:55,690 - INFO - --- validation at epoch 212, val_loss 0.0066, val_mae 0.0857, val_rmse 0.1182, val_r2 0.8295, val_pearson 0.9115, lr 1.00e-06 ---
2026-10-01 09:27:55,690 - INFO - 
****************************************************************************************************
2026-10-01 09:27:57,432 - INFO - --- training epoch 213, loss 0.0071, mae 0.0893, rmse 0.1192, time elapsed(min) 0.02---
2026-10-01 09:27:57,872 - INFO - --- validation at epoch 213, val_loss 0.0066, val_mae 0.0857, val_rmse 0.1182, val_r2 0.8296, val_pearson 0.9116, lr 1.00e-06 ---
2026-10-01 09:27:57,872 - INFO - 
****************************************************************************************************
2026-10-01 09:27:59,763 - INFO - --- training epoch 214, loss 0.0071, mae 0.0891, rmse 0.1189, time elapsed(min) 0.02---
2026-10-01 09:27:59,998 - INFO - --- validation at epoch 214, val_loss 0.0066, val_mae 0.0857, val_rmse 0.1183, val_r2 0.8292, val_pearson 0.9114, lr 1.00e-06 ---
2026-10-01 09:27:59,998 - INFO - 
****************************************************************************************************
2026-10-01 09:28:01,667 - INFO - --- training epoch 215, loss 0.0073, mae 0.0896, rmse 0.1209, time elapsed(min) 0.02---
2026-10-01 09:28:01,890 - INFO - --- validation at epoch 215, val_loss 0.0066, val_mae 0.0857, val_rmse 0.1183, val_r2 0.8293, val_pearson 0.9114, lr 1.00e-06 ---
2026-10-01 09:28:01,890 - INFO - 
****************************************************************************************************
2026-10-01 09:28:03,667 - INFO - --- training epoch 216, loss 0.0071, mae 0.0891, rmse 0.1192, time elapsed(min) 0.02---
2026-10-01 09:28:04,092 - INFO - --- validation at epoch 216, val_loss 0.0066, val_mae 0.0857, val_rmse 0.1183, val_r2 0.8293, val_pearson 0.9114, lr 1.00e-06 ---
2026-10-01 09:28:04,092 - INFO - 
****************************************************************************************************
2026-10-01 09:28:05,912 - INFO - --- training epoch 217, loss 0.0071, mae 0.0896, rmse 0.1192, time elapsed(min) 0.02---
2026-10-01 09:28:06,136 - INFO - --- validation at epoch 217, val_loss 0.0066, val_mae 0.0858, val_rmse 0.1183, val_r2 0.8291, val_pearson 0.9113, lr 1.00e-06 ---
2026-10-01 09:28:06,136 - INFO - 
****************************************************************************************************
2026-10-01 09:28:07,933 - INFO - --- training epoch 218, loss 0.0071, mae 0.0893, rmse 0.1194, time elapsed(min) 0.03---
2026-10-01 09:28:08,154 - INFO - --- validation at epoch 218, val_loss 0.0066, val_mae 0.0858, val_rmse 0.1183, val_r2 0.8292, val_pearson 0.9114, lr 1.00e-06 ---
2026-10-01 09:28:08,154 - INFO - 
****************************************************************************************************
2026-10-01 09:28:09,842 - INFO - --- training epoch 219, loss 0.0072, mae 0.0897, rmse 0.1201, time elapsed(min) 0.02---
2026-10-01 09:28:10,234 - INFO - --- validation at epoch 219, val_loss 0.0066, val_mae 0.0858, val_rmse 0.1183, val_r2 0.8292, val_pearson 0.9113, lr 1.00e-06 ---
2026-10-01 09:28:10,234 - INFO - 
****************************************************************************************************
2026-10-01 09:28:12,255 - INFO - --- training epoch 220, loss 0.0070, mae 0.0882, rmse 0.1187, time elapsed(min) 0.03---
2026-10-01 09:28:12,478 - INFO - --- validation at epoch 220, val_loss 0.0066, val_mae 0.0858, val_rmse 0.1183, val_r2 0.8292, val_pearson 0.9113, lr 1.00e-06 ---
2026-10-01 09:28:12,478 - INFO - 
****************************************************************************************************
2026-10-01 09:28:14,150 - INFO - --- training epoch 221, loss 0.0071, mae 0.0893, rmse 0.1195, time elapsed(min) 0.02---
2026-10-01 09:28:14,372 - INFO - --- validation at epoch 221, val_loss 0.0066, val_mae 0.0857, val_rmse 0.1183, val_r2 0.8293, val_pearson 0.9113, lr 1.00e-06 ---
2026-10-01 09:28:14,372 - INFO - 
****************************************************************************************************
2026-10-01 09:28:16,053 - INFO - --- training epoch 222, loss 0.0071, mae 0.0889, rmse 0.1193, time elapsed(min) 0.02---
2026-10-01 09:28:16,423 - INFO - --- validation at epoch 222, val_loss 0.0066, val_mae 0.0858, val_rmse 0.1183, val_r2 0.8292, val_pearson 0.9113, lr 1.00e-06 ---
2026-10-01 09:28:16,423 - INFO - 
****************************************************************************************************
2026-10-01 09:28:18,348 - INFO - --- training epoch 223, loss 0.0071, mae 0.0889, rmse 0.1189, time elapsed(min) 0.03---
2026-10-01 09:28:18,564 - INFO - --- validation at epoch 223, val_loss 0.0066, val_mae 0.0857, val_rmse 0.1182, val_r2 0.8295, val_pearson 0.9115, lr 1.00e-06 ---
2026-10-01 09:28:18,564 - INFO - 
****************************************************************************************************
2026-10-01 09:28:20,249 - INFO - --- training epoch 224, loss 0.0070, mae 0.0885, rmse 0.1183, time elapsed(min) 0.02---
2026-10-01 09:28:20,464 - INFO - --- validation at epoch 224, val_loss 0.0066, val_mae 0.0857, val_rmse 0.1183, val_r2 0.8292, val_pearson 0.9114, lr 1.00e-06 ---
2026-10-01 09:28:20,465 - INFO - 
****************************************************************************************************
2026-10-01 09:28:22,123 - INFO - --- training epoch 225, loss 0.0071, mae 0.0888, rmse 0.1190, time elapsed(min) 0.02---
2026-10-01 09:28:22,349 - INFO - --- validation at epoch 225, val_loss 0.0066, val_mae 0.0857, val_rmse 0.1183, val_r2 0.8294, val_pearson 0.9114, lr 1.00e-06 ---
2026-10-01 09:28:22,349 - INFO - 
****************************************************************************************************
2026-10-01 09:28:24,326 - INFO - --- training epoch 226, loss 0.0072, mae 0.0886, rmse 0.1199, time elapsed(min) 0.03---
2026-10-01 09:28:24,725 - INFO - --- validation at epoch 226, val_loss 0.0066, val_mae 0.0856, val_rmse 0.1183, val_r2 0.8294, val_pearson 0.9114, lr 1.00e-06 ---
2026-10-01 09:28:24,725 - INFO - 
****************************************************************************************************
2026-10-01 09:28:26,543 - INFO - --- training epoch 227, loss 0.0070, mae 0.0888, rmse 0.1187, time elapsed(min) 0.02---
2026-10-01 09:28:26,769 - INFO - --- validation at epoch 227, val_loss 0.0066, val_mae 0.0857, val_rmse 0.1183, val_r2 0.8292, val_pearson 0.9114, lr 1.00e-06 ---
2026-10-01 09:28:26,769 - INFO - 
****************************************************************************************************
2026-10-01 09:28:28,441 - INFO - --- training epoch 228, loss 0.0072, mae 0.0896, rmse 0.1202, time elapsed(min) 0.02---
2026-10-01 09:28:28,700 - INFO - --- validation at epoch 228, val_loss 0.0066, val_mae 0.0855, val_rmse 0.1181, val_r2 0.8299, val_pearson 0.9117, lr 1.00e-06 ---
2026-10-01 09:28:28,700 - INFO - 
****************************************************************************************************
2026-10-01 09:28:30,502 - INFO - --- training epoch 229, loss 0.0072, mae 0.0901, rmse 0.1204, time elapsed(min) 0.03---
2026-10-01 09:28:30,948 - INFO - --- validation at epoch 229, val_loss 0.0066, val_mae 0.0856, val_rmse 0.1182, val_r2 0.8294, val_pearson 0.9116, lr 1.00e-06 ---
2026-10-01 09:28:30,948 - INFO - 
****************************************************************************************************
2026-10-01 09:28:32,755 - INFO - --- training epoch 230, loss 0.0072, mae 0.0898, rmse 0.1201, time elapsed(min) 0.02---
2026-10-01 09:28:32,980 - INFO - --- validation at epoch 230, val_loss 0.0066, val_mae 0.0857, val_rmse 0.1183, val_r2 0.8293, val_pearson 0.9114, lr 1.00e-06 ---
2026-10-01 09:28:32,980 - INFO - 
****************************************************************************************************
2026-10-01 09:28:34,652 - INFO - --- training epoch 231, loss 0.0072, mae 0.0897, rmse 0.1202, time elapsed(min) 0.02---
2026-10-01 09:28:34,874 - INFO - --- validation at epoch 231, val_loss 0.0066, val_mae 0.0856, val_rmse 0.1181, val_r2 0.8299, val_pearson 0.9116, lr 1.00e-06 ---
2026-10-01 09:28:34,874 - INFO - 
****************************************************************************************************
2026-10-01 09:28:36,565 - INFO - --- training epoch 232, loss 0.0071, mae 0.0887, rmse 0.1188, time elapsed(min) 0.02---
2026-10-01 09:28:36,967 - INFO - --- validation at epoch 232, val_loss 0.0066, val_mae 0.0856, val_rmse 0.1181, val_r2 0.8298, val_pearson 0.9116, lr 1.00e-06 ---
2026-10-01 09:28:36,967 - INFO - 
****************************************************************************************************
2026-10-01 09:28:38,882 - INFO - --- training epoch 233, loss 0.0072, mae 0.0896, rmse 0.1196, time elapsed(min) 0.03---
2026-10-01 09:28:39,097 - INFO - --- validation at epoch 233, val_loss 0.0066, val_mae 0.0856, val_rmse 0.1182, val_r2 0.8296, val_pearson 0.9116, lr 1.00e-06 ---
2026-10-01 09:28:39,097 - INFO - 
****************************************************************************************************
2026-10-01 09:28:40,779 - INFO - --- training epoch 234, loss 0.0070, mae 0.0888, rmse 0.1183, time elapsed(min) 0.02---
2026-10-01 09:28:41,003 - INFO - --- validation at epoch 234, val_loss 0.0066, val_mae 0.0855, val_rmse 0.1182, val_r2 0.8297, val_pearson 0.9117, lr 1.00e-06 ---
2026-10-01 09:28:41,003 - INFO - 
****************************************************************************************************
2026-10-01 09:28:42,671 - INFO - --- training epoch 235, loss 0.0072, mae 0.0902, rmse 0.1201, time elapsed(min) 0.02---
2026-10-01 09:28:43,040 - INFO - --- validation at epoch 235, val_loss 0.0066, val_mae 0.0856, val_rmse 0.1182, val_r2 0.8297, val_pearson 0.9116, lr 1.00e-06 ---
2026-10-01 09:28:43,040 - INFO - 
****************************************************************************************************
2026-10-01 09:28:45,076 - INFO - --- training epoch 236, loss 0.0071, mae 0.0884, rmse 0.1188, time elapsed(min) 0.03---
2026-10-01 09:28:45,293 - INFO - --- validation at epoch 236, val_loss 0.0066, val_mae 0.0856, val_rmse 0.1182, val_r2 0.8296, val_pearson 0.9116, lr 1.00e-06 ---
2026-10-01 09:28:45,293 - INFO - 
****************************************************************************************************
2026-10-01 09:28:47,066 - INFO - --- training epoch 237, loss 0.0070, mae 0.0886, rmse 0.1184, time elapsed(min) 0.02---
2026-10-01 09:28:47,283 - INFO - --- validation at epoch 237, val_loss 0.0066, val_mae 0.0857, val_rmse 0.1183, val_r2 0.8293, val_pearson 0.9115, lr 1.00e-06 ---
2026-10-01 09:28:47,283 - INFO - 
****************************************************************************************************
2026-10-01 09:28:48,964 - INFO - --- training epoch 238, loss 0.0072, mae 0.0896, rmse 0.1198, time elapsed(min) 0.02---
2026-10-01 09:28:49,182 - INFO - --- validation at epoch 238, val_loss 0.0066, val_mae 0.0857, val_rmse 0.1183, val_r2 0.8293, val_pearson 0.9115, lr 1.00e-06 ---
2026-10-01 09:28:49,182 - INFO - 
****************************************************************************************************
2026-10-01 09:28:51,019 - INFO - --- training epoch 239, loss 0.0072, mae 0.0897, rmse 0.1197, time elapsed(min) 0.03---
2026-10-01 09:28:51,449 - INFO - --- validation at epoch 239, val_loss 0.0066, val_mae 0.0857, val_rmse 0.1182, val_r2 0.8295, val_pearson 0.9114, lr 1.00e-06 ---
2026-10-01 09:28:51,449 - INFO - 
****************************************************************************************************
2026-10-01 09:28:53,264 - INFO - --- training epoch 240, loss 0.0072, mae 0.0900, rmse 0.1204, time elapsed(min) 0.02---
2026-10-01 09:28:53,533 - INFO - --- validation at epoch 240, val_loss 0.0066, val_mae 0.0858, val_rmse 0.1183, val_r2 0.8292, val_pearson 0.9113, lr 1.00e-06 ---
2026-10-01 09:28:53,533 - INFO - 
****************************************************************************************************
2026-10-01 09:28:55,313 - INFO - --- training epoch 241, loss 0.0071, mae 0.0893, rmse 0.1191, time elapsed(min) 0.02---
2026-10-01 09:28:55,536 - INFO - --- validation at epoch 241, val_loss 0.0066, val_mae 0.0857, val_rmse 0.1182, val_r2 0.8296, val_pearson 0.9115, lr 1.00e-06 ---
2026-10-01 09:28:55,536 - INFO - 
****************************************************************************************************
2026-10-01 09:28:57,287 - INFO - --- training epoch 242, loss 0.0070, mae 0.0892, rmse 0.1185, time elapsed(min) 0.02---
2026-10-01 09:28:57,655 - INFO - --- validation at epoch 242, val_loss 0.0066, val_mae 0.0857, val_rmse 0.1182, val_r2 0.8295, val_pearson 0.9114, lr 1.00e-06 ---
2026-10-01 09:28:57,655 - INFO - 
****************************************************************************************************
2026-10-01 09:28:59,568 - INFO - --- training epoch 243, loss 0.0070, mae 0.0885, rmse 0.1183, time elapsed(min) 0.03---
2026-10-01 09:28:59,797 - INFO - --- validation at epoch 243, val_loss 0.0066, val_mae 0.0857, val_rmse 0.1182, val_r2 0.8295, val_pearson 0.9115, lr 1.00e-06 ---
2026-10-01 09:28:59,797 - INFO - 
****************************************************************************************************
2026-10-01 09:29:01,446 - INFO - --- training epoch 244, loss 0.0070, mae 0.0887, rmse 0.1182, time elapsed(min) 0.02---
2026-10-01 09:29:01,663 - INFO - --- validation at epoch 244, val_loss 0.0066, val_mae 0.0856, val_rmse 0.1181, val_r2 0.8297, val_pearson 0.9115, lr 1.00e-06 ---
2026-10-01 09:29:01,663 - INFO - 
****************************************************************************************************
2026-10-01 09:29:01,946 - INFO - --- early stopping at epoch 244: val_loss did not improve for 50 epochs ---
2026-10-01 09:29:02,197 - INFO - --- selected checkpoint from epoch 194, val_loss 0.0066, val_mae 0.0856, val_rmse 0.1180
2026-10-01 09:29:03,005 - INFO - -- RESULT
2026-10-01 09:29:03,005 - INFO - --- test size: 1728
2026-10-01 09:29:03,005 - INFO - --- MAE: 0.0895 (8.95 pp), RMSE: 0.1210 (12.10 pp), R2: 0.8123, Pearson: 0.9015
2026-10-01 09:29:05,329 - INFO - --- Suzuki-Miyaura | split_5 | current_model: test R2 0.8123 MAE 0.0895 RMSE 0.1210 | 510.1s (2.1s/epoch)
2026-10-01 09:29:05,334 - INFO - --- Suzuki-Miyaura | split_5 | approach 3 (comb/linear) (comb/linear)
