2026-10-01 07:03:44,400 - INFO - device is	cuda:0
2026-10-01 07:03:44,504 - INFO - -- CONFIGURATIONS
2026-10-01 07:03:44,504 - INFO - --- train/valid/test: 3628/404/1728
2026-10-01 07:03:44,504 - INFO - --- max no. reactants_train, valid, test respectively: 14, 14, 14
2026-10-01 07:03:44,504 - INFO - --- max no. products_train, valid, test respectively: 1, 1, 1
2026-10-01 07:03:44,504 - INFO - --- model_path: ../logs/approach2_grid_suzuki/e400/runs/Suzuki-Miyaura_split_1_approach_2/model.pt
2026-10-01 07:03:44,511 - INFO - -- TRAINING
2026-10-01 07:03:45,972 - INFO - --- training epoch 0, loss 0.9169, mae 1.2389, rmse 2.9047, time elapsed(min) 0.02---
2026-10-01 07:03:46,296 - INFO - --- validation at epoch 0, val_loss 0.0419, val_mae 0.2528, val_rmse 0.2863, val_r2 -0.1194, val_pearson 0.2744, lr 1.00e-03 ---
2026-10-01 07:03:46,296 - INFO - 
****************************************************************************************************
2026-10-01 07:03:48,235 - INFO - --- training epoch 1, loss 0.0411, mae 0.2475, rmse 0.2868, time elapsed(min) 0.03---
2026-10-01 07:03:48,448 - INFO - --- validation at epoch 1, val_loss 0.0395, val_mae 0.2439, val_rmse 0.2767, val_r2 -0.0456, val_pearson 0.2843, lr 1.00e-03 ---
2026-10-01 07:03:48,448 - INFO - 
****************************************************************************************************
2026-10-01 07:03:50,227 - INFO - --- training epoch 2, loss 0.0388, mae 0.2418, rmse 0.2784, time elapsed(min) 0.02---
2026-10-01 07:03:50,443 - INFO - --- validation at epoch 2, val_loss 0.0369, val_mae 0.2348, val_rmse 0.2669, val_r2 0.0272, val_pearson 0.2900, lr 1.00e-03 ---
2026-10-01 07:03:50,443 - INFO - 
****************************************************************************************************
2026-10-01 07:03:52,222 - INFO - --- training epoch 3, loss 0.0380, mae 0.2372, rmse 0.2759, time elapsed(min) 0.02---
2026-10-01 07:03:52,437 - INFO - --- validation at epoch 3, val_loss 0.0373, val_mae 0.2381, val_rmse 0.2701, val_r2 0.0039, val_pearson 0.3074, lr 1.00e-03 ---
2026-10-01 07:03:52,438 - INFO - 
****************************************************************************************************
2026-10-01 07:03:54,159 - INFO - --- training epoch 4, loss 0.0376, mae 0.2360, rmse 0.2741, time elapsed(min) 0.02---
2026-10-01 07:03:54,523 - INFO - --- validation at epoch 4, val_loss 0.0344, val_mae 0.2258, val_rmse 0.2587, val_r2 0.0863, val_pearson 0.3395, lr 1.00e-03 ---
2026-10-01 07:03:54,523 - INFO - 
****************************************************************************************************
2026-10-01 07:03:56,496 - INFO - --- training epoch 5, loss 0.0365, mae 0.2315, rmse 0.2703, time elapsed(min) 0.03---
2026-10-01 07:03:56,708 - INFO - --- validation at epoch 5, val_loss 0.0351, val_mae 0.2290, val_rmse 0.2639, val_r2 0.0490, val_pearson 0.3474, lr 1.00e-03 ---
2026-10-01 07:03:56,708 - INFO - 
****************************************************************************************************
2026-10-01 07:03:58,387 - INFO - --- training epoch 6, loss 0.0365, mae 0.2318, rmse 0.2703, time elapsed(min) 0.02---
2026-10-01 07:03:58,602 - INFO - --- validation at epoch 6, val_loss 0.0348, val_mae 0.2284, val_rmse 0.2628, val_r2 0.0565, val_pearson 0.3640, lr 1.00e-03 ---
2026-10-01 07:03:58,603 - INFO - 
****************************************************************************************************
2026-10-01 07:04:00,312 - INFO - --- training epoch 7, loss 0.0346, mae 0.2229, rmse 0.2630, time elapsed(min) 0.02---
2026-10-01 07:04:00,546 - INFO - --- validation at epoch 7, val_loss 0.0286, val_mae 0.2027, val_rmse 0.2428, val_r2 0.1950, val_pearson 0.4522, lr 1.00e-03 ---
2026-10-01 07:04:00,546 - INFO - 
****************************************************************************************************
2026-10-01 07:04:02,520 - INFO - --- training epoch 8, loss 0.0323, mae 0.2102, rmse 0.2540, time elapsed(min) 0.03---
2026-10-01 07:04:02,904 - INFO - --- validation at epoch 8, val_loss 0.0278, val_mae 0.1910, val_rmse 0.2356, val_r2 0.2421, val_pearson 0.4921, lr 1.00e-03 ---
2026-10-01 07:04:02,904 - INFO - 
****************************************************************************************************
2026-10-01 07:04:04,820 - INFO - --- training epoch 9, loss 0.0308, mae 0.2037, rmse 0.2482, time elapsed(min) 0.02---
2026-10-01 07:04:05,033 - INFO - --- validation at epoch 9, val_loss 0.0283, val_mae 0.1903, val_rmse 0.2357, val_r2 0.2410, val_pearson 0.5279, lr 1.00e-03 ---
2026-10-01 07:04:05,033 - INFO - 
****************************************************************************************************
2026-10-01 07:04:06,761 - INFO - --- training epoch 10, loss 0.0306, mae 0.2024, rmse 0.2474, time elapsed(min) 0.02---
2026-10-01 07:04:06,969 - INFO - --- validation at epoch 10, val_loss 0.0296, val_mae 0.1943, val_rmse 0.2425, val_r2 0.1972, val_pearson 0.5244, lr 1.00e-03 ---
2026-10-01 07:04:06,969 - INFO - 
****************************************************************************************************
2026-10-01 07:04:08,687 - INFO - --- training epoch 11, loss 0.0307, mae 0.2032, rmse 0.2478, time elapsed(min) 0.02---
2026-10-01 07:04:09,056 - INFO - --- validation at epoch 11, val_loss 0.0258, val_mae 0.1760, val_rmse 0.2248, val_r2 0.3095, val_pearson 0.5656, lr 1.00e-03 ---
2026-10-01 07:04:09,056 - INFO - 
****************************************************************************************************
2026-10-01 07:04:10,964 - INFO - --- training epoch 12, loss 0.0280, mae 0.1921, rmse 0.2366, time elapsed(min) 0.02---
2026-10-01 07:04:11,178 - INFO - --- validation at epoch 12, val_loss 0.0248, val_mae 0.1811, val_rmse 0.2204, val_r2 0.3365, val_pearson 0.5955, lr 1.00e-03 ---
2026-10-01 07:04:11,178 - INFO - 
****************************************************************************************************
2026-10-01 07:04:13,020 - INFO - --- training epoch 13, loss 0.0274, mae 0.1901, rmse 0.2339, time elapsed(min) 0.02---
2026-10-01 07:04:13,235 - INFO - --- validation at epoch 13, val_loss 0.0239, val_mae 0.1740, val_rmse 0.2152, val_r2 0.3676, val_pearson 0.6205, lr 1.00e-03 ---
2026-10-01 07:04:13,235 - INFO - 
****************************************************************************************************
2026-10-01 07:04:15,099 - INFO - --- training epoch 14, loss 0.0250, mae 0.1814, rmse 0.2236, time elapsed(min) 0.03---
2026-10-01 07:04:15,433 - INFO - --- validation at epoch 14, val_loss 0.0209, val_mae 0.1592, val_rmse 0.1985, val_r2 0.4621, val_pearson 0.6850, lr 1.00e-03 ---
2026-10-01 07:04:15,433 - INFO - 
****************************************************************************************************
2026-10-01 07:04:17,467 - INFO - --- training epoch 15, loss 0.0241, mae 0.1755, rmse 0.2197, time elapsed(min) 0.03---
2026-10-01 07:04:17,679 - INFO - --- validation at epoch 15, val_loss 0.0219, val_mae 0.1643, val_rmse 0.1991, val_r2 0.4584, val_pearson 0.7114, lr 1.00e-03 ---
2026-10-01 07:04:17,679 - INFO - 
****************************************************************************************************
2026-10-01 07:04:19,463 - INFO - --- training epoch 16, loss 0.0208, mae 0.1614, rmse 0.2039, time elapsed(min) 0.03---
2026-10-01 07:04:19,675 - INFO - --- validation at epoch 16, val_loss 0.0186, val_mae 0.1508, val_rmse 0.1840, val_r2 0.5378, val_pearson 0.7452, lr 1.00e-03 ---
2026-10-01 07:04:19,675 - INFO - 
****************************************************************************************************
2026-10-01 07:04:21,502 - INFO - --- training epoch 17, loss 0.0201, mae 0.1575, rmse 0.2005, time elapsed(min) 0.02---
2026-10-01 07:04:21,714 - INFO - --- validation at epoch 17, val_loss 0.0190, val_mae 0.1492, val_rmse 0.1829, val_r2 0.5433, val_pearson 0.7488, lr 1.00e-03 ---
2026-10-01 07:04:21,714 - INFO - 
****************************************************************************************************
2026-10-01 07:04:23,689 - INFO - --- training epoch 18, loss 0.0187, mae 0.1509, rmse 0.1936, time elapsed(min) 0.03---
2026-10-01 07:04:24,080 - INFO - --- validation at epoch 18, val_loss 0.0181, val_mae 0.1487, val_rmse 0.1821, val_r2 0.5469, val_pearson 0.7572, lr 1.00e-03 ---
2026-10-01 07:04:24,080 - INFO - 
****************************************************************************************************
2026-10-01 07:04:26,039 - INFO - --- training epoch 19, loss 0.0186, mae 0.1511, rmse 0.1929, time elapsed(min) 0.02---
2026-10-01 07:04:26,300 - INFO - --- validation at epoch 19, val_loss 0.0175, val_mae 0.1424, val_rmse 0.1767, val_r2 0.5736, val_pearson 0.7689, lr 1.00e-03 ---
2026-10-01 07:04:26,300 - INFO - 
****************************************************************************************************
2026-10-01 07:04:28,154 - INFO - --- training epoch 20, loss 0.0178, mae 0.1468, rmse 0.1889, time elapsed(min) 0.02---
2026-10-01 07:04:28,411 - INFO - --- validation at epoch 20, val_loss 0.0164, val_mae 0.1290, val_rmse 0.1670, val_r2 0.6191, val_pearson 0.7883, lr 1.00e-03 ---
2026-10-01 07:04:28,411 - INFO - 
****************************************************************************************************
2026-10-01 07:04:30,337 - INFO - --- training epoch 21, loss 0.0179, mae 0.1466, rmse 0.1891, time elapsed(min) 0.03---
2026-10-01 07:04:30,680 - INFO - --- validation at epoch 21, val_loss 0.0160, val_mae 0.1347, val_rmse 0.1703, val_r2 0.6039, val_pearson 0.7867, lr 1.00e-03 ---
2026-10-01 07:04:30,680 - INFO - 
****************************************************************************************************
2026-10-01 07:04:32,767 - INFO - --- training epoch 22, loss 0.0169, mae 0.1423, rmse 0.1839, time elapsed(min) 0.03---
2026-10-01 07:04:32,982 - INFO - --- validation at epoch 22, val_loss 0.0157, val_mae 0.1255, val_rmse 0.1649, val_r2 0.6285, val_pearson 0.7945, lr 1.00e-03 ---
2026-10-01 07:04:32,982 - INFO - 
****************************************************************************************************
2026-10-01 07:04:34,769 - INFO - --- training epoch 23, loss 0.0162, mae 0.1392, rmse 0.1802, time elapsed(min) 0.02---
2026-10-01 07:04:34,985 - INFO - --- validation at epoch 23, val_loss 0.0155, val_mae 0.1291, val_rmse 0.1660, val_r2 0.6236, val_pearson 0.7976, lr 1.00e-03 ---
2026-10-01 07:04:34,985 - INFO - 
****************************************************************************************************
2026-10-01 07:04:36,851 - INFO - --- training epoch 24, loss 0.0171, mae 0.1431, rmse 0.1847, time elapsed(min) 0.03---
2026-10-01 07:04:37,180 - INFO - --- validation at epoch 24, val_loss 0.0166, val_mae 0.1312, val_rmse 0.1703, val_r2 0.6040, val_pearson 0.7852, lr 1.00e-03 ---
2026-10-01 07:04:37,181 - INFO - 
****************************************************************************************************
2026-10-01 07:04:39,104 - INFO - --- training epoch 25, loss 0.0170, mae 0.1417, rmse 0.1844, time elapsed(min) 0.03---
2026-10-01 07:04:39,320 - INFO - --- validation at epoch 25, val_loss 0.0154, val_mae 0.1240, val_rmse 0.1632, val_r2 0.6363, val_pearson 0.7991, lr 1.00e-03 ---
2026-10-01 07:04:39,320 - INFO - 
****************************************************************************************************
2026-10-01 07:04:41,128 - INFO - --- training epoch 26, loss 0.0159, mae 0.1368, rmse 0.1782, time elapsed(min) 0.02---
2026-10-01 07:04:41,344 - INFO - --- validation at epoch 26, val_loss 0.0159, val_mae 0.1281, val_rmse 0.1644, val_r2 0.6309, val_pearson 0.7970, lr 1.00e-03 ---
2026-10-01 07:04:41,344 - INFO - 
****************************************************************************************************
2026-10-01 07:04:43,075 - INFO - --- training epoch 27, loss 0.0156, mae 0.1346, rmse 0.1767, time elapsed(min) 0.02---
2026-10-01 07:04:43,403 - INFO - --- validation at epoch 27, val_loss 0.0153, val_mae 0.1229, val_rmse 0.1630, val_r2 0.6371, val_pearson 0.8031, lr 1.00e-03 ---
2026-10-01 07:04:43,403 - INFO - 
****************************************************************************************************
2026-10-01 07:04:45,386 - INFO - --- training epoch 28, loss 0.0154, mae 0.1334, rmse 0.1754, time elapsed(min) 0.03---
2026-10-01 07:04:45,601 - INFO - --- validation at epoch 28, val_loss 0.0156, val_mae 0.1224, val_rmse 0.1647, val_r2 0.6296, val_pearson 0.7998, lr 1.00e-03 ---
2026-10-01 07:04:45,601 - INFO - 
****************************************************************************************************
2026-10-01 07:04:47,320 - INFO - --- training epoch 29, loss 0.0153, mae 0.1337, rmse 0.1751, time elapsed(min) 0.02---
2026-10-01 07:04:47,533 - INFO - --- validation at epoch 29, val_loss 0.0154, val_mae 0.1233, val_rmse 0.1628, val_r2 0.6379, val_pearson 0.8037, lr 1.00e-03 ---
2026-10-01 07:04:47,533 - INFO - 
****************************************************************************************************
2026-10-01 07:04:49,266 - INFO - --- training epoch 30, loss 0.0153, mae 0.1327, rmse 0.1751, time elapsed(min) 0.02---
2026-10-01 07:04:49,480 - INFO - --- validation at epoch 30, val_loss 0.0143, val_mae 0.1240, val_rmse 0.1611, val_r2 0.6455, val_pearson 0.8094, lr 1.00e-03 ---
2026-10-01 07:04:49,480 - INFO - 
****************************************************************************************************
2026-10-01 07:04:51,359 - INFO - --- training epoch 31, loss 0.0147, mae 0.1296, rmse 0.1712, time elapsed(min) 0.03---
2026-10-01 07:04:51,731 - INFO - --- validation at epoch 31, val_loss 0.0143, val_mae 0.1214, val_rmse 0.1595, val_r2 0.6528, val_pearson 0.8099, lr 1.00e-03 ---
2026-10-01 07:04:51,731 - INFO - 
****************************************************************************************************
2026-10-01 07:04:53,560 - INFO - --- training epoch 32, loss 0.0142, mae 0.1274, rmse 0.1686, time elapsed(min) 0.02---
2026-10-01 07:04:53,773 - INFO - --- validation at epoch 32, val_loss 0.0140, val_mae 0.1207, val_rmse 0.1582, val_r2 0.6584, val_pearson 0.8169, lr 1.00e-03 ---
2026-10-01 07:04:53,773 - INFO - 
****************************************************************************************************
2026-10-01 07:04:55,579 - INFO - --- training epoch 33, loss 0.0144, mae 0.1286, rmse 0.1697, time elapsed(min) 0.02---
2026-10-01 07:04:55,793 - INFO - --- validation at epoch 33, val_loss 0.0145, val_mae 0.1212, val_rmse 0.1594, val_r2 0.6529, val_pearson 0.8123, lr 1.00e-03 ---
2026-10-01 07:04:55,793 - INFO - 
****************************************************************************************************
2026-10-01 07:04:57,598 - INFO - --- training epoch 34, loss 0.0142, mae 0.1266, rmse 0.1684, time elapsed(min) 0.03---
2026-10-01 07:04:57,970 - INFO - --- validation at epoch 34, val_loss 0.0138, val_mae 0.1210, val_rmse 0.1595, val_r2 0.6525, val_pearson 0.8113, lr 1.00e-03 ---
2026-10-01 07:04:57,970 - INFO - 
****************************************************************************************************
2026-10-01 07:04:59,881 - INFO - --- training epoch 35, loss 0.0145, mae 0.1277, rmse 0.1703, time elapsed(min) 0.02---
2026-10-01 07:05:00,098 - INFO - --- validation at epoch 35, val_loss 0.0149, val_mae 0.1250, val_rmse 0.1647, val_r2 0.6297, val_pearson 0.8007, lr 1.00e-03 ---
2026-10-01 07:05:00,099 - INFO - 
****************************************************************************************************
2026-10-01 07:05:01,845 - INFO - --- training epoch 36, loss 0.0154, mae 0.1338, rmse 0.1754, time elapsed(min) 0.02---
2026-10-01 07:05:02,059 - INFO - --- validation at epoch 36, val_loss 0.0128, val_mae 0.1187, val_rmse 0.1548, val_r2 0.6725, val_pearson 0.8255, lr 1.00e-03 ---
2026-10-01 07:05:02,059 - INFO - 
****************************************************************************************************
2026-10-01 07:05:03,919 - INFO - --- training epoch 37, loss 0.0143, mae 0.1273, rmse 0.1691, time elapsed(min) 0.02---
2026-10-01 07:05:04,253 - INFO - --- validation at epoch 37, val_loss 0.0129, val_mae 0.1183, val_rmse 0.1552, val_r2 0.6711, val_pearson 0.8270, lr 1.00e-03 ---
2026-10-01 07:05:04,253 - INFO - 
****************************************************************************************************
2026-10-01 07:05:06,244 - INFO - --- training epoch 38, loss 0.0138, mae 0.1255, rmse 0.1662, time elapsed(min) 0.03---
2026-10-01 07:05:06,457 - INFO - --- validation at epoch 38, val_loss 0.0131, val_mae 0.1197, val_rmse 0.1555, val_r2 0.6696, val_pearson 0.8223, lr 1.00e-03 ---
2026-10-01 07:05:06,457 - INFO - 
****************************************************************************************************
2026-10-01 07:05:08,215 - INFO - --- training epoch 39, loss 0.0135, mae 0.1233, rmse 0.1646, time elapsed(min) 0.02---
2026-10-01 07:05:08,428 - INFO - --- validation at epoch 39, val_loss 0.0123, val_mae 0.1125, val_rmse 0.1523, val_r2 0.6834, val_pearson 0.8358, lr 1.00e-03 ---
2026-10-01 07:05:08,428 - INFO - 
****************************************************************************************************
2026-10-01 07:05:10,280 - INFO - --- training epoch 40, loss 0.0130, mae 0.1196, rmse 0.1610, time elapsed(min) 0.02---
2026-10-01 07:05:10,493 - INFO - --- validation at epoch 40, val_loss 0.0114, val_mae 0.1098, val_rmse 0.1458, val_r2 0.7097, val_pearson 0.8486, lr 1.00e-03 ---
2026-10-01 07:05:10,493 - INFO - 
****************************************************************************************************
2026-10-01 07:05:12,374 - INFO - --- training epoch 41, loss 0.0126, mae 0.1179, rmse 0.1591, time elapsed(min) 0.03---
2026-10-01 07:05:12,766 - INFO - --- validation at epoch 41, val_loss 0.0124, val_mae 0.1138, val_rmse 0.1525, val_r2 0.6825, val_pearson 0.8276, lr 1.00e-03 ---
2026-10-01 07:05:12,766 - INFO - 
****************************************************************************************************
2026-10-01 07:05:14,581 - INFO - --- training epoch 42, loss 0.0141, mae 0.1265, rmse 0.1681, time elapsed(min) 0.02---
2026-10-01 07:05:14,800 - INFO - --- validation at epoch 42, val_loss 0.0129, val_mae 0.1123, val_rmse 0.1532, val_r2 0.6793, val_pearson 0.8284, lr 1.00e-03 ---
2026-10-01 07:05:14,800 - INFO - 
****************************************************************************************************
2026-10-01 07:05:16,558 - INFO - --- training epoch 43, loss 0.0133, mae 0.1226, rmse 0.1633, time elapsed(min) 0.02---
2026-10-01 07:05:16,779 - INFO - --- validation at epoch 43, val_loss 0.0121, val_mae 0.1125, val_rmse 0.1475, val_r2 0.7030, val_pearson 0.8399, lr 1.00e-03 ---
2026-10-01 07:05:16,779 - INFO - 
****************************************************************************************************
2026-10-01 07:05:18,540 - INFO - --- training epoch 44, loss 0.0132, mae 0.1212, rmse 0.1625, time elapsed(min) 0.02---
2026-10-01 07:05:18,870 - INFO - --- validation at epoch 44, val_loss 0.0118, val_mae 0.1119, val_rmse 0.1485, val_r2 0.6987, val_pearson 0.8383, lr 1.00e-03 ---
2026-10-01 07:05:18,870 - INFO - 
****************************************************************************************************
2026-10-01 07:05:20,834 - INFO - --- training epoch 45, loss 0.0129, mae 0.1205, rmse 0.1607, time elapsed(min) 0.03---
2026-10-01 07:05:21,049 - INFO - --- validation at epoch 45, val_loss 0.0113, val_mae 0.1085, val_rmse 0.1441, val_r2 0.7165, val_pearson 0.8506, lr 1.00e-03 ---
2026-10-01 07:05:21,049 - INFO - 
****************************************************************************************************
2026-10-01 07:05:22,832 - INFO - --- training epoch 46, loss 0.0125, mae 0.1179, rmse 0.1582, time elapsed(min) 0.02---
2026-10-01 07:05:23,050 - INFO - --- validation at epoch 46, val_loss 0.0113, val_mae 0.1077, val_rmse 0.1437, val_r2 0.7180, val_pearson 0.8495, lr 1.00e-03 ---
2026-10-01 07:05:23,050 - INFO - 
****************************************************************************************************
2026-10-01 07:05:24,941 - INFO - --- training epoch 47, loss 0.0126, mae 0.1185, rmse 0.1585, time elapsed(min) 0.03---
2026-10-01 07:05:25,289 - INFO - --- validation at epoch 47, val_loss 0.0120, val_mae 0.1112, val_rmse 0.1482, val_r2 0.7002, val_pearson 0.8402, lr 1.00e-03 ---
2026-10-01 07:05:25,289 - INFO - 
****************************************************************************************************
2026-10-01 07:05:27,117 - INFO - --- training epoch 48, loss 0.0118, mae 0.1148, rmse 0.1539, time elapsed(min) 0.03---
2026-10-01 07:05:27,608 - INFO - --- validation at epoch 48, val_loss 0.0115, val_mae 0.1071, val_rmse 0.1441, val_r2 0.7163, val_pearson 0.8484, lr 1.00e-03 ---
2026-10-01 07:05:27,608 - INFO - 
****************************************************************************************************
2026-10-01 07:05:29,340 - INFO - --- training epoch 49, loss 0.0121, mae 0.1155, rmse 0.1554, time elapsed(min) 0.02---
2026-10-01 07:05:29,570 - INFO - --- validation at epoch 49, val_loss 0.0119, val_mae 0.1084, val_rmse 0.1454, val_r2 0.7112, val_pearson 0.8441, lr 1.00e-03 ---
2026-10-01 07:05:29,570 - INFO - 
****************************************************************************************************
2026-10-01 07:05:31,349 - INFO - --- training epoch 50, loss 0.0131, mae 0.1218, rmse 0.1616, time elapsed(min) 0.03---
2026-10-01 07:05:31,567 - INFO - --- validation at epoch 50, val_loss 0.0125, val_mae 0.1151, val_rmse 0.1524, val_r2 0.6826, val_pearson 0.8372, lr 1.00e-03 ---
2026-10-01 07:05:31,567 - INFO - 
****************************************************************************************************
2026-10-01 07:05:33,294 - INFO - --- training epoch 51, loss 0.0122, mae 0.1174, rmse 0.1560, time elapsed(min) 0.02---
2026-10-01 07:05:33,658 - INFO - --- validation at epoch 51, val_loss 0.0125, val_mae 0.1160, val_rmse 0.1522, val_r2 0.6838, val_pearson 0.8303, lr 1.00e-03 ---
2026-10-01 07:05:33,658 - INFO - 
****************************************************************************************************
2026-10-01 07:05:35,451 - INFO - --- training epoch 52, loss 0.0123, mae 0.1167, rmse 0.1567, time elapsed(min) 0.02---
2026-10-01 07:05:35,666 - INFO - --- validation at epoch 52, val_loss 0.0123, val_mae 0.1104, val_rmse 0.1477, val_r2 0.7021, val_pearson 0.8429, lr 1.00e-03 ---
2026-10-01 07:05:35,666 - INFO - 
****************************************************************************************************
2026-10-01 07:05:37,426 - INFO - --- training epoch 53, loss 0.0124, mae 0.1173, rmse 0.1573, time elapsed(min) 0.02---
2026-10-01 07:05:37,639 - INFO - --- validation at epoch 53, val_loss 0.0105, val_mae 0.1055, val_rmse 0.1411, val_r2 0.7281, val_pearson 0.8535, lr 1.00e-03 ---
2026-10-01 07:05:37,639 - INFO - 
****************************************************************************************************
2026-10-01 07:05:39,502 - INFO - --- training epoch 54, loss 0.0118, mae 0.1146, rmse 0.1535, time elapsed(min) 0.03---
2026-10-01 07:05:39,838 - INFO - --- validation at epoch 54, val_loss 0.0115, val_mae 0.1097, val_rmse 0.1452, val_r2 0.7122, val_pearson 0.8519, lr 1.00e-03 ---
2026-10-01 07:05:39,838 - INFO - 
****************************************************************************************************
2026-10-01 07:05:41,770 - INFO - --- training epoch 55, loss 0.0121, mae 0.1162, rmse 0.1557, time elapsed(min) 0.03---
2026-10-01 07:05:41,984 - INFO - --- validation at epoch 55, val_loss 0.0138, val_mae 0.1215, val_rmse 0.1600, val_r2 0.6504, val_pearson 0.8320, lr 1.00e-03 ---
2026-10-01 07:05:41,984 - INFO - 
****************************************************************************************************
2026-10-01 07:05:43,718 - INFO - --- training epoch 56, loss 0.0130, mae 0.1209, rmse 0.1615, time elapsed(min) 0.02---
2026-10-01 07:05:43,932 - INFO - --- validation at epoch 56, val_loss 0.0113, val_mae 0.1134, val_rmse 0.1461, val_r2 0.7086, val_pearson 0.8485, lr 1.00e-03 ---
2026-10-01 07:05:43,932 - INFO - 
****************************************************************************************************
2026-10-01 07:05:45,673 - INFO - --- training epoch 57, loss 0.0129, mae 0.1210, rmse 0.1605, time elapsed(min) 0.02---
2026-10-01 07:05:46,000 - INFO - --- validation at epoch 57, val_loss 0.0116, val_mae 0.1139, val_rmse 0.1502, val_r2 0.6917, val_pearson 0.8317, lr 1.00e-03 ---
2026-10-01 07:05:46,000 - INFO - 
****************************************************************************************************
2026-10-01 07:05:47,823 - INFO - --- training epoch 58, loss 0.0118, mae 0.1153, rmse 0.1536, time elapsed(min) 0.03---
2026-10-01 07:05:48,296 - INFO - --- validation at epoch 58, val_loss 0.0116, val_mae 0.1068, val_rmse 0.1446, val_r2 0.7144, val_pearson 0.8466, lr 1.00e-03 ---
2026-10-01 07:05:48,296 - INFO - 
****************************************************************************************************
2026-10-01 07:05:50,089 - INFO - --- training epoch 59, loss 0.0117, mae 0.1150, rmse 0.1527, time elapsed(min) 0.03---
2026-10-01 07:05:50,304 - INFO - --- validation at epoch 59, val_loss 0.0113, val_mae 0.1093, val_rmse 0.1457, val_r2 0.7103, val_pearson 0.8526, lr 1.00e-03 ---
2026-10-01 07:05:50,304 - INFO - 
****************************************************************************************************
2026-10-01 07:05:52,050 - INFO - --- training epoch 60, loss 0.0112, mae 0.1116, rmse 0.1497, time elapsed(min) 0.02---
2026-10-01 07:05:52,311 - INFO - --- validation at epoch 60, val_loss 0.0117, val_mae 0.1112, val_rmse 0.1501, val_r2 0.6923, val_pearson 0.8328, lr 1.00e-03 ---
2026-10-01 07:05:52,312 - INFO - 
****************************************************************************************************
2026-10-01 07:05:54,106 - INFO - --- training epoch 61, loss 0.0119, mae 0.1161, rmse 0.1543, time elapsed(min) 0.03---
2026-10-01 07:05:54,519 - INFO - --- validation at epoch 61, val_loss 0.0122, val_mae 0.1124, val_rmse 0.1497, val_r2 0.6939, val_pearson 0.8474, lr 1.00e-03 ---
2026-10-01 07:05:54,519 - INFO - 
****************************************************************************************************
2026-10-01 07:05:56,509 - INFO - --- training epoch 62, loss 0.0115, mae 0.1136, rmse 0.1515, time elapsed(min) 0.03---
2026-10-01 07:05:56,721 - INFO - --- validation at epoch 62, val_loss 0.0121, val_mae 0.1085, val_rmse 0.1498, val_r2 0.6935, val_pearson 0.8499, lr 1.00e-03 ---
2026-10-01 07:05:56,721 - INFO - 
****************************************************************************************************
2026-10-01 07:05:58,476 - INFO - --- training epoch 63, loss 0.0116, mae 0.1125, rmse 0.1520, time elapsed(min) 0.02---
2026-10-01 07:05:58,694 - INFO - --- validation at epoch 63, val_loss 0.0130, val_mae 0.1118, val_rmse 0.1530, val_r2 0.6802, val_pearson 0.8252, lr 1.00e-03 ---
2026-10-01 07:05:58,694 - INFO - 
****************************************************************************************************
2026-10-01 07:06:00,417 - INFO - --- training epoch 64, loss 0.0112, mae 0.1114, rmse 0.1494, time elapsed(min) 0.02---
2026-10-01 07:06:00,751 - INFO - --- validation at epoch 64, val_loss 0.0110, val_mae 0.1069, val_rmse 0.1437, val_r2 0.7182, val_pearson 0.8502, lr 1.00e-03 ---
2026-10-01 07:06:00,751 - INFO - 
****************************************************************************************************
2026-10-01 07:06:02,688 - INFO - --- training epoch 65, loss 0.0103, mae 0.1055, rmse 0.1434, time elapsed(min) 0.03---
2026-10-01 07:06:02,901 - INFO - --- validation at epoch 65, val_loss 0.0094, val_mae 0.0993, val_rmse 0.1349, val_r2 0.7516, val_pearson 0.8687, lr 3.00e-04 ---
2026-10-01 07:06:02,901 - INFO - 
****************************************************************************************************
2026-10-01 07:06:04,718 - INFO - --- training epoch 66, loss 0.0095, mae 0.1013, rmse 0.1381, time elapsed(min) 0.02---
2026-10-01 07:06:04,930 - INFO - --- validation at epoch 66, val_loss 0.0095, val_mae 0.0983, val_rmse 0.1348, val_r2 0.7519, val_pearson 0.8714, lr 3.00e-04 ---
2026-10-01 07:06:04,930 - INFO - 
****************************************************************************************************
2026-10-01 07:06:06,654 - INFO - --- training epoch 67, loss 0.0093, mae 0.1001, rmse 0.1362, time elapsed(min) 0.02---
2026-10-01 07:06:06,870 - INFO - --- validation at epoch 67, val_loss 0.0096, val_mae 0.0983, val_rmse 0.1352, val_r2 0.7505, val_pearson 0.8708, lr 3.00e-04 ---
2026-10-01 07:06:06,870 - INFO - 
****************************************************************************************************
2026-10-01 07:06:08,693 - INFO - --- training epoch 68, loss 0.0089, mae 0.0989, rmse 0.1334, time elapsed(min) 0.03---
2026-10-01 07:06:09,064 - INFO - --- validation at epoch 68, val_loss 0.0095, val_mae 0.0975, val_rmse 0.1341, val_r2 0.7546, val_pearson 0.8742, lr 3.00e-04 ---
2026-10-01 07:06:09,064 - INFO - 
****************************************************************************************************
2026-10-01 07:06:10,932 - INFO - --- training epoch 69, loss 0.0090, mae 0.0996, rmse 0.1345, time elapsed(min) 0.02---
2026-10-01 07:06:11,167 - INFO - --- validation at epoch 69, val_loss 0.0096, val_mae 0.0971, val_rmse 0.1338, val_r2 0.7557, val_pearson 0.8736, lr 3.00e-04 ---
2026-10-01 07:06:11,167 - INFO - 
****************************************************************************************************
2026-10-01 07:06:12,975 - INFO - --- training epoch 70, loss 0.0091, mae 0.0990, rmse 0.1346, time elapsed(min) 0.03---
2026-10-01 07:06:13,227 - INFO - --- validation at epoch 70, val_loss 0.0096, val_mae 0.0970, val_rmse 0.1334, val_r2 0.7568, val_pearson 0.8762, lr 3.00e-04 ---
2026-10-01 07:06:13,227 - INFO - 
****************************************************************************************************
2026-10-01 07:06:15,186 - INFO - --- training epoch 71, loss 0.0090, mae 0.0989, rmse 0.1344, time elapsed(min) 0.03---
2026-10-01 07:06:15,580 - INFO - --- validation at epoch 71, val_loss 0.0096, val_mae 0.0970, val_rmse 0.1329, val_r2 0.7589, val_pearson 0.8765, lr 3.00e-04 ---
2026-10-01 07:06:15,580 - INFO - 
****************************************************************************************************
2026-10-01 07:06:17,400 - INFO - --- training epoch 72, loss 0.0090, mae 0.0987, rmse 0.1342, time elapsed(min) 0.02---
2026-10-01 07:06:17,636 - INFO - --- validation at epoch 72, val_loss 0.0096, val_mae 0.0962, val_rmse 0.1324, val_r2 0.7606, val_pearson 0.8764, lr 3.00e-04 ---
2026-10-01 07:06:17,636 - INFO - 
****************************************************************************************************
2026-10-01 07:06:19,510 - INFO - --- training epoch 73, loss 0.0091, mae 0.0995, rmse 0.1350, time elapsed(min) 0.03---
2026-10-01 07:06:19,724 - INFO - --- validation at epoch 73, val_loss 0.0106, val_mae 0.0999, val_rmse 0.1386, val_r2 0.7378, val_pearson 0.8688, lr 3.00e-04 ---
2026-10-01 07:06:19,724 - INFO - 
****************************************************************************************************
2026-10-01 07:06:21,489 - INFO - --- training epoch 74, loss 0.0093, mae 0.1004, rmse 0.1361, time elapsed(min) 0.02---
2026-10-01 07:06:21,834 - INFO - --- validation at epoch 74, val_loss 0.0092, val_mae 0.0950, val_rmse 0.1310, val_r2 0.7655, val_pearson 0.8799, lr 3.00e-04 ---
2026-10-01 07:06:21,835 - INFO - 
****************************************************************************************************
2026-10-01 07:06:23,860 - INFO - --- training epoch 75, loss 0.0089, mae 0.0987, rmse 0.1338, time elapsed(min) 0.03---
2026-10-01 07:06:24,077 - INFO - --- validation at epoch 75, val_loss 0.0092, val_mae 0.0946, val_rmse 0.1290, val_r2 0.7726, val_pearson 0.8812, lr 3.00e-04 ---
2026-10-01 07:06:24,077 - INFO - 
****************************************************************************************************
2026-10-01 07:06:25,873 - INFO - --- training epoch 76, loss 0.0089, mae 0.0985, rmse 0.1336, time elapsed(min) 0.02---
2026-10-01 07:06:26,085 - INFO - --- validation at epoch 76, val_loss 0.0101, val_mae 0.0990, val_rmse 0.1347, val_r2 0.7521, val_pearson 0.8708, lr 3.00e-04 ---
2026-10-01 07:06:26,085 - INFO - 
****************************************************************************************************
2026-10-01 07:06:27,818 - INFO - --- training epoch 77, loss 0.0093, mae 0.1004, rmse 0.1365, time elapsed(min) 0.02---
2026-10-01 07:06:28,030 - INFO - --- validation at epoch 77, val_loss 0.0093, val_mae 0.0952, val_rmse 0.1304, val_r2 0.7679, val_pearson 0.8768, lr 3.00e-04 ---
2026-10-01 07:06:28,030 - INFO - 
****************************************************************************************************
2026-10-01 07:06:29,839 - INFO - --- training epoch 78, loss 0.0092, mae 0.0998, rmse 0.1354, time elapsed(min) 0.03---
2026-10-01 07:06:30,203 - INFO - --- validation at epoch 78, val_loss 0.0090, val_mae 0.0937, val_rmse 0.1279, val_r2 0.7767, val_pearson 0.8845, lr 3.00e-04 ---
2026-10-01 07:06:30,203 - INFO - 
****************************************************************************************************
2026-10-01 07:06:32,116 - INFO - --- training epoch 79, loss 0.0091, mae 0.0996, rmse 0.1353, time elapsed(min) 0.02---
2026-10-01 07:06:32,329 - INFO - --- validation at epoch 79, val_loss 0.0088, val_mae 0.0950, val_rmse 0.1288, val_r2 0.7736, val_pearson 0.8800, lr 3.00e-04 ---
2026-10-01 07:06:32,330 - INFO - 
****************************************************************************************************
2026-10-01 07:06:34,295 - INFO - --- training epoch 80, loss 0.0090, mae 0.0989, rmse 0.1344, time elapsed(min) 0.03---
2026-10-01 07:06:34,506 - INFO - --- validation at epoch 80, val_loss 0.0093, val_mae 0.0968, val_rmse 0.1315, val_r2 0.7637, val_pearson 0.8752, lr 3.00e-04 ---
2026-10-01 07:06:34,506 - INFO - 
****************************************************************************************************
2026-10-01 07:06:36,365 - INFO - --- training epoch 81, loss 0.0090, mae 0.0991, rmse 0.1343, time elapsed(min) 0.03---
2026-10-01 07:06:36,738 - INFO - --- validation at epoch 81, val_loss 0.0093, val_mae 0.0941, val_rmse 0.1305, val_r2 0.7675, val_pearson 0.8806, lr 3.00e-04 ---
2026-10-01 07:06:36,738 - INFO - 
****************************************************************************************************
2026-10-01 07:06:38,547 - INFO - --- training epoch 82, loss 0.0090, mae 0.0990, rmse 0.1343, time elapsed(min) 0.02---
2026-10-01 07:06:38,758 - INFO - --- validation at epoch 82, val_loss 0.0095, val_mae 0.0965, val_rmse 0.1320, val_r2 0.7622, val_pearson 0.8772, lr 3.00e-04 ---
2026-10-01 07:06:38,758 - INFO - 
****************************************************************************************************
2026-10-01 07:06:40,467 - INFO - --- training epoch 83, loss 0.0091, mae 0.1000, rmse 0.1352, time elapsed(min) 0.02---
2026-10-01 07:06:40,685 - INFO - --- validation at epoch 83, val_loss 0.0092, val_mae 0.0964, val_rmse 0.1310, val_r2 0.7655, val_pearson 0.8784, lr 3.00e-04 ---
2026-10-01 07:06:40,685 - INFO - 
****************************************************************************************************
2026-10-01 07:06:42,532 - INFO - --- training epoch 84, loss 0.0090, mae 0.0987, rmse 0.1341, time elapsed(min) 0.03---
2026-10-01 07:06:42,878 - INFO - --- validation at epoch 84, val_loss 0.0090, val_mae 0.0943, val_rmse 0.1287, val_r2 0.7739, val_pearson 0.8825, lr 3.00e-04 ---
2026-10-01 07:06:42,878 - INFO - 
****************************************************************************************************
2026-10-01 07:06:44,795 - INFO - --- training epoch 85, loss 0.0088, mae 0.0972, rmse 0.1324, time elapsed(min) 0.03---
2026-10-01 07:06:45,007 - INFO - --- validation at epoch 85, val_loss 0.0091, val_mae 0.0966, val_rmse 0.1312, val_r2 0.7651, val_pearson 0.8778, lr 3.00e-04 ---
2026-10-01 07:06:45,007 - INFO - 
****************************************************************************************************
2026-10-01 07:06:46,736 - INFO - --- training epoch 86, loss 0.0089, mae 0.0980, rmse 0.1332, time elapsed(min) 0.02---
2026-10-01 07:06:46,956 - INFO - --- validation at epoch 86, val_loss 0.0092, val_mae 0.0954, val_rmse 0.1314, val_r2 0.7641, val_pearson 0.8807, lr 3.00e-04 ---
2026-10-01 07:06:46,956 - INFO - 
****************************************************************************************************
2026-10-01 07:06:48,742 - INFO - --- training epoch 87, loss 0.0088, mae 0.0979, rmse 0.1329, time elapsed(min) 0.03---
2026-10-01 07:06:49,068 - INFO - --- validation at epoch 87, val_loss 0.0088, val_mae 0.0939, val_rmse 0.1286, val_r2 0.7743, val_pearson 0.8837, lr 3.00e-04 ---
2026-10-01 07:06:49,068 - INFO - 
****************************************************************************************************
2026-10-01 07:06:51,114 - INFO - --- training epoch 88, loss 0.0089, mae 0.0980, rmse 0.1331, time elapsed(min) 0.03---
2026-10-01 07:06:51,607 - INFO - --- validation at epoch 88, val_loss 0.0094, val_mae 0.0958, val_rmse 0.1325, val_r2 0.7601, val_pearson 0.8794, lr 3.00e-04 ---
2026-10-01 07:06:51,607 - INFO - 
****************************************************************************************************
2026-10-01 07:06:53,447 - INFO - --- training epoch 89, loss 0.0086, mae 0.0958, rmse 0.1309, time elapsed(min) 0.03---
2026-10-01 07:06:53,662 - INFO - --- validation at epoch 89, val_loss 0.0091, val_mae 0.0943, val_rmse 0.1289, val_r2 0.7731, val_pearson 0.8836, lr 3.00e-04 ---
2026-10-01 07:06:53,662 - INFO - 
****************************************************************************************************
2026-10-01 07:06:55,473 - INFO - --- training epoch 90, loss 0.0087, mae 0.0966, rmse 0.1315, time elapsed(min) 0.03---
2026-10-01 07:06:55,687 - INFO - --- validation at epoch 90, val_loss 0.0094, val_mae 0.0954, val_rmse 0.1307, val_r2 0.7669, val_pearson 0.8800, lr 3.00e-04 ---
2026-10-01 07:06:55,687 - INFO - 
****************************************************************************************************
2026-10-01 07:06:57,506 - INFO - --- training epoch 91, loss 0.0089, mae 0.0990, rmse 0.1336, time elapsed(min) 0.03---
2026-10-01 07:06:57,874 - INFO - --- validation at epoch 91, val_loss 0.0092, val_mae 0.0945, val_rmse 0.1309, val_r2 0.7660, val_pearson 0.8819, lr 3.00e-04 ---
2026-10-01 07:06:57,874 - INFO - 
****************************************************************************************************
2026-10-01 07:06:59,674 - INFO - --- training epoch 92, loss 0.0089, mae 0.0974, rmse 0.1335, time elapsed(min) 0.02---
2026-10-01 07:06:59,887 - INFO - --- validation at epoch 92, val_loss 0.0097, val_mae 0.0943, val_rmse 0.1304, val_r2 0.7677, val_pearson 0.8806, lr 3.00e-04 ---
2026-10-01 07:06:59,887 - INFO - 
****************************************************************************************************
2026-10-01 07:07:01,662 - INFO - --- training epoch 93, loss 0.0089, mae 0.0988, rmse 0.1336, time elapsed(min) 0.02---
2026-10-01 07:07:01,874 - INFO - --- validation at epoch 93, val_loss 0.0090, val_mae 0.0952, val_rmse 0.1299, val_r2 0.7694, val_pearson 0.8776, lr 3.00e-04 ---
2026-10-01 07:07:01,874 - INFO - 
****************************************************************************************************
2026-10-01 07:07:03,666 - INFO - --- training epoch 94, loss 0.0087, mae 0.0971, rmse 0.1317, time elapsed(min) 0.03---
2026-10-01 07:07:04,064 - INFO - --- validation at epoch 94, val_loss 0.0089, val_mae 0.0939, val_rmse 0.1277, val_r2 0.7773, val_pearson 0.8821, lr 3.00e-04 ---
2026-10-01 07:07:04,064 - INFO - 
****************************************************************************************************
2026-10-01 07:07:05,973 - INFO - --- training epoch 95, loss 0.0086, mae 0.0973, rmse 0.1314, time elapsed(min) 0.03---
2026-10-01 07:07:06,192 - INFO - --- validation at epoch 95, val_loss 0.0093, val_mae 0.0951, val_rmse 0.1312, val_r2 0.7648, val_pearson 0.8759, lr 3.00e-04 ---
2026-10-01 07:07:06,193 - INFO - 
****************************************************************************************************
2026-10-01 07:07:07,891 - INFO - --- training epoch 96, loss 0.0088, mae 0.0971, rmse 0.1323, time elapsed(min) 0.02---
2026-10-01 07:07:08,110 - INFO - --- validation at epoch 96, val_loss 0.0098, val_mae 0.0957, val_rmse 0.1331, val_r2 0.7581, val_pearson 0.8741, lr 3.00e-04 ---
2026-10-01 07:07:08,110 - INFO - 
****************************************************************************************************
2026-10-01 07:07:09,857 - INFO - --- training epoch 97, loss 0.0088, mae 0.0976, rmse 0.1330, time elapsed(min) 0.02---
2026-10-01 07:07:10,197 - INFO - --- validation at epoch 97, val_loss 0.0092, val_mae 0.0941, val_rmse 0.1301, val_r2 0.7689, val_pearson 0.8782, lr 3.00e-04 ---
2026-10-01 07:07:10,197 - INFO - 
****************************************************************************************************
2026-10-01 07:07:12,108 - INFO - --- training epoch 98, loss 0.0087, mae 0.0975, rmse 0.1315, time elapsed(min) 0.03---
2026-10-01 07:07:12,324 - INFO - --- validation at epoch 98, val_loss 0.0095, val_mae 0.0941, val_rmse 0.1308, val_r2 0.7663, val_pearson 0.8783, lr 3.00e-04 ---
2026-10-01 07:07:12,324 - INFO - 
****************************************************************************************************
2026-10-01 07:07:14,064 - INFO - --- training epoch 99, loss 0.0080, mae 0.0925, rmse 0.1268, time elapsed(min) 0.02---
2026-10-01 07:07:14,280 - INFO - --- validation at epoch 99, val_loss 0.0084, val_mae 0.0919, val_rmse 0.1262, val_r2 0.7825, val_pearson 0.8847, lr 9.00e-05 ---
2026-10-01 07:07:14,280 - INFO - 
****************************************************************************************************
2026-10-01 07:07:16,095 - INFO - --- training epoch 100, loss 0.0080, mae 0.0928, rmse 0.1269, time elapsed(min) 0.02---
2026-10-01 07:07:16,308 - INFO - --- validation at epoch 100, val_loss 0.0085, val_mae 0.0914, val_rmse 0.1263, val_r2 0.7821, val_pearson 0.8845, lr 9.00e-05 ---
2026-10-01 07:07:16,308 - INFO - 
****************************************************************************************************
2026-10-01 07:07:18,093 - INFO - --- training epoch 101, loss 0.0078, mae 0.0909, rmse 0.1250, time elapsed(min) 0.03---
2026-10-01 07:07:18,459 - INFO - --- validation at epoch 101, val_loss 0.0087, val_mae 0.0926, val_rmse 0.1267, val_r2 0.7809, val_pearson 0.8838, lr 9.00e-05 ---
2026-10-01 07:07:18,459 - INFO - 
****************************************************************************************************
2026-10-01 07:07:20,363 - INFO - --- training epoch 102, loss 0.0077, mae 0.0914, rmse 0.1244, time elapsed(min) 0.03---
2026-10-01 07:07:20,618 - INFO - --- validation at epoch 102, val_loss 0.0085, val_mae 0.0913, val_rmse 0.1258, val_r2 0.7837, val_pearson 0.8855, lr 9.00e-05 ---
2026-10-01 07:07:20,618 - INFO - 
****************************************************************************************************
2026-10-01 07:07:22,344 - INFO - --- training epoch 103, loss 0.0078, mae 0.0909, rmse 0.1246, time elapsed(min) 0.02---
2026-10-01 07:07:22,557 - INFO - --- validation at epoch 103, val_loss 0.0085, val_mae 0.0917, val_rmse 0.1259, val_r2 0.7834, val_pearson 0.8854, lr 9.00e-05 ---
2026-10-01 07:07:22,557 - INFO - 
****************************************************************************************************
2026-10-01 07:07:24,391 - INFO - --- training epoch 104, loss 0.0078, mae 0.0911, rmse 0.1246, time elapsed(min) 0.03---
2026-10-01 07:07:24,730 - INFO - --- validation at epoch 104, val_loss 0.0084, val_mae 0.0912, val_rmse 0.1252, val_r2 0.7858, val_pearson 0.8865, lr 9.00e-05 ---
2026-10-01 07:07:24,730 - INFO - 
****************************************************************************************************
2026-10-01 07:07:26,642 - INFO - --- training epoch 105, loss 0.0077, mae 0.0905, rmse 0.1241, time elapsed(min) 0.03---
2026-10-01 07:07:26,853 - INFO - --- validation at epoch 105, val_loss 0.0086, val_mae 0.0921, val_rmse 0.1264, val_r2 0.7817, val_pearson 0.8842, lr 9.00e-05 ---
2026-10-01 07:07:26,853 - INFO - 
****************************************************************************************************
2026-10-01 07:07:28,605 - INFO - --- training epoch 106, loss 0.0077, mae 0.0913, rmse 0.1244, time elapsed(min) 0.02---
2026-10-01 07:07:28,816 - INFO - --- validation at epoch 106, val_loss 0.0086, val_mae 0.0923, val_rmse 0.1265, val_r2 0.7814, val_pearson 0.8842, lr 9.00e-05 ---
2026-10-01 07:07:28,817 - INFO - 
****************************************************************************************************
2026-10-01 07:07:30,545 - INFO - --- training epoch 107, loss 0.0076, mae 0.0900, rmse 0.1232, time elapsed(min) 0.02---
2026-10-01 07:07:30,759 - INFO - --- validation at epoch 107, val_loss 0.0082, val_mae 0.0908, val_rmse 0.1247, val_r2 0.7876, val_pearson 0.8878, lr 9.00e-05 ---
2026-10-01 07:07:30,759 - INFO - 
****************************************************************************************************
2026-10-01 07:07:32,682 - INFO - --- training epoch 108, loss 0.0077, mae 0.0907, rmse 0.1237, time elapsed(min) 0.03---
2026-10-01 07:07:33,050 - INFO - --- validation at epoch 108, val_loss 0.0085, val_mae 0.0914, val_rmse 0.1256, val_r2 0.7844, val_pearson 0.8860, lr 9.00e-05 ---
2026-10-01 07:07:33,050 - INFO - 
****************************************************************************************************
2026-10-01 07:07:34,881 - INFO - --- training epoch 109, loss 0.0077, mae 0.0913, rmse 0.1241, time elapsed(min) 0.02---
2026-10-01 07:07:35,095 - INFO - --- validation at epoch 109, val_loss 0.0086, val_mae 0.0916, val_rmse 0.1262, val_r2 0.7824, val_pearson 0.8853, lr 9.00e-05 ---
2026-10-01 07:07:35,096 - INFO - 
****************************************************************************************************
2026-10-01 07:07:36,854 - INFO - --- training epoch 110, loss 0.0076, mae 0.0901, rmse 0.1235, time elapsed(min) 0.02---
2026-10-01 07:07:37,066 - INFO - --- validation at epoch 110, val_loss 0.0086, val_mae 0.0922, val_rmse 0.1260, val_r2 0.7833, val_pearson 0.8865, lr 9.00e-05 ---
2026-10-01 07:07:37,066 - INFO - 
****************************************************************************************************
2026-10-01 07:07:38,833 - INFO - --- training epoch 111, loss 0.0079, mae 0.0926, rmse 0.1260, time elapsed(min) 0.02---
2026-10-01 07:07:39,188 - INFO - --- validation at epoch 111, val_loss 0.0088, val_mae 0.0917, val_rmse 0.1265, val_r2 0.7815, val_pearson 0.8867, lr 9.00e-05 ---
2026-10-01 07:07:39,189 - INFO - 
****************************************************************************************************
2026-10-01 07:07:41,122 - INFO - --- training epoch 112, loss 0.0077, mae 0.0908, rmse 0.1242, time elapsed(min) 0.03---
2026-10-01 07:07:41,338 - INFO - --- validation at epoch 112, val_loss 0.0085, val_mae 0.0912, val_rmse 0.1260, val_r2 0.7833, val_pearson 0.8876, lr 9.00e-05 ---
2026-10-01 07:07:41,338 - INFO - 
****************************************************************************************************
2026-10-01 07:07:43,037 - INFO - --- training epoch 113, loss 0.0078, mae 0.0920, rmse 0.1251, time elapsed(min) 0.02---
2026-10-01 07:07:43,251 - INFO - --- validation at epoch 113, val_loss 0.0084, val_mae 0.0916, val_rmse 0.1256, val_r2 0.7846, val_pearson 0.8882, lr 9.00e-05 ---
2026-10-01 07:07:43,251 - INFO - 
****************************************************************************************************
2026-10-01 07:07:45,028 - INFO - --- training epoch 114, loss 0.0077, mae 0.0904, rmse 0.1238, time elapsed(min) 0.03---
2026-10-01 07:07:45,242 - INFO - --- validation at epoch 114, val_loss 0.0086, val_mae 0.0923, val_rmse 0.1266, val_r2 0.7810, val_pearson 0.8854, lr 9.00e-05 ---
2026-10-01 07:07:45,242 - INFO - 
****************************************************************************************************
2026-10-01 07:07:47,297 - INFO - --- training epoch 115, loss 0.0075, mae 0.0898, rmse 0.1224, time elapsed(min) 0.03---
2026-10-01 07:07:47,509 - INFO - --- validation at epoch 115, val_loss 0.0087, val_mae 0.0923, val_rmse 0.1271, val_r2 0.7795, val_pearson 0.8864, lr 9.00e-05 ---
2026-10-01 07:07:47,509 - INFO - 
****************************************************************************************************
2026-10-01 07:07:49,286 - INFO - --- training epoch 116, loss 0.0076, mae 0.0904, rmse 0.1234, time elapsed(min) 0.03---
2026-10-01 07:07:49,505 - INFO - --- validation at epoch 116, val_loss 0.0088, val_mae 0.0922, val_rmse 0.1270, val_r2 0.7796, val_pearson 0.8867, lr 9.00e-05 ---
2026-10-01 07:07:49,505 - INFO - 
****************************************************************************************************
2026-10-01 07:07:51,227 - INFO - --- training epoch 117, loss 0.0077, mae 0.0908, rmse 0.1244, time elapsed(min) 0.02---
2026-10-01 07:07:51,441 - INFO - --- validation at epoch 117, val_loss 0.0085, val_mae 0.0921, val_rmse 0.1254, val_r2 0.7851, val_pearson 0.8888, lr 9.00e-05 ---
2026-10-01 07:07:51,441 - INFO - 
****************************************************************************************************
2026-10-01 07:07:53,255 - INFO - --- training epoch 118, loss 0.0077, mae 0.0911, rmse 0.1244, time elapsed(min) 0.03---
2026-10-01 07:07:53,639 - INFO - --- validation at epoch 118, val_loss 0.0089, val_mae 0.0934, val_rmse 0.1275, val_r2 0.7782, val_pearson 0.8843, lr 9.00e-05 ---
2026-10-01 07:07:53,639 - INFO - 
****************************************************************************************************
2026-10-01 07:07:55,493 - INFO - --- training epoch 119, loss 0.0076, mae 0.0897, rmse 0.1231, time elapsed(min) 0.02---
2026-10-01 07:07:55,713 - INFO - --- validation at epoch 119, val_loss 0.0084, val_mae 0.0916, val_rmse 0.1261, val_r2 0.7828, val_pearson 0.8903, lr 2.70e-05 ---
2026-10-01 07:07:55,713 - INFO - 
****************************************************************************************************
2026-10-01 07:07:57,431 - INFO - --- training epoch 120, loss 0.0074, mae 0.0888, rmse 0.1219, time elapsed(min) 0.02---
2026-10-01 07:07:57,647 - INFO - --- validation at epoch 120, val_loss 0.0081, val_mae 0.0900, val_rmse 0.1241, val_r2 0.7897, val_pearson 0.8919, lr 2.70e-05 ---
2026-10-01 07:07:57,647 - INFO - 
****************************************************************************************************
2026-10-01 07:07:59,600 - INFO - --- training epoch 121, loss 0.0073, mae 0.0876, rmse 0.1205, time elapsed(min) 0.03---
2026-10-01 07:07:59,945 - INFO - --- validation at epoch 121, val_loss 0.0080, val_mae 0.0895, val_rmse 0.1235, val_r2 0.7918, val_pearson 0.8922, lr 2.70e-05 ---
2026-10-01 07:07:59,945 - INFO - 
****************************************************************************************************
2026-10-01 07:08:01,943 - INFO - --- training epoch 122, loss 0.0073, mae 0.0881, rmse 0.1205, time elapsed(min) 0.03---
2026-10-01 07:08:02,154 - INFO - --- validation at epoch 122, val_loss 0.0082, val_mae 0.0901, val_rmse 0.1242, val_r2 0.7893, val_pearson 0.8910, lr 2.70e-05 ---
2026-10-01 07:08:02,154 - INFO - 
****************************************************************************************************
2026-10-01 07:08:03,885 - INFO - --- training epoch 123, loss 0.0073, mae 0.0877, rmse 0.1210, time elapsed(min) 0.02---
2026-10-01 07:08:04,098 - INFO - --- validation at epoch 123, val_loss 0.0082, val_mae 0.0901, val_rmse 0.1243, val_r2 0.7889, val_pearson 0.8916, lr 2.70e-05 ---
2026-10-01 07:08:04,098 - INFO - 
****************************************************************************************************
2026-10-01 07:08:05,877 - INFO - --- training epoch 124, loss 0.0074, mae 0.0881, rmse 0.1214, time elapsed(min) 0.03---
2026-10-01 07:08:06,209 - INFO - --- validation at epoch 124, val_loss 0.0082, val_mae 0.0904, val_rmse 0.1247, val_r2 0.7877, val_pearson 0.8910, lr 2.70e-05 ---
2026-10-01 07:08:06,209 - INFO - 
****************************************************************************************************
2026-10-01 07:08:08,292 - INFO - --- training epoch 125, loss 0.0076, mae 0.0889, rmse 0.1229, time elapsed(min) 0.03---
2026-10-01 07:08:08,506 - INFO - --- validation at epoch 125, val_loss 0.0080, val_mae 0.0900, val_rmse 0.1243, val_r2 0.7891, val_pearson 0.8924, lr 2.70e-05 ---
2026-10-01 07:08:08,506 - INFO - 
****************************************************************************************************
2026-10-01 07:08:10,349 - INFO - --- training epoch 126, loss 0.0073, mae 0.0879, rmse 0.1210, time elapsed(min) 0.02---
2026-10-01 07:08:10,565 - INFO - --- validation at epoch 126, val_loss 0.0081, val_mae 0.0900, val_rmse 0.1241, val_r2 0.7898, val_pearson 0.8913, lr 2.70e-05 ---
2026-10-01 07:08:10,565 - INFO - 
****************************************************************************************************
2026-10-01 07:08:12,422 - INFO - --- training epoch 127, loss 0.0075, mae 0.0893, rmse 0.1225, time elapsed(min) 0.03---
2026-10-01 07:08:12,637 - INFO - --- validation at epoch 127, val_loss 0.0081, val_mae 0.0900, val_rmse 0.1240, val_r2 0.7902, val_pearson 0.8914, lr 2.70e-05 ---
2026-10-01 07:08:12,637 - INFO - 
****************************************************************************************************
2026-10-01 07:08:14,449 - INFO - --- training epoch 128, loss 0.0072, mae 0.0874, rmse 0.1203, time elapsed(min) 0.03---
2026-10-01 07:08:14,815 - INFO - --- validation at epoch 128, val_loss 0.0081, val_mae 0.0897, val_rmse 0.1237, val_r2 0.7909, val_pearson 0.8919, lr 2.70e-05 ---
2026-10-01 07:08:14,815 - INFO - 
****************************************************************************************************
2026-10-01 07:08:16,808 - INFO - --- training epoch 129, loss 0.0072, mae 0.0872, rmse 0.1201, time elapsed(min) 0.03---
2026-10-01 07:08:17,022 - INFO - --- validation at epoch 129, val_loss 0.0080, val_mae 0.0899, val_rmse 0.1236, val_r2 0.7912, val_pearson 0.8914, lr 2.70e-05 ---
2026-10-01 07:08:17,022 - INFO - 
****************************************************************************************************
2026-10-01 07:08:18,756 - INFO - --- training epoch 130, loss 0.0072, mae 0.0872, rmse 0.1203, time elapsed(min) 0.02---
2026-10-01 07:08:18,969 - INFO - --- validation at epoch 130, val_loss 0.0082, val_mae 0.0903, val_rmse 0.1240, val_r2 0.7901, val_pearson 0.8913, lr 2.70e-05 ---
2026-10-01 07:08:18,969 - INFO - 
****************************************************************************************************
2026-10-01 07:08:20,772 - INFO - --- training epoch 131, loss 0.0073, mae 0.0875, rmse 0.1204, time elapsed(min) 0.03---
2026-10-01 07:08:21,162 - INFO - --- validation at epoch 131, val_loss 0.0081, val_mae 0.0899, val_rmse 0.1235, val_r2 0.7918, val_pearson 0.8912, lr 2.70e-05 ---
2026-10-01 07:08:21,162 - INFO - 
****************************************************************************************************
2026-10-01 07:08:22,986 - INFO - --- training epoch 132, loss 0.0072, mae 0.0883, rmse 0.1204, time elapsed(min) 0.02---
2026-10-01 07:08:23,206 - INFO - --- validation at epoch 132, val_loss 0.0083, val_mae 0.0908, val_rmse 0.1247, val_r2 0.7876, val_pearson 0.8903, lr 2.70e-05 ---
2026-10-01 07:08:23,206 - INFO - 
****************************************************************************************************
2026-10-01 07:08:25,055 - INFO - --- training epoch 133, loss 0.0073, mae 0.0879, rmse 0.1208, time elapsed(min) 0.03---
2026-10-01 07:08:25,270 - INFO - --- validation at epoch 133, val_loss 0.0080, val_mae 0.0896, val_rmse 0.1231, val_r2 0.7929, val_pearson 0.8920, lr 2.70e-05 ---
2026-10-01 07:08:25,271 - INFO - 
****************************************************************************************************
2026-10-01 07:08:27,096 - INFO - --- training epoch 134, loss 0.0072, mae 0.0873, rmse 0.1202, time elapsed(min) 0.02---
2026-10-01 07:08:27,437 - INFO - --- validation at epoch 134, val_loss 0.0079, val_mae 0.0895, val_rmse 0.1232, val_r2 0.7928, val_pearson 0.8930, lr 2.70e-05 ---
2026-10-01 07:08:27,437 - INFO - 
****************************************************************************************************
2026-10-01 07:08:29,457 - INFO - --- training epoch 135, loss 0.0072, mae 0.0870, rmse 0.1201, time elapsed(min) 0.03---
2026-10-01 07:08:29,673 - INFO - --- validation at epoch 135, val_loss 0.0081, val_mae 0.0902, val_rmse 0.1239, val_r2 0.7904, val_pearson 0.8911, lr 2.70e-05 ---
2026-10-01 07:08:29,673 - INFO - 
****************************************************************************************************
2026-10-01 07:08:31,395 - INFO - --- training epoch 136, loss 0.0072, mae 0.0876, rmse 0.1203, time elapsed(min) 0.02---
2026-10-01 07:08:31,610 - INFO - --- validation at epoch 136, val_loss 0.0081, val_mae 0.0901, val_rmse 0.1240, val_r2 0.7899, val_pearson 0.8905, lr 2.70e-05 ---
2026-10-01 07:08:31,610 - INFO - 
****************************************************************************************************
2026-10-01 07:08:33,350 - INFO - --- training epoch 137, loss 0.0072, mae 0.0866, rmse 0.1200, time elapsed(min) 0.02---
2026-10-01 07:08:33,691 - INFO - --- validation at epoch 137, val_loss 0.0080, val_mae 0.0896, val_rmse 0.1233, val_r2 0.7922, val_pearson 0.8917, lr 2.70e-05 ---
2026-10-01 07:08:33,691 - INFO - 
****************************************************************************************************
2026-10-01 07:08:35,614 - INFO - --- training epoch 138, loss 0.0072, mae 0.0870, rmse 0.1200, time elapsed(min) 0.03---
2026-10-01 07:08:35,828 - INFO - --- validation at epoch 138, val_loss 0.0081, val_mae 0.0901, val_rmse 0.1238, val_r2 0.7905, val_pearson 0.8908, lr 2.70e-05 ---
2026-10-01 07:08:35,829 - INFO - 
****************************************************************************************************
2026-10-01 07:08:37,597 - INFO - --- training epoch 139, loss 0.0074, mae 0.0881, rmse 0.1213, time elapsed(min) 0.02---
2026-10-01 07:08:37,816 - INFO - --- validation at epoch 139, val_loss 0.0080, val_mae 0.0897, val_rmse 0.1235, val_r2 0.7917, val_pearson 0.8913, lr 2.70e-05 ---
2026-10-01 07:08:37,816 - INFO - 
****************************************************************************************************
2026-10-01 07:08:39,570 - INFO - --- training epoch 140, loss 0.0072, mae 0.0872, rmse 0.1196, time elapsed(min) 0.02---
2026-10-01 07:08:39,787 - INFO - --- validation at epoch 140, val_loss 0.0082, val_mae 0.0901, val_rmse 0.1240, val_r2 0.7901, val_pearson 0.8915, lr 2.70e-05 ---
2026-10-01 07:08:39,787 - INFO - 
****************************************************************************************************
2026-10-01 07:08:41,569 - INFO - --- training epoch 141, loss 0.0074, mae 0.0882, rmse 0.1216, time elapsed(min) 0.03---
2026-10-01 07:08:41,936 - INFO - --- validation at epoch 141, val_loss 0.0079, val_mae 0.0891, val_rmse 0.1225, val_r2 0.7950, val_pearson 0.8929, lr 2.70e-05 ---
2026-10-01 07:08:41,936 - INFO - 
****************************************************************************************************
2026-10-01 07:08:43,732 - INFO - --- training epoch 142, loss 0.0072, mae 0.0869, rmse 0.1198, time elapsed(min) 0.02---
2026-10-01 07:08:43,944 - INFO - --- validation at epoch 142, val_loss 0.0080, val_mae 0.0893, val_rmse 0.1230, val_r2 0.7935, val_pearson 0.8928, lr 2.70e-05 ---
2026-10-01 07:08:43,944 - INFO - 
****************************************************************************************************
2026-10-01 07:08:45,689 - INFO - --- training epoch 143, loss 0.0072, mae 0.0871, rmse 0.1202, time elapsed(min) 0.02---
2026-10-01 07:08:45,949 - INFO - --- validation at epoch 143, val_loss 0.0081, val_mae 0.0899, val_rmse 0.1235, val_r2 0.7917, val_pearson 0.8916, lr 2.70e-05 ---
2026-10-01 07:08:45,949 - INFO - 
****************************************************************************************************
2026-10-01 07:08:47,678 - INFO - --- training epoch 144, loss 0.0072, mae 0.0870, rmse 0.1200, time elapsed(min) 0.02---
2026-10-01 07:08:48,019 - INFO - --- validation at epoch 144, val_loss 0.0081, val_mae 0.0898, val_rmse 0.1238, val_r2 0.7907, val_pearson 0.8925, lr 2.70e-05 ---
2026-10-01 07:08:48,019 - INFO - 
****************************************************************************************************
2026-10-01 07:08:49,986 - INFO - --- training epoch 145, loss 0.0070, mae 0.0859, rmse 0.1187, time elapsed(min) 0.03---
2026-10-01 07:08:50,200 - INFO - --- validation at epoch 145, val_loss 0.0080, val_mae 0.0891, val_rmse 0.1227, val_r2 0.7942, val_pearson 0.8931, lr 2.70e-05 ---
2026-10-01 07:08:50,200 - INFO - 
****************************************************************************************************
2026-10-01 07:08:51,900 - INFO - --- training epoch 146, loss 0.0073, mae 0.0878, rmse 0.1204, time elapsed(min) 0.02---
2026-10-01 07:08:52,114 - INFO - --- validation at epoch 146, val_loss 0.0078, val_mae 0.0887, val_rmse 0.1221, val_r2 0.7963, val_pearson 0.8946, lr 8.10e-06 ---
2026-10-01 07:08:52,114 - INFO - 
****************************************************************************************************
2026-10-01 07:08:53,987 - INFO - --- training epoch 147, loss 0.0071, mae 0.0869, rmse 0.1193, time elapsed(min) 0.02---
2026-10-01 07:08:54,336 - INFO - --- validation at epoch 147, val_loss 0.0078, val_mae 0.0886, val_rmse 0.1219, val_r2 0.7969, val_pearson 0.8945, lr 8.10e-06 ---
2026-10-01 07:08:54,336 - INFO - 
****************************************************************************************************
2026-10-01 07:08:56,240 - INFO - --- training epoch 148, loss 0.0071, mae 0.0867, rmse 0.1193, time elapsed(min) 0.03---
2026-10-01 07:08:56,632 - INFO - --- validation at epoch 148, val_loss 0.0078, val_mae 0.0884, val_rmse 0.1218, val_r2 0.7975, val_pearson 0.8947, lr 8.10e-06 ---
2026-10-01 07:08:56,632 - INFO - 
****************************************************************************************************
2026-10-01 07:08:58,537 - INFO - --- training epoch 149, loss 0.0070, mae 0.0864, rmse 0.1186, time elapsed(min) 0.02---
2026-10-01 07:08:58,753 - INFO - --- validation at epoch 149, val_loss 0.0078, val_mae 0.0886, val_rmse 0.1220, val_r2 0.7966, val_pearson 0.8947, lr 8.10e-06 ---
2026-10-01 07:08:58,753 - INFO - 
****************************************************************************************************
2026-10-01 07:09:00,598 - INFO - --- training epoch 150, loss 0.0071, mae 0.0868, rmse 0.1191, time elapsed(min) 0.03---
2026-10-01 07:09:00,816 - INFO - --- validation at epoch 150, val_loss 0.0077, val_mae 0.0881, val_rmse 0.1215, val_r2 0.7985, val_pearson 0.8949, lr 8.10e-06 ---
2026-10-01 07:09:00,816 - INFO - 
****************************************************************************************************
2026-10-01 07:09:02,710 - INFO - --- training epoch 151, loss 0.0071, mae 0.0872, rmse 0.1194, time elapsed(min) 0.03---
2026-10-01 07:09:03,100 - INFO - --- validation at epoch 151, val_loss 0.0077, val_mae 0.0881, val_rmse 0.1215, val_r2 0.7985, val_pearson 0.8951, lr 8.10e-06 ---
2026-10-01 07:09:03,100 - INFO - 
****************************************************************************************************
2026-10-01 07:09:05,112 - INFO - --- training epoch 152, loss 0.0071, mae 0.0872, rmse 0.1193, time elapsed(min) 0.02---
2026-10-01 07:09:05,331 - INFO - --- validation at epoch 152, val_loss 0.0077, val_mae 0.0882, val_rmse 0.1214, val_r2 0.7986, val_pearson 0.8952, lr 8.10e-06 ---
2026-10-01 07:09:05,331 - INFO - 
****************************************************************************************************
2026-10-01 07:09:07,198 - INFO - --- training epoch 153, loss 0.0070, mae 0.0865, rmse 0.1186, time elapsed(min) 0.03---
2026-10-01 07:09:07,410 - INFO - --- validation at epoch 153, val_loss 0.0078, val_mae 0.0885, val_rmse 0.1220, val_r2 0.7968, val_pearson 0.8945, lr 8.10e-06 ---
2026-10-01 07:09:07,410 - INFO - 
****************************************************************************************************
2026-10-01 07:09:09,166 - INFO - --- training epoch 154, loss 0.0070, mae 0.0863, rmse 0.1185, time elapsed(min) 0.02---
2026-10-01 07:09:09,507 - INFO - --- validation at epoch 154, val_loss 0.0078, val_mae 0.0885, val_rmse 0.1218, val_r2 0.7974, val_pearson 0.8943, lr 8.10e-06 ---
2026-10-01 07:09:09,507 - INFO - 
****************************************************************************************************
2026-10-01 07:09:11,436 - INFO - --- training epoch 155, loss 0.0069, mae 0.0856, rmse 0.1175, time elapsed(min) 0.03---
2026-10-01 07:09:11,649 - INFO - --- validation at epoch 155, val_loss 0.0078, val_mae 0.0884, val_rmse 0.1219, val_r2 0.7972, val_pearson 0.8944, lr 8.10e-06 ---
2026-10-01 07:09:11,649 - INFO - 
****************************************************************************************************
2026-10-01 07:09:13,398 - INFO - --- training epoch 156, loss 0.0071, mae 0.0866, rmse 0.1195, time elapsed(min) 0.02---
2026-10-01 07:09:13,615 - INFO - --- validation at epoch 156, val_loss 0.0078, val_mae 0.0883, val_rmse 0.1218, val_r2 0.7973, val_pearson 0.8948, lr 8.10e-06 ---
2026-10-01 07:09:13,615 - INFO - 
****************************************************************************************************
2026-10-01 07:09:15,324 - INFO - --- training epoch 157, loss 0.0070, mae 0.0860, rmse 0.1184, time elapsed(min) 0.02---
2026-10-01 07:09:15,562 - INFO - --- validation at epoch 157, val_loss 0.0078, val_mae 0.0883, val_rmse 0.1216, val_r2 0.7979, val_pearson 0.8949, lr 8.10e-06 ---
2026-10-01 07:09:15,562 - INFO - 
****************************************************************************************************
2026-10-01 07:09:17,380 - INFO - --- training epoch 158, loss 0.0071, mae 0.0867, rmse 0.1189, time elapsed(min) 0.03---
2026-10-01 07:09:17,745 - INFO - --- validation at epoch 158, val_loss 0.0078, val_mae 0.0883, val_rmse 0.1217, val_r2 0.7978, val_pearson 0.8947, lr 8.10e-06 ---
2026-10-01 07:09:17,745 - INFO - 
****************************************************************************************************
2026-10-01 07:09:19,624 - INFO - --- training epoch 159, loss 0.0072, mae 0.0878, rmse 0.1201, time elapsed(min) 0.03---
2026-10-01 07:09:19,837 - INFO - --- validation at epoch 159, val_loss 0.0078, val_mae 0.0882, val_rmse 0.1219, val_r2 0.7971, val_pearson 0.8947, lr 8.10e-06 ---
2026-10-01 07:09:19,838 - INFO - 
****************************************************************************************************
2026-10-01 07:09:21,558 - INFO - --- training epoch 160, loss 0.0073, mae 0.0874, rmse 0.1206, time elapsed(min) 0.02---
2026-10-01 07:09:21,775 - INFO - --- validation at epoch 160, val_loss 0.0078, val_mae 0.0882, val_rmse 0.1218, val_r2 0.7975, val_pearson 0.8950, lr 8.10e-06 ---
2026-10-01 07:09:21,775 - INFO - 
****************************************************************************************************
2026-10-01 07:09:23,600 - INFO - --- training epoch 161, loss 0.0070, mae 0.0867, rmse 0.1185, time elapsed(min) 0.03---
2026-10-01 07:09:23,968 - INFO - --- validation at epoch 161, val_loss 0.0078, val_mae 0.0884, val_rmse 0.1219, val_r2 0.7972, val_pearson 0.8945, lr 8.10e-06 ---
2026-10-01 07:09:23,968 - INFO - 
****************************************************************************************************
2026-10-01 07:09:25,944 - INFO - --- training epoch 162, loss 0.0070, mae 0.0866, rmse 0.1187, time elapsed(min) 0.03---
2026-10-01 07:09:26,171 - INFO - --- validation at epoch 162, val_loss 0.0078, val_mae 0.0885, val_rmse 0.1219, val_r2 0.7971, val_pearson 0.8946, lr 8.10e-06 ---
2026-10-01 07:09:26,171 - INFO - 
****************************************************************************************************
2026-10-01 07:09:27,901 - INFO - --- training epoch 163, loss 0.0070, mae 0.0864, rmse 0.1183, time elapsed(min) 0.02---
2026-10-01 07:09:28,112 - INFO - --- validation at epoch 163, val_loss 0.0077, val_mae 0.0882, val_rmse 0.1214, val_r2 0.7987, val_pearson 0.8947, lr 2.43e-06 ---
2026-10-01 07:09:28,113 - INFO - 
****************************************************************************************************
2026-10-01 07:09:29,973 - INFO - --- training epoch 164, loss 0.0071, mae 0.0869, rmse 0.1189, time elapsed(min) 0.02---
2026-10-01 07:09:30,317 - INFO - --- validation at epoch 164, val_loss 0.0077, val_mae 0.0882, val_rmse 0.1214, val_r2 0.7987, val_pearson 0.8947, lr 2.43e-06 ---
2026-10-01 07:09:30,317 - INFO - 
****************************************************************************************************
2026-10-01 07:09:32,357 - INFO - --- training epoch 165, loss 0.0070, mae 0.0856, rmse 0.1182, time elapsed(min) 0.03---
2026-10-01 07:09:32,571 - INFO - --- validation at epoch 165, val_loss 0.0077, val_mae 0.0881, val_rmse 0.1214, val_r2 0.7988, val_pearson 0.8948, lr 2.43e-06 ---
2026-10-01 07:09:32,571 - INFO - 
****************************************************************************************************
2026-10-01 07:09:34,377 - INFO - --- training epoch 166, loss 0.0071, mae 0.0871, rmse 0.1192, time elapsed(min) 0.02---
2026-10-01 07:09:34,593 - INFO - --- validation at epoch 166, val_loss 0.0077, val_mae 0.0881, val_rmse 0.1213, val_r2 0.7991, val_pearson 0.8948, lr 2.43e-06 ---
2026-10-01 07:09:34,593 - INFO - 
****************************************************************************************************
2026-10-01 07:09:36,505 - INFO - --- training epoch 167, loss 0.0070, mae 0.0860, rmse 0.1180, time elapsed(min) 0.03---
2026-10-01 07:09:36,833 - INFO - --- validation at epoch 167, val_loss 0.0077, val_mae 0.0881, val_rmse 0.1212, val_r2 0.7993, val_pearson 0.8949, lr 2.43e-06 ---
2026-10-01 07:09:36,833 - INFO - 
****************************************************************************************************
2026-10-01 07:09:38,721 - INFO - --- training epoch 168, loss 0.0069, mae 0.0860, rmse 0.1176, time elapsed(min) 0.03---
2026-10-01 07:09:39,242 - INFO - --- validation at epoch 168, val_loss 0.0077, val_mae 0.0881, val_rmse 0.1213, val_r2 0.7991, val_pearson 0.8948, lr 2.43e-06 ---
2026-10-01 07:09:39,242 - INFO - 
****************************************************************************************************
2026-10-01 07:09:40,955 - INFO - --- training epoch 169, loss 0.0069, mae 0.0853, rmse 0.1174, time elapsed(min) 0.02---
2026-10-01 07:09:41,168 - INFO - --- validation at epoch 169, val_loss 0.0077, val_mae 0.0882, val_rmse 0.1214, val_r2 0.7987, val_pearson 0.8945, lr 2.43e-06 ---
2026-10-01 07:09:41,168 - INFO - 
****************************************************************************************************
2026-10-01 07:09:42,996 - INFO - --- training epoch 170, loss 0.0069, mae 0.0849, rmse 0.1172, time elapsed(min) 0.03---
2026-10-01 07:09:43,325 - INFO - --- validation at epoch 170, val_loss 0.0077, val_mae 0.0882, val_rmse 0.1214, val_r2 0.7987, val_pearson 0.8947, lr 2.43e-06 ---
2026-10-01 07:09:43,325 - INFO - 
****************************************************************************************************
2026-10-01 07:09:45,138 - INFO - --- training epoch 171, loss 0.0070, mae 0.0859, rmse 0.1180, time elapsed(min) 0.03---
2026-10-01 07:09:45,508 - INFO - --- validation at epoch 171, val_loss 0.0077, val_mae 0.0881, val_rmse 0.1212, val_r2 0.7994, val_pearson 0.8950, lr 2.43e-06 ---
2026-10-01 07:09:45,508 - INFO - 
****************************************************************************************************
2026-10-01 07:09:47,401 - INFO - --- training epoch 172, loss 0.0068, mae 0.0853, rmse 0.1170, time elapsed(min) 0.03---
2026-10-01 07:09:47,612 - INFO - --- validation at epoch 172, val_loss 0.0077, val_mae 0.0881, val_rmse 0.1212, val_r2 0.7994, val_pearson 0.8950, lr 2.43e-06 ---
2026-10-01 07:09:47,612 - INFO - 
****************************************************************************************************
2026-10-01 07:09:49,360 - INFO - --- training epoch 173, loss 0.0071, mae 0.0863, rmse 0.1192, time elapsed(min) 0.02---
2026-10-01 07:09:49,576 - INFO - --- validation at epoch 173, val_loss 0.0077, val_mae 0.0881, val_rmse 0.1212, val_r2 0.7993, val_pearson 0.8949, lr 2.43e-06 ---
2026-10-01 07:09:49,577 - INFO - 
****************************************************************************************************
2026-10-01 07:09:51,462 - INFO - --- training epoch 174, loss 0.0069, mae 0.0860, rmse 0.1171, time elapsed(min) 0.03---
2026-10-01 07:09:51,850 - INFO - --- validation at epoch 174, val_loss 0.0077, val_mae 0.0880, val_rmse 0.1212, val_r2 0.7994, val_pearson 0.8952, lr 2.43e-06 ---
2026-10-01 07:09:51,850 - INFO - 
****************************************************************************************************
2026-10-01 07:09:53,704 - INFO - --- training epoch 175, loss 0.0070, mae 0.0866, rmse 0.1181, time elapsed(min) 0.02---
2026-10-01 07:09:53,921 - INFO - --- validation at epoch 175, val_loss 0.0077, val_mae 0.0880, val_rmse 0.1212, val_r2 0.7994, val_pearson 0.8951, lr 2.43e-06 ---
2026-10-01 07:09:53,922 - INFO - 
****************************************************************************************************
2026-10-01 07:09:55,780 - INFO - --- training epoch 176, loss 0.0071, mae 0.0867, rmse 0.1192, time elapsed(min) 0.03---
2026-10-01 07:09:56,000 - INFO - --- validation at epoch 176, val_loss 0.0077, val_mae 0.0881, val_rmse 0.1212, val_r2 0.7992, val_pearson 0.8950, lr 2.43e-06 ---
2026-10-01 07:09:56,000 - INFO - 
****************************************************************************************************
2026-10-01 07:09:57,787 - INFO - --- training epoch 177, loss 0.0069, mae 0.0856, rmse 0.1173, time elapsed(min) 0.03---
2026-10-01 07:09:58,131 - INFO - --- validation at epoch 177, val_loss 0.0077, val_mae 0.0882, val_rmse 0.1212, val_r2 0.7995, val_pearson 0.8948, lr 2.43e-06 ---
2026-10-01 07:09:58,131 - INFO - 
****************************************************************************************************
2026-10-01 07:10:00,062 - INFO - --- training epoch 178, loss 0.0070, mae 0.0860, rmse 0.1182, time elapsed(min) 0.03---
2026-10-01 07:10:00,277 - INFO - --- validation at epoch 178, val_loss 0.0077, val_mae 0.0881, val_rmse 0.1213, val_r2 0.7990, val_pearson 0.8950, lr 2.43e-06 ---
2026-10-01 07:10:00,277 - INFO - 
****************************************************************************************************
2026-10-01 07:10:02,046 - INFO - --- training epoch 179, loss 0.0069, mae 0.0855, rmse 0.1176, time elapsed(min) 0.02---
2026-10-01 07:10:02,257 - INFO - --- validation at epoch 179, val_loss 0.0077, val_mae 0.0881, val_rmse 0.1212, val_r2 0.7995, val_pearson 0.8950, lr 1.00e-06 ---
2026-10-01 07:10:02,257 - INFO - 
****************************************************************************************************
2026-10-01 07:10:03,984 - INFO - --- training epoch 180, loss 0.0069, mae 0.0858, rmse 0.1178, time elapsed(min) 0.02---
2026-10-01 07:10:04,198 - INFO - --- validation at epoch 180, val_loss 0.0077, val_mae 0.0880, val_rmse 0.1211, val_r2 0.7996, val_pearson 0.8950, lr 1.00e-06 ---
2026-10-01 07:10:04,198 - INFO - 
****************************************************************************************************
2026-10-01 07:10:06,026 - INFO - --- training epoch 181, loss 0.0068, mae 0.0845, rmse 0.1170, time elapsed(min) 0.03---
2026-10-01 07:10:06,414 - INFO - --- validation at epoch 181, val_loss 0.0077, val_mae 0.0881, val_rmse 0.1212, val_r2 0.7995, val_pearson 0.8949, lr 1.00e-06 ---
2026-10-01 07:10:06,414 - INFO - 
****************************************************************************************************
2026-10-01 07:10:08,282 - INFO - --- training epoch 182, loss 0.0070, mae 0.0860, rmse 0.1182, time elapsed(min) 0.02---
2026-10-01 07:10:08,496 - INFO - --- validation at epoch 182, val_loss 0.0077, val_mae 0.0881, val_rmse 0.1212, val_r2 0.7994, val_pearson 0.8948, lr 1.00e-06 ---
2026-10-01 07:10:08,496 - INFO - 
****************************************************************************************************
2026-10-01 07:10:10,328 - INFO - --- training epoch 183, loss 0.0069, mae 0.0855, rmse 0.1173, time elapsed(min) 0.03---
2026-10-01 07:10:10,541 - INFO - --- validation at epoch 183, val_loss 0.0077, val_mae 0.0880, val_rmse 0.1212, val_r2 0.7993, val_pearson 0.8950, lr 1.00e-06 ---
2026-10-01 07:10:10,541 - INFO - 
****************************************************************************************************
2026-10-01 07:10:12,305 - INFO - --- training epoch 184, loss 0.0069, mae 0.0864, rmse 0.1178, time elapsed(min) 0.02---
2026-10-01 07:10:12,652 - INFO - --- validation at epoch 184, val_loss 0.0077, val_mae 0.0880, val_rmse 0.1212, val_r2 0.7992, val_pearson 0.8950, lr 1.00e-06 ---
2026-10-01 07:10:12,652 - INFO - 
****************************************************************************************************
2026-10-01 07:10:14,624 - INFO - --- training epoch 185, loss 0.0070, mae 0.0863, rmse 0.1182, time elapsed(min) 0.03---
2026-10-01 07:10:14,838 - INFO - --- validation at epoch 185, val_loss 0.0077, val_mae 0.0880, val_rmse 0.1212, val_r2 0.7994, val_pearson 0.8949, lr 1.00e-06 ---
2026-10-01 07:10:14,838 - INFO - 
****************************************************************************************************
2026-10-01 07:10:16,593 - INFO - --- training epoch 186, loss 0.0070, mae 0.0862, rmse 0.1183, time elapsed(min) 0.02---
2026-10-01 07:10:16,828 - INFO - --- validation at epoch 186, val_loss 0.0077, val_mae 0.0879, val_rmse 0.1211, val_r2 0.7996, val_pearson 0.8951, lr 1.00e-06 ---
2026-10-01 07:10:16,828 - INFO - 
****************************************************************************************************
2026-10-01 07:10:18,780 - INFO - --- training epoch 187, loss 0.0071, mae 0.0869, rmse 0.1192, time elapsed(min) 0.03---
2026-10-01 07:10:19,109 - INFO - --- validation at epoch 187, val_loss 0.0077, val_mae 0.0880, val_rmse 0.1211, val_r2 0.7998, val_pearson 0.8950, lr 1.00e-06 ---
2026-10-01 07:10:19,109 - INFO - 
****************************************************************************************************
2026-10-01 07:10:21,142 - INFO - --- training epoch 188, loss 0.0071, mae 0.0868, rmse 0.1190, time elapsed(min) 0.03---
2026-10-01 07:10:21,358 - INFO - --- validation at epoch 188, val_loss 0.0077, val_mae 0.0880, val_rmse 0.1211, val_r2 0.7997, val_pearson 0.8950, lr 1.00e-06 ---
2026-10-01 07:10:21,358 - INFO - 
****************************************************************************************************
2026-10-01 07:10:23,062 - INFO - --- training epoch 189, loss 0.0069, mae 0.0856, rmse 0.1176, time elapsed(min) 0.02---
2026-10-01 07:10:23,274 - INFO - --- validation at epoch 189, val_loss 0.0077, val_mae 0.0880, val_rmse 0.1212, val_r2 0.7992, val_pearson 0.8949, lr 1.00e-06 ---
2026-10-01 07:10:23,274 - INFO - 
****************************************************************************************************
2026-10-01 07:10:24,973 - INFO - --- training epoch 190, loss 0.0069, mae 0.0854, rmse 0.1175, time elapsed(min) 0.02---
2026-10-01 07:10:25,190 - INFO - --- validation at epoch 190, val_loss 0.0077, val_mae 0.0880, val_rmse 0.1213, val_r2 0.7992, val_pearson 0.8949, lr 1.00e-06 ---
2026-10-01 07:10:25,190 - INFO - 
****************************************************************************************************
2026-10-01 07:10:27,083 - INFO - --- training epoch 191, loss 0.0070, mae 0.0859, rmse 0.1179, time elapsed(min) 0.03---
2026-10-01 07:10:27,472 - INFO - --- validation at epoch 191, val_loss 0.0077, val_mae 0.0880, val_rmse 0.1211, val_r2 0.7996, val_pearson 0.8949, lr 1.00e-06 ---
2026-10-01 07:10:27,472 - INFO - 
****************************************************************************************************
2026-10-01 07:10:29,351 - INFO - --- training epoch 192, loss 0.0071, mae 0.0865, rmse 0.1193, time elapsed(min) 0.02---
2026-10-01 07:10:29,565 - INFO - --- validation at epoch 192, val_loss 0.0077, val_mae 0.0880, val_rmse 0.1211, val_r2 0.7997, val_pearson 0.8949, lr 1.00e-06 ---
2026-10-01 07:10:29,566 - INFO - 
****************************************************************************************************
2026-10-01 07:10:31,309 - INFO - --- training epoch 193, loss 0.0068, mae 0.0854, rmse 0.1167, time elapsed(min) 0.02---
2026-10-01 07:10:31,525 - INFO - --- validation at epoch 193, val_loss 0.0077, val_mae 0.0880, val_rmse 0.1211, val_r2 0.7997, val_pearson 0.8950, lr 1.00e-06 ---
2026-10-01 07:10:31,525 - INFO - 
****************************************************************************************************
2026-10-01 07:10:33,498 - INFO - --- training epoch 194, loss 0.0069, mae 0.0859, rmse 0.1176, time elapsed(min) 0.03---
2026-10-01 07:10:33,881 - INFO - --- validation at epoch 194, val_loss 0.0077, val_mae 0.0879, val_rmse 0.1211, val_r2 0.7997, val_pearson 0.8951, lr 1.00e-06 ---
2026-10-01 07:10:33,881 - INFO - 
****************************************************************************************************
2026-10-01 07:10:35,787 - INFO - --- training epoch 195, loss 0.0071, mae 0.0864, rmse 0.1191, time elapsed(min) 0.02---
2026-10-01 07:10:36,002 - INFO - --- validation at epoch 195, val_loss 0.0077, val_mae 0.0879, val_rmse 0.1210, val_r2 0.7999, val_pearson 0.8951, lr 1.00e-06 ---
2026-10-01 07:10:36,002 - INFO - 
****************************************************************************************************
2026-10-01 07:10:37,959 - INFO - --- training epoch 196, loss 0.0070, mae 0.0863, rmse 0.1185, time elapsed(min) 0.03---
2026-10-01 07:10:38,173 - INFO - --- validation at epoch 196, val_loss 0.0077, val_mae 0.0879, val_rmse 0.1211, val_r2 0.7998, val_pearson 0.8950, lr 1.00e-06 ---
2026-10-01 07:10:38,173 - INFO - 
****************************************************************************************************
2026-10-01 07:10:39,890 - INFO - --- training epoch 197, loss 0.0070, mae 0.0870, rmse 0.1185, time elapsed(min) 0.02---
2026-10-01 07:10:40,218 - INFO - --- validation at epoch 197, val_loss 0.0077, val_mae 0.0879, val_rmse 0.1211, val_r2 0.7997, val_pearson 0.8951, lr 1.00e-06 ---
2026-10-01 07:10:40,218 - INFO - 
****************************************************************************************************
2026-10-01 07:10:42,175 - INFO - --- training epoch 198, loss 0.0069, mae 0.0858, rmse 0.1175, time elapsed(min) 0.03---
2026-10-01 07:10:42,386 - INFO - --- validation at epoch 198, val_loss 0.0077, val_mae 0.0880, val_rmse 0.1212, val_r2 0.7993, val_pearson 0.8951, lr 1.00e-06 ---
2026-10-01 07:10:42,386 - INFO - 
****************************************************************************************************
2026-10-01 07:10:44,116 - INFO - --- training epoch 199, loss 0.0070, mae 0.0860, rmse 0.1183, time elapsed(min) 0.02---
2026-10-01 07:10:44,329 - INFO - --- validation at epoch 199, val_loss 0.0077, val_mae 0.0880, val_rmse 0.1212, val_r2 0.7994, val_pearson 0.8949, lr 1.00e-06 ---
2026-10-01 07:10:44,329 - INFO - 
****************************************************************************************************
2026-10-01 07:10:46,099 - INFO - --- training epoch 200, loss 0.0070, mae 0.0862, rmse 0.1184, time elapsed(min) 0.02---
2026-10-01 07:10:46,424 - INFO - --- validation at epoch 200, val_loss 0.0077, val_mae 0.0880, val_rmse 0.1212, val_r2 0.7993, val_pearson 0.8949, lr 1.00e-06 ---
2026-10-01 07:10:46,424 - INFO - 
****************************************************************************************************
2026-10-01 07:10:48,244 - INFO - --- training epoch 201, loss 0.0069, mae 0.0855, rmse 0.1177, time elapsed(min) 0.03---
2026-10-01 07:10:48,626 - INFO - --- validation at epoch 201, val_loss 0.0077, val_mae 0.0881, val_rmse 0.1213, val_r2 0.7992, val_pearson 0.8949, lr 1.00e-06 ---
2026-10-01 07:10:48,626 - INFO - 
****************************************************************************************************
2026-10-01 07:10:50,613 - INFO - --- training epoch 202, loss 0.0070, mae 0.0864, rmse 0.1181, time elapsed(min) 0.03---
2026-10-01 07:10:50,842 - INFO - --- validation at epoch 202, val_loss 0.0077, val_mae 0.0881, val_rmse 0.1213, val_r2 0.7991, val_pearson 0.8948, lr 1.00e-06 ---
2026-10-01 07:10:50,842 - INFO - 
****************************************************************************************************
2026-10-01 07:10:52,576 - INFO - --- training epoch 203, loss 0.0071, mae 0.0867, rmse 0.1193, time elapsed(min) 0.02---
2026-10-01 07:10:52,790 - INFO - --- validation at epoch 203, val_loss 0.0077, val_mae 0.0880, val_rmse 0.1212, val_r2 0.7993, val_pearson 0.8950, lr 1.00e-06 ---
2026-10-01 07:10:52,790 - INFO - 
****************************************************************************************************
2026-10-01 07:10:54,650 - INFO - --- training epoch 204, loss 0.0070, mae 0.0858, rmse 0.1180, time elapsed(min) 0.03---
2026-10-01 07:10:55,031 - INFO - --- validation at epoch 204, val_loss 0.0077, val_mae 0.0880, val_rmse 0.1212, val_r2 0.7994, val_pearson 0.8949, lr 1.00e-06 ---
2026-10-01 07:10:55,031 - INFO - 
****************************************************************************************************
2026-10-01 07:10:56,908 - INFO - --- training epoch 205, loss 0.0069, mae 0.0859, rmse 0.1179, time elapsed(min) 0.02---
2026-10-01 07:10:57,126 - INFO - --- validation at epoch 205, val_loss 0.0077, val_mae 0.0880, val_rmse 0.1212, val_r2 0.7993, val_pearson 0.8948, lr 1.00e-06 ---
2026-10-01 07:10:57,126 - INFO - 
****************************************************************************************************
2026-10-01 07:10:58,938 - INFO - --- training epoch 206, loss 0.0069, mae 0.0855, rmse 0.1174, time elapsed(min) 0.03---
2026-10-01 07:10:59,167 - INFO - --- validation at epoch 206, val_loss 0.0077, val_mae 0.0881, val_rmse 0.1213, val_r2 0.7992, val_pearson 0.8948, lr 1.00e-06 ---
2026-10-01 07:10:59,167 - INFO - 
****************************************************************************************************
2026-10-01 07:11:00,979 - INFO - --- training epoch 207, loss 0.0071, mae 0.0867, rmse 0.1191, time elapsed(min) 0.03---
2026-10-01 07:11:01,346 - INFO - --- validation at epoch 207, val_loss 0.0077, val_mae 0.0880, val_rmse 0.1212, val_r2 0.7993, val_pearson 0.8949, lr 1.00e-06 ---
2026-10-01 07:11:01,347 - INFO - 
****************************************************************************************************
2026-10-01 07:11:03,266 - INFO - --- training epoch 208, loss 0.0070, mae 0.0870, rmse 0.1184, time elapsed(min) 0.03---
2026-10-01 07:11:03,477 - INFO - --- validation at epoch 208, val_loss 0.0077, val_mae 0.0880, val_rmse 0.1213, val_r2 0.7991, val_pearson 0.8949, lr 1.00e-06 ---
2026-10-01 07:11:03,477 - INFO - 
****************************************************************************************************
2026-10-01 07:11:05,184 - INFO - --- training epoch 209, loss 0.0070, mae 0.0862, rmse 0.1184, time elapsed(min) 0.02---
2026-10-01 07:11:05,397 - INFO - --- validation at epoch 209, val_loss 0.0077, val_mae 0.0880, val_rmse 0.1212, val_r2 0.7994, val_pearson 0.8949, lr 1.00e-06 ---
2026-10-01 07:11:05,397 - INFO - 
****************************************************************************************************
2026-10-01 07:11:07,129 - INFO - --- training epoch 210, loss 0.0070, mae 0.0857, rmse 0.1181, time elapsed(min) 0.02---
2026-10-01 07:11:07,460 - INFO - --- validation at epoch 210, val_loss 0.0077, val_mae 0.0880, val_rmse 0.1213, val_r2 0.7990, val_pearson 0.8949, lr 1.00e-06 ---
2026-10-01 07:11:07,460 - INFO - 
****************************************************************************************************
2026-10-01 07:11:09,407 - INFO - --- training epoch 211, loss 0.0070, mae 0.0859, rmse 0.1183, time elapsed(min) 0.03---
2026-10-01 07:11:09,628 - INFO - --- validation at epoch 211, val_loss 0.0077, val_mae 0.0881, val_rmse 0.1213, val_r2 0.7990, val_pearson 0.8948, lr 1.00e-06 ---
2026-10-01 07:11:09,628 - INFO - 
****************************************************************************************************
2026-10-01 07:11:11,430 - INFO - --- training epoch 212, loss 0.0070, mae 0.0855, rmse 0.1182, time elapsed(min) 0.03---
2026-10-01 07:11:11,650 - INFO - --- validation at epoch 212, val_loss 0.0077, val_mae 0.0882, val_rmse 0.1214, val_r2 0.7987, val_pearson 0.8946, lr 1.00e-06 ---
2026-10-01 07:11:11,650 - INFO - 
****************************************************************************************************
2026-10-01 07:11:13,458 - INFO - --- training epoch 213, loss 0.0070, mae 0.0859, rmse 0.1187, time elapsed(min) 0.03---
2026-10-01 07:11:13,673 - INFO - --- validation at epoch 213, val_loss 0.0077, val_mae 0.0881, val_rmse 0.1213, val_r2 0.7990, val_pearson 0.8947, lr 1.00e-06 ---
2026-10-01 07:11:13,673 - INFO - 
****************************************************************************************************
2026-10-01 07:11:15,492 - INFO - --- training epoch 214, loss 0.0070, mae 0.0863, rmse 0.1185, time elapsed(min) 0.03---
2026-10-01 07:11:15,878 - INFO - --- validation at epoch 214, val_loss 0.0077, val_mae 0.0881, val_rmse 0.1213, val_r2 0.7992, val_pearson 0.8948, lr 1.00e-06 ---
2026-10-01 07:11:15,878 - INFO - 
****************************************************************************************************
2026-10-01 07:11:17,724 - INFO - --- training epoch 215, loss 0.0069, mae 0.0856, rmse 0.1176, time elapsed(min) 0.02---
2026-10-01 07:11:17,937 - INFO - --- validation at epoch 215, val_loss 0.0077, val_mae 0.0880, val_rmse 0.1213, val_r2 0.7992, val_pearson 0.8947, lr 1.00e-06 ---
2026-10-01 07:11:17,937 - INFO - 
****************************************************************************************************
2026-10-01 07:11:19,712 - INFO - --- training epoch 216, loss 0.0070, mae 0.0862, rmse 0.1180, time elapsed(min) 0.02---
2026-10-01 07:11:19,926 - INFO - --- validation at epoch 216, val_loss 0.0077, val_mae 0.0880, val_rmse 0.1211, val_r2 0.7996, val_pearson 0.8949, lr 1.00e-06 ---
2026-10-01 07:11:19,926 - INFO - 
****************************************************************************************************
2026-10-01 07:11:21,714 - INFO - --- training epoch 217, loss 0.0071, mae 0.0865, rmse 0.1188, time elapsed(min) 0.03---
2026-10-01 07:11:22,045 - INFO - --- validation at epoch 217, val_loss 0.0077, val_mae 0.0880, val_rmse 0.1212, val_r2 0.7995, val_pearson 0.8948, lr 1.00e-06 ---
2026-10-01 07:11:22,045 - INFO - 
****************************************************************************************************
2026-10-01 07:11:23,990 - INFO - --- training epoch 218, loss 0.0070, mae 0.0856, rmse 0.1183, time elapsed(min) 0.03---
2026-10-01 07:11:24,207 - INFO - --- validation at epoch 218, val_loss 0.0077, val_mae 0.0880, val_rmse 0.1212, val_r2 0.7995, val_pearson 0.8948, lr 1.00e-06 ---
2026-10-01 07:11:24,207 - INFO - 
****************************************************************************************************
2026-10-01 07:11:25,912 - INFO - --- training epoch 219, loss 0.0071, mae 0.0866, rmse 0.1189, time elapsed(min) 0.02---
2026-10-01 07:11:26,123 - INFO - --- validation at epoch 219, val_loss 0.0077, val_mae 0.0881, val_rmse 0.1212, val_r2 0.7994, val_pearson 0.8948, lr 1.00e-06 ---
2026-10-01 07:11:26,123 - INFO - 
****************************************************************************************************
2026-10-01 07:11:27,891 - INFO - --- training epoch 220, loss 0.0070, mae 0.0853, rmse 0.1180, time elapsed(min) 0.02---
2026-10-01 07:11:28,230 - INFO - --- validation at epoch 220, val_loss 0.0077, val_mae 0.0881, val_rmse 0.1213, val_r2 0.7989, val_pearson 0.8947, lr 1.00e-06 ---
2026-10-01 07:11:28,230 - INFO - 
****************************************************************************************************
2026-10-01 07:11:30,262 - INFO - --- training epoch 221, loss 0.0071, mae 0.0868, rmse 0.1188, time elapsed(min) 0.03---
2026-10-01 07:11:30,517 - INFO - --- validation at epoch 221, val_loss 0.0077, val_mae 0.0881, val_rmse 0.1213, val_r2 0.7991, val_pearson 0.8947, lr 1.00e-06 ---
2026-10-01 07:11:30,517 - INFO - 
****************************************************************************************************
2026-10-01 07:11:32,232 - INFO - --- training epoch 222, loss 0.0068, mae 0.0848, rmse 0.1167, time elapsed(min) 0.02---
2026-10-01 07:11:32,446 - INFO - --- validation at epoch 222, val_loss 0.0077, val_mae 0.0881, val_rmse 0.1213, val_r2 0.7990, val_pearson 0.8947, lr 1.00e-06 ---
2026-10-01 07:11:32,447 - INFO - 
****************************************************************************************************
2026-10-01 07:11:34,171 - INFO - --- training epoch 223, loss 0.0070, mae 0.0857, rmse 0.1180, time elapsed(min) 0.02---
2026-10-01 07:11:34,512 - INFO - --- validation at epoch 223, val_loss 0.0077, val_mae 0.0881, val_rmse 0.1213, val_r2 0.7990, val_pearson 0.8948, lr 1.00e-06 ---
2026-10-01 07:11:34,512 - INFO - 
****************************************************************************************************
2026-10-01 07:11:36,435 - INFO - --- training epoch 224, loss 0.0070, mae 0.0862, rmse 0.1185, time elapsed(min) 0.03---
2026-10-01 07:11:36,646 - INFO - --- validation at epoch 224, val_loss 0.0077, val_mae 0.0881, val_rmse 0.1213, val_r2 0.7989, val_pearson 0.8947, lr 1.00e-06 ---
2026-10-01 07:11:36,646 - INFO - 
****************************************************************************************************
2026-10-01 07:11:38,418 - INFO - --- training epoch 225, loss 0.0071, mae 0.0859, rmse 0.1190, time elapsed(min) 0.02---
2026-10-01 07:11:38,629 - INFO - --- validation at epoch 225, val_loss 0.0077, val_mae 0.0881, val_rmse 0.1214, val_r2 0.7989, val_pearson 0.8947, lr 1.00e-06 ---
2026-10-01 07:11:38,629 - INFO - 
****************************************************************************************************
2026-10-01 07:11:40,367 - INFO - --- training epoch 226, loss 0.0070, mae 0.0861, rmse 0.1181, time elapsed(min) 0.02---
2026-10-01 07:11:40,581 - INFO - --- validation at epoch 226, val_loss 0.0077, val_mae 0.0881, val_rmse 0.1213, val_r2 0.7990, val_pearson 0.8946, lr 1.00e-06 ---
2026-10-01 07:11:40,581 - INFO - 
****************************************************************************************************
2026-10-01 07:11:42,384 - INFO - --- training epoch 227, loss 0.0070, mae 0.0861, rmse 0.1183, time elapsed(min) 0.03---
2026-10-01 07:11:42,753 - INFO - --- validation at epoch 227, val_loss 0.0077, val_mae 0.0882, val_rmse 0.1214, val_r2 0.7987, val_pearson 0.8944, lr 1.00e-06 ---
2026-10-01 07:11:42,753 - INFO - 
****************************************************************************************************
2026-10-01 07:11:44,633 - INFO - --- training epoch 228, loss 0.0069, mae 0.0856, rmse 0.1178, time elapsed(min) 0.02---
2026-10-01 07:11:44,848 - INFO - --- validation at epoch 228, val_loss 0.0077, val_mae 0.0881, val_rmse 0.1214, val_r2 0.7987, val_pearson 0.8946, lr 1.00e-06 ---
2026-10-01 07:11:44,848 - INFO - 
****************************************************************************************************
2026-10-01 07:11:46,603 - INFO - --- training epoch 229, loss 0.0069, mae 0.0853, rmse 0.1173, time elapsed(min) 0.02---
2026-10-01 07:11:46,818 - INFO - --- validation at epoch 229, val_loss 0.0077, val_mae 0.0881, val_rmse 0.1214, val_r2 0.7987, val_pearson 0.8947, lr 1.00e-06 ---
2026-10-01 07:11:46,818 - INFO - 
****************************************************************************************************
2026-10-01 07:11:48,537 - INFO - --- training epoch 230, loss 0.0071, mae 0.0867, rmse 0.1189, time elapsed(min) 0.02---
2026-10-01 07:11:48,870 - INFO - --- validation at epoch 230, val_loss 0.0077, val_mae 0.0881, val_rmse 0.1214, val_r2 0.7988, val_pearson 0.8946, lr 1.00e-06 ---
2026-10-01 07:11:48,870 - INFO - 
****************************************************************************************************
2026-10-01 07:11:50,687 - INFO - --- training epoch 231, loss 0.0069, mae 0.0861, rmse 0.1177, time elapsed(min) 0.03---
2026-10-01 07:11:51,178 - INFO - --- validation at epoch 231, val_loss 0.0077, val_mae 0.0881, val_rmse 0.1214, val_r2 0.7988, val_pearson 0.8947, lr 1.00e-06 ---
2026-10-01 07:11:51,178 - INFO - 
****************************************************************************************************
2026-10-01 07:11:53,047 - INFO - --- training epoch 232, loss 0.0068, mae 0.0854, rmse 0.1167, time elapsed(min) 0.03---
2026-10-01 07:11:53,260 - INFO - --- validation at epoch 232, val_loss 0.0077, val_mae 0.0880, val_rmse 0.1212, val_r2 0.7995, val_pearson 0.8948, lr 1.00e-06 ---
2026-10-01 07:11:53,261 - INFO - 
****************************************************************************************************
2026-10-01 07:11:55,031 - INFO - --- training epoch 233, loss 0.0071, mae 0.0864, rmse 0.1188, time elapsed(min) 0.02---
2026-10-01 07:11:55,243 - INFO - --- validation at epoch 233, val_loss 0.0077, val_mae 0.0880, val_rmse 0.1212, val_r2 0.7993, val_pearson 0.8950, lr 1.00e-06 ---
2026-10-01 07:11:55,243 - INFO - 
****************************************************************************************************
2026-10-01 07:11:57,066 - INFO - --- training epoch 234, loss 0.0070, mae 0.0862, rmse 0.1181, time elapsed(min) 0.03---
2026-10-01 07:11:57,435 - INFO - --- validation at epoch 234, val_loss 0.0077, val_mae 0.0879, val_rmse 0.1212, val_r2 0.7995, val_pearson 0.8951, lr 1.00e-06 ---
2026-10-01 07:11:57,435 - INFO - 
****************************************************************************************************
2026-10-01 07:11:59,271 - INFO - --- training epoch 235, loss 0.0069, mae 0.0851, rmse 0.1171, time elapsed(min) 0.02---
2026-10-01 07:11:59,485 - INFO - --- validation at epoch 235, val_loss 0.0077, val_mae 0.0879, val_rmse 0.1211, val_r2 0.7998, val_pearson 0.8952, lr 1.00e-06 ---
2026-10-01 07:11:59,485 - INFO - 
****************************************************************************************************
2026-10-01 07:12:01,337 - INFO - --- training epoch 236, loss 0.0069, mae 0.0861, rmse 0.1177, time elapsed(min) 0.02---
2026-10-01 07:12:01,548 - INFO - --- validation at epoch 236, val_loss 0.0077, val_mae 0.0879, val_rmse 0.1211, val_r2 0.7996, val_pearson 0.8952, lr 1.00e-06 ---
2026-10-01 07:12:01,548 - INFO - 
****************************************************************************************************
2026-10-01 07:12:03,281 - INFO - --- training epoch 237, loss 0.0069, mae 0.0853, rmse 0.1171, time elapsed(min) 0.02---
2026-10-01 07:12:03,622 - INFO - --- validation at epoch 237, val_loss 0.0077, val_mae 0.0880, val_rmse 0.1211, val_r2 0.7997, val_pearson 0.8950, lr 1.00e-06 ---
2026-10-01 07:12:03,622 - INFO - 
****************************************************************************************************
2026-10-01 07:12:05,613 - INFO - --- training epoch 238, loss 0.0070, mae 0.0862, rmse 0.1182, time elapsed(min) 0.03---
2026-10-01 07:12:05,827 - INFO - --- validation at epoch 238, val_loss 0.0077, val_mae 0.0880, val_rmse 0.1211, val_r2 0.7996, val_pearson 0.8951, lr 1.00e-06 ---
2026-10-01 07:12:05,827 - INFO - 
****************************************************************************************************
2026-10-01 07:12:07,532 - INFO - --- training epoch 239, loss 0.0070, mae 0.0856, rmse 0.1182, time elapsed(min) 0.02---
2026-10-01 07:12:07,749 - INFO - --- validation at epoch 239, val_loss 0.0077, val_mae 0.0879, val_rmse 0.1211, val_r2 0.7997, val_pearson 0.8951, lr 1.00e-06 ---
2026-10-01 07:12:07,749 - INFO - 
****************************************************************************************************
2026-10-01 07:12:09,486 - INFO - --- training epoch 240, loss 0.0069, mae 0.0851, rmse 0.1175, time elapsed(min) 0.02---
2026-10-01 07:12:09,699 - INFO - --- validation at epoch 240, val_loss 0.0077, val_mae 0.0879, val_rmse 0.1211, val_r2 0.7998, val_pearson 0.8951, lr 1.00e-06 ---
2026-10-01 07:12:09,699 - INFO - 
****************************************************************************************************
2026-10-01 07:12:11,556 - INFO - --- training epoch 241, loss 0.0072, mae 0.0871, rmse 0.1199, time elapsed(min) 0.03---
2026-10-01 07:12:11,943 - INFO - --- validation at epoch 241, val_loss 0.0077, val_mae 0.0880, val_rmse 0.1211, val_r2 0.7997, val_pearson 0.8949, lr 1.00e-06 ---
2026-10-01 07:12:11,943 - INFO - 
****************************************************************************************************
2026-10-01 07:12:13,776 - INFO - --- training epoch 242, loss 0.0069, mae 0.0856, rmse 0.1173, time elapsed(min) 0.02---
2026-10-01 07:12:13,989 - INFO - --- validation at epoch 242, val_loss 0.0077, val_mae 0.0881, val_rmse 0.1212, val_r2 0.7993, val_pearson 0.8948, lr 1.00e-06 ---
2026-10-01 07:12:13,989 - INFO - 
****************************************************************************************************
2026-10-01 07:12:15,794 - INFO - --- training epoch 243, loss 0.0070, mae 0.0868, rmse 0.1187, time elapsed(min) 0.03---
2026-10-01 07:12:16,008 - INFO - --- validation at epoch 243, val_loss 0.0077, val_mae 0.0880, val_rmse 0.1212, val_r2 0.7994, val_pearson 0.8949, lr 1.00e-06 ---
2026-10-01 07:12:16,008 - INFO - 
****************************************************************************************************
2026-10-01 07:12:17,842 - INFO - --- training epoch 244, loss 0.0070, mae 0.0860, rmse 0.1187, time elapsed(min) 0.03---
2026-10-01 07:12:18,211 - INFO - --- validation at epoch 244, val_loss 0.0077, val_mae 0.0880, val_rmse 0.1212, val_r2 0.7994, val_pearson 0.8950, lr 1.00e-06 ---
2026-10-01 07:12:18,211 - INFO - 
****************************************************************************************************
2026-10-01 07:12:20,057 - INFO - --- training epoch 245, loss 0.0070, mae 0.0859, rmse 0.1182, time elapsed(min) 0.02---
2026-10-01 07:12:20,291 - INFO - --- validation at epoch 245, val_loss 0.0077, val_mae 0.0880, val_rmse 0.1212, val_r2 0.7993, val_pearson 0.8950, lr 1.00e-06 ---
2026-10-01 07:12:20,291 - INFO - 
****************************************************************************************************
2026-10-01 07:12:22,098 - INFO - --- training epoch 246, loss 0.0070, mae 0.0856, rmse 0.1179, time elapsed(min) 0.03---
2026-10-01 07:12:22,312 - INFO - --- validation at epoch 246, val_loss 0.0077, val_mae 0.0879, val_rmse 0.1211, val_r2 0.7996, val_pearson 0.8950, lr 1.00e-06 ---
2026-10-01 07:12:22,312 - INFO - 
****************************************************************************************************
2026-10-01 07:12:24,069 - INFO - --- training epoch 247, loss 0.0068, mae 0.0854, rmse 0.1169, time elapsed(min) 0.02---
2026-10-01 07:12:24,421 - INFO - --- validation at epoch 247, val_loss 0.0077, val_mae 0.0880, val_rmse 0.1212, val_r2 0.7993, val_pearson 0.8950, lr 1.00e-06 ---
2026-10-01 07:12:24,421 - INFO - 
****************************************************************************************************
2026-10-01 07:12:26,418 - INFO - --- training epoch 248, loss 0.0069, mae 0.0857, rmse 0.1179, time elapsed(min) 0.03---
2026-10-01 07:12:26,633 - INFO - --- validation at epoch 248, val_loss 0.0077, val_mae 0.0880, val_rmse 0.1212, val_r2 0.7992, val_pearson 0.8950, lr 1.00e-06 ---
2026-10-01 07:12:26,634 - INFO - 
****************************************************************************************************
2026-10-01 07:12:28,416 - INFO - --- training epoch 249, loss 0.0071, mae 0.0867, rmse 0.1188, time elapsed(min) 0.02---
2026-10-01 07:12:28,651 - INFO - --- validation at epoch 249, val_loss 0.0077, val_mae 0.0880, val_rmse 0.1212, val_r2 0.7995, val_pearson 0.8948, lr 1.00e-06 ---
2026-10-01 07:12:28,651 - INFO - 
****************************************************************************************************
2026-10-01 07:12:30,393 - INFO - --- training epoch 250, loss 0.0069, mae 0.0858, rmse 0.1176, time elapsed(min) 0.02---
2026-10-01 07:12:30,604 - INFO - --- validation at epoch 250, val_loss 0.0077, val_mae 0.0881, val_rmse 0.1213, val_r2 0.7992, val_pearson 0.8947, lr 1.00e-06 ---
2026-10-01 07:12:30,604 - INFO - 
****************************************************************************************************
2026-10-01 07:12:32,427 - INFO - --- training epoch 251, loss 0.0069, mae 0.0857, rmse 0.1178, time elapsed(min) 0.03---
2026-10-01 07:12:32,895 - INFO - --- validation at epoch 251, val_loss 0.0077, val_mae 0.0880, val_rmse 0.1213, val_r2 0.7991, val_pearson 0.8949, lr 1.00e-06 ---
2026-10-01 07:12:32,895 - INFO - 
****************************************************************************************************
2026-10-01 07:12:34,709 - INFO - --- training epoch 252, loss 0.0070, mae 0.0861, rmse 0.1183, time elapsed(min) 0.03---
2026-10-01 07:12:34,928 - INFO - --- validation at epoch 252, val_loss 0.0077, val_mae 0.0881, val_rmse 0.1213, val_r2 0.7992, val_pearson 0.8949, lr 1.00e-06 ---
2026-10-01 07:12:34,928 - INFO - 
****************************************************************************************************
2026-10-01 07:12:36,683 - INFO - --- training epoch 253, loss 0.0069, mae 0.0855, rmse 0.1174, time elapsed(min) 0.02---
2026-10-01 07:12:36,899 - INFO - --- validation at epoch 253, val_loss 0.0077, val_mae 0.0881, val_rmse 0.1214, val_r2 0.7987, val_pearson 0.8948, lr 1.00e-06 ---
2026-10-01 07:12:36,899 - INFO - 
****************************************************************************************************
2026-10-01 07:12:38,678 - INFO - --- training epoch 254, loss 0.0069, mae 0.0861, rmse 0.1178, time elapsed(min) 0.03---
2026-10-01 07:12:39,070 - INFO - --- validation at epoch 254, val_loss 0.0077, val_mae 0.0881, val_rmse 0.1214, val_r2 0.7988, val_pearson 0.8948, lr 1.00e-06 ---
2026-10-01 07:12:39,070 - INFO - 
****************************************************************************************************
2026-10-01 07:12:40,925 - INFO - --- training epoch 255, loss 0.0070, mae 0.0859, rmse 0.1183, time elapsed(min) 0.02---
2026-10-01 07:12:41,138 - INFO - --- validation at epoch 255, val_loss 0.0077, val_mae 0.0880, val_rmse 0.1213, val_r2 0.7992, val_pearson 0.8948, lr 1.00e-06 ---
2026-10-01 07:12:41,138 - INFO - 
****************************************************************************************************
2026-10-01 07:12:42,875 - INFO - --- training epoch 256, loss 0.0071, mae 0.0866, rmse 0.1193, time elapsed(min) 0.02---
2026-10-01 07:12:43,085 - INFO - --- validation at epoch 256, val_loss 0.0077, val_mae 0.0880, val_rmse 0.1213, val_r2 0.7991, val_pearson 0.8949, lr 1.00e-06 ---
2026-10-01 07:12:43,085 - INFO - 
****************************************************************************************************
2026-10-01 07:12:44,823 - INFO - --- training epoch 257, loss 0.0070, mae 0.0861, rmse 0.1185, time elapsed(min) 0.02---
2026-10-01 07:12:45,168 - INFO - --- validation at epoch 257, val_loss 0.0077, val_mae 0.0880, val_rmse 0.1212, val_r2 0.7994, val_pearson 0.8949, lr 1.00e-06 ---
2026-10-01 07:12:45,168 - INFO - 
****************************************************************************************************
2026-10-01 07:12:47,118 - INFO - --- training epoch 258, loss 0.0069, mae 0.0856, rmse 0.1178, time elapsed(min) 0.03---
2026-10-01 07:12:47,331 - INFO - --- validation at epoch 258, val_loss 0.0077, val_mae 0.0880, val_rmse 0.1212, val_r2 0.7993, val_pearson 0.8948, lr 1.00e-06 ---
2026-10-01 07:12:47,332 - INFO - 
****************************************************************************************************
2026-10-01 07:12:49,116 - INFO - --- training epoch 259, loss 0.0069, mae 0.0858, rmse 0.1171, time elapsed(min) 0.03---
2026-10-01 07:12:49,329 - INFO - --- validation at epoch 259, val_loss 0.0077, val_mae 0.0881, val_rmse 0.1213, val_r2 0.7989, val_pearson 0.8948, lr 1.00e-06 ---
2026-10-01 07:12:49,329 - INFO - 
****************************************************************************************************
2026-10-01 07:12:51,141 - INFO - --- training epoch 260, loss 0.0070, mae 0.0866, rmse 0.1183, time elapsed(min) 0.03---
2026-10-01 07:12:51,470 - INFO - --- validation at epoch 260, val_loss 0.0077, val_mae 0.0880, val_rmse 0.1213, val_r2 0.7991, val_pearson 0.8949, lr 1.00e-06 ---
2026-10-01 07:12:51,471 - INFO - 
****************************************************************************************************
2026-10-01 07:12:53,422 - INFO - --- training epoch 261, loss 0.0070, mae 0.0865, rmse 0.1187, time elapsed(min) 0.03---
2026-10-01 07:12:53,901 - INFO - --- validation at epoch 261, val_loss 0.0077, val_mae 0.0880, val_rmse 0.1211, val_r2 0.7997, val_pearson 0.8949, lr 1.00e-06 ---
2026-10-01 07:12:53,901 - INFO - 
****************************************************************************************************
2026-10-01 07:12:55,593 - INFO - --- training epoch 262, loss 0.0070, mae 0.0860, rmse 0.1182, time elapsed(min) 0.02---
2026-10-01 07:12:55,807 - INFO - --- validation at epoch 262, val_loss 0.0077, val_mae 0.0878, val_rmse 0.1210, val_r2 0.7999, val_pearson 0.8952, lr 1.00e-06 ---
2026-10-01 07:12:55,807 - INFO - 
****************************************************************************************************
2026-10-01 07:12:57,537 - INFO - --- training epoch 263, loss 0.0069, mae 0.0856, rmse 0.1176, time elapsed(min) 0.02---
2026-10-01 07:12:57,753 - INFO - --- validation at epoch 263, val_loss 0.0077, val_mae 0.0879, val_rmse 0.1212, val_r2 0.7995, val_pearson 0.8951, lr 1.00e-06 ---
2026-10-01 07:12:57,753 - INFO - 
****************************************************************************************************
2026-10-01 07:12:59,632 - INFO - --- training epoch 264, loss 0.0070, mae 0.0855, rmse 0.1182, time elapsed(min) 0.03---
2026-10-01 07:13:00,002 - INFO - --- validation at epoch 264, val_loss 0.0077, val_mae 0.0878, val_rmse 0.1211, val_r2 0.7997, val_pearson 0.8952, lr 1.00e-06 ---
2026-10-01 07:13:00,002 - INFO - 
****************************************************************************************************
2026-10-01 07:13:01,909 - INFO - --- training epoch 265, loss 0.0069, mae 0.0860, rmse 0.1178, time elapsed(min) 0.02---
2026-10-01 07:13:02,123 - INFO - --- validation at epoch 265, val_loss 0.0077, val_mae 0.0878, val_rmse 0.1210, val_r2 0.8000, val_pearson 0.8952, lr 1.00e-06 ---
2026-10-01 07:13:02,123 - INFO - 
****************************************************************************************************
2026-10-01 07:13:03,931 - INFO - --- training epoch 266, loss 0.0070, mae 0.0860, rmse 0.1182, time elapsed(min) 0.02---
2026-10-01 07:13:04,148 - INFO - --- validation at epoch 266, val_loss 0.0077, val_mae 0.0879, val_rmse 0.1211, val_r2 0.7998, val_pearson 0.8951, lr 1.00e-06 ---
2026-10-01 07:13:04,148 - INFO - 
****************************************************************************************************
2026-10-01 07:13:05,974 - INFO - --- training epoch 267, loss 0.0071, mae 0.0869, rmse 0.1188, time elapsed(min) 0.03---
2026-10-01 07:13:06,365 - INFO - --- validation at epoch 267, val_loss 0.0077, val_mae 0.0879, val_rmse 0.1211, val_r2 0.7997, val_pearson 0.8951, lr 1.00e-06 ---
2026-10-01 07:13:06,365 - INFO - 
****************************************************************************************************
2026-10-01 07:13:08,240 - INFO - --- training epoch 268, loss 0.0069, mae 0.0851, rmse 0.1172, time elapsed(min) 0.02---
2026-10-01 07:13:08,452 - INFO - --- validation at epoch 268, val_loss 0.0077, val_mae 0.0879, val_rmse 0.1211, val_r2 0.7996, val_pearson 0.8951, lr 1.00e-06 ---
2026-10-01 07:13:08,452 - INFO - 
****************************************************************************************************
2026-10-01 07:13:10,258 - INFO - --- training epoch 269, loss 0.0068, mae 0.0852, rmse 0.1169, time elapsed(min) 0.03---
2026-10-01 07:13:10,472 - INFO - --- validation at epoch 269, val_loss 0.0077, val_mae 0.0879, val_rmse 0.1211, val_r2 0.7997, val_pearson 0.8952, lr 1.00e-06 ---
2026-10-01 07:13:10,472 - INFO - 
****************************************************************************************************
2026-10-01 07:13:12,298 - INFO - --- training epoch 270, loss 0.0068, mae 0.0851, rmse 0.1169, time elapsed(min) 0.03---
2026-10-01 07:13:12,634 - INFO - --- validation at epoch 270, val_loss 0.0077, val_mae 0.0879, val_rmse 0.1211, val_r2 0.7997, val_pearson 0.8951, lr 1.00e-06 ---
2026-10-01 07:13:12,634 - INFO - 
****************************************************************************************************
2026-10-01 07:13:14,592 - INFO - --- training epoch 271, loss 0.0071, mae 0.0867, rmse 0.1192, time elapsed(min) 0.03---
2026-10-01 07:13:14,809 - INFO - --- validation at epoch 271, val_loss 0.0077, val_mae 0.0879, val_rmse 0.1211, val_r2 0.7998, val_pearson 0.8950, lr 1.00e-06 ---
2026-10-01 07:13:14,809 - INFO - 
****************************************************************************************************
2026-10-01 07:13:16,561 - INFO - --- training epoch 272, loss 0.0070, mae 0.0865, rmse 0.1184, time elapsed(min) 0.02---
2026-10-01 07:13:16,775 - INFO - --- validation at epoch 272, val_loss 0.0077, val_mae 0.0879, val_rmse 0.1211, val_r2 0.7998, val_pearson 0.8951, lr 1.00e-06 ---
2026-10-01 07:13:16,775 - INFO - 
****************************************************************************************************
2026-10-01 07:13:18,573 - INFO - --- training epoch 273, loss 0.0069, mae 0.0851, rmse 0.1175, time elapsed(min) 0.03---
2026-10-01 07:13:18,913 - INFO - --- validation at epoch 273, val_loss 0.0077, val_mae 0.0879, val_rmse 0.1211, val_r2 0.7996, val_pearson 0.8952, lr 1.00e-06 ---
2026-10-01 07:13:18,913 - INFO - 
****************************************************************************************************
2026-10-01 07:13:20,811 - INFO - --- training epoch 274, loss 0.0069, mae 0.0858, rmse 0.1179, time elapsed(min) 0.03---
2026-10-01 07:13:21,024 - INFO - --- validation at epoch 274, val_loss 0.0077, val_mae 0.0878, val_rmse 0.1210, val_r2 0.7999, val_pearson 0.8953, lr 1.00e-06 ---
2026-10-01 07:13:21,025 - INFO - 
****************************************************************************************************
2026-10-01 07:13:22,842 - INFO - --- training epoch 275, loss 0.0070, mae 0.0861, rmse 0.1187, time elapsed(min) 0.02---
2026-10-01 07:13:23,060 - INFO - --- validation at epoch 275, val_loss 0.0076, val_mae 0.0878, val_rmse 0.1210, val_r2 0.8000, val_pearson 0.8952, lr 1.00e-06 ---
2026-10-01 07:13:23,060 - INFO - 
****************************************************************************************************
2026-10-01 07:13:24,918 - INFO - --- training epoch 276, loss 0.0070, mae 0.0860, rmse 0.1181, time elapsed(min) 0.03---
2026-10-01 07:13:25,249 - INFO - --- validation at epoch 276, val_loss 0.0076, val_mae 0.0878, val_rmse 0.1210, val_r2 0.8002, val_pearson 0.8952, lr 1.00e-06 ---
2026-10-01 07:13:25,249 - INFO - 
****************************************************************************************************
2026-10-01 07:13:27,271 - INFO - --- training epoch 277, loss 0.0070, mae 0.0856, rmse 0.1185, time elapsed(min) 0.03---
2026-10-01 07:13:27,489 - INFO - --- validation at epoch 277, val_loss 0.0077, val_mae 0.0879, val_rmse 0.1211, val_r2 0.7997, val_pearson 0.8951, lr 1.00e-06 ---
2026-10-01 07:13:27,489 - INFO - 
****************************************************************************************************
2026-10-01 07:13:29,216 - INFO - --- training epoch 278, loss 0.0070, mae 0.0858, rmse 0.1183, time elapsed(min) 0.02---
2026-10-01 07:13:29,433 - INFO - --- validation at epoch 278, val_loss 0.0077, val_mae 0.0880, val_rmse 0.1211, val_r2 0.7996, val_pearson 0.8951, lr 1.00e-06 ---
2026-10-01 07:13:29,434 - INFO - 
****************************************************************************************************
2026-10-01 07:13:31,234 - INFO - --- training epoch 279, loss 0.0071, mae 0.0862, rmse 0.1191, time elapsed(min) 0.03---
2026-10-01 07:13:31,449 - INFO - --- validation at epoch 279, val_loss 0.0077, val_mae 0.0879, val_rmse 0.1211, val_r2 0.7997, val_pearson 0.8952, lr 1.00e-06 ---
2026-10-01 07:13:31,449 - INFO - 
****************************************************************************************************
2026-10-01 07:13:33,274 - INFO - --- training epoch 280, loss 0.0069, mae 0.0857, rmse 0.1179, time elapsed(min) 0.03---
2026-10-01 07:13:33,642 - INFO - --- validation at epoch 280, val_loss 0.0077, val_mae 0.0879, val_rmse 0.1210, val_r2 0.8001, val_pearson 0.8953, lr 1.00e-06 ---
2026-10-01 07:13:33,642 - INFO - 
****************************************************************************************************
2026-10-01 07:13:35,456 - INFO - --- training epoch 281, loss 0.0069, mae 0.0851, rmse 0.1179, time elapsed(min) 0.02---
2026-10-01 07:13:35,690 - INFO - --- validation at epoch 281, val_loss 0.0077, val_mae 0.0879, val_rmse 0.1210, val_r2 0.7999, val_pearson 0.8953, lr 1.00e-06 ---
2026-10-01 07:13:35,690 - INFO - 
****************************************************************************************************
2026-10-01 07:13:37,415 - INFO - --- training epoch 282, loss 0.0068, mae 0.0851, rmse 0.1165, time elapsed(min) 0.02---
2026-10-01 07:13:37,629 - INFO - --- validation at epoch 282, val_loss 0.0077, val_mae 0.0879, val_rmse 0.1210, val_r2 0.8001, val_pearson 0.8953, lr 1.00e-06 ---
2026-10-01 07:13:37,629 - INFO - 
****************************************************************************************************
2026-10-01 07:13:39,481 - INFO - --- training epoch 283, loss 0.0070, mae 0.0863, rmse 0.1185, time elapsed(min) 0.03---
2026-10-01 07:13:39,810 - INFO - --- validation at epoch 283, val_loss 0.0076, val_mae 0.0878, val_rmse 0.1209, val_r2 0.8003, val_pearson 0.8953, lr 1.00e-06 ---
2026-10-01 07:13:39,810 - INFO - 
****************************************************************************************************
2026-10-01 07:13:41,753 - INFO - --- training epoch 284, loss 0.0070, mae 0.0858, rmse 0.1179, time elapsed(min) 0.03---
2026-10-01 07:13:41,965 - INFO - --- validation at epoch 284, val_loss 0.0077, val_mae 0.0879, val_rmse 0.1210, val_r2 0.7999, val_pearson 0.8952, lr 1.00e-06 ---
2026-10-01 07:13:41,965 - INFO - 
****************************************************************************************************
2026-10-01 07:13:43,691 - INFO - --- training epoch 285, loss 0.0068, mae 0.0851, rmse 0.1166, time elapsed(min) 0.02---
2026-10-01 07:13:43,908 - INFO - --- validation at epoch 285, val_loss 0.0077, val_mae 0.0879, val_rmse 0.1210, val_r2 0.7999, val_pearson 0.8952, lr 1.00e-06 ---
2026-10-01 07:13:43,908 - INFO - 
****************************************************************************************************
2026-10-01 07:13:45,644 - INFO - --- training epoch 286, loss 0.0069, mae 0.0858, rmse 0.1177, time elapsed(min) 0.02---
2026-10-01 07:13:45,876 - INFO - --- validation at epoch 286, val_loss 0.0077, val_mae 0.0879, val_rmse 0.1211, val_r2 0.7998, val_pearson 0.8952, lr 1.00e-06 ---
2026-10-01 07:13:45,876 - INFO - 
****************************************************************************************************
2026-10-01 07:13:47,693 - INFO - --- training epoch 287, loss 0.0071, mae 0.0864, rmse 0.1193, time elapsed(min) 0.03---
2026-10-01 07:13:48,074 - INFO - --- validation at epoch 287, val_loss 0.0077, val_mae 0.0878, val_rmse 0.1210, val_r2 0.8000, val_pearson 0.8953, lr 1.00e-06 ---
2026-10-01 07:13:48,074 - INFO - 
****************************************************************************************************
2026-10-01 07:13:49,879 - INFO - --- training epoch 288, loss 0.0069, mae 0.0856, rmse 0.1175, time elapsed(min) 0.02---
2026-10-01 07:13:50,094 - INFO - --- validation at epoch 288, val_loss 0.0077, val_mae 0.0877, val_rmse 0.1210, val_r2 0.8000, val_pearson 0.8954, lr 1.00e-06 ---
2026-10-01 07:13:50,094 - INFO - 
****************************************************************************************************
2026-10-01 07:13:51,855 - INFO - --- training epoch 289, loss 0.0070, mae 0.0863, rmse 0.1184, time elapsed(min) 0.02---
2026-10-01 07:13:52,070 - INFO - --- validation at epoch 289, val_loss 0.0077, val_mae 0.0878, val_rmse 0.1210, val_r2 0.8001, val_pearson 0.8953, lr 1.00e-06 ---
2026-10-01 07:13:52,070 - INFO - 
****************************************************************************************************
2026-10-01 07:13:53,834 - INFO - --- training epoch 290, loss 0.0070, mae 0.0861, rmse 0.1186, time elapsed(min) 0.02---
2026-10-01 07:13:54,209 - INFO - --- validation at epoch 290, val_loss 0.0077, val_mae 0.0878, val_rmse 0.1210, val_r2 0.8001, val_pearson 0.8954, lr 1.00e-06 ---
2026-10-01 07:13:54,209 - INFO - 
****************************************************************************************************
2026-10-01 07:13:56,120 - INFO - --- training epoch 291, loss 0.0070, mae 0.0856, rmse 0.1185, time elapsed(min) 0.03---
2026-10-01 07:13:56,334 - INFO - --- validation at epoch 291, val_loss 0.0076, val_mae 0.0877, val_rmse 0.1208, val_r2 0.8006, val_pearson 0.8955, lr 1.00e-06 ---
2026-10-01 07:13:56,334 - INFO - 
****************************************************************************************************
2026-10-01 07:13:58,150 - INFO - --- training epoch 292, loss 0.0070, mae 0.0860, rmse 0.1184, time elapsed(min) 0.02---
2026-10-01 07:13:58,362 - INFO - --- validation at epoch 292, val_loss 0.0077, val_mae 0.0878, val_rmse 0.1210, val_r2 0.8001, val_pearson 0.8953, lr 1.00e-06 ---
2026-10-01 07:13:58,362 - INFO - 
****************************************************************************************************
2026-10-01 07:14:00,104 - INFO - --- training epoch 293, loss 0.0070, mae 0.0866, rmse 0.1182, time elapsed(min) 0.02---
2026-10-01 07:14:00,432 - INFO - --- validation at epoch 293, val_loss 0.0077, val_mae 0.0878, val_rmse 0.1210, val_r2 0.8000, val_pearson 0.8952, lr 1.00e-06 ---
2026-10-01 07:14:00,432 - INFO - 
****************************************************************************************************
2026-10-01 07:14:02,255 - INFO - --- training epoch 294, loss 0.0069, mae 0.0860, rmse 0.1176, time elapsed(min) 0.03---
2026-10-01 07:14:02,741 - INFO - --- validation at epoch 294, val_loss 0.0077, val_mae 0.0879, val_rmse 0.1210, val_r2 0.7999, val_pearson 0.8951, lr 1.00e-06 ---
2026-10-01 07:14:02,741 - INFO - 
****************************************************************************************************
2026-10-01 07:14:04,472 - INFO - --- training epoch 295, loss 0.0069, mae 0.0854, rmse 0.1179, time elapsed(min) 0.02---
2026-10-01 07:14:04,685 - INFO - --- validation at epoch 295, val_loss 0.0077, val_mae 0.0879, val_rmse 0.1210, val_r2 0.8002, val_pearson 0.8953, lr 1.00e-06 ---
2026-10-01 07:14:04,685 - INFO - 
****************************************************************************************************
2026-10-01 07:14:06,484 - INFO - --- training epoch 296, loss 0.0070, mae 0.0866, rmse 0.1185, time elapsed(min) 0.03---
2026-10-01 07:14:06,697 - INFO - --- validation at epoch 296, val_loss 0.0077, val_mae 0.0879, val_rmse 0.1211, val_r2 0.7999, val_pearson 0.8954, lr 1.00e-06 ---
2026-10-01 07:14:06,697 - INFO - 
****************************************************************************************************
2026-10-01 07:14:08,514 - INFO - --- training epoch 297, loss 0.0069, mae 0.0860, rmse 0.1177, time elapsed(min) 0.03---
2026-10-01 07:14:08,898 - INFO - --- validation at epoch 297, val_loss 0.0077, val_mae 0.0878, val_rmse 0.1210, val_r2 0.8000, val_pearson 0.8954, lr 1.00e-06 ---
2026-10-01 07:14:08,898 - INFO - 
****************************************************************************************************
2026-10-01 07:14:10,824 - INFO - --- training epoch 298, loss 0.0069, mae 0.0855, rmse 0.1173, time elapsed(min) 0.03---
2026-10-01 07:14:11,041 - INFO - --- validation at epoch 298, val_loss 0.0077, val_mae 0.0878, val_rmse 0.1210, val_r2 0.8001, val_pearson 0.8953, lr 1.00e-06 ---
2026-10-01 07:14:11,041 - INFO - 
****************************************************************************************************
2026-10-01 07:14:12,785 - INFO - --- training epoch 299, loss 0.0067, mae 0.0843, rmse 0.1162, time elapsed(min) 0.02---
2026-10-01 07:14:12,998 - INFO - --- validation at epoch 299, val_loss 0.0077, val_mae 0.0878, val_rmse 0.1209, val_r2 0.8002, val_pearson 0.8954, lr 1.00e-06 ---
2026-10-01 07:14:12,998 - INFO - 
****************************************************************************************************
2026-10-01 07:14:14,737 - INFO - --- training epoch 300, loss 0.0070, mae 0.0867, rmse 0.1181, time elapsed(min) 0.02---
2026-10-01 07:14:15,062 - INFO - --- validation at epoch 300, val_loss 0.0076, val_mae 0.0877, val_rmse 0.1208, val_r2 0.8008, val_pearson 0.8956, lr 1.00e-06 ---
2026-10-01 07:14:15,062 - INFO - 
****************************************************************************************************
2026-10-01 07:14:17,104 - INFO - --- training epoch 301, loss 0.0069, mae 0.0858, rmse 0.1176, time elapsed(min) 0.03---
2026-10-01 07:14:17,341 - INFO - --- validation at epoch 301, val_loss 0.0076, val_mae 0.0877, val_rmse 0.1208, val_r2 0.8006, val_pearson 0.8957, lr 1.00e-06 ---
2026-10-01 07:14:17,341 - INFO - 
****************************************************************************************************
2026-10-01 07:14:19,165 - INFO - --- training epoch 302, loss 0.0070, mae 0.0863, rmse 0.1185, time elapsed(min) 0.03---
2026-10-01 07:14:19,377 - INFO - --- validation at epoch 302, val_loss 0.0076, val_mae 0.0876, val_rmse 0.1207, val_r2 0.8009, val_pearson 0.8959, lr 1.00e-06 ---
2026-10-01 07:14:19,377 - INFO - 
****************************************************************************************************
2026-10-01 07:14:21,196 - INFO - --- training epoch 303, loss 0.0068, mae 0.0847, rmse 0.1169, time elapsed(min) 0.02---
2026-10-01 07:14:21,410 - INFO - --- validation at epoch 303, val_loss 0.0076, val_mae 0.0876, val_rmse 0.1208, val_r2 0.8008, val_pearson 0.8957, lr 1.00e-06 ---
2026-10-01 07:14:21,410 - INFO - 
****************************************************************************************************
2026-10-01 07:14:23,359 - INFO - --- training epoch 304, loss 0.0070, mae 0.0860, rmse 0.1180, time elapsed(min) 0.03---
2026-10-01 07:14:23,730 - INFO - --- validation at epoch 304, val_loss 0.0076, val_mae 0.0876, val_rmse 0.1207, val_r2 0.8011, val_pearson 0.8958, lr 1.00e-06 ---
2026-10-01 07:14:23,730 - INFO - 
****************************************************************************************************
2026-10-01 07:14:25,638 - INFO - --- training epoch 305, loss 0.0070, mae 0.0860, rmse 0.1187, time elapsed(min) 0.02---
2026-10-01 07:14:25,850 - INFO - --- validation at epoch 305, val_loss 0.0076, val_mae 0.0876, val_rmse 0.1207, val_r2 0.8009, val_pearson 0.8958, lr 1.00e-06 ---
2026-10-01 07:14:25,850 - INFO - 
****************************************************************************************************
2026-10-01 07:14:27,600 - INFO - --- training epoch 306, loss 0.0070, mae 0.0860, rmse 0.1187, time elapsed(min) 0.02---
2026-10-01 07:14:27,813 - INFO - --- validation at epoch 306, val_loss 0.0076, val_mae 0.0876, val_rmse 0.1207, val_r2 0.8009, val_pearson 0.8957, lr 1.00e-06 ---
2026-10-01 07:14:27,813 - INFO - 
****************************************************************************************************
2026-10-01 07:14:29,568 - INFO - --- training epoch 307, loss 0.0070, mae 0.0858, rmse 0.1181, time elapsed(min) 0.02---
2026-10-01 07:14:29,903 - INFO - --- validation at epoch 307, val_loss 0.0076, val_mae 0.0877, val_rmse 0.1209, val_r2 0.8004, val_pearson 0.8956, lr 1.00e-06 ---
2026-10-01 07:14:29,903 - INFO - 
****************************************************************************************************
2026-10-01 07:14:31,840 - INFO - --- training epoch 308, loss 0.0071, mae 0.0865, rmse 0.1188, time elapsed(min) 0.03---
2026-10-01 07:14:32,055 - INFO - --- validation at epoch 308, val_loss 0.0077, val_mae 0.0877, val_rmse 0.1210, val_r2 0.8001, val_pearson 0.8954, lr 1.00e-06 ---
2026-10-01 07:14:32,056 - INFO - 
****************************************************************************************************
2026-10-01 07:14:33,770 - INFO - --- training epoch 309, loss 0.0069, mae 0.0861, rmse 0.1179, time elapsed(min) 0.02---
2026-10-01 07:14:34,000 - INFO - --- validation at epoch 309, val_loss 0.0076, val_mae 0.0878, val_rmse 0.1209, val_r2 0.8003, val_pearson 0.8955, lr 1.00e-06 ---
2026-10-01 07:14:34,000 - INFO - 
****************************************************************************************************
2026-10-01 07:14:35,793 - INFO - --- training epoch 310, loss 0.0069, mae 0.0858, rmse 0.1177, time elapsed(min) 0.03---
2026-10-01 07:14:36,004 - INFO - --- validation at epoch 310, val_loss 0.0076, val_mae 0.0878, val_rmse 0.1209, val_r2 0.8003, val_pearson 0.8954, lr 1.00e-06 ---
2026-10-01 07:14:36,005 - INFO - 
****************************************************************************************************
2026-10-01 07:14:37,945 - INFO - --- training epoch 311, loss 0.0068, mae 0.0843, rmse 0.1166, time elapsed(min) 0.03---
2026-10-01 07:14:38,309 - INFO - --- validation at epoch 311, val_loss 0.0077, val_mae 0.0878, val_rmse 0.1210, val_r2 0.8000, val_pearson 0.8953, lr 1.00e-06 ---
2026-10-01 07:14:38,309 - INFO - 
****************************************************************************************************
2026-10-01 07:14:40,156 - INFO - --- training epoch 312, loss 0.0071, mae 0.0863, rmse 0.1192, time elapsed(min) 0.02---
2026-10-01 07:14:40,368 - INFO - --- validation at epoch 312, val_loss 0.0076, val_mae 0.0877, val_rmse 0.1210, val_r2 0.8002, val_pearson 0.8955, lr 1.00e-06 ---
2026-10-01 07:14:40,368 - INFO - 
****************************************************************************************************
2026-10-01 07:14:42,082 - INFO - --- training epoch 313, loss 0.0068, mae 0.0852, rmse 0.1167, time elapsed(min) 0.02---
2026-10-01 07:14:42,302 - INFO - --- validation at epoch 313, val_loss 0.0076, val_mae 0.0876, val_rmse 0.1209, val_r2 0.8004, val_pearson 0.8956, lr 1.00e-06 ---
2026-10-01 07:14:42,302 - INFO - 
****************************************************************************************************
2026-10-01 07:14:44,112 - INFO - --- training epoch 314, loss 0.0069, mae 0.0854, rmse 0.1174, time elapsed(min) 0.03---
2026-10-01 07:14:44,486 - INFO - --- validation at epoch 314, val_loss 0.0076, val_mae 0.0877, val_rmse 0.1209, val_r2 0.8005, val_pearson 0.8956, lr 1.00e-06 ---
2026-10-01 07:14:44,486 - INFO - 
****************************************************************************************************
2026-10-01 07:14:46,443 - INFO - --- training epoch 315, loss 0.0070, mae 0.0859, rmse 0.1180, time elapsed(min) 0.03---
2026-10-01 07:14:46,658 - INFO - --- validation at epoch 315, val_loss 0.0076, val_mae 0.0877, val_rmse 0.1208, val_r2 0.8006, val_pearson 0.8955, lr 1.00e-06 ---
2026-10-01 07:14:46,658 - INFO - 
****************************************************************************************************
2026-10-01 07:14:48,433 - INFO - --- training epoch 316, loss 0.0069, mae 0.0861, rmse 0.1177, time elapsed(min) 0.02---
2026-10-01 07:14:48,651 - INFO - --- validation at epoch 316, val_loss 0.0076, val_mae 0.0876, val_rmse 0.1208, val_r2 0.8006, val_pearson 0.8957, lr 1.00e-06 ---
2026-10-01 07:14:48,651 - INFO - 
****************************************************************************************************
2026-10-01 07:14:50,453 - INFO - --- training epoch 317, loss 0.0069, mae 0.0856, rmse 0.1174, time elapsed(min) 0.03---
2026-10-01 07:14:50,782 - INFO - --- validation at epoch 317, val_loss 0.0076, val_mae 0.0876, val_rmse 0.1208, val_r2 0.8007, val_pearson 0.8958, lr 1.00e-06 ---
2026-10-01 07:14:50,782 - INFO - 
****************************************************************************************************
2026-10-01 07:14:52,685 - INFO - --- training epoch 318, loss 0.0068, mae 0.0856, rmse 0.1170, time elapsed(min) 0.03---
2026-10-01 07:14:52,897 - INFO - --- validation at epoch 318, val_loss 0.0076, val_mae 0.0876, val_rmse 0.1207, val_r2 0.8011, val_pearson 0.8959, lr 1.00e-06 ---
2026-10-01 07:14:52,897 - INFO - 
****************************************************************************************************
2026-10-01 07:14:54,663 - INFO - --- training epoch 319, loss 0.0068, mae 0.0850, rmse 0.1169, time elapsed(min) 0.02---
2026-10-01 07:14:54,878 - INFO - --- validation at epoch 319, val_loss 0.0076, val_mae 0.0876, val_rmse 0.1208, val_r2 0.8007, val_pearson 0.8958, lr 1.00e-06 ---
2026-10-01 07:14:54,878 - INFO - 
****************************************************************************************************
2026-10-01 07:14:56,613 - INFO - --- training epoch 320, loss 0.0070, mae 0.0863, rmse 0.1180, time elapsed(min) 0.02---
2026-10-01 07:14:56,842 - INFO - --- validation at epoch 320, val_loss 0.0077, val_mae 0.0877, val_rmse 0.1209, val_r2 0.8004, val_pearson 0.8957, lr 1.00e-06 ---
2026-10-01 07:14:56,842 - INFO - 
****************************************************************************************************
2026-10-01 07:14:58,649 - INFO - --- training epoch 321, loss 0.0070, mae 0.0855, rmse 0.1184, time elapsed(min) 0.03---
2026-10-01 07:14:59,016 - INFO - --- validation at epoch 321, val_loss 0.0077, val_mae 0.0878, val_rmse 0.1209, val_r2 0.8005, val_pearson 0.8955, lr 1.00e-06 ---
2026-10-01 07:14:59,016 - INFO - 
****************************************************************************************************
2026-10-01 07:15:00,917 - INFO - --- training epoch 322, loss 0.0070, mae 0.0857, rmse 0.1180, time elapsed(min) 0.03---
2026-10-01 07:15:01,130 - INFO - --- validation at epoch 322, val_loss 0.0077, val_mae 0.0878, val_rmse 0.1209, val_r2 0.8003, val_pearson 0.8956, lr 1.00e-06 ---
2026-10-01 07:15:01,131 - INFO - 
****************************************************************************************************
2026-10-01 07:15:02,860 - INFO - --- training epoch 323, loss 0.0070, mae 0.0860, rmse 0.1182, time elapsed(min) 0.02---
2026-10-01 07:15:03,079 - INFO - --- validation at epoch 323, val_loss 0.0077, val_mae 0.0877, val_rmse 0.1208, val_r2 0.8006, val_pearson 0.8957, lr 1.00e-06 ---
2026-10-01 07:15:03,079 - INFO - 
****************************************************************************************************
2026-10-01 07:15:04,845 - INFO - --- training epoch 324, loss 0.0069, mae 0.0858, rmse 0.1176, time elapsed(min) 0.02---
2026-10-01 07:15:05,190 - INFO - --- validation at epoch 324, val_loss 0.0076, val_mae 0.0877, val_rmse 0.1207, val_r2 0.8010, val_pearson 0.8957, lr 1.00e-06 ---
2026-10-01 07:15:05,190 - INFO - 
****************************************************************************************************
2026-10-01 07:15:07,182 - INFO - --- training epoch 325, loss 0.0069, mae 0.0859, rmse 0.1179, time elapsed(min) 0.03---
2026-10-01 07:15:07,442 - INFO - --- validation at epoch 325, val_loss 0.0076, val_mae 0.0876, val_rmse 0.1208, val_r2 0.8009, val_pearson 0.8958, lr 1.00e-06 ---
2026-10-01 07:15:07,442 - INFO - 
****************************************************************************************************
2026-10-01 07:15:09,158 - INFO - --- training epoch 326, loss 0.0069, mae 0.0853, rmse 0.1173, time elapsed(min) 0.02---
2026-10-01 07:15:09,395 - INFO - --- validation at epoch 326, val_loss 0.0076, val_mae 0.0876, val_rmse 0.1207, val_r2 0.8010, val_pearson 0.8957, lr 1.00e-06 ---
2026-10-01 07:15:09,395 - INFO - 
****************************************************************************************************
2026-10-01 07:15:11,144 - INFO - --- training epoch 327, loss 0.0070, mae 0.0864, rmse 0.1185, time elapsed(min) 0.02---
2026-10-01 07:15:11,357 - INFO - --- validation at epoch 327, val_loss 0.0076, val_mae 0.0876, val_rmse 0.1208, val_r2 0.8007, val_pearson 0.8958, lr 1.00e-06 ---
2026-10-01 07:15:11,357 - INFO - 
****************************************************************************************************
2026-10-01 07:15:13,398 - INFO - --- training epoch 328, loss 0.0069, mae 0.0857, rmse 0.1176, time elapsed(min) 0.03---
2026-10-01 07:15:13,610 - INFO - --- validation at epoch 328, val_loss 0.0076, val_mae 0.0877, val_rmse 0.1208, val_r2 0.8007, val_pearson 0.8957, lr 1.00e-06 ---
2026-10-01 07:15:13,610 - INFO - 
****************************************************************************************************
2026-10-01 07:15:15,336 - INFO - --- training epoch 329, loss 0.0069, mae 0.0851, rmse 0.1171, time elapsed(min) 0.02---
2026-10-01 07:15:15,553 - INFO - --- validation at epoch 329, val_loss 0.0077, val_mae 0.0878, val_rmse 0.1208, val_r2 0.8006, val_pearson 0.8955, lr 1.00e-06 ---
2026-10-01 07:15:15,553 - INFO - 
****************************************************************************************************
2026-10-01 07:15:17,355 - INFO - --- training epoch 330, loss 0.0068, mae 0.0851, rmse 0.1168, time elapsed(min) 0.03---
2026-10-01 07:15:17,573 - INFO - --- validation at epoch 330, val_loss 0.0076, val_mae 0.0877, val_rmse 0.1208, val_r2 0.8006, val_pearson 0.8957, lr 1.00e-06 ---
2026-10-01 07:15:17,573 - INFO - 
****************************************************************************************************
2026-10-01 07:15:19,386 - INFO - --- training epoch 331, loss 0.0070, mae 0.0869, rmse 0.1186, time elapsed(min) 0.03---
2026-10-01 07:15:19,751 - INFO - --- validation at epoch 331, val_loss 0.0076, val_mae 0.0877, val_rmse 0.1208, val_r2 0.8006, val_pearson 0.8957, lr 1.00e-06 ---
2026-10-01 07:15:19,751 - INFO - 
****************************************************************************************************
2026-10-01 07:15:21,655 - INFO - --- training epoch 332, loss 0.0070, mae 0.0865, rmse 0.1183, time elapsed(min) 0.03---
2026-10-01 07:15:21,871 - INFO - --- validation at epoch 332, val_loss 0.0076, val_mae 0.0878, val_rmse 0.1208, val_r2 0.8006, val_pearson 0.8956, lr 1.00e-06 ---
2026-10-01 07:15:21,871 - INFO - 
****************************************************************************************************
2026-10-01 07:15:23,653 - INFO - --- training epoch 333, loss 0.0069, mae 0.0861, rmse 0.1175, time elapsed(min) 0.03---
2026-10-01 07:15:23,869 - INFO - --- validation at epoch 333, val_loss 0.0076, val_mae 0.0878, val_rmse 0.1208, val_r2 0.8007, val_pearson 0.8955, lr 1.00e-06 ---
2026-10-01 07:15:23,869 - INFO - 
****************************************************************************************************
2026-10-01 07:15:25,613 - INFO - --- training epoch 334, loss 0.0068, mae 0.0850, rmse 0.1168, time elapsed(min) 0.02---
2026-10-01 07:15:25,955 - INFO - --- validation at epoch 334, val_loss 0.0076, val_mae 0.0878, val_rmse 0.1208, val_r2 0.8006, val_pearson 0.8956, lr 1.00e-06 ---
2026-10-01 07:15:25,955 - INFO - 
****************************************************************************************************
2026-10-01 07:15:27,945 - INFO - --- training epoch 335, loss 0.0068, mae 0.0851, rmse 0.1164, time elapsed(min) 0.03---
2026-10-01 07:15:28,153 - INFO - --- validation at epoch 335, val_loss 0.0077, val_mae 0.0878, val_rmse 0.1210, val_r2 0.8001, val_pearson 0.8955, lr 1.00e-06 ---
2026-10-01 07:15:28,153 - INFO - 
****************************************************************************************************
2026-10-01 07:15:29,945 - INFO - --- training epoch 336, loss 0.0069, mae 0.0852, rmse 0.1172, time elapsed(min) 0.03---
2026-10-01 07:15:30,155 - INFO - --- validation at epoch 336, val_loss 0.0076, val_mae 0.0878, val_rmse 0.1210, val_r2 0.8002, val_pearson 0.8954, lr 1.00e-06 ---
2026-10-01 07:15:30,155 - INFO - 
****************************************************************************************************
2026-10-01 07:15:31,952 - INFO - --- training epoch 337, loss 0.0070, mae 0.0863, rmse 0.1184, time elapsed(min) 0.03---
2026-10-01 07:15:32,284 - INFO - --- validation at epoch 337, val_loss 0.0076, val_mae 0.0877, val_rmse 0.1208, val_r2 0.8006, val_pearson 0.8955, lr 1.00e-06 ---
2026-10-01 07:15:32,284 - INFO - 
****************************************************************************************************
2026-10-01 07:15:34,225 - INFO - --- training epoch 338, loss 0.0069, mae 0.0850, rmse 0.1173, time elapsed(min) 0.03---
2026-10-01 07:15:34,439 - INFO - --- validation at epoch 338, val_loss 0.0076, val_mae 0.0878, val_rmse 0.1208, val_r2 0.8006, val_pearson 0.8954, lr 1.00e-06 ---
2026-10-01 07:15:34,439 - INFO - 
****************************************************************************************************
2026-10-01 07:15:36,152 - INFO - --- training epoch 339, loss 0.0070, mae 0.0863, rmse 0.1182, time elapsed(min) 0.02---
2026-10-01 07:15:36,382 - INFO - --- validation at epoch 339, val_loss 0.0076, val_mae 0.0878, val_rmse 0.1210, val_r2 0.8001, val_pearson 0.8955, lr 1.00e-06 ---
2026-10-01 07:15:36,383 - INFO - 
****************************************************************************************************
2026-10-01 07:15:38,114 - INFO - --- training epoch 340, loss 0.0070, mae 0.0857, rmse 0.1181, time elapsed(min) 0.02---
2026-10-01 07:15:38,330 - INFO - --- validation at epoch 340, val_loss 0.0076, val_mae 0.0877, val_rmse 0.1210, val_r2 0.8002, val_pearson 0.8956, lr 1.00e-06 ---
2026-10-01 07:15:38,330 - INFO - 
****************************************************************************************************
2026-10-01 07:15:40,184 - INFO - --- training epoch 341, loss 0.0069, mae 0.0853, rmse 0.1173, time elapsed(min) 0.03---
2026-10-01 07:15:40,661 - INFO - --- validation at epoch 341, val_loss 0.0076, val_mae 0.0877, val_rmse 0.1208, val_r2 0.8007, val_pearson 0.8956, lr 1.00e-06 ---
2026-10-01 07:15:40,662 - INFO - 
****************************************************************************************************
2026-10-01 07:15:42,479 - INFO - --- training epoch 342, loss 0.0071, mae 0.0864, rmse 0.1189, time elapsed(min) 0.03---
2026-10-01 07:15:42,695 - INFO - --- validation at epoch 342, val_loss 0.0076, val_mae 0.0877, val_rmse 0.1207, val_r2 0.8009, val_pearson 0.8956, lr 1.00e-06 ---
2026-10-01 07:15:42,695 - INFO - 
****************************************************************************************************
2026-10-01 07:15:44,681 - INFO - --- training epoch 343, loss 0.0070, mae 0.0867, rmse 0.1184, time elapsed(min) 0.03---
2026-10-01 07:15:44,892 - INFO - --- validation at epoch 343, val_loss 0.0076, val_mae 0.0878, val_rmse 0.1209, val_r2 0.8003, val_pearson 0.8955, lr 1.00e-06 ---
2026-10-01 07:15:44,892 - INFO - 
****************************************************************************************************
2026-10-01 07:15:46,671 - INFO - --- training epoch 344, loss 0.0069, mae 0.0856, rmse 0.1174, time elapsed(min) 0.02---
2026-10-01 07:15:47,043 - INFO - --- validation at epoch 344, val_loss 0.0076, val_mae 0.0877, val_rmse 0.1209, val_r2 0.8005, val_pearson 0.8956, lr 1.00e-06 ---
2026-10-01 07:15:47,043 - INFO - 
****************************************************************************************************
2026-10-01 07:15:48,868 - INFO - --- training epoch 345, loss 0.0069, mae 0.0855, rmse 0.1176, time elapsed(min) 0.02---
2026-10-01 07:15:49,083 - INFO - --- validation at epoch 345, val_loss 0.0076, val_mae 0.0877, val_rmse 0.1208, val_r2 0.8007, val_pearson 0.8957, lr 1.00e-06 ---
2026-10-01 07:15:49,083 - INFO - 
****************************************************************************************************
2026-10-01 07:15:50,874 - INFO - --- training epoch 346, loss 0.0068, mae 0.0852, rmse 0.1168, time elapsed(min) 0.03---
2026-10-01 07:15:51,087 - INFO - --- validation at epoch 346, val_loss 0.0076, val_mae 0.0877, val_rmse 0.1209, val_r2 0.8004, val_pearson 0.8956, lr 1.00e-06 ---
2026-10-01 07:15:51,087 - INFO - 
****************************************************************************************************
2026-10-01 07:15:52,915 - INFO - --- training epoch 347, loss 0.0068, mae 0.0855, rmse 0.1164, time elapsed(min) 0.03---
2026-10-01 07:15:53,256 - INFO - --- validation at epoch 347, val_loss 0.0077, val_mae 0.0878, val_rmse 0.1209, val_r2 0.8003, val_pearson 0.8955, lr 1.00e-06 ---
2026-10-01 07:15:53,256 - INFO - 
****************************************************************************************************
2026-10-01 07:15:55,247 - INFO - --- training epoch 348, loss 0.0070, mae 0.0858, rmse 0.1184, time elapsed(min) 0.03---
2026-10-01 07:15:55,464 - INFO - --- validation at epoch 348, val_loss 0.0076, val_mae 0.0877, val_rmse 0.1209, val_r2 0.8004, val_pearson 0.8956, lr 1.00e-06 ---
2026-10-01 07:15:55,464 - INFO - 
****************************************************************************************************
2026-10-01 07:15:57,190 - INFO - --- training epoch 349, loss 0.0068, mae 0.0847, rmse 0.1168, time elapsed(min) 0.02---
2026-10-01 07:15:57,407 - INFO - --- validation at epoch 349, val_loss 0.0077, val_mae 0.0878, val_rmse 0.1209, val_r2 0.8002, val_pearson 0.8954, lr 1.00e-06 ---
2026-10-01 07:15:57,407 - INFO - 
****************************************************************************************************
2026-10-01 07:15:59,214 - INFO - --- training epoch 350, loss 0.0068, mae 0.0852, rmse 0.1162, time elapsed(min) 0.03---
2026-10-01 07:15:59,544 - INFO - --- validation at epoch 350, val_loss 0.0077, val_mae 0.0878, val_rmse 0.1210, val_r2 0.8002, val_pearson 0.8954, lr 1.00e-06 ---
2026-10-01 07:15:59,544 - INFO - 
****************************************************************************************************
2026-10-01 07:16:01,407 - INFO - --- training epoch 351, loss 0.0069, mae 0.0852, rmse 0.1172, time elapsed(min) 0.03---
2026-10-01 07:16:01,869 - INFO - --- validation at epoch 351, val_loss 0.0077, val_mae 0.0878, val_rmse 0.1210, val_r2 0.7999, val_pearson 0.8954, lr 1.00e-06 ---
2026-10-01 07:16:01,869 - INFO - 
****************************************************************************************************
2026-10-01 07:16:03,746 - INFO - --- training epoch 352, loss 0.0069, mae 0.0854, rmse 0.1173, time elapsed(min) 0.03---
2026-10-01 07:16:03,962 - INFO - --- validation at epoch 352, val_loss 0.0077, val_mae 0.0878, val_rmse 0.1209, val_r2 0.8003, val_pearson 0.8954, lr 1.00e-06 ---
2026-10-01 07:16:03,962 - INFO - 
****************************************************************************************************
2026-10-01 07:16:05,710 - INFO - --- training epoch 353, loss 0.0070, mae 0.0860, rmse 0.1186, time elapsed(min) 0.02---
2026-10-01 07:16:06,058 - INFO - --- validation at epoch 353, val_loss 0.0077, val_mae 0.0877, val_rmse 0.1210, val_r2 0.8002, val_pearson 0.8954, lr 1.00e-06 ---
2026-10-01 07:16:06,058 - INFO - 
****************************************************************************************************
2026-10-01 07:16:07,861 - INFO - --- training epoch 354, loss 0.0068, mae 0.0852, rmse 0.1169, time elapsed(min) 0.03---
2026-10-01 07:16:08,251 - INFO - --- validation at epoch 354, val_loss 0.0077, val_mae 0.0877, val_rmse 0.1210, val_r2 0.8001, val_pearson 0.8954, lr 1.00e-06 ---
2026-10-01 07:16:08,252 - INFO - 
****************************************************************************************************
2026-10-01 07:16:10,123 - INFO - --- training epoch 355, loss 0.0069, mae 0.0852, rmse 0.1173, time elapsed(min) 0.02---
2026-10-01 07:16:10,340 - INFO - --- validation at epoch 355, val_loss 0.0077, val_mae 0.0878, val_rmse 0.1210, val_r2 0.8001, val_pearson 0.8954, lr 1.00e-06 ---
2026-10-01 07:16:10,340 - INFO - 
****************************************************************************************************
2026-10-01 07:16:12,079 - INFO - --- training epoch 356, loss 0.0069, mae 0.0854, rmse 0.1171, time elapsed(min) 0.02---
2026-10-01 07:16:12,311 - INFO - --- validation at epoch 356, val_loss 0.0076, val_mae 0.0877, val_rmse 0.1208, val_r2 0.8008, val_pearson 0.8955, lr 1.00e-06 ---
2026-10-01 07:16:12,311 - INFO - 
****************************************************************************************************
2026-10-01 07:16:14,164 - INFO - --- training epoch 357, loss 0.0069, mae 0.0852, rmse 0.1173, time elapsed(min) 0.03---
2026-10-01 07:16:14,569 - INFO - --- validation at epoch 357, val_loss 0.0076, val_mae 0.0877, val_rmse 0.1209, val_r2 0.8004, val_pearson 0.8956, lr 1.00e-06 ---
2026-10-01 07:16:14,569 - INFO - 
****************************************************************************************************
2026-10-01 07:16:16,413 - INFO - --- training epoch 358, loss 0.0068, mae 0.0846, rmse 0.1164, time elapsed(min) 0.02---
2026-10-01 07:16:16,626 - INFO - --- validation at epoch 358, val_loss 0.0076, val_mae 0.0877, val_rmse 0.1209, val_r2 0.8005, val_pearson 0.8954, lr 1.00e-06 ---
2026-10-01 07:16:16,626 - INFO - 
****************************************************************************************************
2026-10-01 07:16:18,408 - INFO - --- training epoch 359, loss 0.0067, mae 0.0845, rmse 0.1160, time elapsed(min) 0.02---
2026-10-01 07:16:18,623 - INFO - --- validation at epoch 359, val_loss 0.0076, val_mae 0.0877, val_rmse 0.1209, val_r2 0.8005, val_pearson 0.8956, lr 1.00e-06 ---
2026-10-01 07:16:18,623 - INFO - 
****************************************************************************************************
2026-10-01 07:16:20,372 - INFO - --- training epoch 360, loss 0.0070, mae 0.0862, rmse 0.1182, time elapsed(min) 0.02---
2026-10-01 07:16:20,708 - INFO - --- validation at epoch 360, val_loss 0.0076, val_mae 0.0877, val_rmse 0.1209, val_r2 0.8004, val_pearson 0.8956, lr 1.00e-06 ---
2026-10-01 07:16:20,708 - INFO - 
****************************************************************************************************
2026-10-01 07:16:22,665 - INFO - --- training epoch 361, loss 0.0071, mae 0.0861, rmse 0.1190, time elapsed(min) 0.03---
2026-10-01 07:16:22,881 - INFO - --- validation at epoch 361, val_loss 0.0077, val_mae 0.0878, val_rmse 0.1211, val_r2 0.7997, val_pearson 0.8956, lr 1.00e-06 ---
2026-10-01 07:16:22,881 - INFO - 
****************************************************************************************************
2026-10-01 07:16:24,639 - INFO - --- training epoch 362, loss 0.0068, mae 0.0853, rmse 0.1170, time elapsed(min) 0.02---
2026-10-01 07:16:24,850 - INFO - --- validation at epoch 362, val_loss 0.0076, val_mae 0.0877, val_rmse 0.1208, val_r2 0.8007, val_pearson 0.8957, lr 1.00e-06 ---
2026-10-01 07:16:24,850 - INFO - 
****************************************************************************************************
2026-10-01 07:16:26,597 - INFO - --- training epoch 363, loss 0.0068, mae 0.0858, rmse 0.1170, time elapsed(min) 0.02---
2026-10-01 07:16:26,927 - INFO - --- validation at epoch 363, val_loss 0.0076, val_mae 0.0877, val_rmse 0.1207, val_r2 0.8010, val_pearson 0.8956, lr 1.00e-06 ---
2026-10-01 07:16:26,927 - INFO - 
****************************************************************************************************
2026-10-01 07:16:28,813 - INFO - --- training epoch 364, loss 0.0070, mae 0.0867, rmse 0.1183, time elapsed(min) 0.03---
2026-10-01 07:16:29,177 - INFO - --- validation at epoch 364, val_loss 0.0076, val_mae 0.0877, val_rmse 0.1208, val_r2 0.8005, val_pearson 0.8957, lr 1.00e-06 ---
2026-10-01 07:16:29,178 - INFO - 
****************************************************************************************************
2026-10-01 07:16:31,064 - INFO - --- training epoch 365, loss 0.0071, mae 0.0866, rmse 0.1193, time elapsed(min) 0.03---
2026-10-01 07:16:31,280 - INFO - --- validation at epoch 365, val_loss 0.0076, val_mae 0.0877, val_rmse 0.1209, val_r2 0.8005, val_pearson 0.8957, lr 1.00e-06 ---
2026-10-01 07:16:31,280 - INFO - 
****************************************************************************************************
2026-10-01 07:16:33,039 - INFO - --- training epoch 366, loss 0.0069, mae 0.0853, rmse 0.1177, time elapsed(min) 0.02---
2026-10-01 07:16:33,255 - INFO - --- validation at epoch 366, val_loss 0.0076, val_mae 0.0877, val_rmse 0.1208, val_r2 0.8006, val_pearson 0.8958, lr 1.00e-06 ---
2026-10-01 07:16:33,255 - INFO - 
****************************************************************************************************
2026-10-01 07:16:35,052 - INFO - --- training epoch 367, loss 0.0069, mae 0.0856, rmse 0.1176, time elapsed(min) 0.03---
2026-10-01 07:16:35,424 - INFO - --- validation at epoch 367, val_loss 0.0076, val_mae 0.0877, val_rmse 0.1208, val_r2 0.8008, val_pearson 0.8958, lr 1.00e-06 ---
2026-10-01 07:16:35,424 - INFO - 
****************************************************************************************************
2026-10-01 07:16:37,249 - INFO - --- training epoch 368, loss 0.0070, mae 0.0856, rmse 0.1183, time elapsed(min) 0.02---
2026-10-01 07:16:37,463 - INFO - --- validation at epoch 368, val_loss 0.0076, val_mae 0.0876, val_rmse 0.1207, val_r2 0.8010, val_pearson 0.8958, lr 1.00e-06 ---
2026-10-01 07:16:37,463 - INFO - 
****************************************************************************************************
2026-10-01 07:16:39,177 - INFO - --- training epoch 369, loss 0.0068, mae 0.0854, rmse 0.1168, time elapsed(min) 0.02---
2026-10-01 07:16:39,392 - INFO - --- validation at epoch 369, val_loss 0.0076, val_mae 0.0877, val_rmse 0.1208, val_r2 0.8007, val_pearson 0.8957, lr 1.00e-06 ---
2026-10-01 07:16:39,392 - INFO - 
****************************************************************************************************
2026-10-01 07:16:41,122 - INFO - --- training epoch 370, loss 0.0068, mae 0.0847, rmse 0.1168, time elapsed(min) 0.02---
2026-10-01 07:16:41,463 - INFO - --- validation at epoch 370, val_loss 0.0076, val_mae 0.0876, val_rmse 0.1207, val_r2 0.8011, val_pearson 0.8959, lr 1.00e-06 ---
2026-10-01 07:16:41,464 - INFO - 
****************************************************************************************************
2026-10-01 07:16:43,482 - INFO - --- training epoch 371, loss 0.0069, mae 0.0859, rmse 0.1173, time elapsed(min) 0.03---
2026-10-01 07:16:43,695 - INFO - --- validation at epoch 371, val_loss 0.0076, val_mae 0.0876, val_rmse 0.1207, val_r2 0.8012, val_pearson 0.8959, lr 1.00e-06 ---
2026-10-01 07:16:43,695 - INFO - 
****************************************************************************************************
2026-10-01 07:16:45,491 - INFO - --- training epoch 372, loss 0.0069, mae 0.0859, rmse 0.1178, time elapsed(min) 0.02---
2026-10-01 07:16:45,704 - INFO - --- validation at epoch 372, val_loss 0.0076, val_mae 0.0876, val_rmse 0.1207, val_r2 0.8009, val_pearson 0.8959, lr 1.00e-06 ---
2026-10-01 07:16:45,704 - INFO - 
****************************************************************************************************
2026-10-01 07:16:47,441 - INFO - --- training epoch 373, loss 0.0070, mae 0.0854, rmse 0.1180, time elapsed(min) 0.02---
2026-10-01 07:16:47,767 - INFO - --- validation at epoch 373, val_loss 0.0076, val_mae 0.0876, val_rmse 0.1207, val_r2 0.8011, val_pearson 0.8958, lr 1.00e-06 ---
2026-10-01 07:16:47,767 - INFO - 
****************************************************************************************************
2026-10-01 07:16:49,712 - INFO - --- training epoch 374, loss 0.0069, mae 0.0852, rmse 0.1172, time elapsed(min) 0.03---
2026-10-01 07:16:49,930 - INFO - --- validation at epoch 374, val_loss 0.0076, val_mae 0.0876, val_rmse 0.1208, val_r2 0.8006, val_pearson 0.8958, lr 1.00e-06 ---
2026-10-01 07:16:49,931 - INFO - 
****************************************************************************************************
2026-10-01 07:16:51,646 - INFO - --- training epoch 375, loss 0.0069, mae 0.0856, rmse 0.1178, time elapsed(min) 0.02---
2026-10-01 07:16:51,860 - INFO - --- validation at epoch 375, val_loss 0.0076, val_mae 0.0876, val_rmse 0.1208, val_r2 0.8008, val_pearson 0.8958, lr 1.00e-06 ---
2026-10-01 07:16:51,860 - INFO - 
****************************************************************************************************
2026-10-01 07:16:53,590 - INFO - --- training epoch 376, loss 0.0070, mae 0.0857, rmse 0.1179, time elapsed(min) 0.02---
2026-10-01 07:16:53,800 - INFO - --- validation at epoch 376, val_loss 0.0076, val_mae 0.0876, val_rmse 0.1207, val_r2 0.8011, val_pearson 0.8958, lr 1.00e-06 ---
2026-10-01 07:16:53,800 - INFO - 
****************************************************************************************************
2026-10-01 07:16:55,545 - INFO - --- training epoch 377, loss 0.0070, mae 0.0857, rmse 0.1179, time elapsed(min) 0.02---
2026-10-01 07:16:55,937 - INFO - --- validation at epoch 377, val_loss 0.0076, val_mae 0.0876, val_rmse 0.1208, val_r2 0.8007, val_pearson 0.8958, lr 1.00e-06 ---
2026-10-01 07:16:55,937 - INFO - 
****************************************************************************************************
2026-10-01 07:16:57,772 - INFO - --- training epoch 378, loss 0.0069, mae 0.0852, rmse 0.1174, time elapsed(min) 0.02---
2026-10-01 07:16:57,991 - INFO - --- validation at epoch 378, val_loss 0.0076, val_mae 0.0877, val_rmse 0.1208, val_r2 0.8006, val_pearson 0.8957, lr 1.00e-06 ---
2026-10-01 07:16:57,991 - INFO - 
****************************************************************************************************
2026-10-01 07:16:59,777 - INFO - --- training epoch 379, loss 0.0068, mae 0.0844, rmse 0.1165, time elapsed(min) 0.03---
2026-10-01 07:16:59,990 - INFO - --- validation at epoch 379, val_loss 0.0077, val_mae 0.0878, val_rmse 0.1209, val_r2 0.8004, val_pearson 0.8955, lr 1.00e-06 ---
2026-10-01 07:16:59,990 - INFO - 
****************************************************************************************************
2026-10-01 07:17:01,843 - INFO - --- training epoch 380, loss 0.0069, mae 0.0853, rmse 0.1179, time elapsed(min) 0.03---
2026-10-01 07:17:02,185 - INFO - --- validation at epoch 380, val_loss 0.0076, val_mae 0.0876, val_rmse 0.1207, val_r2 0.8011, val_pearson 0.8959, lr 1.00e-06 ---
2026-10-01 07:17:02,185 - INFO - 
****************************************************************************************************
2026-10-01 07:17:04,171 - INFO - --- training epoch 381, loss 0.0070, mae 0.0862, rmse 0.1183, time elapsed(min) 0.03---
2026-10-01 07:17:04,382 - INFO - --- validation at epoch 381, val_loss 0.0076, val_mae 0.0876, val_rmse 0.1206, val_r2 0.8012, val_pearson 0.8959, lr 1.00e-06 ---
2026-10-01 07:17:04,382 - INFO - 
****************************************************************************************************
2026-10-01 07:17:06,098 - INFO - --- training epoch 382, loss 0.0071, mae 0.0865, rmse 0.1194, time elapsed(min) 0.02---
2026-10-01 07:17:06,335 - INFO - --- validation at epoch 382, val_loss 0.0076, val_mae 0.0876, val_rmse 0.1206, val_r2 0.8012, val_pearson 0.8960, lr 1.00e-06 ---
2026-10-01 07:17:06,335 - INFO - 
****************************************************************************************************
2026-10-01 07:17:08,068 - INFO - --- training epoch 383, loss 0.0070, mae 0.0859, rmse 0.1186, time elapsed(min) 0.02---
2026-10-01 07:17:08,396 - INFO - --- validation at epoch 383, val_loss 0.0076, val_mae 0.0875, val_rmse 0.1206, val_r2 0.8014, val_pearson 0.8959, lr 1.00e-06 ---
2026-10-01 07:17:08,396 - INFO - 
****************************************************************************************************
2026-10-01 07:17:10,433 - INFO - --- training epoch 384, loss 0.0069, mae 0.0855, rmse 0.1174, time elapsed(min) 0.03---
2026-10-01 07:17:10,813 - INFO - --- validation at epoch 384, val_loss 0.0076, val_mae 0.0876, val_rmse 0.1208, val_r2 0.8008, val_pearson 0.8958, lr 1.00e-06 ---
2026-10-01 07:17:10,813 - INFO - 
****************************************************************************************************
2026-10-01 07:17:12,684 - INFO - --- training epoch 385, loss 0.0070, mae 0.0859, rmse 0.1180, time elapsed(min) 0.02---
2026-10-01 07:17:12,899 - INFO - --- validation at epoch 385, val_loss 0.0076, val_mae 0.0877, val_rmse 0.1207, val_r2 0.8010, val_pearson 0.8956, lr 1.00e-06 ---
2026-10-01 07:17:12,899 - INFO - 
****************************************************************************************************
2026-10-01 07:17:14,637 - INFO - --- training epoch 386, loss 0.0068, mae 0.0849, rmse 0.1167, time elapsed(min) 0.02---
2026-10-01 07:17:14,870 - INFO - --- validation at epoch 386, val_loss 0.0076, val_mae 0.0876, val_rmse 0.1207, val_r2 0.8011, val_pearson 0.8958, lr 1.00e-06 ---
2026-10-01 07:17:14,870 - INFO - 
****************************************************************************************************
2026-10-01 07:17:16,792 - INFO - --- training epoch 387, loss 0.0068, mae 0.0844, rmse 0.1167, time elapsed(min) 0.03---
2026-10-01 07:17:17,182 - INFO - --- validation at epoch 387, val_loss 0.0076, val_mae 0.0876, val_rmse 0.1206, val_r2 0.8015, val_pearson 0.8958, lr 1.00e-06 ---
2026-10-01 07:17:17,182 - INFO - 
****************************************************************************************************
2026-10-01 07:17:19,019 - INFO - --- training epoch 388, loss 0.0071, mae 0.0862, rmse 0.1189, time elapsed(min) 0.02---
2026-10-01 07:17:19,238 - INFO - --- validation at epoch 388, val_loss 0.0076, val_mae 0.0877, val_rmse 0.1207, val_r2 0.8010, val_pearson 0.8958, lr 1.00e-06 ---
2026-10-01 07:17:19,239 - INFO - 
****************************************************************************************************
2026-10-01 07:17:20,995 - INFO - --- training epoch 389, loss 0.0069, mae 0.0858, rmse 0.1178, time elapsed(min) 0.02---
2026-10-01 07:17:21,213 - INFO - --- validation at epoch 389, val_loss 0.0076, val_mae 0.0877, val_rmse 0.1208, val_r2 0.8009, val_pearson 0.8959, lr 1.00e-06 ---
2026-10-01 07:17:21,213 - INFO - 
****************************************************************************************************
2026-10-01 07:17:22,967 - INFO - --- training epoch 390, loss 0.0068, mae 0.0851, rmse 0.1166, time elapsed(min) 0.02---
2026-10-01 07:17:23,358 - INFO - --- validation at epoch 390, val_loss 0.0076, val_mae 0.0878, val_rmse 0.1208, val_r2 0.8007, val_pearson 0.8957, lr 1.00e-06 ---
2026-10-01 07:17:23,358 - INFO - 
****************************************************************************************************
2026-10-01 07:17:25,349 - INFO - --- training epoch 391, loss 0.0068, mae 0.0848, rmse 0.1167, time elapsed(min) 0.03---
2026-10-01 07:17:25,563 - INFO - --- validation at epoch 391, val_loss 0.0076, val_mae 0.0877, val_rmse 0.1207, val_r2 0.8010, val_pearson 0.8957, lr 1.00e-06 ---
2026-10-01 07:17:25,564 - INFO - 
****************************************************************************************************
2026-10-01 07:17:27,296 - INFO - --- training epoch 392, loss 0.0069, mae 0.0855, rmse 0.1176, time elapsed(min) 0.02---
2026-10-01 07:17:27,511 - INFO - --- validation at epoch 392, val_loss 0.0076, val_mae 0.0878, val_rmse 0.1208, val_r2 0.8008, val_pearson 0.8956, lr 1.00e-06 ---
2026-10-01 07:17:27,511 - INFO - 
****************************************************************************************************
2026-10-01 07:17:29,235 - INFO - --- training epoch 393, loss 0.0069, mae 0.0849, rmse 0.1175, time elapsed(min) 0.02---
2026-10-01 07:17:29,568 - INFO - --- validation at epoch 393, val_loss 0.0076, val_mae 0.0878, val_rmse 0.1208, val_r2 0.8006, val_pearson 0.8955, lr 1.00e-06 ---
2026-10-01 07:17:29,568 - INFO - 
****************************************************************************************************
2026-10-01 07:17:31,404 - INFO - --- training epoch 394, loss 0.0067, mae 0.0841, rmse 0.1159, time elapsed(min) 0.03---
2026-10-01 07:17:31,772 - INFO - --- validation at epoch 394, val_loss 0.0076, val_mae 0.0878, val_rmse 0.1207, val_r2 0.8010, val_pearson 0.8956, lr 1.00e-06 ---
2026-10-01 07:17:31,772 - INFO - 
****************************************************************************************************
2026-10-01 07:17:33,667 - INFO - --- training epoch 395, loss 0.0070, mae 0.0865, rmse 0.1185, time elapsed(min) 0.02---
2026-10-01 07:17:33,881 - INFO - --- validation at epoch 395, val_loss 0.0076, val_mae 0.0877, val_rmse 0.1208, val_r2 0.8009, val_pearson 0.8958, lr 1.00e-06 ---
2026-10-01 07:17:33,881 - INFO - 
****************************************************************************************************
2026-10-01 07:17:35,614 - INFO - --- training epoch 396, loss 0.0068, mae 0.0853, rmse 0.1170, time elapsed(min) 0.02---
2026-10-01 07:17:35,828 - INFO - --- validation at epoch 396, val_loss 0.0076, val_mae 0.0877, val_rmse 0.1207, val_r2 0.8009, val_pearson 0.8958, lr 1.00e-06 ---
2026-10-01 07:17:35,828 - INFO - 
****************************************************************************************************
2026-10-01 07:17:37,619 - INFO - --- training epoch 397, loss 0.0069, mae 0.0859, rmse 0.1178, time elapsed(min) 0.03---
2026-10-01 07:17:37,988 - INFO - --- validation at epoch 397, val_loss 0.0076, val_mae 0.0876, val_rmse 0.1207, val_r2 0.8009, val_pearson 0.8960, lr 1.00e-06 ---
2026-10-01 07:17:37,988 - INFO - 
****************************************************************************************************
2026-10-01 07:17:39,910 - INFO - --- training epoch 398, loss 0.0069, mae 0.0854, rmse 0.1172, time elapsed(min) 0.02---
2026-10-01 07:17:40,125 - INFO - --- validation at epoch 398, val_loss 0.0076, val_mae 0.0876, val_rmse 0.1206, val_r2 0.8013, val_pearson 0.8958, lr 1.00e-06 ---
2026-10-01 07:17:40,125 - INFO - 
****************************************************************************************************
2026-10-01 07:17:41,971 - INFO - --- training epoch 399, loss 0.0070, mae 0.0861, rmse 0.1182, time elapsed(min) 0.02---
2026-10-01 07:17:42,186 - INFO - --- validation at epoch 399, val_loss 0.0076, val_mae 0.0877, val_rmse 0.1208, val_r2 0.8008, val_pearson 0.8958, lr 1.00e-06 ---
2026-10-01 07:17:42,186 - INFO - 
****************************************************************************************************
2026-10-01 07:17:42,712 - INFO - --- selected checkpoint from epoch 398, val_loss 0.0076, val_mae 0.0876, val_rmse 0.1206
2026-10-01 07:17:43,503 - INFO - -- RESULT
2026-10-01 07:17:43,503 - INFO - --- test size: 1728
2026-10-01 07:17:43,503 - INFO - --- MAE: 0.0886 (8.86 pp), RMSE: 0.1221 (12.21 pp), R2: 0.8117, Pearson: 0.9012
2026-10-01 07:17:45,767 - INFO - --- Suzuki-Miyaura | split_1 | approach_2: test R2 0.8117 MAE 0.0886 RMSE 0.1221 | 838.0s (2.1s/epoch)
2026-10-01 07:17:45,788 - INFO - --- Suzuki-Miyaura | split_1 | MLP control (ind/mlp) (ind/mlp)
