2026-10-01 08:39:00,514 - INFO - device is	cuda:0
2026-10-01 08:39:00,704 - INFO - -- CONFIGURATIONS
2026-10-01 08:39:00,704 - INFO - --- train/valid/test: 3628/404/1728
2026-10-01 08:39:00,704 - INFO - --- max no. reactants_train, valid, test respectively: 14, 14, 14
2026-10-01 08:39:00,704 - INFO - --- max no. products_train, valid, test respectively: 1, 1, 1
2026-10-01 08:39:00,704 - INFO - --- model_path: ../logs/approach2_grid_suzuki/e400/runs/Suzuki-Miyaura_split_4_current_model/model.pt
2026-10-01 08:39:00,711 - INFO - -- TRAINING
2026-10-01 08:39:02,055 - INFO - --- training epoch 0, loss 1.8727, mae 2.1924, rmse 6.4900, time elapsed(min) 0.02---
2026-10-01 08:39:02,377 - INFO - --- validation at epoch 0, val_loss 0.0572, val_mae 0.2896, val_rmse 0.3301, val_r2 -0.4704, val_pearson 0.2510, lr 1.00e-03 ---
2026-10-01 08:39:02,377 - INFO - 
****************************************************************************************************
2026-10-01 08:39:04,069 - INFO - --- training epoch 1, loss 0.0408, mae 0.2459, rmse 0.2857, time elapsed(min) 0.02---
2026-10-01 08:39:04,521 - INFO - --- validation at epoch 1, val_loss 0.0372, val_mae 0.2274, val_rmse 0.2665, val_r2 0.0415, val_pearson 0.2726, lr 1.00e-03 ---
2026-10-01 08:39:04,521 - INFO - 
****************************************************************************************************
2026-10-01 08:39:06,104 - INFO - --- training epoch 2, loss 0.0381, mae 0.2371, rmse 0.2762, time elapsed(min) 0.02---
2026-10-01 08:39:06,311 - INFO - --- validation at epoch 2, val_loss 0.0361, val_mae 0.2224, val_rmse 0.2671, val_r2 0.0371, val_pearson 0.2622, lr 1.00e-03 ---
2026-10-01 08:39:06,312 - INFO - 
****************************************************************************************************
2026-10-01 08:39:07,923 - INFO - --- training epoch 3, loss 0.0368, mae 0.2313, rmse 0.2714, time elapsed(min) 0.02---
2026-10-01 08:39:08,128 - INFO - --- validation at epoch 3, val_loss 0.0347, val_mae 0.2263, val_rmse 0.2618, val_r2 0.0751, val_pearson 0.2749, lr 1.00e-03 ---
2026-10-01 08:39:08,128 - INFO - 
****************************************************************************************************
2026-10-01 08:39:09,806 - INFO - --- training epoch 4, loss 0.0360, mae 0.2291, rmse 0.2683, time elapsed(min) 0.02---
2026-10-01 08:39:10,186 - INFO - --- validation at epoch 4, val_loss 0.0347, val_mae 0.2266, val_rmse 0.2616, val_r2 0.0764, val_pearson 0.2813, lr 1.00e-03 ---
2026-10-01 08:39:10,186 - INFO - 
****************************************************************************************************
2026-10-01 08:39:12,003 - INFO - --- training epoch 5, loss 0.0361, mae 0.2294, rmse 0.2688, time elapsed(min) 0.02---
2026-10-01 08:39:12,207 - INFO - --- validation at epoch 5, val_loss 0.0347, val_mae 0.2252, val_rmse 0.2612, val_r2 0.0790, val_pearson 0.2847, lr 1.00e-03 ---
2026-10-01 08:39:12,208 - INFO - 
****************************************************************************************************
2026-10-01 08:39:13,807 - INFO - --- training epoch 6, loss 0.0357, mae 0.2274, rmse 0.2672, time elapsed(min) 0.02---
2026-10-01 08:39:14,062 - INFO - --- validation at epoch 6, val_loss 0.0345, val_mae 0.2218, val_rmse 0.2599, val_r2 0.0880, val_pearson 0.3013, lr 1.00e-03 ---
2026-10-01 08:39:14,062 - INFO - 
****************************************************************************************************
2026-10-01 08:39:15,691 - INFO - --- training epoch 7, loss 0.0356, mae 0.2269, rmse 0.2670, time elapsed(min) 0.02---
2026-10-01 08:39:16,021 - INFO - --- validation at epoch 7, val_loss 0.0345, val_mae 0.2154, val_rmse 0.2591, val_r2 0.0938, val_pearson 0.3281, lr 1.00e-03 ---
2026-10-01 08:39:16,021 - INFO - 
****************************************************************************************************
2026-10-01 08:39:17,890 - INFO - --- training epoch 8, loss 0.0348, mae 0.2222, rmse 0.2640, time elapsed(min) 0.03---
2026-10-01 08:39:18,097 - INFO - --- validation at epoch 8, val_loss 0.0341, val_mae 0.2075, val_rmse 0.2569, val_r2 0.1090, val_pearson 0.3581, lr 1.00e-03 ---
2026-10-01 08:39:18,097 - INFO - 
****************************************************************************************************
2026-10-01 08:39:19,785 - INFO - --- training epoch 9, loss 0.0337, mae 0.2181, rmse 0.2597, time elapsed(min) 0.02---
2026-10-01 08:39:19,992 - INFO - --- validation at epoch 9, val_loss 0.0333, val_mae 0.2091, val_rmse 0.2547, val_r2 0.1246, val_pearson 0.3704, lr 1.00e-03 ---
2026-10-01 08:39:19,992 - INFO - 
****************************************************************************************************
2026-10-01 08:39:21,629 - INFO - --- training epoch 10, loss 0.0327, mae 0.2145, rmse 0.2557, time elapsed(min) 0.02---
2026-10-01 08:39:21,834 - INFO - --- validation at epoch 10, val_loss 0.0335, val_mae 0.2027, val_rmse 0.2528, val_r2 0.1375, val_pearson 0.3943, lr 1.00e-03 ---
2026-10-01 08:39:21,834 - INFO - 
****************************************************************************************************
2026-10-01 08:39:23,517 - INFO - --- training epoch 11, loss 0.0327, mae 0.2124, rmse 0.2557, time elapsed(min) 0.02---
2026-10-01 08:39:23,895 - INFO - --- validation at epoch 11, val_loss 0.0322, val_mae 0.1991, val_rmse 0.2492, val_r2 0.1618, val_pearson 0.4291, lr 1.00e-03 ---
2026-10-01 08:39:23,895 - INFO - 
****************************************************************************************************
2026-10-01 08:39:25,676 - INFO - --- training epoch 12, loss 0.0315, mae 0.2083, rmse 0.2511, time elapsed(min) 0.02---
2026-10-01 08:39:25,899 - INFO - --- validation at epoch 12, val_loss 0.0313, val_mae 0.1981, val_rmse 0.2454, val_r2 0.1869, val_pearson 0.4446, lr 1.00e-03 ---
2026-10-01 08:39:25,900 - INFO - 
****************************************************************************************************
2026-10-01 08:39:27,525 - INFO - --- training epoch 13, loss 0.0314, mae 0.2079, rmse 0.2506, time elapsed(min) 0.02---
2026-10-01 08:39:27,730 - INFO - --- validation at epoch 13, val_loss 0.0311, val_mae 0.1981, val_rmse 0.2449, val_r2 0.1902, val_pearson 0.4476, lr 1.00e-03 ---
2026-10-01 08:39:27,731 - INFO - 
****************************************************************************************************
2026-10-01 08:39:29,374 - INFO - --- training epoch 14, loss 0.0304, mae 0.2035, rmse 0.2467, time elapsed(min) 0.02---
2026-10-01 08:39:29,703 - INFO - --- validation at epoch 14, val_loss 0.0302, val_mae 0.1981, val_rmse 0.2417, val_r2 0.2114, val_pearson 0.4717, lr 1.00e-03 ---
2026-10-01 08:39:29,703 - INFO - 
****************************************************************************************************
2026-10-01 08:39:31,576 - INFO - --- training epoch 15, loss 0.0300, mae 0.2022, rmse 0.2450, time elapsed(min) 0.03---
2026-10-01 08:39:31,798 - INFO - --- validation at epoch 15, val_loss 0.0309, val_mae 0.1960, val_rmse 0.2433, val_r2 0.2012, val_pearson 0.4695, lr 1.00e-03 ---
2026-10-01 08:39:31,798 - INFO - 
****************************************************************************************************
2026-10-01 08:39:33,331 - INFO - --- training epoch 16, loss 0.0301, mae 0.2021, rmse 0.2453, time elapsed(min) 0.02---
2026-10-01 08:39:33,535 - INFO - --- validation at epoch 16, val_loss 0.0309, val_mae 0.1949, val_rmse 0.2432, val_r2 0.2020, val_pearson 0.4787, lr 1.00e-03 ---
2026-10-01 08:39:33,535 - INFO - 
****************************************************************************************************
2026-10-01 08:39:35,093 - INFO - --- training epoch 17, loss 0.0293, mae 0.1980, rmse 0.2422, time elapsed(min) 0.02---
2026-10-01 08:39:35,421 - INFO - --- validation at epoch 17, val_loss 0.0296, val_mae 0.1926, val_rmse 0.2382, val_r2 0.2341, val_pearson 0.4888, lr 1.00e-03 ---
2026-10-01 08:39:35,421 - INFO - 
****************************************************************************************************
2026-10-01 08:39:37,355 - INFO - --- training epoch 18, loss 0.0288, mae 0.1974, rmse 0.2402, time elapsed(min) 0.03---
2026-10-01 08:39:37,581 - INFO - --- validation at epoch 18, val_loss 0.0297, val_mae 0.1948, val_rmse 0.2390, val_r2 0.2291, val_pearson 0.4826, lr 1.00e-03 ---
2026-10-01 08:39:37,581 - INFO - 
****************************************************************************************************
2026-10-01 08:39:39,139 - INFO - --- training epoch 19, loss 0.0292, mae 0.1989, rmse 0.2415, time elapsed(min) 0.02---
2026-10-01 08:39:39,381 - INFO - --- validation at epoch 19, val_loss 0.0310, val_mae 0.1944, val_rmse 0.2417, val_r2 0.2117, val_pearson 0.4838, lr 1.00e-03 ---
2026-10-01 08:39:39,381 - INFO - 
****************************************************************************************************
2026-10-01 08:39:40,938 - INFO - --- training epoch 20, loss 0.0296, mae 0.1998, rmse 0.2435, time elapsed(min) 0.02---
2026-10-01 08:39:41,279 - INFO - --- validation at epoch 20, val_loss 0.0294, val_mae 0.1917, val_rmse 0.2380, val_r2 0.2353, val_pearson 0.4938, lr 1.00e-03 ---
2026-10-01 08:39:41,279 - INFO - 
****************************************************************************************************
2026-10-01 08:39:43,195 - INFO - --- training epoch 21, loss 0.0285, mae 0.1951, rmse 0.2389, time elapsed(min) 0.03---
2026-10-01 08:39:43,405 - INFO - --- validation at epoch 21, val_loss 0.0302, val_mae 0.1917, val_rmse 0.2400, val_r2 0.2222, val_pearson 0.4929, lr 1.00e-03 ---
2026-10-01 08:39:43,405 - INFO - 
****************************************************************************************************
2026-10-01 08:39:44,953 - INFO - --- training epoch 22, loss 0.0284, mae 0.1962, rmse 0.2384, time elapsed(min) 0.02---
2026-10-01 08:39:45,163 - INFO - --- validation at epoch 22, val_loss 0.0296, val_mae 0.1894, val_rmse 0.2378, val_r2 0.2368, val_pearson 0.5122, lr 1.00e-03 ---
2026-10-01 08:39:45,163 - INFO - 
****************************************************************************************************
2026-10-01 08:39:46,798 - INFO - --- training epoch 23, loss 0.0267, mae 0.1889, rmse 0.2312, time elapsed(min) 0.02---
2026-10-01 08:39:47,003 - INFO - --- validation at epoch 23, val_loss 0.0244, val_mae 0.1730, val_rmse 0.2161, val_r2 0.3695, val_pearson 0.6140, lr 1.00e-03 ---
2026-10-01 08:39:47,003 - INFO - 
****************************************************************************************************
2026-10-01 08:39:48,823 - INFO - --- training epoch 24, loss 0.0250, mae 0.1821, rmse 0.2237, time elapsed(min) 0.02---
2026-10-01 08:39:49,203 - INFO - --- validation at epoch 24, val_loss 0.0241, val_mae 0.1680, val_rmse 0.2187, val_r2 0.3542, val_pearson 0.6222, lr 1.00e-03 ---
2026-10-01 08:39:49,203 - INFO - 
****************************************************************************************************
2026-10-01 08:39:50,944 - INFO - --- training epoch 25, loss 0.0222, mae 0.1716, rmse 0.2106, time elapsed(min) 0.02---
2026-10-01 08:39:51,149 - INFO - --- validation at epoch 25, val_loss 0.0216, val_mae 0.1667, val_rmse 0.2065, val_r2 0.4245, val_pearson 0.6530, lr 1.00e-03 ---
2026-10-01 08:39:51,149 - INFO - 
****************************************************************************************************
2026-10-01 08:39:52,804 - INFO - --- training epoch 26, loss 0.0208, mae 0.1654, rmse 0.2038, time elapsed(min) 0.02---
2026-10-01 08:39:53,008 - INFO - --- validation at epoch 26, val_loss 0.0221, val_mae 0.1641, val_rmse 0.2082, val_r2 0.4152, val_pearson 0.6573, lr 1.00e-03 ---
2026-10-01 08:39:53,008 - INFO - 
****************************************************************************************************
2026-10-01 08:39:54,685 - INFO - --- training epoch 27, loss 0.0204, mae 0.1624, rmse 0.2021, time elapsed(min) 0.02---
2026-10-01 08:39:55,062 - INFO - --- validation at epoch 27, val_loss 0.0226, val_mae 0.1650, val_rmse 0.2111, val_r2 0.3985, val_pearson 0.6592, lr 1.00e-03 ---
2026-10-01 08:39:55,062 - INFO - 
****************************************************************************************************
2026-10-01 08:39:56,771 - INFO - --- training epoch 28, loss 0.0200, mae 0.1606, rmse 0.2002, time elapsed(min) 0.02---
2026-10-01 08:39:56,997 - INFO - --- validation at epoch 28, val_loss 0.0207, val_mae 0.1621, val_rmse 0.2033, val_r2 0.4424, val_pearson 0.6679, lr 1.00e-03 ---
2026-10-01 08:39:56,997 - INFO - 
****************************************************************************************************
2026-10-01 08:39:58,649 - INFO - --- training epoch 29, loss 0.0194, mae 0.1576, rmse 0.1970, time elapsed(min) 0.02---
2026-10-01 08:39:58,854 - INFO - --- validation at epoch 29, val_loss 0.0218, val_mae 0.1609, val_rmse 0.2063, val_r2 0.4258, val_pearson 0.6622, lr 1.00e-03 ---
2026-10-01 08:39:58,854 - INFO - 
****************************************************************************************************
2026-10-01 08:40:00,470 - INFO - --- training epoch 30, loss 0.0196, mae 0.1590, rmse 0.1979, time elapsed(min) 0.02---
2026-10-01 08:40:00,839 - INFO - --- validation at epoch 30, val_loss 0.0202, val_mae 0.1582, val_rmse 0.2010, val_r2 0.4545, val_pearson 0.6780, lr 1.00e-03 ---
2026-10-01 08:40:00,839 - INFO - 
****************************************************************************************************
2026-10-01 08:40:02,718 - INFO - --- training epoch 31, loss 0.0186, mae 0.1543, rmse 0.1928, time elapsed(min) 0.03---
2026-10-01 08:40:02,921 - INFO - --- validation at epoch 31, val_loss 0.0194, val_mae 0.1572, val_rmse 0.1966, val_r2 0.4783, val_pearson 0.6917, lr 1.00e-03 ---
2026-10-01 08:40:02,921 - INFO - 
****************************************************************************************************
2026-10-01 08:40:04,605 - INFO - --- training epoch 32, loss 0.0187, mae 0.1540, rmse 0.1932, time elapsed(min) 0.02---
2026-10-01 08:40:04,807 - INFO - --- validation at epoch 32, val_loss 0.0198, val_mae 0.1561, val_rmse 0.1983, val_r2 0.4690, val_pearson 0.6889, lr 1.00e-03 ---
2026-10-01 08:40:04,807 - INFO - 
****************************************************************************************************
2026-10-01 08:40:06,375 - INFO - --- training epoch 33, loss 0.0183, mae 0.1518, rmse 0.1911, time elapsed(min) 0.02---
2026-10-01 08:40:06,703 - INFO - --- validation at epoch 33, val_loss 0.0214, val_mae 0.1581, val_rmse 0.2022, val_r2 0.4480, val_pearson 0.6862, lr 1.00e-03 ---
2026-10-01 08:40:06,703 - INFO - 
****************************************************************************************************
2026-10-01 08:40:08,492 - INFO - --- training epoch 34, loss 0.0189, mae 0.1543, rmse 0.1942, time elapsed(min) 0.03---
2026-10-01 08:40:08,692 - INFO - --- validation at epoch 34, val_loss 0.0217, val_mae 0.1587, val_rmse 0.2071, val_r2 0.4211, val_pearson 0.6992, lr 1.00e-03 ---
2026-10-01 08:40:08,692 - INFO - 
****************************************************************************************************
2026-10-01 08:40:10,278 - INFO - --- training epoch 35, loss 0.0178, mae 0.1506, rmse 0.1886, time elapsed(min) 0.02---
2026-10-01 08:40:10,482 - INFO - --- validation at epoch 35, val_loss 0.0178, val_mae 0.1464, val_rmse 0.1868, val_r2 0.5288, val_pearson 0.7309, lr 1.00e-03 ---
2026-10-01 08:40:10,482 - INFO - 
****************************************************************************************************
2026-10-01 08:40:12,183 - INFO - --- training epoch 36, loss 0.0175, mae 0.1481, rmse 0.1871, time elapsed(min) 0.02---
2026-10-01 08:40:12,512 - INFO - --- validation at epoch 36, val_loss 0.0204, val_mae 0.1560, val_rmse 0.1987, val_r2 0.4671, val_pearson 0.7160, lr 1.00e-03 ---
2026-10-01 08:40:12,512 - INFO - 
****************************************************************************************************
2026-10-01 08:40:14,255 - INFO - --- training epoch 37, loss 0.0170, mae 0.1460, rmse 0.1846, time elapsed(min) 0.02---
2026-10-01 08:40:14,455 - INFO - --- validation at epoch 37, val_loss 0.0191, val_mae 0.1474, val_rmse 0.1896, val_r2 0.5149, val_pearson 0.7327, lr 1.00e-03 ---
2026-10-01 08:40:14,455 - INFO - 
****************************************************************************************************
2026-10-01 08:40:15,998 - INFO - --- training epoch 38, loss 0.0161, mae 0.1425, rmse 0.1797, time elapsed(min) 0.02---
2026-10-01 08:40:16,201 - INFO - --- validation at epoch 38, val_loss 0.0190, val_mae 0.1482, val_rmse 0.1888, val_r2 0.5187, val_pearson 0.7337, lr 1.00e-03 ---
2026-10-01 08:40:16,201 - INFO - 
****************************************************************************************************
2026-10-01 08:40:17,759 - INFO - --- training epoch 39, loss 0.0166, mae 0.1445, rmse 0.1820, time elapsed(min) 0.02---
2026-10-01 08:40:18,083 - INFO - --- validation at epoch 39, val_loss 0.0212, val_mae 0.1581, val_rmse 0.2004, val_r2 0.4578, val_pearson 0.7417, lr 1.00e-03 ---
2026-10-01 08:40:18,083 - INFO - 
****************************************************************************************************
2026-10-01 08:40:19,900 - INFO - --- training epoch 40, loss 0.0165, mae 0.1434, rmse 0.1816, time elapsed(min) 0.03---
2026-10-01 08:40:20,102 - INFO - --- validation at epoch 40, val_loss 0.0176, val_mae 0.1442, val_rmse 0.1835, val_r2 0.5457, val_pearson 0.7494, lr 1.00e-03 ---
2026-10-01 08:40:20,102 - INFO - 
****************************************************************************************************
2026-10-01 08:40:21,774 - INFO - --- training epoch 41, loss 0.0158, mae 0.1402, rmse 0.1777, time elapsed(min) 0.02---
2026-10-01 08:40:21,978 - INFO - --- validation at epoch 41, val_loss 0.0170, val_mae 0.1431, val_rmse 0.1816, val_r2 0.5547, val_pearson 0.7491, lr 1.00e-03 ---
2026-10-01 08:40:21,978 - INFO - 
****************************************************************************************************
2026-10-01 08:40:23,682 - INFO - --- training epoch 42, loss 0.0154, mae 0.1389, rmse 0.1756, time elapsed(min) 0.02---
2026-10-01 08:40:24,021 - INFO - --- validation at epoch 42, val_loss 0.0168, val_mae 0.1402, val_rmse 0.1785, val_r2 0.5697, val_pearson 0.7577, lr 1.00e-03 ---
2026-10-01 08:40:24,021 - INFO - 
****************************************************************************************************
2026-10-01 08:40:25,837 - INFO - --- training epoch 43, loss 0.0158, mae 0.1407, rmse 0.1780, time elapsed(min) 0.02---
2026-10-01 08:40:26,209 - INFO - --- validation at epoch 43, val_loss 0.0201, val_mae 0.1503, val_rmse 0.1939, val_r2 0.4924, val_pearson 0.7478, lr 1.00e-03 ---
2026-10-01 08:40:26,209 - INFO - 
****************************************************************************************************
2026-10-01 08:40:28,025 - INFO - --- training epoch 44, loss 0.0154, mae 0.1383, rmse 0.1753, time elapsed(min) 0.02---
2026-10-01 08:40:28,230 - INFO - --- validation at epoch 44, val_loss 0.0175, val_mae 0.1408, val_rmse 0.1808, val_r2 0.5590, val_pearson 0.7640, lr 1.00e-03 ---
2026-10-01 08:40:28,230 - INFO - 
****************************************************************************************************
2026-10-01 08:40:29,791 - INFO - --- training epoch 45, loss 0.0159, mae 0.1395, rmse 0.1783, time elapsed(min) 0.02---
2026-10-01 08:40:29,996 - INFO - --- validation at epoch 45, val_loss 0.0172, val_mae 0.1368, val_rmse 0.1794, val_r2 0.5657, val_pearson 0.7648, lr 1.00e-03 ---
2026-10-01 08:40:29,996 - INFO - 
****************************************************************************************************
2026-10-01 08:40:31,775 - INFO - --- training epoch 46, loss 0.0148, mae 0.1346, rmse 0.1718, time elapsed(min) 0.02---
2026-10-01 08:40:32,141 - INFO - --- validation at epoch 46, val_loss 0.0178, val_mae 0.1443, val_rmse 0.1843, val_r2 0.5417, val_pearson 0.7547, lr 1.00e-03 ---
2026-10-01 08:40:32,141 - INFO - 
****************************************************************************************************
2026-10-01 08:40:34,026 - INFO - --- training epoch 47, loss 0.0146, mae 0.1339, rmse 0.1709, time elapsed(min) 0.02---
2026-10-01 08:40:34,229 - INFO - --- validation at epoch 47, val_loss 0.0172, val_mae 0.1377, val_rmse 0.1802, val_r2 0.5616, val_pearson 0.7703, lr 1.00e-03 ---
2026-10-01 08:40:34,229 - INFO - 
****************************************************************************************************
2026-10-01 08:40:35,833 - INFO - --- training epoch 48, loss 0.0143, mae 0.1326, rmse 0.1693, time elapsed(min) 0.02---
2026-10-01 08:40:36,041 - INFO - --- validation at epoch 48, val_loss 0.0175, val_mae 0.1412, val_rmse 0.1791, val_r2 0.5669, val_pearson 0.7663, lr 1.00e-03 ---
2026-10-01 08:40:36,041 - INFO - 
****************************************************************************************************
2026-10-01 08:40:37,686 - INFO - --- training epoch 49, loss 0.0147, mae 0.1350, rmse 0.1716, time elapsed(min) 0.02---
2026-10-01 08:40:38,047 - INFO - --- validation at epoch 49, val_loss 0.0189, val_mae 0.1504, val_rmse 0.1880, val_r2 0.5232, val_pearson 0.7615, lr 1.00e-03 ---
2026-10-01 08:40:38,047 - INFO - 
****************************************************************************************************
2026-10-01 08:40:39,864 - INFO - --- training epoch 50, loss 0.0149, mae 0.1352, rmse 0.1725, time elapsed(min) 0.02---
2026-10-01 08:40:40,074 - INFO - --- validation at epoch 50, val_loss 0.0197, val_mae 0.1506, val_rmse 0.1911, val_r2 0.5072, val_pearson 0.7752, lr 1.00e-03 ---
2026-10-01 08:40:40,074 - INFO - 
****************************************************************************************************
2026-10-01 08:40:41,752 - INFO - --- training epoch 51, loss 0.0148, mae 0.1349, rmse 0.1723, time elapsed(min) 0.02---
2026-10-01 08:40:41,973 - INFO - --- validation at epoch 51, val_loss 0.0181, val_mae 0.1466, val_rmse 0.1841, val_r2 0.5427, val_pearson 0.7738, lr 1.00e-03 ---
2026-10-01 08:40:41,973 - INFO - 
****************************************************************************************************
2026-10-01 08:40:43,534 - INFO - --- training epoch 52, loss 0.0138, mae 0.1299, rmse 0.1661, time elapsed(min) 0.02---
2026-10-01 08:40:43,869 - INFO - --- validation at epoch 52, val_loss 0.0192, val_mae 0.1502, val_rmse 0.1873, val_r2 0.5262, val_pearson 0.7731, lr 1.00e-03 ---
2026-10-01 08:40:43,869 - INFO - 
****************************************************************************************************
2026-10-01 08:40:45,635 - INFO - --- training epoch 53, loss 0.0142, mae 0.1320, rmse 0.1685, time elapsed(min) 0.02---
2026-10-01 08:40:45,840 - INFO - --- validation at epoch 53, val_loss 0.0196, val_mae 0.1530, val_rmse 0.1909, val_r2 0.5079, val_pearson 0.7713, lr 1.00e-03 ---
2026-10-01 08:40:45,840 - INFO - 
****************************************************************************************************
2026-10-01 08:40:47,393 - INFO - --- training epoch 54, loss 0.0135, mae 0.1288, rmse 0.1643, time elapsed(min) 0.02---
2026-10-01 08:40:47,600 - INFO - --- validation at epoch 54, val_loss 0.0150, val_mae 0.1298, val_rmse 0.1687, val_r2 0.6157, val_pearson 0.7873, lr 3.00e-04 ---
2026-10-01 08:40:47,600 - INFO - 
****************************************************************************************************
2026-10-01 08:40:49,239 - INFO - --- training epoch 55, loss 0.0127, mae 0.1244, rmse 0.1594, time elapsed(min) 0.02---
2026-10-01 08:40:49,563 - INFO - --- validation at epoch 55, val_loss 0.0146, val_mae 0.1270, val_rmse 0.1655, val_r2 0.6304, val_pearson 0.7961, lr 3.00e-04 ---
2026-10-01 08:40:49,563 - INFO - 
****************************************************************************************************
2026-10-01 08:40:51,472 - INFO - --- training epoch 56, loss 0.0123, mae 0.1228, rmse 0.1571, time elapsed(min) 0.03---
2026-10-01 08:40:51,691 - INFO - --- validation at epoch 56, val_loss 0.0146, val_mae 0.1269, val_rmse 0.1653, val_r2 0.6313, val_pearson 0.7965, lr 3.00e-04 ---
2026-10-01 08:40:51,691 - INFO - 
****************************************************************************************************
2026-10-01 08:40:53,290 - INFO - --- training epoch 57, loss 0.0123, mae 0.1222, rmse 0.1569, time elapsed(min) 0.02---
2026-10-01 08:40:53,495 - INFO - --- validation at epoch 57, val_loss 0.0145, val_mae 0.1261, val_rmse 0.1639, val_r2 0.6376, val_pearson 0.8000, lr 3.00e-04 ---
2026-10-01 08:40:53,495 - INFO - 
****************************************************************************************************
2026-10-01 08:40:55,127 - INFO - --- training epoch 58, loss 0.0122, mae 0.1224, rmse 0.1564, time elapsed(min) 0.02---
2026-10-01 08:40:55,456 - INFO - --- validation at epoch 58, val_loss 0.0152, val_mae 0.1288, val_rmse 0.1668, val_r2 0.6243, val_pearson 0.7994, lr 3.00e-04 ---
2026-10-01 08:40:55,456 - INFO - 
****************************************************************************************************
2026-10-01 08:40:57,103 - INFO - --- training epoch 59, loss 0.0125, mae 0.1229, rmse 0.1580, time elapsed(min) 0.02---
2026-10-01 08:40:57,501 - INFO - --- validation at epoch 59, val_loss 0.0146, val_mae 0.1262, val_rmse 0.1642, val_r2 0.6361, val_pearson 0.8020, lr 3.00e-04 ---
2026-10-01 08:40:57,501 - INFO - 
****************************************************************************************************
2026-10-01 08:40:59,220 - INFO - --- training epoch 60, loss 0.0125, mae 0.1237, rmse 0.1584, time elapsed(min) 0.02---
2026-10-01 08:40:59,424 - INFO - --- validation at epoch 60, val_loss 0.0145, val_mae 0.1264, val_rmse 0.1645, val_r2 0.6348, val_pearson 0.8019, lr 3.00e-04 ---
2026-10-01 08:40:59,424 - INFO - 
****************************************************************************************************
2026-10-01 08:41:01,045 - INFO - --- training epoch 61, loss 0.0121, mae 0.1214, rmse 0.1558, time elapsed(min) 0.02---
2026-10-01 08:41:01,247 - INFO - --- validation at epoch 61, val_loss 0.0141, val_mae 0.1239, val_rmse 0.1614, val_r2 0.6485, val_pearson 0.8097, lr 3.00e-04 ---
2026-10-01 08:41:01,247 - INFO - 
****************************************************************************************************
2026-10-01 08:41:03,008 - INFO - --- training epoch 62, loss 0.0119, mae 0.1196, rmse 0.1540, time elapsed(min) 0.02---
2026-10-01 08:41:03,343 - INFO - --- validation at epoch 62, val_loss 0.0140, val_mae 0.1245, val_rmse 0.1607, val_r2 0.6516, val_pearson 0.8138, lr 3.00e-04 ---
2026-10-01 08:41:03,343 - INFO - 
****************************************************************************************************
2026-10-01 08:41:05,176 - INFO - --- training epoch 63, loss 0.0119, mae 0.1200, rmse 0.1543, time elapsed(min) 0.02---
2026-10-01 08:41:05,378 - INFO - --- validation at epoch 63, val_loss 0.0151, val_mae 0.1291, val_rmse 0.1672, val_r2 0.6227, val_pearson 0.8097, lr 3.00e-04 ---
2026-10-01 08:41:05,378 - INFO - 
****************************************************************************************************
2026-10-01 08:41:06,947 - INFO - --- training epoch 64, loss 0.0121, mae 0.1210, rmse 0.1554, time elapsed(min) 0.02---
2026-10-01 08:41:07,186 - INFO - --- validation at epoch 64, val_loss 0.0153, val_mae 0.1298, val_rmse 0.1693, val_r2 0.6131, val_pearson 0.8111, lr 3.00e-04 ---
2026-10-01 08:41:07,186 - INFO - 
****************************************************************************************************
2026-10-01 08:41:08,742 - INFO - --- training epoch 65, loss 0.0117, mae 0.1183, rmse 0.1532, time elapsed(min) 0.02---
2026-10-01 08:41:09,080 - INFO - --- validation at epoch 65, val_loss 0.0147, val_mae 0.1281, val_rmse 0.1660, val_r2 0.6280, val_pearson 0.8114, lr 3.00e-04 ---
2026-10-01 08:41:09,080 - INFO - 
****************************************************************************************************
2026-10-01 08:41:10,821 - INFO - --- training epoch 66, loss 0.0118, mae 0.1196, rmse 0.1537, time elapsed(min) 0.02---
2026-10-01 08:41:11,044 - INFO - --- validation at epoch 66, val_loss 0.0135, val_mae 0.1239, val_rmse 0.1603, val_r2 0.6530, val_pearson 0.8193, lr 3.00e-04 ---
2026-10-01 08:41:11,044 - INFO - 
****************************************************************************************************
2026-10-01 08:41:12,827 - INFO - --- training epoch 67, loss 0.0115, mae 0.1176, rmse 0.1515, time elapsed(min) 0.02---
2026-10-01 08:41:13,029 - INFO - --- validation at epoch 67, val_loss 0.0154, val_mae 0.1305, val_rmse 0.1700, val_r2 0.6097, val_pearson 0.8102, lr 3.00e-04 ---
2026-10-01 08:41:13,029 - INFO - 
****************************************************************************************************
2026-10-01 08:41:14,580 - INFO - --- training epoch 68, loss 0.0117, mae 0.1187, rmse 0.1531, time elapsed(min) 0.02---
2026-10-01 08:41:14,908 - INFO - --- validation at epoch 68, val_loss 0.0138, val_mae 0.1247, val_rmse 0.1608, val_r2 0.6509, val_pearson 0.8188, lr 3.00e-04 ---
2026-10-01 08:41:14,908 - INFO - 
****************************************************************************************************
2026-10-01 08:41:16,737 - INFO - --- training epoch 69, loss 0.0115, mae 0.1173, rmse 0.1516, time elapsed(min) 0.03---
2026-10-01 08:41:16,941 - INFO - --- validation at epoch 69, val_loss 0.0147, val_mae 0.1287, val_rmse 0.1664, val_r2 0.6264, val_pearson 0.8175, lr 3.00e-04 ---
2026-10-01 08:41:16,941 - INFO - 
****************************************************************************************************
2026-10-01 08:41:18,483 - INFO - --- training epoch 70, loss 0.0117, mae 0.1185, rmse 0.1528, time elapsed(min) 0.02---
2026-10-01 08:41:18,710 - INFO - --- validation at epoch 70, val_loss 0.0130, val_mae 0.1227, val_rmse 0.1586, val_r2 0.6605, val_pearson 0.8230, lr 3.00e-04 ---
2026-10-01 08:41:18,710 - INFO - 
****************************************************************************************************
2026-10-01 08:41:20,346 - INFO - --- training epoch 71, loss 0.0116, mae 0.1173, rmse 0.1522, time elapsed(min) 0.02---
2026-10-01 08:41:20,671 - INFO - --- validation at epoch 71, val_loss 0.0145, val_mae 0.1287, val_rmse 0.1657, val_r2 0.6293, val_pearson 0.8201, lr 3.00e-04 ---
2026-10-01 08:41:20,671 - INFO - 
****************************************************************************************************
2026-10-01 08:41:22,427 - INFO - --- training epoch 72, loss 0.0113, mae 0.1163, rmse 0.1501, time elapsed(min) 0.02---
2026-10-01 08:41:22,641 - INFO - --- validation at epoch 72, val_loss 0.0138, val_mae 0.1268, val_rmse 0.1632, val_r2 0.6406, val_pearson 0.8235, lr 3.00e-04 ---
2026-10-01 08:41:22,641 - INFO - 
****************************************************************************************************
2026-10-01 08:41:24,197 - INFO - --- training epoch 73, loss 0.0113, mae 0.1174, rmse 0.1504, time elapsed(min) 0.02---
2026-10-01 08:41:24,402 - INFO - --- validation at epoch 73, val_loss 0.0138, val_mae 0.1252, val_rmse 0.1618, val_r2 0.6465, val_pearson 0.8215, lr 3.00e-04 ---
2026-10-01 08:41:24,402 - INFO - 
****************************************************************************************************
2026-10-01 08:41:25,950 - INFO - --- training epoch 74, loss 0.0112, mae 0.1150, rmse 0.1494, time elapsed(min) 0.02---
2026-10-01 08:41:26,155 - INFO - --- validation at epoch 74, val_loss 0.0138, val_mae 0.1273, val_rmse 0.1625, val_r2 0.6435, val_pearson 0.8237, lr 3.00e-04 ---
2026-10-01 08:41:26,155 - INFO - 
****************************************************************************************************
2026-10-01 08:41:27,798 - INFO - --- training epoch 75, loss 0.0113, mae 0.1168, rmse 0.1503, time elapsed(min) 0.02---
2026-10-01 08:41:28,175 - INFO - --- validation at epoch 75, val_loss 0.0133, val_mae 0.1222, val_rmse 0.1583, val_r2 0.6618, val_pearson 0.8216, lr 3.00e-04 ---
2026-10-01 08:41:28,175 - INFO - 
****************************************************************************************************
2026-10-01 08:41:29,828 - INFO - --- training epoch 76, loss 0.0110, mae 0.1150, rmse 0.1481, time elapsed(min) 0.02---
2026-10-01 08:41:30,033 - INFO - --- validation at epoch 76, val_loss 0.0139, val_mae 0.1276, val_rmse 0.1629, val_r2 0.6417, val_pearson 0.8251, lr 3.00e-04 ---
2026-10-01 08:41:30,033 - INFO - 
****************************************************************************************************
2026-10-01 08:41:31,586 - INFO - --- training epoch 77, loss 0.0111, mae 0.1153, rmse 0.1489, time elapsed(min) 0.02---
2026-10-01 08:41:31,792 - INFO - --- validation at epoch 77, val_loss 0.0135, val_mae 0.1257, val_rmse 0.1607, val_r2 0.6516, val_pearson 0.8325, lr 3.00e-04 ---
2026-10-01 08:41:31,792 - INFO - 
****************************************************************************************************
2026-10-01 08:41:33,354 - INFO - --- training epoch 78, loss 0.0111, mae 0.1142, rmse 0.1487, time elapsed(min) 0.02---
2026-10-01 08:41:33,686 - INFO - --- validation at epoch 78, val_loss 0.0134, val_mae 0.1244, val_rmse 0.1612, val_r2 0.6493, val_pearson 0.8233, lr 3.00e-04 ---
2026-10-01 08:41:33,686 - INFO - 
****************************************************************************************************
2026-10-01 08:41:35,442 - INFO - --- training epoch 79, loss 0.0109, mae 0.1135, rmse 0.1475, time elapsed(min) 0.02---
2026-10-01 08:41:35,647 - INFO - --- validation at epoch 79, val_loss 0.0136, val_mae 0.1259, val_rmse 0.1624, val_r2 0.6438, val_pearson 0.8293, lr 3.00e-04 ---
2026-10-01 08:41:35,647 - INFO - 
****************************************************************************************************
2026-10-01 08:41:37,188 - INFO - --- training epoch 80, loss 0.0109, mae 0.1142, rmse 0.1478, time elapsed(min) 0.02---
2026-10-01 08:41:37,399 - INFO - --- validation at epoch 80, val_loss 0.0132, val_mae 0.1221, val_rmse 0.1593, val_r2 0.6575, val_pearson 0.8287, lr 3.00e-04 ---
2026-10-01 08:41:37,399 - INFO - 
****************************************************************************************************
2026-10-01 08:41:38,950 - INFO - --- training epoch 81, loss 0.0108, mae 0.1127, rmse 0.1468, time elapsed(min) 0.02---
2026-10-01 08:41:39,297 - INFO - --- validation at epoch 81, val_loss 0.0134, val_mae 0.1248, val_rmse 0.1604, val_r2 0.6528, val_pearson 0.8327, lr 3.00e-04 ---
2026-10-01 08:41:39,297 - INFO - 
****************************************************************************************************
2026-10-01 08:41:41,000 - INFO - --- training epoch 82, loss 0.0103, mae 0.1103, rmse 0.1436, time elapsed(min) 0.02---
2026-10-01 08:41:41,453 - INFO - --- validation at epoch 82, val_loss 0.0121, val_mae 0.1165, val_rmse 0.1530, val_r2 0.6841, val_pearson 0.8311, lr 9.00e-05 ---
2026-10-01 08:41:41,454 - INFO - 
****************************************************************************************************
2026-10-01 08:41:43,149 - INFO - --- training epoch 83, loss 0.0101, mae 0.1085, rmse 0.1418, time elapsed(min) 0.02---
2026-10-01 08:41:43,368 - INFO - --- validation at epoch 83, val_loss 0.0118, val_mae 0.1149, val_rmse 0.1514, val_r2 0.6906, val_pearson 0.8332, lr 9.00e-05 ---
2026-10-01 08:41:43,368 - INFO - 
****************************************************************************************************
2026-10-01 08:41:45,000 - INFO - --- training epoch 84, loss 0.0099, mae 0.1077, rmse 0.1408, time elapsed(min) 0.02---
2026-10-01 08:41:45,204 - INFO - --- validation at epoch 84, val_loss 0.0117, val_mae 0.1149, val_rmse 0.1507, val_r2 0.6936, val_pearson 0.8350, lr 9.00e-05 ---
2026-10-01 08:41:45,204 - INFO - 
****************************************************************************************************
2026-10-01 08:41:46,943 - INFO - --- training epoch 85, loss 0.0097, mae 0.1069, rmse 0.1394, time elapsed(min) 0.02---
2026-10-01 08:41:47,428 - INFO - --- validation at epoch 85, val_loss 0.0117, val_mae 0.1155, val_rmse 0.1512, val_r2 0.6915, val_pearson 0.8355, lr 9.00e-05 ---
2026-10-01 08:41:47,428 - INFO - 
****************************************************************************************************
2026-10-01 08:41:49,139 - INFO - --- training epoch 86, loss 0.0098, mae 0.1072, rmse 0.1403, time elapsed(min) 0.02---
2026-10-01 08:41:49,341 - INFO - --- validation at epoch 86, val_loss 0.0120, val_mae 0.1165, val_rmse 0.1524, val_r2 0.6864, val_pearson 0.8332, lr 9.00e-05 ---
2026-10-01 08:41:49,341 - INFO - 
****************************************************************************************************
2026-10-01 08:41:50,901 - INFO - --- training epoch 87, loss 0.0099, mae 0.1070, rmse 0.1408, time elapsed(min) 0.02---
2026-10-01 08:41:51,106 - INFO - --- validation at epoch 87, val_loss 0.0118, val_mae 0.1162, val_rmse 0.1520, val_r2 0.6882, val_pearson 0.8332, lr 9.00e-05 ---
2026-10-01 08:41:51,106 - INFO - 
****************************************************************************************************
2026-10-01 08:41:52,742 - INFO - --- training epoch 88, loss 0.0099, mae 0.1078, rmse 0.1408, time elapsed(min) 0.02---
2026-10-01 08:41:53,119 - INFO - --- validation at epoch 88, val_loss 0.0115, val_mae 0.1145, val_rmse 0.1498, val_r2 0.6970, val_pearson 0.8391, lr 9.00e-05 ---
2026-10-01 08:41:53,119 - INFO - 
****************************************************************************************************
2026-10-01 08:41:54,890 - INFO - --- training epoch 89, loss 0.0100, mae 0.1086, rmse 0.1415, time elapsed(min) 0.02---
2026-10-01 08:41:55,098 - INFO - --- validation at epoch 89, val_loss 0.0118, val_mae 0.1158, val_rmse 0.1514, val_r2 0.6907, val_pearson 0.8354, lr 9.00e-05 ---
2026-10-01 08:41:55,098 - INFO - 
****************************************************************************************************
2026-10-01 08:41:56,671 - INFO - --- training epoch 90, loss 0.0099, mae 0.1083, rmse 0.1407, time elapsed(min) 0.02---
2026-10-01 08:41:56,877 - INFO - --- validation at epoch 90, val_loss 0.0118, val_mae 0.1162, val_rmse 0.1518, val_r2 0.6889, val_pearson 0.8374, lr 9.00e-05 ---
2026-10-01 08:41:56,877 - INFO - 
****************************************************************************************************
2026-10-01 08:41:58,553 - INFO - --- training epoch 91, loss 0.0101, mae 0.1089, rmse 0.1422, time elapsed(min) 0.02---
2026-10-01 08:41:58,889 - INFO - --- validation at epoch 91, val_loss 0.0120, val_mae 0.1163, val_rmse 0.1525, val_r2 0.6860, val_pearson 0.8336, lr 9.00e-05 ---
2026-10-01 08:41:58,889 - INFO - 
****************************************************************************************************
2026-10-01 08:42:00,659 - INFO - --- training epoch 92, loss 0.0096, mae 0.1059, rmse 0.1384, time elapsed(min) 0.02---
2026-10-01 08:42:00,867 - INFO - --- validation at epoch 92, val_loss 0.0117, val_mae 0.1148, val_rmse 0.1503, val_r2 0.6952, val_pearson 0.8380, lr 9.00e-05 ---
2026-10-01 08:42:00,867 - INFO - 
****************************************************************************************************
2026-10-01 08:42:02,472 - INFO - --- training epoch 93, loss 0.0096, mae 0.1062, rmse 0.1386, time elapsed(min) 0.02---
2026-10-01 08:42:02,682 - INFO - --- validation at epoch 93, val_loss 0.0115, val_mae 0.1127, val_rmse 0.1496, val_r2 0.6977, val_pearson 0.8405, lr 9.00e-05 ---
2026-10-01 08:42:02,682 - INFO - 
****************************************************************************************************
2026-10-01 08:42:04,324 - INFO - --- training epoch 94, loss 0.0096, mae 0.1059, rmse 0.1383, time elapsed(min) 0.02---
2026-10-01 08:42:04,652 - INFO - --- validation at epoch 94, val_loss 0.0118, val_mae 0.1155, val_rmse 0.1514, val_r2 0.6906, val_pearson 0.8387, lr 9.00e-05 ---
2026-10-01 08:42:04,652 - INFO - 
****************************************************************************************************
2026-10-01 08:42:06,299 - INFO - --- training epoch 95, loss 0.0099, mae 0.1081, rmse 0.1408, time elapsed(min) 0.02---
2026-10-01 08:42:06,800 - INFO - --- validation at epoch 95, val_loss 0.0121, val_mae 0.1171, val_rmse 0.1523, val_r2 0.6867, val_pearson 0.8382, lr 9.00e-05 ---
2026-10-01 08:42:06,800 - INFO - 
****************************************************************************************************
2026-10-01 08:42:08,368 - INFO - --- training epoch 96, loss 0.0097, mae 0.1061, rmse 0.1390, time elapsed(min) 0.02---
2026-10-01 08:42:08,569 - INFO - --- validation at epoch 96, val_loss 0.0114, val_mae 0.1130, val_rmse 0.1491, val_r2 0.6997, val_pearson 0.8429, lr 9.00e-05 ---
2026-10-01 08:42:08,569 - INFO - 
****************************************************************************************************
2026-10-01 08:42:10,220 - INFO - --- training epoch 97, loss 0.0096, mae 0.1065, rmse 0.1384, time elapsed(min) 0.02---
2026-10-01 08:42:10,429 - INFO - --- validation at epoch 97, val_loss 0.0114, val_mae 0.1141, val_rmse 0.1489, val_r2 0.7008, val_pearson 0.8435, lr 9.00e-05 ---
2026-10-01 08:42:10,429 - INFO - 
****************************************************************************************************
2026-10-01 08:42:12,143 - INFO - --- training epoch 98, loss 0.0096, mae 0.1060, rmse 0.1385, time elapsed(min) 0.02---
2026-10-01 08:42:12,502 - INFO - --- validation at epoch 98, val_loss 0.0117, val_mae 0.1158, val_rmse 0.1508, val_r2 0.6929, val_pearson 0.8393, lr 9.00e-05 ---
2026-10-01 08:42:12,502 - INFO - 
****************************************************************************************************
2026-10-01 08:42:14,244 - INFO - --- training epoch 99, loss 0.0096, mae 0.1062, rmse 0.1387, time elapsed(min) 0.02---
2026-10-01 08:42:14,446 - INFO - --- validation at epoch 99, val_loss 0.0118, val_mae 0.1149, val_rmse 0.1506, val_r2 0.6940, val_pearson 0.8393, lr 9.00e-05 ---
2026-10-01 08:42:14,446 - INFO - 
****************************************************************************************************
2026-10-01 08:42:16,015 - INFO - --- training epoch 100, loss 0.0097, mae 0.1064, rmse 0.1391, time elapsed(min) 0.02---
2026-10-01 08:42:16,220 - INFO - --- validation at epoch 100, val_loss 0.0121, val_mae 0.1165, val_rmse 0.1522, val_r2 0.6872, val_pearson 0.8353, lr 9.00e-05 ---
2026-10-01 08:42:16,220 - INFO - 
****************************************************************************************************
2026-10-01 08:42:17,797 - INFO - --- training epoch 101, loss 0.0096, mae 0.1061, rmse 0.1386, time elapsed(min) 0.02---
2026-10-01 08:42:18,128 - INFO - --- validation at epoch 101, val_loss 0.0117, val_mae 0.1147, val_rmse 0.1508, val_r2 0.6929, val_pearson 0.8429, lr 9.00e-05 ---
2026-10-01 08:42:18,128 - INFO - 
****************************************************************************************************
2026-10-01 08:42:19,877 - INFO - --- training epoch 102, loss 0.0096, mae 0.1063, rmse 0.1387, time elapsed(min) 0.02---
2026-10-01 08:42:20,080 - INFO - --- validation at epoch 102, val_loss 0.0117, val_mae 0.1144, val_rmse 0.1499, val_r2 0.6968, val_pearson 0.8393, lr 9.00e-05 ---
2026-10-01 08:42:20,080 - INFO - 
****************************************************************************************************
2026-10-01 08:42:21,683 - INFO - --- training epoch 103, loss 0.0094, mae 0.1053, rmse 0.1370, time elapsed(min) 0.02---
2026-10-01 08:42:21,892 - INFO - --- validation at epoch 103, val_loss 0.0111, val_mae 0.1113, val_rmse 0.1472, val_r2 0.7075, val_pearson 0.8492, lr 9.00e-05 ---
2026-10-01 08:42:21,892 - INFO - 
****************************************************************************************************
2026-10-01 08:42:23,636 - INFO - --- training epoch 104, loss 0.0092, mae 0.1039, rmse 0.1359, time elapsed(min) 0.02---
2026-10-01 08:42:23,839 - INFO - --- validation at epoch 104, val_loss 0.0119, val_mae 0.1162, val_rmse 0.1524, val_r2 0.6867, val_pearson 0.8439, lr 9.00e-05 ---
2026-10-01 08:42:23,839 - INFO - 
****************************************************************************************************
2026-10-01 08:42:25,562 - INFO - --- training epoch 105, loss 0.0096, mae 0.1052, rmse 0.1384, time elapsed(min) 0.02---
2026-10-01 08:42:25,941 - INFO - --- validation at epoch 105, val_loss 0.0111, val_mae 0.1122, val_rmse 0.1465, val_r2 0.7103, val_pearson 0.8476, lr 9.00e-05 ---
2026-10-01 08:42:25,941 - INFO - 
****************************************************************************************************
2026-10-01 08:42:27,614 - INFO - --- training epoch 106, loss 0.0093, mae 0.1044, rmse 0.1363, time elapsed(min) 0.02---
2026-10-01 08:42:27,833 - INFO - --- validation at epoch 106, val_loss 0.0109, val_mae 0.1106, val_rmse 0.1460, val_r2 0.7124, val_pearson 0.8472, lr 9.00e-05 ---
2026-10-01 08:42:27,833 - INFO - 
****************************************************************************************************
2026-10-01 08:42:29,538 - INFO - --- training epoch 107, loss 0.0092, mae 0.1031, rmse 0.1358, time elapsed(min) 0.02---
2026-10-01 08:42:29,744 - INFO - --- validation at epoch 107, val_loss 0.0115, val_mae 0.1135, val_rmse 0.1488, val_r2 0.7013, val_pearson 0.8442, lr 9.00e-05 ---
2026-10-01 08:42:29,744 - INFO - 
****************************************************************************************************
2026-10-01 08:42:31,341 - INFO - --- training epoch 108, loss 0.0093, mae 0.1037, rmse 0.1362, time elapsed(min) 0.02---
2026-10-01 08:42:31,703 - INFO - --- validation at epoch 108, val_loss 0.0110, val_mae 0.1108, val_rmse 0.1466, val_r2 0.7100, val_pearson 0.8464, lr 9.00e-05 ---
2026-10-01 08:42:31,703 - INFO - 
****************************************************************************************************
2026-10-01 08:42:33,503 - INFO - --- training epoch 109, loss 0.0092, mae 0.1032, rmse 0.1356, time elapsed(min) 0.03---
2026-10-01 08:42:33,710 - INFO - --- validation at epoch 109, val_loss 0.0110, val_mae 0.1109, val_rmse 0.1472, val_r2 0.7077, val_pearson 0.8476, lr 9.00e-05 ---
2026-10-01 08:42:33,710 - INFO - 
****************************************************************************************************
2026-10-01 08:42:35,305 - INFO - --- training epoch 110, loss 0.0091, mae 0.1025, rmse 0.1349, time elapsed(min) 0.02---
2026-10-01 08:42:35,508 - INFO - --- validation at epoch 110, val_loss 0.0110, val_mae 0.1110, val_rmse 0.1460, val_r2 0.7122, val_pearson 0.8497, lr 9.00e-05 ---
2026-10-01 08:42:35,508 - INFO - 
****************************************************************************************************
2026-10-01 08:42:37,076 - INFO - --- training epoch 111, loss 0.0091, mae 0.1030, rmse 0.1346, time elapsed(min) 0.02---
2026-10-01 08:42:37,396 - INFO - --- validation at epoch 111, val_loss 0.0109, val_mae 0.1106, val_rmse 0.1460, val_r2 0.7124, val_pearson 0.8488, lr 9.00e-05 ---
2026-10-01 08:42:37,396 - INFO - 
****************************************************************************************************
2026-10-01 08:42:39,119 - INFO - --- training epoch 112, loss 0.0090, mae 0.1024, rmse 0.1344, time elapsed(min) 0.02---
2026-10-01 08:42:39,596 - INFO - --- validation at epoch 112, val_loss 0.0108, val_mae 0.1103, val_rmse 0.1453, val_r2 0.7152, val_pearson 0.8529, lr 9.00e-05 ---
2026-10-01 08:42:39,596 - INFO - 
****************************************************************************************************
2026-10-01 08:42:41,241 - INFO - --- training epoch 113, loss 0.0091, mae 0.1026, rmse 0.1351, time elapsed(min) 0.02---
2026-10-01 08:42:41,444 - INFO - --- validation at epoch 113, val_loss 0.0104, val_mae 0.1063, val_rmse 0.1429, val_r2 0.7242, val_pearson 0.8529, lr 9.00e-05 ---
2026-10-01 08:42:41,444 - INFO - 
****************************************************************************************************
2026-10-01 08:42:43,226 - INFO - --- training epoch 114, loss 0.0092, mae 0.1040, rmse 0.1357, time elapsed(min) 0.02---
2026-10-01 08:42:43,436 - INFO - --- validation at epoch 114, val_loss 0.0109, val_mae 0.1113, val_rmse 0.1460, val_r2 0.7124, val_pearson 0.8497, lr 9.00e-05 ---
2026-10-01 08:42:43,436 - INFO - 
****************************************************************************************************
2026-10-01 08:42:45,157 - INFO - --- training epoch 115, loss 0.0094, mae 0.1050, rmse 0.1368, time elapsed(min) 0.02---
2026-10-01 08:42:45,527 - INFO - --- validation at epoch 115, val_loss 0.0110, val_mae 0.1108, val_rmse 0.1457, val_r2 0.7133, val_pearson 0.8494, lr 9.00e-05 ---
2026-10-01 08:42:45,527 - INFO - 
****************************************************************************************************
2026-10-01 08:42:47,187 - INFO - --- training epoch 116, loss 0.0092, mae 0.1036, rmse 0.1357, time elapsed(min) 0.02---
2026-10-01 08:42:47,391 - INFO - --- validation at epoch 116, val_loss 0.0106, val_mae 0.1098, val_rmse 0.1448, val_r2 0.7171, val_pearson 0.8526, lr 9.00e-05 ---
2026-10-01 08:42:47,391 - INFO - 
****************************************************************************************************
2026-10-01 08:42:48,957 - INFO - --- training epoch 117, loss 0.0092, mae 0.1029, rmse 0.1354, time elapsed(min) 0.02---
2026-10-01 08:42:49,206 - INFO - --- validation at epoch 117, val_loss 0.0112, val_mae 0.1111, val_rmse 0.1468, val_r2 0.7092, val_pearson 0.8494, lr 9.00e-05 ---
2026-10-01 08:42:49,206 - INFO - 
****************************************************************************************************
2026-10-01 08:42:50,901 - INFO - --- training epoch 118, loss 0.0091, mae 0.1030, rmse 0.1353, time elapsed(min) 0.02---
2026-10-01 08:42:51,280 - INFO - --- validation at epoch 118, val_loss 0.0109, val_mae 0.1100, val_rmse 0.1444, val_r2 0.7185, val_pearson 0.8524, lr 9.00e-05 ---
2026-10-01 08:42:51,280 - INFO - 
****************************************************************************************************
2026-10-01 08:42:53,047 - INFO - --- training epoch 119, loss 0.0090, mae 0.1014, rmse 0.1342, time elapsed(min) 0.02---
2026-10-01 08:42:53,249 - INFO - --- validation at epoch 119, val_loss 0.0104, val_mae 0.1082, val_rmse 0.1429, val_r2 0.7243, val_pearson 0.8536, lr 9.00e-05 ---
2026-10-01 08:42:53,249 - INFO - 
****************************************************************************************************
2026-10-01 08:42:54,886 - INFO - --- training epoch 120, loss 0.0090, mae 0.1022, rmse 0.1341, time elapsed(min) 0.02---
2026-10-01 08:42:55,094 - INFO - --- validation at epoch 120, val_loss 0.0108, val_mae 0.1113, val_rmse 0.1454, val_r2 0.7147, val_pearson 0.8552, lr 9.00e-05 ---
2026-10-01 08:42:55,094 - INFO - 
****************************************************************************************************
2026-10-01 08:42:56,688 - INFO - --- training epoch 121, loss 0.0091, mae 0.1022, rmse 0.1346, time elapsed(min) 0.02---
2026-10-01 08:42:57,017 - INFO - --- validation at epoch 121, val_loss 0.0102, val_mae 0.1076, val_rmse 0.1424, val_r2 0.7264, val_pearson 0.8587, lr 9.00e-05 ---
2026-10-01 08:42:57,017 - INFO - 
****************************************************************************************************
2026-10-01 08:42:58,936 - INFO - --- training epoch 122, loss 0.0089, mae 0.1005, rmse 0.1333, time elapsed(min) 0.03---
2026-10-01 08:42:59,140 - INFO - --- validation at epoch 122, val_loss 0.0105, val_mae 0.1079, val_rmse 0.1431, val_r2 0.7235, val_pearson 0.8546, lr 9.00e-05 ---
2026-10-01 08:42:59,140 - INFO - 
****************************************************************************************************
2026-10-01 08:43:00,706 - INFO - --- training epoch 123, loss 0.0089, mae 0.1018, rmse 0.1337, time elapsed(min) 0.02---
2026-10-01 08:43:00,910 - INFO - --- validation at epoch 123, val_loss 0.0102, val_mae 0.1068, val_rmse 0.1424, val_r2 0.7264, val_pearson 0.8552, lr 9.00e-05 ---
2026-10-01 08:43:00,910 - INFO - 
****************************************************************************************************
2026-10-01 08:43:02,555 - INFO - --- training epoch 124, loss 0.0088, mae 0.1008, rmse 0.1330, time elapsed(min) 0.02---
2026-10-01 08:43:02,879 - INFO - --- validation at epoch 124, val_loss 0.0109, val_mae 0.1101, val_rmse 0.1448, val_r2 0.7170, val_pearson 0.8533, lr 9.00e-05 ---
2026-10-01 08:43:02,879 - INFO - 
****************************************************************************************************
2026-10-01 08:43:04,690 - INFO - --- training epoch 125, loss 0.0088, mae 0.1012, rmse 0.1330, time elapsed(min) 0.03---
2026-10-01 08:43:04,916 - INFO - --- validation at epoch 125, val_loss 0.0102, val_mae 0.1066, val_rmse 0.1410, val_r2 0.7316, val_pearson 0.8572, lr 9.00e-05 ---
2026-10-01 08:43:04,916 - INFO - 
****************************************************************************************************
2026-10-01 08:43:06,584 - INFO - --- training epoch 126, loss 0.0089, mae 0.1009, rmse 0.1332, time elapsed(min) 0.02---
2026-10-01 08:43:06,794 - INFO - --- validation at epoch 126, val_loss 0.0107, val_mae 0.1092, val_rmse 0.1441, val_r2 0.7198, val_pearson 0.8523, lr 9.00e-05 ---
2026-10-01 08:43:06,794 - INFO - 
****************************************************************************************************
2026-10-01 08:43:08,375 - INFO - --- training epoch 127, loss 0.0089, mae 0.1013, rmse 0.1336, time elapsed(min) 0.02---
2026-10-01 08:43:08,582 - INFO - --- validation at epoch 127, val_loss 0.0100, val_mae 0.1056, val_rmse 0.1402, val_r2 0.7347, val_pearson 0.8597, lr 9.00e-05 ---
2026-10-01 08:43:08,582 - INFO - 
****************************************************************************************************
2026-10-01 08:43:10,328 - INFO - --- training epoch 128, loss 0.0090, mae 0.1023, rmse 0.1344, time elapsed(min) 0.02---
2026-10-01 08:43:10,700 - INFO - --- validation at epoch 128, val_loss 0.0103, val_mae 0.1068, val_rmse 0.1412, val_r2 0.7310, val_pearson 0.8582, lr 9.00e-05 ---
2026-10-01 08:43:10,700 - INFO - 
****************************************************************************************************
2026-10-01 08:43:12,363 - INFO - --- training epoch 129, loss 0.0089, mae 0.1008, rmse 0.1331, time elapsed(min) 0.02---
2026-10-01 08:43:12,567 - INFO - --- validation at epoch 129, val_loss 0.0103, val_mae 0.1075, val_rmse 0.1418, val_r2 0.7288, val_pearson 0.8575, lr 9.00e-05 ---
2026-10-01 08:43:12,567 - INFO - 
****************************************************************************************************
2026-10-01 08:43:14,168 - INFO - --- training epoch 130, loss 0.0089, mae 0.1013, rmse 0.1335, time elapsed(min) 0.02---
2026-10-01 08:43:14,407 - INFO - --- validation at epoch 130, val_loss 0.0101, val_mae 0.1063, val_rmse 0.1406, val_r2 0.7332, val_pearson 0.8589, lr 9.00e-05 ---
2026-10-01 08:43:14,407 - INFO - 
****************************************************************************************************
2026-10-01 08:43:16,042 - INFO - --- training epoch 131, loss 0.0088, mae 0.1006, rmse 0.1328, time elapsed(min) 0.02---
2026-10-01 08:43:16,396 - INFO - --- validation at epoch 131, val_loss 0.0110, val_mae 0.1101, val_rmse 0.1447, val_r2 0.7174, val_pearson 0.8520, lr 9.00e-05 ---
2026-10-01 08:43:16,396 - INFO - 
****************************************************************************************************
2026-10-01 08:43:18,246 - INFO - --- training epoch 132, loss 0.0086, mae 0.0998, rmse 0.1311, time elapsed(min) 0.02---
2026-10-01 08:43:18,451 - INFO - --- validation at epoch 132, val_loss 0.0099, val_mae 0.1043, val_rmse 0.1389, val_r2 0.7394, val_pearson 0.8611, lr 9.00e-05 ---
2026-10-01 08:43:18,451 - INFO - 
****************************************************************************************************
2026-10-01 08:43:20,075 - INFO - --- training epoch 133, loss 0.0087, mae 0.0999, rmse 0.1317, time elapsed(min) 0.02---
2026-10-01 08:43:20,283 - INFO - --- validation at epoch 133, val_loss 0.0104, val_mae 0.1081, val_rmse 0.1419, val_r2 0.7282, val_pearson 0.8589, lr 9.00e-05 ---
2026-10-01 08:43:20,283 - INFO - 
****************************************************************************************************
2026-10-01 08:43:21,871 - INFO - --- training epoch 134, loss 0.0088, mae 0.1001, rmse 0.1329, time elapsed(min) 0.02---
2026-10-01 08:43:22,204 - INFO - --- validation at epoch 134, val_loss 0.0100, val_mae 0.1058, val_rmse 0.1396, val_r2 0.7369, val_pearson 0.8646, lr 9.00e-05 ---
2026-10-01 08:43:22,205 - INFO - 
****************************************************************************************************
2026-10-01 08:43:24,054 - INFO - --- training epoch 135, loss 0.0086, mae 0.1002, rmse 0.1313, time elapsed(min) 0.03---
2026-10-01 08:43:24,272 - INFO - --- validation at epoch 135, val_loss 0.0100, val_mae 0.1050, val_rmse 0.1405, val_r2 0.7334, val_pearson 0.8610, lr 9.00e-05 ---
2026-10-01 08:43:24,272 - INFO - 
****************************************************************************************************
2026-10-01 08:43:25,969 - INFO - --- training epoch 136, loss 0.0088, mae 0.1001, rmse 0.1330, time elapsed(min) 0.02---
2026-10-01 08:43:26,171 - INFO - --- validation at epoch 136, val_loss 0.0097, val_mae 0.1036, val_rmse 0.1382, val_r2 0.7424, val_pearson 0.8635, lr 9.00e-05 ---
2026-10-01 08:43:26,171 - INFO - 
****************************************************************************************************
2026-10-01 08:43:27,969 - INFO - --- training epoch 137, loss 0.0086, mae 0.0994, rmse 0.1309, time elapsed(min) 0.02---
2026-10-01 08:43:28,298 - INFO - --- validation at epoch 137, val_loss 0.0097, val_mae 0.1054, val_rmse 0.1386, val_r2 0.7408, val_pearson 0.8654, lr 9.00e-05 ---
2026-10-01 08:43:28,298 - INFO - 
****************************************************************************************************
2026-10-01 08:43:30,286 - INFO - --- training epoch 138, loss 0.0087, mae 0.1006, rmse 0.1322, time elapsed(min) 0.03---
2026-10-01 08:43:30,496 - INFO - --- validation at epoch 138, val_loss 0.0097, val_mae 0.1035, val_rmse 0.1381, val_r2 0.7427, val_pearson 0.8668, lr 9.00e-05 ---
2026-10-01 08:43:30,496 - INFO - 
****************************************************************************************************
2026-10-01 08:43:32,031 - INFO - --- training epoch 139, loss 0.0087, mae 0.0994, rmse 0.1318, time elapsed(min) 0.02---
2026-10-01 08:43:32,273 - INFO - --- validation at epoch 139, val_loss 0.0101, val_mae 0.1053, val_rmse 0.1402, val_r2 0.7345, val_pearson 0.8608, lr 9.00e-05 ---
2026-10-01 08:43:32,273 - INFO - 
****************************************************************************************************
2026-10-01 08:43:33,843 - INFO - --- training epoch 140, loss 0.0089, mae 0.1000, rmse 0.1331, time elapsed(min) 0.02---
2026-10-01 08:43:34,172 - INFO - --- validation at epoch 140, val_loss 0.0103, val_mae 0.1046, val_rmse 0.1404, val_r2 0.7339, val_pearson 0.8584, lr 9.00e-05 ---
2026-10-01 08:43:34,172 - INFO - 
****************************************************************************************************
2026-10-01 08:43:35,818 - INFO - --- training epoch 141, loss 0.0086, mae 0.0993, rmse 0.1315, time elapsed(min) 0.02---
2026-10-01 08:43:36,178 - INFO - --- validation at epoch 141, val_loss 0.0099, val_mae 0.1039, val_rmse 0.1388, val_r2 0.7401, val_pearson 0.8624, lr 9.00e-05 ---
2026-10-01 08:43:36,178 - INFO - 
****************************************************************************************************
2026-10-01 08:43:37,924 - INFO - --- training epoch 142, loss 0.0085, mae 0.0982, rmse 0.1301, time elapsed(min) 0.02---
2026-10-01 08:43:38,124 - INFO - --- validation at epoch 142, val_loss 0.0106, val_mae 0.1071, val_rmse 0.1431, val_r2 0.7236, val_pearson 0.8570, lr 9.00e-05 ---
2026-10-01 08:43:38,125 - INFO - 
****************************************************************************************************
2026-10-01 08:43:39,742 - INFO - --- training epoch 143, loss 0.0085, mae 0.0984, rmse 0.1303, time elapsed(min) 0.02---
2026-10-01 08:43:39,950 - INFO - --- validation at epoch 143, val_loss 0.0101, val_mae 0.1052, val_rmse 0.1402, val_r2 0.7345, val_pearson 0.8619, lr 9.00e-05 ---
2026-10-01 08:43:39,950 - INFO - 
****************************************************************************************************
2026-10-01 08:43:41,588 - INFO - --- training epoch 144, loss 0.0086, mae 0.0991, rmse 0.1312, time elapsed(min) 0.02---
2026-10-01 08:43:41,968 - INFO - --- validation at epoch 144, val_loss 0.0098, val_mae 0.1037, val_rmse 0.1376, val_r2 0.7444, val_pearson 0.8650, lr 9.00e-05 ---
2026-10-01 08:43:41,968 - INFO - 
****************************************************************************************************
2026-10-01 08:43:43,752 - INFO - --- training epoch 145, loss 0.0087, mae 0.1002, rmse 0.1316, time elapsed(min) 0.03---
2026-10-01 08:43:43,954 - INFO - --- validation at epoch 145, val_loss 0.0097, val_mae 0.1036, val_rmse 0.1386, val_r2 0.7408, val_pearson 0.8641, lr 9.00e-05 ---
2026-10-01 08:43:43,954 - INFO - 
****************************************************************************************************
2026-10-01 08:43:45,497 - INFO - --- training epoch 146, loss 0.0086, mae 0.0991, rmse 0.1312, time elapsed(min) 0.02---
2026-10-01 08:43:45,703 - INFO - --- validation at epoch 146, val_loss 0.0103, val_mae 0.1070, val_rmse 0.1423, val_r2 0.7265, val_pearson 0.8597, lr 9.00e-05 ---
2026-10-01 08:43:45,703 - INFO - 
****************************************************************************************************
2026-10-01 08:43:47,285 - INFO - --- training epoch 147, loss 0.0087, mae 0.1002, rmse 0.1318, time elapsed(min) 0.02---
2026-10-01 08:43:47,612 - INFO - --- validation at epoch 147, val_loss 0.0101, val_mae 0.1067, val_rmse 0.1410, val_r2 0.7318, val_pearson 0.8622, lr 9.00e-05 ---
2026-10-01 08:43:47,612 - INFO - 
****************************************************************************************************
2026-10-01 08:43:49,511 - INFO - --- training epoch 148, loss 0.0088, mae 0.1006, rmse 0.1326, time elapsed(min) 0.03---
2026-10-01 08:43:49,716 - INFO - --- validation at epoch 148, val_loss 0.0106, val_mae 0.1075, val_rmse 0.1421, val_r2 0.7276, val_pearson 0.8564, lr 9.00e-05 ---
2026-10-01 08:43:49,716 - INFO - 
****************************************************************************************************
2026-10-01 08:43:51,281 - INFO - --- training epoch 149, loss 0.0082, mae 0.0975, rmse 0.1279, time elapsed(min) 0.02---
2026-10-01 08:43:51,479 - INFO - --- validation at epoch 149, val_loss 0.0095, val_mae 0.1023, val_rmse 0.1370, val_r2 0.7468, val_pearson 0.8668, lr 2.70e-05 ---
2026-10-01 08:43:51,479 - INFO - 
****************************************************************************************************
2026-10-01 08:43:53,206 - INFO - --- training epoch 150, loss 0.0082, mae 0.0966, rmse 0.1278, time elapsed(min) 0.02---
2026-10-01 08:43:53,412 - INFO - --- validation at epoch 150, val_loss 0.0094, val_mae 0.1015, val_rmse 0.1368, val_r2 0.7473, val_pearson 0.8665, lr 2.70e-05 ---
2026-10-01 08:43:53,412 - INFO - 
****************************************************************************************************
2026-10-01 08:43:55,154 - INFO - --- training epoch 151, loss 0.0081, mae 0.0961, rmse 0.1271, time elapsed(min) 0.02---
2026-10-01 08:43:55,622 - INFO - --- validation at epoch 151, val_loss 0.0093, val_mae 0.1020, val_rmse 0.1364, val_r2 0.7489, val_pearson 0.8693, lr 2.70e-05 ---
2026-10-01 08:43:55,623 - INFO - 
****************************************************************************************************
2026-10-01 08:43:57,333 - INFO - --- training epoch 152, loss 0.0083, mae 0.0980, rmse 0.1288, time elapsed(min) 0.02---
2026-10-01 08:43:57,537 - INFO - --- validation at epoch 152, val_loss 0.0096, val_mae 0.1039, val_rmse 0.1377, val_r2 0.7440, val_pearson 0.8680, lr 2.70e-05 ---
2026-10-01 08:43:57,537 - INFO - 
****************************************************************************************************
2026-10-01 08:43:59,086 - INFO - --- training epoch 153, loss 0.0083, mae 0.0970, rmse 0.1288, time elapsed(min) 0.02---
2026-10-01 08:43:59,290 - INFO - --- validation at epoch 153, val_loss 0.0091, val_mae 0.1011, val_rmse 0.1356, val_r2 0.7517, val_pearson 0.8707, lr 2.70e-05 ---
2026-10-01 08:43:59,291 - INFO - 
****************************************************************************************************
2026-10-01 08:44:01,032 - INFO - --- training epoch 154, loss 0.0082, mae 0.0972, rmse 0.1284, time elapsed(min) 0.02---
2026-10-01 08:44:01,408 - INFO - --- validation at epoch 154, val_loss 0.0093, val_mae 0.1013, val_rmse 0.1370, val_r2 0.7467, val_pearson 0.8670, lr 2.70e-05 ---
2026-10-01 08:44:01,408 - INFO - 
****************************************************************************************************
2026-10-01 08:44:03,212 - INFO - --- training epoch 155, loss 0.0083, mae 0.0976, rmse 0.1291, time elapsed(min) 0.02---
2026-10-01 08:44:03,417 - INFO - --- validation at epoch 155, val_loss 0.0095, val_mae 0.1030, val_rmse 0.1373, val_r2 0.7454, val_pearson 0.8664, lr 2.70e-05 ---
2026-10-01 08:44:03,417 - INFO - 
****************************************************************************************************
2026-10-01 08:44:05,100 - INFO - --- training epoch 156, loss 0.0081, mae 0.0962, rmse 0.1274, time elapsed(min) 0.02---
2026-10-01 08:44:05,309 - INFO - --- validation at epoch 156, val_loss 0.0093, val_mae 0.1016, val_rmse 0.1363, val_r2 0.7493, val_pearson 0.8690, lr 2.70e-05 ---
2026-10-01 08:44:05,310 - INFO - 
****************************************************************************************************
2026-10-01 08:44:06,951 - INFO - --- training epoch 157, loss 0.0081, mae 0.0964, rmse 0.1273, time elapsed(min) 0.02---
2026-10-01 08:44:07,279 - INFO - --- validation at epoch 157, val_loss 0.0093, val_mae 0.1015, val_rmse 0.1365, val_r2 0.7486, val_pearson 0.8690, lr 2.70e-05 ---
2026-10-01 08:44:07,279 - INFO - 
****************************************************************************************************
2026-10-01 08:44:09,108 - INFO - --- training epoch 158, loss 0.0084, mae 0.0968, rmse 0.1294, time elapsed(min) 0.03---
2026-10-01 08:44:09,313 - INFO - --- validation at epoch 158, val_loss 0.0093, val_mae 0.1018, val_rmse 0.1360, val_r2 0.7502, val_pearson 0.8695, lr 2.70e-05 ---
2026-10-01 08:44:09,313 - INFO - 
****************************************************************************************************
2026-10-01 08:44:10,884 - INFO - --- training epoch 159, loss 0.0082, mae 0.0972, rmse 0.1283, time elapsed(min) 0.02---
2026-10-01 08:44:11,089 - INFO - --- validation at epoch 159, val_loss 0.0092, val_mae 0.1007, val_rmse 0.1353, val_r2 0.7529, val_pearson 0.8705, lr 2.70e-05 ---
2026-10-01 08:44:11,089 - INFO - 
****************************************************************************************************
2026-10-01 08:44:12,727 - INFO - --- training epoch 160, loss 0.0080, mae 0.0962, rmse 0.1268, time elapsed(min) 0.02---
2026-10-01 08:44:13,055 - INFO - --- validation at epoch 160, val_loss 0.0091, val_mae 0.1012, val_rmse 0.1355, val_r2 0.7523, val_pearson 0.8716, lr 2.70e-05 ---
2026-10-01 08:44:13,055 - INFO - 
****************************************************************************************************
2026-10-01 08:44:14,844 - INFO - --- training epoch 161, loss 0.0083, mae 0.0972, rmse 0.1286, time elapsed(min) 0.03---
2026-10-01 08:44:15,046 - INFO - --- validation at epoch 161, val_loss 0.0093, val_mae 0.1021, val_rmse 0.1367, val_r2 0.7479, val_pearson 0.8705, lr 2.70e-05 ---
2026-10-01 08:44:15,046 - INFO - 
****************************************************************************************************
2026-10-01 08:44:16,620 - INFO - --- training epoch 162, loss 0.0080, mae 0.0951, rmse 0.1262, time elapsed(min) 0.02---
2026-10-01 08:44:16,825 - INFO - --- validation at epoch 162, val_loss 0.0093, val_mae 0.1021, val_rmse 0.1365, val_r2 0.7485, val_pearson 0.8700, lr 2.70e-05 ---
2026-10-01 08:44:16,825 - INFO - 
****************************************************************************************************
2026-10-01 08:44:18,472 - INFO - --- training epoch 163, loss 0.0080, mae 0.0953, rmse 0.1268, time elapsed(min) 0.02---
2026-10-01 08:44:18,843 - INFO - --- validation at epoch 163, val_loss 0.0092, val_mae 0.1012, val_rmse 0.1354, val_r2 0.7524, val_pearson 0.8706, lr 2.70e-05 ---
2026-10-01 08:44:18,843 - INFO - 
****************************************************************************************************
2026-10-01 08:44:20,535 - INFO - --- training epoch 164, loss 0.0080, mae 0.0959, rmse 0.1265, time elapsed(min) 0.02---
2026-10-01 08:44:20,914 - INFO - --- validation at epoch 164, val_loss 0.0091, val_mae 0.1000, val_rmse 0.1352, val_r2 0.7532, val_pearson 0.8706, lr 2.70e-05 ---
2026-10-01 08:44:20,914 - INFO - 
****************************************************************************************************
2026-10-01 08:44:22,677 - INFO - --- training epoch 165, loss 0.0082, mae 0.0968, rmse 0.1283, time elapsed(min) 0.02---
2026-10-01 08:44:22,881 - INFO - --- validation at epoch 165, val_loss 0.0093, val_mae 0.1020, val_rmse 0.1361, val_r2 0.7500, val_pearson 0.8702, lr 2.70e-05 ---
2026-10-01 08:44:22,881 - INFO - 
****************************************************************************************************
2026-10-01 08:44:24,445 - INFO - --- training epoch 166, loss 0.0080, mae 0.0949, rmse 0.1264, time elapsed(min) 0.02---
2026-10-01 08:44:24,646 - INFO - --- validation at epoch 166, val_loss 0.0092, val_mae 0.1006, val_rmse 0.1354, val_r2 0.7526, val_pearson 0.8711, lr 2.70e-05 ---
2026-10-01 08:44:24,646 - INFO - 
****************************************************************************************************
2026-10-01 08:44:26,290 - INFO - --- training epoch 167, loss 0.0081, mae 0.0963, rmse 0.1273, time elapsed(min) 0.02---
2026-10-01 08:44:26,646 - INFO - --- validation at epoch 167, val_loss 0.0094, val_mae 0.1022, val_rmse 0.1367, val_r2 0.7477, val_pearson 0.8692, lr 2.70e-05 ---
2026-10-01 08:44:26,646 - INFO - 
****************************************************************************************************
2026-10-01 08:44:28,425 - INFO - --- training epoch 168, loss 0.0081, mae 0.0967, rmse 0.1272, time elapsed(min) 0.02---
2026-10-01 08:44:28,628 - INFO - --- validation at epoch 168, val_loss 0.0094, val_mae 0.1016, val_rmse 0.1362, val_r2 0.7495, val_pearson 0.8698, lr 2.70e-05 ---
2026-10-01 08:44:28,628 - INFO - 
****************************************************************************************************
2026-10-01 08:44:30,215 - INFO - --- training epoch 169, loss 0.0082, mae 0.0962, rmse 0.1277, time elapsed(min) 0.02---
2026-10-01 08:44:30,422 - INFO - --- validation at epoch 169, val_loss 0.0090, val_mae 0.0998, val_rmse 0.1344, val_r2 0.7562, val_pearson 0.8721, lr 2.70e-05 ---
2026-10-01 08:44:30,422 - INFO - 
****************************************************************************************************
2026-10-01 08:44:32,157 - INFO - --- training epoch 170, loss 0.0081, mae 0.0964, rmse 0.1276, time elapsed(min) 0.02---
2026-10-01 08:44:32,492 - INFO - --- validation at epoch 170, val_loss 0.0094, val_mae 0.1019, val_rmse 0.1362, val_r2 0.7496, val_pearson 0.8697, lr 2.70e-05 ---
2026-10-01 08:44:32,492 - INFO - 
****************************************************************************************************
2026-10-01 08:44:34,298 - INFO - --- training epoch 171, loss 0.0081, mae 0.0962, rmse 0.1275, time elapsed(min) 0.03---
2026-10-01 08:44:34,504 - INFO - --- validation at epoch 171, val_loss 0.0091, val_mae 0.1008, val_rmse 0.1352, val_r2 0.7534, val_pearson 0.8718, lr 2.70e-05 ---
2026-10-01 08:44:34,504 - INFO - 
****************************************************************************************************
2026-10-01 08:44:36,078 - INFO - --- training epoch 172, loss 0.0081, mae 0.0963, rmse 0.1274, time elapsed(min) 0.02---
2026-10-01 08:44:36,294 - INFO - --- validation at epoch 172, val_loss 0.0092, val_mae 0.1011, val_rmse 0.1358, val_r2 0.7512, val_pearson 0.8714, lr 2.70e-05 ---
2026-10-01 08:44:36,294 - INFO - 
****************************************************************************************************
2026-10-01 08:44:37,865 - INFO - --- training epoch 173, loss 0.0080, mae 0.0956, rmse 0.1264, time elapsed(min) 0.02---
2026-10-01 08:44:38,207 - INFO - --- validation at epoch 173, val_loss 0.0091, val_mae 0.0994, val_rmse 0.1339, val_r2 0.7579, val_pearson 0.8735, lr 2.70e-05 ---
2026-10-01 08:44:38,207 - INFO - 
****************************************************************************************************
2026-10-01 08:44:39,930 - INFO - --- training epoch 174, loss 0.0079, mae 0.0954, rmse 0.1258, time elapsed(min) 0.02---
2026-10-01 08:44:40,287 - INFO - --- validation at epoch 174, val_loss 0.0094, val_mae 0.1020, val_rmse 0.1360, val_r2 0.7503, val_pearson 0.8703, lr 2.70e-05 ---
2026-10-01 08:44:40,287 - INFO - 
****************************************************************************************************
2026-10-01 08:44:42,006 - INFO - --- training epoch 175, loss 0.0081, mae 0.0958, rmse 0.1273, time elapsed(min) 0.02---
2026-10-01 08:44:42,212 - INFO - --- validation at epoch 175, val_loss 0.0093, val_mae 0.1022, val_rmse 0.1358, val_r2 0.7509, val_pearson 0.8706, lr 2.70e-05 ---
2026-10-01 08:44:42,212 - INFO - 
****************************************************************************************************
2026-10-01 08:44:43,768 - INFO - --- training epoch 176, loss 0.0081, mae 0.0967, rmse 0.1275, time elapsed(min) 0.02---
2026-10-01 08:44:43,967 - INFO - --- validation at epoch 176, val_loss 0.0094, val_mae 0.1022, val_rmse 0.1364, val_r2 0.7489, val_pearson 0.8700, lr 2.70e-05 ---
2026-10-01 08:44:43,968 - INFO - 
****************************************************************************************************
2026-10-01 08:44:45,641 - INFO - --- training epoch 177, loss 0.0083, mae 0.0979, rmse 0.1292, time elapsed(min) 0.02---
2026-10-01 08:44:46,015 - INFO - --- validation at epoch 177, val_loss 0.0090, val_mae 0.0998, val_rmse 0.1346, val_r2 0.7555, val_pearson 0.8731, lr 2.70e-05 ---
2026-10-01 08:44:46,015 - INFO - 
****************************************************************************************************
2026-10-01 08:44:47,837 - INFO - --- training epoch 178, loss 0.0081, mae 0.0964, rmse 0.1274, time elapsed(min) 0.02---
2026-10-01 08:44:48,045 - INFO - --- validation at epoch 178, val_loss 0.0091, val_mae 0.1002, val_rmse 0.1346, val_r2 0.7555, val_pearson 0.8722, lr 2.70e-05 ---
2026-10-01 08:44:48,045 - INFO - 
****************************************************************************************************
2026-10-01 08:44:49,688 - INFO - --- training epoch 179, loss 0.0080, mae 0.0958, rmse 0.1262, time elapsed(min) 0.02---
2026-10-01 08:44:49,892 - INFO - --- validation at epoch 179, val_loss 0.0093, val_mae 0.1024, val_rmse 0.1366, val_r2 0.7483, val_pearson 0.8697, lr 2.70e-05 ---
2026-10-01 08:44:49,892 - INFO - 
****************************************************************************************************
2026-10-01 08:44:51,525 - INFO - --- training epoch 180, loss 0.0081, mae 0.0958, rmse 0.1269, time elapsed(min) 0.02---
2026-10-01 08:44:51,862 - INFO - --- validation at epoch 180, val_loss 0.0093, val_mae 0.1018, val_rmse 0.1358, val_r2 0.7512, val_pearson 0.8714, lr 2.70e-05 ---
2026-10-01 08:44:51,863 - INFO - 
****************************************************************************************************
2026-10-01 08:44:53,645 - INFO - --- training epoch 181, loss 0.0079, mae 0.0949, rmse 0.1259, time elapsed(min) 0.03---
2026-10-01 08:44:53,849 - INFO - --- validation at epoch 181, val_loss 0.0091, val_mae 0.1008, val_rmse 0.1349, val_r2 0.7542, val_pearson 0.8728, lr 2.70e-05 ---
2026-10-01 08:44:53,849 - INFO - 
****************************************************************************************************
2026-10-01 08:44:55,389 - INFO - --- training epoch 182, loss 0.0081, mae 0.0958, rmse 0.1273, time elapsed(min) 0.02---
2026-10-01 08:44:55,596 - INFO - --- validation at epoch 182, val_loss 0.0092, val_mae 0.1002, val_rmse 0.1349, val_r2 0.7545, val_pearson 0.8721, lr 2.70e-05 ---
2026-10-01 08:44:55,596 - INFO - 
****************************************************************************************************
2026-10-01 08:44:57,222 - INFO - --- training epoch 183, loss 0.0081, mae 0.0964, rmse 0.1270, time elapsed(min) 0.02---
2026-10-01 08:44:57,546 - INFO - --- validation at epoch 183, val_loss 0.0093, val_mae 0.1024, val_rmse 0.1360, val_r2 0.7503, val_pearson 0.8739, lr 2.70e-05 ---
2026-10-01 08:44:57,546 - INFO - 
****************************************************************************************************
2026-10-01 08:44:59,217 - INFO - --- training epoch 184, loss 0.0081, mae 0.0948, rmse 0.1269, time elapsed(min) 0.02---
2026-10-01 08:44:59,592 - INFO - --- validation at epoch 184, val_loss 0.0091, val_mae 0.1002, val_rmse 0.1342, val_r2 0.7569, val_pearson 0.8739, lr 2.70e-05 ---
2026-10-01 08:44:59,592 - INFO - 
****************************************************************************************************
2026-10-01 08:45:01,242 - INFO - --- training epoch 185, loss 0.0080, mae 0.0955, rmse 0.1267, time elapsed(min) 0.02---
2026-10-01 08:45:01,450 - INFO - --- validation at epoch 185, val_loss 0.0093, val_mae 0.1022, val_rmse 0.1358, val_r2 0.7512, val_pearson 0.8725, lr 2.70e-05 ---
2026-10-01 08:45:01,450 - INFO - 
****************************************************************************************************
2026-10-01 08:45:03,001 - INFO - --- training epoch 186, loss 0.0081, mae 0.0958, rmse 0.1274, time elapsed(min) 0.02---
2026-10-01 08:45:03,206 - INFO - --- validation at epoch 186, val_loss 0.0092, val_mae 0.1008, val_rmse 0.1356, val_r2 0.7519, val_pearson 0.8729, lr 2.70e-05 ---
2026-10-01 08:45:03,206 - INFO - 
****************************************************************************************************
2026-10-01 08:45:04,749 - INFO - --- training epoch 187, loss 0.0079, mae 0.0948, rmse 0.1259, time elapsed(min) 0.02---
2026-10-01 08:45:05,120 - INFO - --- validation at epoch 187, val_loss 0.0091, val_mae 0.1001, val_rmse 0.1350, val_r2 0.7541, val_pearson 0.8726, lr 2.70e-05 ---
2026-10-01 08:45:05,120 - INFO - 
****************************************************************************************************
2026-10-01 08:45:06,873 - INFO - --- training epoch 188, loss 0.0077, mae 0.0936, rmse 0.1239, time elapsed(min) 0.02---
2026-10-01 08:45:07,079 - INFO - --- validation at epoch 188, val_loss 0.0092, val_mae 0.1008, val_rmse 0.1347, val_r2 0.7551, val_pearson 0.8750, lr 2.70e-05 ---
2026-10-01 08:45:07,079 - INFO - 
****************************************************************************************************
2026-10-01 08:45:08,646 - INFO - --- training epoch 189, loss 0.0080, mae 0.0953, rmse 0.1265, time elapsed(min) 0.02---
2026-10-01 08:45:08,851 - INFO - --- validation at epoch 189, val_loss 0.0089, val_mae 0.0976, val_rmse 0.1326, val_r2 0.7626, val_pearson 0.8754, lr 8.10e-06 ---
2026-10-01 08:45:08,851 - INFO - 
****************************************************************************************************
2026-10-01 08:45:10,489 - INFO - --- training epoch 190, loss 0.0080, mae 0.0958, rmse 0.1266, time elapsed(min) 0.02---
2026-10-01 08:45:10,819 - INFO - --- validation at epoch 190, val_loss 0.0089, val_mae 0.0970, val_rmse 0.1325, val_r2 0.7629, val_pearson 0.8748, lr 8.10e-06 ---
2026-10-01 08:45:10,819 - INFO - 
****************************************************************************************************
2026-10-01 08:45:12,661 - INFO - --- training epoch 191, loss 0.0079, mae 0.0948, rmse 0.1254, time elapsed(min) 0.02---
2026-10-01 08:45:13,134 - INFO - --- validation at epoch 191, val_loss 0.0089, val_mae 0.0971, val_rmse 0.1329, val_r2 0.7616, val_pearson 0.8743, lr 8.10e-06 ---
2026-10-01 08:45:13,134 - INFO - 
****************************************************************************************************
2026-10-01 08:45:14,768 - INFO - --- training epoch 192, loss 0.0079, mae 0.0950, rmse 0.1254, time elapsed(min) 0.02---
2026-10-01 08:45:14,977 - INFO - --- validation at epoch 192, val_loss 0.0088, val_mae 0.0967, val_rmse 0.1328, val_r2 0.7620, val_pearson 0.8748, lr 8.10e-06 ---
2026-10-01 08:45:14,977 - INFO - 
****************************************************************************************************
2026-10-01 08:45:16,631 - INFO - --- training epoch 193, loss 0.0079, mae 0.0948, rmse 0.1260, time elapsed(min) 0.02---
2026-10-01 08:45:16,960 - INFO - --- validation at epoch 193, val_loss 0.0088, val_mae 0.0966, val_rmse 0.1326, val_r2 0.7625, val_pearson 0.8753, lr 8.10e-06 ---
2026-10-01 08:45:16,960 - INFO - 
****************************************************************************************************
2026-10-01 08:45:18,689 - INFO - --- training epoch 194, loss 0.0079, mae 0.0937, rmse 0.1255, time elapsed(min) 0.02---
2026-10-01 08:45:19,111 - INFO - --- validation at epoch 194, val_loss 0.0090, val_mae 0.0976, val_rmse 0.1334, val_r2 0.7597, val_pearson 0.8737, lr 8.10e-06 ---
2026-10-01 08:45:19,111 - INFO - 
****************************************************************************************************
2026-10-01 08:45:20,858 - INFO - --- training epoch 195, loss 0.0079, mae 0.0949, rmse 0.1257, time elapsed(min) 0.02---
2026-10-01 08:45:21,060 - INFO - --- validation at epoch 195, val_loss 0.0089, val_mae 0.0972, val_rmse 0.1328, val_r2 0.7619, val_pearson 0.8745, lr 8.10e-06 ---
2026-10-01 08:45:21,060 - INFO - 
****************************************************************************************************
2026-10-01 08:45:22,620 - INFO - --- training epoch 196, loss 0.0079, mae 0.0948, rmse 0.1253, time elapsed(min) 0.02---
2026-10-01 08:45:22,824 - INFO - --- validation at epoch 196, val_loss 0.0088, val_mae 0.0964, val_rmse 0.1320, val_r2 0.7648, val_pearson 0.8761, lr 8.10e-06 ---
2026-10-01 08:45:22,824 - INFO - 
****************************************************************************************************
2026-10-01 08:45:24,534 - INFO - --- training epoch 197, loss 0.0079, mae 0.0942, rmse 0.1255, time elapsed(min) 0.02---
2026-10-01 08:45:24,914 - INFO - --- validation at epoch 197, val_loss 0.0087, val_mae 0.0961, val_rmse 0.1320, val_r2 0.7649, val_pearson 0.8762, lr 8.10e-06 ---
2026-10-01 08:45:24,914 - INFO - 
****************************************************************************************************
2026-10-01 08:45:26,748 - INFO - --- training epoch 198, loss 0.0081, mae 0.0964, rmse 0.1273, time elapsed(min) 0.02---
2026-10-01 08:45:26,951 - INFO - --- validation at epoch 198, val_loss 0.0088, val_mae 0.0965, val_rmse 0.1328, val_r2 0.7619, val_pearson 0.8752, lr 8.10e-06 ---
2026-10-01 08:45:26,951 - INFO - 
****************************************************************************************************
2026-10-01 08:45:28,526 - INFO - --- training epoch 199, loss 0.0077, mae 0.0942, rmse 0.1243, time elapsed(min) 0.02---
2026-10-01 08:45:28,731 - INFO - --- validation at epoch 199, val_loss 0.0089, val_mae 0.0970, val_rmse 0.1331, val_r2 0.7608, val_pearson 0.8740, lr 8.10e-06 ---
2026-10-01 08:45:28,731 - INFO - 
****************************************************************************************************
2026-10-01 08:45:30,284 - INFO - --- training epoch 200, loss 0.0078, mae 0.0945, rmse 0.1248, time elapsed(min) 0.02---
2026-10-01 08:45:30,612 - INFO - --- validation at epoch 200, val_loss 0.0088, val_mae 0.0971, val_rmse 0.1326, val_r2 0.7628, val_pearson 0.8747, lr 8.10e-06 ---
2026-10-01 08:45:30,612 - INFO - 
****************************************************************************************************
2026-10-01 08:45:32,424 - INFO - --- training epoch 201, loss 0.0078, mae 0.0947, rmse 0.1251, time elapsed(min) 0.03---
2026-10-01 08:45:32,645 - INFO - --- validation at epoch 201, val_loss 0.0089, val_mae 0.0974, val_rmse 0.1332, val_r2 0.7605, val_pearson 0.8739, lr 8.10e-06 ---
2026-10-01 08:45:32,645 - INFO - 
****************************************************************************************************
2026-10-01 08:45:34,254 - INFO - --- training epoch 202, loss 0.0079, mae 0.0951, rmse 0.1253, time elapsed(min) 0.02---
2026-10-01 08:45:34,456 - INFO - --- validation at epoch 202, val_loss 0.0087, val_mae 0.0963, val_rmse 0.1323, val_r2 0.7638, val_pearson 0.8761, lr 8.10e-06 ---
2026-10-01 08:45:34,456 - INFO - 
****************************************************************************************************
2026-10-01 08:45:36,160 - INFO - --- training epoch 203, loss 0.0078, mae 0.0942, rmse 0.1250, time elapsed(min) 0.02---
2026-10-01 08:45:36,412 - INFO - --- validation at epoch 203, val_loss 0.0088, val_mae 0.0964, val_rmse 0.1322, val_r2 0.7640, val_pearson 0.8755, lr 8.10e-06 ---
2026-10-01 08:45:36,412 - INFO - 
****************************************************************************************************
2026-10-01 08:45:38,094 - INFO - --- training epoch 204, loss 0.0080, mae 0.0957, rmse 0.1267, time elapsed(min) 0.02---
2026-10-01 08:45:38,578 - INFO - --- validation at epoch 204, val_loss 0.0088, val_mae 0.0967, val_rmse 0.1327, val_r2 0.7621, val_pearson 0.8749, lr 8.10e-06 ---
2026-10-01 08:45:38,579 - INFO - 
****************************************************************************************************
2026-10-01 08:45:40,268 - INFO - --- training epoch 205, loss 0.0080, mae 0.0953, rmse 0.1263, time elapsed(min) 0.02---
2026-10-01 08:45:40,519 - INFO - --- validation at epoch 205, val_loss 0.0088, val_mae 0.0968, val_rmse 0.1327, val_r2 0.7623, val_pearson 0.8752, lr 8.10e-06 ---
2026-10-01 08:45:40,519 - INFO - 
****************************************************************************************************
2026-10-01 08:45:42,086 - INFO - --- training epoch 206, loss 0.0080, mae 0.0954, rmse 0.1267, time elapsed(min) 0.02---
2026-10-01 08:45:42,323 - INFO - --- validation at epoch 206, val_loss 0.0087, val_mae 0.0962, val_rmse 0.1323, val_r2 0.7639, val_pearson 0.8760, lr 8.10e-06 ---
2026-10-01 08:45:42,323 - INFO - 
****************************************************************************************************
2026-10-01 08:45:43,977 - INFO - --- training epoch 207, loss 0.0078, mae 0.0935, rmse 0.1249, time elapsed(min) 0.02---
2026-10-01 08:45:44,360 - INFO - --- validation at epoch 207, val_loss 0.0088, val_mae 0.0964, val_rmse 0.1319, val_r2 0.7651, val_pearson 0.8758, lr 8.10e-06 ---
2026-10-01 08:45:44,360 - INFO - 
****************************************************************************************************
2026-10-01 08:45:46,052 - INFO - --- training epoch 208, loss 0.0077, mae 0.0941, rmse 0.1239, time elapsed(min) 0.02---
2026-10-01 08:45:46,262 - INFO - --- validation at epoch 208, val_loss 0.0088, val_mae 0.0972, val_rmse 0.1329, val_r2 0.7614, val_pearson 0.8751, lr 8.10e-06 ---
2026-10-01 08:45:46,262 - INFO - 
****************************************************************************************************
2026-10-01 08:45:47,907 - INFO - --- training epoch 209, loss 0.0080, mae 0.0950, rmse 0.1261, time elapsed(min) 0.02---
2026-10-01 08:45:48,114 - INFO - --- validation at epoch 209, val_loss 0.0088, val_mae 0.0965, val_rmse 0.1324, val_r2 0.7632, val_pearson 0.8757, lr 8.10e-06 ---
2026-10-01 08:45:48,114 - INFO - 
****************************************************************************************************
2026-10-01 08:45:49,684 - INFO - --- training epoch 210, loss 0.0083, mae 0.0965, rmse 0.1288, time elapsed(min) 0.02---
2026-10-01 08:45:50,014 - INFO - --- validation at epoch 210, val_loss 0.0089, val_mae 0.0971, val_rmse 0.1328, val_r2 0.7621, val_pearson 0.8749, lr 8.10e-06 ---
2026-10-01 08:45:50,014 - INFO - 
****************************************************************************************************
2026-10-01 08:45:51,794 - INFO - --- training epoch 211, loss 0.0079, mae 0.0945, rmse 0.1255, time elapsed(min) 0.03---
2026-10-01 08:45:52,000 - INFO - --- validation at epoch 211, val_loss 0.0089, val_mae 0.0974, val_rmse 0.1331, val_r2 0.7609, val_pearson 0.8740, lr 8.10e-06 ---
2026-10-01 08:45:52,000 - INFO - 
****************************************************************************************************
2026-10-01 08:45:53,571 - INFO - --- training epoch 212, loss 0.0081, mae 0.0969, rmse 0.1270, time elapsed(min) 0.02---
2026-10-01 08:45:53,777 - INFO - --- validation at epoch 212, val_loss 0.0088, val_mae 0.0963, val_rmse 0.1323, val_r2 0.7638, val_pearson 0.8757, lr 8.10e-06 ---
2026-10-01 08:45:53,777 - INFO - 
****************************************************************************************************
2026-10-01 08:45:55,445 - INFO - --- training epoch 213, loss 0.0078, mae 0.0943, rmse 0.1253, time elapsed(min) 0.02---
2026-10-01 08:45:55,780 - INFO - --- validation at epoch 213, val_loss 0.0087, val_mae 0.0960, val_rmse 0.1318, val_r2 0.7656, val_pearson 0.8766, lr 8.10e-06 ---
2026-10-01 08:45:55,780 - INFO - 
****************************************************************************************************
2026-10-01 08:45:57,602 - INFO - --- training epoch 214, loss 0.0079, mae 0.0949, rmse 0.1254, time elapsed(min) 0.02---
2026-10-01 08:45:57,971 - INFO - --- validation at epoch 214, val_loss 0.0087, val_mae 0.0964, val_rmse 0.1320, val_r2 0.7647, val_pearson 0.8762, lr 8.10e-06 ---
2026-10-01 08:45:57,971 - INFO - 
****************************************************************************************************
2026-10-01 08:45:59,615 - INFO - --- training epoch 215, loss 0.0078, mae 0.0947, rmse 0.1250, time elapsed(min) 0.02---
2026-10-01 08:45:59,821 - INFO - --- validation at epoch 215, val_loss 0.0088, val_mae 0.0968, val_rmse 0.1328, val_r2 0.7621, val_pearson 0.8751, lr 8.10e-06 ---
2026-10-01 08:45:59,821 - INFO - 
****************************************************************************************************
2026-10-01 08:46:01,415 - INFO - --- training epoch 216, loss 0.0079, mae 0.0947, rmse 0.1257, time elapsed(min) 0.02---
2026-10-01 08:46:01,617 - INFO - --- validation at epoch 216, val_loss 0.0089, val_mae 0.0972, val_rmse 0.1332, val_r2 0.7605, val_pearson 0.8741, lr 8.10e-06 ---
2026-10-01 08:46:01,617 - INFO - 
****************************************************************************************************
2026-10-01 08:46:03,437 - INFO - --- training epoch 217, loss 0.0079, mae 0.0956, rmse 0.1260, time elapsed(min) 0.03---
2026-10-01 08:46:03,807 - INFO - --- validation at epoch 217, val_loss 0.0088, val_mae 0.0969, val_rmse 0.1327, val_r2 0.7625, val_pearson 0.8752, lr 8.10e-06 ---
2026-10-01 08:46:03,807 - INFO - 
****************************************************************************************************
2026-10-01 08:46:05,536 - INFO - --- training epoch 218, loss 0.0077, mae 0.0937, rmse 0.1241, time elapsed(min) 0.02---
2026-10-01 08:46:05,742 - INFO - --- validation at epoch 218, val_loss 0.0089, val_mae 0.0971, val_rmse 0.1330, val_r2 0.7612, val_pearson 0.8740, lr 8.10e-06 ---
2026-10-01 08:46:05,742 - INFO - 
****************************************************************************************************
2026-10-01 08:46:07,370 - INFO - --- training epoch 219, loss 0.0076, mae 0.0937, rmse 0.1237, time elapsed(min) 0.02---
2026-10-01 08:46:07,575 - INFO - --- validation at epoch 219, val_loss 0.0090, val_mae 0.0974, val_rmse 0.1334, val_r2 0.7597, val_pearson 0.8735, lr 8.10e-06 ---
2026-10-01 08:46:07,575 - INFO - 
****************************************************************************************************
2026-10-01 08:46:09,248 - INFO - --- training epoch 220, loss 0.0077, mae 0.0931, rmse 0.1240, time elapsed(min) 0.02---
2026-10-01 08:46:09,636 - INFO - --- validation at epoch 220, val_loss 0.0089, val_mae 0.0972, val_rmse 0.1334, val_r2 0.7598, val_pearson 0.8741, lr 8.10e-06 ---
2026-10-01 08:46:09,636 - INFO - 
****************************************************************************************************
2026-10-01 08:46:11,351 - INFO - --- training epoch 221, loss 0.0076, mae 0.0936, rmse 0.1236, time elapsed(min) 0.02---
2026-10-01 08:46:11,554 - INFO - --- validation at epoch 221, val_loss 0.0088, val_mae 0.0965, val_rmse 0.1323, val_r2 0.7638, val_pearson 0.8756, lr 8.10e-06 ---
2026-10-01 08:46:11,554 - INFO - 
****************************************************************************************************
2026-10-01 08:46:13,126 - INFO - --- training epoch 222, loss 0.0080, mae 0.0953, rmse 0.1262, time elapsed(min) 0.02---
2026-10-01 08:46:13,331 - INFO - --- validation at epoch 222, val_loss 0.0088, val_mae 0.0967, val_rmse 0.1325, val_r2 0.7629, val_pearson 0.8753, lr 8.10e-06 ---
2026-10-01 08:46:13,331 - INFO - 
****************************************************************************************************
2026-10-01 08:46:15,060 - INFO - --- training epoch 223, loss 0.0077, mae 0.0936, rmse 0.1238, time elapsed(min) 0.02---
2026-10-01 08:46:15,437 - INFO - --- validation at epoch 223, val_loss 0.0088, val_mae 0.0966, val_rmse 0.1325, val_r2 0.7632, val_pearson 0.8753, lr 8.10e-06 ---
2026-10-01 08:46:15,438 - INFO - 
****************************************************************************************************
2026-10-01 08:46:17,095 - INFO - --- training epoch 224, loss 0.0079, mae 0.0940, rmse 0.1254, time elapsed(min) 0.02---
2026-10-01 08:46:17,306 - INFO - --- validation at epoch 224, val_loss 0.0089, val_mae 0.0973, val_rmse 0.1332, val_r2 0.7606, val_pearson 0.8741, lr 8.10e-06 ---
2026-10-01 08:46:17,306 - INFO - 
****************************************************************************************************
2026-10-01 08:46:18,882 - INFO - --- training epoch 225, loss 0.0079, mae 0.0947, rmse 0.1253, time elapsed(min) 0.02---
2026-10-01 08:46:19,110 - INFO - --- validation at epoch 225, val_loss 0.0088, val_mae 0.0967, val_rmse 0.1327, val_r2 0.7622, val_pearson 0.8750, lr 2.43e-06 ---
2026-10-01 08:46:19,110 - INFO - 
****************************************************************************************************
2026-10-01 08:46:20,726 - INFO - --- training epoch 226, loss 0.0077, mae 0.0937, rmse 0.1244, time elapsed(min) 0.02---
2026-10-01 08:46:21,058 - INFO - --- validation at epoch 226, val_loss 0.0088, val_mae 0.0966, val_rmse 0.1325, val_r2 0.7631, val_pearson 0.8754, lr 2.43e-06 ---
2026-10-01 08:46:21,058 - INFO - 
****************************************************************************************************
2026-10-01 08:46:22,849 - INFO - --- training epoch 227, loss 0.0076, mae 0.0933, rmse 0.1236, time elapsed(min) 0.03---
2026-10-01 08:46:23,059 - INFO - --- validation at epoch 227, val_loss 0.0088, val_mae 0.0965, val_rmse 0.1325, val_r2 0.7632, val_pearson 0.8755, lr 2.43e-06 ---
2026-10-01 08:46:23,059 - INFO - 
****************************************************************************************************
2026-10-01 08:46:24,645 - INFO - --- training epoch 228, loss 0.0077, mae 0.0934, rmse 0.1239, time elapsed(min) 0.02---
2026-10-01 08:46:24,846 - INFO - --- validation at epoch 228, val_loss 0.0088, val_mae 0.0965, val_rmse 0.1323, val_r2 0.7638, val_pearson 0.8757, lr 2.43e-06 ---
2026-10-01 08:46:24,846 - INFO - 
****************************************************************************************************
2026-10-01 08:46:26,418 - INFO - --- training epoch 229, loss 0.0076, mae 0.0933, rmse 0.1233, time elapsed(min) 0.02---
2026-10-01 08:46:26,758 - INFO - --- validation at epoch 229, val_loss 0.0087, val_mae 0.0962, val_rmse 0.1321, val_r2 0.7644, val_pearson 0.8761, lr 2.43e-06 ---
2026-10-01 08:46:26,758 - INFO - 
****************************************************************************************************
2026-10-01 08:46:28,571 - INFO - --- training epoch 230, loss 0.0078, mae 0.0939, rmse 0.1247, time elapsed(min) 0.03---
2026-10-01 08:46:28,775 - INFO - --- validation at epoch 230, val_loss 0.0088, val_mae 0.0964, val_rmse 0.1323, val_r2 0.7639, val_pearson 0.8758, lr 2.43e-06 ---
2026-10-01 08:46:28,775 - INFO - 
****************************************************************************************************
2026-10-01 08:46:30,397 - INFO - --- training epoch 231, loss 0.0076, mae 0.0933, rmse 0.1236, time elapsed(min) 0.02---
2026-10-01 08:46:30,604 - INFO - --- validation at epoch 231, val_loss 0.0088, val_mae 0.0963, val_rmse 0.1323, val_r2 0.7636, val_pearson 0.8758, lr 2.43e-06 ---
2026-10-01 08:46:30,604 - INFO - 
****************************************************************************************************
2026-10-01 08:46:32,182 - INFO - --- training epoch 232, loss 0.0077, mae 0.0931, rmse 0.1237, time elapsed(min) 0.02---
2026-10-01 08:46:32,506 - INFO - --- validation at epoch 232, val_loss 0.0087, val_mae 0.0962, val_rmse 0.1322, val_r2 0.7642, val_pearson 0.8762, lr 2.43e-06 ---
2026-10-01 08:46:32,506 - INFO - 
****************************************************************************************************
2026-10-01 08:46:34,160 - INFO - --- training epoch 233, loss 0.0078, mae 0.0935, rmse 0.1250, time elapsed(min) 0.02---
2026-10-01 08:46:34,668 - INFO - --- validation at epoch 233, val_loss 0.0088, val_mae 0.0965, val_rmse 0.1322, val_r2 0.7640, val_pearson 0.8760, lr 2.43e-06 ---
2026-10-01 08:46:34,668 - INFO - 
****************************************************************************************************
2026-10-01 08:46:36,325 - INFO - --- training epoch 234, loss 0.0079, mae 0.0941, rmse 0.1254, time elapsed(min) 0.02---
2026-10-01 08:46:36,530 - INFO - --- validation at epoch 234, val_loss 0.0087, val_mae 0.0963, val_rmse 0.1320, val_r2 0.7648, val_pearson 0.8762, lr 2.43e-06 ---
2026-10-01 08:46:36,530 - INFO - 
****************************************************************************************************
2026-10-01 08:46:38,112 - INFO - --- training epoch 235, loss 0.0078, mae 0.0944, rmse 0.1252, time elapsed(min) 0.02---
2026-10-01 08:46:38,316 - INFO - --- validation at epoch 235, val_loss 0.0088, val_mae 0.0964, val_rmse 0.1322, val_r2 0.7642, val_pearson 0.8761, lr 2.43e-06 ---
2026-10-01 08:46:38,316 - INFO - 
****************************************************************************************************
2026-10-01 08:46:39,974 - INFO - --- training epoch 236, loss 0.0078, mae 0.0943, rmse 0.1247, time elapsed(min) 0.02---
2026-10-01 08:46:40,367 - INFO - --- validation at epoch 236, val_loss 0.0087, val_mae 0.0963, val_rmse 0.1320, val_r2 0.7650, val_pearson 0.8764, lr 1.00e-06 ---
2026-10-01 08:46:40,367 - INFO - 
****************************************************************************************************
2026-10-01 08:46:42,099 - INFO - --- training epoch 237, loss 0.0080, mae 0.0949, rmse 0.1263, time elapsed(min) 0.02---
2026-10-01 08:46:42,316 - INFO - --- validation at epoch 237, val_loss 0.0087, val_mae 0.0964, val_rmse 0.1321, val_r2 0.7646, val_pearson 0.8761, lr 1.00e-06 ---
2026-10-01 08:46:42,317 - INFO - 
****************************************************************************************************
2026-10-01 08:46:43,918 - INFO - --- training epoch 238, loss 0.0078, mae 0.0947, rmse 0.1251, time elapsed(min) 0.02---
2026-10-01 08:46:44,123 - INFO - --- validation at epoch 238, val_loss 0.0088, val_mae 0.0966, val_rmse 0.1322, val_r2 0.7640, val_pearson 0.8758, lr 1.00e-06 ---
2026-10-01 08:46:44,123 - INFO - 
****************************************************************************************************
2026-10-01 08:46:45,798 - INFO - --- training epoch 239, loss 0.0076, mae 0.0940, rmse 0.1234, time elapsed(min) 0.02---
2026-10-01 08:46:46,180 - INFO - --- validation at epoch 239, val_loss 0.0087, val_mae 0.0965, val_rmse 0.1321, val_r2 0.7645, val_pearson 0.8763, lr 1.00e-06 ---
2026-10-01 08:46:46,180 - INFO - 
****************************************************************************************************
2026-10-01 08:46:47,926 - INFO - --- training epoch 240, loss 0.0076, mae 0.0930, rmse 0.1232, time elapsed(min) 0.02---
2026-10-01 08:46:48,149 - INFO - --- validation at epoch 240, val_loss 0.0087, val_mae 0.0964, val_rmse 0.1320, val_r2 0.7647, val_pearson 0.8765, lr 1.00e-06 ---
2026-10-01 08:46:48,149 - INFO - 
****************************************************************************************************
2026-10-01 08:46:49,691 - INFO - --- training epoch 241, loss 0.0079, mae 0.0949, rmse 0.1255, time elapsed(min) 0.02---
2026-10-01 08:46:49,914 - INFO - --- validation at epoch 241, val_loss 0.0087, val_mae 0.0964, val_rmse 0.1322, val_r2 0.7642, val_pearson 0.8762, lr 1.00e-06 ---
2026-10-01 08:46:49,914 - INFO - 
****************************************************************************************************
2026-10-01 08:46:51,534 - INFO - --- training epoch 242, loss 0.0078, mae 0.0936, rmse 0.1248, time elapsed(min) 0.02---
2026-10-01 08:46:51,861 - INFO - --- validation at epoch 242, val_loss 0.0087, val_mae 0.0964, val_rmse 0.1322, val_r2 0.7642, val_pearson 0.8761, lr 1.00e-06 ---
2026-10-01 08:46:51,861 - INFO - 
****************************************************************************************************
2026-10-01 08:46:53,588 - INFO - --- training epoch 243, loss 0.0078, mae 0.0937, rmse 0.1247, time elapsed(min) 0.02---
2026-10-01 08:46:53,798 - INFO - --- validation at epoch 243, val_loss 0.0087, val_mae 0.0963, val_rmse 0.1320, val_r2 0.7647, val_pearson 0.8762, lr 1.00e-06 ---
2026-10-01 08:46:53,798 - INFO - 
****************************************************************************************************
2026-10-01 08:46:55,346 - INFO - --- training epoch 244, loss 0.0078, mae 0.0941, rmse 0.1249, time elapsed(min) 0.02---
2026-10-01 08:46:55,550 - INFO - --- validation at epoch 244, val_loss 0.0087, val_mae 0.0961, val_rmse 0.1318, val_r2 0.7654, val_pearson 0.8766, lr 1.00e-06 ---
2026-10-01 08:46:55,550 - INFO - 
****************************************************************************************************
2026-10-01 08:46:57,114 - INFO - --- training epoch 245, loss 0.0077, mae 0.0934, rmse 0.1239, time elapsed(min) 0.02---
2026-10-01 08:46:57,320 - INFO - --- validation at epoch 245, val_loss 0.0087, val_mae 0.0963, val_rmse 0.1320, val_r2 0.7648, val_pearson 0.8764, lr 1.00e-06 ---
2026-10-01 08:46:57,321 - INFO - 
****************************************************************************************************
2026-10-01 08:46:58,988 - INFO - --- training epoch 246, loss 0.0077, mae 0.0932, rmse 0.1239, time elapsed(min) 0.02---
2026-10-01 08:46:59,366 - INFO - --- validation at epoch 246, val_loss 0.0087, val_mae 0.0964, val_rmse 0.1321, val_r2 0.7643, val_pearson 0.8760, lr 1.00e-06 ---
2026-10-01 08:46:59,366 - INFO - 
****************************************************************************************************
2026-10-01 08:47:01,038 - INFO - --- training epoch 247, loss 0.0077, mae 0.0938, rmse 0.1245, time elapsed(min) 0.02---
2026-10-01 08:47:01,246 - INFO - --- validation at epoch 247, val_loss 0.0087, val_mae 0.0962, val_rmse 0.1322, val_r2 0.7642, val_pearson 0.8761, lr 1.00e-06 ---
2026-10-01 08:47:01,246 - INFO - 
****************************************************************************************************
2026-10-01 08:47:02,797 - INFO - --- training epoch 248, loss 0.0077, mae 0.0938, rmse 0.1244, time elapsed(min) 0.02---
2026-10-01 08:47:03,000 - INFO - --- validation at epoch 248, val_loss 0.0087, val_mae 0.0964, val_rmse 0.1322, val_r2 0.7641, val_pearson 0.8760, lr 1.00e-06 ---
2026-10-01 08:47:03,000 - INFO - 
****************************************************************************************************
2026-10-01 08:47:04,585 - INFO - --- training epoch 249, loss 0.0078, mae 0.0940, rmse 0.1246, time elapsed(min) 0.02---
2026-10-01 08:47:04,931 - INFO - --- validation at epoch 249, val_loss 0.0087, val_mae 0.0963, val_rmse 0.1320, val_r2 0.7647, val_pearson 0.8763, lr 1.00e-06 ---
2026-10-01 08:47:04,931 - INFO - 
****************************************************************************************************
2026-10-01 08:47:06,575 - INFO - --- training epoch 250, loss 0.0077, mae 0.0941, rmse 0.1244, time elapsed(min) 0.02---
2026-10-01 08:47:07,068 - INFO - --- validation at epoch 250, val_loss 0.0087, val_mae 0.0964, val_rmse 0.1320, val_r2 0.7647, val_pearson 0.8761, lr 1.00e-06 ---
2026-10-01 08:47:07,068 - INFO - 
****************************************************************************************************
2026-10-01 08:47:08,638 - INFO - --- training epoch 251, loss 0.0077, mae 0.0935, rmse 0.1240, time elapsed(min) 0.02---
2026-10-01 08:47:08,840 - INFO - --- validation at epoch 251, val_loss 0.0088, val_mae 0.0965, val_rmse 0.1321, val_r2 0.7645, val_pearson 0.8760, lr 1.00e-06 ---
2026-10-01 08:47:08,840 - INFO - 
****************************************************************************************************
2026-10-01 08:47:10,392 - INFO - --- training epoch 252, loss 0.0077, mae 0.0939, rmse 0.1240, time elapsed(min) 0.02---
2026-10-01 08:47:10,591 - INFO - --- validation at epoch 252, val_loss 0.0087, val_mae 0.0962, val_rmse 0.1319, val_r2 0.7651, val_pearson 0.8765, lr 1.00e-06 ---
2026-10-01 08:47:10,591 - INFO - 
****************************************************************************************************
2026-10-01 08:47:12,237 - INFO - --- training epoch 253, loss 0.0076, mae 0.0928, rmse 0.1233, time elapsed(min) 0.02---
2026-10-01 08:47:12,630 - INFO - --- validation at epoch 253, val_loss 0.0087, val_mae 0.0962, val_rmse 0.1317, val_r2 0.7657, val_pearson 0.8768, lr 1.00e-06 ---
2026-10-01 08:47:12,630 - INFO - 
****************************************************************************************************
2026-10-01 08:47:14,289 - INFO - --- training epoch 254, loss 0.0078, mae 0.0950, rmse 0.1251, time elapsed(min) 0.02---
2026-10-01 08:47:14,492 - INFO - --- validation at epoch 254, val_loss 0.0087, val_mae 0.0961, val_rmse 0.1318, val_r2 0.7656, val_pearson 0.8767, lr 1.00e-06 ---
2026-10-01 08:47:14,492 - INFO - 
****************************************************************************************************
2026-10-01 08:47:16,035 - INFO - --- training epoch 255, loss 0.0076, mae 0.0929, rmse 0.1236, time elapsed(min) 0.02---
2026-10-01 08:47:16,238 - INFO - --- validation at epoch 255, val_loss 0.0087, val_mae 0.0960, val_rmse 0.1318, val_r2 0.7655, val_pearson 0.8767, lr 1.00e-06 ---
2026-10-01 08:47:16,238 - INFO - 
****************************************************************************************************
2026-10-01 08:47:17,884 - INFO - --- training epoch 256, loss 0.0077, mae 0.0934, rmse 0.1245, time elapsed(min) 0.02---
2026-10-01 08:47:18,244 - INFO - --- validation at epoch 256, val_loss 0.0087, val_mae 0.0961, val_rmse 0.1318, val_r2 0.7656, val_pearson 0.8767, lr 1.00e-06 ---
2026-10-01 08:47:18,244 - INFO - 
****************************************************************************************************
2026-10-01 08:47:20,008 - INFO - --- training epoch 257, loss 0.0073, mae 0.0915, rmse 0.1209, time elapsed(min) 0.02---
2026-10-01 08:47:20,215 - INFO - --- validation at epoch 257, val_loss 0.0087, val_mae 0.0963, val_rmse 0.1319, val_r2 0.7653, val_pearson 0.8764, lr 1.00e-06 ---
2026-10-01 08:47:20,215 - INFO - 
****************************************************************************************************
2026-10-01 08:47:21,829 - INFO - --- training epoch 258, loss 0.0078, mae 0.0930, rmse 0.1246, time elapsed(min) 0.02---
2026-10-01 08:47:22,034 - INFO - --- validation at epoch 258, val_loss 0.0087, val_mae 0.0962, val_rmse 0.1318, val_r2 0.7657, val_pearson 0.8767, lr 1.00e-06 ---
2026-10-01 08:47:22,034 - INFO - 
****************************************************************************************************
2026-10-01 08:47:23,593 - INFO - --- training epoch 259, loss 0.0077, mae 0.0940, rmse 0.1237, time elapsed(min) 0.02---
2026-10-01 08:47:23,952 - INFO - --- validation at epoch 259, val_loss 0.0087, val_mae 0.0962, val_rmse 0.1319, val_r2 0.7653, val_pearson 0.8764, lr 1.00e-06 ---
2026-10-01 08:47:23,952 - INFO - 
****************************************************************************************************
2026-10-01 08:47:25,746 - INFO - --- training epoch 260, loss 0.0077, mae 0.0933, rmse 0.1241, time elapsed(min) 0.03---
2026-10-01 08:47:25,951 - INFO - --- validation at epoch 260, val_loss 0.0087, val_mae 0.0963, val_rmse 0.1319, val_r2 0.7652, val_pearson 0.8764, lr 1.00e-06 ---
2026-10-01 08:47:25,951 - INFO - 
****************************************************************************************************
2026-10-01 08:47:27,654 - INFO - --- training epoch 261, loss 0.0079, mae 0.0948, rmse 0.1258, time elapsed(min) 0.02---
2026-10-01 08:47:27,859 - INFO - --- validation at epoch 261, val_loss 0.0087, val_mae 0.0961, val_rmse 0.1317, val_r2 0.7660, val_pearson 0.8768, lr 1.00e-06 ---
2026-10-01 08:47:27,859 - INFO - 
****************************************************************************************************
2026-10-01 08:47:29,505 - INFO - --- training epoch 262, loss 0.0077, mae 0.0929, rmse 0.1241, time elapsed(min) 0.02---
2026-10-01 08:47:29,830 - INFO - --- validation at epoch 262, val_loss 0.0087, val_mae 0.0962, val_rmse 0.1319, val_r2 0.7652, val_pearson 0.8766, lr 1.00e-06 ---
2026-10-01 08:47:29,830 - INFO - 
****************************************************************************************************
2026-10-01 08:47:31,580 - INFO - --- training epoch 263, loss 0.0077, mae 0.0930, rmse 0.1242, time elapsed(min) 0.02---
2026-10-01 08:47:31,780 - INFO - --- validation at epoch 263, val_loss 0.0087, val_mae 0.0965, val_rmse 0.1321, val_r2 0.7645, val_pearson 0.8761, lr 1.00e-06 ---
2026-10-01 08:47:31,780 - INFO - 
****************************************************************************************************
2026-10-01 08:47:33,330 - INFO - --- training epoch 264, loss 0.0075, mae 0.0927, rmse 0.1227, time elapsed(min) 0.02---
2026-10-01 08:47:33,532 - INFO - --- validation at epoch 264, val_loss 0.0087, val_mae 0.0963, val_rmse 0.1320, val_r2 0.7647, val_pearson 0.8764, lr 1.00e-06 ---
2026-10-01 08:47:33,532 - INFO - 
****************************************************************************************************
2026-10-01 08:47:35,103 - INFO - --- training epoch 265, loss 0.0075, mae 0.0933, rmse 0.1227, time elapsed(min) 0.02---
2026-10-01 08:47:35,431 - INFO - --- validation at epoch 265, val_loss 0.0087, val_mae 0.0964, val_rmse 0.1321, val_r2 0.7646, val_pearson 0.8763, lr 1.00e-06 ---
2026-10-01 08:47:35,431 - INFO - 
****************************************************************************************************
2026-10-01 08:47:37,184 - INFO - --- training epoch 266, loss 0.0076, mae 0.0936, rmse 0.1231, time elapsed(min) 0.02---
2026-10-01 08:47:37,391 - INFO - --- validation at epoch 266, val_loss 0.0087, val_mae 0.0964, val_rmse 0.1321, val_r2 0.7646, val_pearson 0.8763, lr 1.00e-06 ---
2026-10-01 08:47:37,391 - INFO - 
****************************************************************************************************
2026-10-01 08:47:38,956 - INFO - --- training epoch 267, loss 0.0077, mae 0.0933, rmse 0.1237, time elapsed(min) 0.02---
2026-10-01 08:47:39,178 - INFO - --- validation at epoch 267, val_loss 0.0087, val_mae 0.0963, val_rmse 0.1320, val_r2 0.7648, val_pearson 0.8763, lr 1.00e-06 ---
2026-10-01 08:47:39,178 - INFO - 
****************************************************************************************************
2026-10-01 08:47:40,735 - INFO - --- training epoch 268, loss 0.0077, mae 0.0938, rmse 0.1245, time elapsed(min) 0.02---
2026-10-01 08:47:41,058 - INFO - --- validation at epoch 268, val_loss 0.0087, val_mae 0.0963, val_rmse 0.1319, val_r2 0.7652, val_pearson 0.8764, lr 1.00e-06 ---
2026-10-01 08:47:41,058 - INFO - 
****************************************************************************************************
2026-10-01 08:47:42,821 - INFO - --- training epoch 269, loss 0.0077, mae 0.0937, rmse 0.1242, time elapsed(min) 0.02---
2026-10-01 08:47:43,028 - INFO - --- validation at epoch 269, val_loss 0.0087, val_mae 0.0963, val_rmse 0.1320, val_r2 0.7649, val_pearson 0.8764, lr 1.00e-06 ---
2026-10-01 08:47:43,028 - INFO - 
****************************************************************************************************
2026-10-01 08:47:44,586 - INFO - --- training epoch 270, loss 0.0077, mae 0.0932, rmse 0.1240, time elapsed(min) 0.02---
2026-10-01 08:47:44,808 - INFO - --- validation at epoch 270, val_loss 0.0087, val_mae 0.0962, val_rmse 0.1320, val_r2 0.7648, val_pearson 0.8763, lr 1.00e-06 ---
2026-10-01 08:47:44,809 - INFO - 
****************************************************************************************************
2026-10-01 08:47:46,388 - INFO - --- training epoch 271, loss 0.0077, mae 0.0935, rmse 0.1243, time elapsed(min) 0.02---
2026-10-01 08:47:46,718 - INFO - --- validation at epoch 271, val_loss 0.0087, val_mae 0.0961, val_rmse 0.1319, val_r2 0.7652, val_pearson 0.8766, lr 1.00e-06 ---
2026-10-01 08:47:46,718 - INFO - 
****************************************************************************************************
2026-10-01 08:47:48,584 - INFO - --- training epoch 272, loss 0.0076, mae 0.0929, rmse 0.1237, time elapsed(min) 0.03---
2026-10-01 08:47:48,788 - INFO - --- validation at epoch 272, val_loss 0.0087, val_mae 0.0963, val_rmse 0.1319, val_r2 0.7650, val_pearson 0.8764, lr 1.00e-06 ---
2026-10-01 08:47:48,789 - INFO - 
****************************************************************************************************
2026-10-01 08:47:50,407 - INFO - --- training epoch 273, loss 0.0078, mae 0.0947, rmse 0.1252, time elapsed(min) 0.02---
2026-10-01 08:47:50,610 - INFO - --- validation at epoch 273, val_loss 0.0087, val_mae 0.0963, val_rmse 0.1320, val_r2 0.7650, val_pearson 0.8764, lr 1.00e-06 ---
2026-10-01 08:47:50,610 - INFO - 
****************************************************************************************************
2026-10-01 08:47:52,165 - INFO - --- training epoch 274, loss 0.0076, mae 0.0931, rmse 0.1235, time elapsed(min) 0.02---
2026-10-01 08:47:52,368 - INFO - --- validation at epoch 274, val_loss 0.0087, val_mae 0.0960, val_rmse 0.1317, val_r2 0.7658, val_pearson 0.8770, lr 1.00e-06 ---
2026-10-01 08:47:52,369 - INFO - 
****************************************************************************************************
2026-10-01 08:47:54,001 - INFO - --- training epoch 275, loss 0.0076, mae 0.0935, rmse 0.1237, time elapsed(min) 0.02---
2026-10-01 08:47:54,361 - INFO - --- validation at epoch 275, val_loss 0.0087, val_mae 0.0962, val_rmse 0.1319, val_r2 0.7651, val_pearson 0.8765, lr 1.00e-06 ---
2026-10-01 08:47:54,361 - INFO - 
****************************************************************************************************
2026-10-01 08:47:56,118 - INFO - --- training epoch 276, loss 0.0076, mae 0.0933, rmse 0.1235, time elapsed(min) 0.02---
2026-10-01 08:47:56,321 - INFO - --- validation at epoch 276, val_loss 0.0087, val_mae 0.0962, val_rmse 0.1318, val_r2 0.7655, val_pearson 0.8768, lr 1.00e-06 ---
2026-10-01 08:47:56,321 - INFO - 
****************************************************************************************************
2026-10-01 08:47:57,944 - INFO - --- training epoch 277, loss 0.0076, mae 0.0929, rmse 0.1229, time elapsed(min) 0.02---
2026-10-01 08:47:58,149 - INFO - --- validation at epoch 277, val_loss 0.0087, val_mae 0.0963, val_rmse 0.1318, val_r2 0.7655, val_pearson 0.8767, lr 1.00e-06 ---
2026-10-01 08:47:58,149 - INFO - 
****************************************************************************************************
2026-10-01 08:47:59,766 - INFO - --- training epoch 278, loss 0.0078, mae 0.0941, rmse 0.1251, time elapsed(min) 0.02---
2026-10-01 08:48:00,097 - INFO - --- validation at epoch 278, val_loss 0.0087, val_mae 0.0962, val_rmse 0.1318, val_r2 0.7657, val_pearson 0.8768, lr 1.00e-06 ---
2026-10-01 08:48:00,097 - INFO - 
****************************************************************************************************
2026-10-01 08:48:01,919 - INFO - --- training epoch 279, loss 0.0078, mae 0.0947, rmse 0.1251, time elapsed(min) 0.03---
2026-10-01 08:48:02,122 - INFO - --- validation at epoch 279, val_loss 0.0087, val_mae 0.0963, val_rmse 0.1318, val_r2 0.7654, val_pearson 0.8765, lr 1.00e-06 ---
2026-10-01 08:48:02,122 - INFO - 
****************************************************************************************************
2026-10-01 08:48:03,684 - INFO - --- training epoch 280, loss 0.0078, mae 0.0944, rmse 0.1249, time elapsed(min) 0.02---
2026-10-01 08:48:03,888 - INFO - --- validation at epoch 280, val_loss 0.0087, val_mae 0.0961, val_rmse 0.1318, val_r2 0.7655, val_pearson 0.8767, lr 1.00e-06 ---
2026-10-01 08:48:03,888 - INFO - 
****************************************************************************************************
2026-10-01 08:48:05,533 - INFO - --- training epoch 281, loss 0.0076, mae 0.0927, rmse 0.1233, time elapsed(min) 0.02---
2026-10-01 08:48:05,735 - INFO - --- validation at epoch 281, val_loss 0.0087, val_mae 0.0962, val_rmse 0.1319, val_r2 0.7653, val_pearson 0.8766, lr 1.00e-06 ---
2026-10-01 08:48:05,735 - INFO - 
****************************************************************************************************
2026-10-01 08:48:07,375 - INFO - --- training epoch 282, loss 0.0077, mae 0.0938, rmse 0.1239, time elapsed(min) 0.02---
2026-10-01 08:48:07,752 - INFO - --- validation at epoch 282, val_loss 0.0086, val_mae 0.0961, val_rmse 0.1316, val_r2 0.7663, val_pearson 0.8770, lr 1.00e-06 ---
2026-10-01 08:48:07,752 - INFO - 
****************************************************************************************************
2026-10-01 08:48:09,516 - INFO - --- training epoch 283, loss 0.0078, mae 0.0942, rmse 0.1253, time elapsed(min) 0.02---
2026-10-01 08:48:09,719 - INFO - --- validation at epoch 283, val_loss 0.0087, val_mae 0.0962, val_rmse 0.1317, val_r2 0.7660, val_pearson 0.8767, lr 1.00e-06 ---
2026-10-01 08:48:09,719 - INFO - 
****************************************************************************************************
2026-10-01 08:48:11,296 - INFO - --- training epoch 284, loss 0.0078, mae 0.0939, rmse 0.1253, time elapsed(min) 0.02---
2026-10-01 08:48:11,497 - INFO - --- validation at epoch 284, val_loss 0.0087, val_mae 0.0961, val_rmse 0.1317, val_r2 0.7660, val_pearson 0.8767, lr 1.00e-06 ---
2026-10-01 08:48:11,497 - INFO - 
****************************************************************************************************
2026-10-01 08:48:13,071 - INFO - --- training epoch 285, loss 0.0077, mae 0.0932, rmse 0.1244, time elapsed(min) 0.02---
2026-10-01 08:48:13,407 - INFO - --- validation at epoch 285, val_loss 0.0087, val_mae 0.0961, val_rmse 0.1318, val_r2 0.7657, val_pearson 0.8766, lr 1.00e-06 ---
2026-10-01 08:48:13,407 - INFO - 
****************************************************************************************************
2026-10-01 08:48:15,178 - INFO - --- training epoch 286, loss 0.0078, mae 0.0942, rmse 0.1246, time elapsed(min) 0.02---
2026-10-01 08:48:15,382 - INFO - --- validation at epoch 286, val_loss 0.0087, val_mae 0.0960, val_rmse 0.1318, val_r2 0.7657, val_pearson 0.8766, lr 1.00e-06 ---
2026-10-01 08:48:15,382 - INFO - 
****************************************************************************************************
2026-10-01 08:48:16,974 - INFO - --- training epoch 287, loss 0.0078, mae 0.0935, rmse 0.1249, time elapsed(min) 0.02---
2026-10-01 08:48:17,178 - INFO - --- validation at epoch 287, val_loss 0.0087, val_mae 0.0959, val_rmse 0.1317, val_r2 0.7658, val_pearson 0.8768, lr 1.00e-06 ---
2026-10-01 08:48:17,178 - INFO - 
****************************************************************************************************
2026-10-01 08:48:18,765 - INFO - --- training epoch 288, loss 0.0076, mae 0.0925, rmse 0.1235, time elapsed(min) 0.02---
2026-10-01 08:48:19,090 - INFO - --- validation at epoch 288, val_loss 0.0087, val_mae 0.0963, val_rmse 0.1318, val_r2 0.7656, val_pearson 0.8765, lr 1.00e-06 ---
2026-10-01 08:48:19,090 - INFO - 
****************************************************************************************************
2026-10-01 08:48:20,843 - INFO - --- training epoch 289, loss 0.0076, mae 0.0932, rmse 0.1232, time elapsed(min) 0.02---
2026-10-01 08:48:21,048 - INFO - --- validation at epoch 289, val_loss 0.0087, val_mae 0.0962, val_rmse 0.1319, val_r2 0.7652, val_pearson 0.8765, lr 1.00e-06 ---
2026-10-01 08:48:21,048 - INFO - 
****************************************************************************************************
2026-10-01 08:48:22,612 - INFO - --- training epoch 290, loss 0.0078, mae 0.0941, rmse 0.1251, time elapsed(min) 0.02---
2026-10-01 08:48:22,816 - INFO - --- validation at epoch 290, val_loss 0.0087, val_mae 0.0963, val_rmse 0.1320, val_r2 0.7648, val_pearson 0.8763, lr 1.00e-06 ---
2026-10-01 08:48:22,816 - INFO - 
****************************************************************************************************
2026-10-01 08:48:24,480 - INFO - --- training epoch 291, loss 0.0077, mae 0.0937, rmse 0.1245, time elapsed(min) 0.02---
2026-10-01 08:48:24,687 - INFO - --- validation at epoch 291, val_loss 0.0087, val_mae 0.0963, val_rmse 0.1319, val_r2 0.7652, val_pearson 0.8764, lr 1.00e-06 ---
2026-10-01 08:48:24,687 - INFO - 
****************************************************************************************************
2026-10-01 08:48:26,402 - INFO - --- training epoch 292, loss 0.0078, mae 0.0951, rmse 0.1250, time elapsed(min) 0.02---
2026-10-01 08:48:26,778 - INFO - --- validation at epoch 292, val_loss 0.0087, val_mae 0.0961, val_rmse 0.1318, val_r2 0.7655, val_pearson 0.8765, lr 1.00e-06 ---
2026-10-01 08:48:26,778 - INFO - 
****************************************************************************************************
2026-10-01 08:48:28,510 - INFO - --- training epoch 293, loss 0.0078, mae 0.0941, rmse 0.1245, time elapsed(min) 0.02---
2026-10-01 08:48:28,712 - INFO - --- validation at epoch 293, val_loss 0.0087, val_mae 0.0961, val_rmse 0.1317, val_r2 0.7658, val_pearson 0.8767, lr 1.00e-06 ---
2026-10-01 08:48:28,712 - INFO - 
****************************************************************************************************
2026-10-01 08:48:30,320 - INFO - --- training epoch 294, loss 0.0076, mae 0.0933, rmse 0.1235, time elapsed(min) 0.02---
2026-10-01 08:48:30,524 - INFO - --- validation at epoch 294, val_loss 0.0087, val_mae 0.0961, val_rmse 0.1317, val_r2 0.7659, val_pearson 0.8768, lr 1.00e-06 ---
2026-10-01 08:48:30,524 - INFO - 
****************************************************************************************************
2026-10-01 08:48:32,091 - INFO - --- training epoch 295, loss 0.0077, mae 0.0939, rmse 0.1243, time elapsed(min) 0.02---
2026-10-01 08:48:32,455 - INFO - --- validation at epoch 295, val_loss 0.0087, val_mae 0.0961, val_rmse 0.1318, val_r2 0.7656, val_pearson 0.8767, lr 1.00e-06 ---
2026-10-01 08:48:32,455 - INFO - 
****************************************************************************************************
2026-10-01 08:48:34,138 - INFO - --- training epoch 296, loss 0.0078, mae 0.0944, rmse 0.1250, time elapsed(min) 0.02---
2026-10-01 08:48:34,341 - INFO - --- validation at epoch 296, val_loss 0.0087, val_mae 0.0963, val_rmse 0.1319, val_r2 0.7651, val_pearson 0.8765, lr 1.00e-06 ---
2026-10-01 08:48:34,341 - INFO - 
****************************************************************************************************
2026-10-01 08:48:35,889 - INFO - --- training epoch 297, loss 0.0079, mae 0.0944, rmse 0.1255, time elapsed(min) 0.02---
2026-10-01 08:48:36,097 - INFO - --- validation at epoch 297, val_loss 0.0087, val_mae 0.0961, val_rmse 0.1318, val_r2 0.7656, val_pearson 0.8767, lr 1.00e-06 ---
2026-10-01 08:48:36,097 - INFO - 
****************************************************************************************************
2026-10-01 08:48:37,659 - INFO - --- training epoch 298, loss 0.0076, mae 0.0930, rmse 0.1232, time elapsed(min) 0.02---
2026-10-01 08:48:37,997 - INFO - --- validation at epoch 298, val_loss 0.0087, val_mae 0.0960, val_rmse 0.1317, val_r2 0.7660, val_pearson 0.8770, lr 1.00e-06 ---
2026-10-01 08:48:37,997 - INFO - 
****************************************************************************************************
2026-10-01 08:48:39,740 - INFO - --- training epoch 299, loss 0.0077, mae 0.0931, rmse 0.1243, time elapsed(min) 0.02---
2026-10-01 08:48:39,944 - INFO - --- validation at epoch 299, val_loss 0.0087, val_mae 0.0960, val_rmse 0.1317, val_r2 0.7657, val_pearson 0.8768, lr 1.00e-06 ---
2026-10-01 08:48:39,944 - INFO - 
****************************************************************************************************
2026-10-01 08:48:41,510 - INFO - --- training epoch 300, loss 0.0076, mae 0.0930, rmse 0.1235, time elapsed(min) 0.02---
2026-10-01 08:48:41,713 - INFO - --- validation at epoch 300, val_loss 0.0087, val_mae 0.0962, val_rmse 0.1319, val_r2 0.7653, val_pearson 0.8766, lr 1.00e-06 ---
2026-10-01 08:48:41,713 - INFO - 
****************************************************************************************************
2026-10-01 08:48:43,353 - INFO - --- training epoch 301, loss 0.0078, mae 0.0944, rmse 0.1249, time elapsed(min) 0.02---
2026-10-01 08:48:43,677 - INFO - --- validation at epoch 301, val_loss 0.0086, val_mae 0.0959, val_rmse 0.1317, val_r2 0.7659, val_pearson 0.8771, lr 1.00e-06 ---
2026-10-01 08:48:43,677 - INFO - 
****************************************************************************************************
2026-10-01 08:48:45,521 - INFO - --- training epoch 302, loss 0.0075, mae 0.0916, rmse 0.1226, time elapsed(min) 0.02---
2026-10-01 08:48:45,732 - INFO - --- validation at epoch 302, val_loss 0.0087, val_mae 0.0961, val_rmse 0.1318, val_r2 0.7656, val_pearson 0.8769, lr 1.00e-06 ---
2026-10-01 08:48:45,732 - INFO - 
****************************************************************************************************
2026-10-01 08:48:47,285 - INFO - --- training epoch 303, loss 0.0079, mae 0.0943, rmse 0.1256, time elapsed(min) 0.02---
2026-10-01 08:48:47,489 - INFO - --- validation at epoch 303, val_loss 0.0087, val_mae 0.0962, val_rmse 0.1318, val_r2 0.7655, val_pearson 0.8767, lr 1.00e-06 ---
2026-10-01 08:48:47,489 - INFO - 
****************************************************************************************************
2026-10-01 08:48:49,056 - INFO - --- training epoch 304, loss 0.0077, mae 0.0944, rmse 0.1244, time elapsed(min) 0.02---
2026-10-01 08:48:49,259 - INFO - --- validation at epoch 304, val_loss 0.0087, val_mae 0.0961, val_rmse 0.1317, val_r2 0.7659, val_pearson 0.8770, lr 1.00e-06 ---
2026-10-01 08:48:49,259 - INFO - 
****************************************************************************************************
2026-10-01 08:48:50,910 - INFO - --- training epoch 305, loss 0.0077, mae 0.0928, rmse 0.1238, time elapsed(min) 0.02---
2026-10-01 08:48:51,274 - INFO - --- validation at epoch 305, val_loss 0.0087, val_mae 0.0959, val_rmse 0.1316, val_r2 0.7661, val_pearson 0.8770, lr 1.00e-06 ---
2026-10-01 08:48:51,274 - INFO - 
****************************************************************************************************
2026-10-01 08:48:53,035 - INFO - --- training epoch 306, loss 0.0077, mae 0.0933, rmse 0.1243, time elapsed(min) 0.02---
2026-10-01 08:48:53,243 - INFO - --- validation at epoch 306, val_loss 0.0086, val_mae 0.0958, val_rmse 0.1315, val_r2 0.7666, val_pearson 0.8773, lr 1.00e-06 ---
2026-10-01 08:48:53,243 - INFO - 
****************************************************************************************************
2026-10-01 08:48:54,877 - INFO - --- training epoch 307, loss 0.0078, mae 0.0943, rmse 0.1251, time elapsed(min) 0.02---
2026-10-01 08:48:55,097 - INFO - --- validation at epoch 307, val_loss 0.0086, val_mae 0.0956, val_rmse 0.1312, val_r2 0.7675, val_pearson 0.8777, lr 1.00e-06 ---
2026-10-01 08:48:55,097 - INFO - 
****************************************************************************************************
2026-10-01 08:48:56,751 - INFO - --- training epoch 308, loss 0.0078, mae 0.0936, rmse 0.1246, time elapsed(min) 0.02---
2026-10-01 08:48:57,085 - INFO - --- validation at epoch 308, val_loss 0.0086, val_mae 0.0956, val_rmse 0.1312, val_r2 0.7677, val_pearson 0.8777, lr 1.00e-06 ---
2026-10-01 08:48:57,085 - INFO - 
****************************************************************************************************
2026-10-01 08:48:58,979 - INFO - --- training epoch 309, loss 0.0078, mae 0.0944, rmse 0.1247, time elapsed(min) 0.03---
2026-10-01 08:48:59,198 - INFO - --- validation at epoch 309, val_loss 0.0086, val_mae 0.0956, val_rmse 0.1314, val_r2 0.7668, val_pearson 0.8773, lr 1.00e-06 ---
2026-10-01 08:48:59,198 - INFO - 
****************************************************************************************************
2026-10-01 08:49:00,810 - INFO - --- training epoch 310, loss 0.0076, mae 0.0934, rmse 0.1235, time elapsed(min) 0.02---
2026-10-01 08:49:01,024 - INFO - --- validation at epoch 310, val_loss 0.0086, val_mae 0.0959, val_rmse 0.1315, val_r2 0.7666, val_pearson 0.8772, lr 1.00e-06 ---
2026-10-01 08:49:01,025 - INFO - 
****************************************************************************************************
2026-10-01 08:49:02,746 - INFO - --- training epoch 311, loss 0.0077, mae 0.0934, rmse 0.1238, time elapsed(min) 0.02---
2026-10-01 08:49:03,101 - INFO - --- validation at epoch 311, val_loss 0.0086, val_mae 0.0957, val_rmse 0.1315, val_r2 0.7666, val_pearson 0.8772, lr 1.00e-06 ---
2026-10-01 08:49:03,101 - INFO - 
****************************************************************************************************
2026-10-01 08:49:05,039 - INFO - --- training epoch 312, loss 0.0076, mae 0.0933, rmse 0.1236, time elapsed(min) 0.03---
2026-10-01 08:49:05,257 - INFO - --- validation at epoch 312, val_loss 0.0087, val_mae 0.0959, val_rmse 0.1316, val_r2 0.7661, val_pearson 0.8768, lr 1.00e-06 ---
2026-10-01 08:49:05,257 - INFO - 
****************************************************************************************************
2026-10-01 08:49:06,985 - INFO - --- training epoch 313, loss 0.0076, mae 0.0926, rmse 0.1232, time elapsed(min) 0.02---
2026-10-01 08:49:07,215 - INFO - --- validation at epoch 313, val_loss 0.0087, val_mae 0.0959, val_rmse 0.1316, val_r2 0.7661, val_pearson 0.8770, lr 1.00e-06 ---
2026-10-01 08:49:07,215 - INFO - 
****************************************************************************************************
2026-10-01 08:49:08,876 - INFO - --- training epoch 314, loss 0.0079, mae 0.0946, rmse 0.1255, time elapsed(min) 0.02---
2026-10-01 08:49:09,095 - INFO - --- validation at epoch 314, val_loss 0.0087, val_mae 0.0957, val_rmse 0.1316, val_r2 0.7661, val_pearson 0.8771, lr 1.00e-06 ---
2026-10-01 08:49:09,095 - INFO - 
****************************************************************************************************
2026-10-01 08:49:10,943 - INFO - --- training epoch 315, loss 0.0077, mae 0.0939, rmse 0.1238, time elapsed(min) 0.03---
2026-10-01 08:49:11,342 - INFO - --- validation at epoch 315, val_loss 0.0086, val_mae 0.0957, val_rmse 0.1315, val_r2 0.7666, val_pearson 0.8774, lr 1.00e-06 ---
2026-10-01 08:49:11,342 - INFO - 
****************************************************************************************************
2026-10-01 08:49:13,266 - INFO - --- training epoch 316, loss 0.0076, mae 0.0930, rmse 0.1235, time elapsed(min) 0.02---
2026-10-01 08:49:13,484 - INFO - --- validation at epoch 316, val_loss 0.0087, val_mae 0.0958, val_rmse 0.1317, val_r2 0.7660, val_pearson 0.8770, lr 1.00e-06 ---
2026-10-01 08:49:13,484 - INFO - 
****************************************************************************************************
2026-10-01 08:49:15,150 - INFO - --- training epoch 317, loss 0.0077, mae 0.0934, rmse 0.1239, time elapsed(min) 0.02---
2026-10-01 08:49:15,370 - INFO - --- validation at epoch 317, val_loss 0.0086, val_mae 0.0957, val_rmse 0.1315, val_r2 0.7667, val_pearson 0.8772, lr 1.00e-06 ---
2026-10-01 08:49:15,370 - INFO - 
****************************************************************************************************
2026-10-01 08:49:17,163 - INFO - --- training epoch 318, loss 0.0077, mae 0.0939, rmse 0.1244, time elapsed(min) 0.02---
2026-10-01 08:49:17,574 - INFO - --- validation at epoch 318, val_loss 0.0086, val_mae 0.0956, val_rmse 0.1314, val_r2 0.7671, val_pearson 0.8774, lr 1.00e-06 ---
2026-10-01 08:49:17,574 - INFO - 
****************************************************************************************************
2026-10-01 08:49:19,379 - INFO - --- training epoch 319, loss 0.0076, mae 0.0930, rmse 0.1230, time elapsed(min) 0.02---
2026-10-01 08:49:19,601 - INFO - --- validation at epoch 319, val_loss 0.0086, val_mae 0.0957, val_rmse 0.1314, val_r2 0.7669, val_pearson 0.8774, lr 1.00e-06 ---
2026-10-01 08:49:19,601 - INFO - 
****************************************************************************************************
2026-10-01 08:49:21,377 - INFO - --- training epoch 320, loss 0.0077, mae 0.0931, rmse 0.1238, time elapsed(min) 0.02---
2026-10-01 08:49:21,603 - INFO - --- validation at epoch 320, val_loss 0.0087, val_mae 0.0958, val_rmse 0.1314, val_r2 0.7668, val_pearson 0.8773, lr 1.00e-06 ---
2026-10-01 08:49:21,603 - INFO - 
****************************************************************************************************
2026-10-01 08:49:23,282 - INFO - --- training epoch 321, loss 0.0077, mae 0.0937, rmse 0.1240, time elapsed(min) 0.02---
2026-10-01 08:49:23,670 - INFO - --- validation at epoch 321, val_loss 0.0087, val_mae 0.0959, val_rmse 0.1314, val_r2 0.7669, val_pearson 0.8773, lr 1.00e-06 ---
2026-10-01 08:49:23,670 - INFO - 
****************************************************************************************************
2026-10-01 08:49:25,498 - INFO - --- training epoch 322, loss 0.0079, mae 0.0951, rmse 0.1259, time elapsed(min) 0.02---
2026-10-01 08:49:25,714 - INFO - --- validation at epoch 322, val_loss 0.0086, val_mae 0.0958, val_rmse 0.1314, val_r2 0.7670, val_pearson 0.8774, lr 1.00e-06 ---
2026-10-01 08:49:25,714 - INFO - 
****************************************************************************************************
2026-10-01 08:49:27,395 - INFO - --- training epoch 323, loss 0.0077, mae 0.0934, rmse 0.1240, time elapsed(min) 0.02---
2026-10-01 08:49:27,613 - INFO - --- validation at epoch 323, val_loss 0.0087, val_mae 0.0959, val_rmse 0.1316, val_r2 0.7661, val_pearson 0.8770, lr 1.00e-06 ---
2026-10-01 08:49:27,613 - INFO - 
****************************************************************************************************
2026-10-01 08:49:29,388 - INFO - --- training epoch 324, loss 0.0078, mae 0.0945, rmse 0.1253, time elapsed(min) 0.02---
2026-10-01 08:49:29,765 - INFO - --- validation at epoch 324, val_loss 0.0086, val_mae 0.0958, val_rmse 0.1315, val_r2 0.7665, val_pearson 0.8773, lr 1.00e-06 ---
2026-10-01 08:49:29,765 - INFO - 
****************************************************************************************************
2026-10-01 08:49:31,687 - INFO - --- training epoch 325, loss 0.0078, mae 0.0936, rmse 0.1246, time elapsed(min) 0.03---
2026-10-01 08:49:31,904 - INFO - --- validation at epoch 325, val_loss 0.0087, val_mae 0.0961, val_rmse 0.1317, val_r2 0.7660, val_pearson 0.8769, lr 1.00e-06 ---
2026-10-01 08:49:31,904 - INFO - 
****************************************************************************************************
2026-10-01 08:49:33,658 - INFO - --- training epoch 326, loss 0.0077, mae 0.0934, rmse 0.1237, time elapsed(min) 0.02---
2026-10-01 08:49:33,877 - INFO - --- validation at epoch 326, val_loss 0.0086, val_mae 0.0959, val_rmse 0.1316, val_r2 0.7664, val_pearson 0.8772, lr 1.00e-06 ---
2026-10-01 08:49:33,877 - INFO - 
****************************************************************************************************
2026-10-01 08:49:35,559 - INFO - --- training epoch 327, loss 0.0078, mae 0.0942, rmse 0.1252, time elapsed(min) 0.02---
2026-10-01 08:49:35,779 - INFO - --- validation at epoch 327, val_loss 0.0087, val_mae 0.0960, val_rmse 0.1316, val_r2 0.7663, val_pearson 0.8771, lr 1.00e-06 ---
2026-10-01 08:49:35,779 - INFO - 
****************************************************************************************************
2026-10-01 08:49:37,540 - INFO - --- training epoch 328, loss 0.0077, mae 0.0934, rmse 0.1243, time elapsed(min) 0.02---
2026-10-01 08:49:37,954 - INFO - --- validation at epoch 328, val_loss 0.0087, val_mae 0.0961, val_rmse 0.1317, val_r2 0.7659, val_pearson 0.8769, lr 1.00e-06 ---
2026-10-01 08:49:37,954 - INFO - 
****************************************************************************************************
2026-10-01 08:49:39,839 - INFO - --- training epoch 329, loss 0.0074, mae 0.0920, rmse 0.1220, time elapsed(min) 0.02---
2026-10-01 08:49:40,061 - INFO - --- validation at epoch 329, val_loss 0.0086, val_mae 0.0958, val_rmse 0.1314, val_r2 0.7668, val_pearson 0.8775, lr 1.00e-06 ---
2026-10-01 08:49:40,061 - INFO - 
****************************************************************************************************
2026-10-01 08:49:41,728 - INFO - --- training epoch 330, loss 0.0076, mae 0.0927, rmse 0.1235, time elapsed(min) 0.02---
2026-10-01 08:49:41,946 - INFO - --- validation at epoch 330, val_loss 0.0086, val_mae 0.0958, val_rmse 0.1314, val_r2 0.7669, val_pearson 0.8774, lr 1.00e-06 ---
2026-10-01 08:49:41,946 - INFO - 
****************************************************************************************************
2026-10-01 08:49:43,700 - INFO - --- training epoch 331, loss 0.0080, mae 0.0951, rmse 0.1263, time elapsed(min) 0.02---
2026-10-01 08:49:44,092 - INFO - --- validation at epoch 331, val_loss 0.0087, val_mae 0.0959, val_rmse 0.1316, val_r2 0.7662, val_pearson 0.8771, lr 1.00e-06 ---
2026-10-01 08:49:44,092 - INFO - 
****************************************************************************************************
2026-10-01 08:49:46,018 - INFO - --- training epoch 332, loss 0.0078, mae 0.0947, rmse 0.1252, time elapsed(min) 0.03---
2026-10-01 08:49:46,239 - INFO - --- validation at epoch 332, val_loss 0.0087, val_mae 0.0961, val_rmse 0.1316, val_r2 0.7662, val_pearson 0.8769, lr 1.00e-06 ---
2026-10-01 08:49:46,239 - INFO - 
****************************************************************************************************
2026-10-01 08:49:47,968 - INFO - --- training epoch 333, loss 0.0076, mae 0.0927, rmse 0.1232, time elapsed(min) 0.02---
2026-10-01 08:49:48,194 - INFO - --- validation at epoch 333, val_loss 0.0087, val_mae 0.0963, val_rmse 0.1318, val_r2 0.7656, val_pearson 0.8765, lr 1.00e-06 ---
2026-10-01 08:49:48,194 - INFO - 
****************************************************************************************************
2026-10-01 08:49:49,945 - INFO - --- training epoch 334, loss 0.0077, mae 0.0936, rmse 0.1243, time elapsed(min) 0.02---
2026-10-01 08:49:50,317 - INFO - --- validation at epoch 334, val_loss 0.0087, val_mae 0.0960, val_rmse 0.1316, val_r2 0.7661, val_pearson 0.8771, lr 1.00e-06 ---
2026-10-01 08:49:50,317 - INFO - 
****************************************************************************************************
2026-10-01 08:49:52,265 - INFO - --- training epoch 335, loss 0.0076, mae 0.0933, rmse 0.1236, time elapsed(min) 0.03---
2026-10-01 08:49:52,488 - INFO - --- validation at epoch 335, val_loss 0.0086, val_mae 0.0958, val_rmse 0.1315, val_r2 0.7665, val_pearson 0.8773, lr 1.00e-06 ---
2026-10-01 08:49:52,488 - INFO - 
****************************************************************************************************
2026-10-01 08:49:54,152 - INFO - --- training epoch 336, loss 0.0079, mae 0.0943, rmse 0.1254, time elapsed(min) 0.02---
2026-10-01 08:49:54,373 - INFO - --- validation at epoch 336, val_loss 0.0086, val_mae 0.0958, val_rmse 0.1315, val_r2 0.7667, val_pearson 0.8772, lr 1.00e-06 ---
2026-10-01 08:49:54,373 - INFO - 
****************************************************************************************************
2026-10-01 08:49:56,045 - INFO - --- training epoch 337, loss 0.0077, mae 0.0934, rmse 0.1243, time elapsed(min) 0.02---
2026-10-01 08:49:56,416 - INFO - --- validation at epoch 337, val_loss 0.0086, val_mae 0.0959, val_rmse 0.1316, val_r2 0.7664, val_pearson 0.8771, lr 1.00e-06 ---
2026-10-01 08:49:56,416 - INFO - 
****************************************************************************************************
2026-10-01 08:49:58,182 - INFO - --- training epoch 338, loss 0.0078, mae 0.0941, rmse 0.1251, time elapsed(min) 0.02---
2026-10-01 08:49:58,588 - INFO - --- validation at epoch 338, val_loss 0.0086, val_mae 0.0957, val_rmse 0.1314, val_r2 0.7670, val_pearson 0.8776, lr 1.00e-06 ---
2026-10-01 08:49:58,588 - INFO - 
****************************************************************************************************
2026-10-01 08:50:00,386 - INFO - --- training epoch 339, loss 0.0077, mae 0.0941, rmse 0.1244, time elapsed(min) 0.02---
2026-10-01 08:50:00,601 - INFO - --- validation at epoch 339, val_loss 0.0087, val_mae 0.0962, val_rmse 0.1316, val_r2 0.7661, val_pearson 0.8769, lr 1.00e-06 ---
2026-10-01 08:50:00,601 - INFO - 
****************************************************************************************************
2026-10-01 08:50:02,270 - INFO - --- training epoch 340, loss 0.0076, mae 0.0925, rmse 0.1231, time elapsed(min) 0.02---
2026-10-01 08:50:02,484 - INFO - --- validation at epoch 340, val_loss 0.0087, val_mae 0.0960, val_rmse 0.1317, val_r2 0.7660, val_pearson 0.8770, lr 1.00e-06 ---
2026-10-01 08:50:02,484 - INFO - 
****************************************************************************************************
2026-10-01 08:50:04,247 - INFO - --- training epoch 341, loss 0.0078, mae 0.0943, rmse 0.1251, time elapsed(min) 0.02---
2026-10-01 08:50:04,667 - INFO - --- validation at epoch 341, val_loss 0.0086, val_mae 0.0960, val_rmse 0.1315, val_r2 0.7664, val_pearson 0.8772, lr 1.00e-06 ---
2026-10-01 08:50:04,667 - INFO - 
****************************************************************************************************
2026-10-01 08:50:06,713 - INFO - --- training epoch 342, loss 0.0075, mae 0.0923, rmse 0.1224, time elapsed(min) 0.03---
2026-10-01 08:50:06,928 - INFO - --- validation at epoch 342, val_loss 0.0087, val_mae 0.0959, val_rmse 0.1316, val_r2 0.7662, val_pearson 0.8772, lr 1.00e-06 ---
2026-10-01 08:50:06,928 - INFO - 
****************************************************************************************************
2026-10-01 08:50:08,689 - INFO - --- training epoch 343, loss 0.0077, mae 0.0931, rmse 0.1240, time elapsed(min) 0.02---
2026-10-01 08:50:08,906 - INFO - --- validation at epoch 343, val_loss 0.0086, val_mae 0.0958, val_rmse 0.1314, val_r2 0.7671, val_pearson 0.8775, lr 1.00e-06 ---
2026-10-01 08:50:08,907 - INFO - 
****************************************************************************************************
2026-10-01 08:50:10,611 - INFO - --- training epoch 344, loss 0.0077, mae 0.0934, rmse 0.1239, time elapsed(min) 0.02---
2026-10-01 08:50:10,991 - INFO - --- validation at epoch 344, val_loss 0.0086, val_mae 0.0959, val_rmse 0.1314, val_r2 0.7668, val_pearson 0.8774, lr 1.00e-06 ---
2026-10-01 08:50:10,991 - INFO - 
****************************************************************************************************
2026-10-01 08:50:12,984 - INFO - --- training epoch 345, loss 0.0078, mae 0.0946, rmse 0.1253, time elapsed(min) 0.03---
2026-10-01 08:50:13,202 - INFO - --- validation at epoch 345, val_loss 0.0086, val_mae 0.0958, val_rmse 0.1315, val_r2 0.7667, val_pearson 0.8773, lr 1.00e-06 ---
2026-10-01 08:50:13,202 - INFO - 
****************************************************************************************************
2026-10-01 08:50:14,992 - INFO - --- training epoch 346, loss 0.0077, mae 0.0932, rmse 0.1238, time elapsed(min) 0.02---
2026-10-01 08:50:15,206 - INFO - --- validation at epoch 346, val_loss 0.0086, val_mae 0.0958, val_rmse 0.1314, val_r2 0.7668, val_pearson 0.8773, lr 1.00e-06 ---
2026-10-01 08:50:15,206 - INFO - 
****************************************************************************************************
2026-10-01 08:50:17,055 - INFO - --- training epoch 347, loss 0.0079, mae 0.0948, rmse 0.1258, time elapsed(min) 0.03---
2026-10-01 08:50:17,435 - INFO - --- validation at epoch 347, val_loss 0.0086, val_mae 0.0956, val_rmse 0.1314, val_r2 0.7668, val_pearson 0.8774, lr 1.00e-06 ---
2026-10-01 08:50:17,435 - INFO - 
****************************************************************************************************
2026-10-01 08:50:19,330 - INFO - --- training epoch 348, loss 0.0075, mae 0.0921, rmse 0.1228, time elapsed(min) 0.03---
2026-10-01 08:50:19,552 - INFO - --- validation at epoch 348, val_loss 0.0086, val_mae 0.0957, val_rmse 0.1314, val_r2 0.7668, val_pearson 0.8774, lr 1.00e-06 ---
2026-10-01 08:50:19,552 - INFO - 
****************************************************************************************************
2026-10-01 08:50:21,326 - INFO - --- training epoch 349, loss 0.0079, mae 0.0947, rmse 0.1256, time elapsed(min) 0.02---
2026-10-01 08:50:21,547 - INFO - --- validation at epoch 349, val_loss 0.0086, val_mae 0.0959, val_rmse 0.1314, val_r2 0.7670, val_pearson 0.8774, lr 1.00e-06 ---
2026-10-01 08:50:21,547 - INFO - 
****************************************************************************************************
2026-10-01 08:50:23,226 - INFO - --- training epoch 350, loss 0.0077, mae 0.0942, rmse 0.1240, time elapsed(min) 0.02---
2026-10-01 08:50:23,447 - INFO - --- validation at epoch 350, val_loss 0.0086, val_mae 0.0959, val_rmse 0.1316, val_r2 0.7664, val_pearson 0.8771, lr 1.00e-06 ---
2026-10-01 08:50:23,447 - INFO - 
****************************************************************************************************
2026-10-01 08:50:25,237 - INFO - --- training epoch 351, loss 0.0077, mae 0.0934, rmse 0.1238, time elapsed(min) 0.02---
2026-10-01 08:50:25,632 - INFO - --- validation at epoch 351, val_loss 0.0086, val_mae 0.0958, val_rmse 0.1315, val_r2 0.7665, val_pearson 0.8772, lr 1.00e-06 ---
2026-10-01 08:50:25,632 - INFO - 
****************************************************************************************************
2026-10-01 08:50:27,452 - INFO - --- training epoch 352, loss 0.0077, mae 0.0931, rmse 0.1239, time elapsed(min) 0.02---
2026-10-01 08:50:27,675 - INFO - --- validation at epoch 352, val_loss 0.0087, val_mae 0.0960, val_rmse 0.1316, val_r2 0.7662, val_pearson 0.8769, lr 1.00e-06 ---
2026-10-01 08:50:27,675 - INFO - 
****************************************************************************************************
2026-10-01 08:50:29,364 - INFO - --- training epoch 353, loss 0.0075, mae 0.0928, rmse 0.1229, time elapsed(min) 0.02---
2026-10-01 08:50:29,588 - INFO - --- validation at epoch 353, val_loss 0.0087, val_mae 0.0959, val_rmse 0.1316, val_r2 0.7661, val_pearson 0.8770, lr 1.00e-06 ---
2026-10-01 08:50:29,588 - INFO - 
****************************************************************************************************
2026-10-01 08:50:31,289 - INFO - --- training epoch 354, loss 0.0075, mae 0.0922, rmse 0.1225, time elapsed(min) 0.02---
2026-10-01 08:50:31,741 - INFO - --- validation at epoch 354, val_loss 0.0086, val_mae 0.0959, val_rmse 0.1316, val_r2 0.7663, val_pearson 0.8771, lr 1.00e-06 ---
2026-10-01 08:50:31,741 - INFO - 
****************************************************************************************************
2026-10-01 08:50:33,673 - INFO - --- training epoch 355, loss 0.0078, mae 0.0934, rmse 0.1245, time elapsed(min) 0.02---
2026-10-01 08:50:33,889 - INFO - --- validation at epoch 355, val_loss 0.0086, val_mae 0.0959, val_rmse 0.1315, val_r2 0.7665, val_pearson 0.8773, lr 1.00e-06 ---
2026-10-01 08:50:33,889 - INFO - 
****************************************************************************************************
2026-10-01 08:50:35,571 - INFO - --- training epoch 356, loss 0.0075, mae 0.0923, rmse 0.1224, time elapsed(min) 0.02---
2026-10-01 08:50:35,787 - INFO - --- validation at epoch 356, val_loss 0.0087, val_mae 0.0960, val_rmse 0.1317, val_r2 0.7659, val_pearson 0.8768, lr 1.00e-06 ---
2026-10-01 08:50:35,787 - INFO - 
****************************************************************************************************
2026-10-01 08:50:37,470 - INFO - --- training epoch 357, loss 0.0078, mae 0.0938, rmse 0.1251, time elapsed(min) 0.02---
2026-10-01 08:50:37,901 - INFO - --- validation at epoch 357, val_loss 0.0087, val_mae 0.0957, val_rmse 0.1316, val_r2 0.7663, val_pearson 0.8771, lr 1.00e-06 ---
2026-10-01 08:50:37,901 - INFO - 
****************************************************************************************************
2026-10-01 08:50:38,336 - INFO - --- early stopping at epoch 357: val_loss did not improve for 50 epochs ---
2026-10-01 08:50:38,595 - INFO - --- selected checkpoint from epoch 307, val_loss 0.0086, val_mae 0.0956, val_rmse 0.1312
2026-10-01 08:50:39,409 - INFO - -- RESULT
2026-10-01 08:50:39,409 - INFO - --- test size: 1728
2026-10-01 08:50:39,409 - INFO - --- MAE: 0.0913 (9.13 pp), RMSE: 0.1233 (12.33 pp), R2: 0.8050, Pearson: 0.8985
2026-10-01 08:50:41,587 - INFO - --- Suzuki-Miyaura | split_4 | current_model: test R2 0.8050 MAE 0.0913 RMSE 0.1233 | 697.6s (1.9s/epoch)
2026-10-01 08:50:41,591 - INFO - --- Suzuki-Miyaura | split_4 | approach 3 (comb/linear) (comb/linear)
