2026-09-30 23:53:51,557 - INFO - device is	cuda:0
2026-09-30 23:53:51,695 - INFO - -- CONFIGURATIONS
2026-09-30 23:53:51,695 - INFO - --- train/valid/test: 2491/277/1187
2026-09-30 23:53:51,695 - INFO - --- max no. reactants_train, valid, test respectively: 6, 6, 6
2026-09-30 23:53:51,695 - INFO - --- max no. products_train, valid, test respectively: 1, 1, 1
2026-09-30 23:53:51,695 - INFO - --- model_path: ../logs/approach2_grid_bh/e400/runs/Buchwald-Hartwig_fullcv09_split70_current_model/model.pt
2026-09-30 23:53:51,704 - INFO - -- TRAINING
2026-09-30 23:53:52,373 - INFO - --- training epoch 0, loss 23.9847, mae 24.4803, rmse 29.7298, time elapsed(min) 0.01---
2026-09-30 23:53:52,546 - INFO - --- validation at epoch 0, val_loss 23.0866, val_mae 23.4782, val_rmse 28.6592, val_r2 -0.0927, val_pearson -0.3246, lr 1.00e-03 ---
2026-09-30 23:53:52,546 - INFO - 
****************************************************************************************************
2026-09-30 23:53:53,819 - INFO - --- training epoch 1, loss 22.7942, mae 23.2906, rmse 28.1218, time elapsed(min) 0.01---
2026-09-30 23:53:53,992 - INFO - --- validation at epoch 1, val_loss 22.6793, val_mae 23.1513, val_rmse 27.7143, val_r2 -0.0219, val_pearson 0.0733, lr 1.00e-03 ---
2026-09-30 23:53:53,992 - INFO - 
****************************************************************************************************
2026-09-30 23:53:55,272 - INFO - --- training epoch 2, loss 22.2465, mae 22.7428, rmse 27.3168, time elapsed(min) 0.01---
2026-09-30 23:53:55,440 - INFO - --- validation at epoch 2, val_loss 23.0596, val_mae 23.1747, val_rmse 28.8386, val_r2 -0.1065, val_pearson 0.1456, lr 1.00e-03 ---
2026-09-30 23:53:55,440 - INFO - 
****************************************************************************************************
2026-09-30 23:53:56,651 - INFO - --- training epoch 3, loss 22.3288, mae 22.8244, rmse 27.8515, time elapsed(min) 0.01---
2026-09-30 23:53:56,819 - INFO - --- validation at epoch 3, val_loss 22.7743, val_mae 22.8545, val_rmse 27.6507, val_r2 -0.0172, val_pearson 0.1745, lr 1.00e-03 ---
2026-09-30 23:53:56,819 - INFO - 
****************************************************************************************************
2026-09-30 23:53:58,205 - INFO - --- training epoch 4, loss 21.4139, mae 21.9089, rmse 26.4682, time elapsed(min) 0.02---
2026-09-30 23:53:58,370 - INFO - --- validation at epoch 4, val_loss 23.6331, val_mae 23.3157, val_rmse 30.0952, val_r2 -0.2050, val_pearson 0.2275, lr 1.00e-03 ---
2026-09-30 23:53:58,370 - INFO - 
****************************************************************************************************
2026-09-30 23:53:59,380 - INFO - --- training epoch 5, loss 21.4937, mae 21.9904, rmse 26.4363, time elapsed(min) 0.01---
2026-09-30 23:53:59,550 - INFO - --- validation at epoch 5, val_loss 22.6688, val_mae 22.6688, val_rmse 28.0749, val_r2 -0.0486, val_pearson 0.2372, lr 1.00e-03 ---
2026-09-30 23:53:59,550 - INFO - 
****************************************************************************************************
2026-09-30 23:54:00,655 - INFO - --- training epoch 6, loss 21.4276, mae 21.9236, rmse 26.4335, time elapsed(min) 0.01---
2026-09-30 23:54:00,829 - INFO - --- validation at epoch 6, val_loss 23.5188, val_mae 23.1490, val_rmse 29.8638, val_r2 -0.1865, val_pearson 0.2558, lr 1.00e-03 ---
2026-09-30 23:54:00,829 - INFO - 
****************************************************************************************************
2026-09-30 23:54:02,090 - INFO - --- training epoch 7, loss 21.6248, mae 22.1219, rmse 26.6204, time elapsed(min) 0.01---
2026-09-30 23:54:02,266 - INFO - --- validation at epoch 7, val_loss 23.1162, val_mae 22.7134, val_rmse 28.7595, val_r2 -0.1004, val_pearson 0.2839, lr 1.00e-03 ---
2026-09-30 23:54:02,266 - INFO - 
****************************************************************************************************
2026-09-30 23:54:03,499 - INFO - --- training epoch 8, loss 20.5684, mae 21.0643, rmse 25.2899, time elapsed(min) 0.01---
2026-09-30 23:54:03,674 - INFO - --- validation at epoch 8, val_loss 22.4817, val_mae 21.8849, val_rmse 27.0953, val_r2 0.0233, val_pearson 0.3678, lr 1.00e-03 ---
2026-09-30 23:54:03,674 - INFO - 
****************************************************************************************************
2026-09-30 23:54:05,028 - INFO - --- training epoch 9, loss 19.9254, mae 20.4190, rmse 24.5930, time elapsed(min) 0.01---
2026-09-30 23:54:05,438 - INFO - --- validation at epoch 9, val_loss 21.9584, val_mae 21.3795, val_rmse 26.3905, val_r2 0.0734, val_pearson 0.4078, lr 1.00e-03 ---
2026-09-30 23:54:05,438 - INFO - 
****************************************************************************************************
2026-09-30 23:54:06,726 - INFO - --- training epoch 10, loss 20.1807, mae 20.6759, rmse 24.9547, time elapsed(min) 0.01---
2026-09-30 23:54:06,893 - INFO - --- validation at epoch 10, val_loss 22.2585, val_mae 21.3072, val_rmse 27.1489, val_r2 0.0194, val_pearson 0.3784, lr 1.00e-03 ---
2026-09-30 23:54:06,893 - INFO - 
****************************************************************************************************
2026-09-30 23:54:07,929 - INFO - --- training epoch 11, loss 20.0845, mae 20.5798, rmse 24.7695, time elapsed(min) 0.01---
2026-09-30 23:54:08,101 - INFO - --- validation at epoch 11, val_loss 22.4403, val_mae 21.9686, val_rmse 28.1313, val_r2 -0.0528, val_pearson 0.4436, lr 1.00e-03 ---
2026-09-30 23:54:08,101 - INFO - 
****************************************************************************************************
2026-09-30 23:54:09,340 - INFO - --- training epoch 12, loss 19.9328, mae 20.4271, rmse 24.4406, time elapsed(min) 0.01---
2026-09-30 23:54:09,507 - INFO - --- validation at epoch 12, val_loss 21.3567, val_mae 21.0023, val_rmse 25.5480, val_r2 0.1316, val_pearson 0.4434, lr 1.00e-03 ---
2026-09-30 23:54:09,507 - INFO - 
****************************************************************************************************
2026-09-30 23:54:10,854 - INFO - --- training epoch 13, loss 19.4604, mae 19.9578, rmse 24.1347, time elapsed(min) 0.01---
2026-09-30 23:54:11,022 - INFO - --- validation at epoch 13, val_loss 21.6680, val_mae 21.2660, val_rmse 26.2361, val_r2 0.0842, val_pearson 0.4595, lr 1.00e-03 ---
2026-09-30 23:54:11,022 - INFO - 
****************************************************************************************************
2026-09-30 23:54:12,275 - INFO - --- training epoch 14, loss 20.3595, mae 20.8546, rmse 25.2277, time elapsed(min) 0.01---
2026-09-30 23:54:12,656 - INFO - --- validation at epoch 14, val_loss 21.7201, val_mae 21.3367, val_rmse 26.1801, val_r2 0.0881, val_pearson 0.3715, lr 1.00e-03 ---
2026-09-30 23:54:12,657 - INFO - 
****************************************************************************************************
2026-09-30 23:54:13,847 - INFO - --- training epoch 15, loss 20.9791, mae 21.4753, rmse 25.7111, time elapsed(min) 0.01---
2026-09-30 23:54:14,012 - INFO - --- validation at epoch 15, val_loss 21.9937, val_mae 21.6992, val_rmse 25.9001, val_r2 0.1075, val_pearson 0.3843, lr 1.00e-03 ---
2026-09-30 23:54:14,012 - INFO - 
****************************************************************************************************
2026-09-30 23:54:15,047 - INFO - --- training epoch 16, loss 20.0021, mae 20.4977, rmse 24.8209, time elapsed(min) 0.01---
2026-09-30 23:54:15,212 - INFO - --- validation at epoch 16, val_loss 21.2933, val_mae 20.9693, val_rmse 25.4001, val_r2 0.1417, val_pearson 0.4242, lr 1.00e-03 ---
2026-09-30 23:54:15,212 - INFO - 
****************************************************************************************************
2026-09-30 23:54:16,353 - INFO - --- training epoch 17, loss 19.6912, mae 20.1863, rmse 24.4613, time elapsed(min) 0.01---
2026-09-30 23:54:16,524 - INFO - --- validation at epoch 17, val_loss 21.1454, val_mae 21.1024, val_rmse 25.4781, val_r2 0.1364, val_pearson 0.4170, lr 1.00e-03 ---
2026-09-30 23:54:16,524 - INFO - 
****************************************************************************************************
2026-09-30 23:54:17,975 - INFO - --- training epoch 18, loss 20.3324, mae 20.8275, rmse 25.0922, time elapsed(min) 0.02---
2026-09-30 23:54:18,147 - INFO - --- validation at epoch 18, val_loss 21.5373, val_mae 21.3760, val_rmse 25.8280, val_r2 0.1125, val_pearson 0.4015, lr 1.00e-03 ---
2026-09-30 23:54:18,147 - INFO - 
****************************************************************************************************
2026-09-30 23:54:19,383 - INFO - --- training epoch 19, loss 19.7152, mae 20.2112, rmse 24.6085, time elapsed(min) 0.01---
2026-09-30 23:54:19,546 - INFO - --- validation at epoch 19, val_loss 21.3142, val_mae 21.2247, val_rmse 25.7331, val_r2 0.1190, val_pearson 0.4233, lr 1.00e-03 ---
2026-09-30 23:54:19,546 - INFO - 
****************************************************************************************************
2026-09-30 23:54:20,950 - INFO - --- training epoch 20, loss 19.3692, mae 19.8648, rmse 24.3768, time elapsed(min) 0.02---
2026-09-30 23:54:21,115 - INFO - --- validation at epoch 20, val_loss 21.5467, val_mae 21.0549, val_rmse 25.7751, val_r2 0.1161, val_pearson 0.4240, lr 1.00e-03 ---
2026-09-30 23:54:21,115 - INFO - 
****************************************************************************************************
2026-09-30 23:54:22,147 - INFO - --- training epoch 21, loss 19.5197, mae 20.0156, rmse 24.6506, time elapsed(min) 0.01---
2026-09-30 23:54:22,319 - INFO - --- validation at epoch 21, val_loss 21.2210, val_mae 20.8735, val_rmse 25.4952, val_r2 0.1352, val_pearson 0.4406, lr 1.00e-03 ---
2026-09-30 23:54:22,319 - INFO - 
****************************************************************************************************
2026-09-30 23:54:23,354 - INFO - --- training epoch 22, loss 18.8032, mae 19.2973, rmse 24.1897, time elapsed(min) 0.01---
2026-09-30 23:54:23,515 - INFO - --- validation at epoch 22, val_loss 20.8823, val_mae 20.6911, val_rmse 25.0989, val_r2 0.1619, val_pearson 0.4226, lr 1.00e-03 ---
2026-09-30 23:54:23,515 - INFO - 
****************************************************************************************************
2026-09-30 23:54:24,819 - INFO - --- training epoch 23, loss 21.0816, mae 21.5773, rmse 25.7504, time elapsed(min) 0.01---
2026-09-30 23:54:24,980 - INFO - --- validation at epoch 23, val_loss 21.3494, val_mae 21.4208, val_rmse 25.7830, val_r2 0.1156, val_pearson 0.3891, lr 1.00e-03 ---
2026-09-30 23:54:24,980 - INFO - 
****************************************************************************************************
2026-09-30 23:54:26,226 - INFO - --- training epoch 24, loss 20.1306, mae 20.6266, rmse 24.9897, time elapsed(min) 0.01---
2026-09-30 23:54:26,399 - INFO - --- validation at epoch 24, val_loss 21.3681, val_mae 21.0362, val_rmse 25.3628, val_r2 0.1442, val_pearson 0.4069, lr 1.00e-03 ---
2026-09-30 23:54:26,399 - INFO - 
****************************************************************************************************
2026-09-30 23:54:27,617 - INFO - --- training epoch 25, loss 19.8895, mae 20.3851, rmse 24.9186, time elapsed(min) 0.01---
2026-09-30 23:54:28,045 - INFO - --- validation at epoch 25, val_loss 22.1773, val_mae 21.1146, val_rmse 26.7693, val_r2 0.0466, val_pearson 0.3935, lr 1.00e-03 ---
2026-09-30 23:54:28,045 - INFO - 
****************************************************************************************************
2026-09-30 23:54:29,225 - INFO - --- training epoch 26, loss 20.4994, mae 20.9952, rmse 25.6681, time elapsed(min) 0.01---
2026-09-30 23:54:29,396 - INFO - --- validation at epoch 26, val_loss 22.4091, val_mae 21.7319, val_rmse 26.4400, val_r2 0.0699, val_pearson 0.3742, lr 1.00e-03 ---
2026-09-30 23:54:29,396 - INFO - 
****************************************************************************************************
2026-09-30 23:54:30,429 - INFO - --- training epoch 27, loss 19.7101, mae 20.2054, rmse 24.6329, time elapsed(min) 0.01---
2026-09-30 23:54:30,595 - INFO - --- validation at epoch 27, val_loss 22.1092, val_mae 21.2283, val_rmse 26.6641, val_r2 0.0541, val_pearson 0.4215, lr 1.00e-03 ---
2026-09-30 23:54:30,595 - INFO - 
****************************************************************************************************
2026-09-30 23:54:31,822 - INFO - --- training epoch 28, loss 19.2423, mae 19.7377, rmse 24.2260, time elapsed(min) 0.01---
2026-09-30 23:54:31,999 - INFO - --- validation at epoch 28, val_loss 21.1025, val_mae 20.4776, val_rmse 25.0332, val_r2 0.1663, val_pearson 0.4444, lr 1.00e-03 ---
2026-09-30 23:54:31,999 - INFO - 
****************************************************************************************************
2026-09-30 23:54:33,235 - INFO - --- training epoch 29, loss 18.8349, mae 19.3287, rmse 23.8808, time elapsed(min) 0.01---
2026-09-30 23:54:33,408 - INFO - --- validation at epoch 29, val_loss 21.1893, val_mae 20.5472, val_rmse 25.5712, val_r2 0.1301, val_pearson 0.4400, lr 1.00e-03 ---
2026-09-30 23:54:33,408 - INFO - 
****************************************************************************************************
2026-09-30 23:54:34,635 - INFO - --- training epoch 30, loss 18.8361, mae 19.3287, rmse 23.7131, time elapsed(min) 0.01---
2026-09-30 23:54:34,791 - INFO - --- validation at epoch 30, val_loss 20.7090, val_mae 20.4441, val_rmse 24.6142, val_r2 0.1940, val_pearson 0.4653, lr 1.00e-03 ---
2026-09-30 23:54:34,791 - INFO - 
****************************************************************************************************
2026-09-30 23:54:36,039 - INFO - --- training epoch 31, loss 19.7488, mae 20.2440, rmse 24.9723, time elapsed(min) 0.01---
2026-09-30 23:54:36,208 - INFO - --- validation at epoch 31, val_loss 21.4961, val_mae 20.7494, val_rmse 27.5403, val_r2 -0.0091, val_pearson 0.4111, lr 1.00e-03 ---
2026-09-30 23:54:36,208 - INFO - 
****************************************************************************************************
2026-09-30 23:54:37,259 - INFO - --- training epoch 32, loss 19.7009, mae 20.1970, rmse 24.9347, time elapsed(min) 0.01---
2026-09-30 23:54:37,428 - INFO - --- validation at epoch 32, val_loss 23.7507, val_mae 23.6515, val_rmse 29.8351, val_r2 -0.1842, val_pearson 0.2222, lr 1.00e-03 ---
2026-09-30 23:54:37,428 - INFO - 
****************************************************************************************************
2026-09-30 23:54:38,618 - INFO - --- training epoch 33, loss 22.8460, mae 23.3413, rmse 28.0028, time elapsed(min) 0.01---
2026-09-30 23:54:38,785 - INFO - --- validation at epoch 33, val_loss 24.4389, val_mae 24.3490, val_rmse 32.1757, val_r2 -0.3773, val_pearson 0.3480, lr 1.00e-03 ---
2026-09-30 23:54:38,785 - INFO - 
****************************************************************************************************
2026-09-30 23:54:40,149 - INFO - --- training epoch 34, loss 22.4277, mae 22.9239, rmse 27.3269, time elapsed(min) 0.02---
2026-09-30 23:54:40,309 - INFO - --- validation at epoch 34, val_loss 22.0538, val_mae 21.5936, val_rmse 26.9353, val_r2 0.0348, val_pearson 0.4074, lr 1.00e-03 ---
2026-09-30 23:54:40,309 - INFO - 
****************************************************************************************************
2026-09-30 23:54:41,563 - INFO - --- training epoch 35, loss 19.9592, mae 20.4538, rmse 25.1935, time elapsed(min) 0.01---
2026-09-30 23:54:41,730 - INFO - --- validation at epoch 35, val_loss 24.1349, val_mae 24.0078, val_rmse 31.5193, val_r2 -0.3217, val_pearson 0.3918, lr 1.00e-03 ---
2026-09-30 23:54:41,731 - INFO - 
****************************************************************************************************
2026-09-30 23:54:43,139 - INFO - --- training epoch 36, loss 22.5375, mae 23.0350, rmse 27.4116, time elapsed(min) 0.02---
2026-09-30 23:54:43,301 - INFO - --- validation at epoch 36, val_loss 22.9115, val_mae 22.8160, val_rmse 28.5663, val_r2 -0.0857, val_pearson 0.3438, lr 1.00e-03 ---
2026-09-30 23:54:43,301 - INFO - 
****************************************************************************************************
2026-09-30 23:54:44,333 - INFO - --- training epoch 37, loss 21.4968, mae 21.9927, rmse 26.0874, time elapsed(min) 0.01---
2026-09-30 23:54:44,506 - INFO - --- validation at epoch 37, val_loss 24.4067, val_mae 24.3743, val_rmse 30.8096, val_r2 -0.2629, val_pearson 0.3306, lr 1.00e-03 ---
2026-09-30 23:54:44,506 - INFO - 
****************************************************************************************************
2026-09-30 23:54:45,698 - INFO - --- training epoch 38, loss 21.7633, mae 22.2594, rmse 26.3577, time elapsed(min) 0.01---
2026-09-30 23:54:45,862 - INFO - --- validation at epoch 38, val_loss 21.6898, val_mae 21.6226, val_rmse 25.6329, val_r2 0.1259, val_pearson 0.3683, lr 1.00e-03 ---
2026-09-30 23:54:45,862 - INFO - 
****************************************************************************************************
2026-09-30 23:54:47,082 - INFO - --- training epoch 39, loss 21.0856, mae 21.5804, rmse 25.7780, time elapsed(min) 0.01---
2026-09-30 23:54:47,256 - INFO - --- validation at epoch 39, val_loss 21.6407, val_mae 21.6642, val_rmse 27.1273, val_r2 0.0210, val_pearson 0.3496, lr 1.00e-03 ---
2026-09-30 23:54:47,256 - INFO - 
****************************************************************************************************
2026-09-30 23:54:48,492 - INFO - --- training epoch 40, loss 21.0344, mae 21.5301, rmse 25.8553, time elapsed(min) 0.01---
2026-09-30 23:54:48,654 - INFO - --- validation at epoch 40, val_loss 21.9242, val_mae 21.7246, val_rmse 27.3386, val_r2 0.0057, val_pearson 0.3656, lr 1.00e-03 ---
2026-09-30 23:54:48,654 - INFO - 
****************************************************************************************************
2026-09-30 23:54:49,898 - INFO - --- training epoch 41, loss 20.8060, mae 21.3026, rmse 25.5426, time elapsed(min) 0.01---
2026-09-30 23:54:50,071 - INFO - --- validation at epoch 41, val_loss 21.9492, val_mae 21.6248, val_rmse 27.2816, val_r2 0.0098, val_pearson 0.4058, lr 1.00e-03 ---
2026-09-30 23:54:50,071 - INFO - 
****************************************************************************************************
2026-09-30 23:54:51,276 - INFO - --- training epoch 42, loss 20.5421, mae 21.0390, rmse 25.0804, time elapsed(min) 0.01---
2026-09-30 23:54:51,439 - INFO - --- validation at epoch 42, val_loss 21.5001, val_mae 21.0604, val_rmse 26.2440, val_r2 0.0837, val_pearson 0.3839, lr 3.00e-04 ---
2026-09-30 23:54:51,439 - INFO - 
****************************************************************************************************
2026-09-30 23:54:52,478 - INFO - --- training epoch 43, loss 19.7952, mae 20.2908, rmse 24.4680, time elapsed(min) 0.01---
2026-09-30 23:54:52,643 - INFO - --- validation at epoch 43, val_loss 20.7794, val_mae 20.4546, val_rmse 25.3863, val_r2 0.1426, val_pearson 0.4151, lr 3.00e-04 ---
2026-09-30 23:54:52,643 - INFO - 
****************************************************************************************************
2026-09-30 23:54:53,676 - INFO - --- training epoch 44, loss 19.2801, mae 19.7739, rmse 24.0402, time elapsed(min) 0.01---
2026-09-30 23:54:53,854 - INFO - --- validation at epoch 44, val_loss 20.1874, val_mae 20.0992, val_rmse 24.9724, val_r2 0.1703, val_pearson 0.4365, lr 3.00e-04 ---
2026-09-30 23:54:53,854 - INFO - 
****************************************************************************************************
2026-09-30 23:54:55,264 - INFO - --- training epoch 45, loss 18.8861, mae 19.3815, rmse 23.6267, time elapsed(min) 0.02---
2026-09-30 23:54:55,440 - INFO - --- validation at epoch 45, val_loss 19.9132, val_mae 20.2228, val_rmse 24.9544, val_r2 0.1715, val_pearson 0.4460, lr 3.00e-04 ---
2026-09-30 23:54:55,440 - INFO - 
****************************************************************************************************
2026-09-30 23:54:56,931 - INFO - --- training epoch 46, loss 18.8708, mae 19.3649, rmse 23.6620, time elapsed(min) 0.02---
2026-09-30 23:54:57,092 - INFO - --- validation at epoch 46, val_loss 19.8064, val_mae 19.9123, val_rmse 24.8805, val_r2 0.1764, val_pearson 0.4579, lr 3.00e-04 ---
2026-09-30 23:54:57,092 - INFO - 
****************************************************************************************************
2026-09-30 23:54:58,575 - INFO - --- training epoch 47, loss 18.6711, mae 19.1665, rmse 23.6194, time elapsed(min) 0.02---
2026-09-30 23:54:58,735 - INFO - --- validation at epoch 47, val_loss 19.7467, val_mae 19.8746, val_rmse 24.9470, val_r2 0.1720, val_pearson 0.4729, lr 3.00e-04 ---
2026-09-30 23:54:58,735 - INFO - 
****************************************************************************************************
2026-09-30 23:54:59,843 - INFO - --- training epoch 48, loss 18.7452, mae 19.2401, rmse 23.6211, time elapsed(min) 0.01---
2026-09-30 23:55:00,008 - INFO - --- validation at epoch 48, val_loss 19.2319, val_mae 19.4201, val_rmse 24.3159, val_r2 0.2134, val_pearson 0.4880, lr 3.00e-04 ---
2026-09-30 23:55:00,008 - INFO - 
****************************************************************************************************
2026-09-30 23:55:01,290 - INFO - --- training epoch 49, loss 18.4816, mae 18.9761, rmse 23.1904, time elapsed(min) 0.01---
2026-09-30 23:55:01,452 - INFO - --- validation at epoch 49, val_loss 19.1226, val_mae 19.2752, val_rmse 24.2489, val_r2 0.2177, val_pearson 0.4921, lr 3.00e-04 ---
2026-09-30 23:55:01,453 - INFO - 
****************************************************************************************************
2026-09-30 23:55:02,770 - INFO - --- training epoch 50, loss 17.9856, mae 18.4798, rmse 22.9627, time elapsed(min) 0.01---
2026-09-30 23:55:02,939 - INFO - --- validation at epoch 50, val_loss 19.0334, val_mae 19.0281, val_rmse 24.0983, val_r2 0.2274, val_pearson 0.5061, lr 3.00e-04 ---
2026-09-30 23:55:02,939 - INFO - 
****************************************************************************************************
2026-09-30 23:55:04,271 - INFO - --- training epoch 51, loss 17.7442, mae 18.2376, rmse 22.6786, time elapsed(min) 0.01---
2026-09-30 23:55:04,440 - INFO - --- validation at epoch 51, val_loss 18.4108, val_mae 18.8317, val_rmse 23.6554, val_r2 0.2555, val_pearson 0.5236, lr 3.00e-04 ---
2026-09-30 23:55:04,440 - INFO - 
****************************************************************************************************
2026-09-30 23:55:05,915 - INFO - --- training epoch 52, loss 17.0793, mae 17.5716, rmse 22.1588, time elapsed(min) 0.02---
2026-09-30 23:55:06,081 - INFO - --- validation at epoch 52, val_loss 18.0001, val_mae 18.0533, val_rmse 22.9174, val_r2 0.3013, val_pearson 0.5646, lr 3.00e-04 ---
2026-09-30 23:55:06,081 - INFO - 
****************************************************************************************************
2026-09-30 23:55:07,207 - INFO - --- training epoch 53, loss 16.7155, mae 17.2082, rmse 21.8210, time elapsed(min) 0.01---
2026-09-30 23:55:07,371 - INFO - --- validation at epoch 53, val_loss 17.3898, val_mae 17.0854, val_rmse 21.8008, val_r2 0.3677, val_pearson 0.6291, lr 3.00e-04 ---
2026-09-30 23:55:07,371 - INFO - 
****************************************************************************************************
2026-09-30 23:55:08,502 - INFO - --- training epoch 54, loss 16.9160, mae 17.4092, rmse 21.8080, time elapsed(min) 0.01---
2026-09-30 23:55:08,663 - INFO - --- validation at epoch 54, val_loss 17.7796, val_mae 17.4700, val_rmse 21.2398, val_r2 0.3998, val_pearson 0.6424, lr 3.00e-04 ---
2026-09-30 23:55:08,663 - INFO - 
****************************************************************************************************
2026-09-30 23:55:10,041 - INFO - --- training epoch 55, loss 15.1225, mae 15.6154, rmse 20.0545, time elapsed(min) 0.02---
2026-09-30 23:55:10,221 - INFO - --- validation at epoch 55, val_loss 17.1928, val_mae 16.7918, val_rmse 21.2006, val_r2 0.4020, val_pearson 0.6492, lr 3.00e-04 ---
2026-09-30 23:55:10,221 - INFO - 
****************************************************************************************************
2026-09-30 23:55:11,552 - INFO - --- training epoch 56, loss 15.4164, mae 15.9102, rmse 20.2415, time elapsed(min) 0.01---
2026-09-30 23:55:11,728 - INFO - --- validation at epoch 56, val_loss 16.6977, val_mae 16.3107, val_rmse 20.1247, val_r2 0.4612, val_pearson 0.6872, lr 3.00e-04 ---
2026-09-30 23:55:11,728 - INFO - 
****************************************************************************************************
2026-09-30 23:55:13,205 - INFO - --- training epoch 57, loss 15.2067, mae 15.7000, rmse 20.1080, time elapsed(min) 0.02---
2026-09-30 23:55:13,377 - INFO - --- validation at epoch 57, val_loss 16.9395, val_mae 16.3644, val_rmse 20.6319, val_r2 0.4337, val_pearson 0.6646, lr 3.00e-04 ---
2026-09-30 23:55:13,377 - INFO - 
****************************************************************************************************
2026-09-30 23:55:14,409 - INFO - --- training epoch 58, loss 14.8085, mae 15.3014, rmse 19.7516, time elapsed(min) 0.01---
2026-09-30 23:55:14,586 - INFO - --- validation at epoch 58, val_loss 16.9019, val_mae 16.2263, val_rmse 20.4260, val_r2 0.4449, val_pearson 0.6741, lr 3.00e-04 ---
2026-09-30 23:55:14,586 - INFO - 
****************************************************************************************************
2026-09-30 23:55:15,599 - INFO - --- training epoch 59, loss 14.4380, mae 14.9294, rmse 19.4137, time elapsed(min) 0.01---
2026-09-30 23:55:15,748 - INFO - --- validation at epoch 59, val_loss 16.9554, val_mae 16.2223, val_rmse 20.3824, val_r2 0.4473, val_pearson 0.6770, lr 3.00e-04 ---
2026-09-30 23:55:15,749 - INFO - 
****************************************************************************************************
2026-09-30 23:55:16,943 - INFO - --- training epoch 60, loss 14.6438, mae 15.1358, rmse 19.4840, time elapsed(min) 0.01---
2026-09-30 23:55:17,118 - INFO - --- validation at epoch 60, val_loss 16.8146, val_mae 15.9575, val_rmse 20.1145, val_r2 0.4617, val_pearson 0.6843, lr 3.00e-04 ---
2026-09-30 23:55:17,118 - INFO - 
****************************************************************************************************
2026-09-30 23:55:18,383 - INFO - --- training epoch 61, loss 14.4270, mae 14.9188, rmse 19.5075, time elapsed(min) 0.01---
2026-09-30 23:55:18,551 - INFO - --- validation at epoch 61, val_loss 16.7140, val_mae 15.7851, val_rmse 20.1251, val_r2 0.4612, val_pearson 0.6809, lr 3.00e-04 ---
2026-09-30 23:55:18,551 - INFO - 
****************************************************************************************************
2026-09-30 23:55:19,798 - INFO - --- training epoch 62, loss 14.1811, mae 14.6727, rmse 19.3066, time elapsed(min) 0.01---
2026-09-30 23:55:20,149 - INFO - --- validation at epoch 62, val_loss 16.6743, val_mae 15.6365, val_rmse 20.1828, val_r2 0.4581, val_pearson 0.6842, lr 3.00e-04 ---
2026-09-30 23:55:20,149 - INFO - 
****************************************************************************************************
2026-09-30 23:55:21,433 - INFO - --- training epoch 63, loss 14.2302, mae 14.7212, rmse 19.2522, time elapsed(min) 0.01---
2026-09-30 23:55:21,600 - INFO - --- validation at epoch 63, val_loss 16.5921, val_mae 15.6947, val_rmse 20.0228, val_r2 0.4666, val_pearson 0.6853, lr 3.00e-04 ---
2026-09-30 23:55:21,600 - INFO - 
****************************************************************************************************
2026-09-30 23:55:22,698 - INFO - --- training epoch 64, loss 13.9695, mae 14.4602, rmse 18.9589, time elapsed(min) 0.01---
2026-09-30 23:55:22,864 - INFO - --- validation at epoch 64, val_loss 16.3041, val_mae 15.2255, val_rmse 19.7748, val_r2 0.4798, val_pearson 0.6981, lr 3.00e-04 ---
2026-09-30 23:55:22,864 - INFO - 
****************************************************************************************************
2026-09-30 23:55:24,183 - INFO - --- training epoch 65, loss 14.1334, mae 14.6249, rmse 19.1437, time elapsed(min) 0.01---
2026-09-30 23:55:24,347 - INFO - --- validation at epoch 65, val_loss 16.4931, val_mae 15.4893, val_rmse 19.8453, val_r2 0.4760, val_pearson 0.6943, lr 3.00e-04 ---
2026-09-30 23:55:24,347 - INFO - 
****************************************************************************************************
2026-09-30 23:55:25,607 - INFO - --- training epoch 66, loss 14.0328, mae 14.5263, rmse 18.9997, time elapsed(min) 0.01---
2026-09-30 23:55:25,772 - INFO - --- validation at epoch 66, val_loss 16.1636, val_mae 15.2581, val_rmse 19.6937, val_r2 0.4840, val_pearson 0.6970, lr 3.00e-04 ---
2026-09-30 23:55:25,772 - INFO - 
****************************************************************************************************
2026-09-30 23:55:27,101 - INFO - --- training epoch 67, loss 13.7878, mae 14.2775, rmse 18.8472, time elapsed(min) 0.01---
2026-09-30 23:55:27,268 - INFO - --- validation at epoch 67, val_loss 16.3548, val_mae 15.3294, val_rmse 19.8085, val_r2 0.4780, val_pearson 0.6970, lr 3.00e-04 ---
2026-09-30 23:55:27,268 - INFO - 
****************************************************************************************************
2026-09-30 23:55:28,655 - INFO - --- training epoch 68, loss 13.8911, mae 14.3811, rmse 18.8795, time elapsed(min) 0.02---
2026-09-30 23:55:28,826 - INFO - --- validation at epoch 68, val_loss 15.8185, val_mae 15.0267, val_rmse 19.3480, val_r2 0.5020, val_pearson 0.7103, lr 3.00e-04 ---
2026-09-30 23:55:28,826 - INFO - 
****************************************************************************************************
2026-09-30 23:55:29,928 - INFO - --- training epoch 69, loss 13.8390, mae 14.3302, rmse 18.7851, time elapsed(min) 0.01---
2026-09-30 23:55:30,092 - INFO - --- validation at epoch 69, val_loss 15.8401, val_mae 14.9405, val_rmse 19.4021, val_r2 0.4992, val_pearson 0.7109, lr 3.00e-04 ---
2026-09-30 23:55:30,093 - INFO - 
****************************************************************************************************
2026-09-30 23:55:31,137 - INFO - --- training epoch 70, loss 13.9194, mae 14.4109, rmse 18.9500, time elapsed(min) 0.01---
2026-09-30 23:55:31,304 - INFO - --- validation at epoch 70, val_loss 15.6767, val_mae 14.8532, val_rmse 19.2149, val_r2 0.5088, val_pearson 0.7138, lr 3.00e-04 ---
2026-09-30 23:55:31,304 - INFO - 
****************************************************************************************************
2026-09-30 23:55:32,611 - INFO - --- training epoch 71, loss 13.6014, mae 14.0923, rmse 18.5909, time elapsed(min) 0.01---
2026-09-30 23:55:32,779 - INFO - --- validation at epoch 71, val_loss 15.7255, val_mae 15.0968, val_rmse 19.6662, val_r2 0.4855, val_pearson 0.7050, lr 3.00e-04 ---
2026-09-30 23:55:32,779 - INFO - 
****************************************************************************************************
2026-09-30 23:55:34,011 - INFO - --- training epoch 72, loss 13.8672, mae 14.3588, rmse 18.8625, time elapsed(min) 0.01---
2026-09-30 23:55:34,186 - INFO - --- validation at epoch 72, val_loss 16.2875, val_mae 15.3598, val_rmse 20.1394, val_r2 0.4604, val_pearson 0.6859, lr 3.00e-04 ---
2026-09-30 23:55:34,186 - INFO - 
****************************************************************************************************
2026-09-30 23:55:35,396 - INFO - --- training epoch 73, loss 13.5453, mae 14.0356, rmse 18.4876, time elapsed(min) 0.01---
2026-09-30 23:55:35,565 - INFO - --- validation at epoch 73, val_loss 15.6712, val_mae 15.0086, val_rmse 19.3487, val_r2 0.5019, val_pearson 0.7105, lr 3.00e-04 ---
2026-09-30 23:55:35,565 - INFO - 
****************************************************************************************************
2026-09-30 23:55:36,671 - INFO - --- training epoch 74, loss 13.5232, mae 14.0141, rmse 18.2187, time elapsed(min) 0.01---
2026-09-30 23:55:36,846 - INFO - --- validation at epoch 74, val_loss 14.9143, val_mae 14.4629, val_rmse 18.6739, val_r2 0.5361, val_pearson 0.7323, lr 3.00e-04 ---
2026-09-30 23:55:36,846 - INFO - 
****************************************************************************************************
2026-09-30 23:55:37,962 - INFO - --- training epoch 75, loss 13.8472, mae 14.3400, rmse 18.7804, time elapsed(min) 0.01---
2026-09-30 23:55:38,132 - INFO - --- validation at epoch 75, val_loss 14.7138, val_mae 14.3196, val_rmse 18.5192, val_r2 0.5437, val_pearson 0.7393, lr 3.00e-04 ---
2026-09-30 23:55:38,132 - INFO - 
****************************************************************************************************
2026-09-30 23:55:39,395 - INFO - --- training epoch 76, loss 13.5646, mae 14.0552, rmse 18.2915, time elapsed(min) 0.01---
2026-09-30 23:55:39,566 - INFO - --- validation at epoch 76, val_loss 15.7121, val_mae 15.0165, val_rmse 19.3599, val_r2 0.5014, val_pearson 0.7161, lr 3.00e-04 ---
2026-09-30 23:55:39,566 - INFO - 
****************************************************************************************************
2026-09-30 23:55:40,821 - INFO - --- training epoch 77, loss 13.5983, mae 14.0907, rmse 18.4106, time elapsed(min) 0.01---
2026-09-30 23:55:40,997 - INFO - --- validation at epoch 77, val_loss 15.7510, val_mae 15.0705, val_rmse 19.5683, val_r2 0.4906, val_pearson 0.7073, lr 3.00e-04 ---
2026-09-30 23:55:40,997 - INFO - 
****************************************************************************************************
2026-09-30 23:55:42,269 - INFO - --- training epoch 78, loss 13.3988, mae 13.8886, rmse 18.2876, time elapsed(min) 0.01---
2026-09-30 23:55:42,611 - INFO - --- validation at epoch 78, val_loss 15.4068, val_mae 14.7312, val_rmse 18.9349, val_r2 0.5230, val_pearson 0.7285, lr 3.00e-04 ---
2026-09-30 23:55:42,611 - INFO - 
****************************************************************************************************
2026-09-30 23:55:43,791 - INFO - --- training epoch 79, loss 13.2264, mae 13.7168, rmse 18.1744, time elapsed(min) 0.01---
2026-09-30 23:55:43,962 - INFO - --- validation at epoch 79, val_loss 15.1896, val_mae 14.7578, val_rmse 18.9160, val_r2 0.5240, val_pearson 0.7279, lr 3.00e-04 ---
2026-09-30 23:55:43,962 - INFO - 
****************************************************************************************************
2026-09-30 23:55:44,995 - INFO - --- training epoch 80, loss 13.3387, mae 13.8290, rmse 18.0943, time elapsed(min) 0.01---
2026-09-30 23:55:45,156 - INFO - --- validation at epoch 80, val_loss 14.3779, val_mae 13.8310, val_rmse 18.1175, val_r2 0.5633, val_pearson 0.7521, lr 3.00e-04 ---
2026-09-30 23:55:45,156 - INFO - 
****************************************************************************************************
2026-09-30 23:55:46,617 - INFO - --- training epoch 81, loss 13.4014, mae 13.8920, rmse 18.1991, time elapsed(min) 0.02---
2026-09-30 23:55:46,786 - INFO - --- validation at epoch 81, val_loss 15.4135, val_mae 14.7356, val_rmse 18.9513, val_r2 0.5222, val_pearson 0.7275, lr 3.00e-04 ---
2026-09-30 23:55:46,786 - INFO - 
****************************************************************************************************
2026-09-30 23:55:48,168 - INFO - --- training epoch 82, loss 13.2171, mae 13.7077, rmse 18.0496, time elapsed(min) 0.02---
2026-09-30 23:55:48,350 - INFO - --- validation at epoch 82, val_loss 14.4221, val_mae 13.9865, val_rmse 18.4203, val_r2 0.5486, val_pearson 0.7416, lr 3.00e-04 ---
2026-09-30 23:55:48,350 - INFO - 
****************************************************************************************************
2026-09-30 23:55:49,596 - INFO - --- training epoch 83, loss 13.1609, mae 13.6514, rmse 18.0562, time elapsed(min) 0.01---
2026-09-30 23:55:49,761 - INFO - --- validation at epoch 83, val_loss 14.7243, val_mae 14.0795, val_rmse 18.5170, val_r2 0.5438, val_pearson 0.7415, lr 3.00e-04 ---
2026-09-30 23:55:49,761 - INFO - 
****************************************************************************************************
2026-09-30 23:55:50,965 - INFO - --- training epoch 84, loss 13.2064, mae 13.6963, rmse 18.1605, time elapsed(min) 0.01---
2026-09-30 23:55:51,129 - INFO - --- validation at epoch 84, val_loss 14.4482, val_mae 13.9058, val_rmse 18.3185, val_r2 0.5536, val_pearson 0.7453, lr 3.00e-04 ---
2026-09-30 23:55:51,129 - INFO - 
****************************************************************************************************
2026-09-30 23:55:52,167 - INFO - --- training epoch 85, loss 13.1172, mae 13.6054, rmse 18.0961, time elapsed(min) 0.01---
2026-09-30 23:55:52,339 - INFO - --- validation at epoch 85, val_loss 14.2033, val_mae 13.5293, val_rmse 17.7922, val_r2 0.5788, val_pearson 0.7626, lr 3.00e-04 ---
2026-09-30 23:55:52,340 - INFO - 
****************************************************************************************************
2026-09-30 23:55:53,637 - INFO - --- training epoch 86, loss 12.8344, mae 13.3251, rmse 17.8452, time elapsed(min) 0.01---
2026-09-30 23:55:53,810 - INFO - --- validation at epoch 86, val_loss 14.4457, val_mae 13.9330, val_rmse 18.0725, val_r2 0.5655, val_pearson 0.7522, lr 3.00e-04 ---
2026-09-30 23:55:53,810 - INFO - 
****************************************************************************************************
2026-09-30 23:55:55,189 - INFO - --- training epoch 87, loss 12.7133, mae 13.2038, rmse 17.6001, time elapsed(min) 0.02---
2026-09-30 23:55:55,362 - INFO - --- validation at epoch 87, val_loss 14.4849, val_mae 13.8531, val_rmse 18.5311, val_r2 0.5431, val_pearson 0.7538, lr 3.00e-04 ---
2026-09-30 23:55:55,362 - INFO - 
****************************************************************************************************
2026-09-30 23:55:56,640 - INFO - --- training epoch 88, loss 13.2278, mae 13.7202, rmse 18.2192, time elapsed(min) 0.01---
2026-09-30 23:55:56,816 - INFO - --- validation at epoch 88, val_loss 14.4922, val_mae 14.1070, val_rmse 18.4310, val_r2 0.5481, val_pearson 0.7427, lr 3.00e-04 ---
2026-09-30 23:55:56,816 - INFO - 
****************************************************************************************************
2026-09-30 23:55:58,252 - INFO - --- training epoch 89, loss 12.6521, mae 13.1426, rmse 17.6625, time elapsed(min) 0.02---
2026-09-30 23:55:58,417 - INFO - --- validation at epoch 89, val_loss 14.3902, val_mae 13.6173, val_rmse 17.9532, val_r2 0.5712, val_pearson 0.7631, lr 3.00e-04 ---
2026-09-30 23:55:58,418 - INFO - 
****************************************************************************************************
2026-09-30 23:55:59,475 - INFO - --- training epoch 90, loss 12.8266, mae 13.3176, rmse 17.6469, time elapsed(min) 0.01---
2026-09-30 23:55:59,654 - INFO - --- validation at epoch 90, val_loss 14.0390, val_mae 13.6479, val_rmse 17.8301, val_r2 0.5770, val_pearson 0.7685, lr 3.00e-04 ---
2026-09-30 23:55:59,654 - INFO - 
****************************************************************************************************
2026-09-30 23:56:00,934 - INFO - --- training epoch 91, loss 12.8688, mae 13.3573, rmse 17.5790, time elapsed(min) 0.01---
2026-09-30 23:56:01,097 - INFO - --- validation at epoch 91, val_loss 13.8129, val_mae 13.3669, val_rmse 17.5840, val_r2 0.5886, val_pearson 0.7698, lr 3.00e-04 ---
2026-09-30 23:56:01,097 - INFO - 
****************************************************************************************************
2026-09-30 23:56:02,391 - INFO - --- training epoch 92, loss 12.2020, mae 12.6900, rmse 17.1298, time elapsed(min) 0.01---
2026-09-30 23:56:02,562 - INFO - --- validation at epoch 92, val_loss 14.2891, val_mae 13.7641, val_rmse 18.2689, val_r2 0.5560, val_pearson 0.7572, lr 3.00e-04 ---
2026-09-30 23:56:02,562 - INFO - 
****************************************************************************************************
2026-09-30 23:56:03,787 - INFO - --- training epoch 93, loss 12.5084, mae 12.9994, rmse 17.3903, time elapsed(min) 0.01---
2026-09-30 23:56:03,952 - INFO - --- validation at epoch 93, val_loss 14.0904, val_mae 13.2841, val_rmse 17.7439, val_r2 0.5811, val_pearson 0.7686, lr 3.00e-04 ---
2026-09-30 23:56:03,952 - INFO - 
****************************************************************************************************
2026-09-30 23:56:05,190 - INFO - --- training epoch 94, loss 12.3369, mae 12.8272, rmse 17.2416, time elapsed(min) 0.01---
2026-09-30 23:56:05,723 - INFO - --- validation at epoch 94, val_loss 12.9732, val_mae 12.4817, val_rmse 16.5790, val_r2 0.6343, val_pearson 0.7973, lr 3.00e-04 ---
2026-09-30 23:56:05,723 - INFO - 
****************************************************************************************************
2026-09-30 23:56:06,845 - INFO - --- training epoch 95, loss 12.7047, mae 13.1940, rmse 17.5357, time elapsed(min) 0.01---
2026-09-30 23:56:07,016 - INFO - --- validation at epoch 95, val_loss 15.0292, val_mae 14.4073, val_rmse 18.8791, val_r2 0.5258, val_pearson 0.7321, lr 3.00e-04 ---
2026-09-30 23:56:07,016 - INFO - 
****************************************************************************************************
2026-09-30 23:56:08,052 - INFO - --- training epoch 96, loss 12.2639, mae 12.7537, rmse 17.1155, time elapsed(min) 0.01---
2026-09-30 23:56:08,224 - INFO - --- validation at epoch 96, val_loss 13.8894, val_mae 13.2561, val_rmse 17.6264, val_r2 0.5867, val_pearson 0.7708, lr 3.00e-04 ---
2026-09-30 23:56:08,224 - INFO - 
****************************************************************************************************
2026-09-30 23:56:09,472 - INFO - --- training epoch 97, loss 12.7048, mae 13.1957, rmse 17.4240, time elapsed(min) 0.01---
2026-09-30 23:56:09,635 - INFO - --- validation at epoch 97, val_loss 14.3200, val_mae 13.8015, val_rmse 18.0992, val_r2 0.5642, val_pearson 0.7634, lr 3.00e-04 ---
2026-09-30 23:56:09,635 - INFO - 
****************************************************************************************************
2026-09-30 23:56:10,869 - INFO - --- training epoch 98, loss 12.2810, mae 12.7717, rmse 17.0434, time elapsed(min) 0.01---
2026-09-30 23:56:11,023 - INFO - --- validation at epoch 98, val_loss 13.4707, val_mae 13.0378, val_rmse 17.2283, val_r2 0.6051, val_pearson 0.7841, lr 3.00e-04 ---
2026-09-30 23:56:11,023 - INFO - 
****************************************************************************************************
2026-09-30 23:56:12,270 - INFO - --- training epoch 99, loss 11.8298, mae 12.3184, rmse 16.6033, time elapsed(min) 0.01---
2026-09-30 23:56:12,439 - INFO - --- validation at epoch 99, val_loss 12.7427, val_mae 12.3249, val_rmse 16.3018, val_r2 0.6464, val_pearson 0.8051, lr 3.00e-04 ---
2026-09-30 23:56:12,439 - INFO - 
****************************************************************************************************
2026-09-30 23:56:13,871 - INFO - --- training epoch 100, loss 11.7252, mae 12.2130, rmse 16.4946, time elapsed(min) 0.02---
2026-09-30 23:56:14,036 - INFO - --- validation at epoch 100, val_loss 13.9197, val_mae 13.2429, val_rmse 17.6097, val_r2 0.5874, val_pearson 0.7735, lr 3.00e-04 ---
2026-09-30 23:56:14,037 - INFO - 
****************************************************************************************************
2026-09-30 23:56:15,065 - INFO - --- training epoch 101, loss 12.3749, mae 12.8666, rmse 17.1667, time elapsed(min) 0.01---
2026-09-30 23:56:15,225 - INFO - --- validation at epoch 101, val_loss 12.7290, val_mae 12.7587, val_rmse 17.1297, val_r2 0.6096, val_pearson 0.7858, lr 3.00e-04 ---
2026-09-30 23:56:15,225 - INFO - 
****************************************************************************************************
2026-09-30 23:56:16,361 - INFO - --- training epoch 102, loss 12.1452, mae 12.6364, rmse 16.8542, time elapsed(min) 0.01---
2026-09-30 23:56:16,527 - INFO - --- validation at epoch 102, val_loss 12.5606, val_mae 12.6554, val_rmse 16.7859, val_r2 0.6251, val_pearson 0.7976, lr 3.00e-04 ---
2026-09-30 23:56:16,528 - INFO - 
****************************************************************************************************
2026-09-30 23:56:17,850 - INFO - --- training epoch 103, loss 11.6296, mae 12.1196, rmse 16.2424, time elapsed(min) 0.01---
2026-09-30 23:56:18,016 - INFO - --- validation at epoch 103, val_loss 12.6281, val_mae 12.4729, val_rmse 16.7820, val_r2 0.6253, val_pearson 0.8005, lr 3.00e-04 ---
2026-09-30 23:56:18,016 - INFO - 
****************************************************************************************************
2026-09-30 23:56:19,262 - INFO - --- training epoch 104, loss 11.8294, mae 12.3196, rmse 16.4697, time elapsed(min) 0.01---
2026-09-30 23:56:19,431 - INFO - --- validation at epoch 104, val_loss 12.5036, val_mae 12.4482, val_rmse 16.0832, val_r2 0.6559, val_pearson 0.8114, lr 3.00e-04 ---
2026-09-30 23:56:19,431 - INFO - 
****************************************************************************************************
2026-09-30 23:56:20,973 - INFO - --- training epoch 105, loss 11.4848, mae 11.9743, rmse 16.1130, time elapsed(min) 0.02---
2026-09-30 23:56:21,140 - INFO - --- validation at epoch 105, val_loss 12.5341, val_mae 12.3041, val_rmse 16.4207, val_r2 0.6413, val_pearson 0.8045, lr 3.00e-04 ---
2026-09-30 23:56:21,140 - INFO - 
****************************************************************************************************
2026-09-30 23:56:22,210 - INFO - --- training epoch 106, loss 11.4601, mae 11.9488, rmse 16.2993, time elapsed(min) 0.01---
2026-09-30 23:56:22,380 - INFO - --- validation at epoch 106, val_loss 11.9219, val_mae 11.7172, val_rmse 15.7621, val_r2 0.6695, val_pearson 0.8250, lr 3.00e-04 ---
2026-09-30 23:56:22,380 - INFO - 
****************************************************************************************************
2026-09-30 23:56:23,544 - INFO - --- training epoch 107, loss 11.6256, mae 12.1157, rmse 16.5376, time elapsed(min) 0.01---
2026-09-30 23:56:23,708 - INFO - --- validation at epoch 107, val_loss 12.5218, val_mae 12.2798, val_rmse 16.6014, val_r2 0.6333, val_pearson 0.8081, lr 3.00e-04 ---
2026-09-30 23:56:23,708 - INFO - 
****************************************************************************************************
2026-09-30 23:56:24,954 - INFO - --- training epoch 108, loss 11.3067, mae 11.7954, rmse 15.9771, time elapsed(min) 0.01---
2026-09-30 23:56:25,121 - INFO - --- validation at epoch 108, val_loss 12.0930, val_mae 12.2903, val_rmse 16.3235, val_r2 0.6455, val_pearson 0.8100, lr 3.00e-04 ---
2026-09-30 23:56:25,121 - INFO - 
****************************************************************************************************
2026-09-30 23:56:26,375 - INFO - --- training epoch 109, loss 12.0019, mae 12.4913, rmse 16.8052, time elapsed(min) 0.01---
2026-09-30 23:56:26,546 - INFO - --- validation at epoch 109, val_loss 12.3366, val_mae 12.5401, val_rmse 16.2374, val_r2 0.6492, val_pearson 0.8066, lr 3.00e-04 ---
2026-09-30 23:56:26,547 - INFO - 
****************************************************************************************************
2026-09-30 23:56:27,795 - INFO - --- training epoch 110, loss 11.4790, mae 11.9707, rmse 16.1122, time elapsed(min) 0.01---
2026-09-30 23:56:28,173 - INFO - --- validation at epoch 110, val_loss 11.9910, val_mae 11.9068, val_rmse 15.9513, val_r2 0.6615, val_pearson 0.8192, lr 3.00e-04 ---
2026-09-30 23:56:28,173 - INFO - 
****************************************************************************************************
2026-09-30 23:56:29,394 - INFO - --- training epoch 111, loss 11.1443, mae 11.6341, rmse 15.7424, time elapsed(min) 0.01---
2026-09-30 23:56:29,555 - INFO - --- validation at epoch 111, val_loss 11.5116, val_mae 11.5533, val_rmse 15.2553, val_r2 0.6904, val_pearson 0.8351, lr 3.00e-04 ---
2026-09-30 23:56:29,555 - INFO - 
****************************************************************************************************
2026-09-30 23:56:30,681 - INFO - --- training epoch 112, loss 11.0250, mae 11.5145, rmse 15.5600, time elapsed(min) 0.01---
2026-09-30 23:56:30,830 - INFO - --- validation at epoch 112, val_loss 11.6139, val_mae 11.9059, val_rmse 15.7276, val_r2 0.6709, val_pearson 0.8207, lr 3.00e-04 ---
2026-09-30 23:56:30,830 - INFO - 
****************************************************************************************************
2026-09-30 23:56:32,065 - INFO - --- training epoch 113, loss 11.0099, mae 11.4981, rmse 15.5227, time elapsed(min) 0.01---
2026-09-30 23:56:32,246 - INFO - --- validation at epoch 113, val_loss 11.7540, val_mae 12.0691, val_rmse 15.7841, val_r2 0.6685, val_pearson 0.8222, lr 3.00e-04 ---
2026-09-30 23:56:32,246 - INFO - 
****************************************************************************************************
2026-09-30 23:56:33,486 - INFO - --- training epoch 114, loss 11.4103, mae 11.8986, rmse 16.1002, time elapsed(min) 0.01---
2026-09-30 23:56:33,664 - INFO - --- validation at epoch 114, val_loss 11.5420, val_mae 11.7003, val_rmse 15.6080, val_r2 0.6759, val_pearson 0.8229, lr 3.00e-04 ---
2026-09-30 23:56:33,664 - INFO - 
****************************************************************************************************
2026-09-30 23:56:34,920 - INFO - --- training epoch 115, loss 11.1943, mae 11.6837, rmse 15.7776, time elapsed(min) 0.01---
2026-09-30 23:56:35,086 - INFO - --- validation at epoch 115, val_loss 11.4079, val_mae 11.4343, val_rmse 15.2585, val_r2 0.6903, val_pearson 0.8359, lr 3.00e-04 ---
2026-09-30 23:56:35,086 - INFO - 
****************************************************************************************************
2026-09-30 23:56:36,372 - INFO - --- training epoch 116, loss 10.9914, mae 11.4793, rmse 15.4985, time elapsed(min) 0.01---
2026-09-30 23:56:36,539 - INFO - --- validation at epoch 116, val_loss 11.9620, val_mae 11.9606, val_rmse 15.9346, val_r2 0.6622, val_pearson 0.8248, lr 3.00e-04 ---
2026-09-30 23:56:36,539 - INFO - 
****************************************************************************************************
2026-09-30 23:56:37,587 - INFO - --- training epoch 117, loss 10.8279, mae 11.3145, rmse 15.3298, time elapsed(min) 0.01---
2026-09-30 23:56:37,761 - INFO - --- validation at epoch 117, val_loss 12.1521, val_mae 12.4412, val_rmse 16.5030, val_r2 0.6377, val_pearson 0.8076, lr 3.00e-04 ---
2026-09-30 23:56:37,761 - INFO - 
****************************************************************************************************
2026-09-30 23:56:39,015 - INFO - --- training epoch 118, loss 12.2916, mae 12.7801, rmse 17.3593, time elapsed(min) 0.01---
2026-09-30 23:56:39,173 - INFO - --- validation at epoch 118, val_loss 12.2729, val_mae 12.1480, val_rmse 15.7819, val_r2 0.6686, val_pearson 0.8216, lr 3.00e-04 ---
2026-09-30 23:56:39,173 - INFO - 
****************************************************************************************************
2026-09-30 23:56:40,449 - INFO - --- training epoch 119, loss 11.1049, mae 11.5935, rmse 15.7002, time elapsed(min) 0.01---
2026-09-30 23:56:40,611 - INFO - --- validation at epoch 119, val_loss 11.6994, val_mae 11.5741, val_rmse 14.9650, val_r2 0.7021, val_pearson 0.8381, lr 3.00e-04 ---
2026-09-30 23:56:40,611 - INFO - 
****************************************************************************************************
2026-09-30 23:56:41,874 - INFO - --- training epoch 120, loss 11.2487, mae 11.7366, rmse 15.8121, time elapsed(min) 0.01---
2026-09-30 23:56:42,032 - INFO - --- validation at epoch 120, val_loss 11.8378, val_mae 11.8283, val_rmse 15.5277, val_r2 0.6792, val_pearson 0.8242, lr 3.00e-04 ---
2026-09-30 23:56:42,033 - INFO - 
****************************************************************************************************
2026-09-30 23:56:43,241 - INFO - --- training epoch 121, loss 10.8635, mae 11.3511, rmse 15.3328, time elapsed(min) 0.01---
2026-09-30 23:56:43,404 - INFO - --- validation at epoch 121, val_loss 11.6179, val_mae 11.7495, val_rmse 15.3814, val_r2 0.6852, val_pearson 0.8315, lr 3.00e-04 ---
2026-09-30 23:56:43,404 - INFO - 
****************************************************************************************************
2026-09-30 23:56:44,441 - INFO - --- training epoch 122, loss 10.8212, mae 11.3089, rmse 15.3510, time elapsed(min) 0.01---
2026-09-30 23:56:44,605 - INFO - --- validation at epoch 122, val_loss 11.6102, val_mae 11.4775, val_rmse 15.0675, val_r2 0.6980, val_pearson 0.8355, lr 3.00e-04 ---
2026-09-30 23:56:44,605 - INFO - 
****************************************************************************************************
2026-09-30 23:56:45,863 - INFO - --- training epoch 123, loss 10.5923, mae 11.0816, rmse 15.0506, time elapsed(min) 0.01---
2026-09-30 23:56:46,030 - INFO - --- validation at epoch 123, val_loss 11.5093, val_mae 11.4193, val_rmse 14.9579, val_r2 0.7023, val_pearson 0.8453, lr 3.00e-04 ---
2026-09-30 23:56:46,030 - INFO - 
****************************************************************************************************
2026-09-30 23:56:47,293 - INFO - --- training epoch 124, loss 10.4341, mae 10.9216, rmse 15.0396, time elapsed(min) 0.01---
2026-09-30 23:56:47,470 - INFO - --- validation at epoch 124, val_loss 11.4553, val_mae 11.4777, val_rmse 15.4107, val_r2 0.6840, val_pearson 0.8276, lr 3.00e-04 ---
2026-09-30 23:56:47,471 - INFO - 
****************************************************************************************************
2026-09-30 23:56:48,717 - INFO - --- training epoch 125, loss 10.4053, mae 10.8923, rmse 14.8393, time elapsed(min) 0.01---
2026-09-30 23:56:48,878 - INFO - --- validation at epoch 125, val_loss 11.3707, val_mae 11.3169, val_rmse 15.1754, val_r2 0.6936, val_pearson 0.8439, lr 3.00e-04 ---
2026-09-30 23:56:48,879 - INFO - 
****************************************************************************************************
2026-09-30 23:56:50,148 - INFO - --- training epoch 126, loss 10.4433, mae 10.9301, rmse 15.1805, time elapsed(min) 0.01---
2026-09-30 23:56:50,315 - INFO - --- validation at epoch 126, val_loss 12.0474, val_mae 11.8421, val_rmse 15.8107, val_r2 0.6674, val_pearson 0.8177, lr 3.00e-04 ---
2026-09-30 23:56:50,315 - INFO - 
****************************************************************************************************
2026-09-30 23:56:51,376 - INFO - --- training epoch 127, loss 10.7789, mae 11.2665, rmse 15.5003, time elapsed(min) 0.01---
2026-09-30 23:56:51,554 - INFO - --- validation at epoch 127, val_loss 11.3874, val_mae 11.2850, val_rmse 15.3953, val_r2 0.6847, val_pearson 0.8318, lr 3.00e-04 ---
2026-09-30 23:56:51,554 - INFO - 
****************************************************************************************************
2026-09-30 23:56:52,941 - INFO - --- training epoch 128, loss 10.3432, mae 10.8291, rmse 15.0254, time elapsed(min) 0.02---
2026-09-30 23:56:53,113 - INFO - --- validation at epoch 128, val_loss 11.8206, val_mae 11.5357, val_rmse 15.7646, val_r2 0.6694, val_pearson 0.8311, lr 3.00e-04 ---
2026-09-30 23:56:53,113 - INFO - 
****************************************************************************************************
2026-09-30 23:56:54,374 - INFO - --- training epoch 129, loss 10.3169, mae 10.8040, rmse 14.8827, time elapsed(min) 0.01---
2026-09-30 23:56:54,548 - INFO - --- validation at epoch 129, val_loss 11.3872, val_mae 11.3139, val_rmse 15.0338, val_r2 0.6993, val_pearson 0.8402, lr 3.00e-04 ---
2026-09-30 23:56:54,548 - INFO - 
****************************************************************************************************
2026-09-30 23:56:55,814 - INFO - --- training epoch 130, loss 10.3700, mae 10.8588, rmse 14.7594, time elapsed(min) 0.01---
2026-09-30 23:56:55,980 - INFO - --- validation at epoch 130, val_loss 10.9965, val_mae 10.9306, val_rmse 14.6157, val_r2 0.7158, val_pearson 0.8479, lr 3.00e-04 ---
2026-09-30 23:56:55,980 - INFO - 
****************************************************************************************************
2026-09-30 23:56:57,275 - INFO - --- training epoch 131, loss 10.5684, mae 11.0572, rmse 15.1581, time elapsed(min) 0.01---
2026-09-30 23:56:57,440 - INFO - --- validation at epoch 131, val_loss 11.5064, val_mae 11.3629, val_rmse 15.3018, val_r2 0.6885, val_pearson 0.8410, lr 3.00e-04 ---
2026-09-30 23:56:57,440 - INFO - 
****************************************************************************************************
2026-09-30 23:56:58,495 - INFO - --- training epoch 132, loss 10.2770, mae 10.7664, rmse 14.8408, time elapsed(min) 0.01---
2026-09-30 23:56:58,662 - INFO - --- validation at epoch 132, val_loss 10.9717, val_mae 10.6705, val_rmse 14.4695, val_r2 0.7215, val_pearson 0.8556, lr 3.00e-04 ---
2026-09-30 23:56:58,662 - INFO - 
****************************************************************************************************
2026-09-30 23:56:59,992 - INFO - --- training epoch 133, loss 10.1734, mae 10.6602, rmse 14.6950, time elapsed(min) 0.01---
2026-09-30 23:57:00,162 - INFO - --- validation at epoch 133, val_loss 10.8440, val_mae 10.7503, val_rmse 14.5427, val_r2 0.7186, val_pearson 0.8484, lr 3.00e-04 ---
2026-09-30 23:57:00,162 - INFO - 
****************************************************************************************************
2026-09-30 23:57:01,616 - INFO - --- training epoch 134, loss 10.6983, mae 11.1874, rmse 15.3690, time elapsed(min) 0.02---
2026-09-30 23:57:01,790 - INFO - --- validation at epoch 134, val_loss 11.3260, val_mae 10.9044, val_rmse 14.6721, val_r2 0.7136, val_pearson 0.8520, lr 3.00e-04 ---
2026-09-30 23:57:01,790 - INFO - 
****************************************************************************************************
2026-09-30 23:57:03,068 - INFO - --- training epoch 135, loss 9.9700, mae 10.4581, rmse 14.4439, time elapsed(min) 0.01---
2026-09-30 23:57:03,455 - INFO - --- validation at epoch 135, val_loss 11.0533, val_mae 10.7068, val_rmse 14.4765, val_r2 0.7212, val_pearson 0.8498, lr 3.00e-04 ---
2026-09-30 23:57:03,456 - INFO - 
****************************************************************************************************
2026-09-30 23:57:04,661 - INFO - --- training epoch 136, loss 9.9852, mae 10.4723, rmse 14.4436, time elapsed(min) 0.01---
2026-09-30 23:57:04,832 - INFO - --- validation at epoch 136, val_loss 11.0908, val_mae 10.7071, val_rmse 14.2520, val_r2 0.7298, val_pearson 0.8568, lr 3.00e-04 ---
2026-09-30 23:57:04,832 - INFO - 
****************************************************************************************************
2026-09-30 23:57:05,875 - INFO - --- training epoch 137, loss 10.1177, mae 10.6044, rmse 14.5945, time elapsed(min) 0.01---
2026-09-30 23:57:06,053 - INFO - --- validation at epoch 137, val_loss 11.1037, val_mae 10.7790, val_rmse 14.7080, val_r2 0.7122, val_pearson 0.8456, lr 3.00e-04 ---
2026-09-30 23:57:06,053 - INFO - 
****************************************************************************************************
2026-09-30 23:57:07,294 - INFO - --- training epoch 138, loss 10.0074, mae 10.4949, rmse 14.4812, time elapsed(min) 0.01---
2026-09-30 23:57:07,460 - INFO - --- validation at epoch 138, val_loss 10.7338, val_mae 10.5661, val_rmse 14.4968, val_r2 0.7204, val_pearson 0.8494, lr 3.00e-04 ---
2026-09-30 23:57:07,460 - INFO - 
****************************************************************************************************
2026-09-30 23:57:08,783 - INFO - --- training epoch 139, loss 9.8400, mae 10.3278, rmse 14.4838, time elapsed(min) 0.01---
2026-09-30 23:57:08,962 - INFO - --- validation at epoch 139, val_loss 11.3422, val_mae 11.5383, val_rmse 15.6354, val_r2 0.6748, val_pearson 0.8256, lr 3.00e-04 ---
2026-09-30 23:57:08,962 - INFO - 
****************************************************************************************************
2026-09-30 23:57:10,227 - INFO - --- training epoch 140, loss 10.2117, mae 10.6996, rmse 14.7493, time elapsed(min) 0.01---
2026-09-30 23:57:10,606 - INFO - --- validation at epoch 140, val_loss 11.0998, val_mae 10.8239, val_rmse 14.4924, val_r2 0.7206, val_pearson 0.8508, lr 3.00e-04 ---
2026-09-30 23:57:10,606 - INFO - 
****************************************************************************************************
2026-09-30 23:57:11,799 - INFO - --- training epoch 141, loss 9.7791, mae 10.2647, rmse 14.2834, time elapsed(min) 0.01---
2026-09-30 23:57:11,965 - INFO - --- validation at epoch 141, val_loss 10.6892, val_mae 10.5499, val_rmse 14.4565, val_r2 0.7220, val_pearson 0.8499, lr 3.00e-04 ---
2026-09-30 23:57:11,965 - INFO - 
****************************************************************************************************
2026-09-30 23:57:13,107 - INFO - --- training epoch 142, loss 9.8708, mae 10.3585, rmse 14.2479, time elapsed(min) 0.01---
2026-09-30 23:57:13,287 - INFO - --- validation at epoch 142, val_loss 10.9500, val_mae 11.5169, val_rmse 15.3594, val_r2 0.6861, val_pearson 0.8419, lr 3.00e-04 ---
2026-09-30 23:57:13,287 - INFO - 
****************************************************************************************************
2026-09-30 23:57:14,658 - INFO - --- training epoch 143, loss 10.2852, mae 10.7693, rmse 14.9370, time elapsed(min) 0.02---
2026-09-30 23:57:14,822 - INFO - --- validation at epoch 143, val_loss 10.4647, val_mae 10.0259, val_rmse 14.0983, val_r2 0.7356, val_pearson 0.8653, lr 3.00e-04 ---
2026-09-30 23:57:14,823 - INFO - 
****************************************************************************************************
2026-09-30 23:57:16,151 - INFO - --- training epoch 144, loss 9.6344, mae 10.1191, rmse 14.2725, time elapsed(min) 0.01---
2026-09-30 23:57:16,316 - INFO - --- validation at epoch 144, val_loss 10.3839, val_mae 10.3786, val_rmse 13.7045, val_r2 0.7501, val_pearson 0.8667, lr 3.00e-04 ---
2026-09-30 23:57:16,316 - INFO - 
****************************************************************************************************
2026-09-30 23:57:17,676 - INFO - --- training epoch 145, loss 9.6437, mae 10.1292, rmse 14.0702, time elapsed(min) 0.01---
2026-09-30 23:57:18,068 - INFO - --- validation at epoch 145, val_loss 10.6397, val_mae 10.4780, val_rmse 14.5614, val_r2 0.7179, val_pearson 0.8513, lr 3.00e-04 ---
2026-09-30 23:57:18,069 - INFO - 
****************************************************************************************************
2026-09-30 23:57:19,277 - INFO - --- training epoch 146, loss 9.9894, mae 10.4759, rmse 14.4674, time elapsed(min) 0.01---
2026-09-30 23:57:19,439 - INFO - --- validation at epoch 146, val_loss 10.1607, val_mae 10.0931, val_rmse 13.8345, val_r2 0.7454, val_pearson 0.8635, lr 3.00e-04 ---
2026-09-30 23:57:19,439 - INFO - 
****************************************************************************************************
2026-09-30 23:57:20,566 - INFO - --- training epoch 147, loss 10.1023, mae 10.5892, rmse 14.6793, time elapsed(min) 0.01---
2026-09-30 23:57:20,733 - INFO - --- validation at epoch 147, val_loss 10.9207, val_mae 10.5852, val_rmse 13.9913, val_r2 0.7396, val_pearson 0.8620, lr 3.00e-04 ---
2026-09-30 23:57:20,733 - INFO - 
****************************************************************************************************
2026-09-30 23:57:21,790 - INFO - --- training epoch 148, loss 9.8752, mae 10.3628, rmse 14.1254, time elapsed(min) 0.01---
2026-09-30 23:57:21,961 - INFO - --- validation at epoch 148, val_loss 10.2081, val_mae 10.2746, val_rmse 14.1516, val_r2 0.7336, val_pearson 0.8588, lr 3.00e-04 ---
2026-09-30 23:57:21,962 - INFO - 
****************************************************************************************************
2026-09-30 23:57:23,363 - INFO - --- training epoch 149, loss 11.3765, mae 11.8663, rmse 16.1995, time elapsed(min) 0.02---
2026-09-30 23:57:23,532 - INFO - --- validation at epoch 149, val_loss 10.3736, val_mae 10.4963, val_rmse 13.8526, val_r2 0.7447, val_pearson 0.8645, lr 3.00e-04 ---
2026-09-30 23:57:23,532 - INFO - 
****************************************************************************************************
2026-09-30 23:57:24,796 - INFO - --- training epoch 150, loss 9.9898, mae 10.4752, rmse 14.5541, time elapsed(min) 0.01---
2026-09-30 23:57:24,960 - INFO - --- validation at epoch 150, val_loss 10.2452, val_mae 10.0239, val_rmse 13.4931, val_r2 0.7578, val_pearson 0.8714, lr 3.00e-04 ---
2026-09-30 23:57:24,960 - INFO - 
****************************************************************************************************
2026-09-30 23:57:26,371 - INFO - --- training epoch 151, loss 9.4993, mae 9.9863, rmse 13.8505, time elapsed(min) 0.02---
2026-09-30 23:57:26,547 - INFO - --- validation at epoch 151, val_loss 10.1436, val_mae 9.9009, val_rmse 13.5133, val_r2 0.7571, val_pearson 0.8703, lr 3.00e-04 ---
2026-09-30 23:57:26,547 - INFO - 
****************************************************************************************************
2026-09-30 23:57:27,695 - INFO - --- training epoch 152, loss 9.7145, mae 10.2002, rmse 14.1160, time elapsed(min) 0.01---
2026-09-30 23:57:27,859 - INFO - --- validation at epoch 152, val_loss 10.5396, val_mae 10.3198, val_rmse 14.1729, val_r2 0.7328, val_pearson 0.8638, lr 3.00e-04 ---
2026-09-30 23:57:27,859 - INFO - 
****************************************************************************************************
2026-09-30 23:57:28,919 - INFO - --- training epoch 153, loss 9.4015, mae 9.8890, rmse 13.9297, time elapsed(min) 0.01---
2026-09-30 23:57:29,091 - INFO - --- validation at epoch 153, val_loss 10.1891, val_mae 10.3687, val_rmse 13.9427, val_r2 0.7414, val_pearson 0.8639, lr 3.00e-04 ---
2026-09-30 23:57:29,092 - INFO - 
****************************************************************************************************
2026-09-30 23:57:30,463 - INFO - --- training epoch 154, loss 9.8262, mae 10.3143, rmse 14.2922, time elapsed(min) 0.02---
2026-09-30 23:57:30,641 - INFO - --- validation at epoch 154, val_loss 10.0291, val_mae 10.0941, val_rmse 13.3231, val_r2 0.7638, val_pearson 0.8804, lr 3.00e-04 ---
2026-09-30 23:57:30,641 - INFO - 
****************************************************************************************************
2026-09-30 23:57:31,984 - INFO - --- training epoch 155, loss 9.2582, mae 9.7439, rmse 13.6390, time elapsed(min) 0.01---
2026-09-30 23:57:32,153 - INFO - --- validation at epoch 155, val_loss 9.6535, val_mae 9.7112, val_rmse 13.6259, val_r2 0.7530, val_pearson 0.8695, lr 3.00e-04 ---
2026-09-30 23:57:32,153 - INFO - 
****************************************************************************************************
2026-09-30 23:57:33,646 - INFO - --- training epoch 156, loss 9.4207, mae 9.9077, rmse 13.7583, time elapsed(min) 0.02---
2026-09-30 23:57:33,805 - INFO - --- validation at epoch 156, val_loss 10.9249, val_mae 10.7700, val_rmse 15.1176, val_r2 0.6959, val_pearson 0.8350, lr 3.00e-04 ---
2026-09-30 23:57:33,805 - INFO - 
****************************************************************************************************
2026-09-30 23:57:34,857 - INFO - --- training epoch 157, loss 9.8253, mae 10.3118, rmse 14.5079, time elapsed(min) 0.01---
2026-09-30 23:57:35,022 - INFO - --- validation at epoch 157, val_loss 10.2105, val_mae 10.0651, val_rmse 13.6636, val_r2 0.7516, val_pearson 0.8726, lr 3.00e-04 ---
2026-09-30 23:57:35,023 - INFO - 
****************************************************************************************************
2026-09-30 23:57:36,097 - INFO - --- training epoch 158, loss 9.1464, mae 9.6321, rmse 13.4348, time elapsed(min) 0.01---
2026-09-30 23:57:36,278 - INFO - --- validation at epoch 158, val_loss 9.0889, val_mae 9.2432, val_rmse 12.6969, val_r2 0.7855, val_pearson 0.8878, lr 3.00e-04 ---
2026-09-30 23:57:36,278 - INFO - 
****************************************************************************************************
2026-09-30 23:57:37,613 - INFO - --- training epoch 159, loss 9.1728, mae 9.6574, rmse 13.5307, time elapsed(min) 0.01---
2026-09-30 23:57:37,773 - INFO - --- validation at epoch 159, val_loss 9.0256, val_mae 9.1214, val_rmse 12.3825, val_r2 0.7960, val_pearson 0.8996, lr 3.00e-04 ---
2026-09-30 23:57:37,773 - INFO - 
****************************************************************************************************
2026-09-30 23:57:39,144 - INFO - --- training epoch 160, loss 9.0795, mae 9.5651, rmse 13.4191, time elapsed(min) 0.01---
2026-09-30 23:57:39,312 - INFO - --- validation at epoch 160, val_loss 9.6701, val_mae 9.9662, val_rmse 13.8407, val_r2 0.7451, val_pearson 0.8643, lr 3.00e-04 ---
2026-09-30 23:57:39,312 - INFO - 
****************************************************************************************************
2026-09-30 23:57:40,530 - INFO - --- training epoch 161, loss 8.9914, mae 9.4809, rmse 13.1461, time elapsed(min) 0.01---
2026-09-30 23:57:40,694 - INFO - --- validation at epoch 161, val_loss 9.4940, val_mae 9.6734, val_rmse 13.5652, val_r2 0.7552, val_pearson 0.8709, lr 3.00e-04 ---
2026-09-30 23:57:40,694 - INFO - 
****************************************************************************************************
2026-09-30 23:57:41,753 - INFO - --- training epoch 162, loss 9.0405, mae 9.5262, rmse 13.3159, time elapsed(min) 0.01---
2026-09-30 23:57:41,925 - INFO - --- validation at epoch 162, val_loss 9.8904, val_mae 9.8160, val_rmse 13.6799, val_r2 0.7510, val_pearson 0.8686, lr 3.00e-04 ---
2026-09-30 23:57:41,926 - INFO - 
****************************************************************************************************
2026-09-30 23:57:43,180 - INFO - --- training epoch 163, loss 9.1128, mae 9.5987, rmse 13.4246, time elapsed(min) 0.01---
2026-09-30 23:57:43,347 - INFO - --- validation at epoch 163, val_loss 9.6806, val_mae 9.8922, val_rmse 13.8847, val_r2 0.7435, val_pearson 0.8640, lr 3.00e-04 ---
2026-09-30 23:57:43,347 - INFO - 
****************************************************************************************************
2026-09-30 23:57:44,619 - INFO - --- training epoch 164, loss 9.1634, mae 9.6503, rmse 13.4698, time elapsed(min) 0.01---
2026-09-30 23:57:44,781 - INFO - --- validation at epoch 164, val_loss 9.9155, val_mae 9.9491, val_rmse 13.9515, val_r2 0.7410, val_pearson 0.8634, lr 3.00e-04 ---
2026-09-30 23:57:44,781 - INFO - 
****************************************************************************************************
2026-09-30 23:57:46,057 - INFO - --- training epoch 165, loss 9.5052, mae 9.9910, rmse 13.7870, time elapsed(min) 0.01---
2026-09-30 23:57:46,221 - INFO - --- validation at epoch 165, val_loss 9.7540, val_mae 9.8058, val_rmse 14.1616, val_r2 0.7332, val_pearson 0.8640, lr 3.00e-04 ---
2026-09-30 23:57:46,221 - INFO - 
****************************************************************************************************
2026-09-30 23:57:47,433 - INFO - --- training epoch 166, loss 9.5557, mae 10.0434, rmse 13.9350, time elapsed(min) 0.01---
2026-09-30 23:57:47,610 - INFO - --- validation at epoch 166, val_loss 9.1557, val_mae 9.2722, val_rmse 13.2077, val_r2 0.7679, val_pearson 0.8795, lr 3.00e-04 ---
2026-09-30 23:57:47,610 - INFO - 
****************************************************************************************************
2026-09-30 23:57:48,655 - INFO - --- training epoch 167, loss 9.0060, mae 9.4924, rmse 13.2347, time elapsed(min) 0.01---
2026-09-30 23:57:48,832 - INFO - --- validation at epoch 167, val_loss 9.3694, val_mae 9.3919, val_rmse 13.7955, val_r2 0.7468, val_pearson 0.8729, lr 3.00e-04 ---
2026-09-30 23:57:48,832 - INFO - 
****************************************************************************************************
2026-09-30 23:57:50,045 - INFO - --- training epoch 168, loss 9.0411, mae 9.5288, rmse 13.2778, time elapsed(min) 0.01---
2026-09-30 23:57:50,214 - INFO - --- validation at epoch 168, val_loss 9.3136, val_mae 9.4992, val_rmse 13.6916, val_r2 0.7506, val_pearson 0.8728, lr 3.00e-04 ---
2026-09-30 23:57:50,214 - INFO - 
****************************************************************************************************
2026-09-30 23:57:51,465 - INFO - --- training epoch 169, loss 8.9808, mae 9.4681, rmse 13.0488, time elapsed(min) 0.01---
2026-09-30 23:57:51,627 - INFO - --- validation at epoch 169, val_loss 8.7594, val_mae 8.8485, val_rmse 12.5708, val_r2 0.7898, val_pearson 0.8907, lr 3.00e-04 ---
2026-09-30 23:57:51,627 - INFO - 
****************************************************************************************************
2026-09-30 23:57:53,112 - INFO - --- training epoch 170, loss 8.9447, mae 9.4297, rmse 13.1458, time elapsed(min) 0.02---
2026-09-30 23:57:53,283 - INFO - --- validation at epoch 170, val_loss 9.0930, val_mae 9.2135, val_rmse 13.1514, val_r2 0.7699, val_pearson 0.8835, lr 3.00e-04 ---
2026-09-30 23:57:53,283 - INFO - 
****************************************************************************************************
2026-09-30 23:57:54,717 - INFO - --- training epoch 171, loss 8.6350, mae 9.1185, rmse 12.9093, time elapsed(min) 0.02---
2026-09-30 23:57:54,880 - INFO - --- validation at epoch 171, val_loss 8.8213, val_mae 9.0082, val_rmse 12.8511, val_r2 0.7803, val_pearson 0.8863, lr 3.00e-04 ---
2026-09-30 23:57:54,880 - INFO - 
****************************************************************************************************
2026-09-30 23:57:55,923 - INFO - --- training epoch 172, loss 8.5068, mae 8.9914, rmse 12.5252, time elapsed(min) 0.01---
2026-09-30 23:57:56,088 - INFO - --- validation at epoch 172, val_loss 8.5481, val_mae 8.6875, val_rmse 12.4272, val_r2 0.7945, val_pearson 0.8961, lr 3.00e-04 ---
2026-09-30 23:57:56,088 - INFO - 
****************************************************************************************************
2026-09-30 23:57:57,406 - INFO - --- training epoch 173, loss 8.9592, mae 9.4459, rmse 13.0258, time elapsed(min) 0.01---
2026-09-30 23:57:57,571 - INFO - --- validation at epoch 173, val_loss 9.2271, val_mae 9.0716, val_rmse 12.5615, val_r2 0.7901, val_pearson 0.8892, lr 3.00e-04 ---
2026-09-30 23:57:57,571 - INFO - 
****************************************************************************************************
2026-09-30 23:57:58,847 - INFO - --- training epoch 174, loss 8.8073, mae 9.2922, rmse 12.9694, time elapsed(min) 0.01---
2026-09-30 23:57:59,012 - INFO - --- validation at epoch 174, val_loss 8.6327, val_mae 8.5433, val_rmse 12.0934, val_r2 0.8054, val_pearson 0.8997, lr 3.00e-04 ---
2026-09-30 23:57:59,012 - INFO - 
****************************************************************************************************
2026-09-30 23:58:00,283 - INFO - --- training epoch 175, loss 8.4551, mae 8.9390, rmse 12.4233, time elapsed(min) 0.01---
2026-09-30 23:58:00,447 - INFO - --- validation at epoch 175, val_loss 8.0128, val_mae 8.1590, val_rmse 11.8711, val_r2 0.8125, val_pearson 0.9036, lr 3.00e-04 ---
2026-09-30 23:58:00,447 - INFO - 
****************************************************************************************************
2026-09-30 23:58:01,939 - INFO - --- training epoch 176, loss 8.4240, mae 8.9069, rmse 12.6150, time elapsed(min) 0.02---
2026-09-30 23:58:02,102 - INFO - --- validation at epoch 176, val_loss 8.5181, val_mae 8.7628, val_rmse 12.6737, val_r2 0.7863, val_pearson 0.8905, lr 3.00e-04 ---
2026-09-30 23:58:02,102 - INFO - 
****************************************************************************************************
2026-09-30 23:58:03,178 - INFO - --- training epoch 177, loss 8.4549, mae 8.9409, rmse 12.4061, time elapsed(min) 0.01---
2026-09-30 23:58:03,342 - INFO - --- validation at epoch 177, val_loss 8.1114, val_mae 8.5713, val_rmse 12.1341, val_r2 0.8041, val_pearson 0.8976, lr 3.00e-04 ---
2026-09-30 23:58:03,342 - INFO - 
****************************************************************************************************
2026-09-30 23:58:04,413 - INFO - --- training epoch 178, loss 8.5290, mae 9.0133, rmse 12.6253, time elapsed(min) 0.01---
2026-09-30 23:58:04,582 - INFO - --- validation at epoch 178, val_loss 8.5975, val_mae 8.8030, val_rmse 12.3823, val_r2 0.7960, val_pearson 0.8939, lr 3.00e-04 ---
2026-09-30 23:58:04,582 - INFO - 
****************************************************************************************************
2026-09-30 23:58:05,844 - INFO - --- training epoch 179, loss 8.4127, mae 8.8970, rmse 12.5486, time elapsed(min) 0.01---
2026-09-30 23:58:06,008 - INFO - --- validation at epoch 179, val_loss 8.4000, val_mae 8.5808, val_rmse 12.2836, val_r2 0.7993, val_pearson 0.8993, lr 3.00e-04 ---
2026-09-30 23:58:06,008 - INFO - 
****************************************************************************************************
2026-09-30 23:58:07,313 - INFO - --- training epoch 180, loss 8.4982, mae 8.9847, rmse 12.6302, time elapsed(min) 0.01---
2026-09-30 23:58:07,471 - INFO - --- validation at epoch 180, val_loss 8.6269, val_mae 8.6903, val_rmse 12.1463, val_r2 0.8037, val_pearson 0.8970, lr 3.00e-04 ---
2026-09-30 23:58:07,472 - INFO - 
****************************************************************************************************
2026-09-30 23:58:08,673 - INFO - --- training epoch 181, loss 8.3985, mae 8.8810, rmse 12.7230, time elapsed(min) 0.01---
2026-09-30 23:58:08,834 - INFO - --- validation at epoch 181, val_loss 8.2622, val_mae 8.3558, val_rmse 11.9174, val_r2 0.8110, val_pearson 0.9028, lr 3.00e-04 ---
2026-09-30 23:58:08,834 - INFO - 
****************************************************************************************************
2026-09-30 23:58:09,910 - INFO - --- training epoch 182, loss 8.4291, mae 8.9122, rmse 12.5341, time elapsed(min) 0.01---
2026-09-30 23:58:10,080 - INFO - --- validation at epoch 182, val_loss 8.0975, val_mae 8.3799, val_rmse 12.1285, val_r2 0.8043, val_pearson 0.8985, lr 3.00e-04 ---
2026-09-30 23:58:10,080 - INFO - 
****************************************************************************************************
2026-09-30 23:58:11,287 - INFO - --- training epoch 183, loss 8.4619, mae 8.9456, rmse 12.6922, time elapsed(min) 0.01---
2026-09-30 23:58:11,459 - INFO - --- validation at epoch 183, val_loss 8.6072, val_mae 8.9390, val_rmse 12.6220, val_r2 0.7880, val_pearson 0.8919, lr 3.00e-04 ---
2026-09-30 23:58:11,460 - INFO - 
****************************************************************************************************
2026-09-30 23:58:12,850 - INFO - --- training epoch 184, loss 8.4137, mae 8.8968, rmse 12.5963, time elapsed(min) 0.02---
2026-09-30 23:58:13,026 - INFO - --- validation at epoch 184, val_loss 8.2874, val_mae 8.5055, val_rmse 12.2092, val_r2 0.8017, val_pearson 0.8965, lr 3.00e-04 ---
2026-09-30 23:58:13,026 - INFO - 
****************************************************************************************************
2026-09-30 23:58:14,296 - INFO - --- training epoch 185, loss 8.3388, mae 8.8250, rmse 12.3640, time elapsed(min) 0.01---
2026-09-30 23:58:14,457 - INFO - --- validation at epoch 185, val_loss 8.0191, val_mae 8.3483, val_rmse 11.8273, val_r2 0.8139, val_pearson 0.9035, lr 3.00e-04 ---
2026-09-30 23:58:14,457 - INFO - 
****************************************************************************************************
2026-09-30 23:58:15,880 - INFO - --- training epoch 186, loss 8.0523, mae 8.5364, rmse 12.2948, time elapsed(min) 0.02---
2026-09-30 23:58:16,050 - INFO - --- validation at epoch 186, val_loss 8.3686, val_mae 8.4393, val_rmse 12.2323, val_r2 0.8009, val_pearson 0.8964, lr 3.00e-04 ---
2026-09-30 23:58:16,050 - INFO - 
****************************************************************************************************
2026-09-30 23:58:17,091 - INFO - --- training epoch 187, loss 7.9570, mae 8.4433, rmse 12.1828, time elapsed(min) 0.01---
2026-09-30 23:58:17,257 - INFO - --- validation at epoch 187, val_loss 8.1250, val_mae 8.5535, val_rmse 12.3725, val_r2 0.7963, val_pearson 0.8953, lr 9.00e-05 ---
2026-09-30 23:58:17,258 - INFO - 
****************************************************************************************************
2026-09-30 23:58:18,308 - INFO - --- training epoch 188, loss 7.9502, mae 8.4313, rmse 11.9936, time elapsed(min) 0.01---
2026-09-30 23:58:18,469 - INFO - --- validation at epoch 188, val_loss 7.7831, val_mae 8.1358, val_rmse 11.4785, val_r2 0.8247, val_pearson 0.9087, lr 9.00e-05 ---
2026-09-30 23:58:18,469 - INFO - 
****************************************************************************************************
2026-09-30 23:58:19,895 - INFO - --- training epoch 189, loss 7.9903, mae 8.4752, rmse 12.1821, time elapsed(min) 0.02---
2026-09-30 23:58:20,059 - INFO - --- validation at epoch 189, val_loss 8.2748, val_mae 8.4832, val_rmse 12.0206, val_r2 0.8078, val_pearson 0.9016, lr 9.00e-05 ---
2026-09-30 23:58:20,059 - INFO - 
****************************************************************************************************
2026-09-30 23:58:21,317 - INFO - --- training epoch 190, loss 7.9665, mae 8.4473, rmse 12.0412, time elapsed(min) 0.01---
2026-09-30 23:58:21,493 - INFO - --- validation at epoch 190, val_loss 8.4311, val_mae 8.7880, val_rmse 12.8193, val_r2 0.7814, val_pearson 0.8902, lr 9.00e-05 ---
2026-09-30 23:58:21,493 - INFO - 
****************************************************************************************************
2026-09-30 23:58:22,912 - INFO - --- training epoch 191, loss 7.9939, mae 8.4783, rmse 12.1374, time elapsed(min) 0.02---
2026-09-30 23:58:23,068 - INFO - --- validation at epoch 191, val_loss 7.7889, val_mae 8.0707, val_rmse 11.5457, val_r2 0.8227, val_pearson 0.9078, lr 9.00e-05 ---
2026-09-30 23:58:23,068 - INFO - 
****************************************************************************************************
2026-09-30 23:58:24,112 - INFO - --- training epoch 192, loss 7.7924, mae 8.2761, rmse 11.9305, time elapsed(min) 0.01---
2026-09-30 23:58:24,299 - INFO - --- validation at epoch 192, val_loss 7.8665, val_mae 8.2545, val_rmse 11.8897, val_r2 0.8119, val_pearson 0.9026, lr 9.00e-05 ---
2026-09-30 23:58:24,299 - INFO - 
****************************************************************************************************
2026-09-30 23:58:25,499 - INFO - --- training epoch 193, loss 7.8557, mae 8.3366, rmse 11.9814, time elapsed(min) 0.01---
2026-09-30 23:58:25,670 - INFO - --- validation at epoch 193, val_loss 8.0195, val_mae 8.3758, val_rmse 12.1248, val_r2 0.8044, val_pearson 0.8998, lr 9.00e-05 ---
2026-09-30 23:58:25,670 - INFO - 
****************************************************************************************************
2026-09-30 23:58:27,077 - INFO - --- training epoch 194, loss 7.7208, mae 8.2034, rmse 11.8159, time elapsed(min) 0.02---
2026-09-30 23:58:27,240 - INFO - --- validation at epoch 194, val_loss 7.9690, val_mae 8.2329, val_rmse 11.8762, val_r2 0.8124, val_pearson 0.9037, lr 9.00e-05 ---
2026-09-30 23:58:27,241 - INFO - 
****************************************************************************************************
2026-09-30 23:58:28,620 - INFO - --- training epoch 195, loss 7.8574, mae 8.3410, rmse 11.9827, time elapsed(min) 0.02---
2026-09-30 23:58:28,789 - INFO - --- validation at epoch 195, val_loss 7.8884, val_mae 8.0210, val_rmse 11.5340, val_r2 0.8230, val_pearson 0.9078, lr 9.00e-05 ---
2026-09-30 23:58:28,789 - INFO - 
****************************************************************************************************
2026-09-30 23:58:29,995 - INFO - --- training epoch 196, loss 7.7555, mae 8.2404, rmse 11.8612, time elapsed(min) 0.01---
2026-09-30 23:58:30,152 - INFO - --- validation at epoch 196, val_loss 7.8893, val_mae 8.2347, val_rmse 11.9681, val_r2 0.8094, val_pearson 0.9019, lr 9.00e-05 ---
2026-09-30 23:58:30,152 - INFO - 
****************************************************************************************************
2026-09-30 23:58:31,200 - INFO - --- training epoch 197, loss 7.7676, mae 8.2499, rmse 11.9067, time elapsed(min) 0.01---
2026-09-30 23:58:31,376 - INFO - --- validation at epoch 197, val_loss 8.1727, val_mae 8.5626, val_rmse 12.5177, val_r2 0.7915, val_pearson 0.8947, lr 9.00e-05 ---
2026-09-30 23:58:31,376 - INFO - 
****************************************************************************************************
2026-09-30 23:58:32,428 - INFO - --- training epoch 198, loss 7.7705, mae 8.2536, rmse 11.7915, time elapsed(min) 0.01---
2026-09-30 23:58:32,584 - INFO - --- validation at epoch 198, val_loss 8.0348, val_mae 8.4267, val_rmse 11.9991, val_r2 0.8084, val_pearson 0.9040, lr 9.00e-05 ---
2026-09-30 23:58:32,584 - INFO - 
****************************************************************************************************
2026-09-30 23:58:34,019 - INFO - --- training epoch 199, loss 7.8606, mae 8.3406, rmse 11.9862, time elapsed(min) 0.02---
2026-09-30 23:58:34,182 - INFO - --- validation at epoch 199, val_loss 8.2626, val_mae 8.5541, val_rmse 12.4860, val_r2 0.7926, val_pearson 0.8926, lr 9.00e-05 ---
2026-09-30 23:58:34,182 - INFO - 
****************************************************************************************************
2026-09-30 23:58:35,456 - INFO - --- training epoch 200, loss 7.6192, mae 8.1017, rmse 11.6291, time elapsed(min) 0.01---
2026-09-30 23:58:35,624 - INFO - --- validation at epoch 200, val_loss 7.8420, val_mae 8.1509, val_rmse 11.8160, val_r2 0.8143, val_pearson 0.9034, lr 2.70e-05 ---
2026-09-30 23:58:35,625 - INFO - 
****************************************************************************************************
2026-09-30 23:58:36,883 - INFO - --- training epoch 201, loss 7.5866, mae 8.0684, rmse 11.6154, time elapsed(min) 0.01---
2026-09-30 23:58:37,262 - INFO - --- validation at epoch 201, val_loss 7.7377, val_mae 8.0250, val_rmse 11.5772, val_r2 0.8217, val_pearson 0.9074, lr 2.70e-05 ---
2026-09-30 23:58:37,262 - INFO - 
****************************************************************************************************
2026-09-30 23:58:38,522 - INFO - --- training epoch 202, loss 7.5729, mae 8.0543, rmse 11.7294, time elapsed(min) 0.01---
2026-09-30 23:58:38,686 - INFO - --- validation at epoch 202, val_loss 7.9348, val_mae 8.2105, val_rmse 11.8074, val_r2 0.8145, val_pearson 0.9041, lr 2.70e-05 ---
2026-09-30 23:58:38,686 - INFO - 
****************************************************************************************************
2026-09-30 23:58:39,743 - INFO - --- training epoch 203, loss 7.4718, mae 7.9539, rmse 11.5025, time elapsed(min) 0.01---
2026-09-30 23:58:39,899 - INFO - --- validation at epoch 203, val_loss 7.8990, val_mae 8.2045, val_rmse 11.8538, val_r2 0.8131, val_pearson 0.9031, lr 2.70e-05 ---
2026-09-30 23:58:39,899 - INFO - 
****************************************************************************************************
2026-09-30 23:58:41,157 - INFO - --- training epoch 204, loss 7.5766, mae 8.0604, rmse 11.5583, time elapsed(min) 0.01---
2026-09-30 23:58:41,333 - INFO - --- validation at epoch 204, val_loss 7.8211, val_mae 8.1033, val_rmse 11.8490, val_r2 0.8132, val_pearson 0.9026, lr 2.70e-05 ---
2026-09-30 23:58:41,333 - INFO - 
****************************************************************************************************
2026-09-30 23:58:42,592 - INFO - --- training epoch 205, loss 7.7185, mae 8.1994, rmse 11.7734, time elapsed(min) 0.01---
2026-09-30 23:58:42,762 - INFO - --- validation at epoch 205, val_loss 7.5689, val_mae 7.9000, val_rmse 11.4381, val_r2 0.8259, val_pearson 0.9095, lr 2.70e-05 ---
2026-09-30 23:58:42,762 - INFO - 
****************************************************************************************************
2026-09-30 23:58:44,102 - INFO - --- training epoch 206, loss 7.4239, mae 7.9066, rmse 11.5886, time elapsed(min) 0.01---
2026-09-30 23:58:44,489 - INFO - --- validation at epoch 206, val_loss 7.6059, val_mae 7.9415, val_rmse 11.4843, val_r2 0.8245, val_pearson 0.9089, lr 2.70e-05 ---
2026-09-30 23:58:44,489 - INFO - 
****************************************************************************************************
2026-09-30 23:58:45,675 - INFO - --- training epoch 207, loss 7.6831, mae 8.1669, rmse 11.8196, time elapsed(min) 0.01---
2026-09-30 23:58:45,844 - INFO - --- validation at epoch 207, val_loss 7.6884, val_mae 7.9545, val_rmse 11.5700, val_r2 0.8219, val_pearson 0.9072, lr 2.70e-05 ---
2026-09-30 23:58:45,844 - INFO - 
****************************************************************************************************
2026-09-30 23:58:46,889 - INFO - --- training epoch 208, loss 7.6305, mae 8.1131, rmse 11.6872, time elapsed(min) 0.01---
2026-09-30 23:58:47,073 - INFO - --- validation at epoch 208, val_loss 7.7077, val_mae 8.0347, val_rmse 11.7589, val_r2 0.8160, val_pearson 0.9046, lr 2.70e-05 ---
2026-09-30 23:58:47,073 - INFO - 
****************************************************************************************************
2026-09-30 23:58:48,346 - INFO - --- training epoch 209, loss 7.5676, mae 8.0502, rmse 11.6922, time elapsed(min) 0.01---
2026-09-30 23:58:48,497 - INFO - --- validation at epoch 209, val_loss 7.6965, val_mae 8.0213, val_rmse 11.7277, val_r2 0.8170, val_pearson 0.9048, lr 2.70e-05 ---
2026-09-30 23:58:48,497 - INFO - 
****************************************************************************************************
2026-09-30 23:58:49,903 - INFO - --- training epoch 210, loss 7.3985, mae 7.8794, rmse 11.5280, time elapsed(min) 0.02---
2026-09-30 23:58:50,075 - INFO - --- validation at epoch 210, val_loss 7.6604, val_mae 8.0026, val_rmse 11.6737, val_r2 0.8187, val_pearson 0.9056, lr 2.70e-05 ---
2026-09-30 23:58:50,075 - INFO - 
****************************************************************************************************
2026-09-30 23:58:51,339 - INFO - --- training epoch 211, loss 7.4920, mae 7.9755, rmse 11.5909, time elapsed(min) 0.01---
2026-09-30 23:58:51,752 - INFO - --- validation at epoch 211, val_loss 7.6718, val_mae 8.0148, val_rmse 11.5781, val_r2 0.8217, val_pearson 0.9075, lr 2.70e-05 ---
2026-09-30 23:58:51,752 - INFO - 
****************************************************************************************************
2026-09-30 23:58:52,942 - INFO - --- training epoch 212, loss 7.5160, mae 7.9989, rmse 11.6404, time elapsed(min) 0.01---
2026-09-30 23:58:53,111 - INFO - --- validation at epoch 212, val_loss 7.5825, val_mae 7.9389, val_rmse 11.4520, val_r2 0.8255, val_pearson 0.9092, lr 2.70e-05 ---
2026-09-30 23:58:53,111 - INFO - 
****************************************************************************************************
2026-09-30 23:58:54,164 - INFO - --- training epoch 213, loss 7.4393, mae 7.9216, rmse 11.4764, time elapsed(min) 0.01---
2026-09-30 23:58:54,337 - INFO - --- validation at epoch 213, val_loss 7.6020, val_mae 7.9849, val_rmse 11.5163, val_r2 0.8236, val_pearson 0.9082, lr 2.70e-05 ---
2026-09-30 23:58:54,337 - INFO - 
****************************************************************************************************
2026-09-30 23:58:55,551 - INFO - --- training epoch 214, loss 7.5618, mae 8.0438, rmse 11.6121, time elapsed(min) 0.01---
2026-09-30 23:58:55,720 - INFO - --- validation at epoch 214, val_loss 7.6615, val_mae 7.9864, val_rmse 11.5539, val_r2 0.8224, val_pearson 0.9074, lr 2.70e-05 ---
2026-09-30 23:58:55,720 - INFO - 
****************************************************************************************************
2026-09-30 23:58:56,974 - INFO - --- training epoch 215, loss 7.5184, mae 7.9995, rmse 11.5852, time elapsed(min) 0.01---
2026-09-30 23:58:57,129 - INFO - --- validation at epoch 215, val_loss 7.8162, val_mae 8.1479, val_rmse 11.8183, val_r2 0.8142, val_pearson 0.9040, lr 2.70e-05 ---
2026-09-30 23:58:57,129 - INFO - 
****************************************************************************************************
2026-09-30 23:58:58,433 - INFO - --- training epoch 216, loss 7.6163, mae 8.0977, rmse 11.7621, time elapsed(min) 0.02---
2026-09-30 23:58:58,588 - INFO - --- validation at epoch 216, val_loss 7.6941, val_mae 7.9732, val_rmse 11.6327, val_r2 0.8200, val_pearson 0.9062, lr 2.70e-05 ---
2026-09-30 23:58:58,588 - INFO - 
****************************************************************************************************
2026-09-30 23:58:59,809 - INFO - --- training epoch 217, loss 7.4951, mae 7.9772, rmse 11.6291, time elapsed(min) 0.01---
2026-09-30 23:58:59,976 - INFO - --- validation at epoch 217, val_loss 7.7271, val_mae 8.0383, val_rmse 11.6937, val_r2 0.8181, val_pearson 0.9055, lr 8.10e-06 ---
2026-09-30 23:58:59,977 - INFO - 
****************************************************************************************************
2026-09-30 23:59:01,025 - INFO - --- training epoch 218, loss 7.4617, mae 7.9435, rmse 11.5089, time elapsed(min) 0.01---
2026-09-30 23:59:01,198 - INFO - --- validation at epoch 218, val_loss 7.7365, val_mae 8.0589, val_rmse 11.7138, val_r2 0.8174, val_pearson 0.9053, lr 8.10e-06 ---
2026-09-30 23:59:01,198 - INFO - 
****************************************************************************************************
2026-09-30 23:59:02,454 - INFO - --- training epoch 219, loss 7.4560, mae 7.9369, rmse 11.6268, time elapsed(min) 0.01---
2026-09-30 23:59:02,626 - INFO - --- validation at epoch 219, val_loss 7.7109, val_mae 8.0162, val_rmse 11.6629, val_r2 0.8190, val_pearson 0.9061, lr 8.10e-06 ---
2026-09-30 23:59:02,626 - INFO - 
****************************************************************************************************
2026-09-30 23:59:03,884 - INFO - --- training epoch 220, loss 7.4930, mae 7.9740, rmse 11.5374, time elapsed(min) 0.01---
2026-09-30 23:59:04,058 - INFO - --- validation at epoch 220, val_loss 7.7217, val_mae 8.0118, val_rmse 11.6391, val_r2 0.8198, val_pearson 0.9068, lr 8.10e-06 ---
2026-09-30 23:59:04,058 - INFO - 
****************************************************************************************************
2026-09-30 23:59:05,328 - INFO - --- training epoch 221, loss 7.4229, mae 7.9058, rmse 11.5311, time elapsed(min) 0.01---
2026-09-30 23:59:05,710 - INFO - --- validation at epoch 221, val_loss 7.7095, val_mae 8.0072, val_rmse 11.6455, val_r2 0.8196, val_pearson 0.9067, lr 8.10e-06 ---
2026-09-30 23:59:05,710 - INFO - 
****************************************************************************************************
2026-09-30 23:59:06,924 - INFO - --- training epoch 222, loss 7.5879, mae 8.0716, rmse 11.7875, time elapsed(min) 0.01---
2026-09-30 23:59:07,093 - INFO - --- validation at epoch 222, val_loss 7.7130, val_mae 7.9694, val_rmse 11.4850, val_r2 0.8245, val_pearson 0.9086, lr 8.10e-06 ---
2026-09-30 23:59:07,093 - INFO - 
****************************************************************************************************
2026-09-30 23:59:08,128 - INFO - --- training epoch 223, loss 7.3618, mae 7.8425, rmse 11.4867, time elapsed(min) 0.01---
2026-09-30 23:59:08,296 - INFO - --- validation at epoch 223, val_loss 7.7319, val_mae 7.9889, val_rmse 11.5304, val_r2 0.8231, val_pearson 0.9079, lr 8.10e-06 ---
2026-09-30 23:59:08,296 - INFO - 
****************************************************************************************************
2026-09-30 23:59:09,361 - INFO - --- training epoch 224, loss 7.4412, mae 7.9227, rmse 11.5136, time elapsed(min) 0.01---
2026-09-30 23:59:09,521 - INFO - --- validation at epoch 224, val_loss 7.7215, val_mae 7.9946, val_rmse 11.5479, val_r2 0.8226, val_pearson 0.9076, lr 8.10e-06 ---
2026-09-30 23:59:09,521 - INFO - 
****************************************************************************************************
2026-09-30 23:59:10,759 - INFO - --- training epoch 225, loss 7.4717, mae 7.9555, rmse 11.6241, time elapsed(min) 0.01---
2026-09-30 23:59:10,927 - INFO - --- validation at epoch 225, val_loss 7.7200, val_mae 8.0119, val_rmse 11.5746, val_r2 0.8218, val_pearson 0.9074, lr 8.10e-06 ---
2026-09-30 23:59:10,927 - INFO - 
****************************************************************************************************
2026-09-30 23:59:12,317 - INFO - --- training epoch 226, loss 7.3780, mae 7.8581, rmse 11.4401, time elapsed(min) 0.02---
2026-09-30 23:59:12,477 - INFO - --- validation at epoch 226, val_loss 7.7682, val_mae 8.0771, val_rmse 11.7559, val_r2 0.8161, val_pearson 0.9050, lr 8.10e-06 ---
2026-09-30 23:59:12,477 - INFO - 
****************************************************************************************************
2026-09-30 23:59:13,685 - INFO - --- training epoch 227, loss 7.5802, mae 8.0618, rmse 11.6696, time elapsed(min) 0.01---
2026-09-30 23:59:13,858 - INFO - --- validation at epoch 227, val_loss 7.6753, val_mae 7.9777, val_rmse 11.5646, val_r2 0.8221, val_pearson 0.9075, lr 8.10e-06 ---
2026-09-30 23:59:13,858 - INFO - 
****************************************************************************************************
2026-09-30 23:59:14,909 - INFO - --- training epoch 228, loss 7.5130, mae 7.9960, rmse 11.6916, time elapsed(min) 0.01---
2026-09-30 23:59:15,066 - INFO - --- validation at epoch 228, val_loss 7.6788, val_mae 7.9841, val_rmse 11.5733, val_r2 0.8218, val_pearson 0.9074, lr 2.43e-06 ---
2026-09-30 23:59:15,066 - INFO - 
****************************************************************************************************
2026-09-30 23:59:16,279 - INFO - --- training epoch 229, loss 7.4074, mae 7.8903, rmse 11.5506, time elapsed(min) 0.01---
2026-09-30 23:59:16,440 - INFO - --- validation at epoch 229, val_loss 7.6773, val_mae 7.9790, val_rmse 11.5460, val_r2 0.8226, val_pearson 0.9078, lr 2.43e-06 ---
2026-09-30 23:59:16,440 - INFO - 
****************************************************************************************************
2026-09-30 23:59:17,682 - INFO - --- training epoch 230, loss 7.3599, mae 7.8385, rmse 11.4732, time elapsed(min) 0.01---
2026-09-30 23:59:17,856 - INFO - --- validation at epoch 230, val_loss 7.6933, val_mae 7.9869, val_rmse 11.5584, val_r2 0.8223, val_pearson 0.9076, lr 2.43e-06 ---
2026-09-30 23:59:17,856 - INFO - 
****************************************************************************************************
2026-09-30 23:59:19,117 - INFO - --- training epoch 231, loss 7.4716, mae 7.9542, rmse 11.5930, time elapsed(min) 0.01---
2026-09-30 23:59:19,285 - INFO - --- validation at epoch 231, val_loss 7.7039, val_mae 7.9945, val_rmse 11.5719, val_r2 0.8218, val_pearson 0.9075, lr 2.43e-06 ---
2026-09-30 23:59:19,285 - INFO - 
****************************************************************************************************
2026-09-30 23:59:20,714 - INFO - --- training epoch 232, loss 7.4256, mae 7.9057, rmse 11.5471, time elapsed(min) 0.02---
2026-09-30 23:59:20,884 - INFO - --- validation at epoch 232, val_loss 7.7079, val_mae 7.9909, val_rmse 11.5713, val_r2 0.8219, val_pearson 0.9075, lr 2.43e-06 ---
2026-09-30 23:59:20,884 - INFO - 
****************************************************************************************************
2026-09-30 23:59:21,923 - INFO - --- training epoch 233, loss 7.4503, mae 7.9322, rmse 11.4993, time elapsed(min) 0.01---
2026-09-30 23:59:22,087 - INFO - --- validation at epoch 233, val_loss 7.7079, val_mae 7.9933, val_rmse 11.5775, val_r2 0.8217, val_pearson 0.9074, lr 2.43e-06 ---
2026-09-30 23:59:22,087 - INFO - 
****************************************************************************************************
2026-09-30 23:59:23,130 - INFO - --- training epoch 234, loss 7.4792, mae 7.9617, rmse 11.4711, time elapsed(min) 0.01---
2026-09-30 23:59:23,311 - INFO - --- validation at epoch 234, val_loss 7.7119, val_mae 8.0023, val_rmse 11.5934, val_r2 0.8212, val_pearson 0.9071, lr 2.43e-06 ---
2026-09-30 23:59:23,312 - INFO - 
****************************************************************************************************
2026-09-30 23:59:24,674 - INFO - --- training epoch 235, loss 7.2872, mae 7.7665, rmse 11.3357, time elapsed(min) 0.02---
2026-09-30 23:59:24,841 - INFO - --- validation at epoch 235, val_loss 7.7135, val_mae 8.0064, val_rmse 11.6030, val_r2 0.8209, val_pearson 0.9070, lr 2.43e-06 ---
2026-09-30 23:59:24,841 - INFO - 
****************************************************************************************************
2026-09-30 23:59:26,128 - INFO - --- training epoch 236, loss 7.4226, mae 7.9034, rmse 11.4218, time elapsed(min) 0.01---
2026-09-30 23:59:26,303 - INFO - --- validation at epoch 236, val_loss 7.7116, val_mae 8.0043, val_rmse 11.5998, val_r2 0.8210, val_pearson 0.9071, lr 2.43e-06 ---
2026-09-30 23:59:26,303 - INFO - 
****************************************************************************************************
2026-09-30 23:59:27,704 - INFO - --- training epoch 237, loss 7.4327, mae 7.9155, rmse 11.5182, time elapsed(min) 0.02---
2026-09-30 23:59:27,873 - INFO - --- validation at epoch 237, val_loss 7.7081, val_mae 8.0033, val_rmse 11.6002, val_r2 0.8210, val_pearson 0.9070, lr 2.43e-06 ---
2026-09-30 23:59:27,873 - INFO - 
****************************************************************************************************
2026-09-30 23:59:28,918 - INFO - --- training epoch 238, loss 7.4137, mae 7.8986, rmse 11.5110, time elapsed(min) 0.01---
2026-09-30 23:59:29,092 - INFO - --- validation at epoch 238, val_loss 7.7112, val_mae 8.0084, val_rmse 11.6031, val_r2 0.8209, val_pearson 0.9070, lr 2.43e-06 ---
2026-09-30 23:59:29,092 - INFO - 
****************************************************************************************************
2026-09-30 23:59:30,142 - INFO - --- training epoch 239, loss 7.5036, mae 7.9846, rmse 11.6202, time elapsed(min) 0.01---
2026-09-30 23:59:30,309 - INFO - --- validation at epoch 239, val_loss 7.7113, val_mae 8.0078, val_rmse 11.6037, val_r2 0.8209, val_pearson 0.9070, lr 1.00e-06 ---
2026-09-30 23:59:30,309 - INFO - 
****************************************************************************************************
2026-09-30 23:59:31,558 - INFO - --- training epoch 240, loss 7.3205, mae 7.8019, rmse 11.4307, time elapsed(min) 0.01---
2026-09-30 23:59:31,732 - INFO - --- validation at epoch 240, val_loss 7.7087, val_mae 8.0050, val_rmse 11.5950, val_r2 0.8211, val_pearson 0.9071, lr 1.00e-06 ---
2026-09-30 23:59:31,732 - INFO - 
****************************************************************************************************
2026-09-30 23:59:32,974 - INFO - --- training epoch 241, loss 7.5727, mae 8.0544, rmse 11.5931, time elapsed(min) 0.01---
2026-09-30 23:59:33,138 - INFO - --- validation at epoch 241, val_loss 7.7042, val_mae 8.0045, val_rmse 11.5918, val_r2 0.8212, val_pearson 0.9072, lr 1.00e-06 ---
2026-09-30 23:59:33,138 - INFO - 
****************************************************************************************************
2026-09-30 23:59:34,608 - INFO - --- training epoch 242, loss 7.4860, mae 7.9647, rmse 11.6047, time elapsed(min) 0.02---
2026-09-30 23:59:34,785 - INFO - --- validation at epoch 242, val_loss 7.6996, val_mae 7.9985, val_rmse 11.5748, val_r2 0.8218, val_pearson 0.9074, lr 1.00e-06 ---
2026-09-30 23:59:34,785 - INFO - 
****************************************************************************************************
2026-09-30 23:59:35,835 - INFO - --- training epoch 243, loss 7.4634, mae 7.9432, rmse 11.6133, time elapsed(min) 0.01---
2026-09-30 23:59:35,988 - INFO - --- validation at epoch 243, val_loss 7.6987, val_mae 7.9956, val_rmse 11.5714, val_r2 0.8219, val_pearson 0.9074, lr 1.00e-06 ---
2026-09-30 23:59:35,988 - INFO - 
****************************************************************************************************
2026-09-30 23:59:37,046 - INFO - --- training epoch 244, loss 7.3371, mae 7.8188, rmse 11.4535, time elapsed(min) 0.01---
2026-09-30 23:59:37,211 - INFO - --- validation at epoch 244, val_loss 7.7006, val_mae 7.9972, val_rmse 11.5748, val_r2 0.8218, val_pearson 0.9074, lr 1.00e-06 ---
2026-09-30 23:59:37,211 - INFO - 
****************************************************************************************************
2026-09-30 23:59:38,570 - INFO - --- training epoch 245, loss 7.4728, mae 7.9543, rmse 11.6639, time elapsed(min) 0.02---
2026-09-30 23:59:38,744 - INFO - --- validation at epoch 245, val_loss 7.6990, val_mae 7.9971, val_rmse 11.5731, val_r2 0.8218, val_pearson 0.9074, lr 1.00e-06 ---
2026-09-30 23:59:38,744 - INFO - 
****************************************************************************************************
2026-09-30 23:59:39,986 - INFO - --- training epoch 246, loss 7.3512, mae 7.8327, rmse 11.4869, time elapsed(min) 0.01---
2026-09-30 23:59:40,167 - INFO - --- validation at epoch 246, val_loss 7.6931, val_mae 7.9914, val_rmse 11.5665, val_r2 0.8220, val_pearson 0.9075, lr 1.00e-06 ---
2026-09-30 23:59:40,167 - INFO - 
****************************************************************************************************
2026-09-30 23:59:41,421 - INFO - --- training epoch 247, loss 7.4657, mae 7.9467, rmse 11.4456, time elapsed(min) 0.01---
2026-09-30 23:59:41,808 - INFO - --- validation at epoch 247, val_loss 7.6903, val_mae 7.9898, val_rmse 11.5660, val_r2 0.8220, val_pearson 0.9075, lr 1.00e-06 ---
2026-09-30 23:59:41,808 - INFO - 
****************************************************************************************************
2026-09-30 23:59:43,002 - INFO - --- training epoch 248, loss 7.4796, mae 7.9612, rmse 11.5991, time elapsed(min) 0.01---
2026-09-30 23:59:43,166 - INFO - --- validation at epoch 248, val_loss 7.6873, val_mae 7.9894, val_rmse 11.5637, val_r2 0.8221, val_pearson 0.9076, lr 1.00e-06 ---
2026-09-30 23:59:43,166 - INFO - 
****************************************************************************************************
2026-09-30 23:59:44,197 - INFO - --- training epoch 249, loss 7.4783, mae 7.9615, rmse 11.5311, time elapsed(min) 0.01---
2026-09-30 23:59:44,362 - INFO - --- validation at epoch 249, val_loss 7.6848, val_mae 7.9863, val_rmse 11.5592, val_r2 0.8222, val_pearson 0.9077, lr 1.00e-06 ---
2026-09-30 23:59:44,362 - INFO - 
****************************************************************************************************
2026-09-30 23:59:45,557 - INFO - --- training epoch 250, loss 7.3161, mae 7.7956, rmse 11.4813, time elapsed(min) 0.01---
2026-09-30 23:59:45,724 - INFO - --- validation at epoch 250, val_loss 7.6872, val_mae 7.9901, val_rmse 11.5673, val_r2 0.8220, val_pearson 0.9076, lr 1.00e-06 ---
2026-09-30 23:59:45,724 - INFO - 
****************************************************************************************************
2026-09-30 23:59:47,103 - INFO - --- training epoch 251, loss 7.3550, mae 7.8366, rmse 11.3771, time elapsed(min) 0.02---
2026-09-30 23:59:47,265 - INFO - --- validation at epoch 251, val_loss 7.6891, val_mae 7.9904, val_rmse 11.5643, val_r2 0.8221, val_pearson 0.9076, lr 1.00e-06 ---
2026-09-30 23:59:47,266 - INFO - 
****************************************************************************************************
2026-09-30 23:59:48,528 - INFO - --- training epoch 252, loss 7.4269, mae 7.9092, rmse 11.4861, time elapsed(min) 0.01---
2026-09-30 23:59:48,922 - INFO - --- validation at epoch 252, val_loss 7.6929, val_mae 7.9912, val_rmse 11.5637, val_r2 0.8221, val_pearson 0.9076, lr 1.00e-06 ---
2026-09-30 23:59:48,922 - INFO - 
****************************************************************************************************
2026-09-30 23:59:50,128 - INFO - --- training epoch 253, loss 7.3548, mae 7.8366, rmse 11.4077, time elapsed(min) 0.01---
2026-09-30 23:59:50,290 - INFO - --- validation at epoch 253, val_loss 7.6931, val_mae 7.9899, val_rmse 11.5649, val_r2 0.8221, val_pearson 0.9076, lr 1.00e-06 ---
2026-09-30 23:59:50,290 - INFO - 
****************************************************************************************************
2026-09-30 23:59:51,326 - INFO - --- training epoch 254, loss 7.4265, mae 7.9083, rmse 11.5010, time elapsed(min) 0.01---
2026-09-30 23:59:51,493 - INFO - --- validation at epoch 254, val_loss 7.6921, val_mae 7.9875, val_rmse 11.5617, val_r2 0.8222, val_pearson 0.9077, lr 1.00e-06 ---
2026-09-30 23:59:51,493 - INFO - 
****************************************************************************************************
2026-09-30 23:59:52,532 - INFO - --- training epoch 255, loss 7.4306, mae 7.9109, rmse 11.5337, time elapsed(min) 0.01---
2026-09-30 23:59:52,710 - INFO - --- validation at epoch 255, val_loss 7.6944, val_mae 7.9898, val_rmse 11.5690, val_r2 0.8219, val_pearson 0.9076, lr 1.00e-06 ---
2026-09-30 23:59:52,711 - INFO - 
****************************************************************************************************
2026-09-30 23:59:53,101 - INFO - --- early stopping at epoch 255: val_loss did not improve for 50 epochs ---
2026-09-30 23:59:53,359 - INFO - --- selected checkpoint from epoch 205, val_loss 7.5689, val_mae 7.9000, val_rmse 11.4381
2026-09-30 23:59:53,976 - INFO - -- RESULT
2026-09-30 23:59:53,976 - INFO - --- test size: 1187
2026-09-30 23:59:53,976 - INFO - --- MAE: 7.8071 pp, RMSE: 11.5542 pp, R2: 0.8228, Pearson: 0.9075
2026-09-30 23:59:55,272 - INFO - --- Buchwald-Hartwig | fullcv09_split70 | current_model: test R2 0.8228 MAE 7.8071 RMSE 11.5542 | 361.4s (1.4s/epoch)
2026-09-30 23:59:55,275 - INFO - --- Buchwald-Hartwig | fullcv09_split70 | approach 3 (comb/linear) (comb/linear)
