2026-10-01 09:38:20,637 - INFO - device is	cuda:0
2026-10-01 09:38:20,760 - INFO - -- CONFIGURATIONS
2026-10-01 09:38:20,760 - INFO - --- train/valid/test: 3628/404/1728
2026-10-01 09:38:20,760 - INFO - --- max no. reactants_train, valid, test respectively: 14, 14, 14
2026-10-01 09:38:20,760 - INFO - --- max no. products_train, valid, test respectively: 1, 1, 1
2026-10-01 09:38:20,760 - INFO - --- model_path: ../logs/approach2_grid_suzuki/e400/runs/Suzuki-Miyaura_split_5_approach_2/model.pt
2026-10-01 09:38:20,768 - INFO - -- TRAINING
2026-10-01 09:38:22,284 - INFO - --- training epoch 0, loss 0.5332, mae 0.8285, rmse 1.4920, time elapsed(min) 0.03---
2026-10-01 09:38:22,511 - INFO - --- validation at epoch 0, val_loss 0.0403, val_mae 0.2551, val_rmse 0.2873, val_r2 -0.0070, val_pearson 0.1425, lr 1.00e-03 ---
2026-10-01 09:38:22,511 - INFO - 
****************************************************************************************************
2026-10-01 09:38:24,419 - INFO - --- training epoch 1, loss 0.0415, mae 0.2463, rmse 0.2882, time elapsed(min) 0.03---
2026-10-01 09:38:24,816 - INFO - --- validation at epoch 1, val_loss 0.0394, val_mae 0.2437, val_rmse 0.2860, val_r2 0.0020, val_pearson 0.2065, lr 1.00e-03 ---
2026-10-01 09:38:24,816 - INFO - 
****************************************************************************************************
2026-10-01 09:38:26,831 - INFO - --- training epoch 2, loss 0.0398, mae 0.2420, rmse 0.2820, time elapsed(min) 0.03---
2026-10-01 09:38:27,377 - INFO - --- validation at epoch 2, val_loss 0.0382, val_mae 0.2437, val_rmse 0.2808, val_r2 0.0381, val_pearson 0.2362, lr 1.00e-03 ---
2026-10-01 09:38:27,377 - INFO - 
****************************************************************************************************
2026-10-01 09:38:29,335 - INFO - --- training epoch 3, loss 0.0392, mae 0.2393, rmse 0.2801, time elapsed(min) 0.03---
2026-10-01 09:38:29,563 - INFO - --- validation at epoch 3, val_loss 0.0377, val_mae 0.2426, val_rmse 0.2794, val_r2 0.0473, val_pearson 0.2581, lr 1.00e-03 ---
2026-10-01 09:38:29,563 - INFO - 
****************************************************************************************************
2026-10-01 09:38:31,456 - INFO - --- training epoch 4, loss 0.0382, mae 0.2363, rmse 0.2764, time elapsed(min) 0.03---
2026-10-01 09:38:31,692 - INFO - --- validation at epoch 4, val_loss 0.0383, val_mae 0.2369, val_rmse 0.2827, val_r2 0.0250, val_pearson 0.2772, lr 1.00e-03 ---
2026-10-01 09:38:31,692 - INFO - 
****************************************************************************************************
2026-10-01 09:38:33,509 - INFO - --- training epoch 5, loss 0.0388, mae 0.2375, rmse 0.2785, time elapsed(min) 0.03---
2026-10-01 09:38:33,891 - INFO - --- validation at epoch 5, val_loss 0.0366, val_mae 0.2406, val_rmse 0.2755, val_r2 0.0740, val_pearson 0.2840, lr 1.00e-03 ---
2026-10-01 09:38:33,892 - INFO - 
****************************************************************************************************
2026-10-01 09:38:36,039 - INFO - --- training epoch 6, loss 0.0381, mae 0.2356, rmse 0.2760, time elapsed(min) 0.03---
2026-10-01 09:38:36,272 - INFO - --- validation at epoch 6, val_loss 0.0365, val_mae 0.2405, val_rmse 0.2749, val_r2 0.0778, val_pearson 0.3024, lr 1.00e-03 ---
2026-10-01 09:38:36,272 - INFO - 
****************************************************************************************************
2026-10-01 09:38:38,162 - INFO - --- training epoch 7, loss 0.0373, mae 0.2335, rmse 0.2732, time elapsed(min) 0.03---
2026-10-01 09:38:38,398 - INFO - --- validation at epoch 7, val_loss 0.0361, val_mae 0.2391, val_rmse 0.2729, val_r2 0.0914, val_pearson 0.3111, lr 1.00e-03 ---
2026-10-01 09:38:38,398 - INFO - 
****************************************************************************************************
2026-10-01 09:38:40,476 - INFO - --- training epoch 8, loss 0.0368, mae 0.2307, rmse 0.2712, time elapsed(min) 0.03---
2026-10-01 09:38:40,863 - INFO - --- validation at epoch 8, val_loss 0.0364, val_mae 0.2314, val_rmse 0.2749, val_r2 0.0779, val_pearson 0.3389, lr 1.00e-03 ---
2026-10-01 09:38:40,863 - INFO - 
****************************************************************************************************
2026-10-01 09:38:42,936 - INFO - --- training epoch 9, loss 0.0377, mae 0.2332, rmse 0.2747, time elapsed(min) 0.03---
2026-10-01 09:38:43,164 - INFO - --- validation at epoch 9, val_loss 0.0351, val_mae 0.2356, val_rmse 0.2690, val_r2 0.1174, val_pearson 0.3612, lr 1.00e-03 ---
2026-10-01 09:38:43,164 - INFO - 
****************************************************************************************************
2026-10-01 09:38:45,083 - INFO - --- training epoch 10, loss 0.0354, mae 0.2247, rmse 0.2661, time elapsed(min) 0.03---
2026-10-01 09:38:45,369 - INFO - --- validation at epoch 10, val_loss 0.0326, val_mae 0.2209, val_rmse 0.2580, val_r2 0.1879, val_pearson 0.4462, lr 1.00e-03 ---
2026-10-01 09:38:45,369 - INFO - 
****************************************************************************************************
2026-10-01 09:38:47,306 - INFO - --- training epoch 11, loss 0.0341, mae 0.2181, rmse 0.2612, time elapsed(min) 0.03---
2026-10-01 09:38:47,695 - INFO - --- validation at epoch 11, val_loss 0.0328, val_mae 0.2182, val_rmse 0.2602, val_r2 0.1741, val_pearson 0.4619, lr 1.00e-03 ---
2026-10-01 09:38:47,695 - INFO - 
****************************************************************************************************
2026-10-01 09:38:49,759 - INFO - --- training epoch 12, loss 0.0345, mae 0.2200, rmse 0.2626, time elapsed(min) 0.03---
2026-10-01 09:38:49,988 - INFO - --- validation at epoch 12, val_loss 0.0327, val_mae 0.2207, val_rmse 0.2586, val_r2 0.1842, val_pearson 0.4489, lr 1.00e-03 ---
2026-10-01 09:38:49,988 - INFO - 
****************************************************************************************************
2026-10-01 09:38:51,812 - INFO - --- training epoch 13, loss 0.0339, mae 0.2172, rmse 0.2603, time elapsed(min) 0.03---
2026-10-01 09:38:52,037 - INFO - --- validation at epoch 13, val_loss 0.0335, val_mae 0.2193, val_rmse 0.2620, val_r2 0.1625, val_pearson 0.4463, lr 1.00e-03 ---
2026-10-01 09:38:52,038 - INFO - 
****************************************************************************************************
2026-10-01 09:38:53,868 - INFO - --- training epoch 14, loss 0.0342, mae 0.2177, rmse 0.2614, time elapsed(min) 0.03---
2026-10-01 09:38:54,098 - INFO - --- validation at epoch 14, val_loss 0.0329, val_mae 0.2183, val_rmse 0.2599, val_r2 0.1758, val_pearson 0.4656, lr 1.00e-03 ---
2026-10-01 09:38:54,098 - INFO - 
****************************************************************************************************
2026-10-01 09:38:56,282 - INFO - --- training epoch 15, loss 0.0335, mae 0.2148, rmse 0.2588, time elapsed(min) 0.03---
2026-10-01 09:38:56,727 - INFO - --- validation at epoch 15, val_loss 0.0311, val_mae 0.2133, val_rmse 0.2501, val_r2 0.2371, val_pearson 0.5080, lr 1.00e-03 ---
2026-10-01 09:38:56,727 - INFO - 
****************************************************************************************************
2026-10-01 09:38:58,805 - INFO - --- training epoch 16, loss 0.0318, mae 0.2082, rmse 0.2521, time elapsed(min) 0.03---
2026-10-01 09:38:59,029 - INFO - --- validation at epoch 16, val_loss 0.0288, val_mae 0.2043, val_rmse 0.2426, val_r2 0.2817, val_pearson 0.5585, lr 1.00e-03 ---
2026-10-01 09:38:59,029 - INFO - 
****************************************************************************************************
2026-10-01 09:39:01,168 - INFO - --- training epoch 17, loss 0.0320, mae 0.2099, rmse 0.2529, time elapsed(min) 0.03---
2026-10-01 09:39:01,405 - INFO - --- validation at epoch 17, val_loss 0.0289, val_mae 0.2015, val_rmse 0.2397, val_r2 0.2990, val_pearson 0.5590, lr 1.00e-03 ---
2026-10-01 09:39:01,405 - INFO - 
****************************************************************************************************
2026-10-01 09:39:03,364 - INFO - --- training epoch 18, loss 0.0304, mae 0.2019, rmse 0.2466, time elapsed(min) 0.03---
2026-10-01 09:39:03,766 - INFO - --- validation at epoch 18, val_loss 0.0279, val_mae 0.1997, val_rmse 0.2372, val_r2 0.3136, val_pearson 0.5873, lr 1.00e-03 ---
2026-10-01 09:39:03,766 - INFO - 
****************************************************************************************************
2026-10-01 09:39:05,995 - INFO - --- training epoch 19, loss 0.0302, mae 0.2015, rmse 0.2460, time elapsed(min) 0.03---
2026-10-01 09:39:06,232 - INFO - --- validation at epoch 19, val_loss 0.0271, val_mae 0.1963, val_rmse 0.2322, val_r2 0.3422, val_pearson 0.6099, lr 1.00e-03 ---
2026-10-01 09:39:06,232 - INFO - 
****************************************************************************************************
2026-10-01 09:39:08,140 - INFO - --- training epoch 20, loss 0.0311, mae 0.2070, rmse 0.2495, time elapsed(min) 0.03---
2026-10-01 09:39:08,368 - INFO - --- validation at epoch 20, val_loss 0.0324, val_mae 0.2203, val_rmse 0.2591, val_r2 0.1807, val_pearson 0.4270, lr 1.00e-03 ---
2026-10-01 09:39:08,368 - INFO - 
****************************************************************************************************
2026-10-01 09:39:10,327 - INFO - --- training epoch 21, loss 0.0300, mae 0.2022, rmse 0.2449, time elapsed(min) 0.03---
2026-10-01 09:39:10,699 - INFO - --- validation at epoch 21, val_loss 0.0253, val_mae 0.1870, val_rmse 0.2215, val_r2 0.4014, val_pearson 0.6463, lr 1.00e-03 ---
2026-10-01 09:39:10,699 - INFO - 
****************************************************************************************************
2026-10-01 09:39:12,931 - INFO - --- training epoch 22, loss 0.0244, mae 0.1801, rmse 0.2209, time elapsed(min) 0.03---
2026-10-01 09:39:13,164 - INFO - --- validation at epoch 22, val_loss 0.0217, val_mae 0.1671, val_rmse 0.2130, val_r2 0.4464, val_pearson 0.7052, lr 1.00e-03 ---
2026-10-01 09:39:13,164 - INFO - 
****************************************************************************************************
2026-10-01 09:39:15,109 - INFO - --- training epoch 23, loss 0.0242, mae 0.1770, rmse 0.2200, time elapsed(min) 0.03---
2026-10-01 09:39:15,347 - INFO - --- validation at epoch 23, val_loss 0.0223, val_mae 0.1681, val_rmse 0.2159, val_r2 0.4312, val_pearson 0.6945, lr 1.00e-03 ---
2026-10-01 09:39:15,347 - INFO - 
****************************************************************************************************
2026-10-01 09:39:17,322 - INFO - --- training epoch 24, loss 0.0216, mae 0.1663, rmse 0.2078, time elapsed(min) 0.03---
2026-10-01 09:39:17,686 - INFO - --- validation at epoch 24, val_loss 0.0209, val_mae 0.1637, val_rmse 0.2117, val_r2 0.4533, val_pearson 0.7083, lr 1.00e-03 ---
2026-10-01 09:39:17,686 - INFO - 
****************************************************************************************************
2026-10-01 09:39:19,767 - INFO - --- training epoch 25, loss 0.0216, mae 0.1665, rmse 0.2080, time elapsed(min) 0.03---
2026-10-01 09:39:20,222 - INFO - --- validation at epoch 25, val_loss 0.0225, val_mae 0.1651, val_rmse 0.2182, val_r2 0.4190, val_pearson 0.6918, lr 1.00e-03 ---
2026-10-01 09:39:20,222 - INFO - 
****************************************************************************************************
2026-10-01 09:39:22,173 - INFO - --- training epoch 26, loss 0.0223, mae 0.1688, rmse 0.2112, time elapsed(min) 0.03---
2026-10-01 09:39:22,448 - INFO - --- validation at epoch 26, val_loss 0.0197, val_mae 0.1577, val_rmse 0.1999, val_r2 0.5125, val_pearson 0.7234, lr 1.00e-03 ---
2026-10-01 09:39:22,448 - INFO - 
****************************************************************************************************
2026-10-01 09:39:24,452 - INFO - --- training epoch 27, loss 0.0198, mae 0.1584, rmse 0.1991, time elapsed(min) 0.03---
2026-10-01 09:39:24,681 - INFO - --- validation at epoch 27, val_loss 0.0213, val_mae 0.1677, val_rmse 0.2177, val_r2 0.4217, val_pearson 0.7074, lr 1.00e-03 ---
2026-10-01 09:39:24,681 - INFO - 
****************************************************************************************************
2026-10-01 09:39:26,640 - INFO - --- training epoch 28, loss 0.0208, mae 0.1619, rmse 0.2037, time elapsed(min) 0.03---
2026-10-01 09:39:27,048 - INFO - --- validation at epoch 28, val_loss 0.0179, val_mae 0.1521, val_rmse 0.1965, val_r2 0.5288, val_pearson 0.7498, lr 1.00e-03 ---
2026-10-01 09:39:27,048 - INFO - 
****************************************************************************************************
2026-10-01 09:39:29,191 - INFO - --- training epoch 29, loss 0.0201, mae 0.1589, rmse 0.2004, time elapsed(min) 0.03---
2026-10-01 09:39:29,422 - INFO - --- validation at epoch 29, val_loss 0.0183, val_mae 0.1577, val_rmse 0.1965, val_r2 0.5288, val_pearson 0.7395, lr 1.00e-03 ---
2026-10-01 09:39:29,422 - INFO - 
****************************************************************************************************
2026-10-01 09:39:31,391 - INFO - --- training epoch 30, loss 0.0197, mae 0.1559, rmse 0.1985, time elapsed(min) 0.03---
2026-10-01 09:39:31,624 - INFO - --- validation at epoch 30, val_loss 0.0177, val_mae 0.1552, val_rmse 0.1945, val_r2 0.5385, val_pearson 0.7409, lr 1.00e-03 ---
2026-10-01 09:39:31,624 - INFO - 
****************************************************************************************************
2026-10-01 09:39:33,625 - INFO - --- training epoch 31, loss 0.0187, mae 0.1519, rmse 0.1934, time elapsed(min) 0.03---
2026-10-01 09:39:34,030 - INFO - --- validation at epoch 31, val_loss 0.0173, val_mae 0.1496, val_rmse 0.1907, val_r2 0.5564, val_pearson 0.7503, lr 1.00e-03 ---
2026-10-01 09:39:34,030 - INFO - 
****************************************************************************************************
2026-10-01 09:39:36,216 - INFO - --- training epoch 32, loss 0.0183, mae 0.1514, rmse 0.1911, time elapsed(min) 0.03---
2026-10-01 09:39:36,446 - INFO - --- validation at epoch 32, val_loss 0.0175, val_mae 0.1536, val_rmse 0.1928, val_r2 0.5465, val_pearson 0.7549, lr 1.00e-03 ---
2026-10-01 09:39:36,446 - INFO - 
****************************************************************************************************
2026-10-01 09:39:38,312 - INFO - --- training epoch 33, loss 0.0190, mae 0.1524, rmse 0.1951, time elapsed(min) 0.03---
2026-10-01 09:39:38,554 - INFO - --- validation at epoch 33, val_loss 0.0173, val_mae 0.1536, val_rmse 0.1928, val_r2 0.5466, val_pearson 0.7577, lr 1.00e-03 ---
2026-10-01 09:39:38,554 - INFO - 
****************************************************************************************************
2026-10-01 09:39:40,483 - INFO - --- training epoch 34, loss 0.0178, mae 0.1484, rmse 0.1886, time elapsed(min) 0.03---
2026-10-01 09:39:40,755 - INFO - --- validation at epoch 34, val_loss 0.0177, val_mae 0.1463, val_rmse 0.1953, val_r2 0.5347, val_pearson 0.7658, lr 1.00e-03 ---
2026-10-01 09:39:40,755 - INFO - 
****************************************************************************************************
2026-10-01 09:39:42,800 - INFO - --- training epoch 35, loss 0.0182, mae 0.1480, rmse 0.1907, time elapsed(min) 0.03---
2026-10-01 09:39:43,205 - INFO - --- validation at epoch 35, val_loss 0.0168, val_mae 0.1435, val_rmse 0.1867, val_r2 0.5749, val_pearson 0.7637, lr 1.00e-03 ---
2026-10-01 09:39:43,205 - INFO - 
****************************************************************************************************
2026-10-01 09:39:45,337 - INFO - --- training epoch 36, loss 0.0175, mae 0.1448, rmse 0.1870, time elapsed(min) 0.03---
2026-10-01 09:39:45,573 - INFO - --- validation at epoch 36, val_loss 0.0161, val_mae 0.1416, val_rmse 0.1844, val_r2 0.5851, val_pearson 0.7791, lr 1.00e-03 ---
2026-10-01 09:39:45,573 - INFO - 
****************************************************************************************************
2026-10-01 09:39:47,508 - INFO - --- training epoch 37, loss 0.0171, mae 0.1426, rmse 0.1852, time elapsed(min) 0.03---
2026-10-01 09:39:47,737 - INFO - --- validation at epoch 37, val_loss 0.0159, val_mae 0.1389, val_rmse 0.1816, val_r2 0.5975, val_pearson 0.7774, lr 1.00e-03 ---
2026-10-01 09:39:47,737 - INFO - 
****************************************************************************************************
2026-10-01 09:39:49,778 - INFO - --- training epoch 38, loss 0.0164, mae 0.1380, rmse 0.1810, time elapsed(min) 0.03---
2026-10-01 09:39:50,211 - INFO - --- validation at epoch 38, val_loss 0.0163, val_mae 0.1407, val_rmse 0.1839, val_r2 0.5873, val_pearson 0.7775, lr 1.00e-03 ---
2026-10-01 09:39:50,211 - INFO - 
****************************************************************************************************
2026-10-01 09:39:52,198 - INFO - --- training epoch 39, loss 0.0173, mae 0.1430, rmse 0.1860, time elapsed(min) 0.03---
2026-10-01 09:39:52,427 - INFO - --- validation at epoch 39, val_loss 0.0159, val_mae 0.1425, val_rmse 0.1822, val_r2 0.5950, val_pearson 0.7849, lr 1.00e-03 ---
2026-10-01 09:39:52,427 - INFO - 
****************************************************************************************************
2026-10-01 09:39:54,370 - INFO - --- training epoch 40, loss 0.0167, mae 0.1389, rmse 0.1825, time elapsed(min) 0.03---
2026-10-01 09:39:54,607 - INFO - --- validation at epoch 40, val_loss 0.0158, val_mae 0.1409, val_rmse 0.1833, val_r2 0.5899, val_pearson 0.7798, lr 1.00e-03 ---
2026-10-01 09:39:54,607 - INFO - 
****************************************************************************************************
2026-10-01 09:39:56,694 - INFO - --- training epoch 41, loss 0.0168, mae 0.1408, rmse 0.1836, time elapsed(min) 0.03---
2026-10-01 09:39:57,079 - INFO - --- validation at epoch 41, val_loss 0.0154, val_mae 0.1375, val_rmse 0.1790, val_r2 0.6093, val_pearson 0.7844, lr 1.00e-03 ---
2026-10-01 09:39:57,079 - INFO - 
****************************************************************************************************
2026-10-01 09:39:59,261 - INFO - --- training epoch 42, loss 0.0153, mae 0.1334, rmse 0.1750, time elapsed(min) 0.03---
2026-10-01 09:39:59,488 - INFO - --- validation at epoch 42, val_loss 0.0144, val_mae 0.1344, val_rmse 0.1789, val_r2 0.6097, val_pearson 0.7901, lr 1.00e-03 ---
2026-10-01 09:39:59,488 - INFO - 
****************************************************************************************************
2026-10-01 09:40:01,431 - INFO - --- training epoch 43, loss 0.0157, mae 0.1353, rmse 0.1771, time elapsed(min) 0.03---
2026-10-01 09:40:01,669 - INFO - --- validation at epoch 43, val_loss 0.0149, val_mae 0.1371, val_rmse 0.1806, val_r2 0.6019, val_pearson 0.7948, lr 1.00e-03 ---
2026-10-01 09:40:01,669 - INFO - 
****************************************************************************************************
2026-10-01 09:40:03,522 - INFO - --- training epoch 44, loss 0.0161, mae 0.1370, rmse 0.1796, time elapsed(min) 0.03---
2026-10-01 09:40:03,913 - INFO - --- validation at epoch 44, val_loss 0.0153, val_mae 0.1395, val_rmse 0.1814, val_r2 0.5987, val_pearson 0.7913, lr 1.00e-03 ---
2026-10-01 09:40:03,914 - INFO - 
****************************************************************************************************
2026-10-01 09:40:06,020 - INFO - --- training epoch 45, loss 0.0161, mae 0.1375, rmse 0.1792, time elapsed(min) 0.03---
2026-10-01 09:40:06,247 - INFO - --- validation at epoch 45, val_loss 0.0153, val_mae 0.1399, val_rmse 0.1827, val_r2 0.5926, val_pearson 0.7872, lr 1.00e-03 ---
2026-10-01 09:40:06,247 - INFO - 
****************************************************************************************************
2026-10-01 09:40:08,098 - INFO - --- training epoch 46, loss 0.0160, mae 0.1366, rmse 0.1791, time elapsed(min) 0.03---
2026-10-01 09:40:08,323 - INFO - --- validation at epoch 46, val_loss 0.0149, val_mae 0.1368, val_rmse 0.1804, val_r2 0.6030, val_pearson 0.7879, lr 1.00e-03 ---
2026-10-01 09:40:08,323 - INFO - 
****************************************************************************************************
2026-10-01 09:40:10,186 - INFO - --- training epoch 47, loss 0.0152, mae 0.1322, rmse 0.1741, time elapsed(min) 0.03---
2026-10-01 09:40:10,552 - INFO - --- validation at epoch 47, val_loss 0.0145, val_mae 0.1344, val_rmse 0.1812, val_r2 0.5995, val_pearson 0.7984, lr 1.00e-03 ---
2026-10-01 09:40:10,552 - INFO - 
****************************************************************************************************
2026-10-01 09:40:12,637 - INFO - --- training epoch 48, loss 0.0160, mae 0.1357, rmse 0.1788, time elapsed(min) 0.03---
2026-10-01 09:40:12,868 - INFO - --- validation at epoch 48, val_loss 0.0149, val_mae 0.1372, val_rmse 0.1810, val_r2 0.6002, val_pearson 0.7856, lr 1.00e-03 ---
2026-10-01 09:40:12,868 - INFO - 
****************************************************************************************************
2026-10-01 09:40:14,776 - INFO - --- training epoch 49, loss 0.0150, mae 0.1320, rmse 0.1731, time elapsed(min) 0.03---
2026-10-01 09:40:15,034 - INFO - --- validation at epoch 49, val_loss 0.0136, val_mae 0.1311, val_rmse 0.1746, val_r2 0.6279, val_pearson 0.8057, lr 1.00e-03 ---
2026-10-01 09:40:15,034 - INFO - 
****************************************************************************************************
2026-10-01 09:40:16,982 - INFO - --- training epoch 50, loss 0.0148, mae 0.1310, rmse 0.1718, time elapsed(min) 0.03---
2026-10-01 09:40:17,208 - INFO - --- validation at epoch 50, val_loss 0.0149, val_mae 0.1371, val_rmse 0.1833, val_r2 0.5902, val_pearson 0.7952, lr 1.00e-03 ---
2026-10-01 09:40:17,208 - INFO - 
****************************************************************************************************
2026-10-01 09:40:19,268 - INFO - --- training epoch 51, loss 0.0152, mae 0.1330, rmse 0.1742, time elapsed(min) 0.03---
2026-10-01 09:40:19,801 - INFO - --- validation at epoch 51, val_loss 0.0133, val_mae 0.1287, val_rmse 0.1706, val_r2 0.6447, val_pearson 0.8101, lr 1.00e-03 ---
2026-10-01 09:40:19,801 - INFO - 
****************************************************************************************************
2026-10-01 09:40:21,740 - INFO - --- training epoch 52, loss 0.0145, mae 0.1284, rmse 0.1700, time elapsed(min) 0.03---
2026-10-01 09:40:21,968 - INFO - --- validation at epoch 52, val_loss 0.0142, val_mae 0.1320, val_rmse 0.1776, val_r2 0.6153, val_pearson 0.7940, lr 1.00e-03 ---
2026-10-01 09:40:21,968 - INFO - 
****************************************************************************************************
2026-10-01 09:40:23,833 - INFO - --- training epoch 53, loss 0.0143, mae 0.1283, rmse 0.1690, time elapsed(min) 0.03---
2026-10-01 09:40:24,210 - INFO - --- validation at epoch 53, val_loss 0.0151, val_mae 0.1338, val_rmse 0.1853, val_r2 0.5810, val_pearson 0.7960, lr 1.00e-03 ---
2026-10-01 09:40:24,210 - INFO - 
****************************************************************************************************
2026-10-01 09:40:26,391 - INFO - --- training epoch 54, loss 0.0148, mae 0.1311, rmse 0.1723, time elapsed(min) 0.03---
2026-10-01 09:40:26,616 - INFO - --- validation at epoch 54, val_loss 0.0145, val_mae 0.1310, val_rmse 0.1802, val_r2 0.6041, val_pearson 0.7971, lr 1.00e-03 ---
2026-10-01 09:40:26,616 - INFO - 
****************************************************************************************************
2026-10-01 09:40:28,481 - INFO - --- training epoch 55, loss 0.0152, mae 0.1326, rmse 0.1743, time elapsed(min) 0.03---
2026-10-01 09:40:28,713 - INFO - --- validation at epoch 55, val_loss 0.0153, val_mae 0.1349, val_rmse 0.1830, val_r2 0.5916, val_pearson 0.7779, lr 1.00e-03 ---
2026-10-01 09:40:28,713 - INFO - 
****************************************************************************************************
2026-10-01 09:40:30,578 - INFO - --- training epoch 56, loss 0.0147, mae 0.1309, rmse 0.1712, time elapsed(min) 0.03---
2026-10-01 09:40:30,948 - INFO - --- validation at epoch 56, val_loss 0.0153, val_mae 0.1358, val_rmse 0.1852, val_r2 0.5816, val_pearson 0.7982, lr 1.00e-03 ---
2026-10-01 09:40:30,948 - INFO - 
****************************************************************************************************
2026-10-01 09:40:32,935 - INFO - --- training epoch 57, loss 0.0152, mae 0.1325, rmse 0.1745, time elapsed(min) 0.03---
2026-10-01 09:40:33,364 - INFO - --- validation at epoch 57, val_loss 0.0132, val_mae 0.1289, val_rmse 0.1725, val_r2 0.6371, val_pearson 0.8091, lr 1.00e-03 ---
2026-10-01 09:40:33,364 - INFO - 
****************************************************************************************************
2026-10-01 09:40:35,401 - INFO - --- training epoch 58, loss 0.0147, mae 0.1311, rmse 0.1716, time elapsed(min) 0.03---
2026-10-01 09:40:35,676 - INFO - --- validation at epoch 58, val_loss 0.0136, val_mae 0.1294, val_rmse 0.1714, val_r2 0.6415, val_pearson 0.8078, lr 1.00e-03 ---
2026-10-01 09:40:35,676 - INFO - 
****************************************************************************************************
2026-10-01 09:40:37,566 - INFO - --- training epoch 59, loss 0.0139, mae 0.1268, rmse 0.1670, time elapsed(min) 0.03---
2026-10-01 09:40:37,817 - INFO - --- validation at epoch 59, val_loss 0.0135, val_mae 0.1278, val_rmse 0.1738, val_r2 0.6315, val_pearson 0.8147, lr 1.00e-03 ---
2026-10-01 09:40:37,817 - INFO - 
****************************************************************************************************
2026-10-01 09:40:39,797 - INFO - --- training epoch 60, loss 0.0142, mae 0.1283, rmse 0.1683, time elapsed(min) 0.03---
2026-10-01 09:40:40,236 - INFO - --- validation at epoch 60, val_loss 0.0144, val_mae 0.1326, val_rmse 0.1801, val_r2 0.6044, val_pearson 0.8089, lr 1.00e-03 ---
2026-10-01 09:40:40,236 - INFO - 
****************************************************************************************************
2026-10-01 09:40:42,299 - INFO - --- training epoch 61, loss 0.0146, mae 0.1291, rmse 0.1707, time elapsed(min) 0.03---
2026-10-01 09:40:42,526 - INFO - --- validation at epoch 61, val_loss 0.0138, val_mae 0.1263, val_rmse 0.1739, val_r2 0.6311, val_pearson 0.8066, lr 1.00e-03 ---
2026-10-01 09:40:42,526 - INFO - 
****************************************************************************************************
2026-10-01 09:40:44,371 - INFO - --- training epoch 62, loss 0.0144, mae 0.1288, rmse 0.1695, time elapsed(min) 0.03---
2026-10-01 09:40:44,602 - INFO - --- validation at epoch 62, val_loss 0.0128, val_mae 0.1245, val_rmse 0.1672, val_r2 0.6588, val_pearson 0.8189, lr 1.00e-03 ---
2026-10-01 09:40:44,602 - INFO - 
****************************************************************************************************
2026-10-01 09:40:46,718 - INFO - --- training epoch 63, loss 0.0135, mae 0.1249, rmse 0.1645, time elapsed(min) 0.03---
2026-10-01 09:40:47,151 - INFO - --- validation at epoch 63, val_loss 0.0128, val_mae 0.1242, val_rmse 0.1680, val_r2 0.6558, val_pearson 0.8179, lr 1.00e-03 ---
2026-10-01 09:40:47,151 - INFO - 
****************************************************************************************************
2026-10-01 09:40:49,413 - INFO - --- training epoch 64, loss 0.0133, mae 0.1247, rmse 0.1633, time elapsed(min) 0.03---
2026-10-01 09:40:49,638 - INFO - --- validation at epoch 64, val_loss 0.0115, val_mae 0.1172, val_rmse 0.1579, val_r2 0.6957, val_pearson 0.8379, lr 1.00e-03 ---
2026-10-01 09:40:49,638 - INFO - 
****************************************************************************************************
2026-10-01 09:40:51,570 - INFO - --- training epoch 65, loss 0.0131, mae 0.1225, rmse 0.1621, time elapsed(min) 0.03---
2026-10-01 09:40:51,853 - INFO - --- validation at epoch 65, val_loss 0.0129, val_mae 0.1236, val_rmse 0.1683, val_r2 0.6544, val_pearson 0.8286, lr 1.00e-03 ---
2026-10-01 09:40:51,853 - INFO - 
****************************************************************************************************
2026-10-01 09:40:53,700 - INFO - --- training epoch 66, loss 0.0140, mae 0.1267, rmse 0.1671, time elapsed(min) 0.03---
2026-10-01 09:40:54,098 - INFO - --- validation at epoch 66, val_loss 0.0147, val_mae 0.1310, val_rmse 0.1817, val_r2 0.5974, val_pearson 0.8035, lr 1.00e-03 ---
2026-10-01 09:40:54,098 - INFO - 
****************************************************************************************************
2026-10-01 09:40:56,190 - INFO - --- training epoch 67, loss 0.0137, mae 0.1252, rmse 0.1654, time elapsed(min) 0.03---
2026-10-01 09:40:56,425 - INFO - --- validation at epoch 67, val_loss 0.0138, val_mae 0.1243, val_rmse 0.1746, val_r2 0.6282, val_pearson 0.8058, lr 1.00e-03 ---
2026-10-01 09:40:56,425 - INFO - 
****************************************************************************************************
2026-10-01 09:40:58,246 - INFO - --- training epoch 68, loss 0.0138, mae 0.1264, rmse 0.1661, time elapsed(min) 0.03---
2026-10-01 09:40:58,473 - INFO - --- validation at epoch 68, val_loss 0.0145, val_mae 0.1333, val_rmse 0.1795, val_r2 0.6069, val_pearson 0.8184, lr 1.00e-03 ---
2026-10-01 09:40:58,473 - INFO - 
****************************************************************************************************
2026-10-01 09:41:00,339 - INFO - --- training epoch 69, loss 0.0139, mae 0.1269, rmse 0.1669, time elapsed(min) 0.03---
2026-10-01 09:41:00,725 - INFO - --- validation at epoch 69, val_loss 0.0136, val_mae 0.1276, val_rmse 0.1735, val_r2 0.6326, val_pearson 0.8124, lr 1.00e-03 ---
2026-10-01 09:41:00,725 - INFO - 
****************************************************************************************************
2026-10-01 09:41:02,813 - INFO - --- training epoch 70, loss 0.0136, mae 0.1258, rmse 0.1648, time elapsed(min) 0.03---
2026-10-01 09:41:03,038 - INFO - --- validation at epoch 70, val_loss 0.0131, val_mae 0.1250, val_rmse 0.1703, val_r2 0.6461, val_pearson 0.8211, lr 1.00e-03 ---
2026-10-01 09:41:03,038 - INFO - 
****************************************************************************************************
2026-10-01 09:41:04,874 - INFO - --- training epoch 71, loss 0.0137, mae 0.1247, rmse 0.1654, time elapsed(min) 0.03---
2026-10-01 09:41:05,101 - INFO - --- validation at epoch 71, val_loss 0.0127, val_mae 0.1248, val_rmse 0.1656, val_r2 0.6656, val_pearson 0.8283, lr 1.00e-03 ---
2026-10-01 09:41:05,101 - INFO - 
****************************************************************************************************
2026-10-01 09:41:06,963 - INFO - --- training epoch 72, loss 0.0133, mae 0.1240, rmse 0.1634, time elapsed(min) 0.03---
2026-10-01 09:41:07,348 - INFO - --- validation at epoch 72, val_loss 0.0126, val_mae 0.1236, val_rmse 0.1671, val_r2 0.6594, val_pearson 0.8293, lr 1.00e-03 ---
2026-10-01 09:41:07,348 - INFO - 
****************************************************************************************************
2026-10-01 09:41:09,367 - INFO - --- training epoch 73, loss 0.0131, mae 0.1225, rmse 0.1620, time elapsed(min) 0.03---
2026-10-01 09:41:09,797 - INFO - --- validation at epoch 73, val_loss 0.0126, val_mae 0.1238, val_rmse 0.1666, val_r2 0.6615, val_pearson 0.8265, lr 1.00e-03 ---
2026-10-01 09:41:09,797 - INFO - 
****************************************************************************************************
2026-10-01 09:41:11,768 - INFO - --- training epoch 74, loss 0.0130, mae 0.1221, rmse 0.1610, time elapsed(min) 0.03---
2026-10-01 09:41:12,000 - INFO - --- validation at epoch 74, val_loss 0.0127, val_mae 0.1263, val_rmse 0.1684, val_r2 0.6541, val_pearson 0.8326, lr 1.00e-03 ---
2026-10-01 09:41:12,000 - INFO - 
****************************************************************************************************
2026-10-01 09:41:13,912 - INFO - --- training epoch 75, loss 0.0131, mae 0.1225, rmse 0.1619, time elapsed(min) 0.03---
2026-10-01 09:41:14,139 - INFO - --- validation at epoch 75, val_loss 0.0128, val_mae 0.1230, val_rmse 0.1661, val_r2 0.6635, val_pearson 0.8254, lr 1.00e-03 ---
2026-10-01 09:41:14,139 - INFO - 
****************************************************************************************************
2026-10-01 09:41:16,099 - INFO - --- training epoch 76, loss 0.0125, mae 0.1194, rmse 0.1578, time elapsed(min) 0.03---
2026-10-01 09:41:16,537 - INFO - --- validation at epoch 76, val_loss 0.0110, val_mae 0.1167, val_rmse 0.1582, val_r2 0.6947, val_pearson 0.8436, lr 3.00e-04 ---
2026-10-01 09:41:16,537 - INFO - 
****************************************************************************************************
2026-10-01 09:41:18,825 - INFO - --- training epoch 77, loss 0.0117, mae 0.1149, rmse 0.1530, time elapsed(min) 0.03---
2026-10-01 09:41:19,054 - INFO - --- validation at epoch 77, val_loss 0.0105, val_mae 0.1145, val_rmse 0.1541, val_r2 0.7105, val_pearson 0.8498, lr 3.00e-04 ---
2026-10-01 09:41:19,054 - INFO - 
****************************************************************************************************
2026-10-01 09:41:20,998 - INFO - --- training epoch 78, loss 0.0115, mae 0.1145, rmse 0.1518, time elapsed(min) 0.03---
2026-10-01 09:41:21,265 - INFO - --- validation at epoch 78, val_loss 0.0103, val_mae 0.1127, val_rmse 0.1521, val_r2 0.7176, val_pearson 0.8535, lr 3.00e-04 ---
2026-10-01 09:41:21,265 - INFO - 
****************************************************************************************************
2026-10-01 09:41:23,373 - INFO - --- training epoch 79, loss 0.0113, mae 0.1131, rmse 0.1506, time elapsed(min) 0.03---
2026-10-01 09:41:23,812 - INFO - --- validation at epoch 79, val_loss 0.0104, val_mae 0.1126, val_rmse 0.1529, val_r2 0.7148, val_pearson 0.8520, lr 3.00e-04 ---
2026-10-01 09:41:23,812 - INFO - 
****************************************************************************************************
2026-10-01 09:41:26,040 - INFO - --- training epoch 80, loss 0.0111, mae 0.1119, rmse 0.1488, time elapsed(min) 0.03---
2026-10-01 09:41:26,270 - INFO - --- validation at epoch 80, val_loss 0.0101, val_mae 0.1107, val_rmse 0.1500, val_r2 0.7255, val_pearson 0.8558, lr 3.00e-04 ---
2026-10-01 09:41:26,270 - INFO - 
****************************************************************************************************
2026-10-01 09:41:28,330 - INFO - --- training epoch 81, loss 0.0113, mae 0.1126, rmse 0.1501, time elapsed(min) 0.03---
2026-10-01 09:41:28,557 - INFO - --- validation at epoch 81, val_loss 0.0101, val_mae 0.1100, val_rmse 0.1506, val_r2 0.7233, val_pearson 0.8583, lr 3.00e-04 ---
2026-10-01 09:41:28,557 - INFO - 
****************************************************************************************************
2026-10-01 09:41:30,659 - INFO - --- training epoch 82, loss 0.0111, mae 0.1121, rmse 0.1492, time elapsed(min) 0.03---
2026-10-01 09:41:31,052 - INFO - --- validation at epoch 82, val_loss 0.0102, val_mae 0.1106, val_rmse 0.1508, val_r2 0.7226, val_pearson 0.8589, lr 3.00e-04 ---
2026-10-01 09:41:31,052 - INFO - 
****************************************************************************************************
2026-10-01 09:41:33,252 - INFO - --- training epoch 83, loss 0.0112, mae 0.1125, rmse 0.1494, time elapsed(min) 0.03---
2026-10-01 09:41:33,477 - INFO - --- validation at epoch 83, val_loss 0.0101, val_mae 0.1099, val_rmse 0.1507, val_r2 0.7231, val_pearson 0.8588, lr 3.00e-04 ---
2026-10-01 09:41:33,477 - INFO - 
****************************************************************************************************
2026-10-01 09:41:35,395 - INFO - --- training epoch 84, loss 0.0112, mae 0.1125, rmse 0.1498, time elapsed(min) 0.03---
2026-10-01 09:41:35,622 - INFO - --- validation at epoch 84, val_loss 0.0101, val_mae 0.1095, val_rmse 0.1509, val_r2 0.7222, val_pearson 0.8586, lr 3.00e-04 ---
2026-10-01 09:41:35,622 - INFO - 
****************************************************************************************************
2026-10-01 09:41:37,472 - INFO - --- training epoch 85, loss 0.0112, mae 0.1124, rmse 0.1495, time elapsed(min) 0.03---
2026-10-01 09:41:37,843 - INFO - --- validation at epoch 85, val_loss 0.0104, val_mae 0.1118, val_rmse 0.1530, val_r2 0.7145, val_pearson 0.8574, lr 3.00e-04 ---
2026-10-01 09:41:37,843 - INFO - 
****************************************************************************************************
2026-10-01 09:41:39,990 - INFO - --- training epoch 86, loss 0.0111, mae 0.1117, rmse 0.1490, time elapsed(min) 0.03---
2026-10-01 09:41:40,265 - INFO - --- validation at epoch 86, val_loss 0.0103, val_mae 0.1106, val_rmse 0.1519, val_r2 0.7185, val_pearson 0.8585, lr 3.00e-04 ---
2026-10-01 09:41:40,265 - INFO - 
****************************************************************************************************
2026-10-01 09:41:42,129 - INFO - --- training epoch 87, loss 0.0112, mae 0.1122, rmse 0.1495, time elapsed(min) 0.03---
2026-10-01 09:41:42,357 - INFO - --- validation at epoch 87, val_loss 0.0102, val_mae 0.1104, val_rmse 0.1518, val_r2 0.7190, val_pearson 0.8571, lr 3.00e-04 ---
2026-10-01 09:41:42,357 - INFO - 
****************************************************************************************************
2026-10-01 09:41:44,309 - INFO - --- training epoch 88, loss 0.0111, mae 0.1120, rmse 0.1489, time elapsed(min) 0.03---
2026-10-01 09:41:44,543 - INFO - --- validation at epoch 88, val_loss 0.0104, val_mae 0.1116, val_rmse 0.1529, val_r2 0.7149, val_pearson 0.8574, lr 3.00e-04 ---
2026-10-01 09:41:44,543 - INFO - 
****************************************************************************************************
2026-10-01 09:41:46,538 - INFO - --- training epoch 89, loss 0.0110, mae 0.1116, rmse 0.1486, time elapsed(min) 0.03---
2026-10-01 09:41:46,945 - INFO - --- validation at epoch 89, val_loss 0.0101, val_mae 0.1102, val_rmse 0.1505, val_r2 0.7238, val_pearson 0.8582, lr 3.00e-04 ---
2026-10-01 09:41:46,945 - INFO - 
****************************************************************************************************
2026-10-01 09:41:48,952 - INFO - --- training epoch 90, loss 0.0111, mae 0.1121, rmse 0.1487, time elapsed(min) 0.03---
2026-10-01 09:41:49,187 - INFO - --- validation at epoch 90, val_loss 0.0106, val_mae 0.1127, val_rmse 0.1535, val_r2 0.7125, val_pearson 0.8552, lr 3.00e-04 ---
2026-10-01 09:41:49,187 - INFO - 
****************************************************************************************************
2026-10-01 09:41:51,081 - INFO - --- training epoch 91, loss 0.0109, mae 0.1102, rmse 0.1476, time elapsed(min) 0.03---
2026-10-01 09:41:51,321 - INFO - --- validation at epoch 91, val_loss 0.0099, val_mae 0.1084, val_rmse 0.1487, val_r2 0.7301, val_pearson 0.8606, lr 3.00e-04 ---
2026-10-01 09:41:51,321 - INFO - 
****************************************************************************************************
2026-10-01 09:41:53,376 - INFO - --- training epoch 92, loss 0.0109, mae 0.1100, rmse 0.1476, time elapsed(min) 0.03---
2026-10-01 09:41:53,812 - INFO - --- validation at epoch 92, val_loss 0.0110, val_mae 0.1160, val_rmse 0.1567, val_r2 0.7005, val_pearson 0.8524, lr 3.00e-04 ---
2026-10-01 09:41:53,812 - INFO - 
****************************************************************************************************
2026-10-01 09:41:55,910 - INFO - --- training epoch 93, loss 0.0108, mae 0.1101, rmse 0.1472, time elapsed(min) 0.03---
2026-10-01 09:41:56,150 - INFO - --- validation at epoch 93, val_loss 0.0108, val_mae 0.1135, val_rmse 0.1552, val_r2 0.7061, val_pearson 0.8547, lr 3.00e-04 ---
2026-10-01 09:41:56,150 - INFO - 
****************************************************************************************************
2026-10-01 09:41:57,980 - INFO - --- training epoch 94, loss 0.0111, mae 0.1122, rmse 0.1489, time elapsed(min) 0.03---
2026-10-01 09:41:58,239 - INFO - --- validation at epoch 94, val_loss 0.0108, val_mae 0.1146, val_rmse 0.1559, val_r2 0.7035, val_pearson 0.8540, lr 3.00e-04 ---
2026-10-01 09:41:58,239 - INFO - 
****************************************************************************************************
2026-10-01 09:42:00,190 - INFO - --- training epoch 95, loss 0.0109, mae 0.1106, rmse 0.1476, time elapsed(min) 0.03---
2026-10-01 09:42:00,580 - INFO - --- validation at epoch 95, val_loss 0.0108, val_mae 0.1137, val_rmse 0.1555, val_r2 0.7049, val_pearson 0.8528, lr 3.00e-04 ---
2026-10-01 09:42:00,580 - INFO - 
****************************************************************************************************
2026-10-01 09:42:02,759 - INFO - --- training epoch 96, loss 0.0110, mae 0.1106, rmse 0.1481, time elapsed(min) 0.03---
2026-10-01 09:42:02,988 - INFO - --- validation at epoch 96, val_loss 0.0108, val_mae 0.1134, val_rmse 0.1557, val_r2 0.7041, val_pearson 0.8536, lr 3.00e-04 ---
2026-10-01 09:42:02,988 - INFO - 
****************************************************************************************************
2026-10-01 09:42:04,844 - INFO - --- training epoch 97, loss 0.0108, mae 0.1096, rmse 0.1468, time elapsed(min) 0.03---
2026-10-01 09:42:05,083 - INFO - --- validation at epoch 97, val_loss 0.0113, val_mae 0.1157, val_rmse 0.1598, val_r2 0.6883, val_pearson 0.8517, lr 3.00e-04 ---
2026-10-01 09:42:05,083 - INFO - 
****************************************************************************************************
2026-10-01 09:42:06,933 - INFO - --- training epoch 98, loss 0.0109, mae 0.1097, rmse 0.1476, time elapsed(min) 0.03---
2026-10-01 09:42:07,309 - INFO - --- validation at epoch 98, val_loss 0.0111, val_mae 0.1157, val_rmse 0.1597, val_r2 0.6889, val_pearson 0.8518, lr 3.00e-04 ---
2026-10-01 09:42:07,309 - INFO - 
****************************************************************************************************
2026-10-01 09:42:09,489 - INFO - --- training epoch 99, loss 0.0109, mae 0.1101, rmse 0.1478, time elapsed(min) 0.03---
2026-10-01 09:42:09,727 - INFO - --- validation at epoch 99, val_loss 0.0106, val_mae 0.1118, val_rmse 0.1552, val_r2 0.7060, val_pearson 0.8570, lr 3.00e-04 ---
2026-10-01 09:42:09,727 - INFO - 
****************************************************************************************************
2026-10-01 09:42:11,534 - INFO - --- training epoch 100, loss 0.0108, mae 0.1097, rmse 0.1467, time elapsed(min) 0.03---
2026-10-01 09:42:11,784 - INFO - --- validation at epoch 100, val_loss 0.0101, val_mae 0.1097, val_rmse 0.1517, val_r2 0.7192, val_pearson 0.8600, lr 3.00e-04 ---
2026-10-01 09:42:11,784 - INFO - 
****************************************************************************************************
2026-10-01 09:42:13,607 - INFO - --- training epoch 101, loss 0.0106, mae 0.1089, rmse 0.1456, time elapsed(min) 0.03---
2026-10-01 09:42:13,837 - INFO - --- validation at epoch 101, val_loss 0.0103, val_mae 0.1104, val_rmse 0.1525, val_r2 0.7162, val_pearson 0.8609, lr 3.00e-04 ---
2026-10-01 09:42:13,837 - INFO - 
****************************************************************************************************
2026-10-01 09:42:15,767 - INFO - --- training epoch 102, loss 0.0106, mae 0.1090, rmse 0.1457, time elapsed(min) 0.03---
2026-10-01 09:42:16,186 - INFO - --- validation at epoch 102, val_loss 0.0105, val_mae 0.1127, val_rmse 0.1535, val_r2 0.7125, val_pearson 0.8612, lr 3.00e-04 ---
2026-10-01 09:42:16,186 - INFO - 
****************************************************************************************************
2026-10-01 09:42:18,242 - INFO - --- training epoch 103, loss 0.0104, mae 0.1074, rmse 0.1440, time elapsed(min) 0.03---
2026-10-01 09:42:18,474 - INFO - --- validation at epoch 103, val_loss 0.0096, val_mae 0.1073, val_rmse 0.1457, val_r2 0.7409, val_pearson 0.8618, lr 9.00e-05 ---
2026-10-01 09:42:18,474 - INFO - 
****************************************************************************************************
2026-10-01 09:42:20,479 - INFO - --- training epoch 104, loss 0.0103, mae 0.1073, rmse 0.1433, time elapsed(min) 0.03---
2026-10-01 09:42:20,713 - INFO - --- validation at epoch 104, val_loss 0.0094, val_mae 0.1064, val_rmse 0.1443, val_r2 0.7460, val_pearson 0.8655, lr 9.00e-05 ---
2026-10-01 09:42:20,713 - INFO - 
****************************************************************************************************
2026-10-01 09:42:22,744 - INFO - --- training epoch 105, loss 0.0103, mae 0.1073, rmse 0.1436, time elapsed(min) 0.03---
2026-10-01 09:42:23,132 - INFO - --- validation at epoch 105, val_loss 0.0094, val_mae 0.1064, val_rmse 0.1440, val_r2 0.7472, val_pearson 0.8660, lr 9.00e-05 ---
2026-10-01 09:42:23,132 - INFO - 
****************************************************************************************************
2026-10-01 09:42:25,325 - INFO - --- training epoch 106, loss 0.0103, mae 0.1068, rmse 0.1433, time elapsed(min) 0.03---
2026-10-01 09:42:25,553 - INFO - --- validation at epoch 106, val_loss 0.0092, val_mae 0.1055, val_rmse 0.1434, val_r2 0.7491, val_pearson 0.8671, lr 9.00e-05 ---
2026-10-01 09:42:25,553 - INFO - 
****************************************************************************************************
2026-10-01 09:42:27,479 - INFO - --- training epoch 107, loss 0.0102, mae 0.1069, rmse 0.1428, time elapsed(min) 0.03---
2026-10-01 09:42:27,708 - INFO - --- validation at epoch 107, val_loss 0.0092, val_mae 0.1056, val_rmse 0.1433, val_r2 0.7495, val_pearson 0.8681, lr 9.00e-05 ---
2026-10-01 09:42:27,708 - INFO - 
****************************************************************************************************
2026-10-01 09:42:29,662 - INFO - --- training epoch 108, loss 0.0102, mae 0.1066, rmse 0.1427, time elapsed(min) 0.03---
2026-10-01 09:42:30,040 - INFO - --- validation at epoch 108, val_loss 0.0093, val_mae 0.1059, val_rmse 0.1436, val_r2 0.7486, val_pearson 0.8670, lr 9.00e-05 ---
2026-10-01 09:42:30,040 - INFO - 
****************************************************************************************************
2026-10-01 09:42:32,120 - INFO - --- training epoch 109, loss 0.0103, mae 0.1074, rmse 0.1436, time elapsed(min) 0.03---
2026-10-01 09:42:32,350 - INFO - --- validation at epoch 109, val_loss 0.0090, val_mae 0.1046, val_rmse 0.1417, val_r2 0.7550, val_pearson 0.8702, lr 9.00e-05 ---
2026-10-01 09:42:32,350 - INFO - 
****************************************************************************************************
2026-10-01 09:42:34,276 - INFO - --- training epoch 110, loss 0.0100, mae 0.1059, rmse 0.1416, time elapsed(min) 0.03---
2026-10-01 09:42:34,506 - INFO - --- validation at epoch 110, val_loss 0.0091, val_mae 0.1049, val_rmse 0.1424, val_r2 0.7526, val_pearson 0.8697, lr 9.00e-05 ---
2026-10-01 09:42:34,506 - INFO - 
****************************************************************************************************
2026-10-01 09:42:36,495 - INFO - --- training epoch 111, loss 0.0100, mae 0.1058, rmse 0.1411, time elapsed(min) 0.03---
2026-10-01 09:42:36,869 - INFO - --- validation at epoch 111, val_loss 0.0093, val_mae 0.1058, val_rmse 0.1437, val_r2 0.7481, val_pearson 0.8684, lr 9.00e-05 ---
2026-10-01 09:42:36,869 - INFO - 
****************************************************************************************************
2026-10-01 09:42:38,838 - INFO - --- training epoch 112, loss 0.0101, mae 0.1067, rmse 0.1423, time elapsed(min) 0.03---
2026-10-01 09:42:39,266 - INFO - --- validation at epoch 112, val_loss 0.0093, val_mae 0.1053, val_rmse 0.1432, val_r2 0.7497, val_pearson 0.8680, lr 9.00e-05 ---
2026-10-01 09:42:39,266 - INFO - 
****************************************************************************************************
2026-10-01 09:42:41,236 - INFO - --- training epoch 113, loss 0.0101, mae 0.1063, rmse 0.1423, time elapsed(min) 0.03---
2026-10-01 09:42:41,471 - INFO - --- validation at epoch 113, val_loss 0.0092, val_mae 0.1048, val_rmse 0.1424, val_r2 0.7525, val_pearson 0.8701, lr 9.00e-05 ---
2026-10-01 09:42:41,471 - INFO - 
****************************************************************************************************
2026-10-01 09:42:43,310 - INFO - --- training epoch 114, loss 0.0102, mae 0.1068, rmse 0.1428, time elapsed(min) 0.03---
2026-10-01 09:42:43,540 - INFO - --- validation at epoch 114, val_loss 0.0092, val_mae 0.1050, val_rmse 0.1427, val_r2 0.7515, val_pearson 0.8690, lr 9.00e-05 ---
2026-10-01 09:42:43,540 - INFO - 
****************************************************************************************************
2026-10-01 09:42:45,480 - INFO - --- training epoch 115, loss 0.0100, mae 0.1056, rmse 0.1416, time elapsed(min) 0.03---
2026-10-01 09:42:45,885 - INFO - --- validation at epoch 115, val_loss 0.0090, val_mae 0.1038, val_rmse 0.1408, val_r2 0.7580, val_pearson 0.8722, lr 9.00e-05 ---
2026-10-01 09:42:45,885 - INFO - 
****************************************************************************************************
2026-10-01 09:42:47,957 - INFO - --- training epoch 116, loss 0.0101, mae 0.1060, rmse 0.1420, time elapsed(min) 0.03---
2026-10-01 09:42:48,232 - INFO - --- validation at epoch 116, val_loss 0.0092, val_mae 0.1049, val_rmse 0.1429, val_r2 0.7509, val_pearson 0.8695, lr 9.00e-05 ---
2026-10-01 09:42:48,232 - INFO - 
****************************************************************************************************
2026-10-01 09:42:50,075 - INFO - --- training epoch 117, loss 0.0099, mae 0.1052, rmse 0.1409, time elapsed(min) 0.03---
2026-10-01 09:42:50,301 - INFO - --- validation at epoch 117, val_loss 0.0093, val_mae 0.1056, val_rmse 0.1434, val_r2 0.7492, val_pearson 0.8689, lr 9.00e-05 ---
2026-10-01 09:42:50,302 - INFO - 
****************************************************************************************************
2026-10-01 09:42:52,154 - INFO - --- training epoch 118, loss 0.0101, mae 0.1058, rmse 0.1419, time elapsed(min) 0.03---
2026-10-01 09:42:52,545 - INFO - --- validation at epoch 118, val_loss 0.0093, val_mae 0.1046, val_rmse 0.1428, val_r2 0.7511, val_pearson 0.8698, lr 9.00e-05 ---
2026-10-01 09:42:52,545 - INFO - 
****************************************************************************************************
2026-10-01 09:42:54,690 - INFO - --- training epoch 119, loss 0.0102, mae 0.1068, rmse 0.1428, time elapsed(min) 0.03---
2026-10-01 09:42:54,965 - INFO - --- validation at epoch 119, val_loss 0.0091, val_mae 0.1038, val_rmse 0.1415, val_r2 0.7556, val_pearson 0.8705, lr 9.00e-05 ---
2026-10-01 09:42:54,965 - INFO - 
****************************************************************************************************
2026-10-01 09:42:56,826 - INFO - --- training epoch 120, loss 0.0101, mae 0.1057, rmse 0.1419, time elapsed(min) 0.03---
2026-10-01 09:42:57,052 - INFO - --- validation at epoch 120, val_loss 0.0089, val_mae 0.1038, val_rmse 0.1404, val_r2 0.7594, val_pearson 0.8732, lr 9.00e-05 ---
2026-10-01 09:42:57,052 - INFO - 
****************************************************************************************************
2026-10-01 09:42:58,986 - INFO - --- training epoch 121, loss 0.0100, mae 0.1055, rmse 0.1416, time elapsed(min) 0.03---
2026-10-01 09:42:59,361 - INFO - --- validation at epoch 121, val_loss 0.0091, val_mae 0.1042, val_rmse 0.1420, val_r2 0.7540, val_pearson 0.8704, lr 9.00e-05 ---
2026-10-01 09:42:59,361 - INFO - 
****************************************************************************************************
2026-10-01 09:43:01,310 - INFO - --- training epoch 122, loss 0.0099, mae 0.1049, rmse 0.1407, time elapsed(min) 0.03---
2026-10-01 09:43:01,774 - INFO - --- validation at epoch 122, val_loss 0.0091, val_mae 0.1045, val_rmse 0.1431, val_r2 0.7502, val_pearson 0.8707, lr 9.00e-05 ---
2026-10-01 09:43:01,774 - INFO - 
****************************************************************************************************
2026-10-01 09:43:03,782 - INFO - --- training epoch 123, loss 0.0098, mae 0.1043, rmse 0.1398, time elapsed(min) 0.03---
2026-10-01 09:43:04,010 - INFO - --- validation at epoch 123, val_loss 0.0093, val_mae 0.1052, val_rmse 0.1454, val_r2 0.7422, val_pearson 0.8678, lr 9.00e-05 ---
2026-10-01 09:43:04,010 - INFO - 
****************************************************************************************************
2026-10-01 09:43:06,095 - INFO - --- training epoch 124, loss 0.0099, mae 0.1051, rmse 0.1410, time elapsed(min) 0.03---
2026-10-01 09:43:06,321 - INFO - --- validation at epoch 124, val_loss 0.0092, val_mae 0.1045, val_rmse 0.1419, val_r2 0.7544, val_pearson 0.8715, lr 9.00e-05 ---
2026-10-01 09:43:06,321 - INFO - 
****************************************************************************************************
2026-10-01 09:43:08,388 - INFO - --- training epoch 125, loss 0.0101, mae 0.1052, rmse 0.1420, time elapsed(min) 0.03---
2026-10-01 09:43:08,811 - INFO - --- validation at epoch 125, val_loss 0.0092, val_mae 0.1053, val_rmse 0.1428, val_r2 0.7510, val_pearson 0.8696, lr 9.00e-05 ---
2026-10-01 09:43:08,812 - INFO - 
****************************************************************************************************
2026-10-01 09:43:10,868 - INFO - --- training epoch 126, loss 0.0100, mae 0.1059, rmse 0.1417, time elapsed(min) 0.03---
2026-10-01 09:43:11,096 - INFO - --- validation at epoch 126, val_loss 0.0089, val_mae 0.1029, val_rmse 0.1404, val_r2 0.7594, val_pearson 0.8740, lr 9.00e-05 ---
2026-10-01 09:43:11,096 - INFO - 
****************************************************************************************************
2026-10-01 09:43:13,031 - INFO - --- training epoch 127, loss 0.0101, mae 0.1053, rmse 0.1420, time elapsed(min) 0.03---
2026-10-01 09:43:13,258 - INFO - --- validation at epoch 127, val_loss 0.0089, val_mae 0.1031, val_rmse 0.1403, val_r2 0.7600, val_pearson 0.8732, lr 9.00e-05 ---
2026-10-01 09:43:13,258 - INFO - 
****************************************************************************************************
2026-10-01 09:43:15,196 - INFO - --- training epoch 128, loss 0.0098, mae 0.1044, rmse 0.1401, time elapsed(min) 0.03---
2026-10-01 09:43:15,631 - INFO - --- validation at epoch 128, val_loss 0.0089, val_mae 0.1036, val_rmse 0.1411, val_r2 0.7571, val_pearson 0.8729, lr 9.00e-05 ---
2026-10-01 09:43:15,631 - INFO - 
****************************************************************************************************
2026-10-01 09:43:17,703 - INFO - --- training epoch 129, loss 0.0099, mae 0.1050, rmse 0.1408, time elapsed(min) 0.03---
2026-10-01 09:43:17,928 - INFO - --- validation at epoch 129, val_loss 0.0092, val_mae 0.1037, val_rmse 0.1425, val_r2 0.7523, val_pearson 0.8706, lr 9.00e-05 ---
2026-10-01 09:43:17,928 - INFO - 
****************************************************************************************************
2026-10-01 09:43:19,809 - INFO - --- training epoch 130, loss 0.0098, mae 0.1043, rmse 0.1399, time elapsed(min) 0.03---
2026-10-01 09:43:20,047 - INFO - --- validation at epoch 130, val_loss 0.0090, val_mae 0.1036, val_rmse 0.1422, val_r2 0.7531, val_pearson 0.8717, lr 9.00e-05 ---
2026-10-01 09:43:20,047 - INFO - 
****************************************************************************************************
2026-10-01 09:43:21,980 - INFO - --- training epoch 131, loss 0.0099, mae 0.1051, rmse 0.1408, time elapsed(min) 0.03---
2026-10-01 09:43:22,363 - INFO - --- validation at epoch 131, val_loss 0.0091, val_mae 0.1039, val_rmse 0.1416, val_r2 0.7552, val_pearson 0.8716, lr 9.00e-05 ---
2026-10-01 09:43:22,363 - INFO - 
****************************************************************************************************
2026-10-01 09:43:24,501 - INFO - --- training epoch 132, loss 0.0098, mae 0.1039, rmse 0.1400, time elapsed(min) 0.03---
2026-10-01 09:43:24,736 - INFO - --- validation at epoch 132, val_loss 0.0089, val_mae 0.1032, val_rmse 0.1413, val_r2 0.7563, val_pearson 0.8730, lr 9.00e-05 ---
2026-10-01 09:43:24,736 - INFO - 
****************************************************************************************************
2026-10-01 09:43:26,571 - INFO - --- training epoch 133, loss 0.0098, mae 0.1040, rmse 0.1397, time elapsed(min) 0.03---
2026-10-01 09:43:26,822 - INFO - --- validation at epoch 133, val_loss 0.0090, val_mae 0.1039, val_rmse 0.1420, val_r2 0.7541, val_pearson 0.8714, lr 9.00e-05 ---
2026-10-01 09:43:26,822 - INFO - 
****************************************************************************************************
2026-10-01 09:43:28,684 - INFO - --- training epoch 134, loss 0.0096, mae 0.1034, rmse 0.1388, time elapsed(min) 0.03---
2026-10-01 09:43:28,924 - INFO - --- validation at epoch 134, val_loss 0.0090, val_mae 0.1031, val_rmse 0.1405, val_r2 0.7590, val_pearson 0.8732, lr 9.00e-05 ---
2026-10-01 09:43:28,924 - INFO - 
****************************************************************************************************
2026-10-01 09:43:30,877 - INFO - --- training epoch 135, loss 0.0097, mae 0.1043, rmse 0.1394, time elapsed(min) 0.03---
2026-10-01 09:43:31,306 - INFO - --- validation at epoch 135, val_loss 0.0091, val_mae 0.1043, val_rmse 0.1423, val_r2 0.7529, val_pearson 0.8699, lr 9.00e-05 ---
2026-10-01 09:43:31,306 - INFO - 
****************************************************************************************************
2026-10-01 09:43:33,265 - INFO - --- training epoch 136, loss 0.0098, mae 0.1043, rmse 0.1401, time elapsed(min) 0.03---
2026-10-01 09:43:33,491 - INFO - --- validation at epoch 136, val_loss 0.0090, val_mae 0.1033, val_rmse 0.1415, val_r2 0.7556, val_pearson 0.8717, lr 9.00e-05 ---
2026-10-01 09:43:33,491 - INFO - 
****************************************************************************************************
2026-10-01 09:43:35,411 - INFO - --- training epoch 137, loss 0.0096, mae 0.1032, rmse 0.1386, time elapsed(min) 0.03---
2026-10-01 09:43:35,647 - INFO - --- validation at epoch 137, val_loss 0.0092, val_mae 0.1044, val_rmse 0.1437, val_r2 0.7480, val_pearson 0.8688, lr 9.00e-05 ---
2026-10-01 09:43:35,647 - INFO - 
****************************************************************************************************
2026-10-01 09:43:37,649 - INFO - --- training epoch 138, loss 0.0096, mae 0.1029, rmse 0.1387, time elapsed(min) 0.03---
2026-10-01 09:43:38,048 - INFO - --- validation at epoch 138, val_loss 0.0088, val_mae 0.1022, val_rmse 0.1410, val_r2 0.7574, val_pearson 0.8754, lr 2.70e-05 ---
2026-10-01 09:43:38,048 - INFO - 
****************************************************************************************************
2026-10-01 09:43:40,346 - INFO - --- training epoch 139, loss 0.0093, mae 0.1015, rmse 0.1365, time elapsed(min) 0.03---
2026-10-01 09:43:40,599 - INFO - --- validation at epoch 139, val_loss 0.0087, val_mae 0.1015, val_rmse 0.1402, val_r2 0.7600, val_pearson 0.8758, lr 2.70e-05 ---
2026-10-01 09:43:40,599 - INFO - 
****************************************************************************************************
2026-10-01 09:43:42,528 - INFO - --- training epoch 140, loss 0.0092, mae 0.1008, rmse 0.1360, time elapsed(min) 0.03---
2026-10-01 09:43:42,760 - INFO - --- validation at epoch 140, val_loss 0.0087, val_mae 0.1017, val_rmse 0.1404, val_r2 0.7596, val_pearson 0.8755, lr 2.70e-05 ---
2026-10-01 09:43:42,761 - INFO - 
****************************************************************************************************
2026-10-01 09:43:45,007 - INFO - --- training epoch 141, loss 0.0093, mae 0.1012, rmse 0.1362, time elapsed(min) 0.03---
2026-10-01 09:43:45,394 - INFO - --- validation at epoch 141, val_loss 0.0087, val_mae 0.1017, val_rmse 0.1398, val_r2 0.7616, val_pearson 0.8762, lr 2.70e-05 ---
2026-10-01 09:43:45,394 - INFO - 
****************************************************************************************************
2026-10-01 09:43:47,463 - INFO - --- training epoch 142, loss 0.0094, mae 0.1019, rmse 0.1371, time elapsed(min) 0.03---
2026-10-01 09:43:47,695 - INFO - --- validation at epoch 142, val_loss 0.0086, val_mae 0.1010, val_rmse 0.1388, val_r2 0.7651, val_pearson 0.8774, lr 2.70e-05 ---
2026-10-01 09:43:47,695 - INFO - 
****************************************************************************************************
2026-10-01 09:43:49,626 - INFO - --- training epoch 143, loss 0.0093, mae 0.1017, rmse 0.1367, time elapsed(min) 0.03---
2026-10-01 09:43:49,861 - INFO - --- validation at epoch 143, val_loss 0.0086, val_mae 0.1014, val_rmse 0.1399, val_r2 0.7614, val_pearson 0.8759, lr 2.70e-05 ---
2026-10-01 09:43:49,861 - INFO - 
****************************************************************************************************
2026-10-01 09:43:51,800 - INFO - --- training epoch 144, loss 0.0094, mae 0.1018, rmse 0.1374, time elapsed(min) 0.03---
2026-10-01 09:43:52,030 - INFO - --- validation at epoch 144, val_loss 0.0087, val_mae 0.1014, val_rmse 0.1395, val_r2 0.7626, val_pearson 0.8766, lr 2.70e-05 ---
2026-10-01 09:43:52,030 - INFO - 
****************************************************************************************************
2026-10-01 09:43:54,040 - INFO - --- training epoch 145, loss 0.0094, mae 0.1015, rmse 0.1368, time elapsed(min) 0.03---
2026-10-01 09:43:54,455 - INFO - --- validation at epoch 145, val_loss 0.0088, val_mae 0.1020, val_rmse 0.1404, val_r2 0.7596, val_pearson 0.8756, lr 2.70e-05 ---
2026-10-01 09:43:54,455 - INFO - 
****************************************************************************************************
2026-10-01 09:43:56,419 - INFO - --- training epoch 146, loss 0.0095, mae 0.1021, rmse 0.1376, time elapsed(min) 0.03---
2026-10-01 09:43:56,678 - INFO - --- validation at epoch 146, val_loss 0.0086, val_mae 0.1010, val_rmse 0.1391, val_r2 0.7639, val_pearson 0.8772, lr 2.70e-05 ---
2026-10-01 09:43:56,678 - INFO - 
****************************************************************************************************
2026-10-01 09:43:58,497 - INFO - --- training epoch 147, loss 0.0093, mae 0.1019, rmse 0.1367, time elapsed(min) 0.03---
2026-10-01 09:43:58,728 - INFO - --- validation at epoch 147, val_loss 0.0087, val_mae 0.1010, val_rmse 0.1394, val_r2 0.7629, val_pearson 0.8765, lr 2.70e-05 ---
2026-10-01 09:43:58,728 - INFO - 
****************************************************************************************************
2026-10-01 09:44:00,663 - INFO - --- training epoch 148, loss 0.0094, mae 0.1020, rmse 0.1369, time elapsed(min) 0.03---
2026-10-01 09:44:01,082 - INFO - --- validation at epoch 148, val_loss 0.0085, val_mae 0.1006, val_rmse 0.1387, val_r2 0.7654, val_pearson 0.8781, lr 2.70e-05 ---
2026-10-01 09:44:01,082 - INFO - 
****************************************************************************************************
2026-10-01 09:44:03,241 - INFO - --- training epoch 149, loss 0.0094, mae 0.1011, rmse 0.1368, time elapsed(min) 0.03---
2026-10-01 09:44:03,482 - INFO - --- validation at epoch 149, val_loss 0.0086, val_mae 0.1011, val_rmse 0.1397, val_r2 0.7620, val_pearson 0.8766, lr 2.70e-05 ---
2026-10-01 09:44:03,482 - INFO - 
****************************************************************************************************
2026-10-01 09:44:05,365 - INFO - --- training epoch 150, loss 0.0095, mae 0.1024, rmse 0.1378, time elapsed(min) 0.03---
2026-10-01 09:44:05,598 - INFO - --- validation at epoch 150, val_loss 0.0085, val_mae 0.1005, val_rmse 0.1387, val_r2 0.7651, val_pearson 0.8780, lr 2.70e-05 ---
2026-10-01 09:44:05,598 - INFO - 
****************************************************************************************************
2026-10-01 09:44:07,456 - INFO - --- training epoch 151, loss 0.0093, mae 0.1018, rmse 0.1367, time elapsed(min) 0.03---
2026-10-01 09:44:07,824 - INFO - --- validation at epoch 151, val_loss 0.0085, val_mae 0.1010, val_rmse 0.1389, val_r2 0.7648, val_pearson 0.8777, lr 2.70e-05 ---
2026-10-01 09:44:07,825 - INFO - 
****************************************************************************************************
2026-10-01 09:44:09,999 - INFO - --- training epoch 152, loss 0.0093, mae 0.1011, rmse 0.1362, time elapsed(min) 0.03---
2026-10-01 09:44:10,228 - INFO - --- validation at epoch 152, val_loss 0.0085, val_mae 0.1007, val_rmse 0.1384, val_r2 0.7662, val_pearson 0.8779, lr 2.70e-05 ---
2026-10-01 09:44:10,228 - INFO - 
****************************************************************************************************
2026-10-01 09:44:12,156 - INFO - --- training epoch 153, loss 0.0092, mae 0.1014, rmse 0.1359, time elapsed(min) 0.03---
2026-10-01 09:44:12,385 - INFO - --- validation at epoch 153, val_loss 0.0085, val_mae 0.1009, val_rmse 0.1389, val_r2 0.7647, val_pearson 0.8781, lr 2.70e-05 ---
2026-10-01 09:44:12,385 - INFO - 
****************************************************************************************************
2026-10-01 09:44:14,236 - INFO - --- training epoch 154, loss 0.0093, mae 0.1012, rmse 0.1362, time elapsed(min) 0.03---
2026-10-01 09:44:14,608 - INFO - --- validation at epoch 154, val_loss 0.0085, val_mae 0.1006, val_rmse 0.1386, val_r2 0.7655, val_pearson 0.8770, lr 2.70e-05 ---
2026-10-01 09:44:14,608 - INFO - 
****************************************************************************************************
2026-10-01 09:44:16,576 - INFO - --- training epoch 155, loss 0.0093, mae 0.1016, rmse 0.1367, time elapsed(min) 0.03---
2026-10-01 09:44:16,993 - INFO - --- validation at epoch 155, val_loss 0.0086, val_mae 0.1007, val_rmse 0.1386, val_r2 0.7655, val_pearson 0.8776, lr 2.70e-05 ---
2026-10-01 09:44:16,993 - INFO - 
****************************************************************************************************
2026-10-01 09:44:18,990 - INFO - --- training epoch 156, loss 0.0091, mae 0.1004, rmse 0.1351, time elapsed(min) 0.03---
2026-10-01 09:44:19,223 - INFO - --- validation at epoch 156, val_loss 0.0086, val_mae 0.1009, val_rmse 0.1393, val_r2 0.7631, val_pearson 0.8773, lr 2.70e-05 ---
2026-10-01 09:44:19,223 - INFO - 
****************************************************************************************************
2026-10-01 09:44:21,073 - INFO - --- training epoch 157, loss 0.0093, mae 0.1012, rmse 0.1364, time elapsed(min) 0.03---
2026-10-01 09:44:21,295 - INFO - --- validation at epoch 157, val_loss 0.0085, val_mae 0.1005, val_rmse 0.1389, val_r2 0.7647, val_pearson 0.8786, lr 2.70e-05 ---
2026-10-01 09:44:21,295 - INFO - 
****************************************************************************************************
2026-10-01 09:44:23,271 - INFO - --- training epoch 158, loss 0.0094, mae 0.1017, rmse 0.1370, time elapsed(min) 0.03---
2026-10-01 09:44:23,718 - INFO - --- validation at epoch 158, val_loss 0.0084, val_mae 0.1001, val_rmse 0.1382, val_r2 0.7669, val_pearson 0.8787, lr 2.70e-05 ---
2026-10-01 09:44:23,718 - INFO - 
****************************************************************************************************
2026-10-01 09:44:25,818 - INFO - --- training epoch 159, loss 0.0093, mae 0.1009, rmse 0.1361, time elapsed(min) 0.03---
2026-10-01 09:44:26,046 - INFO - --- validation at epoch 159, val_loss 0.0084, val_mae 0.1004, val_rmse 0.1381, val_r2 0.7672, val_pearson 0.8790, lr 2.70e-05 ---
2026-10-01 09:44:26,046 - INFO - 
****************************************************************************************************
2026-10-01 09:44:27,978 - INFO - --- training epoch 160, loss 0.0094, mae 0.1016, rmse 0.1370, time elapsed(min) 0.03---
2026-10-01 09:44:28,354 - INFO - --- validation at epoch 160, val_loss 0.0086, val_mae 0.1006, val_rmse 0.1390, val_r2 0.7643, val_pearson 0.8776, lr 2.70e-05 ---
2026-10-01 09:44:28,354 - INFO - 
****************************************************************************************************
2026-10-01 09:44:30,250 - INFO - --- training epoch 161, loss 0.0093, mae 0.1010, rmse 0.1364, time elapsed(min) 0.03---
2026-10-01 09:44:30,683 - INFO - --- validation at epoch 161, val_loss 0.0085, val_mae 0.1003, val_rmse 0.1383, val_r2 0.7667, val_pearson 0.8783, lr 2.70e-05 ---
2026-10-01 09:44:30,683 - INFO - 
****************************************************************************************************
2026-10-01 09:44:32,683 - INFO - --- training epoch 162, loss 0.0092, mae 0.1008, rmse 0.1354, time elapsed(min) 0.03---
2026-10-01 09:44:32,910 - INFO - --- validation at epoch 162, val_loss 0.0085, val_mae 0.1001, val_rmse 0.1384, val_r2 0.7663, val_pearson 0.8788, lr 2.70e-05 ---
2026-10-01 09:44:32,910 - INFO - 
****************************************************************************************************
2026-10-01 09:44:34,761 - INFO - --- training epoch 163, loss 0.0092, mae 0.1007, rmse 0.1360, time elapsed(min) 0.03---
2026-10-01 09:44:34,999 - INFO - --- validation at epoch 163, val_loss 0.0087, val_mae 0.1013, val_rmse 0.1394, val_r2 0.7630, val_pearson 0.8767, lr 2.70e-05 ---
2026-10-01 09:44:34,999 - INFO - 
****************************************************************************************************
2026-10-01 09:44:36,959 - INFO - --- training epoch 164, loss 0.0092, mae 0.1008, rmse 0.1357, time elapsed(min) 0.03---
2026-10-01 09:44:37,386 - INFO - --- validation at epoch 164, val_loss 0.0084, val_mae 0.1001, val_rmse 0.1379, val_r2 0.7679, val_pearson 0.8793, lr 2.70e-05 ---
2026-10-01 09:44:37,386 - INFO - 
****************************************************************************************************
2026-10-01 09:44:39,370 - INFO - --- training epoch 165, loss 0.0092, mae 0.1008, rmse 0.1355, time elapsed(min) 0.03---
2026-10-01 09:44:39,604 - INFO - --- validation at epoch 165, val_loss 0.0085, val_mae 0.1004, val_rmse 0.1385, val_r2 0.7659, val_pearson 0.8779, lr 2.70e-05 ---
2026-10-01 09:44:39,604 - INFO - 
****************************************************************************************************
2026-10-01 09:44:41,441 - INFO - --- training epoch 166, loss 0.0094, mae 0.1018, rmse 0.1368, time elapsed(min) 0.03---
2026-10-01 09:44:41,677 - INFO - --- validation at epoch 166, val_loss 0.0085, val_mae 0.1003, val_rmse 0.1386, val_r2 0.7656, val_pearson 0.8783, lr 2.70e-05 ---
2026-10-01 09:44:41,677 - INFO - 
****************************************************************************************************
2026-10-01 09:44:43,533 - INFO - --- training epoch 167, loss 0.0090, mae 0.0995, rmse 0.1339, time elapsed(min) 0.03---
2026-10-01 09:44:43,939 - INFO - --- validation at epoch 167, val_loss 0.0085, val_mae 0.1002, val_rmse 0.1383, val_r2 0.7668, val_pearson 0.8787, lr 2.70e-05 ---
2026-10-01 09:44:43,939 - INFO - 
****************************************************************************************************
2026-10-01 09:44:46,011 - INFO - --- training epoch 168, loss 0.0092, mae 0.1009, rmse 0.1358, time elapsed(min) 0.03---
2026-10-01 09:44:46,238 - INFO - --- validation at epoch 168, val_loss 0.0085, val_mae 0.1003, val_rmse 0.1386, val_r2 0.7658, val_pearson 0.8779, lr 2.70e-05 ---
2026-10-01 09:44:46,238 - INFO - 
****************************************************************************************************
2026-10-01 09:44:48,077 - INFO - --- training epoch 169, loss 0.0091, mae 0.1007, rmse 0.1352, time elapsed(min) 0.03---
2026-10-01 09:44:48,312 - INFO - --- validation at epoch 169, val_loss 0.0085, val_mae 0.1000, val_rmse 0.1383, val_r2 0.7665, val_pearson 0.8792, lr 2.70e-05 ---
2026-10-01 09:44:48,312 - INFO - 
****************************************************************************************************
2026-10-01 09:44:50,182 - INFO - --- training epoch 170, loss 0.0093, mae 0.1016, rmse 0.1363, time elapsed(min) 0.03---
2026-10-01 09:44:50,589 - INFO - --- validation at epoch 170, val_loss 0.0085, val_mae 0.1002, val_rmse 0.1378, val_r2 0.7683, val_pearson 0.8786, lr 2.70e-05 ---
2026-10-01 09:44:50,589 - INFO - 
****************************************************************************************************
2026-10-01 09:44:52,674 - INFO - --- training epoch 171, loss 0.0090, mae 0.0997, rmse 0.1340, time elapsed(min) 0.03---
2026-10-01 09:44:52,904 - INFO - --- validation at epoch 171, val_loss 0.0084, val_mae 0.0999, val_rmse 0.1380, val_r2 0.7677, val_pearson 0.8791, lr 8.10e-06 ---
2026-10-01 09:44:52,904 - INFO - 
****************************************************************************************************
2026-10-01 09:44:54,865 - INFO - --- training epoch 172, loss 0.0090, mae 0.0995, rmse 0.1342, time elapsed(min) 0.03---
2026-10-01 09:44:55,100 - INFO - --- validation at epoch 172, val_loss 0.0084, val_mae 0.0999, val_rmse 0.1381, val_r2 0.7674, val_pearson 0.8792, lr 8.10e-06 ---
2026-10-01 09:44:55,100 - INFO - 
****************************************************************************************************
2026-10-01 09:44:57,121 - INFO - --- training epoch 173, loss 0.0091, mae 0.1002, rmse 0.1348, time elapsed(min) 0.03---
2026-10-01 09:44:57,509 - INFO - --- validation at epoch 173, val_loss 0.0084, val_mae 0.0998, val_rmse 0.1381, val_r2 0.7672, val_pearson 0.8791, lr 8.10e-06 ---
2026-10-01 09:44:57,509 - INFO - 
****************************************************************************************************
2026-10-01 09:44:59,635 - INFO - --- training epoch 174, loss 0.0090, mae 0.0994, rmse 0.1343, time elapsed(min) 0.03---
2026-10-01 09:44:59,869 - INFO - --- validation at epoch 174, val_loss 0.0084, val_mae 0.0998, val_rmse 0.1380, val_r2 0.7677, val_pearson 0.8793, lr 8.10e-06 ---
2026-10-01 09:44:59,869 - INFO - 
****************************************************************************************************
2026-10-01 09:45:01,800 - INFO - --- training epoch 175, loss 0.0090, mae 0.0997, rmse 0.1344, time elapsed(min) 0.03---
2026-10-01 09:45:02,032 - INFO - --- validation at epoch 175, val_loss 0.0084, val_mae 0.0999, val_rmse 0.1383, val_r2 0.7667, val_pearson 0.8788, lr 8.10e-06 ---
2026-10-01 09:45:02,032 - INFO - 
****************************************************************************************************
2026-10-01 09:45:03,965 - INFO - --- training epoch 176, loss 0.0090, mae 0.0996, rmse 0.1345, time elapsed(min) 0.03---
2026-10-01 09:45:04,346 - INFO - --- validation at epoch 176, val_loss 0.0083, val_mae 0.0995, val_rmse 0.1374, val_r2 0.7698, val_pearson 0.8796, lr 8.10e-06 ---
2026-10-01 09:45:04,346 - INFO - 
****************************************************************************************************
2026-10-01 09:45:06,466 - INFO - --- training epoch 177, loss 0.0091, mae 0.0999, rmse 0.1346, time elapsed(min) 0.03---
2026-10-01 09:45:07,029 - INFO - --- validation at epoch 177, val_loss 0.0084, val_mae 0.0997, val_rmse 0.1380, val_r2 0.7678, val_pearson 0.8792, lr 8.10e-06 ---
2026-10-01 09:45:07,029 - INFO - 
****************************************************************************************************
2026-10-01 09:45:08,875 - INFO - --- training epoch 178, loss 0.0090, mae 0.1000, rmse 0.1344, time elapsed(min) 0.03---
2026-10-01 09:45:09,120 - INFO - --- validation at epoch 178, val_loss 0.0084, val_mae 0.0999, val_rmse 0.1382, val_r2 0.7670, val_pearson 0.8790, lr 8.10e-06 ---
2026-10-01 09:45:09,120 - INFO - 
****************************************************************************************************
2026-10-01 09:45:10,997 - INFO - --- training epoch 179, loss 0.0091, mae 0.1007, rmse 0.1347, time elapsed(min) 0.03---
2026-10-01 09:45:11,223 - INFO - --- validation at epoch 179, val_loss 0.0083, val_mae 0.0995, val_rmse 0.1375, val_r2 0.7695, val_pearson 0.8797, lr 8.10e-06 ---
2026-10-01 09:45:11,224 - INFO - 
****************************************************************************************************
2026-10-01 09:45:13,159 - INFO - --- training epoch 180, loss 0.0091, mae 0.1000, rmse 0.1347, time elapsed(min) 0.03---
2026-10-01 09:45:13,584 - INFO - --- validation at epoch 180, val_loss 0.0084, val_mae 0.0999, val_rmse 0.1382, val_r2 0.7670, val_pearson 0.8791, lr 8.10e-06 ---
2026-10-01 09:45:13,585 - INFO - 
****************************************************************************************************
2026-10-01 09:45:15,573 - INFO - --- training epoch 181, loss 0.0091, mae 0.0997, rmse 0.1346, time elapsed(min) 0.03---
2026-10-01 09:45:15,804 - INFO - --- validation at epoch 181, val_loss 0.0084, val_mae 0.0996, val_rmse 0.1378, val_r2 0.7684, val_pearson 0.8793, lr 8.10e-06 ---
2026-10-01 09:45:15,804 - INFO - 
****************************************************************************************************
2026-10-01 09:45:17,647 - INFO - --- training epoch 182, loss 0.0091, mae 0.1004, rmse 0.1346, time elapsed(min) 0.03---
2026-10-01 09:45:17,879 - INFO - --- validation at epoch 182, val_loss 0.0084, val_mae 0.0999, val_rmse 0.1382, val_r2 0.7670, val_pearson 0.8789, lr 8.10e-06 ---
2026-10-01 09:45:17,879 - INFO - 
****************************************************************************************************
2026-10-01 09:45:19,738 - INFO - --- training epoch 183, loss 0.0092, mae 0.1009, rmse 0.1356, time elapsed(min) 0.03---
2026-10-01 09:45:20,164 - INFO - --- validation at epoch 183, val_loss 0.0084, val_mae 0.0999, val_rmse 0.1382, val_r2 0.7671, val_pearson 0.8787, lr 8.10e-06 ---
2026-10-01 09:45:20,165 - INFO - 
****************************************************************************************************
2026-10-01 09:45:22,332 - INFO - --- training epoch 184, loss 0.0089, mae 0.0989, rmse 0.1330, time elapsed(min) 0.03---
2026-10-01 09:45:22,567 - INFO - --- validation at epoch 184, val_loss 0.0084, val_mae 0.1000, val_rmse 0.1382, val_r2 0.7670, val_pearson 0.8790, lr 8.10e-06 ---
2026-10-01 09:45:22,567 - INFO - 
****************************************************************************************************
2026-10-01 09:45:24,403 - INFO - --- training epoch 185, loss 0.0090, mae 0.0998, rmse 0.1343, time elapsed(min) 0.03---
2026-10-01 09:45:24,659 - INFO - --- validation at epoch 185, val_loss 0.0085, val_mae 0.1001, val_rmse 0.1388, val_r2 0.7649, val_pearson 0.8783, lr 8.10e-06 ---
2026-10-01 09:45:24,659 - INFO - 
****************************************************************************************************
2026-10-01 09:45:26,495 - INFO - --- training epoch 186, loss 0.0090, mae 0.0997, rmse 0.1341, time elapsed(min) 0.03---
2026-10-01 09:45:26,892 - INFO - --- validation at epoch 186, val_loss 0.0084, val_mae 0.0996, val_rmse 0.1377, val_r2 0.7688, val_pearson 0.8792, lr 8.10e-06 ---
2026-10-01 09:45:26,892 - INFO - 
****************************************************************************************************
2026-10-01 09:45:29,030 - INFO - --- training epoch 187, loss 0.0092, mae 0.1003, rmse 0.1353, time elapsed(min) 0.03---
2026-10-01 09:45:29,257 - INFO - --- validation at epoch 187, val_loss 0.0083, val_mae 0.0995, val_rmse 0.1375, val_r2 0.7695, val_pearson 0.8795, lr 8.10e-06 ---
2026-10-01 09:45:29,257 - INFO - 
****************************************************************************************************
2026-10-01 09:45:31,065 - INFO - --- training epoch 188, loss 0.0089, mae 0.0990, rmse 0.1336, time elapsed(min) 0.03---
2026-10-01 09:45:31,297 - INFO - --- validation at epoch 188, val_loss 0.0083, val_mae 0.0996, val_rmse 0.1377, val_r2 0.7688, val_pearson 0.8794, lr 2.43e-06 ---
2026-10-01 09:45:31,297 - INFO - 
****************************************************************************************************
2026-10-01 09:45:33,134 - INFO - --- training epoch 189, loss 0.0090, mae 0.0997, rmse 0.1340, time elapsed(min) 0.03---
2026-10-01 09:45:33,493 - INFO - --- validation at epoch 189, val_loss 0.0084, val_mae 0.0996, val_rmse 0.1378, val_r2 0.7683, val_pearson 0.8793, lr 2.43e-06 ---
2026-10-01 09:45:33,493 - INFO - 
****************************************************************************************************
2026-10-01 09:45:35,732 - INFO - --- training epoch 190, loss 0.0091, mae 0.1001, rmse 0.1346, time elapsed(min) 0.03---
2026-10-01 09:45:35,960 - INFO - --- validation at epoch 190, val_loss 0.0083, val_mae 0.0996, val_rmse 0.1379, val_r2 0.7681, val_pearson 0.8793, lr 2.43e-06 ---
2026-10-01 09:45:35,960 - INFO - 
****************************************************************************************************
2026-10-01 09:45:37,785 - INFO - --- training epoch 191, loss 0.0091, mae 0.1006, rmse 0.1351, time elapsed(min) 0.03---
2026-10-01 09:45:38,016 - INFO - --- validation at epoch 191, val_loss 0.0084, val_mae 0.0997, val_rmse 0.1379, val_r2 0.7679, val_pearson 0.8794, lr 2.43e-06 ---
2026-10-01 09:45:38,016 - INFO - 
****************************************************************************************************
2026-10-01 09:45:39,949 - INFO - --- training epoch 192, loss 0.0089, mae 0.0988, rmse 0.1333, time elapsed(min) 0.03---
2026-10-01 09:45:40,177 - INFO - --- validation at epoch 192, val_loss 0.0083, val_mae 0.0996, val_rmse 0.1379, val_r2 0.7681, val_pearson 0.8795, lr 2.43e-06 ---
2026-10-01 09:45:40,177 - INFO - 
****************************************************************************************************
2026-10-01 09:45:42,192 - INFO - --- training epoch 193, loss 0.0090, mae 0.0996, rmse 0.1345, time elapsed(min) 0.03---
2026-10-01 09:45:42,602 - INFO - --- validation at epoch 193, val_loss 0.0083, val_mae 0.0995, val_rmse 0.1377, val_r2 0.7687, val_pearson 0.8796, lr 2.43e-06 ---
2026-10-01 09:45:42,602 - INFO - 
****************************************************************************************************
2026-10-01 09:45:44,554 - INFO - --- training epoch 194, loss 0.0091, mae 0.1000, rmse 0.1347, time elapsed(min) 0.03---
2026-10-01 09:45:44,782 - INFO - --- validation at epoch 194, val_loss 0.0083, val_mae 0.0996, val_rmse 0.1377, val_r2 0.7685, val_pearson 0.8796, lr 2.43e-06 ---
2026-10-01 09:45:44,782 - INFO - 
****************************************************************************************************
2026-10-01 09:45:46,603 - INFO - --- training epoch 195, loss 0.0090, mae 0.0993, rmse 0.1341, time elapsed(min) 0.03---
2026-10-01 09:45:46,829 - INFO - --- validation at epoch 195, val_loss 0.0083, val_mae 0.0996, val_rmse 0.1376, val_r2 0.7689, val_pearson 0.8795, lr 2.43e-06 ---
2026-10-01 09:45:46,829 - INFO - 
****************************************************************************************************
2026-10-01 09:45:48,798 - INFO - --- training epoch 196, loss 0.0091, mae 0.1006, rmse 0.1349, time elapsed(min) 0.03---
2026-10-01 09:45:49,222 - INFO - --- validation at epoch 196, val_loss 0.0083, val_mae 0.0995, val_rmse 0.1377, val_r2 0.7688, val_pearson 0.8795, lr 2.43e-06 ---
2026-10-01 09:45:49,222 - INFO - 
****************************************************************************************************
2026-10-01 09:45:51,328 - INFO - --- training epoch 197, loss 0.0089, mae 0.0990, rmse 0.1337, time elapsed(min) 0.03---
2026-10-01 09:45:51,557 - INFO - --- validation at epoch 197, val_loss 0.0083, val_mae 0.0995, val_rmse 0.1377, val_r2 0.7686, val_pearson 0.8796, lr 2.43e-06 ---
2026-10-01 09:45:51,557 - INFO - 
****************************************************************************************************
2026-10-01 09:45:53,381 - INFO - --- training epoch 198, loss 0.0090, mae 0.0991, rmse 0.1338, time elapsed(min) 0.03---
2026-10-01 09:45:53,606 - INFO - --- validation at epoch 198, val_loss 0.0083, val_mae 0.0994, val_rmse 0.1376, val_r2 0.7689, val_pearson 0.8798, lr 2.43e-06 ---
2026-10-01 09:45:53,606 - INFO - 
****************************************************************************************************
2026-10-01 09:45:55,454 - INFO - --- training epoch 199, loss 0.0090, mae 0.0999, rmse 0.1341, time elapsed(min) 0.03---
2026-10-01 09:45:55,836 - INFO - --- validation at epoch 199, val_loss 0.0083, val_mae 0.0995, val_rmse 0.1377, val_r2 0.7686, val_pearson 0.8797, lr 1.00e-06 ---
2026-10-01 09:45:55,836 - INFO - 
****************************************************************************************************
2026-10-01 09:45:57,923 - INFO - --- training epoch 200, loss 0.0091, mae 0.1002, rmse 0.1349, time elapsed(min) 0.03---
2026-10-01 09:45:58,154 - INFO - --- validation at epoch 200, val_loss 0.0083, val_mae 0.0994, val_rmse 0.1375, val_r2 0.7694, val_pearson 0.8798, lr 1.00e-06 ---
2026-10-01 09:45:58,154 - INFO - 
****************************************************************************************************
2026-10-01 09:46:00,065 - INFO - --- training epoch 201, loss 0.0090, mae 0.0994, rmse 0.1341, time elapsed(min) 0.03---
2026-10-01 09:46:00,295 - INFO - --- validation at epoch 201, val_loss 0.0083, val_mae 0.0994, val_rmse 0.1375, val_r2 0.7693, val_pearson 0.8798, lr 1.00e-06 ---
2026-10-01 09:46:00,295 - INFO - 
****************************************************************************************************
2026-10-01 09:46:02,237 - INFO - --- training epoch 202, loss 0.0089, mae 0.0990, rmse 0.1334, time elapsed(min) 0.03---
2026-10-01 09:46:02,606 - INFO - --- validation at epoch 202, val_loss 0.0083, val_mae 0.0994, val_rmse 0.1376, val_r2 0.7690, val_pearson 0.8798, lr 1.00e-06 ---
2026-10-01 09:46:02,606 - INFO - 
****************************************************************************************************
2026-10-01 09:46:04,685 - INFO - --- training epoch 203, loss 0.0091, mae 0.1003, rmse 0.1349, time elapsed(min) 0.03---
2026-10-01 09:46:04,915 - INFO - --- validation at epoch 203, val_loss 0.0083, val_mae 0.0994, val_rmse 0.1376, val_r2 0.7690, val_pearson 0.8798, lr 1.00e-06 ---
2026-10-01 09:46:04,915 - INFO - 
****************************************************************************************************
2026-10-01 09:46:06,755 - INFO - --- training epoch 204, loss 0.0089, mae 0.0986, rmse 0.1336, time elapsed(min) 0.03---
2026-10-01 09:46:07,013 - INFO - --- validation at epoch 204, val_loss 0.0083, val_mae 0.0994, val_rmse 0.1375, val_r2 0.7695, val_pearson 0.8798, lr 1.00e-06 ---
2026-10-01 09:46:07,013 - INFO - 
****************************************************************************************************
2026-10-01 09:46:08,954 - INFO - --- training epoch 205, loss 0.0090, mae 0.0996, rmse 0.1339, time elapsed(min) 0.03---
2026-10-01 09:46:09,188 - INFO - --- validation at epoch 205, val_loss 0.0083, val_mae 0.0994, val_rmse 0.1376, val_r2 0.7691, val_pearson 0.8798, lr 1.00e-06 ---
2026-10-01 09:46:09,188 - INFO - 
****************************************************************************************************
2026-10-01 09:46:11,217 - INFO - --- training epoch 206, loss 0.0089, mae 0.0991, rmse 0.1337, time elapsed(min) 0.03---
2026-10-01 09:46:11,638 - INFO - --- validation at epoch 206, val_loss 0.0083, val_mae 0.0993, val_rmse 0.1374, val_r2 0.7696, val_pearson 0.8799, lr 1.00e-06 ---
2026-10-01 09:46:11,638 - INFO - 
****************************************************************************************************
2026-10-01 09:46:13,729 - INFO - --- training epoch 207, loss 0.0090, mae 0.0994, rmse 0.1339, time elapsed(min) 0.03---
2026-10-01 09:46:13,960 - INFO - --- validation at epoch 207, val_loss 0.0083, val_mae 0.0994, val_rmse 0.1375, val_r2 0.7694, val_pearson 0.8798, lr 1.00e-06 ---
2026-10-01 09:46:13,960 - INFO - 
****************************************************************************************************
2026-10-01 09:46:15,819 - INFO - --- training epoch 208, loss 0.0089, mae 0.0992, rmse 0.1335, time elapsed(min) 0.03---
2026-10-01 09:46:16,044 - INFO - --- validation at epoch 208, val_loss 0.0083, val_mae 0.0994, val_rmse 0.1374, val_r2 0.7696, val_pearson 0.8799, lr 1.00e-06 ---
2026-10-01 09:46:16,045 - INFO - 
****************************************************************************************************
2026-10-01 09:46:17,981 - INFO - --- training epoch 209, loss 0.0088, mae 0.0985, rmse 0.1325, time elapsed(min) 0.03---
2026-10-01 09:46:18,416 - INFO - --- validation at epoch 209, val_loss 0.0083, val_mae 0.0994, val_rmse 0.1375, val_r2 0.7694, val_pearson 0.8799, lr 1.00e-06 ---
2026-10-01 09:46:18,416 - INFO - 
****************************************************************************************************
2026-10-01 09:46:20,422 - INFO - --- training epoch 210, loss 0.0089, mae 0.0990, rmse 0.1334, time elapsed(min) 0.03---
2026-10-01 09:46:20,667 - INFO - --- validation at epoch 210, val_loss 0.0083, val_mae 0.0995, val_rmse 0.1377, val_r2 0.7688, val_pearson 0.8797, lr 1.00e-06 ---
2026-10-01 09:46:20,667 - INFO - 
****************************************************************************************************
2026-10-01 09:46:22,511 - INFO - --- training epoch 211, loss 0.0091, mae 0.0995, rmse 0.1346, time elapsed(min) 0.03---
2026-10-01 09:46:22,744 - INFO - --- validation at epoch 211, val_loss 0.0083, val_mae 0.0994, val_rmse 0.1376, val_r2 0.7689, val_pearson 0.8797, lr 1.00e-06 ---
2026-10-01 09:46:22,744 - INFO - 
****************************************************************************************************
2026-10-01 09:46:24,590 - INFO - --- training epoch 212, loss 0.0088, mae 0.0989, rmse 0.1330, time elapsed(min) 0.03---
2026-10-01 09:46:25,004 - INFO - --- validation at epoch 212, val_loss 0.0083, val_mae 0.0994, val_rmse 0.1375, val_r2 0.7692, val_pearson 0.8798, lr 1.00e-06 ---
2026-10-01 09:46:25,004 - INFO - 
****************************************************************************************************
2026-10-01 09:46:27,103 - INFO - --- training epoch 213, loss 0.0090, mae 0.0995, rmse 0.1342, time elapsed(min) 0.03---
2026-10-01 09:46:27,329 - INFO - --- validation at epoch 213, val_loss 0.0083, val_mae 0.0994, val_rmse 0.1376, val_r2 0.7688, val_pearson 0.8797, lr 1.00e-06 ---
2026-10-01 09:46:27,329 - INFO - 
****************************************************************************************************
2026-10-01 09:46:29,172 - INFO - --- training epoch 214, loss 0.0090, mae 0.0990, rmse 0.1338, time elapsed(min) 0.03---
2026-10-01 09:46:29,403 - INFO - --- validation at epoch 214, val_loss 0.0083, val_mae 0.0994, val_rmse 0.1376, val_r2 0.7690, val_pearson 0.8797, lr 1.00e-06 ---
2026-10-01 09:46:29,403 - INFO - 
****************************************************************************************************
2026-10-01 09:46:31,249 - INFO - --- training epoch 215, loss 0.0090, mae 0.0994, rmse 0.1340, time elapsed(min) 0.03---
2026-10-01 09:46:31,619 - INFO - --- validation at epoch 215, val_loss 0.0083, val_mae 0.0994, val_rmse 0.1375, val_r2 0.7693, val_pearson 0.8798, lr 1.00e-06 ---
2026-10-01 09:46:31,620 - INFO - 
****************************************************************************************************
2026-10-01 09:46:33,722 - INFO - --- training epoch 216, loss 0.0090, mae 0.0991, rmse 0.1343, time elapsed(min) 0.03---
2026-10-01 09:46:33,968 - INFO - --- validation at epoch 216, val_loss 0.0083, val_mae 0.0994, val_rmse 0.1376, val_r2 0.7689, val_pearson 0.8798, lr 1.00e-06 ---
2026-10-01 09:46:33,968 - INFO - 
****************************************************************************************************
2026-10-01 09:46:35,820 - INFO - --- training epoch 217, loss 0.0087, mae 0.0980, rmse 0.1319, time elapsed(min) 0.03---
2026-10-01 09:46:36,046 - INFO - --- validation at epoch 217, val_loss 0.0083, val_mae 0.0994, val_rmse 0.1376, val_r2 0.7690, val_pearson 0.8798, lr 1.00e-06 ---
2026-10-01 09:46:36,046 - INFO - 
****************************************************************************************************
2026-10-01 09:46:37,912 - INFO - --- training epoch 218, loss 0.0089, mae 0.0989, rmse 0.1334, time elapsed(min) 0.03---
2026-10-01 09:46:38,285 - INFO - --- validation at epoch 218, val_loss 0.0083, val_mae 0.0994, val_rmse 0.1376, val_r2 0.7691, val_pearson 0.8797, lr 1.00e-06 ---
2026-10-01 09:46:38,285 - INFO - 
****************************************************************************************************
2026-10-01 09:46:40,332 - INFO - --- training epoch 219, loss 0.0091, mae 0.1001, rmse 0.1350, time elapsed(min) 0.03---
2026-10-01 09:46:40,879 - INFO - --- validation at epoch 219, val_loss 0.0083, val_mae 0.0993, val_rmse 0.1375, val_r2 0.7694, val_pearson 0.8798, lr 1.00e-06 ---
2026-10-01 09:46:40,879 - INFO - 
****************************************************************************************************
2026-10-01 09:46:42,887 - INFO - --- training epoch 220, loss 0.0089, mae 0.0996, rmse 0.1336, time elapsed(min) 0.03---
2026-10-01 09:46:43,122 - INFO - --- validation at epoch 220, val_loss 0.0083, val_mae 0.0994, val_rmse 0.1376, val_r2 0.7691, val_pearson 0.8797, lr 1.00e-06 ---
2026-10-01 09:46:43,122 - INFO - 
****************************************************************************************************
2026-10-01 09:46:44,961 - INFO - --- training epoch 221, loss 0.0091, mae 0.1004, rmse 0.1349, time elapsed(min) 0.03---
2026-10-01 09:46:45,193 - INFO - --- validation at epoch 221, val_loss 0.0083, val_mae 0.0995, val_rmse 0.1378, val_r2 0.7685, val_pearson 0.8796, lr 1.00e-06 ---
2026-10-01 09:46:45,193 - INFO - 
****************************************************************************************************
2026-10-01 09:46:47,122 - INFO - --- training epoch 222, loss 0.0090, mae 0.0999, rmse 0.1342, time elapsed(min) 0.03---
2026-10-01 09:46:47,544 - INFO - --- validation at epoch 222, val_loss 0.0083, val_mae 0.0995, val_rmse 0.1378, val_r2 0.7683, val_pearson 0.8795, lr 1.00e-06 ---
2026-10-01 09:46:47,544 - INFO - 
****************************************************************************************************
2026-10-01 09:46:49,505 - INFO - --- training epoch 223, loss 0.0091, mae 0.1003, rmse 0.1348, time elapsed(min) 0.03---
2026-10-01 09:46:49,738 - INFO - --- validation at epoch 223, val_loss 0.0083, val_mae 0.0995, val_rmse 0.1378, val_r2 0.7683, val_pearson 0.8795, lr 1.00e-06 ---
2026-10-01 09:46:49,738 - INFO - 
****************************************************************************************************
2026-10-01 09:46:51,637 - INFO - --- training epoch 224, loss 0.0089, mae 0.0992, rmse 0.1337, time elapsed(min) 0.03---
2026-10-01 09:46:51,865 - INFO - --- validation at epoch 224, val_loss 0.0083, val_mae 0.0995, val_rmse 0.1377, val_r2 0.7685, val_pearson 0.8796, lr 1.00e-06 ---
2026-10-01 09:46:51,865 - INFO - 
****************************************************************************************************
2026-10-01 09:46:53,717 - INFO - --- training epoch 225, loss 0.0089, mae 0.0996, rmse 0.1336, time elapsed(min) 0.03---
2026-10-01 09:46:54,097 - INFO - --- validation at epoch 225, val_loss 0.0083, val_mae 0.0995, val_rmse 0.1377, val_r2 0.7686, val_pearson 0.8797, lr 1.00e-06 ---
2026-10-01 09:46:54,097 - INFO - 
****************************************************************************************************
2026-10-01 09:46:56,318 - INFO - --- training epoch 226, loss 0.0089, mae 0.0992, rmse 0.1332, time elapsed(min) 0.03---
2026-10-01 09:46:56,548 - INFO - --- validation at epoch 226, val_loss 0.0083, val_mae 0.0994, val_rmse 0.1375, val_r2 0.7692, val_pearson 0.8797, lr 1.00e-06 ---
2026-10-01 09:46:56,548 - INFO - 
****************************************************************************************************
2026-10-01 09:46:58,417 - INFO - --- training epoch 227, loss 0.0089, mae 0.0990, rmse 0.1337, time elapsed(min) 0.03---
2026-10-01 09:46:58,640 - INFO - --- validation at epoch 227, val_loss 0.0083, val_mae 0.0994, val_rmse 0.1375, val_r2 0.7692, val_pearson 0.8796, lr 1.00e-06 ---
2026-10-01 09:46:58,640 - INFO - 
****************************************************************************************************
2026-10-01 09:47:00,575 - INFO - --- training epoch 228, loss 0.0090, mae 0.0996, rmse 0.1339, time elapsed(min) 0.03---
2026-10-01 09:47:00,943 - INFO - --- validation at epoch 228, val_loss 0.0083, val_mae 0.0994, val_rmse 0.1376, val_r2 0.7691, val_pearson 0.8797, lr 1.00e-06 ---
2026-10-01 09:47:00,943 - INFO - 
****************************************************************************************************
2026-10-01 09:47:03,080 - INFO - --- training epoch 229, loss 0.0090, mae 0.0997, rmse 0.1339, time elapsed(min) 0.03---
2026-10-01 09:47:03,311 - INFO - --- validation at epoch 229, val_loss 0.0083, val_mae 0.0993, val_rmse 0.1375, val_r2 0.7692, val_pearson 0.8797, lr 1.00e-06 ---
2026-10-01 09:47:03,311 - INFO - 
****************************************************************************************************
2026-10-01 09:47:05,240 - INFO - --- training epoch 230, loss 0.0089, mae 0.0997, rmse 0.1337, time elapsed(min) 0.03---
2026-10-01 09:47:05,468 - INFO - --- validation at epoch 230, val_loss 0.0083, val_mae 0.0993, val_rmse 0.1375, val_r2 0.7692, val_pearson 0.8797, lr 1.00e-06 ---
2026-10-01 09:47:05,468 - INFO - 
****************************************************************************************************
2026-10-01 09:47:07,358 - INFO - --- training epoch 231, loss 0.0089, mae 0.0993, rmse 0.1337, time elapsed(min) 0.03---
2026-10-01 09:47:07,744 - INFO - --- validation at epoch 231, val_loss 0.0083, val_mae 0.0994, val_rmse 0.1377, val_r2 0.7688, val_pearson 0.8796, lr 1.00e-06 ---
2026-10-01 09:47:07,744 - INFO - 
****************************************************************************************************
2026-10-01 09:47:09,837 - INFO - --- training epoch 232, loss 0.0089, mae 0.0989, rmse 0.1337, time elapsed(min) 0.03---
2026-10-01 09:47:10,063 - INFO - --- validation at epoch 232, val_loss 0.0083, val_mae 0.0994, val_rmse 0.1376, val_r2 0.7691, val_pearson 0.8797, lr 1.00e-06 ---
2026-10-01 09:47:10,063 - INFO - 
****************************************************************************************************
2026-10-01 09:47:12,007 - INFO - --- training epoch 233, loss 0.0090, mae 0.1001, rmse 0.1341, time elapsed(min) 0.03---
2026-10-01 09:47:12,246 - INFO - --- validation at epoch 233, val_loss 0.0083, val_mae 0.0994, val_rmse 0.1376, val_r2 0.7691, val_pearson 0.8798, lr 1.00e-06 ---
2026-10-01 09:47:12,246 - INFO - 
****************************************************************************************************
2026-10-01 09:47:14,166 - INFO - --- training epoch 234, loss 0.0089, mae 0.0993, rmse 0.1335, time elapsed(min) 0.03---
2026-10-01 09:47:14,393 - INFO - --- validation at epoch 234, val_loss 0.0083, val_mae 0.0994, val_rmse 0.1375, val_r2 0.7693, val_pearson 0.8798, lr 1.00e-06 ---
2026-10-01 09:47:14,394 - INFO - 
****************************************************************************************************
2026-10-01 09:47:16,352 - INFO - --- training epoch 235, loss 0.0089, mae 0.0991, rmse 0.1338, time elapsed(min) 0.03---
2026-10-01 09:47:16,906 - INFO - --- validation at epoch 235, val_loss 0.0083, val_mae 0.0993, val_rmse 0.1375, val_r2 0.7693, val_pearson 0.8799, lr 1.00e-06 ---
2026-10-01 09:47:16,906 - INFO - 
****************************************************************************************************
2026-10-01 09:47:18,728 - INFO - --- training epoch 236, loss 0.0088, mae 0.0991, rmse 0.1329, time elapsed(min) 0.03---
2026-10-01 09:47:18,967 - INFO - --- validation at epoch 236, val_loss 0.0083, val_mae 0.0993, val_rmse 0.1375, val_r2 0.7694, val_pearson 0.8799, lr 1.00e-06 ---
2026-10-01 09:47:18,967 - INFO - 
****************************************************************************************************
2026-10-01 09:47:20,802 - INFO - --- training epoch 237, loss 0.0089, mae 0.0990, rmse 0.1335, time elapsed(min) 0.03---
2026-10-01 09:47:21,034 - INFO - --- validation at epoch 237, val_loss 0.0083, val_mae 0.0994, val_rmse 0.1376, val_r2 0.7689, val_pearson 0.8798, lr 1.00e-06 ---
2026-10-01 09:47:21,034 - INFO - 
****************************************************************************************************
2026-10-01 09:47:23,000 - INFO - --- training epoch 238, loss 0.0090, mae 0.0999, rmse 0.1339, time elapsed(min) 0.03---
2026-10-01 09:47:23,436 - INFO - --- validation at epoch 238, val_loss 0.0083, val_mae 0.0994, val_rmse 0.1377, val_r2 0.7686, val_pearson 0.8798, lr 1.00e-06 ---
2026-10-01 09:47:23,436 - INFO - 
****************************************************************************************************
2026-10-01 09:47:25,421 - INFO - --- training epoch 239, loss 0.0090, mae 0.0995, rmse 0.1341, time elapsed(min) 0.03---
2026-10-01 09:47:25,652 - INFO - --- validation at epoch 239, val_loss 0.0083, val_mae 0.0993, val_rmse 0.1376, val_r2 0.7692, val_pearson 0.8799, lr 1.00e-06 ---
2026-10-01 09:47:25,652 - INFO - 
****************************************************************************************************
2026-10-01 09:47:27,569 - INFO - --- training epoch 240, loss 0.0089, mae 0.0994, rmse 0.1338, time elapsed(min) 0.03---
2026-10-01 09:47:27,793 - INFO - --- validation at epoch 240, val_loss 0.0083, val_mae 0.0993, val_rmse 0.1376, val_r2 0.7690, val_pearson 0.8798, lr 1.00e-06 ---
2026-10-01 09:47:27,793 - INFO - 
****************************************************************************************************
2026-10-01 09:47:29,746 - INFO - --- training epoch 241, loss 0.0088, mae 0.0982, rmse 0.1326, time elapsed(min) 0.03---
2026-10-01 09:47:30,144 - INFO - --- validation at epoch 241, val_loss 0.0083, val_mae 0.0994, val_rmse 0.1376, val_r2 0.7688, val_pearson 0.8797, lr 1.00e-06 ---
2026-10-01 09:47:30,144 - INFO - 
****************************************************************************************************
2026-10-01 09:47:32,368 - INFO - --- training epoch 242, loss 0.0090, mae 0.0995, rmse 0.1339, time elapsed(min) 0.03---
2026-10-01 09:47:32,598 - INFO - --- validation at epoch 242, val_loss 0.0083, val_mae 0.0994, val_rmse 0.1377, val_r2 0.7688, val_pearson 0.8797, lr 1.00e-06 ---
2026-10-01 09:47:32,598 - INFO - 
****************************************************************************************************
2026-10-01 09:47:34,557 - INFO - --- training epoch 243, loss 0.0089, mae 0.0990, rmse 0.1333, time elapsed(min) 0.03---
2026-10-01 09:47:34,804 - INFO - --- validation at epoch 243, val_loss 0.0083, val_mae 0.0994, val_rmse 0.1376, val_r2 0.7689, val_pearson 0.8797, lr 1.00e-06 ---
2026-10-01 09:47:34,804 - INFO - 
****************************************************************************************************
2026-10-01 09:47:36,659 - INFO - --- training epoch 244, loss 0.0089, mae 0.0987, rmse 0.1334, time elapsed(min) 0.03---
2026-10-01 09:47:37,047 - INFO - --- validation at epoch 244, val_loss 0.0083, val_mae 0.0994, val_rmse 0.1377, val_r2 0.7686, val_pearson 0.8796, lr 1.00e-06 ---
2026-10-01 09:47:37,047 - INFO - 
****************************************************************************************************
2026-10-01 09:47:39,085 - INFO - --- training epoch 245, loss 0.0089, mae 0.0990, rmse 0.1337, time elapsed(min) 0.03---
2026-10-01 09:47:39,653 - INFO - --- validation at epoch 245, val_loss 0.0083, val_mae 0.0995, val_rmse 0.1379, val_r2 0.7681, val_pearson 0.8795, lr 1.00e-06 ---
2026-10-01 09:47:39,653 - INFO - 
****************************************************************************************************
2026-10-01 09:47:41,634 - INFO - --- training epoch 246, loss 0.0091, mae 0.1005, rmse 0.1348, time elapsed(min) 0.03---
2026-10-01 09:47:41,882 - INFO - --- validation at epoch 246, val_loss 0.0083, val_mae 0.0994, val_rmse 0.1378, val_r2 0.7685, val_pearson 0.8796, lr 1.00e-06 ---
2026-10-01 09:47:41,882 - INFO - 
****************************************************************************************************
2026-10-01 09:47:43,711 - INFO - --- training epoch 247, loss 0.0090, mae 0.0996, rmse 0.1340, time elapsed(min) 0.03---
2026-10-01 09:47:43,941 - INFO - --- validation at epoch 247, val_loss 0.0083, val_mae 0.0994, val_rmse 0.1376, val_r2 0.7690, val_pearson 0.8798, lr 1.00e-06 ---
2026-10-01 09:47:43,941 - INFO - 
****************************************************************************************************
2026-10-01 09:47:45,794 - INFO - --- training epoch 248, loss 0.0090, mae 0.0990, rmse 0.1340, time elapsed(min) 0.03---
2026-10-01 09:47:46,217 - INFO - --- validation at epoch 248, val_loss 0.0083, val_mae 0.0993, val_rmse 0.1375, val_r2 0.7694, val_pearson 0.8799, lr 1.00e-06 ---
2026-10-01 09:47:46,217 - INFO - 
****************************************************************************************************
2026-10-01 09:47:48,284 - INFO - --- training epoch 249, loss 0.0089, mae 0.0992, rmse 0.1332, time elapsed(min) 0.03---
2026-10-01 09:47:48,513 - INFO - --- validation at epoch 249, val_loss 0.0083, val_mae 0.0993, val_rmse 0.1375, val_r2 0.7693, val_pearson 0.8800, lr 1.00e-06 ---
2026-10-01 09:47:48,513 - INFO - 
****************************************************************************************************
2026-10-01 09:47:50,363 - INFO - --- training epoch 250, loss 0.0091, mae 0.0999, rmse 0.1347, time elapsed(min) 0.03---
2026-10-01 09:47:50,596 - INFO - --- validation at epoch 250, val_loss 0.0083, val_mae 0.0993, val_rmse 0.1375, val_r2 0.7695, val_pearson 0.8800, lr 1.00e-06 ---
2026-10-01 09:47:50,596 - INFO - 
****************************************************************************************************
2026-10-01 09:47:52,462 - INFO - --- training epoch 251, loss 0.0090, mae 0.0995, rmse 0.1344, time elapsed(min) 0.03---
2026-10-01 09:47:52,838 - INFO - --- validation at epoch 251, val_loss 0.0083, val_mae 0.0993, val_rmse 0.1374, val_r2 0.7698, val_pearson 0.8800, lr 1.00e-06 ---
2026-10-01 09:47:52,838 - INFO - 
****************************************************************************************************
2026-10-01 09:47:55,079 - INFO - --- training epoch 252, loss 0.0089, mae 0.0992, rmse 0.1335, time elapsed(min) 0.03---
2026-10-01 09:47:55,506 - INFO - --- validation at epoch 252, val_loss 0.0083, val_mae 0.0992, val_rmse 0.1373, val_r2 0.7702, val_pearson 0.8802, lr 1.00e-06 ---
2026-10-01 09:47:55,506 - INFO - 
****************************************************************************************************
2026-10-01 09:47:57,571 - INFO - --- training epoch 253, loss 0.0089, mae 0.0990, rmse 0.1334, time elapsed(min) 0.03---
2026-10-01 09:47:57,802 - INFO - --- validation at epoch 253, val_loss 0.0083, val_mae 0.0993, val_rmse 0.1374, val_r2 0.7695, val_pearson 0.8801, lr 1.00e-06 ---
2026-10-01 09:47:57,802 - INFO - 
****************************************************************************************************
2026-10-01 09:47:59,634 - INFO - --- training epoch 254, loss 0.0089, mae 0.0989, rmse 0.1331, time elapsed(min) 0.03---
2026-10-01 09:47:59,887 - INFO - --- validation at epoch 254, val_loss 0.0083, val_mae 0.0992, val_rmse 0.1374, val_r2 0.7697, val_pearson 0.8802, lr 1.00e-06 ---
2026-10-01 09:47:59,887 - INFO - 
****************************************************************************************************
2026-10-01 09:48:01,741 - INFO - --- training epoch 255, loss 0.0089, mae 0.0997, rmse 0.1337, time elapsed(min) 0.03---
2026-10-01 09:48:02,150 - INFO - --- validation at epoch 255, val_loss 0.0083, val_mae 0.0992, val_rmse 0.1374, val_r2 0.7696, val_pearson 0.8801, lr 1.00e-06 ---
2026-10-01 09:48:02,150 - INFO - 
****************************************************************************************************
2026-10-01 09:48:04,248 - INFO - --- training epoch 256, loss 0.0089, mae 0.0992, rmse 0.1333, time elapsed(min) 0.03---
2026-10-01 09:48:04,482 - INFO - --- validation at epoch 256, val_loss 0.0083, val_mae 0.0992, val_rmse 0.1373, val_r2 0.7700, val_pearson 0.8802, lr 1.00e-06 ---
2026-10-01 09:48:04,482 - INFO - 
****************************************************************************************************
2026-10-01 09:48:06,469 - INFO - --- training epoch 257, loss 0.0089, mae 0.0994, rmse 0.1335, time elapsed(min) 0.03---
2026-10-01 09:48:06,697 - INFO - --- validation at epoch 257, val_loss 0.0083, val_mae 0.0992, val_rmse 0.1374, val_r2 0.7698, val_pearson 0.8802, lr 1.00e-06 ---
2026-10-01 09:48:06,697 - INFO - 
****************************************************************************************************
2026-10-01 09:48:08,712 - INFO - --- training epoch 258, loss 0.0089, mae 0.0995, rmse 0.1334, time elapsed(min) 0.03---
2026-10-01 09:48:09,082 - INFO - --- validation at epoch 258, val_loss 0.0083, val_mae 0.0991, val_rmse 0.1372, val_r2 0.7704, val_pearson 0.8803, lr 1.00e-06 ---
2026-10-01 09:48:09,082 - INFO - 
****************************************************************************************************
2026-10-01 09:48:11,157 - INFO - --- training epoch 259, loss 0.0089, mae 0.0992, rmse 0.1332, time elapsed(min) 0.03---
2026-10-01 09:48:11,380 - INFO - --- validation at epoch 259, val_loss 0.0083, val_mae 0.0992, val_rmse 0.1373, val_r2 0.7701, val_pearson 0.8803, lr 1.00e-06 ---
2026-10-01 09:48:11,380 - INFO - 
****************************************************************************************************
2026-10-01 09:48:13,236 - INFO - --- training epoch 260, loss 0.0089, mae 0.0992, rmse 0.1336, time elapsed(min) 0.03---
2026-10-01 09:48:13,469 - INFO - --- validation at epoch 260, val_loss 0.0083, val_mae 0.0993, val_rmse 0.1374, val_r2 0.7695, val_pearson 0.8801, lr 1.00e-06 ---
2026-10-01 09:48:13,469 - INFO - 
****************************************************************************************************
2026-10-01 09:48:15,418 - INFO - --- training epoch 261, loss 0.0089, mae 0.0998, rmse 0.1337, time elapsed(min) 0.03---
2026-10-01 09:48:15,827 - INFO - --- validation at epoch 261, val_loss 0.0083, val_mae 0.0993, val_rmse 0.1374, val_r2 0.7696, val_pearson 0.8801, lr 1.00e-06 ---
2026-10-01 09:48:15,827 - INFO - 
****************************************************************************************************
2026-10-01 09:48:18,062 - INFO - --- training epoch 262, loss 0.0090, mae 0.0994, rmse 0.1341, time elapsed(min) 0.03---
2026-10-01 09:48:18,295 - INFO - --- validation at epoch 262, val_loss 0.0083, val_mae 0.0993, val_rmse 0.1374, val_r2 0.7698, val_pearson 0.8801, lr 1.00e-06 ---
2026-10-01 09:48:18,295 - INFO - 
****************************************************************************************************
2026-10-01 09:48:20,146 - INFO - --- training epoch 263, loss 0.0089, mae 0.0990, rmse 0.1337, time elapsed(min) 0.03---
2026-10-01 09:48:20,373 - INFO - --- validation at epoch 263, val_loss 0.0083, val_mae 0.0993, val_rmse 0.1374, val_r2 0.7696, val_pearson 0.8800, lr 1.00e-06 ---
2026-10-01 09:48:20,373 - INFO - 
****************************************************************************************************
2026-10-01 09:48:22,368 - INFO - --- training epoch 264, loss 0.0089, mae 0.0993, rmse 0.1337, time elapsed(min) 0.03---
2026-10-01 09:48:22,757 - INFO - --- validation at epoch 264, val_loss 0.0083, val_mae 0.0994, val_rmse 0.1375, val_r2 0.7695, val_pearson 0.8800, lr 1.00e-06 ---
2026-10-01 09:48:22,758 - INFO - 
****************************************************************************************************
2026-10-01 09:48:24,869 - INFO - --- training epoch 265, loss 0.0090, mae 0.0999, rmse 0.1341, time elapsed(min) 0.03---
2026-10-01 09:48:25,104 - INFO - --- validation at epoch 265, val_loss 0.0083, val_mae 0.0994, val_rmse 0.1376, val_r2 0.7689, val_pearson 0.8798, lr 1.00e-06 ---
2026-10-01 09:48:25,104 - INFO - 
****************************************************************************************************
2026-10-01 09:48:27,038 - INFO - --- training epoch 266, loss 0.0089, mae 0.0993, rmse 0.1333, time elapsed(min) 0.03---
2026-10-01 09:48:27,266 - INFO - --- validation at epoch 266, val_loss 0.0083, val_mae 0.0994, val_rmse 0.1375, val_r2 0.7693, val_pearson 0.8799, lr 1.00e-06 ---
2026-10-01 09:48:27,266 - INFO - 
****************************************************************************************************
2026-10-01 09:48:29,227 - INFO - --- training epoch 267, loss 0.0091, mae 0.1001, rmse 0.1349, time elapsed(min) 0.03---
2026-10-01 09:48:29,597 - INFO - --- validation at epoch 267, val_loss 0.0083, val_mae 0.0993, val_rmse 0.1376, val_r2 0.7691, val_pearson 0.8799, lr 1.00e-06 ---
2026-10-01 09:48:29,597 - INFO - 
****************************************************************************************************
2026-10-01 09:48:31,696 - INFO - --- training epoch 268, loss 0.0088, mae 0.0987, rmse 0.1328, time elapsed(min) 0.03---
2026-10-01 09:48:31,929 - INFO - --- validation at epoch 268, val_loss 0.0083, val_mae 0.0993, val_rmse 0.1376, val_r2 0.7691, val_pearson 0.8799, lr 1.00e-06 ---
2026-10-01 09:48:31,929 - INFO - 
****************************************************************************************************
2026-10-01 09:48:33,760 - INFO - --- training epoch 269, loss 0.0089, mae 0.0985, rmse 0.1332, time elapsed(min) 0.03---
2026-10-01 09:48:33,989 - INFO - --- validation at epoch 269, val_loss 0.0083, val_mae 0.0993, val_rmse 0.1375, val_r2 0.7693, val_pearson 0.8799, lr 1.00e-06 ---
2026-10-01 09:48:33,989 - INFO - 
****************************************************************************************************
2026-10-01 09:48:35,945 - INFO - --- training epoch 270, loss 0.0089, mae 0.0986, rmse 0.1332, time elapsed(min) 0.03---
2026-10-01 09:48:36,326 - INFO - --- validation at epoch 270, val_loss 0.0083, val_mae 0.0993, val_rmse 0.1375, val_r2 0.7694, val_pearson 0.8799, lr 1.00e-06 ---
2026-10-01 09:48:36,326 - INFO - 
****************************************************************************************************
2026-10-01 09:48:38,324 - INFO - --- training epoch 271, loss 0.0088, mae 0.0985, rmse 0.1328, time elapsed(min) 0.03---
2026-10-01 09:48:38,880 - INFO - --- validation at epoch 271, val_loss 0.0083, val_mae 0.0993, val_rmse 0.1375, val_r2 0.7695, val_pearson 0.8800, lr 1.00e-06 ---
2026-10-01 09:48:38,880 - INFO - 
****************************************************************************************************
2026-10-01 09:48:40,750 - INFO - --- training epoch 272, loss 0.0089, mae 0.0995, rmse 0.1336, time elapsed(min) 0.03---
2026-10-01 09:48:40,974 - INFO - --- validation at epoch 272, val_loss 0.0083, val_mae 0.0994, val_rmse 0.1375, val_r2 0.7694, val_pearson 0.8799, lr 1.00e-06 ---
2026-10-01 09:48:40,974 - INFO - 
****************************************************************************************************
2026-10-01 09:48:42,824 - INFO - --- training epoch 273, loss 0.0089, mae 0.0990, rmse 0.1335, time elapsed(min) 0.03---
2026-10-01 09:48:43,056 - INFO - --- validation at epoch 273, val_loss 0.0083, val_mae 0.0993, val_rmse 0.1374, val_r2 0.7697, val_pearson 0.8801, lr 1.00e-06 ---
2026-10-01 09:48:43,056 - INFO - 
****************************************************************************************************
2026-10-01 09:48:45,002 - INFO - --- training epoch 274, loss 0.0090, mae 0.0992, rmse 0.1338, time elapsed(min) 0.03---
2026-10-01 09:48:45,554 - INFO - --- validation at epoch 274, val_loss 0.0083, val_mae 0.0993, val_rmse 0.1375, val_r2 0.7694, val_pearson 0.8800, lr 1.00e-06 ---
2026-10-01 09:48:45,554 - INFO - 
****************************************************************************************************
2026-10-01 09:48:47,468 - INFO - --- training epoch 275, loss 0.0090, mae 0.0994, rmse 0.1341, time elapsed(min) 0.03---
2026-10-01 09:48:47,696 - INFO - --- validation at epoch 275, val_loss 0.0083, val_mae 0.0992, val_rmse 0.1374, val_r2 0.7698, val_pearson 0.8801, lr 1.00e-06 ---
2026-10-01 09:48:47,696 - INFO - 
****************************************************************************************************
2026-10-01 09:48:49,566 - INFO - --- training epoch 276, loss 0.0090, mae 0.0994, rmse 0.1340, time elapsed(min) 0.03---
2026-10-01 09:48:49,793 - INFO - --- validation at epoch 276, val_loss 0.0083, val_mae 0.0992, val_rmse 0.1373, val_r2 0.7702, val_pearson 0.8801, lr 1.00e-06 ---
2026-10-01 09:48:49,793 - INFO - 
****************************************************************************************************
2026-10-01 09:48:51,817 - INFO - --- training epoch 277, loss 0.0090, mae 0.0993, rmse 0.1339, time elapsed(min) 0.03---
2026-10-01 09:48:52,237 - INFO - --- validation at epoch 277, val_loss 0.0083, val_mae 0.0993, val_rmse 0.1375, val_r2 0.7693, val_pearson 0.8800, lr 1.00e-06 ---
2026-10-01 09:48:52,237 - INFO - 
****************************************************************************************************
2026-10-01 09:48:54,199 - INFO - --- training epoch 278, loss 0.0090, mae 0.0991, rmse 0.1340, time elapsed(min) 0.03---
2026-10-01 09:48:54,424 - INFO - --- validation at epoch 278, val_loss 0.0083, val_mae 0.0993, val_rmse 0.1375, val_r2 0.7693, val_pearson 0.8800, lr 1.00e-06 ---
2026-10-01 09:48:54,424 - INFO - 
****************************************************************************************************
2026-10-01 09:48:56,251 - INFO - --- training epoch 279, loss 0.0090, mae 0.0992, rmse 0.1338, time elapsed(min) 0.03---
2026-10-01 09:48:56,484 - INFO - --- validation at epoch 279, val_loss 0.0083, val_mae 0.0993, val_rmse 0.1374, val_r2 0.7698, val_pearson 0.8800, lr 1.00e-06 ---
2026-10-01 09:48:56,484 - INFO - 
****************************************************************************************************
2026-10-01 09:48:58,315 - INFO - --- training epoch 280, loss 0.0089, mae 0.0986, rmse 0.1332, time elapsed(min) 0.03---
2026-10-01 09:48:58,707 - INFO - --- validation at epoch 280, val_loss 0.0083, val_mae 0.0993, val_rmse 0.1374, val_r2 0.7696, val_pearson 0.8799, lr 1.00e-06 ---
2026-10-01 09:48:58,707 - INFO - 
****************************************************************************************************
2026-10-01 09:49:00,851 - INFO - --- training epoch 281, loss 0.0089, mae 0.0992, rmse 0.1332, time elapsed(min) 0.03---
2026-10-01 09:49:01,074 - INFO - --- validation at epoch 281, val_loss 0.0083, val_mae 0.0994, val_rmse 0.1376, val_r2 0.7690, val_pearson 0.8798, lr 1.00e-06 ---
2026-10-01 09:49:01,074 - INFO - 
****************************************************************************************************
2026-10-01 09:49:03,009 - INFO - --- training epoch 282, loss 0.0090, mae 0.0996, rmse 0.1339, time elapsed(min) 0.03---
2026-10-01 09:49:03,239 - INFO - --- validation at epoch 282, val_loss 0.0083, val_mae 0.0994, val_rmse 0.1376, val_r2 0.7690, val_pearson 0.8798, lr 1.00e-06 ---
2026-10-01 09:49:03,239 - INFO - 
****************************************************************************************************
2026-10-01 09:49:05,240 - INFO - --- training epoch 283, loss 0.0089, mae 0.0993, rmse 0.1334, time elapsed(min) 0.03---
2026-10-01 09:49:05,619 - INFO - --- validation at epoch 283, val_loss 0.0083, val_mae 0.0994, val_rmse 0.1376, val_r2 0.7692, val_pearson 0.8798, lr 1.00e-06 ---
2026-10-01 09:49:05,619 - INFO - 
****************************************************************************************************
2026-10-01 09:49:07,589 - INFO - --- training epoch 284, loss 0.0089, mae 0.0994, rmse 0.1336, time elapsed(min) 0.03---
2026-10-01 09:49:08,043 - INFO - --- validation at epoch 284, val_loss 0.0083, val_mae 0.0994, val_rmse 0.1376, val_r2 0.7691, val_pearson 0.8798, lr 1.00e-06 ---
2026-10-01 09:49:08,043 - INFO - 
****************************************************************************************************
2026-10-01 09:49:10,027 - INFO - --- training epoch 285, loss 0.0089, mae 0.0989, rmse 0.1331, time elapsed(min) 0.03---
2026-10-01 09:49:10,259 - INFO - --- validation at epoch 285, val_loss 0.0083, val_mae 0.0993, val_rmse 0.1374, val_r2 0.7697, val_pearson 0.8800, lr 1.00e-06 ---
2026-10-01 09:49:10,259 - INFO - 
****************************************************************************************************
2026-10-01 09:49:12,108 - INFO - --- training epoch 286, loss 0.0091, mae 0.0995, rmse 0.1346, time elapsed(min) 0.03---
2026-10-01 09:49:12,339 - INFO - --- validation at epoch 286, val_loss 0.0083, val_mae 0.0992, val_rmse 0.1374, val_r2 0.7698, val_pearson 0.8801, lr 1.00e-06 ---
2026-10-01 09:49:12,339 - INFO - 
****************************************************************************************************
2026-10-01 09:49:14,447 - INFO - --- training epoch 287, loss 0.0089, mae 0.0990, rmse 0.1336, time elapsed(min) 0.03---
2026-10-01 09:49:14,856 - INFO - --- validation at epoch 287, val_loss 0.0083, val_mae 0.0993, val_rmse 0.1376, val_r2 0.7691, val_pearson 0.8800, lr 1.00e-06 ---
2026-10-01 09:49:14,856 - INFO - 
****************************************************************************************************
2026-10-01 09:49:16,831 - INFO - --- training epoch 288, loss 0.0090, mae 0.0994, rmse 0.1338, time elapsed(min) 0.03---
2026-10-01 09:49:17,061 - INFO - --- validation at epoch 288, val_loss 0.0083, val_mae 0.0992, val_rmse 0.1375, val_r2 0.7694, val_pearson 0.8799, lr 1.00e-06 ---
2026-10-01 09:49:17,061 - INFO - 
****************************************************************************************************
2026-10-01 09:49:18,884 - INFO - --- training epoch 289, loss 0.0089, mae 0.0993, rmse 0.1335, time elapsed(min) 0.03---
2026-10-01 09:49:19,114 - INFO - --- validation at epoch 289, val_loss 0.0083, val_mae 0.0993, val_rmse 0.1375, val_r2 0.7693, val_pearson 0.8799, lr 1.00e-06 ---
2026-10-01 09:49:19,114 - INFO - 
****************************************************************************************************
2026-10-01 09:49:20,983 - INFO - --- training epoch 290, loss 0.0090, mae 0.0996, rmse 0.1341, time elapsed(min) 0.03---
2026-10-01 09:49:21,429 - INFO - --- validation at epoch 290, val_loss 0.0083, val_mae 0.0993, val_rmse 0.1377, val_r2 0.7687, val_pearson 0.8799, lr 1.00e-06 ---
2026-10-01 09:49:21,429 - INFO - 
****************************************************************************************************
2026-10-01 09:49:23,417 - INFO - --- training epoch 291, loss 0.0088, mae 0.0987, rmse 0.1326, time elapsed(min) 0.03---
2026-10-01 09:49:23,648 - INFO - --- validation at epoch 291, val_loss 0.0083, val_mae 0.0993, val_rmse 0.1377, val_r2 0.7685, val_pearson 0.8799, lr 1.00e-06 ---
2026-10-01 09:49:23,648 - INFO - 
****************************************************************************************************
2026-10-01 09:49:25,497 - INFO - --- training epoch 292, loss 0.0089, mae 0.0988, rmse 0.1331, time elapsed(min) 0.03---
2026-10-01 09:49:25,724 - INFO - --- validation at epoch 292, val_loss 0.0083, val_mae 0.0993, val_rmse 0.1376, val_r2 0.7691, val_pearson 0.8800, lr 1.00e-06 ---
2026-10-01 09:49:25,724 - INFO - 
****************************************************************************************************
2026-10-01 09:49:27,703 - INFO - --- training epoch 293, loss 0.0091, mae 0.1001, rmse 0.1346, time elapsed(min) 0.03---
2026-10-01 09:49:28,105 - INFO - --- validation at epoch 293, val_loss 0.0083, val_mae 0.0992, val_rmse 0.1376, val_r2 0.7691, val_pearson 0.8801, lr 1.00e-06 ---
2026-10-01 09:49:28,105 - INFO - 
****************************************************************************************************
2026-10-01 09:49:30,288 - INFO - --- training epoch 294, loss 0.0089, mae 0.0993, rmse 0.1334, time elapsed(min) 0.03---
2026-10-01 09:49:30,543 - INFO - --- validation at epoch 294, val_loss 0.0083, val_mae 0.0992, val_rmse 0.1374, val_r2 0.7698, val_pearson 0.8802, lr 1.00e-06 ---
2026-10-01 09:49:30,543 - INFO - 
****************************************************************************************************
2026-10-01 09:49:32,404 - INFO - --- training epoch 295, loss 0.0090, mae 0.0998, rmse 0.1339, time elapsed(min) 0.03---
2026-10-01 09:49:32,635 - INFO - --- validation at epoch 295, val_loss 0.0083, val_mae 0.0991, val_rmse 0.1373, val_r2 0.7700, val_pearson 0.8803, lr 1.00e-06 ---
2026-10-01 09:49:32,635 - INFO - 
****************************************************************************************************
2026-10-01 09:49:34,559 - INFO - --- training epoch 296, loss 0.0089, mae 0.0992, rmse 0.1333, time elapsed(min) 0.03---
2026-10-01 09:49:34,942 - INFO - --- validation at epoch 296, val_loss 0.0083, val_mae 0.0991, val_rmse 0.1372, val_r2 0.7703, val_pearson 0.8804, lr 1.00e-06 ---
2026-10-01 09:49:34,942 - INFO - 
****************************************************************************************************
2026-10-01 09:49:37,064 - INFO - --- training epoch 297, loss 0.0088, mae 0.0991, rmse 0.1329, time elapsed(min) 0.03---
2026-10-01 09:49:37,491 - INFO - --- validation at epoch 297, val_loss 0.0083, val_mae 0.0991, val_rmse 0.1372, val_r2 0.7704, val_pearson 0.8804, lr 1.00e-06 ---
2026-10-01 09:49:37,491 - INFO - 
****************************************************************************************************
2026-10-01 09:49:39,616 - INFO - --- training epoch 298, loss 0.0088, mae 0.0980, rmse 0.1327, time elapsed(min) 0.03---
2026-10-01 09:49:39,854 - INFO - --- validation at epoch 298, val_loss 0.0083, val_mae 0.0992, val_rmse 0.1373, val_r2 0.7700, val_pearson 0.8803, lr 1.00e-06 ---
2026-10-01 09:49:39,854 - INFO - 
****************************************************************************************************
2026-10-01 09:49:41,711 - INFO - --- training epoch 299, loss 0.0089, mae 0.0990, rmse 0.1332, time elapsed(min) 0.03---
2026-10-01 09:49:41,940 - INFO - --- validation at epoch 299, val_loss 0.0083, val_mae 0.0993, val_rmse 0.1376, val_r2 0.7691, val_pearson 0.8800, lr 1.00e-06 ---
2026-10-01 09:49:41,940 - INFO - 
****************************************************************************************************
2026-10-01 09:49:43,857 - INFO - --- training epoch 300, loss 0.0089, mae 0.0990, rmse 0.1334, time elapsed(min) 0.03---
2026-10-01 09:49:44,285 - INFO - --- validation at epoch 300, val_loss 0.0083, val_mae 0.0994, val_rmse 0.1376, val_r2 0.7688, val_pearson 0.8799, lr 1.00e-06 ---
2026-10-01 09:49:44,285 - INFO - 
****************************************************************************************************
2026-10-01 09:49:46,241 - INFO - --- training epoch 301, loss 0.0089, mae 0.0994, rmse 0.1337, time elapsed(min) 0.03---
2026-10-01 09:49:46,474 - INFO - --- validation at epoch 301, val_loss 0.0083, val_mae 0.0993, val_rmse 0.1375, val_r2 0.7693, val_pearson 0.8799, lr 1.00e-06 ---
2026-10-01 09:49:46,474 - INFO - 
****************************************************************************************************
2026-10-01 09:49:48,343 - INFO - --- training epoch 302, loss 0.0087, mae 0.0980, rmse 0.1322, time elapsed(min) 0.03---
2026-10-01 09:49:48,580 - INFO - --- validation at epoch 302, val_loss 0.0083, val_mae 0.0993, val_rmse 0.1375, val_r2 0.7692, val_pearson 0.8799, lr 1.00e-06 ---
2026-10-01 09:49:48,580 - INFO - 
****************************************************************************************************
2026-10-01 09:49:50,499 - INFO - --- training epoch 303, loss 0.0090, mae 0.0993, rmse 0.1343, time elapsed(min) 0.03---
2026-10-01 09:49:50,893 - INFO - --- validation at epoch 303, val_loss 0.0083, val_mae 0.0993, val_rmse 0.1375, val_r2 0.7692, val_pearson 0.8799, lr 1.00e-06 ---
2026-10-01 09:49:50,893 - INFO - 
****************************************************************************************************
2026-10-01 09:49:53,077 - INFO - --- training epoch 304, loss 0.0088, mae 0.0988, rmse 0.1328, time elapsed(min) 0.03---
2026-10-01 09:49:53,310 - INFO - --- validation at epoch 304, val_loss 0.0083, val_mae 0.0994, val_rmse 0.1376, val_r2 0.7691, val_pearson 0.8799, lr 1.00e-06 ---
2026-10-01 09:49:53,310 - INFO - 
****************************************************************************************************
2026-10-01 09:49:55,151 - INFO - --- training epoch 305, loss 0.0089, mae 0.0988, rmse 0.1336, time elapsed(min) 0.03---
2026-10-01 09:49:55,378 - INFO - --- validation at epoch 305, val_loss 0.0083, val_mae 0.0994, val_rmse 0.1376, val_r2 0.7689, val_pearson 0.8798, lr 1.00e-06 ---
2026-10-01 09:49:55,378 - INFO - 
****************************************************************************************************
2026-10-01 09:49:57,331 - INFO - --- training epoch 306, loss 0.0090, mae 0.1001, rmse 0.1345, time elapsed(min) 0.03---
2026-10-01 09:49:57,715 - INFO - --- validation at epoch 306, val_loss 0.0083, val_mae 0.0994, val_rmse 0.1376, val_r2 0.7690, val_pearson 0.8798, lr 1.00e-06 ---
2026-10-01 09:49:57,715 - INFO - 
****************************************************************************************************
2026-10-01 09:49:59,930 - INFO - --- training epoch 307, loss 0.0088, mae 0.0991, rmse 0.1329, time elapsed(min) 0.03---
2026-10-01 09:50:00,161 - INFO - --- validation at epoch 307, val_loss 0.0083, val_mae 0.0993, val_rmse 0.1375, val_r2 0.7695, val_pearson 0.8799, lr 1.00e-06 ---
2026-10-01 09:50:00,161 - INFO - 
****************************************************************************************************
2026-10-01 09:50:01,998 - INFO - --- training epoch 308, loss 0.0090, mae 0.0990, rmse 0.1338, time elapsed(min) 0.03---
2026-10-01 09:50:02,227 - INFO - --- validation at epoch 308, val_loss 0.0083, val_mae 0.0993, val_rmse 0.1374, val_r2 0.7696, val_pearson 0.8800, lr 1.00e-06 ---
2026-10-01 09:50:02,227 - INFO - 
****************************************************************************************************
2026-10-01 09:50:04,080 - INFO - --- training epoch 309, loss 0.0090, mae 0.0990, rmse 0.1339, time elapsed(min) 0.03---
2026-10-01 09:50:04,313 - INFO - --- validation at epoch 309, val_loss 0.0083, val_mae 0.0993, val_rmse 0.1375, val_r2 0.7695, val_pearson 0.8801, lr 1.00e-06 ---
2026-10-01 09:50:04,313 - INFO - 
****************************************************************************************************
2026-10-01 09:50:06,369 - INFO - --- training epoch 310, loss 0.0089, mae 0.0997, rmse 0.1337, time elapsed(min) 0.03---
2026-10-01 09:50:06,795 - INFO - --- validation at epoch 310, val_loss 0.0083, val_mae 0.0993, val_rmse 0.1374, val_r2 0.7698, val_pearson 0.8801, lr 1.00e-06 ---
2026-10-01 09:50:06,795 - INFO - 
****************************************************************************************************
2026-10-01 09:50:08,863 - INFO - --- training epoch 311, loss 0.0089, mae 0.0986, rmse 0.1334, time elapsed(min) 0.03---
2026-10-01 09:50:09,102 - INFO - --- validation at epoch 311, val_loss 0.0083, val_mae 0.0993, val_rmse 0.1375, val_r2 0.7692, val_pearson 0.8799, lr 1.00e-06 ---
2026-10-01 09:50:09,102 - INFO - 
****************************************************************************************************
2026-10-01 09:50:10,949 - INFO - --- training epoch 312, loss 0.0089, mae 0.0995, rmse 0.1333, time elapsed(min) 0.03---
2026-10-01 09:50:11,181 - INFO - --- validation at epoch 312, val_loss 0.0083, val_mae 0.0993, val_rmse 0.1375, val_r2 0.7694, val_pearson 0.8799, lr 1.00e-06 ---
2026-10-01 09:50:11,181 - INFO - 
****************************************************************************************************
2026-10-01 09:50:13,122 - INFO - --- training epoch 313, loss 0.0091, mae 0.0996, rmse 0.1346, time elapsed(min) 0.03---
2026-10-01 09:50:13,528 - INFO - --- validation at epoch 313, val_loss 0.0083, val_mae 0.0992, val_rmse 0.1372, val_r2 0.7702, val_pearson 0.8801, lr 1.00e-06 ---
2026-10-01 09:50:13,528 - INFO - 
****************************************************************************************************
2026-10-01 09:50:15,517 - INFO - --- training epoch 314, loss 0.0090, mae 0.0995, rmse 0.1345, time elapsed(min) 0.03---
2026-10-01 09:50:15,751 - INFO - --- validation at epoch 314, val_loss 0.0083, val_mae 0.0992, val_rmse 0.1372, val_r2 0.7702, val_pearson 0.8801, lr 1.00e-06 ---
2026-10-01 09:50:15,751 - INFO - 
****************************************************************************************************
2026-10-01 09:50:17,801 - INFO - --- training epoch 315, loss 0.0089, mae 0.0990, rmse 0.1331, time elapsed(min) 0.03---
2026-10-01 09:50:18,034 - INFO - --- validation at epoch 315, val_loss 0.0083, val_mae 0.0992, val_rmse 0.1374, val_r2 0.7698, val_pearson 0.8801, lr 1.00e-06 ---
2026-10-01 09:50:18,034 - INFO - 
****************************************************************************************************
2026-10-01 09:50:20,052 - INFO - --- training epoch 316, loss 0.0088, mae 0.0987, rmse 0.1329, time elapsed(min) 0.03---
2026-10-01 09:50:20,440 - INFO - --- validation at epoch 316, val_loss 0.0083, val_mae 0.0992, val_rmse 0.1374, val_r2 0.7696, val_pearson 0.8801, lr 1.00e-06 ---
2026-10-01 09:50:20,440 - INFO - 
****************************************************************************************************
2026-10-01 09:50:22,567 - INFO - --- training epoch 317, loss 0.0089, mae 0.0991, rmse 0.1334, time elapsed(min) 0.03---
2026-10-01 09:50:22,794 - INFO - --- validation at epoch 317, val_loss 0.0083, val_mae 0.0992, val_rmse 0.1374, val_r2 0.7697, val_pearson 0.8801, lr 1.00e-06 ---
2026-10-01 09:50:22,794 - INFO - 
****************************************************************************************************
2026-10-01 09:50:24,694 - INFO - --- training epoch 318, loss 0.0090, mae 0.0996, rmse 0.1341, time elapsed(min) 0.03---
2026-10-01 09:50:24,926 - INFO - --- validation at epoch 318, val_loss 0.0083, val_mae 0.0992, val_rmse 0.1374, val_r2 0.7698, val_pearson 0.8802, lr 1.00e-06 ---
2026-10-01 09:50:24,926 - INFO - 
****************************************************************************************************
2026-10-01 09:50:26,782 - INFO - --- training epoch 319, loss 0.0089, mae 0.0992, rmse 0.1336, time elapsed(min) 0.03---
2026-10-01 09:50:27,153 - INFO - --- validation at epoch 319, val_loss 0.0083, val_mae 0.0992, val_rmse 0.1372, val_r2 0.7702, val_pearson 0.8802, lr 1.00e-06 ---
2026-10-01 09:50:27,153 - INFO - 
****************************************************************************************************
2026-10-01 09:50:29,238 - INFO - --- training epoch 320, loss 0.0089, mae 0.0989, rmse 0.1337, time elapsed(min) 0.03---
2026-10-01 09:50:29,675 - INFO - --- validation at epoch 320, val_loss 0.0083, val_mae 0.0992, val_rmse 0.1372, val_r2 0.7702, val_pearson 0.8803, lr 1.00e-06 ---
2026-10-01 09:50:29,675 - INFO - 
****************************************************************************************************
2026-10-01 09:50:31,749 - INFO - --- training epoch 321, loss 0.0090, mae 0.0994, rmse 0.1339, time elapsed(min) 0.03---
2026-10-01 09:50:31,991 - INFO - --- validation at epoch 321, val_loss 0.0083, val_mae 0.0992, val_rmse 0.1373, val_r2 0.7700, val_pearson 0.8802, lr 1.00e-06 ---
2026-10-01 09:50:31,991 - INFO - 
****************************************************************************************************
2026-10-01 09:50:33,910 - INFO - --- training epoch 322, loss 0.0088, mae 0.0985, rmse 0.1328, time elapsed(min) 0.03---
2026-10-01 09:50:34,145 - INFO - --- validation at epoch 322, val_loss 0.0083, val_mae 0.0991, val_rmse 0.1372, val_r2 0.7703, val_pearson 0.8803, lr 1.00e-06 ---
2026-10-01 09:50:34,145 - INFO - 
****************************************************************************************************
2026-10-01 09:50:36,172 - INFO - --- training epoch 323, loss 0.0090, mae 0.1000, rmse 0.1343, time elapsed(min) 0.03---
2026-10-01 09:50:36,597 - INFO - --- validation at epoch 323, val_loss 0.0083, val_mae 0.0992, val_rmse 0.1373, val_r2 0.7700, val_pearson 0.8802, lr 1.00e-06 ---
2026-10-01 09:50:36,597 - INFO - 
****************************************************************************************************
2026-10-01 09:50:38,572 - INFO - --- training epoch 324, loss 0.0089, mae 0.0984, rmse 0.1333, time elapsed(min) 0.03---
2026-10-01 09:50:38,801 - INFO - --- validation at epoch 324, val_loss 0.0083, val_mae 0.0992, val_rmse 0.1373, val_r2 0.7699, val_pearson 0.8802, lr 1.00e-06 ---
2026-10-01 09:50:38,801 - INFO - 
****************************************************************************************************
2026-10-01 09:50:40,669 - INFO - --- training epoch 325, loss 0.0087, mae 0.0981, rmse 0.1323, time elapsed(min) 0.03---
2026-10-01 09:50:40,898 - INFO - --- validation at epoch 325, val_loss 0.0083, val_mae 0.0992, val_rmse 0.1374, val_r2 0.7698, val_pearson 0.8802, lr 1.00e-06 ---
2026-10-01 09:50:40,898 - INFO - 
****************************************************************************************************
2026-10-01 09:50:42,742 - INFO - --- training epoch 326, loss 0.0088, mae 0.0988, rmse 0.1327, time elapsed(min) 0.03---
2026-10-01 09:50:43,133 - INFO - --- validation at epoch 326, val_loss 0.0083, val_mae 0.0991, val_rmse 0.1373, val_r2 0.7700, val_pearson 0.8803, lr 1.00e-06 ---
2026-10-01 09:50:43,133 - INFO - 
****************************************************************************************************
2026-10-01 09:50:45,232 - INFO - --- training epoch 327, loss 0.0087, mae 0.0979, rmse 0.1320, time elapsed(min) 0.03---
2026-10-01 09:50:45,460 - INFO - --- validation at epoch 327, val_loss 0.0083, val_mae 0.0991, val_rmse 0.1373, val_r2 0.7702, val_pearson 0.8803, lr 1.00e-06 ---
2026-10-01 09:50:45,460 - INFO - 
****************************************************************************************************
2026-10-01 09:50:47,343 - INFO - --- training epoch 328, loss 0.0090, mae 0.0991, rmse 0.1340, time elapsed(min) 0.03---
2026-10-01 09:50:47,566 - INFO - --- validation at epoch 328, val_loss 0.0083, val_mae 0.0991, val_rmse 0.1374, val_r2 0.7698, val_pearson 0.8803, lr 1.00e-06 ---
2026-10-01 09:50:47,566 - INFO - 
****************************************************************************************************
2026-10-01 09:50:49,471 - INFO - --- training epoch 329, loss 0.0089, mae 0.0988, rmse 0.1331, time elapsed(min) 0.03---
2026-10-01 09:50:49,852 - INFO - --- validation at epoch 329, val_loss 0.0083, val_mae 0.0992, val_rmse 0.1374, val_r2 0.7697, val_pearson 0.8803, lr 1.00e-06 ---
2026-10-01 09:50:49,852 - INFO - 
****************************************************************************************************
2026-10-01 09:50:51,907 - INFO - --- training epoch 330, loss 0.0089, mae 0.0989, rmse 0.1334, time elapsed(min) 0.03---
2026-10-01 09:50:52,130 - INFO - --- validation at epoch 330, val_loss 0.0083, val_mae 0.0992, val_rmse 0.1373, val_r2 0.7700, val_pearson 0.8802, lr 1.00e-06 ---
2026-10-01 09:50:52,130 - INFO - 
****************************************************************************************************
2026-10-01 09:50:53,967 - INFO - --- training epoch 331, loss 0.0089, mae 0.0992, rmse 0.1335, time elapsed(min) 0.03---
2026-10-01 09:50:54,205 - INFO - --- validation at epoch 331, val_loss 0.0083, val_mae 0.0992, val_rmse 0.1373, val_r2 0.7701, val_pearson 0.8802, lr 1.00e-06 ---
2026-10-01 09:50:54,205 - INFO - 
****************************************************************************************************
2026-10-01 09:50:56,051 - INFO - --- training epoch 332, loss 0.0089, mae 0.0993, rmse 0.1335, time elapsed(min) 0.03---
2026-10-01 09:50:56,430 - INFO - --- validation at epoch 332, val_loss 0.0083, val_mae 0.0992, val_rmse 0.1373, val_r2 0.7699, val_pearson 0.8801, lr 1.00e-06 ---
2026-10-01 09:50:56,430 - INFO - 
****************************************************************************************************
2026-10-01 09:50:58,558 - INFO - --- training epoch 333, loss 0.0089, mae 0.0989, rmse 0.1335, time elapsed(min) 0.03---
2026-10-01 09:50:58,789 - INFO - --- validation at epoch 333, val_loss 0.0083, val_mae 0.0991, val_rmse 0.1373, val_r2 0.7700, val_pearson 0.8802, lr 1.00e-06 ---
2026-10-01 09:50:58,789 - INFO - 
****************************************************************************************************
2026-10-01 09:51:00,839 - INFO - --- training epoch 334, loss 0.0089, mae 0.0988, rmse 0.1335, time elapsed(min) 0.03---
2026-10-01 09:51:01,074 - INFO - --- validation at epoch 334, val_loss 0.0083, val_mae 0.0992, val_rmse 0.1375, val_r2 0.7695, val_pearson 0.8800, lr 1.00e-06 ---
2026-10-01 09:51:01,074 - INFO - 
****************************************************************************************************
2026-10-01 09:51:02,956 - INFO - --- training epoch 335, loss 0.0089, mae 0.0996, rmse 0.1337, time elapsed(min) 0.03---
2026-10-01 09:51:03,328 - INFO - --- validation at epoch 335, val_loss 0.0083, val_mae 0.0993, val_rmse 0.1376, val_r2 0.7689, val_pearson 0.8799, lr 1.00e-06 ---
2026-10-01 09:51:03,328 - INFO - 
****************************************************************************************************
2026-10-01 09:51:05,521 - INFO - --- training epoch 336, loss 0.0089, mae 0.0990, rmse 0.1334, time elapsed(min) 0.03---
2026-10-01 09:51:05,756 - INFO - --- validation at epoch 336, val_loss 0.0083, val_mae 0.0992, val_rmse 0.1373, val_r2 0.7699, val_pearson 0.8801, lr 1.00e-06 ---
2026-10-01 09:51:05,756 - INFO - 
****************************************************************************************************
2026-10-01 09:51:07,656 - INFO - --- training epoch 337, loss 0.0089, mae 0.0991, rmse 0.1333, time elapsed(min) 0.03---
2026-10-01 09:51:07,880 - INFO - --- validation at epoch 337, val_loss 0.0083, val_mae 0.0992, val_rmse 0.1374, val_r2 0.7696, val_pearson 0.8801, lr 1.00e-06 ---
2026-10-01 09:51:07,880 - INFO - 
****************************************************************************************************
2026-10-01 09:51:09,745 - INFO - --- training epoch 338, loss 0.0088, mae 0.0987, rmse 0.1330, time elapsed(min) 0.03---
2026-10-01 09:51:09,977 - INFO - --- validation at epoch 338, val_loss 0.0083, val_mae 0.0992, val_rmse 0.1374, val_r2 0.7695, val_pearson 0.8801, lr 1.00e-06 ---
2026-10-01 09:51:09,977 - INFO - 
****************************************************************************************************
2026-10-01 09:51:11,990 - INFO - --- training epoch 339, loss 0.0088, mae 0.0989, rmse 0.1327, time elapsed(min) 0.03---
2026-10-01 09:51:12,417 - INFO - --- validation at epoch 339, val_loss 0.0083, val_mae 0.0991, val_rmse 0.1373, val_r2 0.7701, val_pearson 0.8801, lr 1.00e-06 ---
2026-10-01 09:51:12,417 - INFO - 
****************************************************************************************************
2026-10-01 09:51:14,374 - INFO - --- training epoch 340, loss 0.0089, mae 0.0989, rmse 0.1333, time elapsed(min) 0.03---
2026-10-01 09:51:14,603 - INFO - --- validation at epoch 340, val_loss 0.0083, val_mae 0.0991, val_rmse 0.1374, val_r2 0.7697, val_pearson 0.8801, lr 1.00e-06 ---
2026-10-01 09:51:14,603 - INFO - 
****************************************************************************************************
2026-10-01 09:51:16,471 - INFO - --- training epoch 341, loss 0.0090, mae 0.0993, rmse 0.1339, time elapsed(min) 0.03---
2026-10-01 09:51:16,703 - INFO - --- validation at epoch 341, val_loss 0.0083, val_mae 0.0991, val_rmse 0.1373, val_r2 0.7700, val_pearson 0.8802, lr 1.00e-06 ---
2026-10-01 09:51:16,703 - INFO - 
****************************************************************************************************
2026-10-01 09:51:18,633 - INFO - --- training epoch 342, loss 0.0088, mae 0.0990, rmse 0.1330, time elapsed(min) 0.03---
2026-10-01 09:51:19,090 - INFO - --- validation at epoch 342, val_loss 0.0083, val_mae 0.0992, val_rmse 0.1374, val_r2 0.7698, val_pearson 0.8802, lr 1.00e-06 ---
2026-10-01 09:51:19,090 - INFO - 
****************************************************************************************************
2026-10-01 09:51:21,048 - INFO - --- training epoch 343, loss 0.0089, mae 0.0990, rmse 0.1333, time elapsed(min) 0.03---
2026-10-01 09:51:21,281 - INFO - --- validation at epoch 343, val_loss 0.0083, val_mae 0.0992, val_rmse 0.1374, val_r2 0.7697, val_pearson 0.8801, lr 1.00e-06 ---
2026-10-01 09:51:21,281 - INFO - 
****************************************************************************************************
2026-10-01 09:51:23,130 - INFO - --- training epoch 344, loss 0.0089, mae 0.0987, rmse 0.1331, time elapsed(min) 0.03---
2026-10-01 09:51:23,356 - INFO - --- validation at epoch 344, val_loss 0.0083, val_mae 0.0992, val_rmse 0.1373, val_r2 0.7699, val_pearson 0.8802, lr 1.00e-06 ---
2026-10-01 09:51:23,356 - INFO - 
****************************************************************************************************
2026-10-01 09:51:25,366 - INFO - --- training epoch 345, loss 0.0090, mae 0.0999, rmse 0.1345, time elapsed(min) 0.03---
2026-10-01 09:51:25,750 - INFO - --- validation at epoch 345, val_loss 0.0083, val_mae 0.0992, val_rmse 0.1373, val_r2 0.7699, val_pearson 0.8801, lr 1.00e-06 ---
2026-10-01 09:51:25,750 - INFO - 
****************************************************************************************************
2026-10-01 09:51:27,870 - INFO - --- training epoch 346, loss 0.0090, mae 0.0989, rmse 0.1340, time elapsed(min) 0.03---
2026-10-01 09:51:28,106 - INFO - --- validation at epoch 346, val_loss 0.0083, val_mae 0.0993, val_rmse 0.1375, val_r2 0.7692, val_pearson 0.8800, lr 1.00e-06 ---
2026-10-01 09:51:28,106 - INFO - 
****************************************************************************************************
2026-10-01 09:51:29,949 - INFO - --- training epoch 347, loss 0.0090, mae 0.0994, rmse 0.1340, time elapsed(min) 0.03---
2026-10-01 09:51:30,225 - INFO - --- validation at epoch 347, val_loss 0.0083, val_mae 0.0992, val_rmse 0.1374, val_r2 0.7697, val_pearson 0.8801, lr 1.00e-06 ---
2026-10-01 09:51:30,225 - INFO - 
****************************************************************************************************
2026-10-01 09:51:30,519 - INFO - --- early stopping at epoch 347: val_loss did not improve for 50 epochs ---
2026-10-01 09:51:30,822 - INFO - --- selected checkpoint from epoch 297, val_loss 0.0083, val_mae 0.0991, val_rmse 0.1372
2026-10-01 09:51:31,689 - INFO - -- RESULT
2026-10-01 09:51:31,689 - INFO - --- test size: 1728
2026-10-01 09:51:31,689 - INFO - --- MAE: 0.1054 (10.54 pp), RMSE: 0.1416 (14.16 pp), R2: 0.7432, Pearson: 0.8625
2026-10-01 09:51:34,247 - INFO - --- Suzuki-Miyaura | split_5 | approach_2: test R2 0.7432 MAE 0.1054 RMSE 0.1416 | 789.8s (2.3s/epoch)
2026-10-01 09:51:34,250 - INFO - --- Suzuki-Miyaura | split_5 | MLP control (ind/mlp) (ind/mlp)
