2026-10-01 06:26:57,235 - INFO - device is	cuda:0
2026-10-01 06:26:57,340 - INFO - -- CONFIGURATIONS
2026-10-01 06:26:57,340 - INFO - --- train/valid/test: 3628/404/1728
2026-10-01 06:26:57,340 - INFO - --- max no. reactants_train, valid, test respectively: 14, 14, 14
2026-10-01 06:26:57,340 - INFO - --- max no. products_train, valid, test respectively: 1, 1, 1
2026-10-01 06:26:57,340 - INFO - --- model_path: ../logs/approach2_grid_suzuki/e400/runs/Suzuki-Miyaura_split_0_approach_3/model.pt
2026-10-01 06:26:57,346 - INFO - -- TRAINING
2026-10-01 06:26:58,804 - INFO - --- training epoch 0, loss 2.6940, mae 3.0800, rmse 7.8542, time elapsed(min) 0.02---
2026-10-01 06:26:59,036 - INFO - --- validation at epoch 0, val_loss 0.0532, val_mae 0.2965, val_rmse 0.3325, val_r2 -0.2300, val_pearson -0.0054, lr 1.00e-03 ---
2026-10-01 06:26:59,036 - INFO - 
****************************************************************************************************
2026-10-01 06:27:00,813 - INFO - --- training epoch 1, loss 0.0488, mae 0.2637, rmse 0.3123, time elapsed(min) 0.02---
2026-10-01 06:27:01,022 - INFO - --- validation at epoch 1, val_loss 0.0426, val_mae 0.2606, val_rmse 0.2976, val_r2 0.0145, val_pearson 0.1932, lr 1.00e-03 ---
2026-10-01 06:27:01,022 - INFO - 
****************************************************************************************************
2026-10-01 06:27:02,855 - INFO - --- training epoch 2, loss 0.0388, mae 0.2405, rmse 0.2785, time elapsed(min) 0.03---
2026-10-01 06:27:03,191 - INFO - --- validation at epoch 2, val_loss 0.0423, val_mae 0.2565, val_rmse 0.2958, val_r2 0.0265, val_pearson 0.2117, lr 1.00e-03 ---
2026-10-01 06:27:03,191 - INFO - 
****************************************************************************************************
2026-10-01 06:27:05,182 - INFO - --- training epoch 3, loss 0.0380, mae 0.2376, rmse 0.2755, time elapsed(min) 0.03---
2026-10-01 06:27:05,393 - INFO - --- validation at epoch 3, val_loss 0.0415, val_mae 0.2542, val_rmse 0.2932, val_r2 0.0437, val_pearson 0.2171, lr 1.00e-03 ---
2026-10-01 06:27:05,393 - INFO - 
****************************************************************************************************
2026-10-01 06:27:07,166 - INFO - --- training epoch 4, loss 0.0381, mae 0.2371, rmse 0.2759, time elapsed(min) 0.02---
2026-10-01 06:27:07,375 - INFO - --- validation at epoch 4, val_loss 0.0412, val_mae 0.2557, val_rmse 0.2921, val_r2 0.0505, val_pearson 0.2286, lr 1.00e-03 ---
2026-10-01 06:27:07,375 - INFO - 
****************************************************************************************************
2026-10-01 06:27:09,159 - INFO - --- training epoch 5, loss 0.0391, mae 0.2376, rmse 0.2795, time elapsed(min) 0.02---
2026-10-01 06:27:09,490 - INFO - --- validation at epoch 5, val_loss 0.0410, val_mae 0.2540, val_rmse 0.2913, val_r2 0.0559, val_pearson 0.2397, lr 1.00e-03 ---
2026-10-01 06:27:09,490 - INFO - 
****************************************************************************************************
2026-10-01 06:27:11,356 - INFO - --- training epoch 6, loss 0.0375, mae 0.2354, rmse 0.2739, time elapsed(min) 0.03---
2026-10-01 06:27:11,728 - INFO - --- validation at epoch 6, val_loss 0.0407, val_mae 0.2531, val_rmse 0.2902, val_r2 0.0629, val_pearson 0.2533, lr 1.00e-03 ---
2026-10-01 06:27:11,728 - INFO - 
****************************************************************************************************
2026-10-01 06:27:13,627 - INFO - --- training epoch 7, loss 0.0368, mae 0.2326, rmse 0.2714, time elapsed(min) 0.02---
2026-10-01 06:27:13,838 - INFO - --- validation at epoch 7, val_loss 0.0401, val_mae 0.2522, val_rmse 0.2884, val_r2 0.0744, val_pearson 0.2828, lr 1.00e-03 ---
2026-10-01 06:27:13,838 - INFO - 
****************************************************************************************************
2026-10-01 06:27:15,635 - INFO - --- training epoch 8, loss 0.0379, mae 0.2338, rmse 0.2751, time elapsed(min) 0.02---
2026-10-01 06:27:15,846 - INFO - --- validation at epoch 8, val_loss 0.0403, val_mae 0.2548, val_rmse 0.2887, val_r2 0.0728, val_pearson 0.3303, lr 1.00e-03 ---
2026-10-01 06:27:15,846 - INFO - 
****************************************************************************************************
2026-10-01 06:27:17,576 - INFO - --- training epoch 9, loss 0.0364, mae 0.2273, rmse 0.2700, time elapsed(min) 0.02---
2026-10-01 06:27:18,007 - INFO - --- validation at epoch 9, val_loss 0.0383, val_mae 0.2435, val_rmse 0.2791, val_r2 0.1330, val_pearson 0.4130, lr 1.00e-03 ---
2026-10-01 06:27:18,007 - INFO - 
****************************************************************************************************
2026-10-01 06:27:19,909 - INFO - --- training epoch 10, loss 0.0376, mae 0.2285, rmse 0.2742, time elapsed(min) 0.02---
2026-10-01 06:27:20,121 - INFO - --- validation at epoch 10, val_loss 0.0480, val_mae 0.2440, val_rmse 0.3098, val_r2 -0.0682, val_pearson 0.4208, lr 1.00e-03 ---
2026-10-01 06:27:20,121 - INFO - 
****************************************************************************************************
2026-10-01 06:27:21,842 - INFO - --- training epoch 11, loss 0.0348, mae 0.2215, rmse 0.2639, time elapsed(min) 0.02---
2026-10-01 06:27:22,054 - INFO - --- validation at epoch 11, val_loss 0.0381, val_mae 0.2276, val_rmse 0.2760, val_r2 0.1520, val_pearson 0.4290, lr 1.00e-03 ---
2026-10-01 06:27:22,054 - INFO - 
****************************************************************************************************
2026-10-01 06:27:23,840 - INFO - --- training epoch 12, loss 0.0338, mae 0.2188, rmse 0.2599, time elapsed(min) 0.02---
2026-10-01 06:27:24,213 - INFO - --- validation at epoch 12, val_loss 0.0369, val_mae 0.2332, val_rmse 0.2721, val_r2 0.1761, val_pearson 0.4305, lr 1.00e-03 ---
2026-10-01 06:27:24,213 - INFO - 
****************************************************************************************************
2026-10-01 06:27:26,215 - INFO - --- training epoch 13, loss 0.0345, mae 0.2206, rmse 0.2627, time elapsed(min) 0.03---
2026-10-01 06:27:26,426 - INFO - --- validation at epoch 13, val_loss 0.0370, val_mae 0.2359, val_rmse 0.2733, val_r2 0.1688, val_pearson 0.4344, lr 1.00e-03 ---
2026-10-01 06:27:26,426 - INFO - 
****************************************************************************************************
2026-10-01 06:27:28,181 - INFO - --- training epoch 14, loss 0.0343, mae 0.2203, rmse 0.2620, time elapsed(min) 0.02---
2026-10-01 06:27:28,392 - INFO - --- validation at epoch 14, val_loss 0.0366, val_mae 0.2334, val_rmse 0.2717, val_r2 0.1787, val_pearson 0.4376, lr 1.00e-03 ---
2026-10-01 06:27:28,392 - INFO - 
****************************************************************************************************
2026-10-01 06:27:30,204 - INFO - --- training epoch 15, loss 0.0342, mae 0.2202, rmse 0.2616, time elapsed(min) 0.02---
2026-10-01 06:27:30,529 - INFO - --- validation at epoch 15, val_loss 0.0367, val_mae 0.2340, val_rmse 0.2718, val_r2 0.1782, val_pearson 0.4427, lr 1.00e-03 ---
2026-10-01 06:27:30,529 - INFO - 
****************************************************************************************************
2026-10-01 06:27:32,351 - INFO - --- training epoch 16, loss 0.0382, mae 0.2293, rmse 0.2764, time elapsed(min) 0.03---
2026-10-01 06:27:32,728 - INFO - --- validation at epoch 16, val_loss 0.0409, val_mae 0.2539, val_rmse 0.2886, val_r2 0.0734, val_pearson 0.4378, lr 1.00e-03 ---
2026-10-01 06:27:32,729 - INFO - 
****************************************************************************************************
2026-10-01 06:27:34,638 - INFO - --- training epoch 17, loss 0.0352, mae 0.2226, rmse 0.2653, time elapsed(min) 0.03---
2026-10-01 06:27:34,863 - INFO - --- validation at epoch 17, val_loss 0.0364, val_mae 0.2302, val_rmse 0.2707, val_r2 0.1849, val_pearson 0.4421, lr 1.00e-03 ---
2026-10-01 06:27:34,863 - INFO - 
****************************************************************************************************
2026-10-01 06:27:36,660 - INFO - --- training epoch 18, loss 0.0335, mae 0.2175, rmse 0.2587, time elapsed(min) 0.02---
2026-10-01 06:27:36,871 - INFO - --- validation at epoch 18, val_loss 0.0360, val_mae 0.2312, val_rmse 0.2694, val_r2 0.1926, val_pearson 0.4574, lr 1.00e-03 ---
2026-10-01 06:27:36,871 - INFO - 
****************************************************************************************************
2026-10-01 06:27:38,799 - INFO - --- training epoch 19, loss 0.0330, mae 0.2154, rmse 0.2571, time elapsed(min) 0.03---
2026-10-01 06:27:39,193 - INFO - --- validation at epoch 19, val_loss 0.0346, val_mae 0.2236, val_rmse 0.2648, val_r2 0.2198, val_pearson 0.4829, lr 1.00e-03 ---
2026-10-01 06:27:39,193 - INFO - 
****************************************************************************************************
2026-10-01 06:27:41,095 - INFO - --- training epoch 20, loss 0.0314, mae 0.2074, rmse 0.2507, time elapsed(min) 0.02---
2026-10-01 06:27:41,305 - INFO - --- validation at epoch 20, val_loss 0.0317, val_mae 0.2114, val_rmse 0.2541, val_r2 0.2817, val_pearson 0.5647, lr 1.00e-03 ---
2026-10-01 06:27:41,305 - INFO - 
****************************************************************************************************
2026-10-01 06:27:43,143 - INFO - --- training epoch 21, loss 0.0351, mae 0.2186, rmse 0.2648, time elapsed(min) 0.02---
2026-10-01 06:27:43,357 - INFO - --- validation at epoch 21, val_loss 0.0345, val_mae 0.2296, val_rmse 0.2642, val_r2 0.2232, val_pearson 0.5229, lr 1.00e-03 ---
2026-10-01 06:27:43,357 - INFO - 
****************************************************************************************************
2026-10-01 06:27:45,123 - INFO - --- training epoch 22, loss 0.0326, mae 0.2121, rmse 0.2555, time elapsed(min) 0.02---
2026-10-01 06:27:45,459 - INFO - --- validation at epoch 22, val_loss 0.0318, val_mae 0.2091, val_rmse 0.2543, val_r2 0.2802, val_pearson 0.5494, lr 1.00e-03 ---
2026-10-01 06:27:45,459 - INFO - 
****************************************************************************************************
2026-10-01 06:27:47,467 - INFO - --- training epoch 23, loss 0.0275, mae 0.1925, rmse 0.2343, time elapsed(min) 0.03---
2026-10-01 06:27:47,679 - INFO - --- validation at epoch 23, val_loss 0.0281, val_mae 0.1904, val_rmse 0.2324, val_r2 0.3989, val_pearson 0.6444, lr 1.00e-03 ---
2026-10-01 06:27:47,679 - INFO - 
****************************************************************************************************
2026-10-01 06:27:49,481 - INFO - --- training epoch 24, loss 0.0249, mae 0.1814, rmse 0.2233, time elapsed(min) 0.02---
2026-10-01 06:27:49,694 - INFO - --- validation at epoch 24, val_loss 0.0272, val_mae 0.1855, val_rmse 0.2283, val_r2 0.4200, val_pearson 0.6596, lr 1.00e-03 ---
2026-10-01 06:27:49,694 - INFO - 
****************************************************************************************************
2026-10-01 06:27:51,552 - INFO - --- training epoch 25, loss 0.0238, mae 0.1776, rmse 0.2182, time elapsed(min) 0.02---
2026-10-01 06:27:51,890 - INFO - --- validation at epoch 25, val_loss 0.0276, val_mae 0.1822, val_rmse 0.2283, val_r2 0.4199, val_pearson 0.6774, lr 1.00e-03 ---
2026-10-01 06:27:51,890 - INFO - 
****************************************************************************************************
2026-10-01 06:27:53,808 - INFO - --- training epoch 26, loss 0.0233, mae 0.1749, rmse 0.2158, time elapsed(min) 0.03---
2026-10-01 06:27:54,068 - INFO - --- validation at epoch 26, val_loss 0.0257, val_mae 0.1750, val_rmse 0.2205, val_r2 0.4587, val_pearson 0.6986, lr 1.00e-03 ---
2026-10-01 06:27:54,068 - INFO - 
****************************************************************************************************
2026-10-01 06:27:55,912 - INFO - --- training epoch 27, loss 0.0229, mae 0.1731, rmse 0.2140, time elapsed(min) 0.02---
2026-10-01 06:27:56,174 - INFO - --- validation at epoch 27, val_loss 0.0245, val_mae 0.1733, val_rmse 0.2168, val_r2 0.4769, val_pearson 0.7095, lr 1.00e-03 ---
2026-10-01 06:27:56,174 - INFO - 
****************************************************************************************************
2026-10-01 06:27:57,989 - INFO - --- training epoch 28, loss 0.0233, mae 0.1731, rmse 0.2157, time elapsed(min) 0.02---
2026-10-01 06:27:58,318 - INFO - --- validation at epoch 28, val_loss 0.0224, val_mae 0.1725, val_rmse 0.2092, val_r2 0.5131, val_pearson 0.7309, lr 1.00e-03 ---
2026-10-01 06:27:58,318 - INFO - 
****************************************************************************************************
2026-10-01 06:28:00,349 - INFO - --- training epoch 29, loss 0.0211, mae 0.1649, rmse 0.2054, time elapsed(min) 0.03---
2026-10-01 06:28:00,559 - INFO - --- validation at epoch 29, val_loss 0.0238, val_mae 0.1691, val_rmse 0.2143, val_r2 0.4891, val_pearson 0.7327, lr 1.00e-03 ---
2026-10-01 06:28:00,559 - INFO - 
****************************************************************************************************
2026-10-01 06:28:02,293 - INFO - --- training epoch 30, loss 0.0211, mae 0.1655, rmse 0.2055, time elapsed(min) 0.02---
2026-10-01 06:28:02,506 - INFO - --- validation at epoch 30, val_loss 0.0263, val_mae 0.1756, val_rmse 0.2243, val_r2 0.4403, val_pearson 0.7415, lr 1.00e-03 ---
2026-10-01 06:28:02,506 - INFO - 
****************************************************************************************************
2026-10-01 06:28:04,280 - INFO - --- training epoch 31, loss 0.0214, mae 0.1669, rmse 0.2071, time elapsed(min) 0.02---
2026-10-01 06:28:04,491 - INFO - --- validation at epoch 31, val_loss 0.0234, val_mae 0.1660, val_rmse 0.2123, val_r2 0.4984, val_pearson 0.7498, lr 1.00e-03 ---
2026-10-01 06:28:04,491 - INFO - 
****************************************************************************************************
2026-10-01 06:28:06,339 - INFO - --- training epoch 32, loss 0.0206, mae 0.1626, rmse 0.2030, time elapsed(min) 0.03---
2026-10-01 06:28:06,810 - INFO - --- validation at epoch 32, val_loss 0.0218, val_mae 0.1615, val_rmse 0.2059, val_r2 0.5282, val_pearson 0.7553, lr 1.00e-03 ---
2026-10-01 06:28:06,811 - INFO - 
****************************************************************************************************
2026-10-01 06:28:08,618 - INFO - --- training epoch 33, loss 0.0205, mae 0.1623, rmse 0.2024, time elapsed(min) 0.02---
2026-10-01 06:28:08,830 - INFO - --- validation at epoch 33, val_loss 0.0212, val_mae 0.1597, val_rmse 0.2032, val_r2 0.5407, val_pearson 0.7581, lr 1.00e-03 ---
2026-10-01 06:28:08,830 - INFO - 
****************************************************************************************************
2026-10-01 06:28:10,686 - INFO - --- training epoch 34, loss 0.0204, mae 0.1623, rmse 0.2022, time elapsed(min) 0.02---
2026-10-01 06:28:11,013 - INFO - --- validation at epoch 34, val_loss 0.0205, val_mae 0.1593, val_rmse 0.2013, val_r2 0.5493, val_pearson 0.7587, lr 1.00e-03 ---
2026-10-01 06:28:11,013 - INFO - 
****************************************************************************************************
2026-10-01 06:28:12,918 - INFO - --- training epoch 35, loss 0.0203, mae 0.1609, rmse 0.2014, time elapsed(min) 0.03---
2026-10-01 06:28:13,393 - INFO - --- validation at epoch 35, val_loss 0.0225, val_mae 0.1639, val_rmse 0.2102, val_r2 0.5085, val_pearson 0.7591, lr 1.00e-03 ---
2026-10-01 06:28:13,394 - INFO - 
****************************************************************************************************
2026-10-01 06:28:15,147 - INFO - --- training epoch 36, loss 0.0198, mae 0.1591, rmse 0.1992, time elapsed(min) 0.02---
2026-10-01 06:28:15,362 - INFO - --- validation at epoch 36, val_loss 0.0211, val_mae 0.1597, val_rmse 0.2035, val_r2 0.5392, val_pearson 0.7657, lr 1.00e-03 ---
2026-10-01 06:28:15,362 - INFO - 
****************************************************************************************************
2026-10-01 06:28:17,134 - INFO - --- training epoch 37, loss 0.0195, mae 0.1573, rmse 0.1973, time elapsed(min) 0.02---
2026-10-01 06:28:17,478 - INFO - --- validation at epoch 37, val_loss 0.0208, val_mae 0.1571, val_rmse 0.2015, val_r2 0.5480, val_pearson 0.7663, lr 1.00e-03 ---
2026-10-01 06:28:17,478 - INFO - 
****************************************************************************************************
2026-10-01 06:28:19,418 - INFO - --- training epoch 38, loss 0.0195, mae 0.1563, rmse 0.1975, time elapsed(min) 0.03---
2026-10-01 06:28:19,630 - INFO - --- validation at epoch 38, val_loss 0.0213, val_mae 0.1578, val_rmse 0.2038, val_r2 0.5376, val_pearson 0.7697, lr 1.00e-03 ---
2026-10-01 06:28:19,630 - INFO - 
****************************************************************************************************
2026-10-01 06:28:21,335 - INFO - --- training epoch 39, loss 0.0196, mae 0.1571, rmse 0.1978, time elapsed(min) 0.02---
2026-10-01 06:28:21,593 - INFO - --- validation at epoch 39, val_loss 0.0206, val_mae 0.1570, val_rmse 0.2009, val_r2 0.5511, val_pearson 0.7699, lr 1.00e-03 ---
2026-10-01 06:28:21,593 - INFO - 
****************************************************************************************************
2026-10-01 06:28:23,322 - INFO - --- training epoch 40, loss 0.0187, mae 0.1533, rmse 0.1932, time elapsed(min) 0.02---
2026-10-01 06:28:23,651 - INFO - --- validation at epoch 40, val_loss 0.0205, val_mae 0.1572, val_rmse 0.2009, val_r2 0.5508, val_pearson 0.7730, lr 1.00e-03 ---
2026-10-01 06:28:23,651 - INFO - 
****************************************************************************************************
2026-10-01 06:28:25,774 - INFO - --- training epoch 41, loss 0.0190, mae 0.1549, rmse 0.1950, time elapsed(min) 0.03---
2026-10-01 06:28:25,985 - INFO - --- validation at epoch 41, val_loss 0.0194, val_mae 0.1526, val_rmse 0.1953, val_r2 0.5757, val_pearson 0.7745, lr 1.00e-03 ---
2026-10-01 06:28:25,985 - INFO - 
****************************************************************************************************
2026-10-01 06:28:27,787 - INFO - --- training epoch 42, loss 0.0191, mae 0.1552, rmse 0.1953, time elapsed(min) 0.02---
2026-10-01 06:28:28,004 - INFO - --- validation at epoch 42, val_loss 0.0198, val_mae 0.1508, val_rmse 0.1961, val_r2 0.5720, val_pearson 0.7758, lr 1.00e-03 ---
2026-10-01 06:28:28,004 - INFO - 
****************************************************************************************************
2026-10-01 06:28:29,747 - INFO - --- training epoch 43, loss 0.0189, mae 0.1543, rmse 0.1943, time elapsed(min) 0.02---
2026-10-01 06:28:30,074 - INFO - --- validation at epoch 43, val_loss 0.0192, val_mae 0.1503, val_rmse 0.1937, val_r2 0.5825, val_pearson 0.7754, lr 1.00e-03 ---
2026-10-01 06:28:30,074 - INFO - 
****************************************************************************************************
2026-10-01 06:28:32,081 - INFO - --- training epoch 44, loss 0.0188, mae 0.1536, rmse 0.1941, time elapsed(min) 0.03---
2026-10-01 06:28:32,549 - INFO - --- validation at epoch 44, val_loss 0.0195, val_mae 0.1510, val_rmse 0.1950, val_r2 0.5769, val_pearson 0.7758, lr 1.00e-03 ---
2026-10-01 06:28:32,549 - INFO - 
****************************************************************************************************
2026-10-01 06:28:34,268 - INFO - --- training epoch 45, loss 0.0186, mae 0.1528, rmse 0.1930, time elapsed(min) 0.02---
2026-10-01 06:28:34,481 - INFO - --- validation at epoch 45, val_loss 0.0196, val_mae 0.1513, val_rmse 0.1957, val_r2 0.5737, val_pearson 0.7817, lr 1.00e-03 ---
2026-10-01 06:28:34,481 - INFO - 
****************************************************************************************************
2026-10-01 06:28:36,216 - INFO - --- training epoch 46, loss 0.0182, mae 0.1506, rmse 0.1905, time elapsed(min) 0.02---
2026-10-01 06:28:36,430 - INFO - --- validation at epoch 46, val_loss 0.0191, val_mae 0.1474, val_rmse 0.1925, val_r2 0.5876, val_pearson 0.7835, lr 1.00e-03 ---
2026-10-01 06:28:36,431 - INFO - 
****************************************************************************************************
2026-10-01 06:28:38,337 - INFO - --- training epoch 47, loss 0.0184, mae 0.1524, rmse 0.1921, time elapsed(min) 0.03---
2026-10-01 06:28:38,717 - INFO - --- validation at epoch 47, val_loss 0.0180, val_mae 0.1447, val_rmse 0.1883, val_r2 0.6054, val_pearson 0.7874, lr 1.00e-03 ---
2026-10-01 06:28:38,717 - INFO - 
****************************************************************************************************
2026-10-01 06:28:40,684 - INFO - --- training epoch 48, loss 0.0175, mae 0.1469, rmse 0.1871, time elapsed(min) 0.02---
2026-10-01 06:28:40,903 - INFO - --- validation at epoch 48, val_loss 0.0195, val_mae 0.1493, val_rmse 0.1953, val_r2 0.5755, val_pearson 0.7870, lr 1.00e-03 ---
2026-10-01 06:28:40,903 - INFO - 
****************************************************************************************************
2026-10-01 06:28:42,660 - INFO - --- training epoch 49, loss 0.0173, mae 0.1459, rmse 0.1859, time elapsed(min) 0.02---
2026-10-01 06:28:42,873 - INFO - --- validation at epoch 49, val_loss 0.0185, val_mae 0.1465, val_rmse 0.1912, val_r2 0.5931, val_pearson 0.7956, lr 1.00e-03 ---
2026-10-01 06:28:42,873 - INFO - 
****************************************************************************************************
2026-10-01 06:28:44,730 - INFO - --- training epoch 50, loss 0.0179, mae 0.1493, rmse 0.1895, time elapsed(min) 0.03---
2026-10-01 06:28:45,072 - INFO - --- validation at epoch 50, val_loss 0.0191, val_mae 0.1478, val_rmse 0.1934, val_r2 0.5837, val_pearson 0.7957, lr 1.00e-03 ---
2026-10-01 06:28:45,072 - INFO - 
****************************************************************************************************
2026-10-01 06:28:47,066 - INFO - --- training epoch 51, loss 0.0170, mae 0.1449, rmse 0.1843, time elapsed(min) 0.03---
2026-10-01 06:28:47,278 - INFO - --- validation at epoch 51, val_loss 0.0186, val_mae 0.1481, val_rmse 0.1918, val_r2 0.5907, val_pearson 0.7980, lr 1.00e-03 ---
2026-10-01 06:28:47,278 - INFO - 
****************************************************************************************************
2026-10-01 06:28:49,004 - INFO - --- training epoch 52, loss 0.0170, mae 0.1445, rmse 0.1843, time elapsed(min) 0.02---
2026-10-01 06:28:49,221 - INFO - --- validation at epoch 52, val_loss 0.0192, val_mae 0.1504, val_rmse 0.1945, val_r2 0.5792, val_pearson 0.7994, lr 1.00e-03 ---
2026-10-01 06:28:49,221 - INFO - 
****************************************************************************************************
2026-10-01 06:28:50,948 - INFO - --- training epoch 53, loss 0.0177, mae 0.1481, rmse 0.1879, time elapsed(min) 0.02---
2026-10-01 06:28:51,279 - INFO - --- validation at epoch 53, val_loss 0.0173, val_mae 0.1452, val_rmse 0.1856, val_r2 0.6167, val_pearson 0.7963, lr 1.00e-03 ---
2026-10-01 06:28:51,279 - INFO - 
****************************************************************************************************
2026-10-01 06:28:53,286 - INFO - --- training epoch 54, loss 0.0179, mae 0.1494, rmse 0.1895, time elapsed(min) 0.03---
2026-10-01 06:28:53,500 - INFO - --- validation at epoch 54, val_loss 0.0170, val_mae 0.1441, val_rmse 0.1853, val_r2 0.6178, val_pearson 0.8008, lr 1.00e-03 ---
2026-10-01 06:28:53,500 - INFO - 
****************************************************************************************************
2026-10-01 06:28:55,330 - INFO - --- training epoch 55, loss 0.0164, mae 0.1422, rmse 0.1812, time elapsed(min) 0.02---
2026-10-01 06:28:55,545 - INFO - --- validation at epoch 55, val_loss 0.0201, val_mae 0.1534, val_rmse 0.1968, val_r2 0.5691, val_pearson 0.8080, lr 1.00e-03 ---
2026-10-01 06:28:55,545 - INFO - 
****************************************************************************************************
2026-10-01 06:28:57,306 - INFO - --- training epoch 56, loss 0.0173, mae 0.1470, rmse 0.1862, time elapsed(min) 0.02---
2026-10-01 06:28:57,634 - INFO - --- validation at epoch 56, val_loss 0.0191, val_mae 0.1474, val_rmse 0.1918, val_r2 0.5908, val_pearson 0.8065, lr 1.00e-03 ---
2026-10-01 06:28:57,634 - INFO - 
****************************************************************************************************
2026-10-01 06:28:59,485 - INFO - --- training epoch 57, loss 0.0169, mae 0.1438, rmse 0.1840, time elapsed(min) 0.03---
2026-10-01 06:28:59,885 - INFO - --- validation at epoch 57, val_loss 0.0191, val_mae 0.1459, val_rmse 0.1912, val_r2 0.5932, val_pearson 0.8065, lr 1.00e-03 ---
2026-10-01 06:28:59,885 - INFO - 
****************************************************************************************************
2026-10-01 06:29:01,674 - INFO - --- training epoch 58, loss 0.0158, mae 0.1393, rmse 0.1776, time elapsed(min) 0.02---
2026-10-01 06:29:01,887 - INFO - --- validation at epoch 58, val_loss 0.0195, val_mae 0.1494, val_rmse 0.1938, val_r2 0.5819, val_pearson 0.8125, lr 1.00e-03 ---
2026-10-01 06:29:01,887 - INFO - 
****************************************************************************************************
2026-10-01 06:29:03,611 - INFO - --- training epoch 59, loss 0.0159, mae 0.1395, rmse 0.1786, time elapsed(min) 0.02---
2026-10-01 06:29:03,939 - INFO - --- validation at epoch 59, val_loss 0.0193, val_mae 0.1476, val_rmse 0.1919, val_r2 0.5903, val_pearson 0.8053, lr 1.00e-03 ---
2026-10-01 06:29:03,939 - INFO - 
****************************************************************************************************
2026-10-01 06:29:05,799 - INFO - --- training epoch 60, loss 0.0156, mae 0.1387, rmse 0.1766, time elapsed(min) 0.03---
2026-10-01 06:29:06,199 - INFO - --- validation at epoch 60, val_loss 0.0198, val_mae 0.1505, val_rmse 0.1941, val_r2 0.5807, val_pearson 0.8185, lr 1.00e-03 ---
2026-10-01 06:29:06,199 - INFO - 
****************************************************************************************************
2026-10-01 06:29:08,018 - INFO - --- training epoch 61, loss 0.0158, mae 0.1397, rmse 0.1780, time elapsed(min) 0.02---
2026-10-01 06:29:08,228 - INFO - --- validation at epoch 61, val_loss 0.0184, val_mae 0.1451, val_rmse 0.1877, val_r2 0.6080, val_pearson 0.8200, lr 1.00e-03 ---
2026-10-01 06:29:08,228 - INFO - 
****************************************************************************************************
2026-10-01 06:29:09,951 - INFO - --- training epoch 62, loss 0.0157, mae 0.1387, rmse 0.1771, time elapsed(min) 0.02---
2026-10-01 06:29:10,163 - INFO - --- validation at epoch 62, val_loss 0.0192, val_mae 0.1454, val_rmse 0.1904, val_r2 0.5966, val_pearson 0.8146, lr 1.00e-03 ---
2026-10-01 06:29:10,163 - INFO - 
****************************************************************************************************
2026-10-01 06:29:11,986 - INFO - --- training epoch 63, loss 0.0155, mae 0.1378, rmse 0.1761, time elapsed(min) 0.03---
2026-10-01 06:29:12,368 - INFO - --- validation at epoch 63, val_loss 0.0198, val_mae 0.1529, val_rmse 0.1939, val_r2 0.5814, val_pearson 0.8181, lr 1.00e-03 ---
2026-10-01 06:29:12,368 - INFO - 
****************************************************************************************************
2026-10-01 06:29:14,262 - INFO - --- training epoch 64, loss 0.0157, mae 0.1385, rmse 0.1771, time elapsed(min) 0.02---
2026-10-01 06:29:14,476 - INFO - --- validation at epoch 64, val_loss 0.0171, val_mae 0.1411, val_rmse 0.1803, val_r2 0.6384, val_pearson 0.8221, lr 1.00e-03 ---
2026-10-01 06:29:14,476 - INFO - 
****************************************************************************************************
2026-10-01 06:29:16,209 - INFO - --- training epoch 65, loss 0.0231, mae 0.1696, rmse 0.2148, time elapsed(min) 0.02---
2026-10-01 06:29:16,423 - INFO - --- validation at epoch 65, val_loss 0.0196, val_mae 0.1501, val_rmse 0.1928, val_r2 0.5863, val_pearson 0.7930, lr 1.00e-03 ---
2026-10-01 06:29:16,423 - INFO - 
****************************************************************************************************
2026-10-01 06:29:18,164 - INFO - --- training epoch 66, loss 0.0157, mae 0.1376, rmse 0.1775, time elapsed(min) 0.02---
2026-10-01 06:29:18,502 - INFO - --- validation at epoch 66, val_loss 0.0154, val_mae 0.1380, val_rmse 0.1742, val_r2 0.6623, val_pearson 0.8278, lr 3.00e-04 ---
2026-10-01 06:29:18,502 - INFO - 
****************************************************************************************************
2026-10-01 06:29:20,507 - INFO - --- training epoch 67, loss 0.0140, mae 0.1300, rmse 0.1672, time elapsed(min) 0.03---
2026-10-01 06:29:20,721 - INFO - --- validation at epoch 67, val_loss 0.0138, val_mae 0.1289, val_rmse 0.1648, val_r2 0.6977, val_pearson 0.8404, lr 3.00e-04 ---
2026-10-01 06:29:20,721 - INFO - 
****************************************************************************************************
2026-10-01 06:29:22,534 - INFO - --- training epoch 68, loss 0.0138, mae 0.1284, rmse 0.1659, time elapsed(min) 0.02---
2026-10-01 06:29:22,751 - INFO - --- validation at epoch 68, val_loss 0.0135, val_mae 0.1308, val_rmse 0.1650, val_r2 0.6971, val_pearson 0.8450, lr 3.00e-04 ---
2026-10-01 06:29:22,751 - INFO - 
****************************************************************************************************
2026-10-01 06:29:24,604 - INFO - --- training epoch 69, loss 0.0135, mae 0.1280, rmse 0.1646, time elapsed(min) 0.02---
2026-10-01 06:29:24,939 - INFO - --- validation at epoch 69, val_loss 0.0131, val_mae 0.1286, val_rmse 0.1629, val_r2 0.7048, val_pearson 0.8480, lr 3.00e-04 ---
2026-10-01 06:29:24,939 - INFO - 
****************************************************************************************************
2026-10-01 06:29:27,003 - INFO - --- training epoch 70, loss 0.0132, mae 0.1252, rmse 0.1623, time elapsed(min) 0.03---
2026-10-01 06:29:27,259 - INFO - --- validation at epoch 70, val_loss 0.0131, val_mae 0.1289, val_rmse 0.1628, val_r2 0.7052, val_pearson 0.8505, lr 3.00e-04 ---
2026-10-01 06:29:27,260 - INFO - 
****************************************************************************************************
2026-10-01 06:29:29,057 - INFO - --- training epoch 71, loss 0.0132, mae 0.1263, rmse 0.1626, time elapsed(min) 0.02---
2026-10-01 06:29:29,268 - INFO - --- validation at epoch 71, val_loss 0.0127, val_mae 0.1251, val_rmse 0.1601, val_r2 0.7148, val_pearson 0.8519, lr 3.00e-04 ---
2026-10-01 06:29:29,268 - INFO - 
****************************************************************************************************
2026-10-01 06:29:31,086 - INFO - --- training epoch 72, loss 0.0130, mae 0.1240, rmse 0.1609, time elapsed(min) 0.02---
2026-10-01 06:29:31,299 - INFO - --- validation at epoch 72, val_loss 0.0128, val_mae 0.1278, val_rmse 0.1616, val_r2 0.7093, val_pearson 0.8535, lr 3.00e-04 ---
2026-10-01 06:29:31,299 - INFO - 
****************************************************************************************************
2026-10-01 06:29:33,141 - INFO - --- training epoch 73, loss 0.0127, mae 0.1228, rmse 0.1594, time elapsed(min) 0.03---
2026-10-01 06:29:33,540 - INFO - --- validation at epoch 73, val_loss 0.0123, val_mae 0.1216, val_rmse 0.1569, val_r2 0.7259, val_pearson 0.8551, lr 3.00e-04 ---
2026-10-01 06:29:33,540 - INFO - 
****************************************************************************************************
2026-10-01 06:29:35,484 - INFO - --- training epoch 74, loss 0.0127, mae 0.1220, rmse 0.1592, time elapsed(min) 0.02---
2026-10-01 06:29:35,698 - INFO - --- validation at epoch 74, val_loss 0.0122, val_mae 0.1240, val_rmse 0.1577, val_r2 0.7232, val_pearson 0.8585, lr 3.00e-04 ---
2026-10-01 06:29:35,698 - INFO - 
****************************************************************************************************
2026-10-01 06:29:37,566 - INFO - --- training epoch 75, loss 0.0128, mae 0.1237, rmse 0.1602, time elapsed(min) 0.03---
2026-10-01 06:29:37,781 - INFO - --- validation at epoch 75, val_loss 0.0126, val_mae 0.1282, val_rmse 0.1609, val_r2 0.7118, val_pearson 0.8560, lr 3.00e-04 ---
2026-10-01 06:29:37,781 - INFO - 
****************************************************************************************************
2026-10-01 06:29:39,616 - INFO - --- training epoch 76, loss 0.0129, mae 0.1237, rmse 0.1607, time elapsed(min) 0.03---
2026-10-01 06:29:39,998 - INFO - --- validation at epoch 76, val_loss 0.0124, val_mae 0.1245, val_rmse 0.1587, val_r2 0.7197, val_pearson 0.8568, lr 3.00e-04 ---
2026-10-01 06:29:39,998 - INFO - 
****************************************************************************************************
2026-10-01 06:29:41,817 - INFO - --- training epoch 77, loss 0.0125, mae 0.1224, rmse 0.1584, time elapsed(min) 0.02---
2026-10-01 06:29:42,035 - INFO - --- validation at epoch 77, val_loss 0.0124, val_mae 0.1242, val_rmse 0.1585, val_r2 0.7204, val_pearson 0.8614, lr 3.00e-04 ---
2026-10-01 06:29:42,035 - INFO - 
****************************************************************************************************
2026-10-01 06:29:43,903 - INFO - --- training epoch 78, loss 0.0124, mae 0.1216, rmse 0.1577, time elapsed(min) 0.02---
2026-10-01 06:29:44,115 - INFO - --- validation at epoch 78, val_loss 0.0121, val_mae 0.1232, val_rmse 0.1567, val_r2 0.7268, val_pearson 0.8617, lr 3.00e-04 ---
2026-10-01 06:29:44,115 - INFO - 
****************************************************************************************************
2026-10-01 06:29:46,063 - INFO - --- training epoch 79, loss 0.0122, mae 0.1204, rmse 0.1563, time elapsed(min) 0.03---
2026-10-01 06:29:46,455 - INFO - --- validation at epoch 79, val_loss 0.0120, val_mae 0.1215, val_rmse 0.1554, val_r2 0.7312, val_pearson 0.8623, lr 3.00e-04 ---
2026-10-01 06:29:46,455 - INFO - 
****************************************************************************************************
2026-10-01 06:29:48,389 - INFO - --- training epoch 80, loss 0.0122, mae 0.1199, rmse 0.1560, time elapsed(min) 0.02---
2026-10-01 06:29:48,603 - INFO - --- validation at epoch 80, val_loss 0.0119, val_mae 0.1210, val_rmse 0.1545, val_r2 0.7343, val_pearson 0.8643, lr 3.00e-04 ---
2026-10-01 06:29:48,603 - INFO - 
****************************************************************************************************
2026-10-01 06:29:50,382 - INFO - --- training epoch 81, loss 0.0123, mae 0.1197, rmse 0.1567, time elapsed(min) 0.02---
2026-10-01 06:29:50,598 - INFO - --- validation at epoch 81, val_loss 0.0115, val_mae 0.1196, val_rmse 0.1528, val_r2 0.7400, val_pearson 0.8668, lr 3.00e-04 ---
2026-10-01 06:29:50,598 - INFO - 
****************************************************************************************************
2026-10-01 06:29:52,402 - INFO - --- training epoch 82, loss 0.0122, mae 0.1195, rmse 0.1560, time elapsed(min) 0.02---
2026-10-01 06:29:52,747 - INFO - --- validation at epoch 82, val_loss 0.0117, val_mae 0.1204, val_rmse 0.1539, val_r2 0.7365, val_pearson 0.8646, lr 3.00e-04 ---
2026-10-01 06:29:52,747 - INFO - 
****************************************************************************************************
2026-10-01 06:29:54,713 - INFO - --- training epoch 83, loss 0.0122, mae 0.1199, rmse 0.1563, time elapsed(min) 0.03---
2026-10-01 06:29:54,927 - INFO - --- validation at epoch 83, val_loss 0.0117, val_mae 0.1200, val_rmse 0.1539, val_r2 0.7365, val_pearson 0.8649, lr 3.00e-04 ---
2026-10-01 06:29:54,927 - INFO - 
****************************************************************************************************
2026-10-01 06:29:56,698 - INFO - --- training epoch 84, loss 0.0122, mae 0.1196, rmse 0.1560, time elapsed(min) 0.02---
2026-10-01 06:29:56,906 - INFO - --- validation at epoch 84, val_loss 0.0113, val_mae 0.1186, val_rmse 0.1517, val_r2 0.7440, val_pearson 0.8696, lr 3.00e-04 ---
2026-10-01 06:29:56,906 - INFO - 
****************************************************************************************************
2026-10-01 06:29:58,699 - INFO - --- training epoch 85, loss 0.0120, mae 0.1195, rmse 0.1551, time elapsed(min) 0.02---
2026-10-01 06:29:58,913 - INFO - --- validation at epoch 85, val_loss 0.0113, val_mae 0.1171, val_rmse 0.1508, val_r2 0.7469, val_pearson 0.8690, lr 3.00e-04 ---
2026-10-01 06:29:58,913 - INFO - 
****************************************************************************************************
2026-10-01 06:30:00,941 - INFO - --- training epoch 86, loss 0.0117, mae 0.1172, rmse 0.1533, time elapsed(min) 0.03---
2026-10-01 06:30:01,326 - INFO - --- validation at epoch 86, val_loss 0.0113, val_mae 0.1177, val_rmse 0.1505, val_r2 0.7481, val_pearson 0.8698, lr 3.00e-04 ---
2026-10-01 06:30:01,326 - INFO - 
****************************************************************************************************
2026-10-01 06:30:03,160 - INFO - --- training epoch 87, loss 0.0116, mae 0.1174, rmse 0.1521, time elapsed(min) 0.02---
2026-10-01 06:30:03,385 - INFO - --- validation at epoch 87, val_loss 0.0110, val_mae 0.1157, val_rmse 0.1490, val_r2 0.7530, val_pearson 0.8715, lr 3.00e-04 ---
2026-10-01 06:30:03,385 - INFO - 
****************************************************************************************************
2026-10-01 06:30:05,257 - INFO - --- training epoch 88, loss 0.0117, mae 0.1174, rmse 0.1531, time elapsed(min) 0.02---
2026-10-01 06:30:05,468 - INFO - --- validation at epoch 88, val_loss 0.0112, val_mae 0.1153, val_rmse 0.1492, val_r2 0.7524, val_pearson 0.8719, lr 3.00e-04 ---
2026-10-01 06:30:05,468 - INFO - 
****************************************************************************************************
2026-10-01 06:30:07,253 - INFO - --- training epoch 89, loss 0.0116, mae 0.1160, rmse 0.1520, time elapsed(min) 0.02---
2026-10-01 06:30:07,657 - INFO - --- validation at epoch 89, val_loss 0.0111, val_mae 0.1152, val_rmse 0.1480, val_r2 0.7562, val_pearson 0.8754, lr 3.00e-04 ---
2026-10-01 06:30:07,657 - INFO - 
****************************************************************************************************
2026-10-01 06:30:09,501 - INFO - --- training epoch 90, loss 0.0115, mae 0.1156, rmse 0.1514, time elapsed(min) 0.02---
2026-10-01 06:30:09,712 - INFO - --- validation at epoch 90, val_loss 0.0108, val_mae 0.1134, val_rmse 0.1465, val_r2 0.7612, val_pearson 0.8763, lr 3.00e-04 ---
2026-10-01 06:30:09,712 - INFO - 
****************************************************************************************************
2026-10-01 06:30:11,524 - INFO - --- training epoch 91, loss 0.0112, mae 0.1138, rmse 0.1494, time elapsed(min) 0.02---
2026-10-01 06:30:11,734 - INFO - --- validation at epoch 91, val_loss 0.0108, val_mae 0.1140, val_rmse 0.1468, val_r2 0.7602, val_pearson 0.8781, lr 3.00e-04 ---
2026-10-01 06:30:11,734 - INFO - 
****************************************************************************************************
2026-10-01 06:30:13,574 - INFO - --- training epoch 92, loss 0.0113, mae 0.1143, rmse 0.1501, time elapsed(min) 0.02---
2026-10-01 06:30:13,947 - INFO - --- validation at epoch 92, val_loss 0.0109, val_mae 0.1139, val_rmse 0.1475, val_r2 0.7578, val_pearson 0.8748, lr 3.00e-04 ---
2026-10-01 06:30:13,947 - INFO - 
****************************************************************************************************
2026-10-01 06:30:15,957 - INFO - --- training epoch 93, loss 0.0109, mae 0.1127, rmse 0.1479, time elapsed(min) 0.03---
2026-10-01 06:30:16,172 - INFO - --- validation at epoch 93, val_loss 0.0105, val_mae 0.1127, val_rmse 0.1450, val_r2 0.7660, val_pearson 0.8785, lr 3.00e-04 ---
2026-10-01 06:30:16,172 - INFO - 
****************************************************************************************************
2026-10-01 06:30:18,037 - INFO - --- training epoch 94, loss 0.0110, mae 0.1130, rmse 0.1482, time elapsed(min) 0.03---
2026-10-01 06:30:18,249 - INFO - --- validation at epoch 94, val_loss 0.0106, val_mae 0.1133, val_rmse 0.1450, val_r2 0.7661, val_pearson 0.8800, lr 3.00e-04 ---
2026-10-01 06:30:18,249 - INFO - 
****************************************************************************************************
2026-10-01 06:30:20,045 - INFO - --- training epoch 95, loss 0.0109, mae 0.1125, rmse 0.1478, time elapsed(min) 0.03---
2026-10-01 06:30:20,260 - INFO - --- validation at epoch 95, val_loss 0.0106, val_mae 0.1116, val_rmse 0.1444, val_r2 0.7679, val_pearson 0.8830, lr 3.00e-04 ---
2026-10-01 06:30:20,260 - INFO - 
****************************************************************************************************
2026-10-01 06:30:22,070 - INFO - --- training epoch 96, loss 0.0107, mae 0.1115, rmse 0.1463, time elapsed(min) 0.03---
2026-10-01 06:30:22,472 - INFO - --- validation at epoch 96, val_loss 0.0105, val_mae 0.1113, val_rmse 0.1439, val_r2 0.7695, val_pearson 0.8821, lr 3.00e-04 ---
2026-10-01 06:30:22,472 - INFO - 
****************************************************************************************************
2026-10-01 06:30:24,371 - INFO - --- training epoch 97, loss 0.0106, mae 0.1106, rmse 0.1453, time elapsed(min) 0.02---
2026-10-01 06:30:24,583 - INFO - --- validation at epoch 97, val_loss 0.0100, val_mae 0.1081, val_rmse 0.1406, val_r2 0.7800, val_pearson 0.8852, lr 3.00e-04 ---
2026-10-01 06:30:24,583 - INFO - 
****************************************************************************************************
2026-10-01 06:30:26,417 - INFO - --- training epoch 98, loss 0.0107, mae 0.1111, rmse 0.1462, time elapsed(min) 0.02---
2026-10-01 06:30:26,628 - INFO - --- validation at epoch 98, val_loss 0.0101, val_mae 0.1099, val_rmse 0.1417, val_r2 0.7765, val_pearson 0.8866, lr 3.00e-04 ---
2026-10-01 06:30:26,628 - INFO - 
****************************************************************************************************
2026-10-01 06:30:28,440 - INFO - --- training epoch 99, loss 0.0105, mae 0.1102, rmse 0.1451, time elapsed(min) 0.03---
2026-10-01 06:30:28,828 - INFO - --- validation at epoch 99, val_loss 0.0101, val_mae 0.1103, val_rmse 0.1423, val_r2 0.7748, val_pearson 0.8827, lr 3.00e-04 ---
2026-10-01 06:30:28,828 - INFO - 
****************************************************************************************************
2026-10-01 06:30:30,800 - INFO - --- training epoch 100, loss 0.0104, mae 0.1104, rmse 0.1445, time elapsed(min) 0.03---
2026-10-01 06:30:31,015 - INFO - --- validation at epoch 100, val_loss 0.0096, val_mae 0.1073, val_rmse 0.1390, val_r2 0.7851, val_pearson 0.8899, lr 3.00e-04 ---
2026-10-01 06:30:31,015 - INFO - 
****************************************************************************************************
2026-10-01 06:30:32,816 - INFO - --- training epoch 101, loss 0.0106, mae 0.1106, rmse 0.1459, time elapsed(min) 0.02---
2026-10-01 06:30:33,032 - INFO - --- validation at epoch 101, val_loss 0.0103, val_mae 0.1107, val_rmse 0.1431, val_r2 0.7723, val_pearson 0.8840, lr 3.00e-04 ---
2026-10-01 06:30:33,032 - INFO - 
****************************************************************************************************
2026-10-01 06:30:34,766 - INFO - --- training epoch 102, loss 0.0103, mae 0.1094, rmse 0.1433, time elapsed(min) 0.02---
2026-10-01 06:30:35,098 - INFO - --- validation at epoch 102, val_loss 0.0100, val_mae 0.1099, val_rmse 0.1413, val_r2 0.7778, val_pearson 0.8837, lr 3.00e-04 ---
2026-10-01 06:30:35,098 - INFO - 
****************************************************************************************************
2026-10-01 06:30:37,060 - INFO - --- training epoch 103, loss 0.0102, mae 0.1079, rmse 0.1430, time elapsed(min) 0.03---
2026-10-01 06:30:37,317 - INFO - --- validation at epoch 103, val_loss 0.0101, val_mae 0.1086, val_rmse 0.1405, val_r2 0.7804, val_pearson 0.8880, lr 3.00e-04 ---
2026-10-01 06:30:37,317 - INFO - 
****************************************************************************************************
2026-10-01 06:30:39,055 - INFO - --- training epoch 104, loss 0.0102, mae 0.1092, rmse 0.1431, time elapsed(min) 0.02---
2026-10-01 06:30:39,319 - INFO - --- validation at epoch 104, val_loss 0.0098, val_mae 0.1072, val_rmse 0.1398, val_r2 0.7824, val_pearson 0.8860, lr 3.00e-04 ---
2026-10-01 06:30:39,319 - INFO - 
****************************************************************************************************
2026-10-01 06:30:41,064 - INFO - --- training epoch 105, loss 0.0101, mae 0.1073, rmse 0.1422, time elapsed(min) 0.02---
2026-10-01 06:30:41,403 - INFO - --- validation at epoch 105, val_loss 0.0101, val_mae 0.1096, val_rmse 0.1416, val_r2 0.7768, val_pearson 0.8860, lr 3.00e-04 ---
2026-10-01 06:30:41,403 - INFO - 
****************************************************************************************************
2026-10-01 06:30:43,400 - INFO - --- training epoch 106, loss 0.0101, mae 0.1080, rmse 0.1422, time elapsed(min) 0.03---
2026-10-01 06:30:43,611 - INFO - --- validation at epoch 106, val_loss 0.0100, val_mae 0.1096, val_rmse 0.1410, val_r2 0.7786, val_pearson 0.8846, lr 3.00e-04 ---
2026-10-01 06:30:43,611 - INFO - 
****************************************************************************************************
2026-10-01 06:30:45,380 - INFO - --- training epoch 107, loss 0.0101, mae 0.1075, rmse 0.1423, time elapsed(min) 0.02---
2026-10-01 06:30:45,597 - INFO - --- validation at epoch 107, val_loss 0.0099, val_mae 0.1090, val_rmse 0.1413, val_r2 0.7778, val_pearson 0.8841, lr 3.00e-04 ---
2026-10-01 06:30:45,597 - INFO - 
****************************************************************************************************
2026-10-01 06:30:47,413 - INFO - --- training epoch 108, loss 0.0100, mae 0.1070, rmse 0.1411, time elapsed(min) 0.03---
2026-10-01 06:30:47,620 - INFO - --- validation at epoch 108, val_loss 0.0103, val_mae 0.1099, val_rmse 0.1426, val_r2 0.7736, val_pearson 0.8850, lr 3.00e-04 ---
2026-10-01 06:30:47,620 - INFO - 
****************************************************************************************************
2026-10-01 06:30:49,428 - INFO - --- training epoch 109, loss 0.0099, mae 0.1063, rmse 0.1410, time elapsed(min) 0.03---
2026-10-01 06:30:49,792 - INFO - --- validation at epoch 109, val_loss 0.0100, val_mae 0.1083, val_rmse 0.1408, val_r2 0.7793, val_pearson 0.8874, lr 3.00e-04 ---
2026-10-01 06:30:49,792 - INFO - 
****************************************************************************************************
2026-10-01 06:30:51,615 - INFO - --- training epoch 110, loss 0.0103, mae 0.1076, rmse 0.1432, time elapsed(min) 0.02---
2026-10-01 06:30:51,824 - INFO - --- validation at epoch 110, val_loss 0.0102, val_mae 0.1101, val_rmse 0.1425, val_r2 0.7742, val_pearson 0.8812, lr 3.00e-04 ---
2026-10-01 06:30:51,824 - INFO - 
****************************************************************************************************
2026-10-01 06:30:53,546 - INFO - --- training epoch 111, loss 0.0101, mae 0.1072, rmse 0.1421, time elapsed(min) 0.02---
2026-10-01 06:30:53,762 - INFO - --- validation at epoch 111, val_loss 0.0106, val_mae 0.1123, val_rmse 0.1461, val_r2 0.7625, val_pearson 0.8855, lr 3.00e-04 ---
2026-10-01 06:30:53,762 - INFO - 
****************************************************************************************************
2026-10-01 06:30:55,614 - INFO - --- training epoch 112, loss 0.0095, mae 0.1040, rmse 0.1381, time elapsed(min) 0.03---
2026-10-01 06:30:55,954 - INFO - --- validation at epoch 112, val_loss 0.0096, val_mae 0.1065, val_rmse 0.1378, val_r2 0.7888, val_pearson 0.8921, lr 9.00e-05 ---
2026-10-01 06:30:55,954 - INFO - 
****************************************************************************************************
2026-10-01 06:30:57,971 - INFO - --- training epoch 113, loss 0.0092, mae 0.1023, rmse 0.1355, time elapsed(min) 0.03---
2026-10-01 06:30:58,182 - INFO - --- validation at epoch 113, val_loss 0.0094, val_mae 0.1047, val_rmse 0.1359, val_r2 0.7945, val_pearson 0.8936, lr 9.00e-05 ---
2026-10-01 06:30:58,182 - INFO - 
****************************************************************************************************
2026-10-01 06:31:00,069 - INFO - --- training epoch 114, loss 0.0092, mae 0.1028, rmse 0.1360, time elapsed(min) 0.03---
2026-10-01 06:31:00,282 - INFO - --- validation at epoch 114, val_loss 0.0094, val_mae 0.1037, val_rmse 0.1356, val_r2 0.7955, val_pearson 0.8932, lr 9.00e-05 ---
2026-10-01 06:31:00,282 - INFO - 
****************************************************************************************************
2026-10-01 06:31:02,004 - INFO - --- training epoch 115, loss 0.0092, mae 0.1027, rmse 0.1359, time elapsed(min) 0.02---
2026-10-01 06:31:02,331 - INFO - --- validation at epoch 115, val_loss 0.0094, val_mae 0.1053, val_rmse 0.1362, val_r2 0.7936, val_pearson 0.8940, lr 9.00e-05 ---
2026-10-01 06:31:02,331 - INFO - 
****************************************************************************************************
2026-10-01 06:31:04,457 - INFO - --- training epoch 116, loss 0.0091, mae 0.1016, rmse 0.1347, time elapsed(min) 0.03---
2026-10-01 06:31:04,709 - INFO - --- validation at epoch 116, val_loss 0.0091, val_mae 0.1025, val_rmse 0.1342, val_r2 0.7995, val_pearson 0.8957, lr 9.00e-05 ---
2026-10-01 06:31:04,709 - INFO - 
****************************************************************************************************
2026-10-01 06:31:06,525 - INFO - --- training epoch 117, loss 0.0092, mae 0.1018, rmse 0.1353, time elapsed(min) 0.02---
2026-10-01 06:31:06,739 - INFO - --- validation at epoch 117, val_loss 0.0095, val_mae 0.1049, val_rmse 0.1364, val_r2 0.7930, val_pearson 0.8942, lr 9.00e-05 ---
2026-10-01 06:31:06,739 - INFO - 
****************************************************************************************************
2026-10-01 06:31:08,488 - INFO - --- training epoch 118, loss 0.0091, mae 0.1022, rmse 0.1348, time elapsed(min) 0.02---
2026-10-01 06:31:08,702 - INFO - --- validation at epoch 118, val_loss 0.0094, val_mae 0.1051, val_rmse 0.1358, val_r2 0.7948, val_pearson 0.8942, lr 9.00e-05 ---
2026-10-01 06:31:08,702 - INFO - 
****************************************************************************************************
2026-10-01 06:31:10,666 - INFO - --- training epoch 119, loss 0.0092, mae 0.1024, rmse 0.1354, time elapsed(min) 0.03---
2026-10-01 06:31:11,033 - INFO - --- validation at epoch 119, val_loss 0.0094, val_mae 0.1051, val_rmse 0.1360, val_r2 0.7941, val_pearson 0.8945, lr 9.00e-05 ---
2026-10-01 06:31:11,033 - INFO - 
****************************************************************************************************
2026-10-01 06:31:12,868 - INFO - --- training epoch 120, loss 0.0089, mae 0.1011, rmse 0.1335, time elapsed(min) 0.02---
2026-10-01 06:31:13,077 - INFO - --- validation at epoch 120, val_loss 0.0093, val_mae 0.1036, val_rmse 0.1351, val_r2 0.7969, val_pearson 0.8954, lr 9.00e-05 ---
2026-10-01 06:31:13,077 - INFO - 
****************************************************************************************************
2026-10-01 06:31:14,836 - INFO - --- training epoch 121, loss 0.0090, mae 0.1017, rmse 0.1340, time elapsed(min) 0.02---
2026-10-01 06:31:15,050 - INFO - --- validation at epoch 121, val_loss 0.0094, val_mae 0.1040, val_rmse 0.1362, val_r2 0.7935, val_pearson 0.8939, lr 9.00e-05 ---
2026-10-01 06:31:15,050 - INFO - 
****************************************************************************************************
2026-10-01 06:31:16,854 - INFO - --- training epoch 122, loss 0.0089, mae 0.1004, rmse 0.1335, time elapsed(min) 0.03---
2026-10-01 06:31:17,227 - INFO - --- validation at epoch 122, val_loss 0.0093, val_mae 0.1036, val_rmse 0.1347, val_r2 0.7981, val_pearson 0.8959, lr 9.00e-05 ---
2026-10-01 06:31:17,227 - INFO - 
****************************************************************************************************
2026-10-01 06:31:19,056 - INFO - --- training epoch 123, loss 0.0089, mae 0.1007, rmse 0.1334, time elapsed(min) 0.02---
2026-10-01 06:31:19,269 - INFO - --- validation at epoch 123, val_loss 0.0094, val_mae 0.1039, val_rmse 0.1355, val_r2 0.7956, val_pearson 0.8951, lr 9.00e-05 ---
2026-10-01 06:31:19,269 - INFO - 
****************************************************************************************************
2026-10-01 06:31:21,023 - INFO - --- training epoch 124, loss 0.0090, mae 0.1017, rmse 0.1342, time elapsed(min) 0.02---
2026-10-01 06:31:21,287 - INFO - --- validation at epoch 124, val_loss 0.0093, val_mae 0.1035, val_rmse 0.1350, val_r2 0.7971, val_pearson 0.8961, lr 9.00e-05 ---
2026-10-01 06:31:21,287 - INFO - 
****************************************************************************************************
2026-10-01 06:31:23,084 - INFO - --- training epoch 125, loss 0.0090, mae 0.1010, rmse 0.1345, time elapsed(min) 0.03---
2026-10-01 06:31:23,427 - INFO - --- validation at epoch 125, val_loss 0.0096, val_mae 0.1054, val_rmse 0.1372, val_r2 0.7905, val_pearson 0.8943, lr 9.00e-05 ---
2026-10-01 06:31:23,427 - INFO - 
****************************************************************************************************
2026-10-01 06:31:25,411 - INFO - --- training epoch 126, loss 0.0088, mae 0.1000, rmse 0.1325, time elapsed(min) 0.03---
2026-10-01 06:31:25,621 - INFO - --- validation at epoch 126, val_loss 0.0091, val_mae 0.1022, val_rmse 0.1339, val_r2 0.8005, val_pearson 0.8965, lr 9.00e-05 ---
2026-10-01 06:31:25,621 - INFO - 
****************************************************************************************************
2026-10-01 06:31:27,489 - INFO - --- training epoch 127, loss 0.0089, mae 0.1003, rmse 0.1337, time elapsed(min) 0.03---
2026-10-01 06:31:27,698 - INFO - --- validation at epoch 127, val_loss 0.0091, val_mae 0.1029, val_rmse 0.1340, val_r2 0.8001, val_pearson 0.8975, lr 9.00e-05 ---
2026-10-01 06:31:27,698 - INFO - 
****************************************************************************************************
2026-10-01 06:31:29,457 - INFO - --- training epoch 128, loss 0.0089, mae 0.1007, rmse 0.1337, time elapsed(min) 0.02---
2026-10-01 06:31:29,784 - INFO - --- validation at epoch 128, val_loss 0.0097, val_mae 0.1057, val_rmse 0.1379, val_r2 0.7884, val_pearson 0.8940, lr 9.00e-05 ---
2026-10-01 06:31:29,784 - INFO - 
****************************************************************************************************
2026-10-01 06:31:31,723 - INFO - --- training epoch 129, loss 0.0089, mae 0.1002, rmse 0.1331, time elapsed(min) 0.03---
2026-10-01 06:31:31,936 - INFO - --- validation at epoch 129, val_loss 0.0094, val_mae 0.1043, val_rmse 0.1353, val_r2 0.7962, val_pearson 0.8961, lr 9.00e-05 ---
2026-10-01 06:31:31,936 - INFO - 
****************************************************************************************************
2026-10-01 06:31:33,682 - INFO - --- training epoch 130, loss 0.0088, mae 0.1002, rmse 0.1326, time elapsed(min) 0.02---
2026-10-01 06:31:33,895 - INFO - --- validation at epoch 130, val_loss 0.0091, val_mae 0.1025, val_rmse 0.1340, val_r2 0.8000, val_pearson 0.8972, lr 9.00e-05 ---
2026-10-01 06:31:33,895 - INFO - 
****************************************************************************************************
2026-10-01 06:31:35,632 - INFO - --- training epoch 131, loss 0.0087, mae 0.0992, rmse 0.1323, time elapsed(min) 0.02---
2026-10-01 06:31:35,961 - INFO - --- validation at epoch 131, val_loss 0.0090, val_mae 0.1032, val_rmse 0.1336, val_r2 0.8013, val_pearson 0.8983, lr 9.00e-05 ---
2026-10-01 06:31:35,961 - INFO - 
****************************************************************************************************
2026-10-01 06:31:37,862 - INFO - --- training epoch 132, loss 0.0088, mae 0.1002, rmse 0.1328, time elapsed(min) 0.03---
2026-10-01 06:31:38,238 - INFO - --- validation at epoch 132, val_loss 0.0093, val_mae 0.1046, val_rmse 0.1356, val_r2 0.7955, val_pearson 0.8976, lr 9.00e-05 ---
2026-10-01 06:31:38,238 - INFO - 
****************************************************************************************************
2026-10-01 06:31:40,143 - INFO - --- training epoch 133, loss 0.0089, mae 0.1002, rmse 0.1334, time elapsed(min) 0.02---
2026-10-01 06:31:40,356 - INFO - --- validation at epoch 133, val_loss 0.0092, val_mae 0.1023, val_rmse 0.1337, val_r2 0.8010, val_pearson 0.8980, lr 9.00e-05 ---
2026-10-01 06:31:40,356 - INFO - 
****************************************************************************************************
2026-10-01 06:31:42,087 - INFO - --- training epoch 134, loss 0.0088, mae 0.0993, rmse 0.1326, time elapsed(min) 0.02---
2026-10-01 06:31:42,303 - INFO - --- validation at epoch 134, val_loss 0.0092, val_mae 0.1033, val_rmse 0.1347, val_r2 0.7982, val_pearson 0.8964, lr 9.00e-05 ---
2026-10-01 06:31:42,303 - INFO - 
****************************************************************************************************
2026-10-01 06:31:44,070 - INFO - --- training epoch 135, loss 0.0087, mae 0.0991, rmse 0.1318, time elapsed(min) 0.02---
2026-10-01 06:31:44,474 - INFO - --- validation at epoch 135, val_loss 0.0091, val_mae 0.1028, val_rmse 0.1339, val_r2 0.8005, val_pearson 0.8985, lr 9.00e-05 ---
2026-10-01 06:31:44,475 - INFO - 
****************************************************************************************************
2026-10-01 06:31:46,365 - INFO - --- training epoch 136, loss 0.0088, mae 0.1006, rmse 0.1330, time elapsed(min) 0.02---
2026-10-01 06:31:46,619 - INFO - --- validation at epoch 136, val_loss 0.0095, val_mae 0.1051, val_rmse 0.1370, val_r2 0.7911, val_pearson 0.8970, lr 9.00e-05 ---
2026-10-01 06:31:46,619 - INFO - 
****************************************************************************************************
2026-10-01 06:31:48,351 - INFO - --- training epoch 137, loss 0.0089, mae 0.1011, rmse 0.1337, time elapsed(min) 0.02---
2026-10-01 06:31:48,571 - INFO - --- validation at epoch 137, val_loss 0.0093, val_mae 0.1038, val_rmse 0.1351, val_r2 0.7970, val_pearson 0.8986, lr 9.00e-05 ---
2026-10-01 06:31:48,571 - INFO - 
****************************************************************************************************
2026-10-01 06:31:50,430 - INFO - --- training epoch 138, loss 0.0088, mae 0.0998, rmse 0.1325, time elapsed(min) 0.03---
2026-10-01 06:31:50,798 - INFO - --- validation at epoch 138, val_loss 0.0091, val_mae 0.1023, val_rmse 0.1342, val_r2 0.7995, val_pearson 0.8984, lr 9.00e-05 ---
2026-10-01 06:31:50,798 - INFO - 
****************************************************************************************************
2026-10-01 06:31:52,638 - INFO - --- training epoch 139, loss 0.0088, mae 0.0999, rmse 0.1326, time elapsed(min) 0.02---
2026-10-01 06:31:52,855 - INFO - --- validation at epoch 139, val_loss 0.0090, val_mae 0.1018, val_rmse 0.1330, val_r2 0.8032, val_pearson 0.8990, lr 9.00e-05 ---
2026-10-01 06:31:52,855 - INFO - 
****************************************************************************************************
2026-10-01 06:31:54,653 - INFO - --- training epoch 140, loss 0.0087, mae 0.0990, rmse 0.1316, time elapsed(min) 0.02---
2026-10-01 06:31:54,866 - INFO - --- validation at epoch 140, val_loss 0.0091, val_mae 0.1029, val_rmse 0.1338, val_r2 0.8007, val_pearson 0.8988, lr 9.00e-05 ---
2026-10-01 06:31:54,866 - INFO - 
****************************************************************************************************
2026-10-01 06:31:56,750 - INFO - --- training epoch 141, loss 0.0088, mae 0.0996, rmse 0.1327, time elapsed(min) 0.03---
2026-10-01 06:31:57,083 - INFO - --- validation at epoch 141, val_loss 0.0089, val_mae 0.1014, val_rmse 0.1328, val_r2 0.8039, val_pearson 0.8990, lr 9.00e-05 ---
2026-10-01 06:31:57,084 - INFO - 
****************************************************************************************************
2026-10-01 06:31:59,235 - INFO - --- training epoch 142, loss 0.0086, mae 0.0988, rmse 0.1308, time elapsed(min) 0.03---
2026-10-01 06:31:59,492 - INFO - --- validation at epoch 142, val_loss 0.0092, val_mae 0.1027, val_rmse 0.1343, val_r2 0.7992, val_pearson 0.8988, lr 9.00e-05 ---
2026-10-01 06:31:59,492 - INFO - 
****************************************************************************************************
2026-10-01 06:32:01,196 - INFO - --- training epoch 143, loss 0.0087, mae 0.0992, rmse 0.1321, time elapsed(min) 0.02---
2026-10-01 06:32:01,428 - INFO - --- validation at epoch 143, val_loss 0.0096, val_mae 0.1056, val_rmse 0.1381, val_r2 0.7879, val_pearson 0.8953, lr 9.00e-05 ---
2026-10-01 06:32:01,429 - INFO - 
****************************************************************************************************
2026-10-01 06:32:03,219 - INFO - --- training epoch 144, loss 0.0089, mae 0.1001, rmse 0.1333, time elapsed(min) 0.03---
2026-10-01 06:32:03,547 - INFO - --- validation at epoch 144, val_loss 0.0092, val_mae 0.1016, val_rmse 0.1341, val_r2 0.7999, val_pearson 0.8976, lr 9.00e-05 ---
2026-10-01 06:32:03,547 - INFO - 
****************************************************************************************************
2026-10-01 06:32:05,616 - INFO - --- training epoch 145, loss 0.0087, mae 0.0998, rmse 0.1321, time elapsed(min) 0.03---
2026-10-01 06:32:05,829 - INFO - --- validation at epoch 145, val_loss 0.0093, val_mae 0.1037, val_rmse 0.1351, val_r2 0.7969, val_pearson 0.8980, lr 9.00e-05 ---
2026-10-01 06:32:05,829 - INFO - 
****************************************************************************************************
2026-10-01 06:32:07,600 - INFO - --- training epoch 146, loss 0.0085, mae 0.0983, rmse 0.1302, time elapsed(min) 0.02---
2026-10-01 06:32:07,812 - INFO - --- validation at epoch 146, val_loss 0.0091, val_mae 0.1013, val_rmse 0.1331, val_r2 0.8029, val_pearson 0.8993, lr 9.00e-05 ---
2026-10-01 06:32:07,812 - INFO - 
****************************************************************************************************
2026-10-01 06:32:09,690 - INFO - --- training epoch 147, loss 0.0087, mae 0.0992, rmse 0.1317, time elapsed(min) 0.03---
2026-10-01 06:32:10,021 - INFO - --- validation at epoch 147, val_loss 0.0093, val_mae 0.1041, val_rmse 0.1355, val_r2 0.7956, val_pearson 0.8976, lr 9.00e-05 ---
2026-10-01 06:32:10,021 - INFO - 
****************************************************************************************************
2026-10-01 06:32:11,837 - INFO - --- training epoch 148, loss 0.0088, mae 0.0996, rmse 0.1323, time elapsed(min) 0.03---
2026-10-01 06:32:12,332 - INFO - --- validation at epoch 148, val_loss 0.0095, val_mae 0.1042, val_rmse 0.1363, val_r2 0.7932, val_pearson 0.8977, lr 9.00e-05 ---
2026-10-01 06:32:12,333 - INFO - 
****************************************************************************************************
2026-10-01 06:32:14,070 - INFO - --- training epoch 149, loss 0.0087, mae 0.0987, rmse 0.1319, time elapsed(min) 0.02---
2026-10-01 06:32:14,284 - INFO - --- validation at epoch 149, val_loss 0.0093, val_mae 0.1039, val_rmse 0.1355, val_r2 0.7956, val_pearson 0.8978, lr 9.00e-05 ---
2026-10-01 06:32:14,284 - INFO - 
****************************************************************************************************
2026-10-01 06:32:15,985 - INFO - --- training epoch 150, loss 0.0086, mae 0.0984, rmse 0.1312, time elapsed(min) 0.02---
2026-10-01 06:32:16,215 - INFO - --- validation at epoch 150, val_loss 0.0089, val_mae 0.1016, val_rmse 0.1326, val_r2 0.8044, val_pearson 0.8994, lr 9.00e-05 ---
2026-10-01 06:32:16,215 - INFO - 
****************************************************************************************************
2026-10-01 06:32:18,133 - INFO - --- training epoch 151, loss 0.0085, mae 0.0983, rmse 0.1302, time elapsed(min) 0.03---
2026-10-01 06:32:18,503 - INFO - --- validation at epoch 151, val_loss 0.0089, val_mae 0.1004, val_rmse 0.1318, val_r2 0.8066, val_pearson 0.9016, lr 9.00e-05 ---
2026-10-01 06:32:18,503 - INFO - 
****************************************************************************************************
2026-10-01 06:32:20,502 - INFO - --- training epoch 152, loss 0.0084, mae 0.0972, rmse 0.1298, time elapsed(min) 0.03---
2026-10-01 06:32:20,718 - INFO - --- validation at epoch 152, val_loss 0.0090, val_mae 0.1012, val_rmse 0.1327, val_r2 0.8039, val_pearson 0.9003, lr 9.00e-05 ---
2026-10-01 06:32:20,718 - INFO - 
****************************************************************************************************
2026-10-01 06:32:22,495 - INFO - --- training epoch 153, loss 0.0086, mae 0.0989, rmse 0.1313, time elapsed(min) 0.02---
2026-10-01 06:32:22,710 - INFO - --- validation at epoch 153, val_loss 0.0093, val_mae 0.1034, val_rmse 0.1357, val_r2 0.7952, val_pearson 0.8966, lr 9.00e-05 ---
2026-10-01 06:32:22,711 - INFO - 
****************************************************************************************************
2026-10-01 06:32:24,551 - INFO - --- training epoch 154, loss 0.0085, mae 0.0981, rmse 0.1302, time elapsed(min) 0.03---
2026-10-01 06:32:24,894 - INFO - --- validation at epoch 154, val_loss 0.0094, val_mae 0.1027, val_rmse 0.1353, val_r2 0.7963, val_pearson 0.8957, lr 9.00e-05 ---
2026-10-01 06:32:24,894 - INFO - 
****************************************************************************************************
2026-10-01 06:32:26,876 - INFO - --- training epoch 155, loss 0.0085, mae 0.0980, rmse 0.1302, time elapsed(min) 0.03---
2026-10-01 06:32:27,137 - INFO - --- validation at epoch 155, val_loss 0.0089, val_mae 0.1020, val_rmse 0.1331, val_r2 0.8030, val_pearson 0.9010, lr 9.00e-05 ---
2026-10-01 06:32:27,137 - INFO - 
****************************************************************************************************
2026-10-01 06:32:28,957 - INFO - --- training epoch 156, loss 0.0084, mae 0.0980, rmse 0.1299, time elapsed(min) 0.03---
2026-10-01 06:32:29,168 - INFO - --- validation at epoch 156, val_loss 0.0092, val_mae 0.1016, val_rmse 0.1335, val_r2 0.8017, val_pearson 0.8997, lr 9.00e-05 ---
2026-10-01 06:32:29,168 - INFO - 
****************************************************************************************************
2026-10-01 06:32:30,999 - INFO - --- training epoch 157, loss 0.0085, mae 0.0978, rmse 0.1307, time elapsed(min) 0.03---
2026-10-01 06:32:31,326 - INFO - --- validation at epoch 157, val_loss 0.0090, val_mae 0.1013, val_rmse 0.1327, val_r2 0.8040, val_pearson 0.9020, lr 9.00e-05 ---
2026-10-01 06:32:31,326 - INFO - 
****************************************************************************************************
2026-10-01 06:32:33,240 - INFO - --- training epoch 158, loss 0.0085, mae 0.0982, rmse 0.1303, time elapsed(min) 0.03---
2026-10-01 06:32:33,451 - INFO - --- validation at epoch 158, val_loss 0.0092, val_mae 0.1020, val_rmse 0.1338, val_r2 0.8009, val_pearson 0.8985, lr 9.00e-05 ---
2026-10-01 06:32:33,451 - INFO - 
****************************************************************************************************
2026-10-01 06:32:35,174 - INFO - --- training epoch 159, loss 0.0082, mae 0.0970, rmse 0.1284, time elapsed(min) 0.02---
2026-10-01 06:32:35,386 - INFO - --- validation at epoch 159, val_loss 0.0089, val_mae 0.1005, val_rmse 0.1324, val_r2 0.8049, val_pearson 0.8986, lr 9.00e-05 ---
2026-10-01 06:32:35,386 - INFO - 
****************************************************************************************************
2026-10-01 06:32:37,235 - INFO - --- training epoch 160, loss 0.0086, mae 0.0981, rmse 0.1308, time elapsed(min) 0.03---
2026-10-01 06:32:37,564 - INFO - --- validation at epoch 160, val_loss 0.0095, val_mae 0.1051, val_rmse 0.1368, val_r2 0.7916, val_pearson 0.8982, lr 9.00e-05 ---
2026-10-01 06:32:37,564 - INFO - 
****************************************************************************************************
2026-10-01 06:32:39,416 - INFO - --- training epoch 161, loss 0.0088, mae 0.0997, rmse 0.1329, time elapsed(min) 0.03---
2026-10-01 06:32:39,891 - INFO - --- validation at epoch 161, val_loss 0.0091, val_mae 0.1021, val_rmse 0.1337, val_r2 0.8011, val_pearson 0.9004, lr 9.00e-05 ---
2026-10-01 06:32:39,891 - INFO - 
****************************************************************************************************
2026-10-01 06:32:41,612 - INFO - --- training epoch 162, loss 0.0080, mae 0.0947, rmse 0.1267, time elapsed(min) 0.02---
2026-10-01 06:32:41,845 - INFO - --- validation at epoch 162, val_loss 0.0083, val_mae 0.0971, val_rmse 0.1287, val_r2 0.8158, val_pearson 0.9035, lr 2.70e-05 ---
2026-10-01 06:32:41,845 - INFO - 
****************************************************************************************************
2026-10-01 06:32:43,632 - INFO - --- training epoch 163, loss 0.0080, mae 0.0942, rmse 0.1262, time elapsed(min) 0.02---
2026-10-01 06:32:43,841 - INFO - --- validation at epoch 163, val_loss 0.0085, val_mae 0.0973, val_rmse 0.1292, val_r2 0.8143, val_pearson 0.9031, lr 2.70e-05 ---
2026-10-01 06:32:43,841 - INFO - 
****************************************************************************************************
2026-10-01 06:32:45,651 - INFO - --- training epoch 164, loss 0.0080, mae 0.0949, rmse 0.1267, time elapsed(min) 0.03---
2026-10-01 06:32:46,027 - INFO - --- validation at epoch 164, val_loss 0.0085, val_mae 0.0969, val_rmse 0.1289, val_r2 0.8151, val_pearson 0.9030, lr 2.70e-05 ---
2026-10-01 06:32:46,027 - INFO - 
****************************************************************************************************
2026-10-01 06:32:47,867 - INFO - --- training epoch 165, loss 0.0081, mae 0.0955, rmse 0.1276, time elapsed(min) 0.02---
2026-10-01 06:32:48,075 - INFO - --- validation at epoch 165, val_loss 0.0085, val_mae 0.0977, val_rmse 0.1298, val_r2 0.8124, val_pearson 0.9016, lr 2.70e-05 ---
2026-10-01 06:32:48,075 - INFO - 
****************************************************************************************************
2026-10-01 06:32:49,825 - INFO - --- training epoch 166, loss 0.0079, mae 0.0947, rmse 0.1261, time elapsed(min) 0.02---
2026-10-01 06:32:50,035 - INFO - --- validation at epoch 166, val_loss 0.0085, val_mae 0.0971, val_rmse 0.1291, val_r2 0.8145, val_pearson 0.9030, lr 2.70e-05 ---
2026-10-01 06:32:50,035 - INFO - 
****************************************************************************************************
2026-10-01 06:32:51,777 - INFO - --- training epoch 167, loss 0.0080, mae 0.0951, rmse 0.1267, time elapsed(min) 0.02---
2026-10-01 06:32:52,160 - INFO - --- validation at epoch 167, val_loss 0.0085, val_mae 0.0977, val_rmse 0.1293, val_r2 0.8141, val_pearson 0.9030, lr 2.70e-05 ---
2026-10-01 06:32:52,160 - INFO - 
****************************************************************************************************
2026-10-01 06:32:54,003 - INFO - --- training epoch 168, loss 0.0079, mae 0.0940, rmse 0.1259, time elapsed(min) 0.02---
2026-10-01 06:32:54,254 - INFO - --- validation at epoch 168, val_loss 0.0085, val_mae 0.0974, val_rmse 0.1292, val_r2 0.8141, val_pearson 0.9027, lr 2.70e-05 ---
2026-10-01 06:32:54,255 - INFO - 
****************************************************************************************************
2026-10-01 06:32:55,994 - INFO - --- training epoch 169, loss 0.0077, mae 0.0930, rmse 0.1245, time elapsed(min) 0.02---
2026-10-01 06:32:56,223 - INFO - --- validation at epoch 169, val_loss 0.0085, val_mae 0.0968, val_rmse 0.1287, val_r2 0.8156, val_pearson 0.9035, lr 2.70e-05 ---
2026-10-01 06:32:56,223 - INFO - 
****************************************************************************************************
2026-10-01 06:32:58,017 - INFO - --- training epoch 170, loss 0.0080, mae 0.0947, rmse 0.1262, time elapsed(min) 0.03---
2026-10-01 06:32:58,351 - INFO - --- validation at epoch 170, val_loss 0.0085, val_mae 0.0970, val_rmse 0.1288, val_r2 0.8155, val_pearson 0.9032, lr 2.70e-05 ---
2026-10-01 06:32:58,351 - INFO - 
****************************************************************************************************
2026-10-01 06:33:00,277 - INFO - --- training epoch 171, loss 0.0080, mae 0.0944, rmse 0.1261, time elapsed(min) 0.03---
2026-10-01 06:33:00,531 - INFO - --- validation at epoch 171, val_loss 0.0084, val_mae 0.0968, val_rmse 0.1285, val_r2 0.8164, val_pearson 0.9039, lr 2.70e-05 ---
2026-10-01 06:33:00,531 - INFO - 
****************************************************************************************************
2026-10-01 06:33:02,244 - INFO - --- training epoch 172, loss 0.0080, mae 0.0950, rmse 0.1265, time elapsed(min) 0.02---
2026-10-01 06:33:02,456 - INFO - --- validation at epoch 172, val_loss 0.0085, val_mae 0.0974, val_rmse 0.1291, val_r2 0.8146, val_pearson 0.9031, lr 2.70e-05 ---
2026-10-01 06:33:02,456 - INFO - 
****************************************************************************************************
2026-10-01 06:33:04,272 - INFO - --- training epoch 173, loss 0.0079, mae 0.0942, rmse 0.1255, time elapsed(min) 0.03---
2026-10-01 06:33:04,610 - INFO - --- validation at epoch 173, val_loss 0.0085, val_mae 0.0975, val_rmse 0.1293, val_r2 0.8139, val_pearson 0.9023, lr 2.70e-05 ---
2026-10-01 06:33:04,610 - INFO - 
****************************************************************************************************
2026-10-01 06:33:06,553 - INFO - --- training epoch 174, loss 0.0078, mae 0.0930, rmse 0.1252, time elapsed(min) 0.03---
2026-10-01 06:33:06,766 - INFO - --- validation at epoch 174, val_loss 0.0085, val_mae 0.0973, val_rmse 0.1291, val_r2 0.8147, val_pearson 0.9027, lr 8.10e-06 ---
2026-10-01 06:33:06,766 - INFO - 
****************************************************************************************************
2026-10-01 06:33:08,575 - INFO - --- training epoch 175, loss 0.0079, mae 0.0938, rmse 0.1254, time elapsed(min) 0.03---
2026-10-01 06:33:08,794 - INFO - --- validation at epoch 175, val_loss 0.0084, val_mae 0.0963, val_rmse 0.1280, val_r2 0.8178, val_pearson 0.9044, lr 8.10e-06 ---
2026-10-01 06:33:08,794 - INFO - 
****************************************************************************************************
2026-10-01 06:33:10,663 - INFO - --- training epoch 176, loss 0.0078, mae 0.0938, rmse 0.1252, time elapsed(min) 0.03---
2026-10-01 06:33:11,005 - INFO - --- validation at epoch 176, val_loss 0.0084, val_mae 0.0969, val_rmse 0.1285, val_r2 0.8162, val_pearson 0.9035, lr 8.10e-06 ---
2026-10-01 06:33:11,005 - INFO - 
****************************************************************************************************
2026-10-01 06:33:12,968 - INFO - --- training epoch 177, loss 0.0077, mae 0.0930, rmse 0.1244, time elapsed(min) 0.03---
2026-10-01 06:33:13,178 - INFO - --- validation at epoch 177, val_loss 0.0084, val_mae 0.0964, val_rmse 0.1280, val_r2 0.8178, val_pearson 0.9044, lr 8.10e-06 ---
2026-10-01 06:33:13,178 - INFO - 
****************************************************************************************************
2026-10-01 06:33:15,058 - INFO - --- training epoch 178, loss 0.0076, mae 0.0926, rmse 0.1234, time elapsed(min) 0.03---
2026-10-01 06:33:15,286 - INFO - --- validation at epoch 178, val_loss 0.0083, val_mae 0.0964, val_rmse 0.1279, val_r2 0.8179, val_pearson 0.9045, lr 8.10e-06 ---
2026-10-01 06:33:15,286 - INFO - 
****************************************************************************************************
2026-10-01 06:33:17,161 - INFO - --- training epoch 179, loss 0.0077, mae 0.0925, rmse 0.1240, time elapsed(min) 0.03---
2026-10-01 06:33:17,497 - INFO - --- validation at epoch 179, val_loss 0.0083, val_mae 0.0961, val_rmse 0.1277, val_r2 0.8185, val_pearson 0.9049, lr 8.10e-06 ---
2026-10-01 06:33:17,497 - INFO - 
****************************************************************************************************
2026-10-01 06:33:19,545 - INFO - --- training epoch 180, loss 0.0079, mae 0.0938, rmse 0.1257, time elapsed(min) 0.03---
2026-10-01 06:33:19,753 - INFO - --- validation at epoch 180, val_loss 0.0084, val_mae 0.0966, val_rmse 0.1282, val_r2 0.8172, val_pearson 0.9041, lr 8.10e-06 ---
2026-10-01 06:33:19,754 - INFO - 
****************************************************************************************************
2026-10-01 06:33:21,491 - INFO - --- training epoch 181, loss 0.0077, mae 0.0924, rmse 0.1240, time elapsed(min) 0.02---
2026-10-01 06:33:21,701 - INFO - --- validation at epoch 181, val_loss 0.0083, val_mae 0.0962, val_rmse 0.1277, val_r2 0.8186, val_pearson 0.9049, lr 8.10e-06 ---
2026-10-01 06:33:21,701 - INFO - 
****************************************************************************************************
2026-10-01 06:33:23,440 - INFO - --- training epoch 182, loss 0.0078, mae 0.0940, rmse 0.1249, time elapsed(min) 0.02---
2026-10-01 06:33:23,778 - INFO - --- validation at epoch 182, val_loss 0.0083, val_mae 0.0964, val_rmse 0.1279, val_r2 0.8180, val_pearson 0.9045, lr 8.10e-06 ---
2026-10-01 06:33:23,778 - INFO - 
****************************************************************************************************
2026-10-01 06:33:25,777 - INFO - --- training epoch 183, loss 0.0077, mae 0.0928, rmse 0.1244, time elapsed(min) 0.03---
2026-10-01 06:33:25,988 - INFO - --- validation at epoch 183, val_loss 0.0083, val_mae 0.0965, val_rmse 0.1280, val_r2 0.8177, val_pearson 0.9044, lr 8.10e-06 ---
2026-10-01 06:33:25,988 - INFO - 
****************************************************************************************************
2026-10-01 06:33:27,704 - INFO - --- training epoch 184, loss 0.0079, mae 0.0938, rmse 0.1260, time elapsed(min) 0.02---
2026-10-01 06:33:27,917 - INFO - --- validation at epoch 184, val_loss 0.0083, val_mae 0.0962, val_rmse 0.1279, val_r2 0.8181, val_pearson 0.9046, lr 8.10e-06 ---
2026-10-01 06:33:27,918 - INFO - 
****************************************************************************************************
2026-10-01 06:33:29,658 - INFO - --- training epoch 185, loss 0.0077, mae 0.0933, rmse 0.1242, time elapsed(min) 0.02---
2026-10-01 06:33:29,988 - INFO - --- validation at epoch 185, val_loss 0.0083, val_mae 0.0963, val_rmse 0.1278, val_r2 0.8182, val_pearson 0.9047, lr 8.10e-06 ---
2026-10-01 06:33:29,988 - INFO - 
****************************************************************************************************
2026-10-01 06:33:31,908 - INFO - --- training epoch 186, loss 0.0077, mae 0.0926, rmse 0.1239, time elapsed(min) 0.03---
2026-10-01 06:33:32,394 - INFO - --- validation at epoch 186, val_loss 0.0083, val_mae 0.0964, val_rmse 0.1280, val_r2 0.8178, val_pearson 0.9044, lr 8.10e-06 ---
2026-10-01 06:33:32,394 - INFO - 
****************************************************************************************************
2026-10-01 06:33:34,306 - INFO - --- training epoch 187, loss 0.0077, mae 0.0932, rmse 0.1243, time elapsed(min) 0.03---
2026-10-01 06:33:34,519 - INFO - --- validation at epoch 187, val_loss 0.0083, val_mae 0.0961, val_rmse 0.1278, val_r2 0.8182, val_pearson 0.9046, lr 8.10e-06 ---
2026-10-01 06:33:34,519 - INFO - 
****************************************************************************************************
2026-10-01 06:33:36,247 - INFO - --- training epoch 188, loss 0.0077, mae 0.0933, rmse 0.1244, time elapsed(min) 0.02---
2026-10-01 06:33:36,459 - INFO - --- validation at epoch 188, val_loss 0.0083, val_mae 0.0964, val_rmse 0.1280, val_r2 0.8177, val_pearson 0.9044, lr 8.10e-06 ---
2026-10-01 06:33:36,459 - INFO - 
****************************************************************************************************
2026-10-01 06:33:38,249 - INFO - --- training epoch 189, loss 0.0077, mae 0.0930, rmse 0.1239, time elapsed(min) 0.03---
2026-10-01 06:33:38,636 - INFO - --- validation at epoch 189, val_loss 0.0083, val_mae 0.0963, val_rmse 0.1279, val_r2 0.8179, val_pearson 0.9045, lr 8.10e-06 ---
2026-10-01 06:33:38,636 - INFO - 
****************************************************************************************************
2026-10-01 06:33:40,476 - INFO - --- training epoch 190, loss 0.0077, mae 0.0934, rmse 0.1243, time elapsed(min) 0.02---
2026-10-01 06:33:40,693 - INFO - --- validation at epoch 190, val_loss 0.0084, val_mae 0.0965, val_rmse 0.1281, val_r2 0.8174, val_pearson 0.9043, lr 8.10e-06 ---
2026-10-01 06:33:40,694 - INFO - 
****************************************************************************************************
2026-10-01 06:33:42,493 - INFO - --- training epoch 191, loss 0.0077, mae 0.0924, rmse 0.1238, time elapsed(min) 0.03---
2026-10-01 06:33:42,705 - INFO - --- validation at epoch 191, val_loss 0.0083, val_mae 0.0959, val_rmse 0.1277, val_r2 0.8185, val_pearson 0.9048, lr 8.10e-06 ---
2026-10-01 06:33:42,705 - INFO - 
****************************************************************************************************
2026-10-01 06:33:44,434 - INFO - --- training epoch 192, loss 0.0078, mae 0.0938, rmse 0.1253, time elapsed(min) 0.02---
2026-10-01 06:33:44,778 - INFO - --- validation at epoch 192, val_loss 0.0083, val_mae 0.0964, val_rmse 0.1281, val_r2 0.8174, val_pearson 0.9042, lr 8.10e-06 ---
2026-10-01 06:33:44,778 - INFO - 
****************************************************************************************************
2026-10-01 06:33:46,803 - INFO - --- training epoch 193, loss 0.0076, mae 0.0920, rmse 0.1233, time elapsed(min) 0.03---
2026-10-01 06:33:47,020 - INFO - --- validation at epoch 193, val_loss 0.0084, val_mae 0.0963, val_rmse 0.1281, val_r2 0.8175, val_pearson 0.9042, lr 8.10e-06 ---
2026-10-01 06:33:47,020 - INFO - 
****************************************************************************************************
2026-10-01 06:33:48,749 - INFO - --- training epoch 194, loss 0.0077, mae 0.0928, rmse 0.1241, time elapsed(min) 0.02---
2026-10-01 06:33:48,966 - INFO - --- validation at epoch 194, val_loss 0.0083, val_mae 0.0961, val_rmse 0.1278, val_r2 0.8183, val_pearson 0.9047, lr 8.10e-06 ---
2026-10-01 06:33:48,966 - INFO - 
****************************************************************************************************
2026-10-01 06:33:50,811 - INFO - --- training epoch 195, loss 0.0079, mae 0.0938, rmse 0.1256, time elapsed(min) 0.03---
2026-10-01 06:33:51,144 - INFO - --- validation at epoch 195, val_loss 0.0083, val_mae 0.0966, val_rmse 0.1282, val_r2 0.8173, val_pearson 0.9042, lr 8.10e-06 ---
2026-10-01 06:33:51,144 - INFO - 
****************************************************************************************************
2026-10-01 06:33:53,069 - INFO - --- training epoch 196, loss 0.0077, mae 0.0928, rmse 0.1242, time elapsed(min) 0.03---
2026-10-01 06:33:53,282 - INFO - --- validation at epoch 196, val_loss 0.0084, val_mae 0.0965, val_rmse 0.1282, val_r2 0.8172, val_pearson 0.9040, lr 8.10e-06 ---
2026-10-01 06:33:53,282 - INFO - 
****************************************************************************************************
2026-10-01 06:33:54,997 - INFO - --- training epoch 197, loss 0.0077, mae 0.0927, rmse 0.1244, time elapsed(min) 0.02---
2026-10-01 06:33:55,210 - INFO - --- validation at epoch 197, val_loss 0.0083, val_mae 0.0962, val_rmse 0.1277, val_r2 0.8186, val_pearson 0.9049, lr 2.43e-06 ---
2026-10-01 06:33:55,211 - INFO - 
****************************************************************************************************
2026-10-01 06:33:57,024 - INFO - --- training epoch 198, loss 0.0078, mae 0.0932, rmse 0.1250, time elapsed(min) 0.02---
2026-10-01 06:33:57,365 - INFO - --- validation at epoch 198, val_loss 0.0083, val_mae 0.0962, val_rmse 0.1278, val_r2 0.8183, val_pearson 0.9047, lr 2.43e-06 ---
2026-10-01 06:33:57,365 - INFO - 
****************************************************************************************************
2026-10-01 06:33:59,358 - INFO - --- training epoch 199, loss 0.0077, mae 0.0926, rmse 0.1238, time elapsed(min) 0.03---
2026-10-01 06:33:59,568 - INFO - --- validation at epoch 199, val_loss 0.0083, val_mae 0.0962, val_rmse 0.1278, val_r2 0.8183, val_pearson 0.9047, lr 2.43e-06 ---
2026-10-01 06:33:59,568 - INFO - 
****************************************************************************************************
2026-10-01 06:34:01,357 - INFO - --- training epoch 200, loss 0.0076, mae 0.0926, rmse 0.1232, time elapsed(min) 0.02---
2026-10-01 06:34:01,572 - INFO - --- validation at epoch 200, val_loss 0.0083, val_mae 0.0964, val_rmse 0.1280, val_r2 0.8178, val_pearson 0.9044, lr 2.43e-06 ---
2026-10-01 06:34:01,572 - INFO - 
****************************************************************************************************
2026-10-01 06:34:03,427 - INFO - --- training epoch 201, loss 0.0077, mae 0.0930, rmse 0.1241, time elapsed(min) 0.03---
2026-10-01 06:34:03,762 - INFO - --- validation at epoch 201, val_loss 0.0083, val_mae 0.0963, val_rmse 0.1279, val_r2 0.8180, val_pearson 0.9046, lr 2.43e-06 ---
2026-10-01 06:34:03,762 - INFO - 
****************************************************************************************************
2026-10-01 06:34:05,706 - INFO - --- training epoch 202, loss 0.0076, mae 0.0922, rmse 0.1233, time elapsed(min) 0.03---
2026-10-01 06:34:05,919 - INFO - --- validation at epoch 202, val_loss 0.0083, val_mae 0.0963, val_rmse 0.1278, val_r2 0.8181, val_pearson 0.9047, lr 2.43e-06 ---
2026-10-01 06:34:05,919 - INFO - 
****************************************************************************************************
2026-10-01 06:34:07,692 - INFO - --- training epoch 203, loss 0.0076, mae 0.0920, rmse 0.1235, time elapsed(min) 0.02---
2026-10-01 06:34:07,928 - INFO - --- validation at epoch 203, val_loss 0.0083, val_mae 0.0963, val_rmse 0.1280, val_r2 0.8177, val_pearson 0.9044, lr 2.43e-06 ---
2026-10-01 06:34:07,928 - INFO - 
****************************************************************************************************
2026-10-01 06:34:09,697 - INFO - --- training epoch 204, loss 0.0077, mae 0.0928, rmse 0.1243, time elapsed(min) 0.02---
2026-10-01 06:34:09,906 - INFO - --- validation at epoch 204, val_loss 0.0083, val_mae 0.0962, val_rmse 0.1278, val_r2 0.8183, val_pearson 0.9047, lr 2.43e-06 ---
2026-10-01 06:34:09,906 - INFO - 
****************************************************************************************************
2026-10-01 06:34:11,850 - INFO - --- training epoch 205, loss 0.0077, mae 0.0922, rmse 0.1238, time elapsed(min) 0.03---
2026-10-01 06:34:12,063 - INFO - --- validation at epoch 205, val_loss 0.0083, val_mae 0.0961, val_rmse 0.1277, val_r2 0.8187, val_pearson 0.9049, lr 2.43e-06 ---
2026-10-01 06:34:12,063 - INFO - 
****************************************************************************************************
2026-10-01 06:34:13,784 - INFO - --- training epoch 206, loss 0.0076, mae 0.0921, rmse 0.1235, time elapsed(min) 0.02---
2026-10-01 06:34:13,992 - INFO - --- validation at epoch 206, val_loss 0.0083, val_mae 0.0961, val_rmse 0.1277, val_r2 0.8184, val_pearson 0.9048, lr 2.43e-06 ---
2026-10-01 06:34:13,992 - INFO - 
****************************************************************************************************
2026-10-01 06:34:15,789 - INFO - --- training epoch 207, loss 0.0077, mae 0.0927, rmse 0.1239, time elapsed(min) 0.02---
2026-10-01 06:34:16,003 - INFO - --- validation at epoch 207, val_loss 0.0083, val_mae 0.0960, val_rmse 0.1277, val_r2 0.8186, val_pearson 0.9049, lr 2.43e-06 ---
2026-10-01 06:34:16,003 - INFO - 
****************************************************************************************************
2026-10-01 06:34:17,960 - INFO - --- training epoch 208, loss 0.0076, mae 0.0922, rmse 0.1236, time elapsed(min) 0.03---
2026-10-01 06:34:18,354 - INFO - --- validation at epoch 208, val_loss 0.0083, val_mae 0.0959, val_rmse 0.1276, val_r2 0.8189, val_pearson 0.9051, lr 2.43e-06 ---
2026-10-01 06:34:18,354 - INFO - 
****************************************************************************************************
2026-10-01 06:34:20,268 - INFO - --- training epoch 209, loss 0.0077, mae 0.0925, rmse 0.1239, time elapsed(min) 0.02---
2026-10-01 06:34:20,505 - INFO - --- validation at epoch 209, val_loss 0.0083, val_mae 0.0960, val_rmse 0.1276, val_r2 0.8188, val_pearson 0.9049, lr 2.43e-06 ---
2026-10-01 06:34:20,505 - INFO - 
****************************************************************************************************
2026-10-01 06:34:22,217 - INFO - --- training epoch 210, loss 0.0077, mae 0.0926, rmse 0.1239, time elapsed(min) 0.02---
2026-10-01 06:34:22,433 - INFO - --- validation at epoch 210, val_loss 0.0083, val_mae 0.0961, val_rmse 0.1277, val_r2 0.8185, val_pearson 0.9048, lr 2.43e-06 ---
2026-10-01 06:34:22,433 - INFO - 
****************************************************************************************************
2026-10-01 06:34:24,259 - INFO - --- training epoch 211, loss 0.0077, mae 0.0928, rmse 0.1242, time elapsed(min) 0.03---
2026-10-01 06:34:24,631 - INFO - --- validation at epoch 211, val_loss 0.0083, val_mae 0.0960, val_rmse 0.1276, val_r2 0.8187, val_pearson 0.9049, lr 2.43e-06 ---
2026-10-01 06:34:24,631 - INFO - 
****************************************************************************************************
2026-10-01 06:34:26,626 - INFO - --- training epoch 212, loss 0.0077, mae 0.0927, rmse 0.1241, time elapsed(min) 0.03---
2026-10-01 06:34:26,836 - INFO - --- validation at epoch 212, val_loss 0.0083, val_mae 0.0961, val_rmse 0.1278, val_r2 0.8183, val_pearson 0.9047, lr 2.43e-06 ---
2026-10-01 06:34:26,836 - INFO - 
****************************************************************************************************
2026-10-01 06:34:28,571 - INFO - --- training epoch 213, loss 0.0077, mae 0.0925, rmse 0.1242, time elapsed(min) 0.02---
2026-10-01 06:34:28,782 - INFO - --- validation at epoch 213, val_loss 0.0083, val_mae 0.0962, val_rmse 0.1278, val_r2 0.8182, val_pearson 0.9046, lr 2.43e-06 ---
2026-10-01 06:34:28,782 - INFO - 
****************************************************************************************************
2026-10-01 06:34:30,516 - INFO - --- training epoch 214, loss 0.0077, mae 0.0925, rmse 0.1241, time elapsed(min) 0.02---
2026-10-01 06:34:30,855 - INFO - --- validation at epoch 214, val_loss 0.0083, val_mae 0.0960, val_rmse 0.1276, val_r2 0.8189, val_pearson 0.9050, lr 2.43e-06 ---
2026-10-01 06:34:30,855 - INFO - 
****************************************************************************************************
2026-10-01 06:34:32,838 - INFO - --- training epoch 215, loss 0.0077, mae 0.0926, rmse 0.1242, time elapsed(min) 0.03---
2026-10-01 06:34:33,049 - INFO - --- validation at epoch 215, val_loss 0.0083, val_mae 0.0961, val_rmse 0.1277, val_r2 0.8186, val_pearson 0.9049, lr 2.43e-06 ---
2026-10-01 06:34:33,049 - INFO - 
****************************************************************************************************
2026-10-01 06:34:34,830 - INFO - --- training epoch 216, loss 0.0077, mae 0.0923, rmse 0.1241, time elapsed(min) 0.02---
2026-10-01 06:34:35,042 - INFO - --- validation at epoch 216, val_loss 0.0083, val_mae 0.0962, val_rmse 0.1277, val_r2 0.8186, val_pearson 0.9048, lr 2.43e-06 ---
2026-10-01 06:34:35,042 - INFO - 
****************************************************************************************************
2026-10-01 06:34:36,846 - INFO - --- training epoch 217, loss 0.0077, mae 0.0925, rmse 0.1241, time elapsed(min) 0.03---
2026-10-01 06:34:37,185 - INFO - --- validation at epoch 217, val_loss 0.0083, val_mae 0.0962, val_rmse 0.1278, val_r2 0.8183, val_pearson 0.9048, lr 2.43e-06 ---
2026-10-01 06:34:37,185 - INFO - 
****************************************************************************************************
2026-10-01 06:34:39,170 - INFO - --- training epoch 218, loss 0.0078, mae 0.0933, rmse 0.1251, time elapsed(min) 0.03---
2026-10-01 06:34:39,405 - INFO - --- validation at epoch 218, val_loss 0.0083, val_mae 0.0962, val_rmse 0.1278, val_r2 0.8183, val_pearson 0.9047, lr 2.43e-06 ---
2026-10-01 06:34:39,405 - INFO - 
****************************************************************************************************
2026-10-01 06:34:41,131 - INFO - --- training epoch 219, loss 0.0077, mae 0.0926, rmse 0.1241, time elapsed(min) 0.02---
2026-10-01 06:34:41,345 - INFO - --- validation at epoch 219, val_loss 0.0082, val_mae 0.0959, val_rmse 0.1275, val_r2 0.8192, val_pearson 0.9052, lr 2.43e-06 ---
2026-10-01 06:34:41,345 - INFO - 
****************************************************************************************************
2026-10-01 06:34:43,234 - INFO - --- training epoch 220, loss 0.0077, mae 0.0927, rmse 0.1240, time elapsed(min) 0.03---
2026-10-01 06:34:43,447 - INFO - --- validation at epoch 220, val_loss 0.0083, val_mae 0.0960, val_rmse 0.1276, val_r2 0.8190, val_pearson 0.9051, lr 2.43e-06 ---
2026-10-01 06:34:43,447 - INFO - 
****************************************************************************************************
2026-10-01 06:34:45,259 - INFO - --- training epoch 221, loss 0.0077, mae 0.0925, rmse 0.1241, time elapsed(min) 0.03---
2026-10-01 06:34:45,766 - INFO - --- validation at epoch 221, val_loss 0.0082, val_mae 0.0958, val_rmse 0.1274, val_r2 0.8194, val_pearson 0.9053, lr 2.43e-06 ---
2026-10-01 06:34:45,766 - INFO - 
****************************************************************************************************
2026-10-01 06:34:47,559 - INFO - --- training epoch 222, loss 0.0077, mae 0.0925, rmse 0.1244, time elapsed(min) 0.02---
2026-10-01 06:34:47,774 - INFO - --- validation at epoch 222, val_loss 0.0083, val_mae 0.0960, val_rmse 0.1275, val_r2 0.8190, val_pearson 0.9052, lr 2.43e-06 ---
2026-10-01 06:34:47,774 - INFO - 
****************************************************************************************************
2026-10-01 06:34:49,497 - INFO - --- training epoch 223, loss 0.0077, mae 0.0925, rmse 0.1238, time elapsed(min) 0.02---
2026-10-01 06:34:49,712 - INFO - --- validation at epoch 223, val_loss 0.0083, val_mae 0.0962, val_rmse 0.1277, val_r2 0.8185, val_pearson 0.9048, lr 2.43e-06 ---
2026-10-01 06:34:49,712 - INFO - 
****************************************************************************************************
2026-10-01 06:34:51,551 - INFO - --- training epoch 224, loss 0.0076, mae 0.0918, rmse 0.1233, time elapsed(min) 0.03---
2026-10-01 06:34:51,981 - INFO - --- validation at epoch 224, val_loss 0.0083, val_mae 0.0962, val_rmse 0.1278, val_r2 0.8183, val_pearson 0.9047, lr 2.43e-06 ---
2026-10-01 06:34:51,981 - INFO - 
****************************************************************************************************
2026-10-01 06:34:53,870 - INFO - --- training epoch 225, loss 0.0077, mae 0.0922, rmse 0.1238, time elapsed(min) 0.02---
2026-10-01 06:34:54,087 - INFO - --- validation at epoch 225, val_loss 0.0083, val_mae 0.0961, val_rmse 0.1277, val_r2 0.8185, val_pearson 0.9049, lr 2.43e-06 ---
2026-10-01 06:34:54,087 - INFO - 
****************************************************************************************************
2026-10-01 06:34:55,841 - INFO - --- training epoch 226, loss 0.0076, mae 0.0928, rmse 0.1236, time elapsed(min) 0.02---
2026-10-01 06:34:56,070 - INFO - --- validation at epoch 226, val_loss 0.0083, val_mae 0.0960, val_rmse 0.1276, val_r2 0.8188, val_pearson 0.9050, lr 2.43e-06 ---
2026-10-01 06:34:56,070 - INFO - 
****************************************************************************************************
2026-10-01 06:34:58,051 - INFO - --- training epoch 227, loss 0.0077, mae 0.0931, rmse 0.1244, time elapsed(min) 0.03---
2026-10-01 06:34:58,436 - INFO - --- validation at epoch 227, val_loss 0.0083, val_mae 0.0962, val_rmse 0.1278, val_r2 0.8183, val_pearson 0.9048, lr 2.43e-06 ---
2026-10-01 06:34:58,436 - INFO - 
****************************************************************************************************
2026-10-01 06:35:00,326 - INFO - --- training epoch 228, loss 0.0075, mae 0.0917, rmse 0.1224, time elapsed(min) 0.02---
2026-10-01 06:35:00,538 - INFO - --- validation at epoch 228, val_loss 0.0083, val_mae 0.0961, val_rmse 0.1278, val_r2 0.8184, val_pearson 0.9048, lr 2.43e-06 ---
2026-10-01 06:35:00,538 - INFO - 
****************************************************************************************************
2026-10-01 06:35:02,268 - INFO - --- training epoch 229, loss 0.0077, mae 0.0928, rmse 0.1243, time elapsed(min) 0.02---
2026-10-01 06:35:02,479 - INFO - --- validation at epoch 229, val_loss 0.0083, val_mae 0.0960, val_rmse 0.1277, val_r2 0.8186, val_pearson 0.9049, lr 2.43e-06 ---
2026-10-01 06:35:02,480 - INFO - 
****************************************************************************************************
2026-10-01 06:35:04,286 - INFO - --- training epoch 230, loss 0.0076, mae 0.0924, rmse 0.1237, time elapsed(min) 0.03---
2026-10-01 06:35:04,676 - INFO - --- validation at epoch 230, val_loss 0.0083, val_mae 0.0959, val_rmse 0.1275, val_r2 0.8191, val_pearson 0.9051, lr 2.43e-06 ---
2026-10-01 06:35:04,676 - INFO - 
****************************************************************************************************
2026-10-01 06:35:06,524 - INFO - --- training epoch 231, loss 0.0077, mae 0.0926, rmse 0.1240, time elapsed(min) 0.02---
2026-10-01 06:35:06,741 - INFO - --- validation at epoch 231, val_loss 0.0083, val_mae 0.0960, val_rmse 0.1277, val_r2 0.8186, val_pearson 0.9049, lr 2.43e-06 ---
2026-10-01 06:35:06,741 - INFO - 
****************************************************************************************************
2026-10-01 06:35:08,541 - INFO - --- training epoch 232, loss 0.0076, mae 0.0922, rmse 0.1235, time elapsed(min) 0.02---
2026-10-01 06:35:08,753 - INFO - --- validation at epoch 232, val_loss 0.0083, val_mae 0.0961, val_rmse 0.1277, val_r2 0.8187, val_pearson 0.9049, lr 2.43e-06 ---
2026-10-01 06:35:08,753 - INFO - 
****************************************************************************************************
2026-10-01 06:35:10,551 - INFO - --- training epoch 233, loss 0.0076, mae 0.0923, rmse 0.1236, time elapsed(min) 0.03---
2026-10-01 06:35:10,883 - INFO - --- validation at epoch 233, val_loss 0.0083, val_mae 0.0961, val_rmse 0.1277, val_r2 0.8186, val_pearson 0.9049, lr 1.00e-06 ---
2026-10-01 06:35:10,883 - INFO - 
****************************************************************************************************
2026-10-01 06:35:12,792 - INFO - --- training epoch 234, loss 0.0076, mae 0.0919, rmse 0.1230, time elapsed(min) 0.03---
2026-10-01 06:35:13,001 - INFO - --- validation at epoch 234, val_loss 0.0083, val_mae 0.0960, val_rmse 0.1277, val_r2 0.8186, val_pearson 0.9049, lr 1.00e-06 ---
2026-10-01 06:35:13,001 - INFO - 
****************************************************************************************************
2026-10-01 06:35:14,743 - INFO - --- training epoch 235, loss 0.0077, mae 0.0929, rmse 0.1240, time elapsed(min) 0.02---
2026-10-01 06:35:14,956 - INFO - --- validation at epoch 235, val_loss 0.0083, val_mae 0.0961, val_rmse 0.1277, val_r2 0.8185, val_pearson 0.9049, lr 1.00e-06 ---
2026-10-01 06:35:14,956 - INFO - 
****************************************************************************************************
2026-10-01 06:35:16,775 - INFO - --- training epoch 236, loss 0.0076, mae 0.0923, rmse 0.1234, time elapsed(min) 0.03---
2026-10-01 06:35:17,105 - INFO - --- validation at epoch 236, val_loss 0.0083, val_mae 0.0960, val_rmse 0.1276, val_r2 0.8187, val_pearson 0.9049, lr 1.00e-06 ---
2026-10-01 06:35:17,105 - INFO - 
****************************************************************************************************
2026-10-01 06:35:19,093 - INFO - --- training epoch 237, loss 0.0076, mae 0.0922, rmse 0.1236, time elapsed(min) 0.03---
2026-10-01 06:35:19,305 - INFO - --- validation at epoch 237, val_loss 0.0083, val_mae 0.0960, val_rmse 0.1277, val_r2 0.8186, val_pearson 0.9049, lr 1.00e-06 ---
2026-10-01 06:35:19,305 - INFO - 
****************************************************************************************************
2026-10-01 06:35:21,045 - INFO - --- training epoch 238, loss 0.0076, mae 0.0923, rmse 0.1234, time elapsed(min) 0.02---
2026-10-01 06:35:21,259 - INFO - --- validation at epoch 238, val_loss 0.0083, val_mae 0.0960, val_rmse 0.1276, val_r2 0.8187, val_pearson 0.9049, lr 1.00e-06 ---
2026-10-01 06:35:21,259 - INFO - 
****************************************************************************************************
2026-10-01 06:35:23,021 - INFO - --- training epoch 239, loss 0.0077, mae 0.0926, rmse 0.1239, time elapsed(min) 0.02---
2026-10-01 06:35:23,349 - INFO - --- validation at epoch 239, val_loss 0.0083, val_mae 0.0958, val_rmse 0.1275, val_r2 0.8192, val_pearson 0.9052, lr 1.00e-06 ---
2026-10-01 06:35:23,349 - INFO - 
****************************************************************************************************
2026-10-01 06:35:25,375 - INFO - --- training epoch 240, loss 0.0076, mae 0.0915, rmse 0.1230, time elapsed(min) 0.03---
2026-10-01 06:35:25,585 - INFO - --- validation at epoch 240, val_loss 0.0083, val_mae 0.0959, val_rmse 0.1275, val_r2 0.8190, val_pearson 0.9051, lr 1.00e-06 ---
2026-10-01 06:35:25,585 - INFO - 
****************************************************************************************************
2026-10-01 06:35:27,449 - INFO - --- training epoch 241, loss 0.0077, mae 0.0925, rmse 0.1239, time elapsed(min) 0.03---
2026-10-01 06:35:27,677 - INFO - --- validation at epoch 241, val_loss 0.0083, val_mae 0.0958, val_rmse 0.1275, val_r2 0.8192, val_pearson 0.9052, lr 1.00e-06 ---
2026-10-01 06:35:27,677 - INFO - 
****************************************************************************************************
2026-10-01 06:35:29,515 - INFO - --- training epoch 242, loss 0.0078, mae 0.0932, rmse 0.1248, time elapsed(min) 0.03---
2026-10-01 06:35:29,842 - INFO - --- validation at epoch 242, val_loss 0.0083, val_mae 0.0958, val_rmse 0.1275, val_r2 0.8192, val_pearson 0.9052, lr 1.00e-06 ---
2026-10-01 06:35:29,842 - INFO - 
****************************************************************************************************
2026-10-01 06:35:31,758 - INFO - --- training epoch 243, loss 0.0076, mae 0.0918, rmse 0.1231, time elapsed(min) 0.03---
2026-10-01 06:35:31,968 - INFO - --- validation at epoch 243, val_loss 0.0083, val_mae 0.0959, val_rmse 0.1275, val_r2 0.8192, val_pearson 0.9052, lr 1.00e-06 ---
2026-10-01 06:35:31,968 - INFO - 
****************************************************************************************************
2026-10-01 06:35:33,697 - INFO - --- training epoch 244, loss 0.0076, mae 0.0923, rmse 0.1234, time elapsed(min) 0.02---
2026-10-01 06:35:33,913 - INFO - --- validation at epoch 244, val_loss 0.0083, val_mae 0.0960, val_rmse 0.1276, val_r2 0.8187, val_pearson 0.9049, lr 1.00e-06 ---
2026-10-01 06:35:33,914 - INFO - 
****************************************************************************************************
2026-10-01 06:35:35,702 - INFO - --- training epoch 245, loss 0.0076, mae 0.0923, rmse 0.1237, time elapsed(min) 0.03---
2026-10-01 06:35:35,911 - INFO - --- validation at epoch 245, val_loss 0.0083, val_mae 0.0960, val_rmse 0.1276, val_r2 0.8189, val_pearson 0.9051, lr 1.00e-06 ---
2026-10-01 06:35:35,911 - INFO - 
****************************************************************************************************
2026-10-01 06:35:37,816 - INFO - --- training epoch 246, loss 0.0076, mae 0.0917, rmse 0.1236, time elapsed(min) 0.03---
2026-10-01 06:35:38,207 - INFO - --- validation at epoch 246, val_loss 0.0083, val_mae 0.0959, val_rmse 0.1275, val_r2 0.8191, val_pearson 0.9052, lr 1.00e-06 ---
2026-10-01 06:35:38,207 - INFO - 
****************************************************************************************************
2026-10-01 06:35:40,029 - INFO - --- training epoch 247, loss 0.0078, mae 0.0932, rmse 0.1250, time elapsed(min) 0.02---
2026-10-01 06:35:40,240 - INFO - --- validation at epoch 247, val_loss 0.0083, val_mae 0.0958, val_rmse 0.1275, val_r2 0.8192, val_pearson 0.9052, lr 1.00e-06 ---
2026-10-01 06:35:40,240 - INFO - 
****************************************************************************************************
2026-10-01 06:35:42,056 - INFO - --- training epoch 248, loss 0.0078, mae 0.0932, rmse 0.1251, time elapsed(min) 0.03---
2026-10-01 06:35:42,267 - INFO - --- validation at epoch 248, val_loss 0.0083, val_mae 0.0959, val_rmse 0.1275, val_r2 0.8191, val_pearson 0.9051, lr 1.00e-06 ---
2026-10-01 06:35:42,267 - INFO - 
****************************************************************************************************
2026-10-01 06:35:44,091 - INFO - --- training epoch 249, loss 0.0076, mae 0.0923, rmse 0.1236, time elapsed(min) 0.03---
2026-10-01 06:35:44,457 - INFO - --- validation at epoch 249, val_loss 0.0083, val_mae 0.0960, val_rmse 0.1276, val_r2 0.8189, val_pearson 0.9051, lr 1.00e-06 ---
2026-10-01 06:35:44,457 - INFO - 
****************************************************************************************************
2026-10-01 06:35:46,297 - INFO - --- training epoch 250, loss 0.0076, mae 0.0924, rmse 0.1235, time elapsed(min) 0.02---
2026-10-01 06:35:46,529 - INFO - --- validation at epoch 250, val_loss 0.0083, val_mae 0.0960, val_rmse 0.1276, val_r2 0.8189, val_pearson 0.9051, lr 1.00e-06 ---
2026-10-01 06:35:46,529 - INFO - 
****************************************************************************************************
2026-10-01 06:35:48,252 - INFO - --- training epoch 251, loss 0.0076, mae 0.0930, rmse 0.1236, time elapsed(min) 0.02---
2026-10-01 06:35:48,462 - INFO - --- validation at epoch 251, val_loss 0.0083, val_mae 0.0959, val_rmse 0.1275, val_r2 0.8190, val_pearson 0.9052, lr 1.00e-06 ---
2026-10-01 06:35:48,462 - INFO - 
****************************************************************************************************
2026-10-01 06:35:50,226 - INFO - --- training epoch 252, loss 0.0076, mae 0.0913, rmse 0.1230, time elapsed(min) 0.02---
2026-10-01 06:35:50,560 - INFO - --- validation at epoch 252, val_loss 0.0083, val_mae 0.0958, val_rmse 0.1274, val_r2 0.8193, val_pearson 0.9053, lr 1.00e-06 ---
2026-10-01 06:35:50,560 - INFO - 
****************************************************************************************************
2026-10-01 06:35:52,500 - INFO - --- training epoch 253, loss 0.0076, mae 0.0918, rmse 0.1230, time elapsed(min) 0.03---
2026-10-01 06:35:52,715 - INFO - --- validation at epoch 253, val_loss 0.0083, val_mae 0.0958, val_rmse 0.1275, val_r2 0.8192, val_pearson 0.9052, lr 1.00e-06 ---
2026-10-01 06:35:52,715 - INFO - 
****************************************************************************************************
2026-10-01 06:35:54,605 - INFO - --- training epoch 254, loss 0.0076, mae 0.0922, rmse 0.1231, time elapsed(min) 0.03---
2026-10-01 06:35:54,816 - INFO - --- validation at epoch 254, val_loss 0.0083, val_mae 0.0958, val_rmse 0.1274, val_r2 0.8193, val_pearson 0.9053, lr 1.00e-06 ---
2026-10-01 06:35:54,816 - INFO - 
****************************************************************************************************
2026-10-01 06:35:56,612 - INFO - --- training epoch 255, loss 0.0075, mae 0.0914, rmse 0.1224, time elapsed(min) 0.03---
2026-10-01 06:35:56,947 - INFO - --- validation at epoch 255, val_loss 0.0083, val_mae 0.0958, val_rmse 0.1274, val_r2 0.8194, val_pearson 0.9053, lr 1.00e-06 ---
2026-10-01 06:35:56,947 - INFO - 
****************************************************************************************************
2026-10-01 06:35:58,960 - INFO - --- training epoch 256, loss 0.0076, mae 0.0920, rmse 0.1233, time elapsed(min) 0.03---
2026-10-01 06:35:59,174 - INFO - --- validation at epoch 256, val_loss 0.0083, val_mae 0.0957, val_rmse 0.1274, val_r2 0.8194, val_pearson 0.9053, lr 1.00e-06 ---
2026-10-01 06:35:59,174 - INFO - 
****************************************************************************************************
2026-10-01 06:36:00,910 - INFO - --- training epoch 257, loss 0.0077, mae 0.0928, rmse 0.1242, time elapsed(min) 0.02---
2026-10-01 06:36:01,121 - INFO - --- validation at epoch 257, val_loss 0.0083, val_mae 0.0957, val_rmse 0.1274, val_r2 0.8194, val_pearson 0.9053, lr 1.00e-06 ---
2026-10-01 06:36:01,121 - INFO - 
****************************************************************************************************
2026-10-01 06:36:02,896 - INFO - --- training epoch 258, loss 0.0076, mae 0.0927, rmse 0.1236, time elapsed(min) 0.02---
2026-10-01 06:36:03,227 - INFO - --- validation at epoch 258, val_loss 0.0083, val_mae 0.0958, val_rmse 0.1275, val_r2 0.8191, val_pearson 0.9052, lr 1.00e-06 ---
2026-10-01 06:36:03,227 - INFO - 
****************************************************************************************************
2026-10-01 06:36:05,275 - INFO - --- training epoch 259, loss 0.0076, mae 0.0923, rmse 0.1236, time elapsed(min) 0.03---
2026-10-01 06:36:05,488 - INFO - --- validation at epoch 259, val_loss 0.0083, val_mae 0.0957, val_rmse 0.1274, val_r2 0.8193, val_pearson 0.9053, lr 1.00e-06 ---
2026-10-01 06:36:05,488 - INFO - 
****************************************************************************************************
2026-10-01 06:36:07,214 - INFO - --- training epoch 260, loss 0.0077, mae 0.0921, rmse 0.1240, time elapsed(min) 0.02---
2026-10-01 06:36:07,425 - INFO - --- validation at epoch 260, val_loss 0.0083, val_mae 0.0957, val_rmse 0.1274, val_r2 0.8194, val_pearson 0.9053, lr 1.00e-06 ---
2026-10-01 06:36:07,425 - INFO - 
****************************************************************************************************
2026-10-01 06:36:09,251 - INFO - --- training epoch 261, loss 0.0076, mae 0.0916, rmse 0.1233, time elapsed(min) 0.03---
2026-10-01 06:36:09,482 - INFO - --- validation at epoch 261, val_loss 0.0083, val_mae 0.0958, val_rmse 0.1274, val_r2 0.8193, val_pearson 0.9053, lr 1.00e-06 ---
2026-10-01 06:36:09,482 - INFO - 
****************************************************************************************************
2026-10-01 06:36:11,332 - INFO - --- training epoch 262, loss 0.0076, mae 0.0922, rmse 0.1236, time elapsed(min) 0.03---
2026-10-01 06:36:11,697 - INFO - --- validation at epoch 262, val_loss 0.0083, val_mae 0.0959, val_rmse 0.1275, val_r2 0.8191, val_pearson 0.9052, lr 1.00e-06 ---
2026-10-01 06:36:11,697 - INFO - 
****************************************************************************************************
2026-10-01 06:36:13,717 - INFO - --- training epoch 263, loss 0.0076, mae 0.0921, rmse 0.1233, time elapsed(min) 0.03---
2026-10-01 06:36:13,927 - INFO - --- validation at epoch 263, val_loss 0.0083, val_mae 0.0960, val_rmse 0.1276, val_r2 0.8189, val_pearson 0.9050, lr 1.00e-06 ---
2026-10-01 06:36:13,927 - INFO - 
****************************************************************************************************
2026-10-01 06:36:15,643 - INFO - --- training epoch 264, loss 0.0076, mae 0.0921, rmse 0.1233, time elapsed(min) 0.02---
2026-10-01 06:36:15,857 - INFO - --- validation at epoch 264, val_loss 0.0083, val_mae 0.0960, val_rmse 0.1276, val_r2 0.8188, val_pearson 0.9050, lr 1.00e-06 ---
2026-10-01 06:36:15,857 - INFO - 
****************************************************************************************************
2026-10-01 06:36:17,726 - INFO - --- training epoch 265, loss 0.0075, mae 0.0917, rmse 0.1228, time elapsed(min) 0.03---
2026-10-01 06:36:18,068 - INFO - --- validation at epoch 265, val_loss 0.0083, val_mae 0.0960, val_rmse 0.1277, val_r2 0.8186, val_pearson 0.9049, lr 1.00e-06 ---
2026-10-01 06:36:18,068 - INFO - 
****************************************************************************************************
2026-10-01 06:36:19,993 - INFO - --- training epoch 266, loss 0.0075, mae 0.0917, rmse 0.1225, time elapsed(min) 0.03---
2026-10-01 06:36:20,206 - INFO - --- validation at epoch 266, val_loss 0.0083, val_mae 0.0959, val_rmse 0.1276, val_r2 0.8190, val_pearson 0.9051, lr 1.00e-06 ---
2026-10-01 06:36:20,206 - INFO - 
****************************************************************************************************
2026-10-01 06:36:21,944 - INFO - --- training epoch 267, loss 0.0077, mae 0.0927, rmse 0.1237, time elapsed(min) 0.02---
2026-10-01 06:36:22,156 - INFO - --- validation at epoch 267, val_loss 0.0083, val_mae 0.0957, val_rmse 0.1274, val_r2 0.8193, val_pearson 0.9053, lr 1.00e-06 ---
2026-10-01 06:36:22,156 - INFO - 
****************************************************************************************************
2026-10-01 06:36:23,910 - INFO - --- training epoch 268, loss 0.0076, mae 0.0925, rmse 0.1234, time elapsed(min) 0.02---
2026-10-01 06:36:24,260 - INFO - --- validation at epoch 268, val_loss 0.0083, val_mae 0.0957, val_rmse 0.1274, val_r2 0.8193, val_pearson 0.9053, lr 1.00e-06 ---
2026-10-01 06:36:24,260 - INFO - 
****************************************************************************************************
2026-10-01 06:36:26,209 - INFO - --- training epoch 269, loss 0.0075, mae 0.0915, rmse 0.1222, time elapsed(min) 0.03---
2026-10-01 06:36:26,421 - INFO - --- validation at epoch 269, val_loss 0.0083, val_mae 0.0957, val_rmse 0.1274, val_r2 0.8193, val_pearson 0.9053, lr 1.00e-06 ---
2026-10-01 06:36:26,421 - INFO - 
****************************************************************************************************
2026-10-01 06:36:28,181 - INFO - --- training epoch 270, loss 0.0076, mae 0.0921, rmse 0.1234, time elapsed(min) 0.02---
2026-10-01 06:36:28,394 - INFO - --- validation at epoch 270, val_loss 0.0083, val_mae 0.0958, val_rmse 0.1275, val_r2 0.8192, val_pearson 0.9052, lr 1.00e-06 ---
2026-10-01 06:36:28,394 - INFO - 
****************************************************************************************************
2026-10-01 06:36:30,171 - INFO - --- training epoch 271, loss 0.0076, mae 0.0921, rmse 0.1232, time elapsed(min) 0.02---
2026-10-01 06:36:30,513 - INFO - --- validation at epoch 271, val_loss 0.0083, val_mae 0.0959, val_rmse 0.1276, val_r2 0.8188, val_pearson 0.9050, lr 1.00e-06 ---
2026-10-01 06:36:30,513 - INFO - 
****************************************************************************************************
2026-10-01 06:36:30,803 - INFO - --- early stopping at epoch 271: val_loss did not improve for 50 epochs ---
2026-10-01 06:36:31,221 - INFO - --- selected checkpoint from epoch 221, val_loss 0.0082, val_mae 0.0958, val_rmse 0.1274
2026-10-01 06:36:32,100 - INFO - -- RESULT
2026-10-01 06:36:32,100 - INFO - --- test size: 1728
2026-10-01 06:36:32,100 - INFO - --- MAE: 0.0974 (9.74 pp), RMSE: 0.1319 (13.19 pp), R2: 0.7752, Pearson: 0.8809
2026-10-01 06:36:34,380 - INFO - --- Suzuki-Miyaura | split_0 | approach_3: test R2 0.7752 MAE 0.0974 RMSE 0.1319 | 573.5s (2.1s/epoch)
2026-10-01 06:36:34,387 - INFO - --- Suzuki-Miyaura | split_0 | approach 2 (comb/mlp) (comb/mlp)
