2026-10-01 00:11:47,320 - INFO - device is	cuda:0
2026-10-01 00:11:47,414 - INFO - -- CONFIGURATIONS
2026-10-01 00:11:47,414 - INFO - --- train/valid/test: 2491/277/1187
2026-10-01 00:11:47,414 - INFO - --- max no. reactants_train, valid, test respectively: 6, 6, 6
2026-10-01 00:11:47,414 - INFO - --- max no. products_train, valid, test respectively: 1, 1, 1
2026-10-01 00:11:47,414 - INFO - --- model_path: ../logs/approach2_grid_bh/e400/runs/Buchwald-Hartwig_fullcv09_split70_ind_mlp/model.pt
2026-10-01 00:11:47,423 - INFO - -- TRAINING
2026-10-01 00:11:48,282 - INFO - --- training epoch 0, loss 24.0053, mae 24.5005, rmse 29.8921, time elapsed(min) 0.01---
2026-10-01 00:11:48,446 - INFO - --- validation at epoch 0, val_loss 22.8683, val_mae 23.4098, val_rmse 28.1300, val_r2 -0.0527, val_pearson -0.3344, lr 1.00e-03 ---
2026-10-01 00:11:48,446 - INFO - 
****************************************************************************************************
2026-10-01 00:11:49,960 - INFO - --- training epoch 1, loss 23.0076, mae 23.5044, rmse 28.2951, time elapsed(min) 0.02---
2026-10-01 00:11:50,130 - INFO - --- validation at epoch 1, val_loss 22.8011, val_mae 23.1910, val_rmse 28.0035, val_r2 -0.0433, val_pearson 0.0866, lr 1.00e-03 ---
2026-10-01 00:11:50,130 - INFO - 
****************************************************************************************************
2026-10-01 00:11:51,217 - INFO - --- training epoch 2, loss 22.6586, mae 23.1554, rmse 28.0228, time elapsed(min) 0.01---
2026-10-01 00:11:51,387 - INFO - --- validation at epoch 2, val_loss 22.7554, val_mae 23.0343, val_rmse 27.9520, val_r2 -0.0395, val_pearson 0.1575, lr 1.00e-03 ---
2026-10-01 00:11:51,388 - INFO - 
****************************************************************************************************
2026-10-01 00:11:52,490 - INFO - --- training epoch 3, loss 22.3365, mae 22.8329, rmse 27.6301, time elapsed(min) 0.01---
2026-10-01 00:11:52,664 - INFO - --- validation at epoch 3, val_loss 22.7416, val_mae 23.0687, val_rmse 27.7463, val_r2 -0.0242, val_pearson 0.1746, lr 1.00e-03 ---
2026-10-01 00:11:52,664 - INFO - 
****************************************************************************************************
2026-10-01 00:11:53,951 - INFO - --- training epoch 4, loss 21.9293, mae 22.4243, rmse 26.6480, time elapsed(min) 0.01---
2026-10-01 00:11:54,113 - INFO - --- validation at epoch 4, val_loss 23.1672, val_mae 23.0696, val_rmse 29.5507, val_r2 -0.1618, val_pearson 0.2180, lr 1.00e-03 ---
2026-10-01 00:11:54,113 - INFO - 
****************************************************************************************************
2026-10-01 00:11:55,345 - INFO - --- training epoch 5, loss 22.5103, mae 23.0062, rmse 28.0235, time elapsed(min) 0.01---
2026-10-01 00:11:55,514 - INFO - --- validation at epoch 5, val_loss 22.4113, val_mae 22.8369, val_rmse 26.9146, val_r2 0.0363, val_pearson 0.2126, lr 1.00e-03 ---
2026-10-01 00:11:55,514 - INFO - 
****************************************************************************************************
2026-10-01 00:11:56,829 - INFO - --- training epoch 6, loss 21.7662, mae 22.2620, rmse 26.7915, time elapsed(min) 0.01---
2026-10-01 00:11:57,001 - INFO - --- validation at epoch 6, val_loss 22.5958, val_mae 23.0227, val_rmse 28.6453, val_r2 -0.0917, val_pearson 0.2078, lr 1.00e-03 ---
2026-10-01 00:11:57,001 - INFO - 
****************************************************************************************************
2026-10-01 00:11:58,435 - INFO - --- training epoch 7, loss 21.1895, mae 21.6857, rmse 25.8446, time elapsed(min) 0.02---
2026-10-01 00:11:58,605 - INFO - --- validation at epoch 7, val_loss 21.7116, val_mae 21.5646, val_rmse 26.0820, val_r2 0.0950, val_pearson 0.3577, lr 1.00e-03 ---
2026-10-01 00:11:58,605 - INFO - 
****************************************************************************************************
2026-10-01 00:11:59,738 - INFO - --- training epoch 8, loss 20.8633, mae 21.3598, rmse 25.6122, time elapsed(min) 0.01---
2026-10-01 00:11:59,910 - INFO - --- validation at epoch 8, val_loss 22.1955, val_mae 21.6544, val_rmse 27.0037, val_r2 0.0299, val_pearson 0.3995, lr 1.00e-03 ---
2026-10-01 00:11:59,910 - INFO - 
****************************************************************************************************
2026-10-01 00:12:00,961 - INFO - --- training epoch 9, loss 20.9447, mae 21.4412, rmse 25.3580, time elapsed(min) 0.01---
2026-10-01 00:12:01,130 - INFO - --- validation at epoch 9, val_loss 22.2803, val_mae 21.8627, val_rmse 27.3955, val_r2 0.0015, val_pearson 0.3585, lr 1.00e-03 ---
2026-10-01 00:12:01,130 - INFO - 
****************************************************************************************************
2026-10-01 00:12:02,376 - INFO - --- training epoch 10, loss 20.4558, mae 20.9513, rmse 25.3186, time elapsed(min) 0.01---
2026-10-01 00:12:02,541 - INFO - --- validation at epoch 10, val_loss 21.3152, val_mae 20.9181, val_rmse 25.7961, val_r2 0.1147, val_pearson 0.4070, lr 1.00e-03 ---
2026-10-01 00:12:02,541 - INFO - 
****************************************************************************************************
2026-10-01 00:12:03,873 - INFO - --- training epoch 11, loss 20.2064, mae 20.7022, rmse 25.2692, time elapsed(min) 0.01---
2026-10-01 00:12:04,029 - INFO - --- validation at epoch 11, val_loss 23.8216, val_mae 24.1941, val_rmse 28.0379, val_r2 -0.0459, val_pearson 0.3934, lr 1.00e-03 ---
2026-10-01 00:12:04,029 - INFO - 
****************************************************************************************************
2026-10-01 00:12:05,263 - INFO - --- training epoch 12, loss 22.3990, mae 22.8951, rmse 27.2409, time elapsed(min) 0.01---
2026-10-01 00:12:05,650 - INFO - --- validation at epoch 12, val_loss 22.4218, val_mae 22.7036, val_rmse 26.9224, val_r2 0.0357, val_pearson 0.2313, lr 1.00e-03 ---
2026-10-01 00:12:05,650 - INFO - 
****************************************************************************************************
2026-10-01 00:12:06,834 - INFO - --- training epoch 13, loss 21.8415, mae 22.3366, rmse 26.8410, time elapsed(min) 0.01---
2026-10-01 00:12:06,992 - INFO - --- validation at epoch 13, val_loss 22.1844, val_mae 22.5160, val_rmse 26.3185, val_r2 0.0785, val_pearson 0.2833, lr 1.00e-03 ---
2026-10-01 00:12:06,993 - INFO - 
****************************************************************************************************
2026-10-01 00:12:08,039 - INFO - --- training epoch 14, loss 21.4524, mae 21.9491, rmse 25.9999, time elapsed(min) 0.01---
2026-10-01 00:12:08,213 - INFO - --- validation at epoch 14, val_loss 21.9262, val_mae 21.9401, val_rmse 26.4482, val_r2 0.0694, val_pearson 0.3194, lr 1.00e-03 ---
2026-10-01 00:12:08,213 - INFO - 
****************************************************************************************************
2026-10-01 00:12:09,414 - INFO - --- training epoch 15, loss 21.1631, mae 21.6597, rmse 25.7191, time elapsed(min) 0.01---
2026-10-01 00:12:09,597 - INFO - --- validation at epoch 15, val_loss 21.9619, val_mae 21.9343, val_rmse 26.2468, val_r2 0.0835, val_pearson 0.3374, lr 1.00e-03 ---
2026-10-01 00:12:09,597 - INFO - 
****************************************************************************************************
2026-10-01 00:12:10,966 - INFO - --- training epoch 16, loss 21.1146, mae 21.6121, rmse 25.6677, time elapsed(min) 0.02---
2026-10-01 00:12:11,131 - INFO - --- validation at epoch 16, val_loss 21.7511, val_mae 21.5859, val_rmse 26.1722, val_r2 0.0887, val_pearson 0.3538, lr 1.00e-03 ---
2026-10-01 00:12:11,131 - INFO - 
****************************************************************************************************
2026-10-01 00:12:12,418 - INFO - --- training epoch 17, loss 20.6259, mae 21.1219, rmse 25.4322, time elapsed(min) 0.01---
2026-10-01 00:12:12,802 - INFO - --- validation at epoch 17, val_loss 21.3786, val_mae 21.0327, val_rmse 26.0590, val_r2 0.0966, val_pearson 0.3867, lr 1.00e-03 ---
2026-10-01 00:12:12,802 - INFO - 
****************************************************************************************************
2026-10-01 00:12:14,013 - INFO - --- training epoch 18, loss 20.7207, mae 21.2161, rmse 25.7047, time elapsed(min) 0.01---
2026-10-01 00:12:14,178 - INFO - --- validation at epoch 18, val_loss 21.5835, val_mae 21.3240, val_rmse 25.3492, val_r2 0.1451, val_pearson 0.4295, lr 1.00e-03 ---
2026-10-01 00:12:14,178 - INFO - 
****************************************************************************************************
2026-10-01 00:12:15,233 - INFO - --- training epoch 19, loss 19.8572, mae 20.3530, rmse 24.6447, time elapsed(min) 0.01---
2026-10-01 00:12:15,400 - INFO - --- validation at epoch 19, val_loss 22.4360, val_mae 22.1966, val_rmse 27.2078, val_r2 0.0151, val_pearson 0.3578, lr 1.00e-03 ---
2026-10-01 00:12:15,400 - INFO - 
****************************************************************************************************
2026-10-01 00:12:16,456 - INFO - --- training epoch 20, loss 21.6224, mae 22.1180, rmse 26.4571, time elapsed(min) 0.01---
2026-10-01 00:12:16,621 - INFO - --- validation at epoch 20, val_loss 22.5857, val_mae 22.1931, val_rmse 27.4624, val_r2 -0.0034, val_pearson 0.3491, lr 1.00e-03 ---
2026-10-01 00:12:16,621 - INFO - 
****************************************************************************************************
2026-10-01 00:12:17,855 - INFO - --- training epoch 21, loss 21.3387, mae 21.8358, rmse 25.6521, time elapsed(min) 0.01---
2026-10-01 00:12:18,025 - INFO - --- validation at epoch 21, val_loss 21.6988, val_mae 21.6201, val_rmse 25.9400, val_r2 0.1048, val_pearson 0.3879, lr 1.00e-03 ---
2026-10-01 00:12:18,025 - INFO - 
****************************************************************************************************
2026-10-01 00:12:19,266 - INFO - --- training epoch 22, loss 20.6261, mae 21.1222, rmse 25.1986, time elapsed(min) 0.01---
2026-10-01 00:12:19,424 - INFO - --- validation at epoch 22, val_loss 21.8164, val_mae 21.6291, val_rmse 26.6331, val_r2 0.0563, val_pearson 0.4034, lr 3.00e-04 ---
2026-10-01 00:12:19,424 - INFO - 
****************************************************************************************************
2026-10-01 00:12:20,626 - INFO - --- training epoch 23, loss 20.7683, mae 21.2645, rmse 25.5404, time elapsed(min) 0.01---
2026-10-01 00:12:20,802 - INFO - --- validation at epoch 23, val_loss 21.0400, val_mae 21.2203, val_rmse 25.4600, val_r2 0.1376, val_pearson 0.4071, lr 3.00e-04 ---
2026-10-01 00:12:20,802 - INFO - 
****************************************************************************************************
2026-10-01 00:12:21,940 - INFO - --- training epoch 24, loss 20.0198, mae 20.5159, rmse 24.3186, time elapsed(min) 0.01---
2026-10-01 00:12:22,107 - INFO - --- validation at epoch 24, val_loss 20.9313, val_mae 21.1939, val_rmse 25.3334, val_r2 0.1462, val_pearson 0.4135, lr 3.00e-04 ---
2026-10-01 00:12:22,107 - INFO - 
****************************************************************************************************
2026-10-01 00:12:23,379 - INFO - --- training epoch 25, loss 20.0631, mae 20.5589, rmse 24.6559, time elapsed(min) 0.01---
2026-10-01 00:12:23,548 - INFO - --- validation at epoch 25, val_loss 20.7923, val_mae 20.7579, val_rmse 25.0996, val_r2 0.1619, val_pearson 0.4356, lr 3.00e-04 ---
2026-10-01 00:12:23,548 - INFO - 
****************************************************************************************************
2026-10-01 00:12:24,872 - INFO - --- training epoch 26, loss 19.9886, mae 20.4848, rmse 24.2042, time elapsed(min) 0.01---
2026-10-01 00:12:25,046 - INFO - --- validation at epoch 26, val_loss 20.1870, val_mae 20.2947, val_rmse 24.4976, val_r2 0.2016, val_pearson 0.4720, lr 3.00e-04 ---
2026-10-01 00:12:25,047 - INFO - 
****************************************************************************************************
2026-10-01 00:12:26,404 - INFO - --- training epoch 27, loss 19.5280, mae 20.0252, rmse 24.1570, time elapsed(min) 0.01---
2026-10-01 00:12:26,566 - INFO - --- validation at epoch 27, val_loss 19.8967, val_mae 19.9584, val_rmse 24.4125, val_r2 0.2071, val_pearson 0.4885, lr 3.00e-04 ---
2026-10-01 00:12:26,566 - INFO - 
****************************************************************************************************
2026-10-01 00:12:28,078 - INFO - --- training epoch 28, loss 19.3825, mae 19.8781, rmse 24.2774, time elapsed(min) 0.02---
2026-10-01 00:12:28,242 - INFO - --- validation at epoch 28, val_loss 20.6320, val_mae 20.6051, val_rmse 24.9900, val_r2 0.1692, val_pearson 0.4514, lr 3.00e-04 ---
2026-10-01 00:12:28,242 - INFO - 
****************************************************************************************************
2026-10-01 00:12:29,271 - INFO - --- training epoch 29, loss 19.6181, mae 20.1139, rmse 24.2727, time elapsed(min) 0.01---
2026-10-01 00:12:29,433 - INFO - --- validation at epoch 29, val_loss 20.6291, val_mae 20.3798, val_rmse 24.9490, val_r2 0.1719, val_pearson 0.4554, lr 3.00e-04 ---
2026-10-01 00:12:29,433 - INFO - 
****************************************************************************************************
2026-10-01 00:12:30,462 - INFO - --- training epoch 30, loss 19.1187, mae 19.6142, rmse 24.0828, time elapsed(min) 0.01---
2026-10-01 00:12:30,624 - INFO - --- validation at epoch 30, val_loss 20.5497, val_mae 20.3517, val_rmse 25.4318, val_r2 0.1395, val_pearson 0.4392, lr 3.00e-04 ---
2026-10-01 00:12:30,624 - INFO - 
****************************************************************************************************
2026-10-01 00:12:31,975 - INFO - --- training epoch 31, loss 19.0710, mae 19.5666, rmse 24.0687, time elapsed(min) 0.02---
2026-10-01 00:12:32,146 - INFO - --- validation at epoch 31, val_loss 20.5446, val_mae 20.5333, val_rmse 25.8941, val_r2 0.1080, val_pearson 0.4403, lr 3.00e-04 ---
2026-10-01 00:12:32,146 - INFO - 
****************************************************************************************************
2026-10-01 00:12:33,395 - INFO - --- training epoch 32, loss 18.9547, mae 19.4483, rmse 24.2697, time elapsed(min) 0.01---
2026-10-01 00:12:33,563 - INFO - --- validation at epoch 32, val_loss 20.6870, val_mae 20.4753, val_rmse 25.8931, val_r2 0.1080, val_pearson 0.4381, lr 3.00e-04 ---
2026-10-01 00:12:33,563 - INFO - 
****************************************************************************************************
2026-10-01 00:12:34,807 - INFO - --- training epoch 33, loss 19.1154, mae 19.6116, rmse 24.2503, time elapsed(min) 0.01---
2026-10-01 00:12:35,141 - INFO - --- validation at epoch 33, val_loss 20.5046, val_mae 20.0993, val_rmse 24.8816, val_r2 0.1764, val_pearson 0.4631, lr 3.00e-04 ---
2026-10-01 00:12:35,141 - INFO - 
****************************************************************************************************
2026-10-01 00:12:36,327 - INFO - --- training epoch 34, loss 18.9292, mae 19.4245, rmse 23.9393, time elapsed(min) 0.01---
2026-10-01 00:12:36,500 - INFO - --- validation at epoch 34, val_loss 20.4806, val_mae 20.3022, val_rmse 25.6100, val_r2 0.1274, val_pearson 0.4478, lr 3.00e-04 ---
2026-10-01 00:12:36,500 - INFO - 
****************************************************************************************************
2026-10-01 00:12:37,526 - INFO - --- training epoch 35, loss 18.9236, mae 19.4172, rmse 24.2112, time elapsed(min) 0.01---
2026-10-01 00:12:37,692 - INFO - --- validation at epoch 35, val_loss 20.4428, val_mae 20.4739, val_rmse 25.5279, val_r2 0.1330, val_pearson 0.4556, lr 3.00e-04 ---
2026-10-01 00:12:37,692 - INFO - 
****************************************************************************************************
2026-10-01 00:12:38,914 - INFO - --- training epoch 36, loss 18.7826, mae 19.2772, rmse 24.1292, time elapsed(min) 0.01---
2026-10-01 00:12:39,083 - INFO - --- validation at epoch 36, val_loss 20.2226, val_mae 19.7942, val_rmse 25.2086, val_r2 0.1546, val_pearson 0.4642, lr 3.00e-04 ---
2026-10-01 00:12:39,083 - INFO - 
****************************************************************************************************
2026-10-01 00:12:40,308 - INFO - --- training epoch 37, loss 18.9756, mae 19.4680, rmse 23.9352, time elapsed(min) 0.01---
2026-10-01 00:12:40,473 - INFO - --- validation at epoch 37, val_loss 20.0304, val_mae 20.1579, val_rmse 24.6689, val_r2 0.1904, val_pearson 0.4834, lr 3.00e-04 ---
2026-10-01 00:12:40,474 - INFO - 
****************************************************************************************************
2026-10-01 00:12:41,707 - INFO - --- training epoch 38, loss 18.9467, mae 19.4422, rmse 24.1283, time elapsed(min) 0.01---
2026-10-01 00:12:41,873 - INFO - --- validation at epoch 38, val_loss 20.1076, val_mae 20.1229, val_rmse 25.7711, val_r2 0.1164, val_pearson 0.4496, lr 3.00e-04 ---
2026-10-01 00:12:41,873 - INFO - 
****************************************************************************************************
2026-10-01 00:12:43,245 - INFO - --- training epoch 39, loss 18.6192, mae 19.1132, rmse 23.8705, time elapsed(min) 0.02---
2026-10-01 00:12:43,402 - INFO - --- validation at epoch 39, val_loss 20.6138, val_mae 20.1203, val_rmse 25.2315, val_r2 0.1530, val_pearson 0.4482, lr 9.00e-05 ---
2026-10-01 00:12:43,403 - INFO - 
****************************************************************************************************
2026-10-01 00:12:44,440 - INFO - --- training epoch 40, loss 18.6538, mae 19.1496, rmse 23.9091, time elapsed(min) 0.01---
2026-10-01 00:12:44,608 - INFO - --- validation at epoch 40, val_loss 20.3856, val_mae 20.2625, val_rmse 25.9744, val_r2 0.1024, val_pearson 0.4510, lr 9.00e-05 ---
2026-10-01 00:12:44,608 - INFO - 
****************************************************************************************************
2026-10-01 00:12:45,624 - INFO - --- training epoch 41, loss 18.3707, mae 18.8645, rmse 23.8165, time elapsed(min) 0.01---
2026-10-01 00:12:45,776 - INFO - --- validation at epoch 41, val_loss 20.6457, val_mae 20.3198, val_rmse 25.9359, val_r2 0.1051, val_pearson 0.4584, lr 9.00e-05 ---
2026-10-01 00:12:45,776 - INFO - 
****************************************************************************************************
2026-10-01 00:12:47,138 - INFO - --- training epoch 42, loss 18.3665, mae 18.8612, rmse 23.6302, time elapsed(min) 0.02---
2026-10-01 00:12:47,317 - INFO - --- validation at epoch 42, val_loss 20.6063, val_mae 20.2879, val_rmse 25.8507, val_r2 0.1109, val_pearson 0.4537, lr 9.00e-05 ---
2026-10-01 00:12:47,317 - INFO - 
****************************************************************************************************
2026-10-01 00:12:48,561 - INFO - --- training epoch 43, loss 18.4485, mae 18.9437, rmse 23.8828, time elapsed(min) 0.01---
2026-10-01 00:12:48,721 - INFO - --- validation at epoch 43, val_loss 20.1917, val_mae 19.9620, val_rmse 25.7220, val_r2 0.1198, val_pearson 0.4595, lr 9.00e-05 ---
2026-10-01 00:12:48,722 - INFO - 
****************************************************************************************************
2026-10-01 00:12:50,132 - INFO - --- training epoch 44, loss 18.1008, mae 18.5955, rmse 23.1561, time elapsed(min) 0.02---
2026-10-01 00:12:50,292 - INFO - --- validation at epoch 44, val_loss 20.1864, val_mae 19.9552, val_rmse 25.4160, val_r2 0.1406, val_pearson 0.4693, lr 9.00e-05 ---
2026-10-01 00:12:50,293 - INFO - 
****************************************************************************************************
2026-10-01 00:12:51,332 - INFO - --- training epoch 45, loss 18.0987, mae 18.5940, rmse 23.4923, time elapsed(min) 0.01---
2026-10-01 00:12:51,509 - INFO - --- validation at epoch 45, val_loss 19.9962, val_mae 19.6932, val_rmse 25.1613, val_r2 0.1577, val_pearson 0.4774, lr 9.00e-05 ---
2026-10-01 00:12:51,509 - INFO - 
****************************************************************************************************
2026-10-01 00:12:52,541 - INFO - --- training epoch 46, loss 18.0877, mae 18.5815, rmse 23.3011, time elapsed(min) 0.01---
2026-10-01 00:12:52,716 - INFO - --- validation at epoch 46, val_loss 19.8471, val_mae 19.5144, val_rmse 24.8829, val_r2 0.1763, val_pearson 0.4904, lr 9.00e-05 ---
2026-10-01 00:12:52,716 - INFO - 
****************************************************************************************************
2026-10-01 00:12:54,146 - INFO - --- training epoch 47, loss 17.9025, mae 18.3966, rmse 23.1100, time elapsed(min) 0.02---
2026-10-01 00:12:54,318 - INFO - --- validation at epoch 47, val_loss 19.6471, val_mae 19.3140, val_rmse 24.5674, val_r2 0.1970, val_pearson 0.5036, lr 9.00e-05 ---
2026-10-01 00:12:54,318 - INFO - 
****************************************************************************************************
2026-10-01 00:12:55,649 - INFO - --- training epoch 48, loss 17.7922, mae 18.2870, rmse 22.9187, time elapsed(min) 0.01---
2026-10-01 00:12:55,822 - INFO - --- validation at epoch 48, val_loss 19.3826, val_mae 19.2271, val_rmse 24.4066, val_r2 0.2075, val_pearson 0.5122, lr 9.00e-05 ---
2026-10-01 00:12:55,822 - INFO - 
****************************************************************************************************
2026-10-01 00:12:57,337 - INFO - --- training epoch 49, loss 17.7281, mae 18.2213, rmse 22.7550, time elapsed(min) 0.02---
2026-10-01 00:12:57,512 - INFO - --- validation at epoch 49, val_loss 18.9216, val_mae 18.7943, val_rmse 23.9005, val_r2 0.2400, val_pearson 0.5223, lr 9.00e-05 ---
2026-10-01 00:12:57,512 - INFO - 
****************************************************************************************************
2026-10-01 00:12:58,639 - INFO - --- training epoch 50, loss 17.8481, mae 18.3424, rmse 23.0374, time elapsed(min) 0.01---
2026-10-01 00:12:58,815 - INFO - --- validation at epoch 50, val_loss 19.5712, val_mae 19.3978, val_rmse 24.9211, val_r2 0.1737, val_pearson 0.5057, lr 9.00e-05 ---
2026-10-01 00:12:58,815 - INFO - 
****************************************************************************************************
2026-10-01 00:12:59,857 - INFO - --- training epoch 51, loss 17.6906, mae 18.1853, rmse 22.8859, time elapsed(min) 0.01---
2026-10-01 00:13:00,036 - INFO - --- validation at epoch 51, val_loss 19.6993, val_mae 19.5498, val_rmse 24.9899, val_r2 0.1692, val_pearson 0.4933, lr 9.00e-05 ---
2026-10-01 00:13:00,036 - INFO - 
****************************************************************************************************
2026-10-01 00:13:01,287 - INFO - --- training epoch 52, loss 17.8535, mae 18.3477, rmse 22.9174, time elapsed(min) 0.01---
2026-10-01 00:13:01,459 - INFO - --- validation at epoch 52, val_loss 18.9559, val_mae 19.0399, val_rmse 23.8623, val_r2 0.2425, val_pearson 0.5265, lr 9.00e-05 ---
2026-10-01 00:13:01,459 - INFO - 
****************************************************************************************************
2026-10-01 00:13:02,841 - INFO - --- training epoch 53, loss 17.6948, mae 18.1907, rmse 22.8463, time elapsed(min) 0.02---
2026-10-01 00:13:03,020 - INFO - --- validation at epoch 53, val_loss 19.0822, val_mae 19.1903, val_rmse 25.0175, val_r2 0.1673, val_pearson 0.5025, lr 9.00e-05 ---
2026-10-01 00:13:03,021 - INFO - 
****************************************************************************************************
2026-10-01 00:13:04,466 - INFO - --- training epoch 54, loss 17.6231, mae 18.1183, rmse 23.0746, time elapsed(min) 0.02---
2026-10-01 00:13:04,647 - INFO - --- validation at epoch 54, val_loss 18.5868, val_mae 18.7566, val_rmse 23.5765, val_r2 0.2605, val_pearson 0.5359, lr 9.00e-05 ---
2026-10-01 00:13:04,647 - INFO - 
****************************************************************************************************
2026-10-01 00:13:05,795 - INFO - --- training epoch 55, loss 17.4100, mae 17.9048, rmse 22.5235, time elapsed(min) 0.01---
2026-10-01 00:13:05,971 - INFO - --- validation at epoch 55, val_loss 18.2787, val_mae 18.6614, val_rmse 23.8820, val_r2 0.2412, val_pearson 0.5335, lr 9.00e-05 ---
2026-10-01 00:13:05,971 - INFO - 
****************************************************************************************************
2026-10-01 00:13:07,102 - INFO - --- training epoch 56, loss 17.2885, mae 17.7831, rmse 22.4871, time elapsed(min) 0.01---
2026-10-01 00:13:07,272 - INFO - --- validation at epoch 56, val_loss 18.2176, val_mae 18.5998, val_rmse 23.7685, val_r2 0.2484, val_pearson 0.5369, lr 9.00e-05 ---
2026-10-01 00:13:07,272 - INFO - 
****************************************************************************************************
2026-10-01 00:13:08,584 - INFO - --- training epoch 57, loss 17.3013, mae 17.7956, rmse 22.4044, time elapsed(min) 0.01---
2026-10-01 00:13:08,755 - INFO - --- validation at epoch 57, val_loss 18.0257, val_mae 18.2255, val_rmse 23.4152, val_r2 0.2706, val_pearson 0.5506, lr 9.00e-05 ---
2026-10-01 00:13:08,755 - INFO - 
****************************************************************************************************
2026-10-01 00:13:10,219 - INFO - --- training epoch 58, loss 17.1318, mae 17.6256, rmse 22.4111, time elapsed(min) 0.02---
2026-10-01 00:13:10,387 - INFO - --- validation at epoch 58, val_loss 18.0101, val_mae 18.3204, val_rmse 23.5785, val_r2 0.2604, val_pearson 0.5579, lr 9.00e-05 ---
2026-10-01 00:13:10,387 - INFO - 
****************************************************************************************************
2026-10-01 00:13:11,672 - INFO - --- training epoch 59, loss 16.9701, mae 17.4628, rmse 22.3572, time elapsed(min) 0.01---
2026-10-01 00:13:11,842 - INFO - --- validation at epoch 59, val_loss 17.6694, val_mae 17.9212, val_rmse 23.0811, val_r2 0.2912, val_pearson 0.5722, lr 9.00e-05 ---
2026-10-01 00:13:11,842 - INFO - 
****************************************************************************************************
2026-10-01 00:13:12,970 - INFO - --- training epoch 60, loss 16.9485, mae 17.4419, rmse 22.0538, time elapsed(min) 0.01---
2026-10-01 00:13:13,143 - INFO - --- validation at epoch 60, val_loss 17.8331, val_mae 17.7205, val_rmse 22.3505, val_r2 0.3354, val_pearson 0.5896, lr 9.00e-05 ---
2026-10-01 00:13:13,143 - INFO - 
****************************************************************************************************
2026-10-01 00:13:14,361 - INFO - --- training epoch 61, loss 17.1021, mae 17.5954, rmse 22.2936, time elapsed(min) 0.01---
2026-10-01 00:13:14,525 - INFO - --- validation at epoch 61, val_loss 18.5276, val_mae 18.2870, val_rmse 23.5989, val_r2 0.2591, val_pearson 0.5504, lr 9.00e-05 ---
2026-10-01 00:13:14,525 - INFO - 
****************************************************************************************************
2026-10-01 00:13:15,890 - INFO - --- training epoch 62, loss 16.9618, mae 17.4547, rmse 22.1316, time elapsed(min) 0.02---
2026-10-01 00:13:16,065 - INFO - --- validation at epoch 62, val_loss 18.9024, val_mae 18.2602, val_rmse 23.6761, val_r2 0.2542, val_pearson 0.5456, lr 9.00e-05 ---
2026-10-01 00:13:16,066 - INFO - 
****************************************************************************************************
2026-10-01 00:13:17,317 - INFO - --- training epoch 63, loss 17.0391, mae 17.5337, rmse 22.1192, time elapsed(min) 0.01---
2026-10-01 00:13:17,487 - INFO - --- validation at epoch 63, val_loss 18.5386, val_mae 18.3360, val_rmse 23.2067, val_r2 0.2835, val_pearson 0.5566, lr 9.00e-05 ---
2026-10-01 00:13:17,487 - INFO - 
****************************************************************************************************
2026-10-01 00:13:18,755 - INFO - --- training epoch 64, loss 17.0155, mae 17.5104, rmse 22.0568, time elapsed(min) 0.01---
2026-10-01 00:13:19,145 - INFO - --- validation at epoch 64, val_loss 18.3167, val_mae 18.0450, val_rmse 22.9536, val_r2 0.2991, val_pearson 0.5803, lr 9.00e-05 ---
2026-10-01 00:13:19,145 - INFO - 
****************************************************************************************************
2026-10-01 00:13:20,310 - INFO - --- training epoch 65, loss 17.1028, mae 17.5967, rmse 22.2828, time elapsed(min) 0.01---
2026-10-01 00:13:20,477 - INFO - --- validation at epoch 65, val_loss 18.2288, val_mae 17.8918, val_rmse 22.9669, val_r2 0.2982, val_pearson 0.5785, lr 9.00e-05 ---
2026-10-01 00:13:20,477 - INFO - 
****************************************************************************************************
2026-10-01 00:13:21,524 - INFO - --- training epoch 66, loss 16.6519, mae 17.1437, rmse 21.6994, time elapsed(min) 0.01---
2026-10-01 00:13:21,689 - INFO - --- validation at epoch 66, val_loss 18.6976, val_mae 18.4298, val_rmse 23.5742, val_r2 0.2606, val_pearson 0.5364, lr 9.00e-05 ---
2026-10-01 00:13:21,689 - INFO - 
****************************************************************************************************
2026-10-01 00:13:22,945 - INFO - --- training epoch 67, loss 17.1349, mae 17.6275, rmse 22.3692, time elapsed(min) 0.01---
2026-10-01 00:13:23,109 - INFO - --- validation at epoch 67, val_loss 18.3281, val_mae 17.7440, val_rmse 22.7655, val_r2 0.3105, val_pearson 0.5799, lr 9.00e-05 ---
2026-10-01 00:13:23,109 - INFO - 
****************************************************************************************************
2026-10-01 00:13:24,376 - INFO - --- training epoch 68, loss 16.6852, mae 17.1791, rmse 21.6718, time elapsed(min) 0.01---
2026-10-01 00:13:24,549 - INFO - --- validation at epoch 68, val_loss 17.9032, val_mae 17.6441, val_rmse 22.1967, val_r2 0.3445, val_pearson 0.5972, lr 9.00e-05 ---
2026-10-01 00:13:24,549 - INFO - 
****************************************************************************************************
2026-10-01 00:13:25,809 - INFO - --- training epoch 69, loss 16.9865, mae 17.4797, rmse 22.0212, time elapsed(min) 0.01---
2026-10-01 00:13:26,183 - INFO - --- validation at epoch 69, val_loss 18.6258, val_mae 18.2320, val_rmse 23.0829, val_r2 0.2911, val_pearson 0.5667, lr 9.00e-05 ---
2026-10-01 00:13:26,183 - INFO - 
****************************************************************************************************
2026-10-01 00:13:27,404 - INFO - --- training epoch 70, loss 16.7424, mae 17.2360, rmse 21.8276, time elapsed(min) 0.01---
2026-10-01 00:13:27,583 - INFO - --- validation at epoch 70, val_loss 18.6509, val_mae 18.2085, val_rmse 22.8353, val_r2 0.3063, val_pearson 0.5728, lr 9.00e-05 ---
2026-10-01 00:13:27,583 - INFO - 
****************************************************************************************************
2026-10-01 00:13:28,632 - INFO - --- training epoch 71, loss 16.7988, mae 17.2923, rmse 22.0852, time elapsed(min) 0.01---
2026-10-01 00:13:28,793 - INFO - --- validation at epoch 71, val_loss 18.3358, val_mae 18.1148, val_rmse 22.6578, val_r2 0.3170, val_pearson 0.5762, lr 2.70e-05 ---
2026-10-01 00:13:28,793 - INFO - 
****************************************************************************************************
2026-10-01 00:13:30,048 - INFO - --- training epoch 72, loss 16.4966, mae 16.9906, rmse 21.7252, time elapsed(min) 0.01---
2026-10-01 00:13:30,211 - INFO - --- validation at epoch 72, val_loss 18.4454, val_mae 18.2123, val_rmse 22.7762, val_r2 0.3098, val_pearson 0.5757, lr 2.70e-05 ---
2026-10-01 00:13:30,211 - INFO - 
****************************************************************************************************
2026-10-01 00:13:31,491 - INFO - --- training epoch 73, loss 16.7340, mae 17.2282, rmse 21.9045, time elapsed(min) 0.01---
2026-10-01 00:13:31,661 - INFO - --- validation at epoch 73, val_loss 18.2825, val_mae 18.0725, val_rmse 22.6213, val_r2 0.3192, val_pearson 0.5812, lr 2.70e-05 ---
2026-10-01 00:13:31,661 - INFO - 
****************************************************************************************************
2026-10-01 00:13:32,910 - INFO - --- training epoch 74, loss 16.2212, mae 16.7139, rmse 21.3059, time elapsed(min) 0.01---
2026-10-01 00:13:33,075 - INFO - --- validation at epoch 74, val_loss 18.1327, val_mae 17.8985, val_rmse 22.4274, val_r2 0.3308, val_pearson 0.5878, lr 2.70e-05 ---
2026-10-01 00:13:33,075 - INFO - 
****************************************************************************************************
2026-10-01 00:13:34,278 - INFO - --- training epoch 75, loss 16.3244, mae 16.8182, rmse 21.4339, time elapsed(min) 0.01---
2026-10-01 00:13:34,445 - INFO - --- validation at epoch 75, val_loss 18.0449, val_mae 17.8804, val_rmse 22.5197, val_r2 0.3253, val_pearson 0.5850, lr 2.70e-05 ---
2026-10-01 00:13:34,445 - INFO - 
****************************************************************************************************
2026-10-01 00:13:35,490 - INFO - --- training epoch 76, loss 16.5130, mae 17.0044, rmse 21.6305, time elapsed(min) 0.01---
2026-10-01 00:13:35,669 - INFO - --- validation at epoch 76, val_loss 17.9880, val_mae 17.8778, val_rmse 22.5577, val_r2 0.3230, val_pearson 0.5870, lr 2.70e-05 ---
2026-10-01 00:13:35,669 - INFO - 
****************************************************************************************************
2026-10-01 00:13:36,846 - INFO - --- training epoch 77, loss 16.3765, mae 16.8686, rmse 21.4222, time elapsed(min) 0.01---
2026-10-01 00:13:37,028 - INFO - --- validation at epoch 77, val_loss 17.9160, val_mae 17.7951, val_rmse 22.4971, val_r2 0.3267, val_pearson 0.5892, lr 2.70e-05 ---
2026-10-01 00:13:37,028 - INFO - 
****************************************************************************************************
2026-10-01 00:13:38,303 - INFO - --- training epoch 78, loss 16.3800, mae 16.8742, rmse 21.5601, time elapsed(min) 0.01---
2026-10-01 00:13:38,478 - INFO - --- validation at epoch 78, val_loss 18.0286, val_mae 17.8587, val_rmse 22.4535, val_r2 0.3293, val_pearson 0.5924, lr 2.70e-05 ---
2026-10-01 00:13:38,478 - INFO - 
****************************************************************************************************
2026-10-01 00:13:39,741 - INFO - --- training epoch 79, loss 16.4772, mae 16.9713, rmse 21.7538, time elapsed(min) 0.01---
2026-10-01 00:13:39,911 - INFO - --- validation at epoch 79, val_loss 17.9813, val_mae 17.8085, val_rmse 22.4340, val_r2 0.3304, val_pearson 0.5897, lr 2.70e-05 ---
2026-10-01 00:13:39,911 - INFO - 
****************************************************************************************************
2026-10-01 00:13:41,334 - INFO - --- training epoch 80, loss 16.2908, mae 16.7838, rmse 21.3705, time elapsed(min) 0.02---
2026-10-01 00:13:41,520 - INFO - --- validation at epoch 80, val_loss 17.9993, val_mae 17.8209, val_rmse 22.5089, val_r2 0.3260, val_pearson 0.5894, lr 2.70e-05 ---
2026-10-01 00:13:41,520 - INFO - 
****************************************************************************************************
2026-10-01 00:13:42,561 - INFO - --- training epoch 81, loss 16.1860, mae 16.6786, rmse 21.2898, time elapsed(min) 0.01---
2026-10-01 00:13:42,748 - INFO - --- validation at epoch 81, val_loss 18.0113, val_mae 17.8395, val_rmse 22.5212, val_r2 0.3252, val_pearson 0.5894, lr 2.70e-05 ---
2026-10-01 00:13:42,748 - INFO - 
****************************************************************************************************
2026-10-01 00:13:43,935 - INFO - --- training epoch 82, loss 16.5173, mae 17.0121, rmse 21.3895, time elapsed(min) 0.01---
2026-10-01 00:13:44,108 - INFO - --- validation at epoch 82, val_loss 17.9427, val_mae 17.7968, val_rmse 22.5327, val_r2 0.3245, val_pearson 0.5894, lr 8.10e-06 ---
2026-10-01 00:13:44,108 - INFO - 
****************************************************************************************************
2026-10-01 00:13:45,336 - INFO - --- training epoch 83, loss 16.2718, mae 16.7655, rmse 21.2693, time elapsed(min) 0.01---
2026-10-01 00:13:45,509 - INFO - --- validation at epoch 83, val_loss 17.8482, val_mae 17.7827, val_rmse 22.5566, val_r2 0.3231, val_pearson 0.5890, lr 8.10e-06 ---
2026-10-01 00:13:45,509 - INFO - 
****************************************************************************************************
2026-10-01 00:13:46,873 - INFO - --- training epoch 84, loss 16.1427, mae 16.6350, rmse 21.1517, time elapsed(min) 0.02---
2026-10-01 00:13:47,047 - INFO - --- validation at epoch 84, val_loss 17.8097, val_mae 17.8077, val_rmse 22.5403, val_r2 0.3241, val_pearson 0.5898, lr 8.10e-06 ---
2026-10-01 00:13:47,047 - INFO - 
****************************************************************************************************
2026-10-01 00:13:48,462 - INFO - --- training epoch 85, loss 16.3169, mae 16.8092, rmse 21.4620, time elapsed(min) 0.02---
2026-10-01 00:13:48,625 - INFO - --- validation at epoch 85, val_loss 17.7883, val_mae 17.7617, val_rmse 22.4737, val_r2 0.3281, val_pearson 0.5911, lr 8.10e-06 ---
2026-10-01 00:13:48,625 - INFO - 
****************************************************************************************************
2026-10-01 00:13:49,652 - INFO - --- training epoch 86, loss 16.0786, mae 16.5708, rmse 21.1703, time elapsed(min) 0.01---
2026-10-01 00:13:49,822 - INFO - --- validation at epoch 86, val_loss 17.6994, val_mae 17.7428, val_rmse 22.4777, val_r2 0.3278, val_pearson 0.5906, lr 8.10e-06 ---
2026-10-01 00:13:49,822 - INFO - 
****************************************************************************************************
2026-10-01 00:13:50,867 - INFO - --- training epoch 87, loss 16.0931, mae 16.5865, rmse 21.2898, time elapsed(min) 0.01---
2026-10-01 00:13:51,035 - INFO - --- validation at epoch 87, val_loss 17.6781, val_mae 17.7270, val_rmse 22.4835, val_r2 0.3275, val_pearson 0.5906, lr 8.10e-06 ---
2026-10-01 00:13:51,036 - INFO - 
****************************************************************************************************
2026-10-01 00:13:52,405 - INFO - --- training epoch 88, loss 16.1893, mae 16.6819, rmse 21.3401, time elapsed(min) 0.02---
2026-10-01 00:13:52,576 - INFO - --- validation at epoch 88, val_loss 17.6885, val_mae 17.7403, val_rmse 22.4857, val_r2 0.3273, val_pearson 0.5913, lr 8.10e-06 ---
2026-10-01 00:13:52,576 - INFO - 
****************************************************************************************************
2026-10-01 00:13:53,819 - INFO - --- training epoch 89, loss 16.0429, mae 16.5363, rmse 21.1831, time elapsed(min) 0.01---
2026-10-01 00:13:54,001 - INFO - --- validation at epoch 89, val_loss 17.6869, val_mae 17.7543, val_rmse 22.5132, val_r2 0.3257, val_pearson 0.5911, lr 8.10e-06 ---
2026-10-01 00:13:54,001 - INFO - 
****************************************************************************************************
2026-10-01 00:13:55,429 - INFO - --- training epoch 90, loss 15.9206, mae 16.4135, rmse 21.0794, time elapsed(min) 0.02---
2026-10-01 00:13:55,606 - INFO - --- validation at epoch 90, val_loss 17.6561, val_mae 17.7125, val_rmse 22.4467, val_r2 0.3297, val_pearson 0.5924, lr 8.10e-06 ---
2026-10-01 00:13:55,606 - INFO - 
****************************************************************************************************
2026-10-01 00:13:56,742 - INFO - --- training epoch 91, loss 16.1029, mae 16.5948, rmse 21.2310, time elapsed(min) 0.01---
2026-10-01 00:13:56,923 - INFO - --- validation at epoch 91, val_loss 17.6959, val_mae 17.7504, val_rmse 22.5146, val_r2 0.3256, val_pearson 0.5903, lr 8.10e-06 ---
2026-10-01 00:13:56,923 - INFO - 
****************************************************************************************************
2026-10-01 00:13:57,966 - INFO - --- training epoch 92, loss 15.9697, mae 16.4621, rmse 21.0205, time elapsed(min) 0.01---
2026-10-01 00:13:58,132 - INFO - --- validation at epoch 92, val_loss 17.3149, val_mae 17.5815, val_rmse 22.3094, val_r2 0.3378, val_pearson 0.5988, lr 8.10e-06 ---
2026-10-01 00:13:58,132 - INFO - 
****************************************************************************************************
2026-10-01 00:13:59,450 - INFO - --- training epoch 93, loss 16.1441, mae 16.6371, rmse 21.3410, time elapsed(min) 0.01---
2026-10-01 00:13:59,617 - INFO - --- validation at epoch 93, val_loss 17.5340, val_mae 17.5310, val_rmse 22.3272, val_r2 0.3368, val_pearson 0.5959, lr 8.10e-06 ---
2026-10-01 00:13:59,617 - INFO - 
****************************************************************************************************
2026-10-01 00:14:00,873 - INFO - --- training epoch 94, loss 15.7051, mae 16.1965, rmse 20.7684, time elapsed(min) 0.01---
2026-10-01 00:14:01,035 - INFO - --- validation at epoch 94, val_loss 17.4145, val_mae 17.3835, val_rmse 22.1237, val_r2 0.3488, val_pearson 0.6034, lr 8.10e-06 ---
2026-10-01 00:14:01,035 - INFO - 
****************************************************************************************************
2026-10-01 00:14:02,284 - INFO - --- training epoch 95, loss 16.1282, mae 16.6210, rmse 21.1896, time elapsed(min) 0.01---
2026-10-01 00:14:02,661 - INFO - --- validation at epoch 95, val_loss 17.3854, val_mae 17.3537, val_rmse 22.0702, val_r2 0.3520, val_pearson 0.6077, lr 8.10e-06 ---
2026-10-01 00:14:02,661 - INFO - 
****************************************************************************************************
2026-10-01 00:14:03,849 - INFO - --- training epoch 96, loss 15.8693, mae 16.3629, rmse 20.9038, time elapsed(min) 0.01---
2026-10-01 00:14:04,011 - INFO - --- validation at epoch 96, val_loss 17.3597, val_mae 17.2971, val_rmse 22.0084, val_r2 0.3556, val_pearson 0.6092, lr 8.10e-06 ---
2026-10-01 00:14:04,011 - INFO - 
****************************************************************************************************
2026-10-01 00:14:05,035 - INFO - --- training epoch 97, loss 15.9166, mae 16.4083, rmse 20.9827, time elapsed(min) 0.01---
2026-10-01 00:14:05,203 - INFO - --- validation at epoch 97, val_loss 17.4526, val_mae 17.2560, val_rmse 21.9588, val_r2 0.3585, val_pearson 0.6103, lr 8.10e-06 ---
2026-10-01 00:14:05,203 - INFO - 
****************************************************************************************************
2026-10-01 00:14:06,564 - INFO - --- training epoch 98, loss 15.7557, mae 16.2474, rmse 21.0123, time elapsed(min) 0.02---
2026-10-01 00:14:06,730 - INFO - --- validation at epoch 98, val_loss 17.4159, val_mae 17.2530, val_rmse 21.9288, val_r2 0.3602, val_pearson 0.6115, lr 8.10e-06 ---
2026-10-01 00:14:06,730 - INFO - 
****************************************************************************************************
2026-10-01 00:14:07,955 - INFO - --- training epoch 99, loss 15.6852, mae 16.1780, rmse 20.7280, time elapsed(min) 0.01---
2026-10-01 00:14:08,116 - INFO - --- validation at epoch 99, val_loss 17.3307, val_mae 17.1811, val_rmse 21.8615, val_r2 0.3642, val_pearson 0.6135, lr 8.10e-06 ---
2026-10-01 00:14:08,116 - INFO - 
****************************************************************************************************
2026-10-01 00:14:09,363 - INFO - --- training epoch 100, loss 15.8247, mae 16.3191, rmse 20.9559, time elapsed(min) 0.01---
2026-10-01 00:14:09,536 - INFO - --- validation at epoch 100, val_loss 17.3165, val_mae 17.1710, val_rmse 21.8734, val_r2 0.3635, val_pearson 0.6131, lr 8.10e-06 ---
2026-10-01 00:14:09,537 - INFO - 
****************************************************************************************************
2026-10-01 00:14:10,948 - INFO - --- training epoch 101, loss 15.8370, mae 16.3291, rmse 20.9647, time elapsed(min) 0.02---
2026-10-01 00:14:11,115 - INFO - --- validation at epoch 101, val_loss 17.2536, val_mae 17.1162, val_rmse 21.7960, val_r2 0.3680, val_pearson 0.6172, lr 8.10e-06 ---
2026-10-01 00:14:11,115 - INFO - 
****************************************************************************************************
2026-10-01 00:14:12,254 - INFO - --- training epoch 102, loss 15.7532, mae 16.2461, rmse 20.8891, time elapsed(min) 0.01---
2026-10-01 00:14:12,422 - INFO - --- validation at epoch 102, val_loss 17.1624, val_mae 16.9599, val_rmse 21.6332, val_r2 0.3774, val_pearson 0.6233, lr 8.10e-06 ---
2026-10-01 00:14:12,422 - INFO - 
****************************************************************************************************
2026-10-01 00:14:13,529 - INFO - --- training epoch 103, loss 15.7238, mae 16.2162, rmse 20.8451, time elapsed(min) 0.01---
2026-10-01 00:14:13,698 - INFO - --- validation at epoch 103, val_loss 17.2035, val_mae 16.9635, val_rmse 21.6340, val_r2 0.3773, val_pearson 0.6237, lr 8.10e-06 ---
2026-10-01 00:14:13,698 - INFO - 
****************************************************************************************************
2026-10-01 00:14:14,925 - INFO - --- training epoch 104, loss 15.7887, mae 16.2813, rmse 20.9178, time elapsed(min) 0.01---
2026-10-01 00:14:15,104 - INFO - --- validation at epoch 104, val_loss 17.1347, val_mae 16.9199, val_rmse 21.5581, val_r2 0.3817, val_pearson 0.6259, lr 8.10e-06 ---
2026-10-01 00:14:15,105 - INFO - 
****************************************************************************************************
2026-10-01 00:14:16,430 - INFO - --- training epoch 105, loss 15.8983, mae 16.3899, rmse 20.9803, time elapsed(min) 0.01---
2026-10-01 00:14:16,596 - INFO - --- validation at epoch 105, val_loss 17.1602, val_mae 16.9419, val_rmse 21.5850, val_r2 0.3801, val_pearson 0.6248, lr 8.10e-06 ---
2026-10-01 00:14:16,596 - INFO - 
****************************************************************************************************
2026-10-01 00:14:17,879 - INFO - --- training epoch 106, loss 15.9854, mae 16.4763, rmse 21.0231, time elapsed(min) 0.02---
2026-10-01 00:14:18,262 - INFO - --- validation at epoch 106, val_loss 17.2000, val_mae 16.9669, val_rmse 21.6202, val_r2 0.3781, val_pearson 0.6232, lr 8.10e-06 ---
2026-10-01 00:14:18,262 - INFO - 
****************************************************************************************************
2026-10-01 00:14:19,446 - INFO - --- training epoch 107, loss 15.6211, mae 16.1128, rmse 20.6959, time elapsed(min) 0.01---
2026-10-01 00:14:19,620 - INFO - --- validation at epoch 107, val_loss 17.1815, val_mae 16.9553, val_rmse 21.6195, val_r2 0.3782, val_pearson 0.6236, lr 8.10e-06 ---
2026-10-01 00:14:19,620 - INFO - 
****************************************************************************************************
2026-10-01 00:14:20,644 - INFO - --- training epoch 108, loss 15.6133, mae 16.1064, rmse 20.7871, time elapsed(min) 0.01---
2026-10-01 00:14:20,812 - INFO - --- validation at epoch 108, val_loss 17.2400, val_mae 16.9301, val_rmse 21.5981, val_r2 0.3794, val_pearson 0.6253, lr 8.10e-06 ---
2026-10-01 00:14:20,812 - INFO - 
****************************************************************************************************
2026-10-01 00:14:22,032 - INFO - --- training epoch 109, loss 15.9766, mae 16.4691, rmse 21.0674, time elapsed(min) 0.01---
2026-10-01 00:14:22,197 - INFO - --- validation at epoch 109, val_loss 17.2130, val_mae 16.9104, val_rmse 21.5568, val_r2 0.3818, val_pearson 0.6267, lr 8.10e-06 ---
2026-10-01 00:14:22,197 - INFO - 
****************************************************************************************************
2026-10-01 00:14:23,431 - INFO - --- training epoch 110, loss 15.7545, mae 16.2489, rmse 20.9498, time elapsed(min) 0.01---
2026-10-01 00:14:23,611 - INFO - --- validation at epoch 110, val_loss 17.2257, val_mae 16.8473, val_rmse 21.4842, val_r2 0.3859, val_pearson 0.6283, lr 8.10e-06 ---
2026-10-01 00:14:23,611 - INFO - 
****************************************************************************************************
2026-10-01 00:14:24,984 - INFO - --- training epoch 111, loss 15.9098, mae 16.4029, rmse 21.0400, time elapsed(min) 0.02---
2026-10-01 00:14:25,154 - INFO - --- validation at epoch 111, val_loss 17.1632, val_mae 16.8218, val_rmse 21.4791, val_r2 0.3862, val_pearson 0.6281, lr 8.10e-06 ---
2026-10-01 00:14:25,154 - INFO - 
****************************************************************************************************
2026-10-01 00:14:26,542 - INFO - --- training epoch 112, loss 15.7648, mae 16.2573, rmse 20.9550, time elapsed(min) 0.02---
2026-10-01 00:14:26,708 - INFO - --- validation at epoch 112, val_loss 17.0844, val_mae 16.8463, val_rmse 21.5172, val_r2 0.3840, val_pearson 0.6268, lr 8.10e-06 ---
2026-10-01 00:14:26,709 - INFO - 
****************************************************************************************************
2026-10-01 00:14:27,821 - INFO - --- training epoch 113, loss 15.8692, mae 16.3611, rmse 21.0593, time elapsed(min) 0.01---
2026-10-01 00:14:27,980 - INFO - --- validation at epoch 113, val_loss 17.0944, val_mae 16.8719, val_rmse 21.5003, val_r2 0.3850, val_pearson 0.6293, lr 8.10e-06 ---
2026-10-01 00:14:27,980 - INFO - 
****************************************************************************************************
2026-10-01 00:14:29,163 - INFO - --- training epoch 114, loss 15.7994, mae 16.2930, rmse 20.8354, time elapsed(min) 0.01---
2026-10-01 00:14:29,329 - INFO - --- validation at epoch 114, val_loss 17.1705, val_mae 16.8668, val_rmse 21.4889, val_r2 0.3857, val_pearson 0.6293, lr 8.10e-06 ---
2026-10-01 00:14:29,329 - INFO - 
****************************************************************************************************
2026-10-01 00:14:30,563 - INFO - --- training epoch 115, loss 15.9920, mae 16.4833, rmse 21.0369, time elapsed(min) 0.01---
2026-10-01 00:14:30,752 - INFO - --- validation at epoch 115, val_loss 17.0964, val_mae 16.7244, val_rmse 21.3599, val_r2 0.3930, val_pearson 0.6324, lr 8.10e-06 ---
2026-10-01 00:14:30,752 - INFO - 
****************************************************************************************************
2026-10-01 00:14:31,993 - INFO - --- training epoch 116, loss 15.8414, mae 16.3343, rmse 20.7816, time elapsed(min) 0.01---
2026-10-01 00:14:32,171 - INFO - --- validation at epoch 116, val_loss 17.0472, val_mae 16.7363, val_rmse 21.3621, val_r2 0.3929, val_pearson 0.6323, lr 8.10e-06 ---
2026-10-01 00:14:32,171 - INFO - 
****************************************************************************************************
2026-10-01 00:14:33,512 - INFO - --- training epoch 117, loss 15.6424, mae 16.1345, rmse 20.6827, time elapsed(min) 0.01---
2026-10-01 00:14:33,896 - INFO - --- validation at epoch 117, val_loss 17.1439, val_mae 16.7995, val_rmse 21.4331, val_r2 0.3888, val_pearson 0.6318, lr 8.10e-06 ---
2026-10-01 00:14:33,896 - INFO - 
****************************************************************************************************
2026-10-01 00:14:35,097 - INFO - --- training epoch 118, loss 15.8335, mae 16.3267, rmse 21.0064, time elapsed(min) 0.01---
2026-10-01 00:14:35,268 - INFO - --- validation at epoch 118, val_loss 17.1245, val_mae 16.7782, val_rmse 21.4606, val_r2 0.3873, val_pearson 0.6301, lr 8.10e-06 ---
2026-10-01 00:14:35,268 - INFO - 
****************************************************************************************************
2026-10-01 00:14:36,309 - INFO - --- training epoch 119, loss 15.8882, mae 16.3817, rmse 20.9407, time elapsed(min) 0.01---
2026-10-01 00:14:36,474 - INFO - --- validation at epoch 119, val_loss 17.1191, val_mae 16.7630, val_rmse 21.4445, val_r2 0.3882, val_pearson 0.6310, lr 8.10e-06 ---
2026-10-01 00:14:36,474 - INFO - 
****************************************************************************************************
2026-10-01 00:14:37,518 - INFO - --- training epoch 120, loss 15.5459, mae 16.0385, rmse 20.7561, time elapsed(min) 0.01---
2026-10-01 00:14:37,687 - INFO - --- validation at epoch 120, val_loss 17.1027, val_mae 16.7561, val_rmse 21.4440, val_r2 0.3882, val_pearson 0.6310, lr 8.10e-06 ---
2026-10-01 00:14:37,687 - INFO - 
****************************************************************************************************
2026-10-01 00:14:38,914 - INFO - --- training epoch 121, loss 15.8873, mae 16.3810, rmse 21.0134, time elapsed(min) 0.01---
2026-10-01 00:14:39,082 - INFO - --- validation at epoch 121, val_loss 17.0964, val_mae 16.7347, val_rmse 21.3723, val_r2 0.3923, val_pearson 0.6339, lr 8.10e-06 ---
2026-10-01 00:14:39,082 - INFO - 
****************************************************************************************************
2026-10-01 00:14:40,338 - INFO - --- training epoch 122, loss 15.5960, mae 16.0895, rmse 20.7399, time elapsed(min) 0.01---
2026-10-01 00:14:40,501 - INFO - --- validation at epoch 122, val_loss 17.0317, val_mae 16.7088, val_rmse 21.3498, val_r2 0.3936, val_pearson 0.6363, lr 8.10e-06 ---
2026-10-01 00:14:40,502 - INFO - 
****************************************************************************************************
2026-10-01 00:14:41,980 - INFO - --- training epoch 123, loss 15.7864, mae 16.2794, rmse 21.0012, time elapsed(min) 0.02---
2026-10-01 00:14:42,150 - INFO - --- validation at epoch 123, val_loss 17.0407, val_mae 16.7718, val_rmse 21.4018, val_r2 0.3906, val_pearson 0.6326, lr 8.10e-06 ---
2026-10-01 00:14:42,150 - INFO - 
****************************************************************************************************
2026-10-01 00:14:43,188 - INFO - --- training epoch 124, loss 15.7563, mae 16.2480, rmse 20.9714, time elapsed(min) 0.01---
2026-10-01 00:14:43,355 - INFO - --- validation at epoch 124, val_loss 17.0537, val_mae 16.7585, val_rmse 21.3712, val_r2 0.3924, val_pearson 0.6332, lr 8.10e-06 ---
2026-10-01 00:14:43,355 - INFO - 
****************************************************************************************************
2026-10-01 00:14:44,541 - INFO - --- training epoch 125, loss 15.8433, mae 16.3357, rmse 21.0573, time elapsed(min) 0.01---
2026-10-01 00:14:44,713 - INFO - --- validation at epoch 125, val_loss 16.9796, val_mae 16.6209, val_rmse 21.2351, val_r2 0.4001, val_pearson 0.6393, lr 8.10e-06 ---
2026-10-01 00:14:44,714 - INFO - 
****************************************************************************************************
2026-10-01 00:14:46,162 - INFO - --- training epoch 126, loss 15.7636, mae 16.2554, rmse 20.7937, time elapsed(min) 0.02---
2026-10-01 00:14:46,333 - INFO - --- validation at epoch 126, val_loss 16.9358, val_mae 16.5480, val_rmse 21.1618, val_r2 0.4042, val_pearson 0.6406, lr 8.10e-06 ---
2026-10-01 00:14:46,333 - INFO - 
****************************************************************************************************
2026-10-01 00:14:47,655 - INFO - --- training epoch 127, loss 15.5979, mae 16.0898, rmse 20.6400, time elapsed(min) 0.01---
2026-10-01 00:14:47,818 - INFO - --- validation at epoch 127, val_loss 16.9321, val_mae 16.6415, val_rmse 21.2227, val_r2 0.4008, val_pearson 0.6402, lr 8.10e-06 ---
2026-10-01 00:14:47,818 - INFO - 
****************************************************************************************************
2026-10-01 00:14:49,159 - INFO - --- training epoch 128, loss 15.8137, mae 16.3067, rmse 20.8437, time elapsed(min) 0.01---
2026-10-01 00:14:49,327 - INFO - --- validation at epoch 128, val_loss 16.9815, val_mae 16.7067, val_rmse 21.2834, val_r2 0.3973, val_pearson 0.6372, lr 8.10e-06 ---
2026-10-01 00:14:49,327 - INFO - 
****************************************************************************************************
2026-10-01 00:14:50,518 - INFO - --- training epoch 129, loss 15.7663, mae 16.2601, rmse 20.8694, time elapsed(min) 0.01---
2026-10-01 00:14:50,692 - INFO - --- validation at epoch 129, val_loss 16.7954, val_mae 16.4971, val_rmse 21.0970, val_r2 0.4079, val_pearson 0.6432, lr 8.10e-06 ---
2026-10-01 00:14:50,692 - INFO - 
****************************************************************************************************
2026-10-01 00:14:51,811 - INFO - --- training epoch 130, loss 15.6125, mae 16.1047, rmse 20.8412, time elapsed(min) 0.01---
2026-10-01 00:14:51,985 - INFO - --- validation at epoch 130, val_loss 16.7172, val_mae 16.4759, val_rmse 21.0633, val_r2 0.4097, val_pearson 0.6445, lr 8.10e-06 ---
2026-10-01 00:14:51,986 - INFO - 
****************************************************************************************************
2026-10-01 00:14:53,323 - INFO - --- training epoch 131, loss 15.7331, mae 16.2243, rmse 20.9106, time elapsed(min) 0.01---
2026-10-01 00:14:53,487 - INFO - --- validation at epoch 131, val_loss 16.9302, val_mae 16.6858, val_rmse 21.2434, val_r2 0.3996, val_pearson 0.6376, lr 8.10e-06 ---
2026-10-01 00:14:53,487 - INFO - 
****************************************************************************************************
2026-10-01 00:14:54,877 - INFO - --- training epoch 132, loss 15.5904, mae 16.0847, rmse 20.6156, time elapsed(min) 0.02---
2026-10-01 00:14:55,040 - INFO - --- validation at epoch 132, val_loss 16.8403, val_mae 16.5602, val_rmse 21.1435, val_r2 0.4052, val_pearson 0.6435, lr 8.10e-06 ---
2026-10-01 00:14:55,040 - INFO - 
****************************************************************************************************
2026-10-01 00:14:56,293 - INFO - --- training epoch 133, loss 15.5645, mae 16.0562, rmse 20.7471, time elapsed(min) 0.01---
2026-10-01 00:14:56,465 - INFO - --- validation at epoch 133, val_loss 16.8991, val_mae 16.6356, val_rmse 21.2762, val_r2 0.3978, val_pearson 0.6388, lr 8.10e-06 ---
2026-10-01 00:14:56,465 - INFO - 
****************************************************************************************************
2026-10-01 00:14:57,677 - INFO - --- training epoch 134, loss 15.6150, mae 16.1062, rmse 20.6528, time elapsed(min) 0.01---
2026-10-01 00:14:57,846 - INFO - --- validation at epoch 134, val_loss 16.9008, val_mae 16.6147, val_rmse 21.2434, val_r2 0.3996, val_pearson 0.6389, lr 8.10e-06 ---
2026-10-01 00:14:57,846 - INFO - 
****************************************************************************************************
2026-10-01 00:14:58,882 - INFO - --- training epoch 135, loss 15.5933, mae 16.0854, rmse 20.6472, time elapsed(min) 0.01---
2026-10-01 00:14:59,059 - INFO - --- validation at epoch 135, val_loss 16.9185, val_mae 16.5994, val_rmse 21.2202, val_r2 0.4009, val_pearson 0.6389, lr 8.10e-06 ---
2026-10-01 00:14:59,059 - INFO - 
****************************************************************************************************
2026-10-01 00:15:00,287 - INFO - --- training epoch 136, loss 15.5157, mae 16.0086, rmse 20.6236, time elapsed(min) 0.01---
2026-10-01 00:15:00,457 - INFO - --- validation at epoch 136, val_loss 16.9039, val_mae 16.6101, val_rmse 21.1841, val_r2 0.4030, val_pearson 0.6404, lr 8.10e-06 ---
2026-10-01 00:15:00,457 - INFO - 
****************************************************************************************************
2026-10-01 00:15:01,704 - INFO - --- training epoch 137, loss 15.6457, mae 16.1388, rmse 20.7220, time elapsed(min) 0.01---
2026-10-01 00:15:01,861 - INFO - --- validation at epoch 137, val_loss 17.0727, val_mae 16.7116, val_rmse 21.3002, val_r2 0.3964, val_pearson 0.6350, lr 8.10e-06 ---
2026-10-01 00:15:01,862 - INFO - 
****************************************************************************************************
2026-10-01 00:15:03,115 - INFO - --- training epoch 138, loss 15.6101, mae 16.1023, rmse 20.5903, time elapsed(min) 0.01---
2026-10-01 00:15:03,282 - INFO - --- validation at epoch 138, val_loss 16.8029, val_mae 16.5225, val_rmse 21.0583, val_r2 0.4100, val_pearson 0.6460, lr 8.10e-06 ---
2026-10-01 00:15:03,282 - INFO - 
****************************************************************************************************
2026-10-01 00:15:04,465 - INFO - --- training epoch 139, loss 15.5710, mae 16.0647, rmse 20.7029, time elapsed(min) 0.01---
2026-10-01 00:15:04,637 - INFO - --- validation at epoch 139, val_loss 16.9056, val_mae 16.6111, val_rmse 21.2793, val_r2 0.3976, val_pearson 0.6384, lr 8.10e-06 ---
2026-10-01 00:15:04,638 - INFO - 
****************************************************************************************************
2026-10-01 00:15:05,666 - INFO - --- training epoch 140, loss 15.7840, mae 16.2771, rmse 20.8656, time elapsed(min) 0.01---
2026-10-01 00:15:05,839 - INFO - --- validation at epoch 140, val_loss 16.8825, val_mae 16.6152, val_rmse 21.3420, val_r2 0.3940, val_pearson 0.6353, lr 8.10e-06 ---
2026-10-01 00:15:05,839 - INFO - 
****************************************************************************************************
2026-10-01 00:15:06,871 - INFO - --- training epoch 141, loss 15.4534, mae 15.9440, rmse 20.6749, time elapsed(min) 0.01---
2026-10-01 00:15:07,031 - INFO - --- validation at epoch 141, val_loss 16.8027, val_mae 16.5468, val_rmse 21.2707, val_r2 0.3981, val_pearson 0.6378, lr 8.10e-06 ---
2026-10-01 00:15:07,031 - INFO - 
****************************************************************************************************
2026-10-01 00:15:08,254 - INFO - --- training epoch 142, loss 15.4262, mae 15.9167, rmse 20.5395, time elapsed(min) 0.01---
2026-10-01 00:15:08,422 - INFO - --- validation at epoch 142, val_loss 16.8225, val_mae 16.5539, val_rmse 21.2419, val_r2 0.3997, val_pearson 0.6386, lr 2.43e-06 ---
2026-10-01 00:15:08,423 - INFO - 
****************************************************************************************************
2026-10-01 00:15:09,686 - INFO - --- training epoch 143, loss 15.3526, mae 15.8440, rmse 20.5033, time elapsed(min) 0.01---
2026-10-01 00:15:09,848 - INFO - --- validation at epoch 143, val_loss 16.8430, val_mae 16.5380, val_rmse 21.1415, val_r2 0.4054, val_pearson 0.6421, lr 2.43e-06 ---
2026-10-01 00:15:09,848 - INFO - 
****************************************************************************************************
2026-10-01 00:15:11,099 - INFO - --- training epoch 144, loss 15.5425, mae 16.0346, rmse 20.8261, time elapsed(min) 0.01---
2026-10-01 00:15:11,476 - INFO - --- validation at epoch 144, val_loss 16.8607, val_mae 16.5341, val_rmse 21.1372, val_r2 0.4056, val_pearson 0.6423, lr 2.43e-06 ---
2026-10-01 00:15:11,476 - INFO - 
****************************************************************************************************
2026-10-01 00:15:12,691 - INFO - --- training epoch 145, loss 15.6280, mae 16.1207, rmse 20.8315, time elapsed(min) 0.01---
2026-10-01 00:15:12,857 - INFO - --- validation at epoch 145, val_loss 16.8557, val_mae 16.5363, val_rmse 21.1311, val_r2 0.4059, val_pearson 0.6427, lr 2.43e-06 ---
2026-10-01 00:15:12,857 - INFO - 
****************************************************************************************************
2026-10-01 00:15:13,887 - INFO - --- training epoch 146, loss 15.6379, mae 16.1301, rmse 20.8141, time elapsed(min) 0.01---
2026-10-01 00:15:14,053 - INFO - --- validation at epoch 146, val_loss 16.8710, val_mae 16.5511, val_rmse 21.1417, val_r2 0.4053, val_pearson 0.6425, lr 2.43e-06 ---
2026-10-01 00:15:14,053 - INFO - 
****************************************************************************************************
2026-10-01 00:15:15,416 - INFO - --- training epoch 147, loss 15.6730, mae 16.1674, rmse 20.7681, time elapsed(min) 0.02---
2026-10-01 00:15:15,584 - INFO - --- validation at epoch 147, val_loss 16.8699, val_mae 16.5237, val_rmse 21.0997, val_r2 0.4077, val_pearson 0.6439, lr 2.43e-06 ---
2026-10-01 00:15:15,584 - INFO - 
****************************************************************************************************
2026-10-01 00:15:16,950 - INFO - --- training epoch 148, loss 15.3999, mae 15.8909, rmse 20.4648, time elapsed(min) 0.02---
2026-10-01 00:15:17,127 - INFO - --- validation at epoch 148, val_loss 16.8255, val_mae 16.4918, val_rmse 21.0616, val_r2 0.4098, val_pearson 0.6452, lr 2.43e-06 ---
2026-10-01 00:15:17,127 - INFO - 
****************************************************************************************************
2026-10-01 00:15:18,358 - INFO - --- training epoch 149, loss 15.5231, mae 16.0143, rmse 20.5407, time elapsed(min) 0.01---
2026-10-01 00:15:18,529 - INFO - --- validation at epoch 149, val_loss 16.7868, val_mae 16.4908, val_rmse 21.0687, val_r2 0.4094, val_pearson 0.6453, lr 2.43e-06 ---
2026-10-01 00:15:18,529 - INFO - 
****************************************************************************************************
2026-10-01 00:15:19,704 - INFO - --- training epoch 150, loss 15.5497, mae 16.0424, rmse 20.6830, time elapsed(min) 0.01---
2026-10-01 00:15:19,878 - INFO - --- validation at epoch 150, val_loss 16.7883, val_mae 16.4581, val_rmse 21.0409, val_r2 0.4110, val_pearson 0.6460, lr 2.43e-06 ---
2026-10-01 00:15:19,878 - INFO - 
****************************************************************************************************
2026-10-01 00:15:20,915 - INFO - --- training epoch 151, loss 15.3006, mae 15.7931, rmse 20.4177, time elapsed(min) 0.01---
2026-10-01 00:15:21,082 - INFO - --- validation at epoch 151, val_loss 16.7880, val_mae 16.4484, val_rmse 21.0249, val_r2 0.4119, val_pearson 0.6467, lr 2.43e-06 ---
2026-10-01 00:15:21,083 - INFO - 
****************************************************************************************************
2026-10-01 00:15:22,295 - INFO - --- training epoch 152, loss 15.3521, mae 15.8439, rmse 20.5062, time elapsed(min) 0.01---
2026-10-01 00:15:22,457 - INFO - --- validation at epoch 152, val_loss 16.7860, val_mae 16.4622, val_rmse 21.0342, val_r2 0.4114, val_pearson 0.6465, lr 2.43e-06 ---
2026-10-01 00:15:22,457 - INFO - 
****************************************************************************************************
2026-10-01 00:15:23,812 - INFO - --- training epoch 153, loss 15.3913, mae 15.8835, rmse 20.5398, time elapsed(min) 0.02---
2026-10-01 00:15:23,974 - INFO - --- validation at epoch 153, val_loss 16.7741, val_mae 16.4661, val_rmse 21.0390, val_r2 0.4111, val_pearson 0.6464, lr 1.00e-06 ---
2026-10-01 00:15:23,974 - INFO - 
****************************************************************************************************
2026-10-01 00:15:25,226 - INFO - --- training epoch 154, loss 15.4195, mae 15.9124, rmse 20.4578, time elapsed(min) 0.01---
2026-10-01 00:15:25,382 - INFO - --- validation at epoch 154, val_loss 16.7691, val_mae 16.4661, val_rmse 21.0408, val_r2 0.4110, val_pearson 0.6464, lr 1.00e-06 ---
2026-10-01 00:15:25,382 - INFO - 
****************************************************************************************************
2026-10-01 00:15:26,811 - INFO - --- training epoch 155, loss 15.5283, mae 16.0212, rmse 20.7326, time elapsed(min) 0.02---
2026-10-01 00:15:26,976 - INFO - --- validation at epoch 155, val_loss 16.7665, val_mae 16.4552, val_rmse 21.0270, val_r2 0.4118, val_pearson 0.6468, lr 1.00e-06 ---
2026-10-01 00:15:26,976 - INFO - 
****************************************************************************************************
2026-10-01 00:15:28,008 - INFO - --- training epoch 156, loss 15.8824, mae 16.3743, rmse 21.1435, time elapsed(min) 0.01---
2026-10-01 00:15:28,174 - INFO - --- validation at epoch 156, val_loss 16.7834, val_mae 16.4414, val_rmse 21.0114, val_r2 0.4127, val_pearson 0.6473, lr 1.00e-06 ---
2026-10-01 00:15:28,174 - INFO - 
****************************************************************************************************
2026-10-01 00:15:29,211 - INFO - --- training epoch 157, loss 15.7098, mae 16.2027, rmse 20.7599, time elapsed(min) 0.01---
2026-10-01 00:15:29,385 - INFO - --- validation at epoch 157, val_loss 16.7808, val_mae 16.4152, val_rmse 20.9911, val_r2 0.4138, val_pearson 0.6479, lr 1.00e-06 ---
2026-10-01 00:15:29,385 - INFO - 
****************************************************************************************************
2026-10-01 00:15:30,634 - INFO - --- training epoch 158, loss 15.3522, mae 15.8443, rmse 20.4770, time elapsed(min) 0.01---
2026-10-01 00:15:30,801 - INFO - --- validation at epoch 158, val_loss 16.7826, val_mae 16.4179, val_rmse 20.9902, val_r2 0.4138, val_pearson 0.6479, lr 1.00e-06 ---
2026-10-01 00:15:30,801 - INFO - 
****************************************************************************************************
2026-10-01 00:15:32,050 - INFO - --- training epoch 159, loss 15.2218, mae 15.7136, rmse 20.3725, time elapsed(min) 0.01---
2026-10-01 00:15:32,211 - INFO - --- validation at epoch 159, val_loss 16.7846, val_mae 16.4137, val_rmse 20.9858, val_r2 0.4141, val_pearson 0.6481, lr 1.00e-06 ---
2026-10-01 00:15:32,212 - INFO - 
****************************************************************************************************
2026-10-01 00:15:33,477 - INFO - --- training epoch 160, loss 15.2918, mae 15.7853, rmse 20.3980, time elapsed(min) 0.01---
2026-10-01 00:15:33,853 - INFO - --- validation at epoch 160, val_loss 16.7820, val_mae 16.4061, val_rmse 20.9807, val_r2 0.4144, val_pearson 0.6482, lr 1.00e-06 ---
2026-10-01 00:15:33,853 - INFO - 
****************************************************************************************************
2026-10-01 00:15:35,056 - INFO - --- training epoch 161, loss 15.3257, mae 15.8191, rmse 20.4584, time elapsed(min) 0.01---
2026-10-01 00:15:35,229 - INFO - --- validation at epoch 161, val_loss 16.7825, val_mae 16.4016, val_rmse 20.9748, val_r2 0.4147, val_pearson 0.6484, lr 1.00e-06 ---
2026-10-01 00:15:35,229 - INFO - 
****************************************************************************************************
2026-10-01 00:15:36,279 - INFO - --- training epoch 162, loss 15.5742, mae 16.0674, rmse 20.7101, time elapsed(min) 0.01---
2026-10-01 00:15:36,449 - INFO - --- validation at epoch 162, val_loss 16.7900, val_mae 16.4022, val_rmse 20.9661, val_r2 0.4152, val_pearson 0.6488, lr 1.00e-06 ---
2026-10-01 00:15:36,449 - INFO - 
****************************************************************************************************
2026-10-01 00:15:37,490 - INFO - --- training epoch 163, loss 15.5001, mae 15.9928, rmse 20.6132, time elapsed(min) 0.01---
2026-10-01 00:15:37,664 - INFO - --- validation at epoch 163, val_loss 16.7899, val_mae 16.4042, val_rmse 20.9643, val_r2 0.4153, val_pearson 0.6489, lr 1.00e-06 ---
2026-10-01 00:15:37,664 - INFO - 
****************************************************************************************************
2026-10-01 00:15:39,041 - INFO - --- training epoch 164, loss 15.4890, mae 15.9820, rmse 20.5396, time elapsed(min) 0.02---
2026-10-01 00:15:39,208 - INFO - --- validation at epoch 164, val_loss 16.7736, val_mae 16.4093, val_rmse 20.9710, val_r2 0.4149, val_pearson 0.6489, lr 1.00e-06 ---
2026-10-01 00:15:39,208 - INFO - 
****************************************************************************************************
2026-10-01 00:15:40,439 - INFO - --- training epoch 165, loss 15.2400, mae 15.7326, rmse 20.3619, time elapsed(min) 0.01---
2026-10-01 00:15:40,605 - INFO - --- validation at epoch 165, val_loss 16.7789, val_mae 16.4215, val_rmse 20.9843, val_r2 0.4142, val_pearson 0.6485, lr 1.00e-06 ---
2026-10-01 00:15:40,605 - INFO - 
****************************************************************************************************
2026-10-01 00:15:42,034 - INFO - --- training epoch 166, loss 15.5789, mae 16.0703, rmse 20.6331, time elapsed(min) 0.02---
2026-10-01 00:15:42,199 - INFO - --- validation at epoch 166, val_loss 16.7811, val_mae 16.3970, val_rmse 20.9570, val_r2 0.4157, val_pearson 0.6492, lr 1.00e-06 ---
2026-10-01 00:15:42,199 - INFO - 
****************************************************************************************************
2026-10-01 00:15:43,434 - INFO - --- training epoch 167, loss 15.1062, mae 15.5980, rmse 20.2588, time elapsed(min) 0.01---
2026-10-01 00:15:43,612 - INFO - --- validation at epoch 167, val_loss 16.7914, val_mae 16.3960, val_rmse 20.9502, val_r2 0.4161, val_pearson 0.6494, lr 1.00e-06 ---
2026-10-01 00:15:43,612 - INFO - 
****************************************************************************************************
2026-10-01 00:15:44,651 - INFO - --- training epoch 168, loss 15.5996, mae 16.0925, rmse 20.5765, time elapsed(min) 0.01---
2026-10-01 00:15:44,822 - INFO - --- validation at epoch 168, val_loss 16.7628, val_mae 16.3837, val_rmse 20.9361, val_r2 0.4169, val_pearson 0.6500, lr 1.00e-06 ---
2026-10-01 00:15:44,822 - INFO - 
****************************************************************************************************
2026-10-01 00:15:46,189 - INFO - --- training epoch 169, loss 15.2591, mae 15.7521, rmse 20.3522, time elapsed(min) 0.02---
2026-10-01 00:15:46,357 - INFO - --- validation at epoch 169, val_loss 16.7470, val_mae 16.3842, val_rmse 20.9338, val_r2 0.4170, val_pearson 0.6502, lr 1.00e-06 ---
2026-10-01 00:15:46,357 - INFO - 
****************************************************************************************************
2026-10-01 00:15:47,595 - INFO - --- training epoch 170, loss 15.4379, mae 15.9322, rmse 20.5507, time elapsed(min) 0.01---
2026-10-01 00:15:47,764 - INFO - --- validation at epoch 170, val_loss 16.7401, val_mae 16.3767, val_rmse 20.9256, val_r2 0.4174, val_pearson 0.6505, lr 1.00e-06 ---
2026-10-01 00:15:47,764 - INFO - 
****************************************************************************************************
2026-10-01 00:15:49,025 - INFO - --- training epoch 171, loss 15.6068, mae 16.0985, rmse 20.7654, time elapsed(min) 0.01---
2026-10-01 00:15:49,407 - INFO - --- validation at epoch 171, val_loss 16.7398, val_mae 16.3735, val_rmse 20.9226, val_r2 0.4176, val_pearson 0.6506, lr 1.00e-06 ---
2026-10-01 00:15:49,407 - INFO - 
****************************************************************************************************
2026-10-01 00:15:50,580 - INFO - --- training epoch 172, loss 15.5110, mae 16.0026, rmse 20.6908, time elapsed(min) 0.01---
2026-10-01 00:15:50,748 - INFO - --- validation at epoch 172, val_loss 16.7435, val_mae 16.3766, val_rmse 20.9198, val_r2 0.4178, val_pearson 0.6508, lr 1.00e-06 ---
2026-10-01 00:15:50,748 - INFO - 
****************************************************************************************************
2026-10-01 00:15:51,806 - INFO - --- training epoch 173, loss 15.5352, mae 16.0278, rmse 20.7023, time elapsed(min) 0.01---
2026-10-01 00:15:51,976 - INFO - --- validation at epoch 173, val_loss 16.7486, val_mae 16.3811, val_rmse 20.9212, val_r2 0.4177, val_pearson 0.6508, lr 1.00e-06 ---
2026-10-01 00:15:51,976 - INFO - 
****************************************************************************************************
2026-10-01 00:15:53,332 - INFO - --- training epoch 174, loss 15.6152, mae 16.1074, rmse 20.8457, time elapsed(min) 0.02---
2026-10-01 00:15:53,498 - INFO - --- validation at epoch 174, val_loss 16.7352, val_mae 16.3792, val_rmse 20.9194, val_r2 0.4178, val_pearson 0.6510, lr 1.00e-06 ---
2026-10-01 00:15:53,498 - INFO - 
****************************************************************************************************
2026-10-01 00:15:54,897 - INFO - --- training epoch 175, loss 15.2726, mae 15.7654, rmse 20.3796, time elapsed(min) 0.02---
2026-10-01 00:15:55,063 - INFO - --- validation at epoch 175, val_loss 16.7398, val_mae 16.3808, val_rmse 20.9186, val_r2 0.4178, val_pearson 0.6512, lr 1.00e-06 ---
2026-10-01 00:15:55,063 - INFO - 
****************************************************************************************************
2026-10-01 00:15:56,314 - INFO - --- training epoch 176, loss 15.3549, mae 15.8478, rmse 20.3893, time elapsed(min) 0.01---
2026-10-01 00:15:56,697 - INFO - --- validation at epoch 176, val_loss 16.7362, val_mae 16.3756, val_rmse 20.9114, val_r2 0.4182, val_pearson 0.6515, lr 1.00e-06 ---
2026-10-01 00:15:56,697 - INFO - 
****************************************************************************************************
2026-10-01 00:15:57,904 - INFO - --- training epoch 177, loss 15.2779, mae 15.7696, rmse 20.4086, time elapsed(min) 0.01---
2026-10-01 00:15:58,071 - INFO - --- validation at epoch 177, val_loss 16.7306, val_mae 16.3701, val_rmse 20.9041, val_r2 0.4186, val_pearson 0.6519, lr 1.00e-06 ---
2026-10-01 00:15:58,071 - INFO - 
****************************************************************************************************
2026-10-01 00:15:59,112 - INFO - --- training epoch 178, loss 15.5186, mae 16.0104, rmse 20.6048, time elapsed(min) 0.01---
2026-10-01 00:15:59,287 - INFO - --- validation at epoch 178, val_loss 16.7293, val_mae 16.3650, val_rmse 20.8985, val_r2 0.4189, val_pearson 0.6520, lr 1.00e-06 ---
2026-10-01 00:15:59,287 - INFO - 
****************************************************************************************************
2026-10-01 00:16:00,498 - INFO - --- training epoch 179, loss 15.4999, mae 15.9900, rmse 20.6935, time elapsed(min) 0.01---
2026-10-01 00:16:00,667 - INFO - --- validation at epoch 179, val_loss 16.6980, val_mae 16.3552, val_rmse 20.8921, val_r2 0.4193, val_pearson 0.6520, lr 1.00e-06 ---
2026-10-01 00:16:00,667 - INFO - 
****************************************************************************************************
2026-10-01 00:16:02,000 - INFO - --- training epoch 180, loss 15.2752, mae 15.7659, rmse 20.3599, time elapsed(min) 0.01---
2026-10-01 00:16:02,171 - INFO - --- validation at epoch 180, val_loss 16.6709, val_mae 16.3412, val_rmse 20.8780, val_r2 0.4201, val_pearson 0.6522, lr 1.00e-06 ---
2026-10-01 00:16:02,171 - INFO - 
****************************************************************************************************
2026-10-01 00:16:03,532 - INFO - --- training epoch 181, loss 15.6014, mae 16.0937, rmse 20.7688, time elapsed(min) 0.01---
2026-10-01 00:16:03,701 - INFO - --- validation at epoch 181, val_loss 16.6543, val_mae 16.3292, val_rmse 20.8639, val_r2 0.4209, val_pearson 0.6528, lr 1.00e-06 ---
2026-10-01 00:16:03,701 - INFO - 
****************************************************************************************************
2026-10-01 00:16:05,218 - INFO - --- training epoch 182, loss 15.5632, mae 16.0574, rmse 20.5652, time elapsed(min) 0.02---
2026-10-01 00:16:05,380 - INFO - --- validation at epoch 182, val_loss 16.6514, val_mae 16.3231, val_rmse 20.8570, val_r2 0.4213, val_pearson 0.6530, lr 1.00e-06 ---
2026-10-01 00:16:05,380 - INFO - 
****************************************************************************************************
2026-10-01 00:16:06,494 - INFO - --- training epoch 183, loss 15.7214, mae 16.2152, rmse 20.8831, time elapsed(min) 0.01---
2026-10-01 00:16:06,670 - INFO - --- validation at epoch 183, val_loss 16.6439, val_mae 16.3141, val_rmse 20.8498, val_r2 0.4217, val_pearson 0.6533, lr 1.00e-06 ---
2026-10-01 00:16:06,670 - INFO - 
****************************************************************************************************
2026-10-01 00:16:07,781 - INFO - --- training epoch 184, loss 15.6954, mae 16.1897, rmse 20.7311, time elapsed(min) 0.01---
2026-10-01 00:16:07,948 - INFO - --- validation at epoch 184, val_loss 16.6444, val_mae 16.3087, val_rmse 20.8497, val_r2 0.4217, val_pearson 0.6532, lr 1.00e-06 ---
2026-10-01 00:16:07,948 - INFO - 
****************************************************************************************************
2026-10-01 00:16:09,306 - INFO - --- training epoch 185, loss 15.5160, mae 16.0103, rmse 20.7678, time elapsed(min) 0.02---
2026-10-01 00:16:09,471 - INFO - --- validation at epoch 185, val_loss 16.6423, val_mae 16.3046, val_rmse 20.8515, val_r2 0.4216, val_pearson 0.6531, lr 1.00e-06 ---
2026-10-01 00:16:09,471 - INFO - 
****************************************************************************************************
2026-10-01 00:16:10,807 - INFO - --- training epoch 186, loss 15.4546, mae 15.9471, rmse 20.4934, time elapsed(min) 0.01---
2026-10-01 00:16:10,981 - INFO - --- validation at epoch 186, val_loss 16.6479, val_mae 16.3123, val_rmse 20.8604, val_r2 0.4211, val_pearson 0.6528, lr 1.00e-06 ---
2026-10-01 00:16:10,981 - INFO - 
****************************************************************************************************
2026-10-01 00:16:12,265 - INFO - --- training epoch 187, loss 15.4418, mae 15.9355, rmse 20.6056, time elapsed(min) 0.02---
2026-10-01 00:16:12,677 - INFO - --- validation at epoch 187, val_loss 16.6664, val_mae 16.3157, val_rmse 20.8638, val_r2 0.4209, val_pearson 0.6527, lr 1.00e-06 ---
2026-10-01 00:16:12,677 - INFO - 
****************************************************************************************************
2026-10-01 00:16:13,858 - INFO - --- training epoch 188, loss 15.3499, mae 15.8418, rmse 20.5004, time elapsed(min) 0.01---
2026-10-01 00:16:14,034 - INFO - --- validation at epoch 188, val_loss 16.6570, val_mae 16.3055, val_rmse 20.8549, val_r2 0.4214, val_pearson 0.6530, lr 1.00e-06 ---
2026-10-01 00:16:14,035 - INFO - 
****************************************************************************************************
2026-10-01 00:16:15,087 - INFO - --- training epoch 189, loss 15.5471, mae 16.0384, rmse 20.7166, time elapsed(min) 0.01---
2026-10-01 00:16:15,254 - INFO - --- validation at epoch 189, val_loss 16.6876, val_mae 16.3239, val_rmse 20.8730, val_r2 0.4204, val_pearson 0.6524, lr 1.00e-06 ---
2026-10-01 00:16:15,255 - INFO - 
****************************************************************************************************
2026-10-01 00:16:16,487 - INFO - --- training epoch 190, loss 15.4711, mae 15.9623, rmse 20.5866, time elapsed(min) 0.01---
2026-10-01 00:16:16,659 - INFO - --- validation at epoch 190, val_loss 16.7133, val_mae 16.3353, val_rmse 20.8843, val_r2 0.4197, val_pearson 0.6522, lr 1.00e-06 ---
2026-10-01 00:16:16,659 - INFO - 
****************************************************************************************************
2026-10-01 00:16:17,911 - INFO - --- training epoch 191, loss 15.3075, mae 15.7996, rmse 20.5259, time elapsed(min) 0.01---
2026-10-01 00:16:18,076 - INFO - --- validation at epoch 191, val_loss 16.7101, val_mae 16.3403, val_rmse 20.8887, val_r2 0.4195, val_pearson 0.6522, lr 1.00e-06 ---
2026-10-01 00:16:18,076 - INFO - 
****************************************************************************************************
2026-10-01 00:16:19,335 - INFO - --- training epoch 192, loss 15.4507, mae 15.9431, rmse 20.5105, time elapsed(min) 0.01---
2026-10-01 00:16:19,508 - INFO - --- validation at epoch 192, val_loss 16.7224, val_mae 16.3447, val_rmse 20.8980, val_r2 0.4190, val_pearson 0.6518, lr 1.00e-06 ---
2026-10-01 00:16:19,508 - INFO - 
****************************************************************************************************
2026-10-01 00:16:20,713 - INFO - --- training epoch 193, loss 15.4181, mae 15.9105, rmse 20.4290, time elapsed(min) 0.01---
2026-10-01 00:16:20,880 - INFO - --- validation at epoch 193, val_loss 16.7141, val_mae 16.3428, val_rmse 20.9007, val_r2 0.4188, val_pearson 0.6517, lr 1.00e-06 ---
2026-10-01 00:16:20,880 - INFO - 
****************************************************************************************************
2026-10-01 00:16:21,927 - INFO - --- training epoch 194, loss 15.3286, mae 15.8205, rmse 20.4551, time elapsed(min) 0.01---
2026-10-01 00:16:22,103 - INFO - --- validation at epoch 194, val_loss 16.7048, val_mae 16.3423, val_rmse 20.9012, val_r2 0.4188, val_pearson 0.6517, lr 1.00e-06 ---
2026-10-01 00:16:22,103 - INFO - 
****************************************************************************************************
2026-10-01 00:16:23,332 - INFO - --- training epoch 195, loss 15.2710, mae 15.7631, rmse 20.4914, time elapsed(min) 0.01---
2026-10-01 00:16:23,497 - INFO - --- validation at epoch 195, val_loss 16.7041, val_mae 16.3434, val_rmse 20.8980, val_r2 0.4190, val_pearson 0.6519, lr 1.00e-06 ---
2026-10-01 00:16:23,498 - INFO - 
****************************************************************************************************
2026-10-01 00:16:24,765 - INFO - --- training epoch 196, loss 15.4041, mae 15.8963, rmse 20.6448, time elapsed(min) 0.01---
2026-10-01 00:16:24,930 - INFO - --- validation at epoch 196, val_loss 16.7106, val_mae 16.3440, val_rmse 20.8919, val_r2 0.4193, val_pearson 0.6522, lr 1.00e-06 ---
2026-10-01 00:16:24,930 - INFO - 
****************************************************************************************************
2026-10-01 00:16:26,176 - INFO - --- training epoch 197, loss 15.5566, mae 16.0483, rmse 20.6843, time elapsed(min) 0.01---
2026-10-01 00:16:26,337 - INFO - --- validation at epoch 197, val_loss 16.7139, val_mae 16.3484, val_rmse 20.8951, val_r2 0.4191, val_pearson 0.6522, lr 1.00e-06 ---
2026-10-01 00:16:26,337 - INFO - 
****************************************************************************************************
2026-10-01 00:16:27,745 - INFO - --- training epoch 198, loss 15.6529, mae 16.1457, rmse 20.7508, time elapsed(min) 0.02---
2026-10-01 00:16:27,912 - INFO - --- validation at epoch 198, val_loss 16.7219, val_mae 16.3495, val_rmse 20.8942, val_r2 0.4192, val_pearson 0.6521, lr 1.00e-06 ---
2026-10-01 00:16:27,912 - INFO - 
****************************************************************************************************
2026-10-01 00:16:28,946 - INFO - --- training epoch 199, loss 15.5133, mae 16.0068, rmse 20.5119, time elapsed(min) 0.01---
2026-10-01 00:16:29,111 - INFO - --- validation at epoch 199, val_loss 16.7250, val_mae 16.3443, val_rmse 20.8901, val_r2 0.4194, val_pearson 0.6521, lr 1.00e-06 ---
2026-10-01 00:16:29,111 - INFO - 
****************************************************************************************************
2026-10-01 00:16:30,147 - INFO - --- training epoch 200, loss 15.6179, mae 16.1112, rmse 20.8486, time elapsed(min) 0.01---
2026-10-01 00:16:30,310 - INFO - --- validation at epoch 200, val_loss 16.7247, val_mae 16.3388, val_rmse 20.8891, val_r2 0.4195, val_pearson 0.6520, lr 1.00e-06 ---
2026-10-01 00:16:30,310 - INFO - 
****************************************************************************************************
2026-10-01 00:16:31,479 - INFO - --- training epoch 201, loss 15.3999, mae 15.8932, rmse 20.3782, time elapsed(min) 0.01---
2026-10-01 00:16:31,648 - INFO - --- validation at epoch 201, val_loss 16.7296, val_mae 16.3402, val_rmse 20.8893, val_r2 0.4195, val_pearson 0.6520, lr 1.00e-06 ---
2026-10-01 00:16:31,648 - INFO - 
****************************************************************************************************
2026-10-01 00:16:33,009 - INFO - --- training epoch 202, loss 15.5387, mae 16.0327, rmse 20.6723, time elapsed(min) 0.02---
2026-10-01 00:16:33,190 - INFO - --- validation at epoch 202, val_loss 16.7301, val_mae 16.3489, val_rmse 20.8977, val_r2 0.4190, val_pearson 0.6519, lr 1.00e-06 ---
2026-10-01 00:16:33,191 - INFO - 
****************************************************************************************************
2026-10-01 00:16:34,461 - INFO - --- training epoch 203, loss 15.3538, mae 15.8450, rmse 20.4298, time elapsed(min) 0.01---
2026-10-01 00:16:34,981 - INFO - --- validation at epoch 203, val_loss 16.7295, val_mae 16.3504, val_rmse 20.9036, val_r2 0.4187, val_pearson 0.6517, lr 1.00e-06 ---
2026-10-01 00:16:34,982 - INFO - 
****************************************************************************************************
2026-10-01 00:16:36,028 - INFO - --- training epoch 204, loss 15.4796, mae 15.9719, rmse 20.5388, time elapsed(min) 0.01---
2026-10-01 00:16:36,203 - INFO - --- validation at epoch 204, val_loss 16.7213, val_mae 16.3417, val_rmse 20.8894, val_r2 0.4195, val_pearson 0.6522, lr 1.00e-06 ---
2026-10-01 00:16:36,204 - INFO - 
****************************************************************************************************
2026-10-01 00:16:37,239 - INFO - --- training epoch 205, loss 15.1009, mae 15.5931, rmse 20.2716, time elapsed(min) 0.01---
2026-10-01 00:16:37,413 - INFO - --- validation at epoch 205, val_loss 16.7231, val_mae 16.3485, val_rmse 20.8918, val_r2 0.4193, val_pearson 0.6523, lr 1.00e-06 ---
2026-10-01 00:16:37,413 - INFO - 
****************************************************************************************************
2026-10-01 00:16:38,666 - INFO - --- training epoch 206, loss 15.6349, mae 16.1278, rmse 20.8633, time elapsed(min) 0.01---
2026-10-01 00:16:38,830 - INFO - --- validation at epoch 206, val_loss 16.7207, val_mae 16.3411, val_rmse 20.8827, val_r2 0.4198, val_pearson 0.6526, lr 1.00e-06 ---
2026-10-01 00:16:38,830 - INFO - 
****************************************************************************************************
2026-10-01 00:16:40,086 - INFO - --- training epoch 207, loss 15.2523, mae 15.7425, rmse 20.2956, time elapsed(min) 0.01---
2026-10-01 00:16:40,255 - INFO - --- validation at epoch 207, val_loss 16.6954, val_mae 16.3208, val_rmse 20.8575, val_r2 0.4212, val_pearson 0.6533, lr 1.00e-06 ---
2026-10-01 00:16:40,255 - INFO - 
****************************************************************************************************
2026-10-01 00:16:41,496 - INFO - --- training epoch 208, loss 15.4181, mae 15.9115, rmse 20.5436, time elapsed(min) 0.01---
2026-10-01 00:16:41,662 - INFO - --- validation at epoch 208, val_loss 16.6554, val_mae 16.3090, val_rmse 20.8438, val_r2 0.4220, val_pearson 0.6537, lr 1.00e-06 ---
2026-10-01 00:16:41,662 - INFO - 
****************************************************************************************************
2026-10-01 00:16:42,858 - INFO - --- training epoch 209, loss 15.6249, mae 16.1168, rmse 20.8576, time elapsed(min) 0.01---
2026-10-01 00:16:43,030 - INFO - --- validation at epoch 209, val_loss 16.6524, val_mae 16.3088, val_rmse 20.8460, val_r2 0.4219, val_pearson 0.6535, lr 1.00e-06 ---
2026-10-01 00:16:43,030 - INFO - 
****************************************************************************************************
2026-10-01 00:16:44,064 - INFO - --- training epoch 210, loss 15.3088, mae 15.8026, rmse 20.3471, time elapsed(min) 0.01---
2026-10-01 00:16:44,229 - INFO - --- validation at epoch 210, val_loss 16.6513, val_mae 16.3055, val_rmse 20.8402, val_r2 0.4222, val_pearson 0.6538, lr 1.00e-06 ---
2026-10-01 00:16:44,229 - INFO - 
****************************************************************************************************
2026-10-01 00:16:45,282 - INFO - --- training epoch 211, loss 15.6125, mae 16.1048, rmse 20.7477, time elapsed(min) 0.01---
2026-10-01 00:16:45,448 - INFO - --- validation at epoch 211, val_loss 16.6526, val_mae 16.3086, val_rmse 20.8383, val_r2 0.4223, val_pearson 0.6539, lr 1.00e-06 ---
2026-10-01 00:16:45,448 - INFO - 
****************************************************************************************************
2026-10-01 00:16:46,817 - INFO - --- training epoch 212, loss 15.2670, mae 15.7588, rmse 20.4472, time elapsed(min) 0.02---
2026-10-01 00:16:46,990 - INFO - --- validation at epoch 212, val_loss 16.7028, val_mae 16.3294, val_rmse 20.8597, val_r2 0.4211, val_pearson 0.6533, lr 1.00e-06 ---
2026-10-01 00:16:46,990 - INFO - 
****************************************************************************************************
2026-10-01 00:16:48,377 - INFO - --- training epoch 213, loss 15.2773, mae 15.7711, rmse 20.3623, time elapsed(min) 0.02---
2026-10-01 00:16:48,539 - INFO - --- validation at epoch 213, val_loss 16.6927, val_mae 16.3202, val_rmse 20.8488, val_r2 0.4217, val_pearson 0.6536, lr 1.00e-06 ---
2026-10-01 00:16:48,539 - INFO - 
****************************************************************************************************
2026-10-01 00:16:49,951 - INFO - --- training epoch 214, loss 15.2757, mae 15.7684, rmse 20.3524, time elapsed(min) 0.02---
2026-10-01 00:16:50,114 - INFO - --- validation at epoch 214, val_loss 16.6762, val_mae 16.2978, val_rmse 20.8304, val_r2 0.4227, val_pearson 0.6541, lr 1.00e-06 ---
2026-10-01 00:16:50,114 - INFO - 
****************************************************************************************************
2026-10-01 00:16:51,160 - INFO - --- training epoch 215, loss 15.4696, mae 15.9606, rmse 20.7278, time elapsed(min) 0.01---
2026-10-01 00:16:51,323 - INFO - --- validation at epoch 215, val_loss 16.6406, val_mae 16.2825, val_rmse 20.8149, val_r2 0.4236, val_pearson 0.6545, lr 1.00e-06 ---
2026-10-01 00:16:51,323 - INFO - 
****************************************************************************************************
2026-10-01 00:16:52,606 - INFO - --- training epoch 216, loss 15.5529, mae 16.0453, rmse 20.5133, time elapsed(min) 0.01---
2026-10-01 00:16:52,765 - INFO - --- validation at epoch 216, val_loss 16.6340, val_mae 16.2770, val_rmse 20.8111, val_r2 0.4238, val_pearson 0.6546, lr 1.00e-06 ---
2026-10-01 00:16:52,765 - INFO - 
****************************************************************************************************
2026-10-01 00:16:54,121 - INFO - --- training epoch 217, loss 15.3975, mae 15.8899, rmse 20.4889, time elapsed(min) 0.01---
2026-10-01 00:16:54,288 - INFO - --- validation at epoch 217, val_loss 16.6396, val_mae 16.2823, val_rmse 20.8190, val_r2 0.4234, val_pearson 0.6543, lr 1.00e-06 ---
2026-10-01 00:16:54,288 - INFO - 
****************************************************************************************************
2026-10-01 00:16:55,547 - INFO - --- training epoch 218, loss 15.4873, mae 15.9800, rmse 20.5334, time elapsed(min) 0.01---
2026-10-01 00:16:55,715 - INFO - --- validation at epoch 218, val_loss 16.6490, val_mae 16.2912, val_rmse 20.8313, val_r2 0.4227, val_pearson 0.6539, lr 1.00e-06 ---
2026-10-01 00:16:55,716 - INFO - 
****************************************************************************************************
2026-10-01 00:16:56,968 - INFO - --- training epoch 219, loss 15.3104, mae 15.8014, rmse 20.4857, time elapsed(min) 0.01---
2026-10-01 00:16:57,346 - INFO - --- validation at epoch 219, val_loss 16.6428, val_mae 16.2823, val_rmse 20.8223, val_r2 0.4232, val_pearson 0.6543, lr 1.00e-06 ---
2026-10-01 00:16:57,347 - INFO - 
****************************************************************************************************
2026-10-01 00:16:58,523 - INFO - --- training epoch 220, loss 15.2758, mae 15.7701, rmse 20.3140, time elapsed(min) 0.01---
2026-10-01 00:16:58,701 - INFO - --- validation at epoch 220, val_loss 16.6432, val_mae 16.2857, val_rmse 20.8200, val_r2 0.4233, val_pearson 0.6544, lr 1.00e-06 ---
2026-10-01 00:16:58,702 - INFO - 
****************************************************************************************************
2026-10-01 00:16:59,757 - INFO - --- training epoch 221, loss 15.4975, mae 15.9898, rmse 20.5540, time elapsed(min) 0.01---
2026-10-01 00:16:59,938 - INFO - --- validation at epoch 221, val_loss 16.6477, val_mae 16.2970, val_rmse 20.8243, val_r2 0.4231, val_pearson 0.6545, lr 1.00e-06 ---
2026-10-01 00:16:59,938 - INFO - 
****************************************************************************************************
2026-10-01 00:17:01,200 - INFO - --- training epoch 222, loss 15.3451, mae 15.8382, rmse 20.3368, time elapsed(min) 0.01---
2026-10-01 00:17:01,369 - INFO - --- validation at epoch 222, val_loss 16.6479, val_mae 16.3034, val_rmse 20.8301, val_r2 0.4227, val_pearson 0.6544, lr 1.00e-06 ---
2026-10-01 00:17:01,369 - INFO - 
****************************************************************************************************
2026-10-01 00:17:02,617 - INFO - --- training epoch 223, loss 15.4443, mae 15.9359, rmse 20.5578, time elapsed(min) 0.01---
2026-10-01 00:17:02,789 - INFO - --- validation at epoch 223, val_loss 16.6437, val_mae 16.2991, val_rmse 20.8253, val_r2 0.4230, val_pearson 0.6546, lr 1.00e-06 ---
2026-10-01 00:17:02,789 - INFO - 
****************************************************************************************************
2026-10-01 00:17:04,068 - INFO - --- training epoch 224, loss 15.7199, mae 16.2128, rmse 20.6738, time elapsed(min) 0.01---
2026-10-01 00:17:04,232 - INFO - --- validation at epoch 224, val_loss 16.6400, val_mae 16.3015, val_rmse 20.8300, val_r2 0.4228, val_pearson 0.6546, lr 1.00e-06 ---
2026-10-01 00:17:04,232 - INFO - 
****************************************************************************************************
2026-10-01 00:17:05,424 - INFO - --- training epoch 225, loss 15.2929, mae 15.7856, rmse 20.3985, time elapsed(min) 0.01---
2026-10-01 00:17:05,588 - INFO - --- validation at epoch 225, val_loss 16.6367, val_mae 16.2999, val_rmse 20.8318, val_r2 0.4227, val_pearson 0.6546, lr 1.00e-06 ---
2026-10-01 00:17:05,588 - INFO - 
****************************************************************************************************
2026-10-01 00:17:06,627 - INFO - --- training epoch 226, loss 15.4750, mae 15.9663, rmse 20.7307, time elapsed(min) 0.01---
2026-10-01 00:17:06,800 - INFO - --- validation at epoch 226, val_loss 16.6280, val_mae 16.2937, val_rmse 20.8246, val_r2 0.4231, val_pearson 0.6550, lr 1.00e-06 ---
2026-10-01 00:17:06,800 - INFO - 
****************************************************************************************************
2026-10-01 00:17:08,128 - INFO - --- training epoch 227, loss 15.4670, mae 15.9579, rmse 20.7055, time elapsed(min) 0.01---
2026-10-01 00:17:08,304 - INFO - --- validation at epoch 227, val_loss 16.6291, val_mae 16.2926, val_rmse 20.8254, val_r2 0.4230, val_pearson 0.6549, lr 1.00e-06 ---
2026-10-01 00:17:08,304 - INFO - 
****************************************************************************************************
2026-10-01 00:17:09,546 - INFO - --- training epoch 228, loss 15.3848, mae 15.8784, rmse 20.4814, time elapsed(min) 0.01---
2026-10-01 00:17:09,700 - INFO - --- validation at epoch 228, val_loss 16.6182, val_mae 16.2862, val_rmse 20.8215, val_r2 0.4232, val_pearson 0.6551, lr 1.00e-06 ---
2026-10-01 00:17:09,700 - INFO - 
****************************************************************************************************
2026-10-01 00:17:11,023 - INFO - --- training epoch 229, loss 15.4127, mae 15.9047, rmse 20.5875, time elapsed(min) 0.01---
2026-10-01 00:17:11,205 - INFO - --- validation at epoch 229, val_loss 16.6181, val_mae 16.2824, val_rmse 20.8198, val_r2 0.4233, val_pearson 0.6551, lr 1.00e-06 ---
2026-10-01 00:17:11,205 - INFO - 
****************************************************************************************************
2026-10-01 00:17:12,688 - INFO - --- training epoch 230, loss 15.2972, mae 15.7885, rmse 20.4960, time elapsed(min) 0.02---
2026-10-01 00:17:12,854 - INFO - --- validation at epoch 230, val_loss 16.6194, val_mae 16.2767, val_rmse 20.8112, val_r2 0.4238, val_pearson 0.6552, lr 1.00e-06 ---
2026-10-01 00:17:12,854 - INFO - 
****************************************************************************************************
2026-10-01 00:17:13,902 - INFO - --- training epoch 231, loss 15.2759, mae 15.7686, rmse 20.4493, time elapsed(min) 0.01---
2026-10-01 00:17:14,063 - INFO - --- validation at epoch 231, val_loss 16.6287, val_mae 16.2757, val_rmse 20.8101, val_r2 0.4239, val_pearson 0.6551, lr 1.00e-06 ---
2026-10-01 00:17:14,063 - INFO - 
****************************************************************************************************
2026-10-01 00:17:15,093 - INFO - --- training epoch 232, loss 15.6948, mae 16.1872, rmse 20.9136, time elapsed(min) 0.01---
2026-10-01 00:17:15,260 - INFO - --- validation at epoch 232, val_loss 16.6356, val_mae 16.2803, val_rmse 20.8144, val_r2 0.4236, val_pearson 0.6548, lr 1.00e-06 ---
2026-10-01 00:17:15,260 - INFO - 
****************************************************************************************************
2026-10-01 00:17:16,514 - INFO - --- training epoch 233, loss 15.4653, mae 15.9572, rmse 20.6342, time elapsed(min) 0.01---
2026-10-01 00:17:16,683 - INFO - --- validation at epoch 233, val_loss 16.6343, val_mae 16.2808, val_rmse 20.8087, val_r2 0.4239, val_pearson 0.6551, lr 1.00e-06 ---
2026-10-01 00:17:16,683 - INFO - 
****************************************************************************************************
2026-10-01 00:17:17,900 - INFO - --- training epoch 234, loss 15.4607, mae 15.9540, rmse 20.6487, time elapsed(min) 0.01---
2026-10-01 00:17:18,072 - INFO - --- validation at epoch 234, val_loss 16.6382, val_mae 16.2775, val_rmse 20.8019, val_r2 0.4243, val_pearson 0.6552, lr 1.00e-06 ---
2026-10-01 00:17:18,072 - INFO - 
****************************************************************************************************
2026-10-01 00:17:19,319 - INFO - --- training epoch 235, loss 15.3781, mae 15.8707, rmse 20.5222, time elapsed(min) 0.01---
2026-10-01 00:17:19,487 - INFO - --- validation at epoch 235, val_loss 16.6385, val_mae 16.2757, val_rmse 20.8036, val_r2 0.4242, val_pearson 0.6551, lr 1.00e-06 ---
2026-10-01 00:17:19,488 - INFO - 
****************************************************************************************************
2026-10-01 00:17:20,713 - INFO - --- training epoch 236, loss 15.3495, mae 15.8419, rmse 20.3144, time elapsed(min) 0.01---
2026-10-01 00:17:20,890 - INFO - --- validation at epoch 236, val_loss 16.6455, val_mae 16.2798, val_rmse 20.8128, val_r2 0.4237, val_pearson 0.6547, lr 1.00e-06 ---
2026-10-01 00:17:20,890 - INFO - 
****************************************************************************************************
2026-10-01 00:17:21,940 - INFO - --- training epoch 237, loss 15.5472, mae 16.0384, rmse 20.7302, time elapsed(min) 0.01---
2026-10-01 00:17:22,122 - INFO - --- validation at epoch 237, val_loss 16.6540, val_mae 16.2805, val_rmse 20.8192, val_r2 0.4234, val_pearson 0.6544, lr 1.00e-06 ---
2026-10-01 00:17:22,122 - INFO - 
****************************************************************************************************
2026-10-01 00:17:23,162 - INFO - --- training epoch 238, loss 15.7125, mae 16.2055, rmse 20.7626, time elapsed(min) 0.01---
2026-10-01 00:17:23,326 - INFO - --- validation at epoch 238, val_loss 16.6520, val_mae 16.2848, val_rmse 20.8243, val_r2 0.4231, val_pearson 0.6543, lr 1.00e-06 ---
2026-10-01 00:17:23,326 - INFO - 
****************************************************************************************************
2026-10-01 00:17:24,572 - INFO - --- training epoch 239, loss 15.3805, mae 15.8726, rmse 20.4779, time elapsed(min) 0.01---
2026-10-01 00:17:24,738 - INFO - --- validation at epoch 239, val_loss 16.6569, val_mae 16.2897, val_rmse 20.8243, val_r2 0.4231, val_pearson 0.6542, lr 1.00e-06 ---
2026-10-01 00:17:24,739 - INFO - 
****************************************************************************************************
2026-10-01 00:17:25,981 - INFO - --- training epoch 240, loss 15.3557, mae 15.8473, rmse 20.4831, time elapsed(min) 0.01---
2026-10-01 00:17:26,151 - INFO - --- validation at epoch 240, val_loss 16.6521, val_mae 16.2909, val_rmse 20.8230, val_r2 0.4231, val_pearson 0.6544, lr 1.00e-06 ---
2026-10-01 00:17:26,151 - INFO - 
****************************************************************************************************
2026-10-01 00:17:27,539 - INFO - --- training epoch 241, loss 15.2126, mae 15.7029, rmse 20.3803, time elapsed(min) 0.02---
2026-10-01 00:17:27,705 - INFO - --- validation at epoch 241, val_loss 16.6334, val_mae 16.2728, val_rmse 20.8054, val_r2 0.4241, val_pearson 0.6551, lr 1.00e-06 ---
2026-10-01 00:17:27,706 - INFO - 
****************************************************************************************************
2026-10-01 00:17:28,734 - INFO - --- training epoch 242, loss 15.1675, mae 15.6592, rmse 20.2865, time elapsed(min) 0.01---
2026-10-01 00:17:28,902 - INFO - --- validation at epoch 242, val_loss 16.6400, val_mae 16.2717, val_rmse 20.8006, val_r2 0.4244, val_pearson 0.6552, lr 1.00e-06 ---
2026-10-01 00:17:28,902 - INFO - 
****************************************************************************************************
2026-10-01 00:17:30,087 - INFO - --- training epoch 243, loss 15.4131, mae 15.9048, rmse 20.5987, time elapsed(min) 0.01---
2026-10-01 00:17:30,255 - INFO - --- validation at epoch 243, val_loss 16.6299, val_mae 16.2610, val_rmse 20.7874, val_r2 0.4251, val_pearson 0.6557, lr 1.00e-06 ---
2026-10-01 00:17:30,255 - INFO - 
****************************************************************************************************
2026-10-01 00:17:31,487 - INFO - --- training epoch 244, loss 15.6089, mae 16.1017, rmse 20.6509, time elapsed(min) 0.01---
2026-10-01 00:17:31,663 - INFO - --- validation at epoch 244, val_loss 16.6321, val_mae 16.2578, val_rmse 20.7782, val_r2 0.4256, val_pearson 0.6561, lr 1.00e-06 ---
2026-10-01 00:17:31,663 - INFO - 
****************************************************************************************************
2026-10-01 00:17:32,903 - INFO - --- training epoch 245, loss 15.4667, mae 15.9576, rmse 20.4226, time elapsed(min) 0.01---
2026-10-01 00:17:33,084 - INFO - --- validation at epoch 245, val_loss 16.6227, val_mae 16.2498, val_rmse 20.7687, val_r2 0.4261, val_pearson 0.6565, lr 1.00e-06 ---
2026-10-01 00:17:33,084 - INFO - 
****************************************************************************************************
2026-10-01 00:17:34,342 - INFO - --- training epoch 246, loss 15.3413, mae 15.8352, rmse 20.3661, time elapsed(min) 0.01---
2026-10-01 00:17:34,732 - INFO - --- validation at epoch 246, val_loss 16.6148, val_mae 16.2463, val_rmse 20.7623, val_r2 0.4265, val_pearson 0.6569, lr 1.00e-06 ---
2026-10-01 00:17:34,732 - INFO - 
****************************************************************************************************
2026-10-01 00:17:36,056 - INFO - --- training epoch 247, loss 15.6521, mae 16.1451, rmse 20.7647, time elapsed(min) 0.01---
2026-10-01 00:17:36,231 - INFO - --- validation at epoch 247, val_loss 16.6181, val_mae 16.2533, val_rmse 20.7671, val_r2 0.4262, val_pearson 0.6569, lr 1.00e-06 ---
2026-10-01 00:17:36,231 - INFO - 
****************************************************************************************************
2026-10-01 00:17:37,271 - INFO - --- training epoch 248, loss 15.4919, mae 15.9847, rmse 20.5162, time elapsed(min) 0.01---
2026-10-01 00:17:37,447 - INFO - --- validation at epoch 248, val_loss 16.6375, val_mae 16.2565, val_rmse 20.7712, val_r2 0.4260, val_pearson 0.6566, lr 1.00e-06 ---
2026-10-01 00:17:37,448 - INFO - 
****************************************************************************************************
2026-10-01 00:17:38,637 - INFO - --- training epoch 249, loss 15.5705, mae 16.0624, rmse 20.5970, time elapsed(min) 0.01---
2026-10-01 00:17:38,805 - INFO - --- validation at epoch 249, val_loss 16.6256, val_mae 16.2417, val_rmse 20.7582, val_r2 0.4267, val_pearson 0.6569, lr 1.00e-06 ---
2026-10-01 00:17:38,805 - INFO - 
****************************************************************************************************
2026-10-01 00:17:40,158 - INFO - --- training epoch 250, loss 15.4341, mae 15.9262, rmse 20.6992, time elapsed(min) 0.02---
2026-10-01 00:17:40,320 - INFO - --- validation at epoch 250, val_loss 16.6299, val_mae 16.2452, val_rmse 20.7577, val_r2 0.4268, val_pearson 0.6569, lr 1.00e-06 ---
2026-10-01 00:17:40,320 - INFO - 
****************************************************************************************************
2026-10-01 00:17:41,582 - INFO - --- training epoch 251, loss 15.4763, mae 15.9689, rmse 20.6115, time elapsed(min) 0.01---
2026-10-01 00:17:41,756 - INFO - --- validation at epoch 251, val_loss 16.6364, val_mae 16.2555, val_rmse 20.7705, val_r2 0.4260, val_pearson 0.6566, lr 1.00e-06 ---
2026-10-01 00:17:41,756 - INFO - 
****************************************************************************************************
2026-10-01 00:17:42,958 - INFO - --- training epoch 252, loss 15.6801, mae 16.1719, rmse 20.6995, time elapsed(min) 0.01---
2026-10-01 00:17:43,127 - INFO - --- validation at epoch 252, val_loss 16.6337, val_mae 16.2506, val_rmse 20.7668, val_r2 0.4262, val_pearson 0.6567, lr 1.00e-06 ---
2026-10-01 00:17:43,128 - INFO - 
****************************************************************************************************
2026-10-01 00:17:44,172 - INFO - --- training epoch 253, loss 15.5178, mae 16.0102, rmse 20.6570, time elapsed(min) 0.01---
2026-10-01 00:17:44,345 - INFO - --- validation at epoch 253, val_loss 16.6320, val_mae 16.2536, val_rmse 20.7711, val_r2 0.4260, val_pearson 0.6566, lr 1.00e-06 ---
2026-10-01 00:17:44,345 - INFO - 
****************************************************************************************************
2026-10-01 00:17:45,371 - INFO - --- training epoch 254, loss 15.1616, mae 15.6540, rmse 20.4047, time elapsed(min) 0.01---
2026-10-01 00:17:45,540 - INFO - --- validation at epoch 254, val_loss 16.6298, val_mae 16.2501, val_rmse 20.7651, val_r2 0.4263, val_pearson 0.6569, lr 1.00e-06 ---
2026-10-01 00:17:45,540 - INFO - 
****************************************************************************************************
2026-10-01 00:17:46,787 - INFO - --- training epoch 255, loss 15.4758, mae 15.9680, rmse 20.6310, time elapsed(min) 0.01---
2026-10-01 00:17:46,952 - INFO - --- validation at epoch 255, val_loss 16.6254, val_mae 16.2441, val_rmse 20.7548, val_r2 0.4269, val_pearson 0.6572, lr 1.00e-06 ---
2026-10-01 00:17:46,953 - INFO - 
****************************************************************************************************
2026-10-01 00:17:48,208 - INFO - --- training epoch 256, loss 15.5880, mae 16.0812, rmse 20.7932, time elapsed(min) 0.01---
2026-10-01 00:17:48,374 - INFO - --- validation at epoch 256, val_loss 16.6378, val_mae 16.2551, val_rmse 20.7632, val_r2 0.4264, val_pearson 0.6570, lr 1.00e-06 ---
2026-10-01 00:17:48,374 - INFO - 
****************************************************************************************************
2026-10-01 00:17:49,649 - INFO - --- training epoch 257, loss 15.4496, mae 15.9429, rmse 20.6135, time elapsed(min) 0.01---
2026-10-01 00:17:50,023 - INFO - --- validation at epoch 257, val_loss 16.6413, val_mae 16.2571, val_rmse 20.7671, val_r2 0.4262, val_pearson 0.6569, lr 1.00e-06 ---
2026-10-01 00:17:50,023 - INFO - 
****************************************************************************************************
2026-10-01 00:17:51,208 - INFO - --- training epoch 258, loss 15.4705, mae 15.9614, rmse 20.5555, time elapsed(min) 0.01---
2026-10-01 00:17:51,368 - INFO - --- validation at epoch 258, val_loss 16.6192, val_mae 16.2465, val_rmse 20.7568, val_r2 0.4268, val_pearson 0.6572, lr 1.00e-06 ---
2026-10-01 00:17:51,368 - INFO - 
****************************************************************************************************
2026-10-01 00:17:52,410 - INFO - --- training epoch 259, loss 15.5663, mae 16.0564, rmse 20.7200, time elapsed(min) 0.01---
2026-10-01 00:17:52,581 - INFO - --- validation at epoch 259, val_loss 16.6271, val_mae 16.2446, val_rmse 20.7547, val_r2 0.4269, val_pearson 0.6571, lr 1.00e-06 ---
2026-10-01 00:17:52,581 - INFO - 
****************************************************************************************************
2026-10-01 00:17:53,825 - INFO - --- training epoch 260, loss 15.4468, mae 15.9384, rmse 20.5890, time elapsed(min) 0.01---
2026-10-01 00:17:54,000 - INFO - --- validation at epoch 260, val_loss 16.6415, val_mae 16.2481, val_rmse 20.7543, val_r2 0.4269, val_pearson 0.6569, lr 1.00e-06 ---
2026-10-01 00:17:54,000 - INFO - 
****************************************************************************************************
2026-10-01 00:17:55,246 - INFO - --- training epoch 261, loss 15.5103, mae 16.0018, rmse 20.5842, time elapsed(min) 0.01---
2026-10-01 00:17:55,422 - INFO - --- validation at epoch 261, val_loss 16.6400, val_mae 16.2433, val_rmse 20.7459, val_r2 0.4274, val_pearson 0.6571, lr 1.00e-06 ---
2026-10-01 00:17:55,422 - INFO - 
****************************************************************************************************
2026-10-01 00:17:56,680 - INFO - --- training epoch 262, loss 15.4942, mae 15.9847, rmse 20.6630, time elapsed(min) 0.01---
2026-10-01 00:17:57,091 - INFO - --- validation at epoch 262, val_loss 16.6154, val_mae 16.2285, val_rmse 20.7302, val_r2 0.4283, val_pearson 0.6578, lr 1.00e-06 ---
2026-10-01 00:17:57,092 - INFO - 
****************************************************************************************************
2026-10-01 00:17:58,305 - INFO - --- training epoch 263, loss 15.5599, mae 16.0522, rmse 20.8287, time elapsed(min) 0.01---
2026-10-01 00:17:58,466 - INFO - --- validation at epoch 263, val_loss 16.6150, val_mae 16.2292, val_rmse 20.7299, val_r2 0.4283, val_pearson 0.6578, lr 1.00e-06 ---
2026-10-01 00:17:58,466 - INFO - 
****************************************************************************************************
2026-10-01 00:17:59,512 - INFO - --- training epoch 264, loss 15.1118, mae 15.6042, rmse 20.1445, time elapsed(min) 0.01---
2026-10-01 00:17:59,686 - INFO - --- validation at epoch 264, val_loss 16.6184, val_mae 16.2300, val_rmse 20.7340, val_r2 0.4281, val_pearson 0.6577, lr 1.00e-06 ---
2026-10-01 00:17:59,686 - INFO - 
****************************************************************************************************
2026-10-01 00:18:00,930 - INFO - --- training epoch 265, loss 15.3431, mae 15.8346, rmse 20.4411, time elapsed(min) 0.01---
2026-10-01 00:18:01,102 - INFO - --- validation at epoch 265, val_loss 16.6269, val_mae 16.2407, val_rmse 20.7458, val_r2 0.4274, val_pearson 0.6574, lr 1.00e-06 ---
2026-10-01 00:18:01,102 - INFO - 
****************************************************************************************************
2026-10-01 00:18:02,343 - INFO - --- training epoch 266, loss 15.3189, mae 15.8126, rmse 20.3240, time elapsed(min) 0.01---
2026-10-01 00:18:02,519 - INFO - --- validation at epoch 266, val_loss 16.6612, val_mae 16.2665, val_rmse 20.7721, val_r2 0.4260, val_pearson 0.6567, lr 1.00e-06 ---
2026-10-01 00:18:02,519 - INFO - 
****************************************************************************************************
2026-10-01 00:18:03,792 - INFO - --- training epoch 267, loss 15.4063, mae 15.8966, rmse 20.5749, time elapsed(min) 0.01---
2026-10-01 00:18:03,955 - INFO - --- validation at epoch 267, val_loss 16.6417, val_mae 16.2577, val_rmse 20.7637, val_r2 0.4264, val_pearson 0.6570, lr 1.00e-06 ---
2026-10-01 00:18:03,955 - INFO - 
****************************************************************************************************
2026-10-01 00:18:05,181 - INFO - --- training epoch 268, loss 15.4497, mae 15.9428, rmse 20.5433, time elapsed(min) 0.01---
2026-10-01 00:18:05,344 - INFO - --- validation at epoch 268, val_loss 16.6337, val_mae 16.2449, val_rmse 20.7531, val_r2 0.4270, val_pearson 0.6572, lr 1.00e-06 ---
2026-10-01 00:18:05,344 - INFO - 
****************************************************************************************************
2026-10-01 00:18:06,378 - INFO - --- training epoch 269, loss 15.5878, mae 16.0793, rmse 20.7107, time elapsed(min) 0.01---
2026-10-01 00:18:06,549 - INFO - --- validation at epoch 269, val_loss 16.6324, val_mae 16.2393, val_rmse 20.7479, val_r2 0.4273, val_pearson 0.6574, lr 1.00e-06 ---
2026-10-01 00:18:06,549 - INFO - 
****************************************************************************************************
2026-10-01 00:18:07,796 - INFO - --- training epoch 270, loss 15.6108, mae 16.1018, rmse 20.7719, time elapsed(min) 0.01---
2026-10-01 00:18:07,959 - INFO - --- validation at epoch 270, val_loss 16.6164, val_mae 16.2228, val_rmse 20.7316, val_r2 0.4282, val_pearson 0.6579, lr 1.00e-06 ---
2026-10-01 00:18:07,959 - INFO - 
****************************************************************************************************
2026-10-01 00:18:09,221 - INFO - --- training epoch 271, loss 15.3259, mae 15.8181, rmse 20.4218, time elapsed(min) 0.01---
2026-10-01 00:18:09,394 - INFO - --- validation at epoch 271, val_loss 16.6157, val_mae 16.2234, val_rmse 20.7318, val_r2 0.4282, val_pearson 0.6579, lr 1.00e-06 ---
2026-10-01 00:18:09,395 - INFO - 
****************************************************************************************************
2026-10-01 00:18:10,659 - INFO - --- training epoch 272, loss 15.3775, mae 15.8690, rmse 20.3939, time elapsed(min) 0.01---
2026-10-01 00:18:10,831 - INFO - --- validation at epoch 272, val_loss 16.6194, val_mae 16.2310, val_rmse 20.7340, val_r2 0.4281, val_pearson 0.6579, lr 1.00e-06 ---
2026-10-01 00:18:10,831 - INFO - 
****************************************************************************************************
2026-10-01 00:18:12,022 - INFO - --- training epoch 273, loss 15.2950, mae 15.7882, rmse 20.4359, time elapsed(min) 0.01---
2026-10-01 00:18:12,179 - INFO - --- validation at epoch 273, val_loss 16.6217, val_mae 16.2277, val_rmse 20.7320, val_r2 0.4282, val_pearson 0.6580, lr 1.00e-06 ---
2026-10-01 00:18:12,179 - INFO - 
****************************************************************************************************
2026-10-01 00:18:13,235 - INFO - --- training epoch 274, loss 15.5967, mae 16.0869, rmse 20.8301, time elapsed(min) 0.01---
2026-10-01 00:18:13,415 - INFO - --- validation at epoch 274, val_loss 16.6773, val_mae 16.2615, val_rmse 20.7697, val_r2 0.4261, val_pearson 0.6568, lr 1.00e-06 ---
2026-10-01 00:18:13,415 - INFO - 
****************************************************************************************************
2026-10-01 00:18:14,440 - INFO - --- training epoch 275, loss 15.3407, mae 15.8326, rmse 20.5179, time elapsed(min) 0.01---
2026-10-01 00:18:14,601 - INFO - --- validation at epoch 275, val_loss 16.6808, val_mae 16.2707, val_rmse 20.7757, val_r2 0.4258, val_pearson 0.6566, lr 1.00e-06 ---
2026-10-01 00:18:14,601 - INFO - 
****************************************************************************************************
2026-10-01 00:18:15,838 - INFO - --- training epoch 276, loss 15.5113, mae 16.0036, rmse 20.5650, time elapsed(min) 0.01---
2026-10-01 00:18:16,005 - INFO - --- validation at epoch 276, val_loss 16.6697, val_mae 16.2632, val_rmse 20.7660, val_r2 0.4263, val_pearson 0.6570, lr 1.00e-06 ---
2026-10-01 00:18:16,005 - INFO - 
****************************************************************************************************
2026-10-01 00:18:17,262 - INFO - --- training epoch 277, loss 15.3457, mae 15.8376, rmse 20.4628, time elapsed(min) 0.01---
2026-10-01 00:18:17,438 - INFO - --- validation at epoch 277, val_loss 16.6670, val_mae 16.2581, val_rmse 20.7638, val_r2 0.4264, val_pearson 0.6570, lr 1.00e-06 ---
2026-10-01 00:18:17,438 - INFO - 
****************************************************************************************************
2026-10-01 00:18:18,840 - INFO - --- training epoch 278, loss 15.1722, mae 15.6642, rmse 20.3911, time elapsed(min) 0.02---
2026-10-01 00:18:19,007 - INFO - --- validation at epoch 278, val_loss 16.6426, val_mae 16.2422, val_rmse 20.7456, val_r2 0.4274, val_pearson 0.6577, lr 1.00e-06 ---
2026-10-01 00:18:19,008 - INFO - 
****************************************************************************************************
2026-10-01 00:18:20,058 - INFO - --- training epoch 279, loss 15.4908, mae 15.9832, rmse 20.6238, time elapsed(min) 0.01---
2026-10-01 00:18:20,224 - INFO - --- validation at epoch 279, val_loss 16.6711, val_mae 16.2621, val_rmse 20.7629, val_r2 0.4265, val_pearson 0.6572, lr 1.00e-06 ---
2026-10-01 00:18:20,224 - INFO - 
****************************************************************************************************
2026-10-01 00:18:21,260 - INFO - --- training epoch 280, loss 15.3310, mae 15.8228, rmse 20.3342, time elapsed(min) 0.01---
2026-10-01 00:18:21,422 - INFO - --- validation at epoch 280, val_loss 16.6373, val_mae 16.2397, val_rmse 20.7357, val_r2 0.4280, val_pearson 0.6582, lr 1.00e-06 ---
2026-10-01 00:18:21,422 - INFO - 
****************************************************************************************************
2026-10-01 00:18:22,661 - INFO - --- training epoch 281, loss 15.4650, mae 15.9573, rmse 20.6346, time elapsed(min) 0.01---
2026-10-01 00:18:22,825 - INFO - --- validation at epoch 281, val_loss 16.6317, val_mae 16.2357, val_rmse 20.7272, val_r2 0.4284, val_pearson 0.6584, lr 1.00e-06 ---
2026-10-01 00:18:22,825 - INFO - 
****************************************************************************************************
2026-10-01 00:18:24,058 - INFO - --- training epoch 282, loss 15.3981, mae 15.8899, rmse 20.5994, time elapsed(min) 0.01---
2026-10-01 00:18:24,222 - INFO - --- validation at epoch 282, val_loss 16.6537, val_mae 16.2501, val_rmse 20.7387, val_r2 0.4278, val_pearson 0.6581, lr 1.00e-06 ---
2026-10-01 00:18:24,222 - INFO - 
****************************************************************************************************
2026-10-01 00:18:25,510 - INFO - --- training epoch 283, loss 15.3492, mae 15.8409, rmse 20.5021, time elapsed(min) 0.02---
2026-10-01 00:18:25,859 - INFO - --- validation at epoch 283, val_loss 16.6324, val_mae 16.2335, val_rmse 20.7211, val_r2 0.4288, val_pearson 0.6586, lr 1.00e-06 ---
2026-10-01 00:18:25,859 - INFO - 
****************************************************************************************************
2026-10-01 00:18:27,092 - INFO - --- training epoch 284, loss 15.3337, mae 15.8266, rmse 20.5338, time elapsed(min) 0.01---
2026-10-01 00:18:27,273 - INFO - --- validation at epoch 284, val_loss 16.6091, val_mae 16.2163, val_rmse 20.7070, val_r2 0.4295, val_pearson 0.6590, lr 1.00e-06 ---
2026-10-01 00:18:27,273 - INFO - 
****************************************************************************************************
2026-10-01 00:18:28,395 - INFO - --- training epoch 285, loss 15.3024, mae 15.7951, rmse 20.5084, time elapsed(min) 0.01---
2026-10-01 00:18:28,544 - INFO - --- validation at epoch 285, val_loss 16.6131, val_mae 16.2172, val_rmse 20.7046, val_r2 0.4297, val_pearson 0.6591, lr 1.00e-06 ---
2026-10-01 00:18:28,544 - INFO - 
****************************************************************************************************
2026-10-01 00:18:29,585 - INFO - --- training epoch 286, loss 15.2149, mae 15.7065, rmse 20.3244, time elapsed(min) 0.01---
2026-10-01 00:18:29,769 - INFO - --- validation at epoch 286, val_loss 16.6030, val_mae 16.2105, val_rmse 20.6960, val_r2 0.4302, val_pearson 0.6594, lr 1.00e-06 ---
2026-10-01 00:18:29,769 - INFO - 
****************************************************************************************************
2026-10-01 00:18:31,102 - INFO - --- training epoch 287, loss 15.4704, mae 15.9642, rmse 20.5920, time elapsed(min) 0.01---
2026-10-01 00:18:31,268 - INFO - --- validation at epoch 287, val_loss 16.5962, val_mae 16.2044, val_rmse 20.6915, val_r2 0.4304, val_pearson 0.6596, lr 1.00e-06 ---
2026-10-01 00:18:31,268 - INFO - 
****************************************************************************************************
2026-10-01 00:18:32,611 - INFO - --- training epoch 288, loss 15.3199, mae 15.8119, rmse 20.4090, time elapsed(min) 0.01---
2026-10-01 00:18:32,775 - INFO - --- validation at epoch 288, val_loss 16.6122, val_mae 16.2187, val_rmse 20.7082, val_r2 0.4295, val_pearson 0.6591, lr 1.00e-06 ---
2026-10-01 00:18:32,776 - INFO - 
****************************************************************************************************
2026-10-01 00:18:34,044 - INFO - --- training epoch 289, loss 15.3253, mae 15.8156, rmse 20.5572, time elapsed(min) 0.01---
2026-10-01 00:18:34,450 - INFO - --- validation at epoch 289, val_loss 16.6009, val_mae 16.2069, val_rmse 20.7013, val_r2 0.4299, val_pearson 0.6592, lr 1.00e-06 ---
2026-10-01 00:18:34,450 - INFO - 
****************************************************************************************************
2026-10-01 00:18:35,651 - INFO - --- training epoch 290, loss 15.5393, mae 16.0318, rmse 20.5260, time elapsed(min) 0.01---
2026-10-01 00:18:35,828 - INFO - --- validation at epoch 290, val_loss 16.5957, val_mae 16.2002, val_rmse 20.6933, val_r2 0.4303, val_pearson 0.6594, lr 1.00e-06 ---
2026-10-01 00:18:35,828 - INFO - 
****************************************************************************************************
2026-10-01 00:18:36,940 - INFO - --- training epoch 291, loss 15.4281, mae 15.9202, rmse 20.5176, time elapsed(min) 0.01---
2026-10-01 00:18:37,108 - INFO - --- validation at epoch 291, val_loss 16.6466, val_mae 16.2312, val_rmse 20.7211, val_r2 0.4288, val_pearson 0.6585, lr 1.00e-06 ---
2026-10-01 00:18:37,109 - INFO - 
****************************************************************************************************
2026-10-01 00:18:38,471 - INFO - --- training epoch 292, loss 15.3856, mae 15.8781, rmse 20.5864, time elapsed(min) 0.02---
2026-10-01 00:18:38,636 - INFO - --- validation at epoch 292, val_loss 16.6663, val_mae 16.2417, val_rmse 20.7371, val_r2 0.4279, val_pearson 0.6579, lr 1.00e-06 ---
2026-10-01 00:18:38,636 - INFO - 
****************************************************************************************************
2026-10-01 00:18:39,971 - INFO - --- training epoch 293, loss 15.5647, mae 16.0579, rmse 20.6766, time elapsed(min) 0.02---
2026-10-01 00:18:40,141 - INFO - --- validation at epoch 293, val_loss 16.6739, val_mae 16.2486, val_rmse 20.7498, val_r2 0.4272, val_pearson 0.6574, lr 1.00e-06 ---
2026-10-01 00:18:40,141 - INFO - 
****************************************************************************************************
2026-10-01 00:18:41,389 - INFO - --- training epoch 294, loss 15.3940, mae 15.8859, rmse 20.6419, time elapsed(min) 0.01---
2026-10-01 00:18:41,555 - INFO - --- validation at epoch 294, val_loss 16.6784, val_mae 16.2503, val_rmse 20.7503, val_r2 0.4272, val_pearson 0.6574, lr 1.00e-06 ---
2026-10-01 00:18:41,556 - INFO - 
****************************************************************************************************
2026-10-01 00:18:42,743 - INFO - --- training epoch 295, loss 15.5291, mae 16.0203, rmse 20.6993, time elapsed(min) 0.01---
2026-10-01 00:18:42,922 - INFO - --- validation at epoch 295, val_loss 16.6721, val_mae 16.2446, val_rmse 20.7442, val_r2 0.4275, val_pearson 0.6576, lr 1.00e-06 ---
2026-10-01 00:18:42,922 - INFO - 
****************************************************************************************************
2026-10-01 00:18:43,953 - INFO - --- training epoch 296, loss 15.3235, mae 15.8170, rmse 20.4052, time elapsed(min) 0.01---
2026-10-01 00:18:44,111 - INFO - --- validation at epoch 296, val_loss 16.6719, val_mae 16.2519, val_rmse 20.7592, val_r2 0.4267, val_pearson 0.6571, lr 1.00e-06 ---
2026-10-01 00:18:44,111 - INFO - 
****************************************************************************************************
2026-10-01 00:18:45,134 - INFO - --- training epoch 297, loss 15.5068, mae 15.9995, rmse 20.7614, time elapsed(min) 0.01---
2026-10-01 00:18:45,303 - INFO - --- validation at epoch 297, val_loss 16.6708, val_mae 16.2475, val_rmse 20.7573, val_r2 0.4268, val_pearson 0.6571, lr 1.00e-06 ---
2026-10-01 00:18:45,303 - INFO - 
****************************************************************************************************
2026-10-01 00:18:46,543 - INFO - --- training epoch 298, loss 15.3675, mae 15.8601, rmse 20.5485, time elapsed(min) 0.01---
2026-10-01 00:18:46,707 - INFO - --- validation at epoch 298, val_loss 16.6565, val_mae 16.2275, val_rmse 20.7290, val_r2 0.4283, val_pearson 0.6581, lr 1.00e-06 ---
2026-10-01 00:18:46,707 - INFO - 
****************************************************************************************************
2026-10-01 00:18:47,945 - INFO - --- training epoch 299, loss 15.4110, mae 15.9031, rmse 20.4520, time elapsed(min) 0.01---
2026-10-01 00:18:48,115 - INFO - --- validation at epoch 299, val_loss 16.6621, val_mae 16.2346, val_rmse 20.7444, val_r2 0.4275, val_pearson 0.6575, lr 1.00e-06 ---
2026-10-01 00:18:48,115 - INFO - 
****************************************************************************************************
2026-10-01 00:18:49,377 - INFO - --- training epoch 300, loss 15.4614, mae 15.9545, rmse 20.4758, time elapsed(min) 0.01---
2026-10-01 00:18:49,747 - INFO - --- validation at epoch 300, val_loss 16.6600, val_mae 16.2455, val_rmse 20.7652, val_r2 0.4263, val_pearson 0.6569, lr 1.00e-06 ---
2026-10-01 00:18:49,747 - INFO - 
****************************************************************************************************
2026-10-01 00:18:50,931 - INFO - --- training epoch 301, loss 15.1707, mae 15.6619, rmse 20.3496, time elapsed(min) 0.01---
2026-10-01 00:18:51,109 - INFO - --- validation at epoch 301, val_loss 16.6709, val_mae 16.2395, val_rmse 20.7549, val_r2 0.4269, val_pearson 0.6572, lr 1.00e-06 ---
2026-10-01 00:18:51,109 - INFO - 
****************************************************************************************************
2026-10-01 00:18:52,158 - INFO - --- training epoch 302, loss 15.6085, mae 16.1003, rmse 20.7465, time elapsed(min) 0.01---
2026-10-01 00:18:52,324 - INFO - --- validation at epoch 302, val_loss 16.6642, val_mae 16.2325, val_rmse 20.7474, val_r2 0.4273, val_pearson 0.6574, lr 1.00e-06 ---
2026-10-01 00:18:52,324 - INFO - 
****************************************************************************************************
2026-10-01 00:18:53,529 - INFO - --- training epoch 303, loss 15.2492, mae 15.7413, rmse 20.4250, time elapsed(min) 0.01---
2026-10-01 00:18:53,693 - INFO - --- validation at epoch 303, val_loss 16.6828, val_mae 16.2498, val_rmse 20.7717, val_r2 0.4260, val_pearson 0.6566, lr 1.00e-06 ---
2026-10-01 00:18:53,693 - INFO - 
****************************************************************************************************
2026-10-01 00:18:54,939 - INFO - --- training epoch 304, loss 15.3391, mae 15.8335, rmse 20.3668, time elapsed(min) 0.01---
2026-10-01 00:18:55,114 - INFO - --- validation at epoch 304, val_loss 16.6751, val_mae 16.2455, val_rmse 20.7652, val_r2 0.4263, val_pearson 0.6569, lr 1.00e-06 ---
2026-10-01 00:18:55,114 - INFO - 
****************************************************************************************************
2026-10-01 00:18:56,356 - INFO - --- training epoch 305, loss 15.6257, mae 16.1190, rmse 20.6824, time elapsed(min) 0.01---
2026-10-01 00:18:56,525 - INFO - --- validation at epoch 305, val_loss 16.6500, val_mae 16.2172, val_rmse 20.7304, val_r2 0.4283, val_pearson 0.6580, lr 1.00e-06 ---
2026-10-01 00:18:56,525 - INFO - 
****************************************************************************************************
2026-10-01 00:18:57,827 - INFO - --- training epoch 306, loss 15.2751, mae 15.7665, rmse 20.3401, time elapsed(min) 0.02---
2026-10-01 00:18:58,223 - INFO - --- validation at epoch 306, val_loss 16.6390, val_mae 16.2033, val_rmse 20.7209, val_r2 0.4288, val_pearson 0.6582, lr 1.00e-06 ---
2026-10-01 00:18:58,223 - INFO - 
****************************************************************************************************
2026-10-01 00:18:59,439 - INFO - --- training epoch 307, loss 15.0723, mae 15.5633, rmse 20.3280, time elapsed(min) 0.01---
2026-10-01 00:18:59,607 - INFO - --- validation at epoch 307, val_loss 16.6343, val_mae 16.2058, val_rmse 20.7209, val_r2 0.4288, val_pearson 0.6583, lr 1.00e-06 ---
2026-10-01 00:18:59,608 - INFO - 
****************************************************************************************************
2026-10-01 00:19:00,643 - INFO - --- training epoch 308, loss 15.1136, mae 15.6052, rmse 20.2472, time elapsed(min) 0.01---
2026-10-01 00:19:00,810 - INFO - --- validation at epoch 308, val_loss 16.5931, val_mae 16.1745, val_rmse 20.6903, val_r2 0.4305, val_pearson 0.6593, lr 1.00e-06 ---
2026-10-01 00:19:00,810 - INFO - 
****************************************************************************************************
2026-10-01 00:19:02,141 - INFO - --- training epoch 309, loss 15.3046, mae 15.7965, rmse 20.4654, time elapsed(min) 0.01---
2026-10-01 00:19:02,309 - INFO - --- validation at epoch 309, val_loss 16.5909, val_mae 16.1706, val_rmse 20.6873, val_r2 0.4306, val_pearson 0.6594, lr 1.00e-06 ---
2026-10-01 00:19:02,310 - INFO - 
****************************************************************************************************
2026-10-01 00:19:03,637 - INFO - --- training epoch 310, loss 15.2114, mae 15.7022, rmse 20.3864, time elapsed(min) 0.01---
2026-10-01 00:19:03,808 - INFO - --- validation at epoch 310, val_loss 16.5917, val_mae 16.1712, val_rmse 20.6868, val_r2 0.4307, val_pearson 0.6594, lr 1.00e-06 ---
2026-10-01 00:19:03,808 - INFO - 
****************************************************************************************************
2026-10-01 00:19:05,074 - INFO - --- training epoch 311, loss 15.4665, mae 15.9589, rmse 20.6625, time elapsed(min) 0.01---
2026-10-01 00:19:05,240 - INFO - --- validation at epoch 311, val_loss 16.6004, val_mae 16.1790, val_rmse 20.6911, val_r2 0.4304, val_pearson 0.6593, lr 1.00e-06 ---
2026-10-01 00:19:05,240 - INFO - 
****************************************************************************************************
2026-10-01 00:19:06,439 - INFO - --- training epoch 312, loss 15.2583, mae 15.7498, rmse 20.4897, time elapsed(min) 0.01---
2026-10-01 00:19:06,607 - INFO - --- validation at epoch 312, val_loss 16.5893, val_mae 16.1717, val_rmse 20.6807, val_r2 0.4310, val_pearson 0.6597, lr 1.00e-06 ---
2026-10-01 00:19:06,607 - INFO - 
****************************************************************************************************
2026-10-01 00:19:07,727 - INFO - --- training epoch 313, loss 15.4899, mae 15.9815, rmse 20.6696, time elapsed(min) 0.01---
2026-10-01 00:19:07,885 - INFO - --- validation at epoch 313, val_loss 16.5745, val_mae 16.1677, val_rmse 20.6728, val_r2 0.4314, val_pearson 0.6601, lr 1.00e-06 ---
2026-10-01 00:19:07,885 - INFO - 
****************************************************************************************************
2026-10-01 00:19:09,191 - INFO - --- training epoch 314, loss 15.2259, mae 15.7182, rmse 20.3221, time elapsed(min) 0.01---
2026-10-01 00:19:09,363 - INFO - --- validation at epoch 314, val_loss 16.5683, val_mae 16.1631, val_rmse 20.6630, val_r2 0.4320, val_pearson 0.6605, lr 1.00e-06 ---
2026-10-01 00:19:09,363 - INFO - 
****************************************************************************************************
2026-10-01 00:19:10,703 - INFO - --- training epoch 315, loss 15.3078, mae 15.8008, rmse 20.4019, time elapsed(min) 0.01---
2026-10-01 00:19:10,867 - INFO - --- validation at epoch 315, val_loss 16.5661, val_mae 16.1649, val_rmse 20.6632, val_r2 0.4320, val_pearson 0.6606, lr 1.00e-06 ---
2026-10-01 00:19:10,867 - INFO - 
****************************************************************************************************
2026-10-01 00:19:12,196 - INFO - --- training epoch 316, loss 15.1407, mae 15.6332, rmse 20.2181, time elapsed(min) 0.01---
2026-10-01 00:19:12,359 - INFO - --- validation at epoch 316, val_loss 16.5650, val_mae 16.1676, val_rmse 20.6611, val_r2 0.4321, val_pearson 0.6608, lr 1.00e-06 ---
2026-10-01 00:19:12,359 - INFO - 
****************************************************************************************************
2026-10-01 00:19:13,863 - INFO - --- training epoch 317, loss 15.2188, mae 15.7112, rmse 20.2307, time elapsed(min) 0.02---
2026-10-01 00:19:14,033 - INFO - --- validation at epoch 317, val_loss 16.5628, val_mae 16.1612, val_rmse 20.6532, val_r2 0.4325, val_pearson 0.6610, lr 1.00e-06 ---
2026-10-01 00:19:14,033 - INFO - 
****************************************************************************************************
2026-10-01 00:19:15,184 - INFO - --- training epoch 318, loss 15.1916, mae 15.6837, rmse 20.2721, time elapsed(min) 0.01---
2026-10-01 00:19:15,352 - INFO - --- validation at epoch 318, val_loss 16.5587, val_mae 16.1540, val_rmse 20.6477, val_r2 0.4328, val_pearson 0.6612, lr 1.00e-06 ---
2026-10-01 00:19:15,352 - INFO - 
****************************************************************************************************
2026-10-01 00:19:16,615 - INFO - --- training epoch 319, loss 15.1886, mae 15.6794, rmse 20.4620, time elapsed(min) 0.01---
2026-10-01 00:19:16,782 - INFO - --- validation at epoch 319, val_loss 16.5587, val_mae 16.1493, val_rmse 20.6447, val_r2 0.4330, val_pearson 0.6613, lr 1.00e-06 ---
2026-10-01 00:19:16,782 - INFO - 
****************************************************************************************************
2026-10-01 00:19:17,996 - INFO - --- training epoch 320, loss 15.3809, mae 15.8736, rmse 20.4241, time elapsed(min) 0.01---
2026-10-01 00:19:18,161 - INFO - --- validation at epoch 320, val_loss 16.5495, val_mae 16.1408, val_rmse 20.6386, val_r2 0.4333, val_pearson 0.6615, lr 1.00e-06 ---
2026-10-01 00:19:18,161 - INFO - 
****************************************************************************************************
2026-10-01 00:19:19,502 - INFO - --- training epoch 321, loss 15.1946, mae 15.6885, rmse 20.2968, time elapsed(min) 0.01---
2026-10-01 00:19:19,667 - INFO - --- validation at epoch 321, val_loss 16.5429, val_mae 16.1366, val_rmse 20.6341, val_r2 0.4336, val_pearson 0.6618, lr 1.00e-06 ---
2026-10-01 00:19:19,667 - INFO - 
****************************************************************************************************
2026-10-01 00:19:21,017 - INFO - --- training epoch 322, loss 15.1630, mae 15.6567, rmse 20.2355, time elapsed(min) 0.01---
2026-10-01 00:19:21,353 - INFO - --- validation at epoch 322, val_loss 16.5465, val_mae 16.1492, val_rmse 20.6463, val_r2 0.4329, val_pearson 0.6615, lr 1.00e-06 ---
2026-10-01 00:19:21,353 - INFO - 
****************************************************************************************************
2026-10-01 00:19:22,552 - INFO - --- training epoch 323, loss 15.2988, mae 15.7904, rmse 20.3624, time elapsed(min) 0.01---
2026-10-01 00:19:22,739 - INFO - --- validation at epoch 323, val_loss 16.5539, val_mae 16.1497, val_rmse 20.6499, val_r2 0.4327, val_pearson 0.6613, lr 1.00e-06 ---
2026-10-01 00:19:22,739 - INFO - 
****************************************************************************************************
2026-10-01 00:19:23,778 - INFO - --- training epoch 324, loss 15.1263, mae 15.6175, rmse 20.2795, time elapsed(min) 0.01---
2026-10-01 00:19:23,943 - INFO - --- validation at epoch 324, val_loss 16.5522, val_mae 16.1405, val_rmse 20.6442, val_r2 0.4330, val_pearson 0.6614, lr 1.00e-06 ---
2026-10-01 00:19:23,943 - INFO - 
****************************************************************************************************
2026-10-01 00:19:25,189 - INFO - --- training epoch 325, loss 15.6242, mae 16.1148, rmse 20.8300, time elapsed(min) 0.01---
2026-10-01 00:19:25,361 - INFO - --- validation at epoch 325, val_loss 16.5415, val_mae 16.1248, val_rmse 20.6309, val_r2 0.4337, val_pearson 0.6618, lr 1.00e-06 ---
2026-10-01 00:19:25,361 - INFO - 
****************************************************************************************************
2026-10-01 00:19:26,719 - INFO - --- training epoch 326, loss 15.4502, mae 15.9436, rmse 20.6168, time elapsed(min) 0.01---
2026-10-01 00:19:26,893 - INFO - --- validation at epoch 326, val_loss 16.5461, val_mae 16.1318, val_rmse 20.6358, val_r2 0.4335, val_pearson 0.6617, lr 1.00e-06 ---
2026-10-01 00:19:26,893 - INFO - 
****************************************************************************************************
2026-10-01 00:19:28,162 - INFO - --- training epoch 327, loss 15.5041, mae 15.9968, rmse 20.6566, time elapsed(min) 0.01---
2026-10-01 00:19:28,331 - INFO - --- validation at epoch 327, val_loss 16.5571, val_mae 16.1305, val_rmse 20.6437, val_r2 0.4330, val_pearson 0.6613, lr 1.00e-06 ---
2026-10-01 00:19:28,331 - INFO - 
****************************************************************************************************
2026-10-01 00:19:29,721 - INFO - --- training epoch 328, loss 15.1323, mae 15.6255, rmse 20.3482, time elapsed(min) 0.02---
2026-10-01 00:19:29,891 - INFO - --- validation at epoch 328, val_loss 16.5629, val_mae 16.1196, val_rmse 20.6384, val_r2 0.4333, val_pearson 0.6613, lr 1.00e-06 ---
2026-10-01 00:19:29,891 - INFO - 
****************************************************************************************************
2026-10-01 00:19:30,928 - INFO - --- training epoch 329, loss 15.4111, mae 15.9018, rmse 20.6006, time elapsed(min) 0.01---
2026-10-01 00:19:31,095 - INFO - --- validation at epoch 329, val_loss 16.5733, val_mae 16.1243, val_rmse 20.6412, val_r2 0.4332, val_pearson 0.6612, lr 1.00e-06 ---
2026-10-01 00:19:31,095 - INFO - 
****************************************************************************************************
2026-10-01 00:19:32,286 - INFO - --- training epoch 330, loss 15.3754, mae 15.8692, rmse 20.6081, time elapsed(min) 0.01---
2026-10-01 00:19:32,453 - INFO - --- validation at epoch 330, val_loss 16.5728, val_mae 16.1343, val_rmse 20.6482, val_r2 0.4328, val_pearson 0.6610, lr 1.00e-06 ---
2026-10-01 00:19:32,453 - INFO - 
****************************************************************************************************
2026-10-01 00:19:33,829 - INFO - --- training epoch 331, loss 15.1120, mae 15.6038, rmse 20.2156, time elapsed(min) 0.02---
2026-10-01 00:19:33,999 - INFO - --- validation at epoch 331, val_loss 16.5683, val_mae 16.1366, val_rmse 20.6456, val_r2 0.4329, val_pearson 0.6611, lr 1.00e-06 ---
2026-10-01 00:19:33,999 - INFO - 
****************************************************************************************************
2026-10-01 00:19:35,260 - INFO - --- training epoch 332, loss 15.3706, mae 15.8614, rmse 20.4845, time elapsed(min) 0.01---
2026-10-01 00:19:35,426 - INFO - --- validation at epoch 332, val_loss 16.5635, val_mae 16.1352, val_rmse 20.6378, val_r2 0.4334, val_pearson 0.6615, lr 1.00e-06 ---
2026-10-01 00:19:35,426 - INFO - 
****************************************************************************************************
2026-10-01 00:19:36,815 - INFO - --- training epoch 333, loss 15.1601, mae 15.6499, rmse 20.2323, time elapsed(min) 0.02---
2026-10-01 00:19:36,985 - INFO - --- validation at epoch 333, val_loss 16.5609, val_mae 16.1276, val_rmse 20.6310, val_r2 0.4337, val_pearson 0.6616, lr 1.00e-06 ---
2026-10-01 00:19:36,985 - INFO - 
****************************************************************************************************
2026-10-01 00:19:38,021 - INFO - --- training epoch 334, loss 15.4818, mae 15.9752, rmse 20.5589, time elapsed(min) 0.01---
2026-10-01 00:19:38,186 - INFO - --- validation at epoch 334, val_loss 16.5571, val_mae 16.1301, val_rmse 20.6301, val_r2 0.4338, val_pearson 0.6617, lr 1.00e-06 ---
2026-10-01 00:19:38,186 - INFO - 
****************************************************************************************************
2026-10-01 00:19:39,235 - INFO - --- training epoch 335, loss 15.4180, mae 15.9109, rmse 20.4203, time elapsed(min) 0.01---
2026-10-01 00:19:39,399 - INFO - --- validation at epoch 335, val_loss 16.5545, val_mae 16.1174, val_rmse 20.6224, val_r2 0.4342, val_pearson 0.6619, lr 1.00e-06 ---
2026-10-01 00:19:39,399 - INFO - 
****************************************************************************************************
2026-10-01 00:19:40,654 - INFO - --- training epoch 336, loss 15.2750, mae 15.7663, rmse 20.4316, time elapsed(min) 0.01---
2026-10-01 00:19:40,827 - INFO - --- validation at epoch 336, val_loss 16.5517, val_mae 16.1053, val_rmse 20.6154, val_r2 0.4346, val_pearson 0.6620, lr 1.00e-06 ---
2026-10-01 00:19:40,827 - INFO - 
****************************************************************************************************
2026-10-01 00:19:42,236 - INFO - --- training epoch 337, loss 15.3874, mae 15.8797, rmse 20.5111, time elapsed(min) 0.02---
2026-10-01 00:19:42,412 - INFO - --- validation at epoch 337, val_loss 16.5491, val_mae 16.1055, val_rmse 20.6144, val_r2 0.4346, val_pearson 0.6621, lr 1.00e-06 ---
2026-10-01 00:19:42,412 - INFO - 
****************************************************************************************************
2026-10-01 00:19:43,681 - INFO - --- training epoch 338, loss 15.3790, mae 15.8706, rmse 20.2941, time elapsed(min) 0.01---
2026-10-01 00:19:44,068 - INFO - --- validation at epoch 338, val_loss 16.5455, val_mae 16.1101, val_rmse 20.6129, val_r2 0.4347, val_pearson 0.6622, lr 1.00e-06 ---
2026-10-01 00:19:44,068 - INFO - 
****************************************************************************************************
2026-10-01 00:19:45,274 - INFO - --- training epoch 339, loss 15.3247, mae 15.8159, rmse 20.5964, time elapsed(min) 0.01---
2026-10-01 00:19:45,453 - INFO - --- validation at epoch 339, val_loss 16.5477, val_mae 16.1107, val_rmse 20.6127, val_r2 0.4347, val_pearson 0.6623, lr 1.00e-06 ---
2026-10-01 00:19:45,453 - INFO - 
****************************************************************************************************
2026-10-01 00:19:46,486 - INFO - --- training epoch 340, loss 15.4103, mae 15.9009, rmse 20.5332, time elapsed(min) 0.01---
2026-10-01 00:19:46,654 - INFO - --- validation at epoch 340, val_loss 16.5571, val_mae 16.1187, val_rmse 20.6219, val_r2 0.4342, val_pearson 0.6620, lr 1.00e-06 ---
2026-10-01 00:19:46,654 - INFO - 
****************************************************************************************************
2026-10-01 00:19:47,688 - INFO - --- training epoch 341, loss 15.2542, mae 15.7458, rmse 20.2805, time elapsed(min) 0.01---
2026-10-01 00:19:47,856 - INFO - --- validation at epoch 341, val_loss 16.5653, val_mae 16.1233, val_rmse 20.6268, val_r2 0.4340, val_pearson 0.6619, lr 1.00e-06 ---
2026-10-01 00:19:47,857 - INFO - 
****************************************************************************************************
2026-10-01 00:19:49,118 - INFO - --- training epoch 342, loss 15.2906, mae 15.7815, rmse 20.4355, time elapsed(min) 0.01---
2026-10-01 00:19:49,283 - INFO - --- validation at epoch 342, val_loss 16.5782, val_mae 16.1347, val_rmse 20.6376, val_r2 0.4334, val_pearson 0.6616, lr 1.00e-06 ---
2026-10-01 00:19:49,283 - INFO - 
****************************************************************************************************
2026-10-01 00:19:50,548 - INFO - --- training epoch 343, loss 15.4789, mae 15.9715, rmse 20.6142, time elapsed(min) 0.01---
2026-10-01 00:19:50,933 - INFO - --- validation at epoch 343, val_loss 16.5754, val_mae 16.1357, val_rmse 20.6340, val_r2 0.4336, val_pearson 0.6619, lr 1.00e-06 ---
2026-10-01 00:19:50,933 - INFO - 
****************************************************************************************************
2026-10-01 00:19:52,141 - INFO - --- training epoch 344, loss 15.5437, mae 16.0374, rmse 20.6321, time elapsed(min) 0.01---
2026-10-01 00:19:52,306 - INFO - --- validation at epoch 344, val_loss 16.5733, val_mae 16.1346, val_rmse 20.6295, val_r2 0.4338, val_pearson 0.6621, lr 1.00e-06 ---
2026-10-01 00:19:52,306 - INFO - 
****************************************************************************************************
2026-10-01 00:19:53,351 - INFO - --- training epoch 345, loss 15.6343, mae 16.1278, rmse 20.8212, time elapsed(min) 0.01---
2026-10-01 00:19:53,515 - INFO - --- validation at epoch 345, val_loss 16.5797, val_mae 16.1264, val_rmse 20.6253, val_r2 0.4340, val_pearson 0.6621, lr 1.00e-06 ---
2026-10-01 00:19:53,515 - INFO - 
****************************************************************************************************
2026-10-01 00:19:54,552 - INFO - --- training epoch 346, loss 15.2852, mae 15.7773, rmse 20.4426, time elapsed(min) 0.01---
2026-10-01 00:19:54,716 - INFO - --- validation at epoch 346, val_loss 16.5792, val_mae 16.1263, val_rmse 20.6241, val_r2 0.4341, val_pearson 0.6621, lr 1.00e-06 ---
2026-10-01 00:19:54,717 - INFO - 
****************************************************************************************************
2026-10-01 00:19:55,971 - INFO - --- training epoch 347, loss 15.2971, mae 15.7912, rmse 20.3346, time elapsed(min) 0.01---
2026-10-01 00:19:56,140 - INFO - --- validation at epoch 347, val_loss 16.5785, val_mae 16.1268, val_rmse 20.6227, val_r2 0.4342, val_pearson 0.6621, lr 1.00e-06 ---
2026-10-01 00:19:56,140 - INFO - 
****************************************************************************************************
2026-10-01 00:19:57,412 - INFO - --- training epoch 348, loss 15.2358, mae 15.7283, rmse 20.2255, time elapsed(min) 0.01---
2026-10-01 00:19:57,576 - INFO - --- validation at epoch 348, val_loss 16.5674, val_mae 16.1234, val_rmse 20.6195, val_r2 0.4344, val_pearson 0.6623, lr 1.00e-06 ---
2026-10-01 00:19:57,576 - INFO - 
****************************************************************************************************
2026-10-01 00:19:59,016 - INFO - --- training epoch 349, loss 15.3222, mae 15.8134, rmse 20.4513, time elapsed(min) 0.02---
2026-10-01 00:19:59,177 - INFO - --- validation at epoch 349, val_loss 16.5776, val_mae 16.1273, val_rmse 20.6242, val_r2 0.4341, val_pearson 0.6621, lr 1.00e-06 ---
2026-10-01 00:19:59,177 - INFO - 
****************************************************************************************************
2026-10-01 00:20:00,238 - INFO - --- training epoch 350, loss 15.0282, mae 15.5213, rmse 20.0947, time elapsed(min) 0.01---
2026-10-01 00:20:00,400 - INFO - --- validation at epoch 350, val_loss 16.5681, val_mae 16.1247, val_rmse 20.6203, val_r2 0.4343, val_pearson 0.6624, lr 1.00e-06 ---
2026-10-01 00:20:00,400 - INFO - 
****************************************************************************************************
2026-10-01 00:20:01,447 - INFO - --- training epoch 351, loss 15.1440, mae 15.6348, rmse 20.2242, time elapsed(min) 0.01---
2026-10-01 00:20:01,611 - INFO - --- validation at epoch 351, val_loss 16.5628, val_mae 16.1269, val_rmse 20.6214, val_r2 0.4343, val_pearson 0.6624, lr 1.00e-06 ---
2026-10-01 00:20:01,611 - INFO - 
****************************************************************************************************
2026-10-01 00:20:02,853 - INFO - --- training epoch 352, loss 15.4012, mae 15.8928, rmse 20.6169, time elapsed(min) 0.01---
2026-10-01 00:20:03,021 - INFO - --- validation at epoch 352, val_loss 16.5688, val_mae 16.1284, val_rmse 20.6252, val_r2 0.4340, val_pearson 0.6623, lr 1.00e-06 ---
2026-10-01 00:20:03,021 - INFO - 
****************************************************************************************************
2026-10-01 00:20:04,406 - INFO - --- training epoch 353, loss 15.8381, mae 16.3293, rmse 21.0093, time elapsed(min) 0.02---
2026-10-01 00:20:04,587 - INFO - --- validation at epoch 353, val_loss 16.5712, val_mae 16.1230, val_rmse 20.6243, val_r2 0.4341, val_pearson 0.6622, lr 1.00e-06 ---
2026-10-01 00:20:04,587 - INFO - 
****************************************************************************************************
2026-10-01 00:20:06,023 - INFO - --- training epoch 354, loss 15.6741, mae 16.1674, rmse 20.7234, time elapsed(min) 0.02---
2026-10-01 00:20:06,199 - INFO - --- validation at epoch 354, val_loss 16.5649, val_mae 16.1235, val_rmse 20.6238, val_r2 0.4341, val_pearson 0.6622, lr 1.00e-06 ---
2026-10-01 00:20:06,199 - INFO - 
****************************************************************************************************
2026-10-01 00:20:07,260 - INFO - --- training epoch 355, loss 15.2317, mae 15.7211, rmse 20.2893, time elapsed(min) 0.01---
2026-10-01 00:20:07,424 - INFO - --- validation at epoch 355, val_loss 16.5634, val_mae 16.1236, val_rmse 20.6229, val_r2 0.4342, val_pearson 0.6623, lr 1.00e-06 ---
2026-10-01 00:20:07,424 - INFO - 
****************************************************************************************************
2026-10-01 00:20:08,666 - INFO - --- training epoch 356, loss 15.1517, mae 15.6445, rmse 20.1987, time elapsed(min) 0.01---
2026-10-01 00:20:08,846 - INFO - --- validation at epoch 356, val_loss 16.5525, val_mae 16.1112, val_rmse 20.6150, val_r2 0.4346, val_pearson 0.6626, lr 1.00e-06 ---
2026-10-01 00:20:08,846 - INFO - 
****************************************************************************************************
2026-10-01 00:20:10,222 - INFO - --- training epoch 357, loss 15.4181, mae 15.9099, rmse 20.6817, time elapsed(min) 0.02---
2026-10-01 00:20:10,386 - INFO - --- validation at epoch 357, val_loss 16.5508, val_mae 16.1218, val_rmse 20.6143, val_r2 0.4346, val_pearson 0.6627, lr 1.00e-06 ---
2026-10-01 00:20:10,386 - INFO - 
****************************************************************************************************
2026-10-01 00:20:11,666 - INFO - --- training epoch 358, loss 15.5607, mae 16.0540, rmse 20.6100, time elapsed(min) 0.01---
2026-10-01 00:20:11,839 - INFO - --- validation at epoch 358, val_loss 16.5474, val_mae 16.1149, val_rmse 20.6040, val_r2 0.4352, val_pearson 0.6630, lr 1.00e-06 ---
2026-10-01 00:20:11,839 - INFO - 
****************************************************************************************************
2026-10-01 00:20:13,094 - INFO - --- training epoch 359, loss 15.0485, mae 15.5402, rmse 20.2276, time elapsed(min) 0.01---
2026-10-01 00:20:13,481 - INFO - --- validation at epoch 359, val_loss 16.5543, val_mae 16.1169, val_rmse 20.6108, val_r2 0.4348, val_pearson 0.6627, lr 1.00e-06 ---
2026-10-01 00:20:13,482 - INFO - 
****************************************************************************************************
2026-10-01 00:20:14,703 - INFO - --- training epoch 360, loss 15.5525, mae 16.0449, rmse 20.6897, time elapsed(min) 0.01---
2026-10-01 00:20:14,873 - INFO - --- validation at epoch 360, val_loss 16.5614, val_mae 16.1238, val_rmse 20.6169, val_r2 0.4345, val_pearson 0.6625, lr 1.00e-06 ---
2026-10-01 00:20:14,874 - INFO - 
****************************************************************************************************
2026-10-01 00:20:15,912 - INFO - --- training epoch 361, loss 15.6243, mae 16.1165, rmse 20.7639, time elapsed(min) 0.01---
2026-10-01 00:20:16,074 - INFO - --- validation at epoch 361, val_loss 16.5592, val_mae 16.1182, val_rmse 20.6136, val_r2 0.4347, val_pearson 0.6625, lr 1.00e-06 ---
2026-10-01 00:20:16,074 - INFO - 
****************************************************************************************************
2026-10-01 00:20:17,323 - INFO - --- training epoch 362, loss 15.3389, mae 15.8296, rmse 20.5281, time elapsed(min) 0.01---
2026-10-01 00:20:17,491 - INFO - --- validation at epoch 362, val_loss 16.5617, val_mae 16.1233, val_rmse 20.6227, val_r2 0.4342, val_pearson 0.6623, lr 1.00e-06 ---
2026-10-01 00:20:17,491 - INFO - 
****************************************************************************************************
2026-10-01 00:20:18,746 - INFO - --- training epoch 363, loss 15.3494, mae 15.8404, rmse 20.5225, time elapsed(min) 0.01---
2026-10-01 00:20:18,921 - INFO - --- validation at epoch 363, val_loss 16.5560, val_mae 16.1134, val_rmse 20.6149, val_r2 0.4346, val_pearson 0.6626, lr 1.00e-06 ---
2026-10-01 00:20:18,921 - INFO - 
****************************************************************************************************
2026-10-01 00:20:20,174 - INFO - --- training epoch 364, loss 15.2406, mae 15.7334, rmse 20.4570, time elapsed(min) 0.01---
2026-10-01 00:20:20,585 - INFO - --- validation at epoch 364, val_loss 16.5537, val_mae 16.0995, val_rmse 20.5990, val_r2 0.4355, val_pearson 0.6631, lr 1.00e-06 ---
2026-10-01 00:20:20,585 - INFO - 
****************************************************************************************************
2026-10-01 00:20:21,751 - INFO - --- training epoch 365, loss 15.2392, mae 15.7295, rmse 20.5357, time elapsed(min) 0.01---
2026-10-01 00:20:21,919 - INFO - --- validation at epoch 365, val_loss 16.5490, val_mae 16.0851, val_rmse 20.5862, val_r2 0.4362, val_pearson 0.6634, lr 1.00e-06 ---
2026-10-01 00:20:21,919 - INFO - 
****************************************************************************************************
2026-10-01 00:20:22,971 - INFO - --- training epoch 366, loss 15.3473, mae 15.8406, rmse 20.4807, time elapsed(min) 0.01---
2026-10-01 00:20:23,138 - INFO - --- validation at epoch 366, val_loss 16.5432, val_mae 16.0854, val_rmse 20.5873, val_r2 0.4361, val_pearson 0.6634, lr 1.00e-06 ---
2026-10-01 00:20:23,138 - INFO - 
****************************************************************************************************
2026-10-01 00:20:24,494 - INFO - --- training epoch 367, loss 15.4608, mae 15.9536, rmse 20.5213, time elapsed(min) 0.02---
2026-10-01 00:20:24,657 - INFO - --- validation at epoch 367, val_loss 16.5397, val_mae 16.0895, val_rmse 20.5905, val_r2 0.4360, val_pearson 0.6634, lr 1.00e-06 ---
2026-10-01 00:20:24,657 - INFO - 
****************************************************************************************************
2026-10-01 00:20:26,007 - INFO - --- training epoch 368, loss 15.3213, mae 15.8139, rmse 20.3523, time elapsed(min) 0.01---
2026-10-01 00:20:26,177 - INFO - --- validation at epoch 368, val_loss 16.5453, val_mae 16.1040, val_rmse 20.6014, val_r2 0.4354, val_pearson 0.6631, lr 1.00e-06 ---
2026-10-01 00:20:26,177 - INFO - 
****************************************************************************************************
2026-10-01 00:20:27,420 - INFO - --- training epoch 369, loss 15.3885, mae 15.8808, rmse 20.4426, time elapsed(min) 0.01---
2026-10-01 00:20:27,584 - INFO - --- validation at epoch 369, val_loss 16.5475, val_mae 16.1048, val_rmse 20.6017, val_r2 0.4353, val_pearson 0.6632, lr 1.00e-06 ---
2026-10-01 00:20:27,584 - INFO - 
****************************************************************************************************
2026-10-01 00:20:28,781 - INFO - --- training epoch 370, loss 15.2970, mae 15.7878, rmse 20.4244, time elapsed(min) 0.01---
2026-10-01 00:20:28,954 - INFO - --- validation at epoch 370, val_loss 16.5508, val_mae 16.0942, val_rmse 20.5941, val_r2 0.4358, val_pearson 0.6634, lr 1.00e-06 ---
2026-10-01 00:20:28,954 - INFO - 
****************************************************************************************************
2026-10-01 00:20:30,015 - INFO - --- training epoch 371, loss 15.2288, mae 15.7211, rmse 20.4073, time elapsed(min) 0.01---
2026-10-01 00:20:30,190 - INFO - --- validation at epoch 371, val_loss 16.5472, val_mae 16.0942, val_rmse 20.5923, val_r2 0.4358, val_pearson 0.6635, lr 1.00e-06 ---
2026-10-01 00:20:30,190 - INFO - 
****************************************************************************************************
2026-10-01 00:20:31,230 - INFO - --- training epoch 372, loss 15.2934, mae 15.7842, rmse 20.3805, time elapsed(min) 0.01---
2026-10-01 00:20:31,393 - INFO - --- validation at epoch 372, val_loss 16.5370, val_mae 16.0914, val_rmse 20.5896, val_r2 0.4360, val_pearson 0.6636, lr 1.00e-06 ---
2026-10-01 00:20:31,393 - INFO - 
****************************************************************************************************
2026-10-01 00:20:32,840 - INFO - --- training epoch 373, loss 15.1507, mae 15.6406, rmse 20.3077, time elapsed(min) 0.02---
2026-10-01 00:20:33,002 - INFO - --- validation at epoch 373, val_loss 16.5379, val_mae 16.0810, val_rmse 20.5828, val_r2 0.4364, val_pearson 0.6638, lr 1.00e-06 ---
2026-10-01 00:20:33,002 - INFO - 
****************************************************************************************************
2026-10-01 00:20:34,263 - INFO - --- training epoch 374, loss 15.3204, mae 15.8117, rmse 20.3326, time elapsed(min) 0.01---
2026-10-01 00:20:34,437 - INFO - --- validation at epoch 374, val_loss 16.5358, val_mae 16.0775, val_rmse 20.5758, val_r2 0.4368, val_pearson 0.6640, lr 1.00e-06 ---
2026-10-01 00:20:34,437 - INFO - 
****************************************************************************************************
2026-10-01 00:20:35,720 - INFO - --- training epoch 375, loss 15.2927, mae 15.7849, rmse 20.4243, time elapsed(min) 0.01---
2026-10-01 00:20:35,892 - INFO - --- validation at epoch 375, val_loss 16.5411, val_mae 16.0737, val_rmse 20.5708, val_r2 0.4370, val_pearson 0.6641, lr 1.00e-06 ---
2026-10-01 00:20:35,892 - INFO - 
****************************************************************************************************
2026-10-01 00:20:36,967 - INFO - --- training epoch 376, loss 15.4201, mae 15.9113, rmse 20.5135, time elapsed(min) 0.01---
2026-10-01 00:20:37,133 - INFO - --- validation at epoch 376, val_loss 16.5526, val_mae 16.0683, val_rmse 20.5656, val_r2 0.4373, val_pearson 0.6642, lr 1.00e-06 ---
2026-10-01 00:20:37,133 - INFO - 
****************************************************************************************************
2026-10-01 00:20:38,187 - INFO - --- training epoch 377, loss 15.4623, mae 15.9550, rmse 20.5004, time elapsed(min) 0.01---
2026-10-01 00:20:38,357 - INFO - --- validation at epoch 377, val_loss 16.5593, val_mae 16.0702, val_rmse 20.5630, val_r2 0.4375, val_pearson 0.6642, lr 1.00e-06 ---
2026-10-01 00:20:38,357 - INFO - 
****************************************************************************************************
2026-10-01 00:20:39,591 - INFO - --- training epoch 378, loss 15.5452, mae 16.0376, rmse 20.6776, time elapsed(min) 0.01---
2026-10-01 00:20:39,755 - INFO - --- validation at epoch 378, val_loss 16.5666, val_mae 16.0738, val_rmse 20.5658, val_r2 0.4373, val_pearson 0.6641, lr 1.00e-06 ---
2026-10-01 00:20:39,755 - INFO - 
****************************************************************************************************
2026-10-01 00:20:40,992 - INFO - --- training epoch 379, loss 15.1366, mae 15.6286, rmse 20.2758, time elapsed(min) 0.01---
2026-10-01 00:20:41,153 - INFO - --- validation at epoch 379, val_loss 16.5728, val_mae 16.0796, val_rmse 20.5682, val_r2 0.4372, val_pearson 0.6641, lr 1.00e-06 ---
2026-10-01 00:20:41,153 - INFO - 
****************************************************************************************************
2026-10-01 00:20:42,416 - INFO - --- training epoch 380, loss 15.2336, mae 15.7261, rmse 20.3460, time elapsed(min) 0.01---
2026-10-01 00:20:42,591 - INFO - --- validation at epoch 380, val_loss 16.5719, val_mae 16.0854, val_rmse 20.5723, val_r2 0.4369, val_pearson 0.6641, lr 1.00e-06 ---
2026-10-01 00:20:42,591 - INFO - 
****************************************************************************************************
2026-10-01 00:20:43,781 - INFO - --- training epoch 381, loss 15.4256, mae 15.9172, rmse 20.6167, time elapsed(min) 0.01---
2026-10-01 00:20:43,954 - INFO - --- validation at epoch 381, val_loss 16.5613, val_mae 16.0813, val_rmse 20.5676, val_r2 0.4372, val_pearson 0.6643, lr 1.00e-06 ---
2026-10-01 00:20:43,954 - INFO - 
****************************************************************************************************
2026-10-01 00:20:45,016 - INFO - --- training epoch 382, loss 15.2037, mae 15.6950, rmse 20.4098, time elapsed(min) 0.01---
2026-10-01 00:20:45,199 - INFO - --- validation at epoch 382, val_loss 16.5462, val_mae 16.0757, val_rmse 20.5557, val_r2 0.4379, val_pearson 0.6648, lr 1.00e-06 ---
2026-10-01 00:20:45,199 - INFO - 
****************************************************************************************************
2026-10-01 00:20:46,241 - INFO - --- training epoch 383, loss 15.5227, mae 16.0140, rmse 20.7242, time elapsed(min) 0.01---
2026-10-01 00:20:46,406 - INFO - --- validation at epoch 383, val_loss 16.5534, val_mae 16.0732, val_rmse 20.5613, val_r2 0.4375, val_pearson 0.6645, lr 1.00e-06 ---
2026-10-01 00:20:46,407 - INFO - 
****************************************************************************************************
2026-10-01 00:20:47,660 - INFO - --- training epoch 384, loss 15.5059, mae 15.9978, rmse 20.5692, time elapsed(min) 0.01---
2026-10-01 00:20:47,832 - INFO - --- validation at epoch 384, val_loss 16.5470, val_mae 16.0685, val_rmse 20.5566, val_r2 0.4378, val_pearson 0.6647, lr 1.00e-06 ---
2026-10-01 00:20:47,832 - INFO - 
****************************************************************************************************
2026-10-01 00:20:49,110 - INFO - --- training epoch 385, loss 15.2026, mae 15.6948, rmse 20.3579, time elapsed(min) 0.01---
2026-10-01 00:20:49,282 - INFO - --- validation at epoch 385, val_loss 16.5371, val_mae 16.0685, val_rmse 20.5528, val_r2 0.4380, val_pearson 0.6649, lr 1.00e-06 ---
2026-10-01 00:20:49,282 - INFO - 
****************************************************************************************************
2026-10-01 00:20:50,702 - INFO - --- training epoch 386, loss 15.2088, mae 15.7002, rmse 20.3096, time elapsed(min) 0.02---
2026-10-01 00:20:50,870 - INFO - --- validation at epoch 386, val_loss 16.5323, val_mae 16.0676, val_rmse 20.5486, val_r2 0.4382, val_pearson 0.6649, lr 1.00e-06 ---
2026-10-01 00:20:50,870 - INFO - 
****************************************************************************************************
2026-10-01 00:20:52,006 - INFO - --- training epoch 387, loss 15.4401, mae 15.9305, rmse 20.4671, time elapsed(min) 0.01---
2026-10-01 00:20:52,175 - INFO - --- validation at epoch 387, val_loss 16.5363, val_mae 16.0719, val_rmse 20.5561, val_r2 0.4378, val_pearson 0.6646, lr 1.00e-06 ---
2026-10-01 00:20:52,175 - INFO - 
****************************************************************************************************
2026-10-01 00:20:53,365 - INFO - --- training epoch 388, loss 15.4623, mae 15.9555, rmse 20.6266, time elapsed(min) 0.01---
2026-10-01 00:20:53,534 - INFO - --- validation at epoch 388, val_loss 16.5409, val_mae 16.0679, val_rmse 20.5559, val_r2 0.4378, val_pearson 0.6646, lr 1.00e-06 ---
2026-10-01 00:20:53,534 - INFO - 
****************************************************************************************************
2026-10-01 00:20:54,779 - INFO - --- training epoch 389, loss 15.3502, mae 15.8417, rmse 20.4397, time elapsed(min) 0.01---
2026-10-01 00:20:54,946 - INFO - --- validation at epoch 389, val_loss 16.5475, val_mae 16.0638, val_rmse 20.5556, val_r2 0.4379, val_pearson 0.6646, lr 1.00e-06 ---
2026-10-01 00:20:54,946 - INFO - 
****************************************************************************************************
2026-10-01 00:20:56,326 - INFO - --- training epoch 390, loss 15.2998, mae 15.7928, rmse 20.5272, time elapsed(min) 0.02---
2026-10-01 00:20:56,487 - INFO - --- validation at epoch 390, val_loss 16.5464, val_mae 16.0667, val_rmse 20.5597, val_r2 0.4376, val_pearson 0.6645, lr 1.00e-06 ---
2026-10-01 00:20:56,487 - INFO - 
****************************************************************************************************
2026-10-01 00:20:57,772 - INFO - --- training epoch 391, loss 15.5730, mae 16.0660, rmse 20.7675, time elapsed(min) 0.01---
2026-10-01 00:20:58,150 - INFO - --- validation at epoch 391, val_loss 16.5402, val_mae 16.0679, val_rmse 20.5608, val_r2 0.4376, val_pearson 0.6646, lr 1.00e-06 ---
2026-10-01 00:20:58,150 - INFO - 
****************************************************************************************************
2026-10-01 00:20:59,336 - INFO - --- training epoch 392, loss 15.4707, mae 15.9656, rmse 20.4877, time elapsed(min) 0.01---
2026-10-01 00:20:59,506 - INFO - --- validation at epoch 392, val_loss 16.5344, val_mae 16.0669, val_rmse 20.5588, val_r2 0.4377, val_pearson 0.6647, lr 1.00e-06 ---
2026-10-01 00:20:59,507 - INFO - 
****************************************************************************************************
2026-10-01 00:21:00,560 - INFO - --- training epoch 393, loss 15.5173, mae 16.0077, rmse 20.7061, time elapsed(min) 0.01---
2026-10-01 00:21:00,743 - INFO - --- validation at epoch 393, val_loss 16.5363, val_mae 16.0614, val_rmse 20.5548, val_r2 0.4379, val_pearson 0.6649, lr 1.00e-06 ---
2026-10-01 00:21:00,743 - INFO - 
****************************************************************************************************
2026-10-01 00:21:01,966 - INFO - --- training epoch 394, loss 15.2286, mae 15.7184, rmse 20.2688, time elapsed(min) 0.01---
2026-10-01 00:21:02,134 - INFO - --- validation at epoch 394, val_loss 16.5472, val_mae 16.0614, val_rmse 20.5561, val_r2 0.4378, val_pearson 0.6647, lr 1.00e-06 ---
2026-10-01 00:21:02,134 - INFO - 
****************************************************************************************************
2026-10-01 00:21:03,376 - INFO - --- training epoch 395, loss 15.3942, mae 15.8885, rmse 20.4730, time elapsed(min) 0.01---
2026-10-01 00:21:03,537 - INFO - --- validation at epoch 395, val_loss 16.5424, val_mae 16.0571, val_rmse 20.5499, val_r2 0.4382, val_pearson 0.6650, lr 1.00e-06 ---
2026-10-01 00:21:03,537 - INFO - 
****************************************************************************************************
2026-10-01 00:21:04,801 - INFO - --- training epoch 396, loss 15.3237, mae 15.8155, rmse 20.3842, time elapsed(min) 0.01---
2026-10-01 00:21:04,968 - INFO - --- validation at epoch 396, val_loss 16.5429, val_mae 16.0649, val_rmse 20.5525, val_r2 0.4380, val_pearson 0.6650, lr 1.00e-06 ---
2026-10-01 00:21:04,969 - INFO - 
****************************************************************************************************
2026-10-01 00:21:06,168 - INFO - --- training epoch 397, loss 15.3634, mae 15.8547, rmse 20.5466, time elapsed(min) 0.01---
2026-10-01 00:21:06,326 - INFO - --- validation at epoch 397, val_loss 16.5340, val_mae 16.0695, val_rmse 20.5532, val_r2 0.4380, val_pearson 0.6651, lr 1.00e-06 ---
2026-10-01 00:21:06,326 - INFO - 
****************************************************************************************************
2026-10-01 00:21:07,381 - INFO - --- training epoch 398, loss 15.2522, mae 15.7431, rmse 20.4169, time elapsed(min) 0.01---
2026-10-01 00:21:07,544 - INFO - --- validation at epoch 398, val_loss 16.5328, val_mae 16.0744, val_rmse 20.5600, val_r2 0.4376, val_pearson 0.6649, lr 1.00e-06 ---
2026-10-01 00:21:07,544 - INFO - 
****************************************************************************************************
2026-10-01 00:21:08,737 - INFO - --- training epoch 399, loss 15.3304, mae 15.8218, rmse 20.5093, time elapsed(min) 0.01---
2026-10-01 00:21:08,912 - INFO - --- validation at epoch 399, val_loss 16.5369, val_mae 16.0683, val_rmse 20.5547, val_r2 0.4379, val_pearson 0.6651, lr 1.00e-06 ---
2026-10-01 00:21:08,912 - INFO - 
****************************************************************************************************
2026-10-01 00:21:09,498 - INFO - --- selected checkpoint from epoch 386, val_loss 16.5323, val_mae 16.0676, val_rmse 20.5486
2026-10-01 00:21:09,943 - INFO - -- RESULT
2026-10-01 00:21:09,943 - INFO - --- test size: 1187
2026-10-01 00:21:09,943 - INFO - --- MAE: 15.1290 pp, RMSE: 19.7309 pp, R2: 0.4834, Pearson: 0.6969
2026-10-01 00:21:11,252 - INFO - --- Buchwald-Hartwig | fullcv09_split70 | ind_mlp: test R2 0.4834 MAE 15.1290 RMSE 19.7309 | 561.9s (1.4s/epoch)
2026-10-01 00:21:11,256 - INFO - --- Buchwald-Hartwig | fullcv10_split70 | current model (ind/linear) (ind/linear)
