2026-10-01 07:49:27,922 - INFO - device is	cuda:0
2026-10-01 07:49:28,028 - INFO - -- CONFIGURATIONS
2026-10-01 07:49:28,028 - INFO - --- train/valid/test: 3628/404/1728
2026-10-01 07:49:28,028 - INFO - --- max no. reactants_train, valid, test respectively: 14, 14, 14
2026-10-01 07:49:28,028 - INFO - --- max no. products_train, valid, test respectively: 1, 1, 1
2026-10-01 07:49:28,028 - INFO - --- model_path: ../logs/approach2_grid_suzuki/e400/runs/Suzuki-Miyaura_split_2_ind_mlp/model.pt
2026-10-01 07:49:28,035 - INFO - -- TRAINING
2026-10-01 07:49:29,355 - INFO - --- training epoch 0, loss 0.5409, mae 0.8277, rmse 2.0605, time elapsed(min) 0.02---
2026-10-01 07:49:29,558 - INFO - --- validation at epoch 0, val_loss 0.0487, val_mae 0.2437, val_rmse 0.3090, val_r2 -0.2264, val_pearson 0.2874, lr 1.00e-03 ---
2026-10-01 07:49:29,558 - INFO - 
****************************************************************************************************
2026-10-01 07:49:31,181 - INFO - --- training epoch 1, loss 0.0420, mae 0.2474, rmse 0.2897, time elapsed(min) 0.02---
2026-10-01 07:49:31,402 - INFO - --- validation at epoch 1, val_loss 0.0373, val_mae 0.2355, val_rmse 0.2738, val_r2 0.0372, val_pearson 0.3175, lr 1.00e-03 ---
2026-10-01 07:49:31,402 - INFO - 
****************************************************************************************************
2026-10-01 07:49:33,002 - INFO - --- training epoch 2, loss 0.0389, mae 0.2396, rmse 0.2789, time elapsed(min) 0.02---
2026-10-01 07:49:33,328 - INFO - --- validation at epoch 2, val_loss 0.0391, val_mae 0.2305, val_rmse 0.2782, val_r2 0.0057, val_pearson 0.3557, lr 1.00e-03 ---
2026-10-01 07:49:33,328 - INFO - 
****************************************************************************************************
2026-10-01 07:49:35,052 - INFO - --- training epoch 3, loss 0.0380, mae 0.2368, rmse 0.2757, time elapsed(min) 0.02---
2026-10-01 07:49:35,258 - INFO - --- validation at epoch 3, val_loss 0.0388, val_mae 0.2286, val_rmse 0.2764, val_r2 0.0183, val_pearson 0.3642, lr 1.00e-03 ---
2026-10-01 07:49:35,258 - INFO - 
****************************************************************************************************
2026-10-01 07:49:36,786 - INFO - --- training epoch 4, loss 0.0374, mae 0.2333, rmse 0.2733, time elapsed(min) 0.02---
2026-10-01 07:49:36,991 - INFO - --- validation at epoch 4, val_loss 0.0378, val_mae 0.2279, val_rmse 0.2732, val_r2 0.0414, val_pearson 0.3730, lr 1.00e-03 ---
2026-10-01 07:49:36,991 - INFO - 
****************************************************************************************************
2026-10-01 07:49:38,532 - INFO - --- training epoch 5, loss 0.0370, mae 0.2322, rmse 0.2720, time elapsed(min) 0.02---
2026-10-01 07:49:38,756 - INFO - --- validation at epoch 5, val_loss 0.0403, val_mae 0.2296, val_rmse 0.2808, val_r2 -0.0127, val_pearson 0.3682, lr 1.00e-03 ---
2026-10-01 07:49:38,756 - INFO - 
****************************************************************************************************
2026-10-01 07:49:40,406 - INFO - --- training epoch 6, loss 0.0369, mae 0.2318, rmse 0.2718, time elapsed(min) 0.02---
2026-10-01 07:49:40,764 - INFO - --- validation at epoch 6, val_loss 0.0358, val_mae 0.2247, val_rmse 0.2656, val_r2 0.0940, val_pearson 0.3778, lr 1.00e-03 ---
2026-10-01 07:49:40,764 - INFO - 
****************************************************************************************************
2026-10-01 07:49:42,675 - INFO - --- training epoch 7, loss 0.0364, mae 0.2305, rmse 0.2699, time elapsed(min) 0.02---
2026-10-01 07:49:42,881 - INFO - --- validation at epoch 7, val_loss 0.0345, val_mae 0.2237, val_rmse 0.2606, val_r2 0.1274, val_pearson 0.3717, lr 1.00e-03 ---
2026-10-01 07:49:42,882 - INFO - 
****************************************************************************************************
2026-10-01 07:49:44,514 - INFO - --- training epoch 8, loss 0.0358, mae 0.2285, rmse 0.2676, time elapsed(min) 0.02---
2026-10-01 07:49:44,732 - INFO - --- validation at epoch 8, val_loss 0.0340, val_mae 0.2213, val_rmse 0.2588, val_r2 0.1395, val_pearson 0.3860, lr 1.00e-03 ---
2026-10-01 07:49:44,732 - INFO - 
****************************************************************************************************
2026-10-01 07:49:46,378 - INFO - --- training epoch 9, loss 0.0342, mae 0.2188, rmse 0.2615, time elapsed(min) 0.02---
2026-10-01 07:49:46,776 - INFO - --- validation at epoch 9, val_loss 0.0327, val_mae 0.2077, val_rmse 0.2543, val_r2 0.1692, val_pearson 0.4395, lr 1.00e-03 ---
2026-10-01 07:49:46,776 - INFO - 
****************************************************************************************************
2026-10-01 07:49:48,520 - INFO - --- training epoch 10, loss 0.0314, mae 0.2050, rmse 0.2505, time elapsed(min) 0.02---
2026-10-01 07:49:48,725 - INFO - --- validation at epoch 10, val_loss 0.0299, val_mae 0.2026, val_rmse 0.2456, val_r2 0.2251, val_pearson 0.4934, lr 1.00e-03 ---
2026-10-01 07:49:48,725 - INFO - 
****************************************************************************************************
2026-10-01 07:49:50,360 - INFO - --- training epoch 11, loss 0.0312, mae 0.2037, rmse 0.2496, time elapsed(min) 0.02---
2026-10-01 07:49:50,584 - INFO - --- validation at epoch 11, val_loss 0.0304, val_mae 0.2015, val_rmse 0.2454, val_r2 0.2263, val_pearson 0.4858, lr 1.00e-03 ---
2026-10-01 07:49:50,584 - INFO - 
****************************************************************************************************
2026-10-01 07:49:52,152 - INFO - --- training epoch 12, loss 0.0296, mae 0.1982, rmse 0.2433, time elapsed(min) 0.02---
2026-10-01 07:49:52,490 - INFO - --- validation at epoch 12, val_loss 0.0293, val_mae 0.1974, val_rmse 0.2418, val_r2 0.2491, val_pearson 0.5343, lr 1.00e-03 ---
2026-10-01 07:49:52,490 - INFO - 
****************************************************************************************************
2026-10-01 07:49:54,328 - INFO - --- training epoch 13, loss 0.0295, mae 0.1971, rmse 0.2429, time elapsed(min) 0.02---
2026-10-01 07:49:54,529 - INFO - --- validation at epoch 13, val_loss 0.0310, val_mae 0.2004, val_rmse 0.2470, val_r2 0.2162, val_pearson 0.5324, lr 1.00e-03 ---
2026-10-01 07:49:54,529 - INFO - 
****************************************************************************************************
2026-10-01 07:49:56,068 - INFO - --- training epoch 14, loss 0.0288, mae 0.1937, rmse 0.2398, time elapsed(min) 0.02---
2026-10-01 07:49:56,275 - INFO - --- validation at epoch 14, val_loss 0.0277, val_mae 0.1936, val_rmse 0.2332, val_r2 0.3013, val_pearson 0.5865, lr 1.00e-03 ---
2026-10-01 07:49:56,275 - INFO - 
****************************************************************************************************
2026-10-01 07:49:57,962 - INFO - --- training epoch 15, loss 0.0251, mae 0.1793, rmse 0.2239, time elapsed(min) 0.02---
2026-10-01 07:49:58,180 - INFO - --- validation at epoch 15, val_loss 0.0207, val_mae 0.1685, val_rmse 0.2022, val_r2 0.4750, val_pearson 0.7139, lr 1.00e-03 ---
2026-10-01 07:49:58,180 - INFO - 
****************************************************************************************************
2026-10-01 07:49:59,926 - INFO - --- training epoch 16, loss 0.0235, mae 0.1739, rmse 0.2166, time elapsed(min) 0.02---
2026-10-01 07:50:00,333 - INFO - --- validation at epoch 16, val_loss 0.0183, val_mae 0.1558, val_rmse 0.1919, val_r2 0.5269, val_pearson 0.7353, lr 1.00e-03 ---
2026-10-01 07:50:00,333 - INFO - 
****************************************************************************************************
2026-10-01 07:50:02,134 - INFO - --- training epoch 17, loss 0.0212, mae 0.1636, rmse 0.2058, time elapsed(min) 0.02---
2026-10-01 07:50:02,339 - INFO - --- validation at epoch 17, val_loss 0.0211, val_mae 0.1634, val_rmse 0.2007, val_r2 0.4825, val_pearson 0.7374, lr 1.00e-03 ---
2026-10-01 07:50:02,339 - INFO - 
****************************************************************************************************
2026-10-01 07:50:03,913 - INFO - --- training epoch 18, loss 0.0233, mae 0.1723, rmse 0.2157, time elapsed(min) 0.02---
2026-10-01 07:50:04,132 - INFO - --- validation at epoch 18, val_loss 0.0192, val_mae 0.1666, val_rmse 0.1965, val_r2 0.5040, val_pearson 0.7364, lr 1.00e-03 ---
2026-10-01 07:50:04,132 - INFO - 
****************************************************************************************************
2026-10-01 07:50:05,753 - INFO - --- training epoch 19, loss 0.0218, mae 0.1662, rmse 0.2090, time elapsed(min) 0.02---
2026-10-01 07:50:06,117 - INFO - --- validation at epoch 19, val_loss 0.0208, val_mae 0.1584, val_rmse 0.2017, val_r2 0.4774, val_pearson 0.7683, lr 1.00e-03 ---
2026-10-01 07:50:06,117 - INFO - 
****************************************************************************************************
2026-10-01 07:50:07,887 - INFO - --- training epoch 20, loss 0.0204, mae 0.1593, rmse 0.2019, time elapsed(min) 0.02---
2026-10-01 07:50:08,093 - INFO - --- validation at epoch 20, val_loss 0.0194, val_mae 0.1556, val_rmse 0.1945, val_r2 0.5140, val_pearson 0.7683, lr 1.00e-03 ---
2026-10-01 07:50:08,093 - INFO - 
****************************************************************************************************
2026-10-01 07:50:09,650 - INFO - --- training epoch 21, loss 0.0197, mae 0.1575, rmse 0.1986, time elapsed(min) 0.02---
2026-10-01 07:50:09,874 - INFO - --- validation at epoch 21, val_loss 0.0167, val_mae 0.1419, val_rmse 0.1800, val_r2 0.5838, val_pearson 0.7924, lr 1.00e-03 ---
2026-10-01 07:50:09,874 - INFO - 
****************************************************************************************************
2026-10-01 07:50:11,504 - INFO - --- training epoch 22, loss 0.0198, mae 0.1567, rmse 0.1990, time elapsed(min) 0.02---
2026-10-01 07:50:11,826 - INFO - --- validation at epoch 22, val_loss 0.0194, val_mae 0.1540, val_rmse 0.1920, val_r2 0.5262, val_pearson 0.7890, lr 1.00e-03 ---
2026-10-01 07:50:11,826 - INFO - 
****************************************************************************************************
2026-10-01 07:50:13,651 - INFO - --- training epoch 23, loss 0.0195, mae 0.1552, rmse 0.1973, time elapsed(min) 0.03---
2026-10-01 07:50:13,853 - INFO - --- validation at epoch 23, val_loss 0.0167, val_mae 0.1466, val_rmse 0.1824, val_r2 0.5728, val_pearson 0.7820, lr 1.00e-03 ---
2026-10-01 07:50:13,853 - INFO - 
****************************************************************************************************
2026-10-01 07:50:15,416 - INFO - --- training epoch 24, loss 0.0192, mae 0.1546, rmse 0.1960, time elapsed(min) 0.02---
2026-10-01 07:50:15,620 - INFO - --- validation at epoch 24, val_loss 0.0161, val_mae 0.1409, val_rmse 0.1763, val_r2 0.6007, val_pearson 0.8013, lr 1.00e-03 ---
2026-10-01 07:50:15,620 - INFO - 
****************************************************************************************************
2026-10-01 07:50:17,365 - INFO - --- training epoch 25, loss 0.0193, mae 0.1540, rmse 0.1967, time elapsed(min) 0.02---
2026-10-01 07:50:17,569 - INFO - --- validation at epoch 25, val_loss 0.0173, val_mae 0.1418, val_rmse 0.1815, val_r2 0.5769, val_pearson 0.7982, lr 1.00e-03 ---
2026-10-01 07:50:17,569 - INFO - 
****************************************************************************************************
2026-10-01 07:50:19,221 - INFO - --- training epoch 26, loss 0.0181, mae 0.1481, rmse 0.1900, time elapsed(min) 0.02---
2026-10-01 07:50:19,695 - INFO - --- validation at epoch 26, val_loss 0.0157, val_mae 0.1385, val_rmse 0.1754, val_r2 0.6048, val_pearson 0.8020, lr 1.00e-03 ---
2026-10-01 07:50:19,695 - INFO - 
****************************************************************************************************
2026-10-01 07:50:21,427 - INFO - --- training epoch 27, loss 0.0183, mae 0.1488, rmse 0.1912, time elapsed(min) 0.02---
2026-10-01 07:50:21,629 - INFO - --- validation at epoch 27, val_loss 0.0152, val_mae 0.1353, val_rmse 0.1706, val_r2 0.6263, val_pearson 0.8093, lr 1.00e-03 ---
2026-10-01 07:50:21,629 - INFO - 
****************************************************************************************************
2026-10-01 07:50:23,283 - INFO - --- training epoch 28, loss 0.0188, mae 0.1518, rmse 0.1942, time elapsed(min) 0.02---
2026-10-01 07:50:23,495 - INFO - --- validation at epoch 28, val_loss 0.0168, val_mae 0.1431, val_rmse 0.1820, val_r2 0.5743, val_pearson 0.8018, lr 1.00e-03 ---
2026-10-01 07:50:23,495 - INFO - 
****************************************************************************************************
2026-10-01 07:50:25,153 - INFO - --- training epoch 29, loss 0.0178, mae 0.1475, rmse 0.1886, time elapsed(min) 0.02---
2026-10-01 07:50:25,526 - INFO - --- validation at epoch 29, val_loss 0.0159, val_mae 0.1364, val_rmse 0.1755, val_r2 0.6042, val_pearson 0.8115, lr 1.00e-03 ---
2026-10-01 07:50:25,526 - INFO - 
****************************************************************************************************
2026-10-01 07:50:27,202 - INFO - --- training epoch 30, loss 0.0176, mae 0.1466, rmse 0.1876, time elapsed(min) 0.02---
2026-10-01 07:50:27,411 - INFO - --- validation at epoch 30, val_loss 0.0150, val_mae 0.1361, val_rmse 0.1695, val_r2 0.6309, val_pearson 0.8141, lr 1.00e-03 ---
2026-10-01 07:50:27,411 - INFO - 
****************************************************************************************************
2026-10-01 07:50:29,050 - INFO - --- training epoch 31, loss 0.0186, mae 0.1506, rmse 0.1930, time elapsed(min) 0.02---
2026-10-01 07:50:29,295 - INFO - --- validation at epoch 31, val_loss 0.0149, val_mae 0.1379, val_rmse 0.1701, val_r2 0.6284, val_pearson 0.8119, lr 1.00e-03 ---
2026-10-01 07:50:29,295 - INFO - 
****************************************************************************************************
2026-10-01 07:50:31,014 - INFO - --- training epoch 32, loss 0.0176, mae 0.1460, rmse 0.1877, time elapsed(min) 0.02---
2026-10-01 07:50:31,343 - INFO - --- validation at epoch 32, val_loss 0.0162, val_mae 0.1365, val_rmse 0.1766, val_r2 0.5993, val_pearson 0.8070, lr 1.00e-03 ---
2026-10-01 07:50:31,343 - INFO - 
****************************************************************************************************
2026-10-01 07:50:33,151 - INFO - --- training epoch 33, loss 0.0171, mae 0.1437, rmse 0.1852, time elapsed(min) 0.03---
2026-10-01 07:50:33,356 - INFO - --- validation at epoch 33, val_loss 0.0154, val_mae 0.1353, val_rmse 0.1720, val_r2 0.6202, val_pearson 0.8097, lr 1.00e-03 ---
2026-10-01 07:50:33,356 - INFO - 
****************************************************************************************************
2026-10-01 07:50:34,905 - INFO - --- training epoch 34, loss 0.0180, mae 0.1475, rmse 0.1895, time elapsed(min) 0.02---
2026-10-01 07:50:35,143 - INFO - --- validation at epoch 34, val_loss 0.0146, val_mae 0.1322, val_rmse 0.1669, val_r2 0.6421, val_pearson 0.8149, lr 1.00e-03 ---
2026-10-01 07:50:35,143 - INFO - 
****************************************************************************************************
2026-10-01 07:50:36,781 - INFO - --- training epoch 35, loss 0.0170, mae 0.1428, rmse 0.1844, time elapsed(min) 0.02---
2026-10-01 07:50:37,111 - INFO - --- validation at epoch 35, val_loss 0.0153, val_mae 0.1354, val_rmse 0.1715, val_r2 0.6222, val_pearson 0.8084, lr 1.00e-03 ---
2026-10-01 07:50:37,112 - INFO - 
****************************************************************************************************
2026-10-01 07:50:38,873 - INFO - --- training epoch 36, loss 0.0181, mae 0.1480, rmse 0.1905, time elapsed(min) 0.02---
2026-10-01 07:50:39,076 - INFO - --- validation at epoch 36, val_loss 0.0142, val_mae 0.1309, val_rmse 0.1648, val_r2 0.6512, val_pearson 0.8146, lr 1.00e-03 ---
2026-10-01 07:50:39,076 - INFO - 
****************************************************************************************************
2026-10-01 07:50:40,728 - INFO - --- training epoch 37, loss 0.0177, mae 0.1460, rmse 0.1880, time elapsed(min) 0.02---
2026-10-01 07:50:40,938 - INFO - --- validation at epoch 37, val_loss 0.0139, val_mae 0.1286, val_rmse 0.1630, val_r2 0.6588, val_pearson 0.8182, lr 1.00e-03 ---
2026-10-01 07:50:40,939 - INFO - 
****************************************************************************************************
2026-10-01 07:50:42,614 - INFO - --- training epoch 38, loss 0.0168, mae 0.1419, rmse 0.1836, time elapsed(min) 0.02---
2026-10-01 07:50:42,939 - INFO - --- validation at epoch 38, val_loss 0.0145, val_mae 0.1311, val_rmse 0.1682, val_r2 0.6366, val_pearson 0.8182, lr 1.00e-03 ---
2026-10-01 07:50:42,939 - INFO - 
****************************************************************************************************
2026-10-01 07:50:44,656 - INFO - --- training epoch 39, loss 0.0170, mae 0.1419, rmse 0.1842, time elapsed(min) 0.02---
2026-10-01 07:50:45,145 - INFO - --- validation at epoch 39, val_loss 0.0159, val_mae 0.1387, val_rmse 0.1739, val_r2 0.6114, val_pearson 0.8065, lr 1.00e-03 ---
2026-10-01 07:50:45,145 - INFO - 
****************************************************************************************************
2026-10-01 07:50:46,718 - INFO - --- training epoch 40, loss 0.0172, mae 0.1432, rmse 0.1856, time elapsed(min) 0.02---
2026-10-01 07:50:46,928 - INFO - --- validation at epoch 40, val_loss 0.0141, val_mae 0.1277, val_rmse 0.1621, val_r2 0.6624, val_pearson 0.8183, lr 1.00e-03 ---
2026-10-01 07:50:46,929 - INFO - 
****************************************************************************************************
2026-10-01 07:50:48,488 - INFO - --- training epoch 41, loss 0.0173, mae 0.1436, rmse 0.1862, time elapsed(min) 0.02---
2026-10-01 07:50:48,825 - INFO - --- validation at epoch 41, val_loss 0.0138, val_mae 0.1277, val_rmse 0.1633, val_r2 0.6574, val_pearson 0.8164, lr 1.00e-03 ---
2026-10-01 07:50:48,825 - INFO - 
****************************************************************************************************
2026-10-01 07:50:50,559 - INFO - --- training epoch 42, loss 0.0164, mae 0.1400, rmse 0.1809, time elapsed(min) 0.02---
2026-10-01 07:50:50,957 - INFO - --- validation at epoch 42, val_loss 0.0139, val_mae 0.1301, val_rmse 0.1650, val_r2 0.6503, val_pearson 0.8127, lr 1.00e-03 ---
2026-10-01 07:50:50,957 - INFO - 
****************************************************************************************************
2026-10-01 07:50:52,657 - INFO - --- training epoch 43, loss 0.0168, mae 0.1417, rmse 0.1834, time elapsed(min) 0.02---
2026-10-01 07:50:52,861 - INFO - --- validation at epoch 43, val_loss 0.0158, val_mae 0.1351, val_rmse 0.1729, val_r2 0.6158, val_pearson 0.8108, lr 1.00e-03 ---
2026-10-01 07:50:52,862 - INFO - 
****************************************************************************************************
2026-10-01 07:50:54,482 - INFO - --- training epoch 44, loss 0.0169, mae 0.1420, rmse 0.1838, time elapsed(min) 0.02---
2026-10-01 07:50:54,688 - INFO - --- validation at epoch 44, val_loss 0.0154, val_mae 0.1344, val_rmse 0.1729, val_r2 0.6161, val_pearson 0.8104, lr 1.00e-03 ---
2026-10-01 07:50:54,688 - INFO - 
****************************************************************************************************
2026-10-01 07:50:56,275 - INFO - --- training epoch 45, loss 0.0165, mae 0.1401, rmse 0.1817, time elapsed(min) 0.02---
2026-10-01 07:50:56,611 - INFO - --- validation at epoch 45, val_loss 0.0150, val_mae 0.1313, val_rmse 0.1693, val_r2 0.6318, val_pearson 0.8166, lr 1.00e-03 ---
2026-10-01 07:50:56,611 - INFO - 
****************************************************************************************************
2026-10-01 07:50:58,363 - INFO - --- training epoch 46, loss 0.0171, mae 0.1423, rmse 0.1849, time elapsed(min) 0.02---
2026-10-01 07:50:58,586 - INFO - --- validation at epoch 46, val_loss 0.0169, val_mae 0.1411, val_rmse 0.1805, val_r2 0.5814, val_pearson 0.8064, lr 1.00e-03 ---
2026-10-01 07:50:58,586 - INFO - 
****************************************************************************************************
2026-10-01 07:51:00,152 - INFO - --- training epoch 47, loss 0.0176, mae 0.1445, rmse 0.1878, time elapsed(min) 0.02---
2026-10-01 07:51:00,356 - INFO - --- validation at epoch 47, val_loss 0.0150, val_mae 0.1342, val_rmse 0.1709, val_r2 0.6250, val_pearson 0.7991, lr 1.00e-03 ---
2026-10-01 07:51:00,357 - INFO - 
****************************************************************************************************
2026-10-01 07:51:01,901 - INFO - --- training epoch 48, loss 0.0171, mae 0.1433, rmse 0.1849, time elapsed(min) 0.02---
2026-10-01 07:51:02,102 - INFO - --- validation at epoch 48, val_loss 0.0142, val_mae 0.1302, val_rmse 0.1670, val_r2 0.6418, val_pearson 0.8164, lr 1.00e-03 ---
2026-10-01 07:51:02,103 - INFO - 
****************************************************************************************************
2026-10-01 07:51:03,770 - INFO - --- training epoch 49, loss 0.0166, mae 0.1400, rmse 0.1824, time elapsed(min) 0.02---
2026-10-01 07:51:04,145 - INFO - --- validation at epoch 49, val_loss 0.0143, val_mae 0.1296, val_rmse 0.1658, val_r2 0.6467, val_pearson 0.8147, lr 1.00e-03 ---
2026-10-01 07:51:04,145 - INFO - 
****************************************************************************************************
2026-10-01 07:51:05,826 - INFO - --- training epoch 50, loss 0.0167, mae 0.1414, rmse 0.1825, time elapsed(min) 0.02---
2026-10-01 07:51:06,030 - INFO - --- validation at epoch 50, val_loss 0.0144, val_mae 0.1295, val_rmse 0.1657, val_r2 0.6475, val_pearson 0.8170, lr 1.00e-03 ---
2026-10-01 07:51:06,030 - INFO - 
****************************************************************************************************
2026-10-01 07:51:07,636 - INFO - --- training epoch 51, loss 0.0167, mae 0.1413, rmse 0.1827, time elapsed(min) 0.02---
2026-10-01 07:51:07,839 - INFO - --- validation at epoch 51, val_loss 0.0139, val_mae 0.1274, val_rmse 0.1623, val_r2 0.6615, val_pearson 0.8186, lr 1.00e-03 ---
2026-10-01 07:51:07,839 - INFO - 
****************************************************************************************************
2026-10-01 07:51:09,609 - INFO - --- training epoch 52, loss 0.0162, mae 0.1380, rmse 0.1802, time elapsed(min) 0.02---
2026-10-01 07:51:09,985 - INFO - --- validation at epoch 52, val_loss 0.0144, val_mae 0.1312, val_rmse 0.1657, val_r2 0.6475, val_pearson 0.8159, lr 1.00e-03 ---
2026-10-01 07:51:09,985 - INFO - 
****************************************************************************************************
2026-10-01 07:51:11,667 - INFO - --- training epoch 53, loss 0.0153, mae 0.1341, rmse 0.1751, time elapsed(min) 0.02---
2026-10-01 07:51:11,873 - INFO - --- validation at epoch 53, val_loss 0.0128, val_mae 0.1245, val_rmse 0.1585, val_r2 0.6772, val_pearson 0.8282, lr 3.00e-04 ---
2026-10-01 07:51:11,873 - INFO - 
****************************************************************************************************
2026-10-01 07:51:13,539 - INFO - --- training epoch 54, loss 0.0151, mae 0.1325, rmse 0.1738, time elapsed(min) 0.02---
2026-10-01 07:51:13,742 - INFO - --- validation at epoch 54, val_loss 0.0131, val_mae 0.1253, val_rmse 0.1593, val_r2 0.6739, val_pearson 0.8295, lr 3.00e-04 ---
2026-10-01 07:51:13,742 - INFO - 
****************************************************************************************************
2026-10-01 07:51:15,313 - INFO - --- training epoch 55, loss 0.0149, mae 0.1327, rmse 0.1726, time elapsed(min) 0.02---
2026-10-01 07:51:15,691 - INFO - --- validation at epoch 55, val_loss 0.0126, val_mae 0.1234, val_rmse 0.1581, val_r2 0.6788, val_pearson 0.8321, lr 3.00e-04 ---
2026-10-01 07:51:15,691 - INFO - 
****************************************************************************************************
2026-10-01 07:51:17,422 - INFO - --- training epoch 56, loss 0.0149, mae 0.1320, rmse 0.1725, time elapsed(min) 0.02---
2026-10-01 07:51:17,629 - INFO - --- validation at epoch 56, val_loss 0.0127, val_mae 0.1231, val_rmse 0.1574, val_r2 0.6816, val_pearson 0.8306, lr 3.00e-04 ---
2026-10-01 07:51:17,629 - INFO - 
****************************************************************************************************
2026-10-01 07:51:19,194 - INFO - --- training epoch 57, loss 0.0147, mae 0.1309, rmse 0.1713, time elapsed(min) 0.02---
2026-10-01 07:51:19,399 - INFO - --- validation at epoch 57, val_loss 0.0126, val_mae 0.1222, val_rmse 0.1562, val_r2 0.6866, val_pearson 0.8316, lr 3.00e-04 ---
2026-10-01 07:51:19,399 - INFO - 
****************************************************************************************************
2026-10-01 07:51:21,054 - INFO - --- training epoch 58, loss 0.0148, mae 0.1316, rmse 0.1722, time elapsed(min) 0.02---
2026-10-01 07:51:21,400 - INFO - --- validation at epoch 58, val_loss 0.0122, val_mae 0.1214, val_rmse 0.1553, val_r2 0.6902, val_pearson 0.8341, lr 3.00e-04 ---
2026-10-01 07:51:21,400 - INFO - 
****************************************************************************************************
2026-10-01 07:51:23,263 - INFO - --- training epoch 59, loss 0.0147, mae 0.1309, rmse 0.1713, time elapsed(min) 0.03---
2026-10-01 07:51:23,729 - INFO - --- validation at epoch 59, val_loss 0.0126, val_mae 0.1238, val_rmse 0.1570, val_r2 0.6833, val_pearson 0.8328, lr 3.00e-04 ---
2026-10-01 07:51:23,729 - INFO - 
****************************************************************************************************
2026-10-01 07:51:25,425 - INFO - --- training epoch 60, loss 0.0146, mae 0.1309, rmse 0.1707, time elapsed(min) 0.02---
2026-10-01 07:51:25,629 - INFO - --- validation at epoch 60, val_loss 0.0122, val_mae 0.1219, val_rmse 0.1552, val_r2 0.6905, val_pearson 0.8330, lr 3.00e-04 ---
2026-10-01 07:51:25,629 - INFO - 
****************************************************************************************************
2026-10-01 07:51:27,217 - INFO - --- training epoch 61, loss 0.0146, mae 0.1308, rmse 0.1706, time elapsed(min) 0.02---
2026-10-01 07:51:27,545 - INFO - --- validation at epoch 61, val_loss 0.0122, val_mae 0.1208, val_rmse 0.1545, val_r2 0.6933, val_pearson 0.8339, lr 3.00e-04 ---
2026-10-01 07:51:27,545 - INFO - 
****************************************************************************************************
2026-10-01 07:51:29,264 - INFO - --- training epoch 62, loss 0.0145, mae 0.1308, rmse 0.1703, time elapsed(min) 0.02---
2026-10-01 07:51:29,746 - INFO - --- validation at epoch 62, val_loss 0.0123, val_mae 0.1223, val_rmse 0.1553, val_r2 0.6902, val_pearson 0.8343, lr 3.00e-04 ---
2026-10-01 07:51:29,746 - INFO - 
****************************************************************************************************
2026-10-01 07:51:31,333 - INFO - --- training epoch 63, loss 0.0146, mae 0.1302, rmse 0.1707, time elapsed(min) 0.02---
2026-10-01 07:51:31,539 - INFO - --- validation at epoch 63, val_loss 0.0122, val_mae 0.1205, val_rmse 0.1537, val_r2 0.6966, val_pearson 0.8355, lr 3.00e-04 ---
2026-10-01 07:51:31,539 - INFO - 
****************************************************************************************************
2026-10-01 07:51:33,174 - INFO - --- training epoch 64, loss 0.0145, mae 0.1298, rmse 0.1703, time elapsed(min) 0.02---
2026-10-01 07:51:33,383 - INFO - --- validation at epoch 64, val_loss 0.0122, val_mae 0.1197, val_rmse 0.1537, val_r2 0.6965, val_pearson 0.8357, lr 3.00e-04 ---
2026-10-01 07:51:33,383 - INFO - 
****************************************************************************************************
2026-10-01 07:51:35,042 - INFO - --- training epoch 65, loss 0.0146, mae 0.1305, rmse 0.1708, time elapsed(min) 0.02---
2026-10-01 07:51:35,399 - INFO - --- validation at epoch 65, val_loss 0.0123, val_mae 0.1212, val_rmse 0.1544, val_r2 0.6938, val_pearson 0.8339, lr 3.00e-04 ---
2026-10-01 07:51:35,400 - INFO - 
****************************************************************************************************
2026-10-01 07:51:37,149 - INFO - --- training epoch 66, loss 0.0146, mae 0.1311, rmse 0.1711, time elapsed(min) 0.02---
2026-10-01 07:51:37,352 - INFO - --- validation at epoch 66, val_loss 0.0121, val_mae 0.1210, val_rmse 0.1530, val_r2 0.6995, val_pearson 0.8378, lr 3.00e-04 ---
2026-10-01 07:51:37,352 - INFO - 
****************************************************************************************************
2026-10-01 07:51:39,021 - INFO - --- training epoch 67, loss 0.0147, mae 0.1304, rmse 0.1713, time elapsed(min) 0.02---
2026-10-01 07:51:39,245 - INFO - --- validation at epoch 67, val_loss 0.0122, val_mae 0.1217, val_rmse 0.1537, val_r2 0.6964, val_pearson 0.8379, lr 3.00e-04 ---
2026-10-01 07:51:39,245 - INFO - 
****************************************************************************************************
2026-10-01 07:51:40,928 - INFO - --- training epoch 68, loss 0.0144, mae 0.1301, rmse 0.1698, time elapsed(min) 0.02---
2026-10-01 07:51:41,259 - INFO - --- validation at epoch 68, val_loss 0.0122, val_mae 0.1201, val_rmse 0.1522, val_r2 0.7024, val_pearson 0.8400, lr 3.00e-04 ---
2026-10-01 07:51:41,259 - INFO - 
****************************************************************************************************
2026-10-01 07:51:43,108 - INFO - --- training epoch 69, loss 0.0142, mae 0.1283, rmse 0.1687, time elapsed(min) 0.03---
2026-10-01 07:51:43,311 - INFO - --- validation at epoch 69, val_loss 0.0119, val_mae 0.1193, val_rmse 0.1514, val_r2 0.7056, val_pearson 0.8421, lr 3.00e-04 ---
2026-10-01 07:51:43,311 - INFO - 
****************************************************************************************************
2026-10-01 07:51:44,959 - INFO - --- training epoch 70, loss 0.0146, mae 0.1305, rmse 0.1707, time elapsed(min) 0.02---
2026-10-01 07:51:45,161 - INFO - --- validation at epoch 70, val_loss 0.0121, val_mae 0.1201, val_rmse 0.1525, val_r2 0.7011, val_pearson 0.8382, lr 3.00e-04 ---
2026-10-01 07:51:45,161 - INFO - 
****************************************************************************************************
2026-10-01 07:51:46,752 - INFO - --- training epoch 71, loss 0.0141, mae 0.1282, rmse 0.1680, time elapsed(min) 0.02---
2026-10-01 07:51:47,076 - INFO - --- validation at epoch 71, val_loss 0.0118, val_mae 0.1181, val_rmse 0.1508, val_r2 0.7077, val_pearson 0.8427, lr 3.00e-04 ---
2026-10-01 07:51:47,076 - INFO - 
****************************************************************************************************
2026-10-01 07:51:48,959 - INFO - --- training epoch 72, loss 0.0141, mae 0.1278, rmse 0.1682, time elapsed(min) 0.03---
2026-10-01 07:51:49,164 - INFO - --- validation at epoch 72, val_loss 0.0120, val_mae 0.1182, val_rmse 0.1511, val_r2 0.7068, val_pearson 0.8411, lr 3.00e-04 ---
2026-10-01 07:51:49,164 - INFO - 
****************************************************************************************************
2026-10-01 07:51:50,719 - INFO - --- training epoch 73, loss 0.0145, mae 0.1295, rmse 0.1704, time elapsed(min) 0.02---
2026-10-01 07:51:50,924 - INFO - --- validation at epoch 73, val_loss 0.0118, val_mae 0.1179, val_rmse 0.1496, val_r2 0.7124, val_pearson 0.8449, lr 3.00e-04 ---
2026-10-01 07:51:50,924 - INFO - 
****************************************************************************************************
2026-10-01 07:51:52,581 - INFO - --- training epoch 74, loss 0.0140, mae 0.1272, rmse 0.1672, time elapsed(min) 0.02---
2026-10-01 07:51:52,907 - INFO - --- validation at epoch 74, val_loss 0.0117, val_mae 0.1159, val_rmse 0.1485, val_r2 0.7165, val_pearson 0.8469, lr 3.00e-04 ---
2026-10-01 07:51:52,907 - INFO - 
****************************************************************************************************
2026-10-01 07:51:54,758 - INFO - --- training epoch 75, loss 0.0137, mae 0.1252, rmse 0.1658, time elapsed(min) 0.02---
2026-10-01 07:51:54,959 - INFO - --- validation at epoch 75, val_loss 0.0112, val_mae 0.1153, val_rmse 0.1467, val_r2 0.7236, val_pearson 0.8526, lr 3.00e-04 ---
2026-10-01 07:51:54,959 - INFO - 
****************************************************************************************************
2026-10-01 07:51:56,616 - INFO - --- training epoch 76, loss 0.0135, mae 0.1242, rmse 0.1645, time elapsed(min) 0.02---
2026-10-01 07:51:56,822 - INFO - --- validation at epoch 76, val_loss 0.0112, val_mae 0.1147, val_rmse 0.1464, val_r2 0.7245, val_pearson 0.8529, lr 3.00e-04 ---
2026-10-01 07:51:56,822 - INFO - 
****************************************************************************************************
2026-10-01 07:51:58,441 - INFO - --- training epoch 77, loss 0.0138, mae 0.1267, rmse 0.1663, time elapsed(min) 0.02---
2026-10-01 07:51:58,643 - INFO - --- validation at epoch 77, val_loss 0.0116, val_mae 0.1134, val_rmse 0.1466, val_r2 0.7240, val_pearson 0.8517, lr 3.00e-04 ---
2026-10-01 07:51:58,643 - INFO - 
****************************************************************************************************
2026-10-01 07:52:00,339 - INFO - --- training epoch 78, loss 0.0134, mae 0.1241, rmse 0.1637, time elapsed(min) 0.02---
2026-10-01 07:52:00,695 - INFO - --- validation at epoch 78, val_loss 0.0112, val_mae 0.1118, val_rmse 0.1460, val_r2 0.7263, val_pearson 0.8553, lr 3.00e-04 ---
2026-10-01 07:52:00,695 - INFO - 
****************************************************************************************************
2026-10-01 07:52:02,453 - INFO - --- training epoch 79, loss 0.0136, mae 0.1245, rmse 0.1647, time elapsed(min) 0.02---
2026-10-01 07:52:02,659 - INFO - --- validation at epoch 79, val_loss 0.0111, val_mae 0.1119, val_rmse 0.1449, val_r2 0.7304, val_pearson 0.8565, lr 3.00e-04 ---
2026-10-01 07:52:02,659 - INFO - 
****************************************************************************************************
2026-10-01 07:52:04,310 - INFO - --- training epoch 80, loss 0.0141, mae 0.1277, rmse 0.1678, time elapsed(min) 0.02---
2026-10-01 07:52:04,513 - INFO - --- validation at epoch 80, val_loss 0.0121, val_mae 0.1164, val_rmse 0.1506, val_r2 0.7085, val_pearson 0.8443, lr 3.00e-04 ---
2026-10-01 07:52:04,513 - INFO - 
****************************************************************************************************
2026-10-01 07:52:06,094 - INFO - --- training epoch 81, loss 0.0136, mae 0.1245, rmse 0.1648, time elapsed(min) 0.02---
2026-10-01 07:52:06,455 - INFO - --- validation at epoch 81, val_loss 0.0121, val_mae 0.1152, val_rmse 0.1486, val_r2 0.7162, val_pearson 0.8482, lr 3.00e-04 ---
2026-10-01 07:52:06,455 - INFO - 
****************************************************************************************************
2026-10-01 07:52:08,110 - INFO - --- training epoch 82, loss 0.0133, mae 0.1231, rmse 0.1632, time elapsed(min) 0.02---
2026-10-01 07:52:08,318 - INFO - --- validation at epoch 82, val_loss 0.0112, val_mae 0.1108, val_rmse 0.1441, val_r2 0.7331, val_pearson 0.8566, lr 3.00e-04 ---
2026-10-01 07:52:08,318 - INFO - 
****************************************************************************************************
2026-10-01 07:52:10,064 - INFO - --- training epoch 83, loss 0.0128, mae 0.1207, rmse 0.1603, time elapsed(min) 0.02---
2026-10-01 07:52:10,268 - INFO - --- validation at epoch 83, val_loss 0.0112, val_mae 0.1119, val_rmse 0.1450, val_r2 0.7298, val_pearson 0.8552, lr 3.00e-04 ---
2026-10-01 07:52:10,268 - INFO - 
****************************************************************************************************
2026-10-01 07:52:11,837 - INFO - --- training epoch 84, loss 0.0133, mae 0.1231, rmse 0.1631, time elapsed(min) 0.02---
2026-10-01 07:52:12,168 - INFO - --- validation at epoch 84, val_loss 0.0118, val_mae 0.1133, val_rmse 0.1460, val_r2 0.7260, val_pearson 0.8542, lr 3.00e-04 ---
2026-10-01 07:52:12,168 - INFO - 
****************************************************************************************************
2026-10-01 07:52:13,954 - INFO - --- training epoch 85, loss 0.0126, mae 0.1195, rmse 0.1586, time elapsed(min) 0.03---
2026-10-01 07:52:14,164 - INFO - --- validation at epoch 85, val_loss 0.0105, val_mae 0.1081, val_rmse 0.1405, val_r2 0.7465, val_pearson 0.8643, lr 3.00e-04 ---
2026-10-01 07:52:14,164 - INFO - 
****************************************************************************************************
2026-10-01 07:52:15,789 - INFO - --- training epoch 86, loss 0.0126, mae 0.1189, rmse 0.1587, time elapsed(min) 0.02---
2026-10-01 07:52:15,990 - INFO - --- validation at epoch 86, val_loss 0.0106, val_mae 0.1086, val_rmse 0.1412, val_r2 0.7439, val_pearson 0.8628, lr 3.00e-04 ---
2026-10-01 07:52:15,990 - INFO - 
****************************************************************************************************
2026-10-01 07:52:17,583 - INFO - --- training epoch 87, loss 0.0127, mae 0.1200, rmse 0.1596, time elapsed(min) 0.02---
2026-10-01 07:52:17,908 - INFO - --- validation at epoch 87, val_loss 0.0106, val_mae 0.1081, val_rmse 0.1403, val_r2 0.7472, val_pearson 0.8652, lr 3.00e-04 ---
2026-10-01 07:52:17,908 - INFO - 
****************************************************************************************************
2026-10-01 07:52:19,704 - INFO - --- training epoch 88, loss 0.0128, mae 0.1202, rmse 0.1602, time elapsed(min) 0.03---
2026-10-01 07:52:19,907 - INFO - --- validation at epoch 88, val_loss 0.0107, val_mae 0.1085, val_rmse 0.1408, val_r2 0.7455, val_pearson 0.8637, lr 3.00e-04 ---
2026-10-01 07:52:19,907 - INFO - 
****************************************************************************************************
2026-10-01 07:52:21,467 - INFO - --- training epoch 89, loss 0.0125, mae 0.1185, rmse 0.1581, time elapsed(min) 0.02---
2026-10-01 07:52:21,670 - INFO - --- validation at epoch 89, val_loss 0.0111, val_mae 0.1095, val_rmse 0.1429, val_r2 0.7379, val_pearson 0.8595, lr 3.00e-04 ---
2026-10-01 07:52:21,670 - INFO - 
****************************************************************************************************
2026-10-01 07:52:23,224 - INFO - --- training epoch 90, loss 0.0128, mae 0.1208, rmse 0.1599, time elapsed(min) 0.02---
2026-10-01 07:52:23,563 - INFO - --- validation at epoch 90, val_loss 0.0109, val_mae 0.1084, val_rmse 0.1420, val_r2 0.7408, val_pearson 0.8621, lr 3.00e-04 ---
2026-10-01 07:52:23,563 - INFO - 
****************************************************************************************************
2026-10-01 07:52:25,374 - INFO - --- training epoch 91, loss 0.0129, mae 0.1201, rmse 0.1608, time elapsed(min) 0.03---
2026-10-01 07:52:25,580 - INFO - --- validation at epoch 91, val_loss 0.0120, val_mae 0.1132, val_rmse 0.1477, val_r2 0.7198, val_pearson 0.8491, lr 3.00e-04 ---
2026-10-01 07:52:25,580 - INFO - 
****************************************************************************************************
2026-10-01 07:52:27,174 - INFO - --- training epoch 92, loss 0.0128, mae 0.1203, rmse 0.1601, time elapsed(min) 0.02---
2026-10-01 07:52:27,383 - INFO - --- validation at epoch 92, val_loss 0.0112, val_mae 0.1115, val_rmse 0.1452, val_r2 0.7294, val_pearson 0.8553, lr 3.00e-04 ---
2026-10-01 07:52:27,383 - INFO - 
****************************************************************************************************
2026-10-01 07:52:28,926 - INFO - --- training epoch 93, loss 0.0125, mae 0.1186, rmse 0.1581, time elapsed(min) 0.02---
2026-10-01 07:52:29,126 - INFO - --- validation at epoch 93, val_loss 0.0119, val_mae 0.1129, val_rmse 0.1478, val_r2 0.7195, val_pearson 0.8489, lr 3.00e-04 ---
2026-10-01 07:52:29,126 - INFO - 
****************************************************************************************************
2026-10-01 07:52:30,736 - INFO - --- training epoch 94, loss 0.0125, mae 0.1184, rmse 0.1583, time elapsed(min) 0.02---
2026-10-01 07:52:31,204 - INFO - --- validation at epoch 94, val_loss 0.0115, val_mae 0.1131, val_rmse 0.1461, val_r2 0.7258, val_pearson 0.8540, lr 3.00e-04 ---
2026-10-01 07:52:31,204 - INFO - 
****************************************************************************************************
2026-10-01 07:52:32,816 - INFO - --- training epoch 95, loss 0.0125, mae 0.1185, rmse 0.1584, time elapsed(min) 0.02---
2026-10-01 07:52:33,023 - INFO - --- validation at epoch 95, val_loss 0.0105, val_mae 0.1082, val_rmse 0.1411, val_r2 0.7441, val_pearson 0.8640, lr 3.00e-04 ---
2026-10-01 07:52:33,023 - INFO - 
****************************************************************************************************
2026-10-01 07:52:34,578 - INFO - --- training epoch 96, loss 0.0124, mae 0.1180, rmse 0.1578, time elapsed(min) 0.02---
2026-10-01 07:52:34,778 - INFO - --- validation at epoch 96, val_loss 0.0106, val_mae 0.1080, val_rmse 0.1405, val_r2 0.7464, val_pearson 0.8648, lr 3.00e-04 ---
2026-10-01 07:52:34,778 - INFO - 
****************************************************************************************************
2026-10-01 07:52:36,333 - INFO - --- training epoch 97, loss 0.0117, mae 0.1131, rmse 0.1527, time elapsed(min) 0.02---
2026-10-01 07:52:36,693 - INFO - --- validation at epoch 97, val_loss 0.0099, val_mae 0.1048, val_rmse 0.1371, val_r2 0.7584, val_pearson 0.8716, lr 9.00e-05 ---
2026-10-01 07:52:36,693 - INFO - 
****************************************************************************************************
2026-10-01 07:52:38,533 - INFO - --- training epoch 98, loss 0.0116, mae 0.1135, rmse 0.1525, time elapsed(min) 0.02---
2026-10-01 07:52:38,741 - INFO - --- validation at epoch 98, val_loss 0.0097, val_mae 0.1061, val_rmse 0.1367, val_r2 0.7600, val_pearson 0.8720, lr 9.00e-05 ---
2026-10-01 07:52:38,741 - INFO - 
****************************************************************************************************
2026-10-01 07:52:40,379 - INFO - --- training epoch 99, loss 0.0116, mae 0.1133, rmse 0.1525, time elapsed(min) 0.02---
2026-10-01 07:52:40,630 - INFO - --- validation at epoch 99, val_loss 0.0098, val_mae 0.1051, val_rmse 0.1362, val_r2 0.7616, val_pearson 0.8733, lr 9.00e-05 ---
2026-10-01 07:52:40,630 - INFO - 
****************************************************************************************************
2026-10-01 07:52:42,292 - INFO - --- training epoch 100, loss 0.0116, mae 0.1136, rmse 0.1523, time elapsed(min) 0.02---
2026-10-01 07:52:42,624 - INFO - --- validation at epoch 100, val_loss 0.0096, val_mae 0.1055, val_rmse 0.1358, val_r2 0.7630, val_pearson 0.8742, lr 9.00e-05 ---
2026-10-01 07:52:42,624 - INFO - 
****************************************************************************************************
2026-10-01 07:52:44,478 - INFO - --- training epoch 101, loss 0.0114, mae 0.1122, rmse 0.1511, time elapsed(min) 0.02---
2026-10-01 07:52:44,682 - INFO - --- validation at epoch 101, val_loss 0.0095, val_mae 0.1041, val_rmse 0.1348, val_r2 0.7666, val_pearson 0.8759, lr 9.00e-05 ---
2026-10-01 07:52:44,682 - INFO - 
****************************************************************************************************
2026-10-01 07:52:46,408 - INFO - --- training epoch 102, loss 0.0114, mae 0.1126, rmse 0.1510, time elapsed(min) 0.02---
2026-10-01 07:52:46,616 - INFO - --- validation at epoch 102, val_loss 0.0097, val_mae 0.1041, val_rmse 0.1356, val_r2 0.7639, val_pearson 0.8742, lr 9.00e-05 ---
2026-10-01 07:52:46,616 - INFO - 
****************************************************************************************************
2026-10-01 07:52:48,160 - INFO - --- training epoch 103, loss 0.0117, mae 0.1136, rmse 0.1528, time elapsed(min) 0.02---
2026-10-01 07:52:48,368 - INFO - --- validation at epoch 103, val_loss 0.0095, val_mae 0.1048, val_rmse 0.1355, val_r2 0.7642, val_pearson 0.8744, lr 9.00e-05 ---
2026-10-01 07:52:48,368 - INFO - 
****************************************************************************************************
2026-10-01 07:52:50,081 - INFO - --- training epoch 104, loss 0.0115, mae 0.1126, rmse 0.1516, time elapsed(min) 0.02---
2026-10-01 07:52:50,441 - INFO - --- validation at epoch 104, val_loss 0.0095, val_mae 0.1031, val_rmse 0.1346, val_r2 0.7673, val_pearson 0.8761, lr 9.00e-05 ---
2026-10-01 07:52:50,442 - INFO - 
****************************************************************************************************
2026-10-01 07:52:52,189 - INFO - --- training epoch 105, loss 0.0113, mae 0.1116, rmse 0.1504, time elapsed(min) 0.02---
2026-10-01 07:52:52,396 - INFO - --- validation at epoch 105, val_loss 0.0094, val_mae 0.1036, val_rmse 0.1341, val_r2 0.7691, val_pearson 0.8772, lr 9.00e-05 ---
2026-10-01 07:52:52,396 - INFO - 
****************************************************************************************************
2026-10-01 07:52:54,187 - INFO - --- training epoch 106, loss 0.0114, mae 0.1126, rmse 0.1512, time elapsed(min) 0.02---
2026-10-01 07:52:54,390 - INFO - --- validation at epoch 106, val_loss 0.0096, val_mae 0.1045, val_rmse 0.1356, val_r2 0.7637, val_pearson 0.8743, lr 9.00e-05 ---
2026-10-01 07:52:54,390 - INFO - 
****************************************************************************************************
2026-10-01 07:52:56,007 - INFO - --- training epoch 107, loss 0.0113, mae 0.1116, rmse 0.1502, time elapsed(min) 0.02---
2026-10-01 07:52:56,333 - INFO - --- validation at epoch 107, val_loss 0.0094, val_mae 0.1037, val_rmse 0.1347, val_r2 0.7669, val_pearson 0.8759, lr 9.00e-05 ---
2026-10-01 07:52:56,333 - INFO - 
****************************************************************************************************
2026-10-01 07:52:58,186 - INFO - --- training epoch 108, loss 0.0115, mae 0.1130, rmse 0.1518, time elapsed(min) 0.02---
2026-10-01 07:52:58,412 - INFO - --- validation at epoch 108, val_loss 0.0093, val_mae 0.1034, val_rmse 0.1342, val_r2 0.7686, val_pearson 0.8769, lr 9.00e-05 ---
2026-10-01 07:52:58,412 - INFO - 
****************************************************************************************************
2026-10-01 07:53:00,041 - INFO - --- training epoch 109, loss 0.0115, mae 0.1128, rmse 0.1513, time elapsed(min) 0.02---
2026-10-01 07:53:00,243 - INFO - --- validation at epoch 109, val_loss 0.0095, val_mae 0.1033, val_rmse 0.1340, val_r2 0.7693, val_pearson 0.8775, lr 9.00e-05 ---
2026-10-01 07:53:00,243 - INFO - 
****************************************************************************************************
2026-10-01 07:53:01,800 - INFO - --- training epoch 110, loss 0.0113, mae 0.1113, rmse 0.1505, time elapsed(min) 0.02---
2026-10-01 07:53:02,010 - INFO - --- validation at epoch 110, val_loss 0.0094, val_mae 0.1028, val_rmse 0.1340, val_r2 0.7693, val_pearson 0.8772, lr 9.00e-05 ---
2026-10-01 07:53:02,010 - INFO - 
****************************************************************************************************
2026-10-01 07:53:03,679 - INFO - --- training epoch 111, loss 0.0111, mae 0.1108, rmse 0.1488, time elapsed(min) 0.02---
2026-10-01 07:53:04,057 - INFO - --- validation at epoch 111, val_loss 0.0096, val_mae 0.1042, val_rmse 0.1351, val_r2 0.7654, val_pearson 0.8750, lr 9.00e-05 ---
2026-10-01 07:53:04,057 - INFO - 
****************************************************************************************************
2026-10-01 07:53:05,786 - INFO - --- training epoch 112, loss 0.0113, mae 0.1113, rmse 0.1503, time elapsed(min) 0.02---
2026-10-01 07:53:05,993 - INFO - --- validation at epoch 112, val_loss 0.0094, val_mae 0.1027, val_rmse 0.1341, val_r2 0.7690, val_pearson 0.8771, lr 9.00e-05 ---
2026-10-01 07:53:05,993 - INFO - 
****************************************************************************************************
2026-10-01 07:53:07,549 - INFO - --- training epoch 113, loss 0.0111, mae 0.1114, rmse 0.1493, time elapsed(min) 0.02---
2026-10-01 07:53:07,752 - INFO - --- validation at epoch 113, val_loss 0.0094, val_mae 0.1034, val_rmse 0.1339, val_r2 0.7696, val_pearson 0.8775, lr 9.00e-05 ---
2026-10-01 07:53:07,752 - INFO - 
****************************************************************************************************
2026-10-01 07:53:09,341 - INFO - --- training epoch 114, loss 0.0114, mae 0.1116, rmse 0.1509, time elapsed(min) 0.02---
2026-10-01 07:53:09,671 - INFO - --- validation at epoch 114, val_loss 0.0093, val_mae 0.1030, val_rmse 0.1332, val_r2 0.7722, val_pearson 0.8790, lr 9.00e-05 ---
2026-10-01 07:53:09,671 - INFO - 
****************************************************************************************************
2026-10-01 07:53:11,555 - INFO - --- training epoch 115, loss 0.0111, mae 0.1105, rmse 0.1488, time elapsed(min) 0.03---
2026-10-01 07:53:11,776 - INFO - --- validation at epoch 115, val_loss 0.0094, val_mae 0.1032, val_rmse 0.1343, val_r2 0.7684, val_pearson 0.8771, lr 9.00e-05 ---
2026-10-01 07:53:11,777 - INFO - 
****************************************************************************************************
2026-10-01 07:53:13,318 - INFO - --- training epoch 116, loss 0.0113, mae 0.1111, rmse 0.1507, time elapsed(min) 0.02---
2026-10-01 07:53:13,520 - INFO - --- validation at epoch 116, val_loss 0.0096, val_mae 0.1051, val_rmse 0.1352, val_r2 0.7651, val_pearson 0.8756, lr 9.00e-05 ---
2026-10-01 07:53:13,520 - INFO - 
****************************************************************************************************
2026-10-01 07:53:15,168 - INFO - --- training epoch 117, loss 0.0111, mae 0.1102, rmse 0.1488, time elapsed(min) 0.02---
2026-10-01 07:53:15,390 - INFO - --- validation at epoch 117, val_loss 0.0093, val_mae 0.1028, val_rmse 0.1335, val_r2 0.7711, val_pearson 0.8784, lr 9.00e-05 ---
2026-10-01 07:53:15,391 - INFO - 
****************************************************************************************************
2026-10-01 07:53:17,260 - INFO - --- training epoch 118, loss 0.0111, mae 0.1110, rmse 0.1493, time elapsed(min) 0.02---
2026-10-01 07:53:17,643 - INFO - --- validation at epoch 118, val_loss 0.0093, val_mae 0.1024, val_rmse 0.1335, val_r2 0.7711, val_pearson 0.8783, lr 9.00e-05 ---
2026-10-01 07:53:17,643 - INFO - 
****************************************************************************************************
2026-10-01 07:53:19,304 - INFO - --- training epoch 119, loss 0.0110, mae 0.1095, rmse 0.1485, time elapsed(min) 0.02---
2026-10-01 07:53:19,513 - INFO - --- validation at epoch 119, val_loss 0.0094, val_mae 0.1029, val_rmse 0.1341, val_r2 0.7689, val_pearson 0.8771, lr 9.00e-05 ---
2026-10-01 07:53:19,513 - INFO - 
****************************************************************************************************
2026-10-01 07:53:21,081 - INFO - --- training epoch 120, loss 0.0109, mae 0.1095, rmse 0.1479, time elapsed(min) 0.02---
2026-10-01 07:53:21,285 - INFO - --- validation at epoch 120, val_loss 0.0093, val_mae 0.1025, val_rmse 0.1337, val_r2 0.7704, val_pearson 0.8778, lr 9.00e-05 ---
2026-10-01 07:53:21,285 - INFO - 
****************************************************************************************************
2026-10-01 07:53:22,870 - INFO - --- training epoch 121, loss 0.0110, mae 0.1106, rmse 0.1483, time elapsed(min) 0.02---
2026-10-01 07:53:23,252 - INFO - --- validation at epoch 121, val_loss 0.0091, val_mae 0.1011, val_rmse 0.1326, val_r2 0.7740, val_pearson 0.8801, lr 9.00e-05 ---
2026-10-01 07:53:23,252 - INFO - 
****************************************************************************************************
2026-10-01 07:53:25,058 - INFO - --- training epoch 122, loss 0.0112, mae 0.1108, rmse 0.1498, time elapsed(min) 0.02---
2026-10-01 07:53:25,266 - INFO - --- validation at epoch 122, val_loss 0.0094, val_mae 0.1021, val_rmse 0.1341, val_r2 0.7690, val_pearson 0.8770, lr 9.00e-05 ---
2026-10-01 07:53:25,266 - INFO - 
****************************************************************************************************
2026-10-01 07:53:26,871 - INFO - --- training epoch 123, loss 0.0111, mae 0.1108, rmse 0.1491, time elapsed(min) 0.02---
2026-10-01 07:53:27,078 - INFO - --- validation at epoch 123, val_loss 0.0091, val_mae 0.1008, val_rmse 0.1328, val_r2 0.7735, val_pearson 0.8795, lr 9.00e-05 ---
2026-10-01 07:53:27,078 - INFO - 
****************************************************************************************************
2026-10-01 07:53:28,746 - INFO - --- training epoch 124, loss 0.0113, mae 0.1122, rmse 0.1507, time elapsed(min) 0.02---
2026-10-01 07:53:29,086 - INFO - --- validation at epoch 124, val_loss 0.0093, val_mae 0.1032, val_rmse 0.1335, val_r2 0.7712, val_pearson 0.8788, lr 9.00e-05 ---
2026-10-01 07:53:29,086 - INFO - 
****************************************************************************************************
2026-10-01 07:53:30,840 - INFO - --- training epoch 125, loss 0.0110, mae 0.1102, rmse 0.1483, time elapsed(min) 0.02---
2026-10-01 07:53:31,047 - INFO - --- validation at epoch 125, val_loss 0.0093, val_mae 0.1023, val_rmse 0.1335, val_r2 0.7711, val_pearson 0.8785, lr 9.00e-05 ---
2026-10-01 07:53:31,047 - INFO - 
****************************************************************************************************
2026-10-01 07:53:32,652 - INFO - --- training epoch 126, loss 0.0111, mae 0.1106, rmse 0.1491, time elapsed(min) 0.02---
2026-10-01 07:53:32,854 - INFO - --- validation at epoch 126, val_loss 0.0093, val_mae 0.1014, val_rmse 0.1332, val_r2 0.7721, val_pearson 0.8793, lr 9.00e-05 ---
2026-10-01 07:53:32,854 - INFO - 
****************************************************************************************************
2026-10-01 07:53:34,540 - INFO - --- training epoch 127, loss 0.0112, mae 0.1105, rmse 0.1494, time elapsed(min) 0.02---
2026-10-01 07:53:34,866 - INFO - --- validation at epoch 127, val_loss 0.0092, val_mae 0.1018, val_rmse 0.1327, val_r2 0.7738, val_pearson 0.8802, lr 9.00e-05 ---
2026-10-01 07:53:34,866 - INFO - 
****************************************************************************************************
2026-10-01 07:53:36,609 - INFO - --- training epoch 128, loss 0.0109, mae 0.1097, rmse 0.1479, time elapsed(min) 0.02---
2026-10-01 07:53:36,816 - INFO - --- validation at epoch 128, val_loss 0.0091, val_mae 0.1012, val_rmse 0.1330, val_r2 0.7728, val_pearson 0.8792, lr 9.00e-05 ---
2026-10-01 07:53:36,817 - INFO - 
****************************************************************************************************
2026-10-01 07:53:38,411 - INFO - --- training epoch 129, loss 0.0112, mae 0.1107, rmse 0.1495, time elapsed(min) 0.02---
2026-10-01 07:53:38,613 - INFO - --- validation at epoch 129, val_loss 0.0094, val_mae 0.1019, val_rmse 0.1341, val_r2 0.7691, val_pearson 0.8771, lr 9.00e-05 ---
2026-10-01 07:53:38,613 - INFO - 
****************************************************************************************************
2026-10-01 07:53:40,305 - INFO - --- training epoch 130, loss 0.0109, mae 0.1091, rmse 0.1479, time elapsed(min) 0.02---
2026-10-01 07:53:40,631 - INFO - --- validation at epoch 130, val_loss 0.0091, val_mae 0.1005, val_rmse 0.1321, val_r2 0.7759, val_pearson 0.8809, lr 9.00e-05 ---
2026-10-01 07:53:40,631 - INFO - 
****************************************************************************************************
2026-10-01 07:53:42,459 - INFO - --- training epoch 131, loss 0.0109, mae 0.1099, rmse 0.1476, time elapsed(min) 0.03---
2026-10-01 07:53:42,666 - INFO - --- validation at epoch 131, val_loss 0.0092, val_mae 0.1004, val_rmse 0.1323, val_r2 0.7751, val_pearson 0.8806, lr 9.00e-05 ---
2026-10-01 07:53:42,666 - INFO - 
****************************************************************************************************
2026-10-01 07:53:44,225 - INFO - --- training epoch 132, loss 0.0109, mae 0.1085, rmse 0.1473, time elapsed(min) 0.02---
2026-10-01 07:53:44,430 - INFO - --- validation at epoch 132, val_loss 0.0092, val_mae 0.1005, val_rmse 0.1324, val_r2 0.7749, val_pearson 0.8803, lr 9.00e-05 ---
2026-10-01 07:53:44,430 - INFO - 
****************************************************************************************************
2026-10-01 07:53:46,087 - INFO - --- training epoch 133, loss 0.0107, mae 0.1081, rmse 0.1462, time elapsed(min) 0.02---
2026-10-01 07:53:46,414 - INFO - --- validation at epoch 133, val_loss 0.0090, val_mae 0.0995, val_rmse 0.1305, val_r2 0.7813, val_pearson 0.8840, lr 2.70e-05 ---
2026-10-01 07:53:46,414 - INFO - 
****************************************************************************************************
2026-10-01 07:53:48,296 - INFO - --- training epoch 134, loss 0.0108, mae 0.1086, rmse 0.1468, time elapsed(min) 0.03---
2026-10-01 07:53:48,499 - INFO - --- validation at epoch 134, val_loss 0.0090, val_mae 0.0998, val_rmse 0.1308, val_r2 0.7804, val_pearson 0.8837, lr 2.70e-05 ---
2026-10-01 07:53:48,499 - INFO - 
****************************************************************************************************
2026-10-01 07:53:50,140 - INFO - --- training epoch 135, loss 0.0108, mae 0.1084, rmse 0.1467, time elapsed(min) 0.02---
2026-10-01 07:53:50,340 - INFO - --- validation at epoch 135, val_loss 0.0089, val_mae 0.0991, val_rmse 0.1306, val_r2 0.7808, val_pearson 0.8841, lr 2.70e-05 ---
2026-10-01 07:53:50,340 - INFO - 
****************************************************************************************************
2026-10-01 07:53:51,994 - INFO - --- training epoch 136, loss 0.0106, mae 0.1075, rmse 0.1456, time elapsed(min) 0.02---
2026-10-01 07:53:52,328 - INFO - --- validation at epoch 136, val_loss 0.0089, val_mae 0.0992, val_rmse 0.1304, val_r2 0.7815, val_pearson 0.8841, lr 2.70e-05 ---
2026-10-01 07:53:52,328 - INFO - 
****************************************************************************************************
2026-10-01 07:53:54,177 - INFO - --- training epoch 137, loss 0.0106, mae 0.1084, rmse 0.1458, time elapsed(min) 0.02---
2026-10-01 07:53:54,404 - INFO - --- validation at epoch 137, val_loss 0.0089, val_mae 0.0996, val_rmse 0.1306, val_r2 0.7810, val_pearson 0.8839, lr 2.70e-05 ---
2026-10-01 07:53:54,404 - INFO - 
****************************************************************************************************
2026-10-01 07:53:56,041 - INFO - --- training epoch 138, loss 0.0106, mae 0.1072, rmse 0.1455, time elapsed(min) 0.02---
2026-10-01 07:53:56,242 - INFO - --- validation at epoch 138, val_loss 0.0090, val_mae 0.0991, val_rmse 0.1305, val_r2 0.7812, val_pearson 0.8845, lr 2.70e-05 ---
2026-10-01 07:53:56,242 - INFO - 
****************************************************************************************************
2026-10-01 07:53:57,787 - INFO - --- training epoch 139, loss 0.0106, mae 0.1077, rmse 0.1453, time elapsed(min) 0.02---
2026-10-01 07:53:58,118 - INFO - --- validation at epoch 139, val_loss 0.0089, val_mae 0.0992, val_rmse 0.1306, val_r2 0.7808, val_pearson 0.8840, lr 2.70e-05 ---
2026-10-01 07:53:58,118 - INFO - 
****************************************************************************************************
2026-10-01 07:53:59,965 - INFO - --- training epoch 140, loss 0.0107, mae 0.1079, rmse 0.1465, time elapsed(min) 0.03---
2026-10-01 07:54:00,165 - INFO - --- validation at epoch 140, val_loss 0.0089, val_mae 0.0993, val_rmse 0.1305, val_r2 0.7811, val_pearson 0.8845, lr 2.70e-05 ---
2026-10-01 07:54:00,165 - INFO - 
****************************************************************************************************
2026-10-01 07:54:01,719 - INFO - --- training epoch 141, loss 0.0105, mae 0.1072, rmse 0.1450, time elapsed(min) 0.02---
2026-10-01 07:54:01,922 - INFO - --- validation at epoch 141, val_loss 0.0089, val_mae 0.0993, val_rmse 0.1299, val_r2 0.7831, val_pearson 0.8851, lr 2.70e-05 ---
2026-10-01 07:54:01,922 - INFO - 
****************************************************************************************************
2026-10-01 07:54:03,629 - INFO - --- training epoch 142, loss 0.0105, mae 0.1065, rmse 0.1451, time elapsed(min) 0.02---
2026-10-01 07:54:03,831 - INFO - --- validation at epoch 142, val_loss 0.0089, val_mae 0.0993, val_rmse 0.1301, val_r2 0.7826, val_pearson 0.8847, lr 2.70e-05 ---
2026-10-01 07:54:03,831 - INFO - 
****************************************************************************************************
2026-10-01 07:54:05,608 - INFO - --- training epoch 143, loss 0.0103, mae 0.1067, rmse 0.1438, time elapsed(min) 0.02---
2026-10-01 07:54:06,095 - INFO - --- validation at epoch 143, val_loss 0.0089, val_mae 0.0985, val_rmse 0.1302, val_r2 0.7822, val_pearson 0.8849, lr 2.70e-05 ---
2026-10-01 07:54:06,095 - INFO - 
****************************************************************************************************
2026-10-01 07:54:07,708 - INFO - --- training epoch 144, loss 0.0104, mae 0.1068, rmse 0.1443, time elapsed(min) 0.02---
2026-10-01 07:54:07,916 - INFO - --- validation at epoch 144, val_loss 0.0090, val_mae 0.0990, val_rmse 0.1304, val_r2 0.7817, val_pearson 0.8846, lr 2.70e-05 ---
2026-10-01 07:54:07,917 - INFO - 
****************************************************************************************************
2026-10-01 07:54:09,526 - INFO - --- training epoch 145, loss 0.0103, mae 0.1058, rmse 0.1432, time elapsed(min) 0.02---
2026-10-01 07:54:09,731 - INFO - --- validation at epoch 145, val_loss 0.0090, val_mae 0.0988, val_rmse 0.1307, val_r2 0.7806, val_pearson 0.8843, lr 2.70e-05 ---
2026-10-01 07:54:09,731 - INFO - 
****************************************************************************************************
2026-10-01 07:54:11,363 - INFO - --- training epoch 146, loss 0.0106, mae 0.1077, rmse 0.1455, time elapsed(min) 0.02---
2026-10-01 07:54:11,737 - INFO - --- validation at epoch 146, val_loss 0.0089, val_mae 0.0992, val_rmse 0.1302, val_r2 0.7823, val_pearson 0.8848, lr 2.70e-05 ---
2026-10-01 07:54:11,737 - INFO - 
****************************************************************************************************
2026-10-01 07:54:13,415 - INFO - --- training epoch 147, loss 0.0106, mae 0.1075, rmse 0.1457, time elapsed(min) 0.02---
2026-10-01 07:54:13,621 - INFO - --- validation at epoch 147, val_loss 0.0089, val_mae 0.0992, val_rmse 0.1301, val_r2 0.7826, val_pearson 0.8850, lr 2.70e-05 ---
2026-10-01 07:54:13,621 - INFO - 
****************************************************************************************************
2026-10-01 07:54:15,221 - INFO - --- training epoch 148, loss 0.0106, mae 0.1074, rmse 0.1454, time elapsed(min) 0.02---
2026-10-01 07:54:15,424 - INFO - --- validation at epoch 148, val_loss 0.0088, val_mae 0.0986, val_rmse 0.1298, val_r2 0.7836, val_pearson 0.8855, lr 2.70e-05 ---
2026-10-01 07:54:15,424 - INFO - 
****************************************************************************************************
2026-10-01 07:54:17,094 - INFO - --- training epoch 149, loss 0.0105, mae 0.1071, rmse 0.1450, time elapsed(min) 0.02---
2026-10-01 07:54:17,439 - INFO - --- validation at epoch 149, val_loss 0.0089, val_mae 0.0989, val_rmse 0.1299, val_r2 0.7834, val_pearson 0.8855, lr 2.70e-05 ---
2026-10-01 07:54:17,439 - INFO - 
****************************************************************************************************
2026-10-01 07:54:19,263 - INFO - --- training epoch 150, loss 0.0107, mae 0.1074, rmse 0.1460, time elapsed(min) 0.02---
2026-10-01 07:54:19,472 - INFO - --- validation at epoch 150, val_loss 0.0089, val_mae 0.0988, val_rmse 0.1303, val_r2 0.7818, val_pearson 0.8856, lr 2.70e-05 ---
2026-10-01 07:54:19,472 - INFO - 
****************************************************************************************************
2026-10-01 07:54:21,059 - INFO - --- training epoch 151, loss 0.0105, mae 0.1073, rmse 0.1450, time elapsed(min) 0.02---
2026-10-01 07:54:21,263 - INFO - --- validation at epoch 151, val_loss 0.0089, val_mae 0.0984, val_rmse 0.1300, val_r2 0.7830, val_pearson 0.8860, lr 2.70e-05 ---
2026-10-01 07:54:21,263 - INFO - 
****************************************************************************************************
2026-10-01 07:54:22,813 - INFO - --- training epoch 152, loss 0.0107, mae 0.1076, rmse 0.1464, time elapsed(min) 0.02---
2026-10-01 07:54:23,017 - INFO - --- validation at epoch 152, val_loss 0.0088, val_mae 0.0988, val_rmse 0.1295, val_r2 0.7845, val_pearson 0.8861, lr 2.70e-05 ---
2026-10-01 07:54:23,017 - INFO - 
****************************************************************************************************
2026-10-01 07:54:24,761 - INFO - --- training epoch 153, loss 0.0104, mae 0.1065, rmse 0.1443, time elapsed(min) 0.02---
2026-10-01 07:54:25,171 - INFO - --- validation at epoch 153, val_loss 0.0088, val_mae 0.0988, val_rmse 0.1295, val_r2 0.7846, val_pearson 0.8859, lr 2.70e-05 ---
2026-10-01 07:54:25,171 - INFO - 
****************************************************************************************************
2026-10-01 07:54:27,064 - INFO - --- training epoch 154, loss 0.0106, mae 0.1071, rmse 0.1456, time elapsed(min) 0.02---
2026-10-01 07:54:27,266 - INFO - --- validation at epoch 154, val_loss 0.0089, val_mae 0.0990, val_rmse 0.1299, val_r2 0.7832, val_pearson 0.8854, lr 2.70e-05 ---
2026-10-01 07:54:27,266 - INFO - 
****************************************************************************************************
2026-10-01 07:54:28,882 - INFO - --- training epoch 155, loss 0.0106, mae 0.1075, rmse 0.1454, time elapsed(min) 0.02---
2026-10-01 07:54:29,084 - INFO - --- validation at epoch 155, val_loss 0.0090, val_mae 0.0993, val_rmse 0.1306, val_r2 0.7807, val_pearson 0.8853, lr 2.70e-05 ---
2026-10-01 07:54:29,084 - INFO - 
****************************************************************************************************
2026-10-01 07:54:30,642 - INFO - --- training epoch 156, loss 0.0106, mae 0.1069, rmse 0.1455, time elapsed(min) 0.02---
2026-10-01 07:54:31,002 - INFO - --- validation at epoch 156, val_loss 0.0088, val_mae 0.0979, val_rmse 0.1295, val_r2 0.7846, val_pearson 0.8859, lr 2.70e-05 ---
2026-10-01 07:54:31,002 - INFO - 
****************************************************************************************************
2026-10-01 07:54:32,849 - INFO - --- training epoch 157, loss 0.0105, mae 0.1080, rmse 0.1452, time elapsed(min) 0.02---
2026-10-01 07:54:33,072 - INFO - --- validation at epoch 157, val_loss 0.0089, val_mae 0.0982, val_rmse 0.1294, val_r2 0.7849, val_pearson 0.8865, lr 2.70e-05 ---
2026-10-01 07:54:33,072 - INFO - 
****************************************************************************************************
2026-10-01 07:54:34,644 - INFO - --- training epoch 158, loss 0.0106, mae 0.1071, rmse 0.1457, time elapsed(min) 0.02---
2026-10-01 07:54:34,848 - INFO - --- validation at epoch 158, val_loss 0.0091, val_mae 0.0984, val_rmse 0.1302, val_r2 0.7824, val_pearson 0.8865, lr 2.70e-05 ---
2026-10-01 07:54:34,848 - INFO - 
****************************************************************************************************
2026-10-01 07:54:36,479 - INFO - --- training epoch 159, loss 0.0104, mae 0.1060, rmse 0.1440, time elapsed(min) 0.02---
2026-10-01 07:54:36,807 - INFO - --- validation at epoch 159, val_loss 0.0088, val_mae 0.0986, val_rmse 0.1291, val_r2 0.7859, val_pearson 0.8868, lr 2.70e-05 ---
2026-10-01 07:54:36,807 - INFO - 
****************************************************************************************************
2026-10-01 07:54:38,671 - INFO - --- training epoch 160, loss 0.0105, mae 0.1070, rmse 0.1447, time elapsed(min) 0.02---
2026-10-01 07:54:38,875 - INFO - --- validation at epoch 160, val_loss 0.0088, val_mae 0.0980, val_rmse 0.1294, val_r2 0.7849, val_pearson 0.8867, lr 2.70e-05 ---
2026-10-01 07:54:38,875 - INFO - 
****************************************************************************************************
2026-10-01 07:54:40,436 - INFO - --- training epoch 161, loss 0.0104, mae 0.1067, rmse 0.1445, time elapsed(min) 0.02---
2026-10-01 07:54:40,660 - INFO - --- validation at epoch 161, val_loss 0.0089, val_mae 0.0979, val_rmse 0.1293, val_r2 0.7853, val_pearson 0.8863, lr 2.70e-05 ---
2026-10-01 07:54:40,660 - INFO - 
****************************************************************************************************
2026-10-01 07:54:42,226 - INFO - --- training epoch 162, loss 0.0106, mae 0.1081, rmse 0.1457, time elapsed(min) 0.02---
2026-10-01 07:54:42,554 - INFO - --- validation at epoch 162, val_loss 0.0088, val_mae 0.0984, val_rmse 0.1292, val_r2 0.7857, val_pearson 0.8870, lr 2.70e-05 ---
2026-10-01 07:54:42,554 - INFO - 
****************************************************************************************************
2026-10-01 07:54:44,330 - INFO - --- training epoch 163, loss 0.0104, mae 0.1065, rmse 0.1442, time elapsed(min) 0.02---
2026-10-01 07:54:44,807 - INFO - --- validation at epoch 163, val_loss 0.0088, val_mae 0.0982, val_rmse 0.1297, val_r2 0.7838, val_pearson 0.8856, lr 2.70e-05 ---
2026-10-01 07:54:44,807 - INFO - 
****************************************************************************************************
2026-10-01 07:54:46,508 - INFO - --- training epoch 164, loss 0.0104, mae 0.1067, rmse 0.1441, time elapsed(min) 0.02---
2026-10-01 07:54:46,715 - INFO - --- validation at epoch 164, val_loss 0.0088, val_mae 0.0979, val_rmse 0.1294, val_r2 0.7849, val_pearson 0.8861, lr 2.70e-05 ---
2026-10-01 07:54:46,715 - INFO - 
****************************************************************************************************
2026-10-01 07:54:48,339 - INFO - --- training epoch 165, loss 0.0104, mae 0.1072, rmse 0.1442, time elapsed(min) 0.02---
2026-10-01 07:54:48,573 - INFO - --- validation at epoch 165, val_loss 0.0088, val_mae 0.0985, val_rmse 0.1294, val_r2 0.7849, val_pearson 0.8864, lr 2.70e-05 ---
2026-10-01 07:54:48,573 - INFO - 
****************************************************************************************************
2026-10-01 07:54:50,197 - INFO - --- training epoch 166, loss 0.0107, mae 0.1082, rmse 0.1461, time elapsed(min) 0.02---
2026-10-01 07:54:50,566 - INFO - --- validation at epoch 166, val_loss 0.0088, val_mae 0.0977, val_rmse 0.1293, val_r2 0.7852, val_pearson 0.8865, lr 2.70e-05 ---
2026-10-01 07:54:50,566 - INFO - 
****************************************************************************************************
2026-10-01 07:54:52,273 - INFO - --- training epoch 167, loss 0.0103, mae 0.1063, rmse 0.1437, time elapsed(min) 0.02---
2026-10-01 07:54:52,478 - INFO - --- validation at epoch 167, val_loss 0.0089, val_mae 0.0976, val_rmse 0.1296, val_r2 0.7841, val_pearson 0.8858, lr 2.70e-05 ---
2026-10-01 07:54:52,479 - INFO - 
****************************************************************************************************
2026-10-01 07:54:54,035 - INFO - --- training epoch 168, loss 0.0104, mae 0.1066, rmse 0.1442, time elapsed(min) 0.02---
2026-10-01 07:54:54,260 - INFO - --- validation at epoch 168, val_loss 0.0089, val_mae 0.0978, val_rmse 0.1293, val_r2 0.7852, val_pearson 0.8870, lr 2.70e-05 ---
2026-10-01 07:54:54,260 - INFO - 
****************************************************************************************************
2026-10-01 07:54:55,959 - INFO - --- training epoch 169, loss 0.0104, mae 0.1072, rmse 0.1446, time elapsed(min) 0.02---
2026-10-01 07:54:56,290 - INFO - --- validation at epoch 169, val_loss 0.0088, val_mae 0.0982, val_rmse 0.1290, val_r2 0.7861, val_pearson 0.8867, lr 2.70e-05 ---
2026-10-01 07:54:56,290 - INFO - 
****************************************************************************************************
2026-10-01 07:54:58,053 - INFO - --- training epoch 170, loss 0.0105, mae 0.1074, rmse 0.1447, time elapsed(min) 0.02---
2026-10-01 07:54:58,263 - INFO - --- validation at epoch 170, val_loss 0.0088, val_mae 0.0978, val_rmse 0.1289, val_r2 0.7867, val_pearson 0.8871, lr 2.70e-05 ---
2026-10-01 07:54:58,263 - INFO - 
****************************************************************************************************
2026-10-01 07:54:59,873 - INFO - --- training epoch 171, loss 0.0106, mae 0.1073, rmse 0.1455, time elapsed(min) 0.02---
2026-10-01 07:55:00,076 - INFO - --- validation at epoch 171, val_loss 0.0089, val_mae 0.0985, val_rmse 0.1301, val_r2 0.7826, val_pearson 0.8847, lr 8.10e-06 ---
2026-10-01 07:55:00,076 - INFO - 
****************************************************************************************************
2026-10-01 07:55:01,748 - INFO - --- training epoch 172, loss 0.0102, mae 0.1048, rmse 0.1427, time elapsed(min) 0.02---
2026-10-01 07:55:02,079 - INFO - --- validation at epoch 172, val_loss 0.0088, val_mae 0.0977, val_rmse 0.1293, val_r2 0.7851, val_pearson 0.8862, lr 8.10e-06 ---
2026-10-01 07:55:02,079 - INFO - 
****************************************************************************************************
2026-10-01 07:55:03,839 - INFO - --- training epoch 173, loss 0.0104, mae 0.1060, rmse 0.1439, time elapsed(min) 0.02---
2026-10-01 07:55:04,040 - INFO - --- validation at epoch 173, val_loss 0.0089, val_mae 0.0975, val_rmse 0.1296, val_r2 0.7842, val_pearson 0.8857, lr 8.10e-06 ---
2026-10-01 07:55:04,041 - INFO - 
****************************************************************************************************
2026-10-01 07:55:05,606 - INFO - --- training epoch 174, loss 0.0101, mae 0.1046, rmse 0.1420, time elapsed(min) 0.02---
2026-10-01 07:55:05,809 - INFO - --- validation at epoch 174, val_loss 0.0088, val_mae 0.0972, val_rmse 0.1290, val_r2 0.7863, val_pearson 0.8868, lr 8.10e-06 ---
2026-10-01 07:55:05,809 - INFO - 
****************************************************************************************************
2026-10-01 07:55:07,371 - INFO - --- training epoch 175, loss 0.0103, mae 0.1061, rmse 0.1436, time elapsed(min) 0.02---
2026-10-01 07:55:07,698 - INFO - --- validation at epoch 175, val_loss 0.0088, val_mae 0.0976, val_rmse 0.1294, val_r2 0.7848, val_pearson 0.8860, lr 8.10e-06 ---
2026-10-01 07:55:07,698 - INFO - 
****************************************************************************************************
2026-10-01 07:55:09,478 - INFO - --- training epoch 176, loss 0.0103, mae 0.1061, rmse 0.1434, time elapsed(min) 0.02---
2026-10-01 07:55:09,682 - INFO - --- validation at epoch 176, val_loss 0.0087, val_mae 0.0973, val_rmse 0.1290, val_r2 0.7863, val_pearson 0.8868, lr 8.10e-06 ---
2026-10-01 07:55:09,682 - INFO - 
****************************************************************************************************
2026-10-01 07:55:11,458 - INFO - --- training epoch 177, loss 0.0103, mae 0.1060, rmse 0.1433, time elapsed(min) 0.02---
2026-10-01 07:55:11,665 - INFO - --- validation at epoch 177, val_loss 0.0087, val_mae 0.0975, val_rmse 0.1292, val_r2 0.7857, val_pearson 0.8864, lr 8.10e-06 ---
2026-10-01 07:55:11,666 - INFO - 
****************************************************************************************************
2026-10-01 07:55:13,452 - INFO - --- training epoch 178, loss 0.0102, mae 0.1050, rmse 0.1427, time elapsed(min) 0.02---
2026-10-01 07:55:13,778 - INFO - --- validation at epoch 178, val_loss 0.0087, val_mae 0.0972, val_rmse 0.1290, val_r2 0.7863, val_pearson 0.8868, lr 8.10e-06 ---
2026-10-01 07:55:13,779 - INFO - 
****************************************************************************************************
2026-10-01 07:55:15,430 - INFO - --- training epoch 179, loss 0.0102, mae 0.1054, rmse 0.1430, time elapsed(min) 0.02---
2026-10-01 07:55:15,936 - INFO - --- validation at epoch 179, val_loss 0.0088, val_mae 0.0976, val_rmse 0.1292, val_r2 0.7857, val_pearson 0.8864, lr 8.10e-06 ---
2026-10-01 07:55:15,936 - INFO - 
****************************************************************************************************
2026-10-01 07:55:17,496 - INFO - --- training epoch 180, loss 0.0103, mae 0.1064, rmse 0.1436, time elapsed(min) 0.02---
2026-10-01 07:55:17,697 - INFO - --- validation at epoch 180, val_loss 0.0088, val_mae 0.0974, val_rmse 0.1292, val_r2 0.7857, val_pearson 0.8864, lr 8.10e-06 ---
2026-10-01 07:55:17,697 - INFO - 
****************************************************************************************************
2026-10-01 07:55:19,266 - INFO - --- training epoch 181, loss 0.0102, mae 0.1059, rmse 0.1427, time elapsed(min) 0.02---
2026-10-01 07:55:19,478 - INFO - --- validation at epoch 181, val_loss 0.0088, val_mae 0.0972, val_rmse 0.1289, val_r2 0.7864, val_pearson 0.8869, lr 8.10e-06 ---
2026-10-01 07:55:19,478 - INFO - 
****************************************************************************************************
2026-10-01 07:55:21,183 - INFO - --- training epoch 182, loss 0.0105, mae 0.1066, rmse 0.1449, time elapsed(min) 0.02---
2026-10-01 07:55:21,565 - INFO - --- validation at epoch 182, val_loss 0.0087, val_mae 0.0973, val_rmse 0.1291, val_r2 0.7859, val_pearson 0.8866, lr 8.10e-06 ---
2026-10-01 07:55:21,565 - INFO - 
****************************************************************************************************
2026-10-01 07:55:23,344 - INFO - --- training epoch 183, loss 0.0102, mae 0.1056, rmse 0.1426, time elapsed(min) 0.02---
2026-10-01 07:55:23,553 - INFO - --- validation at epoch 183, val_loss 0.0087, val_mae 0.0972, val_rmse 0.1290, val_r2 0.7864, val_pearson 0.8871, lr 8.10e-06 ---
2026-10-01 07:55:23,553 - INFO - 
****************************************************************************************************
2026-10-01 07:55:25,202 - INFO - --- training epoch 184, loss 0.0103, mae 0.1056, rmse 0.1434, time elapsed(min) 0.02---
2026-10-01 07:55:25,409 - INFO - --- validation at epoch 184, val_loss 0.0088, val_mae 0.0975, val_rmse 0.1293, val_r2 0.7853, val_pearson 0.8863, lr 8.10e-06 ---
2026-10-01 07:55:25,409 - INFO - 
****************************************************************************************************
2026-10-01 07:55:26,955 - INFO - --- training epoch 185, loss 0.0104, mae 0.1069, rmse 0.1442, time elapsed(min) 0.02---
2026-10-01 07:55:27,288 - INFO - --- validation at epoch 185, val_loss 0.0087, val_mae 0.0973, val_rmse 0.1293, val_r2 0.7852, val_pearson 0.8862, lr 8.10e-06 ---
2026-10-01 07:55:27,288 - INFO - 
****************************************************************************************************
2026-10-01 07:55:29,109 - INFO - --- training epoch 186, loss 0.0103, mae 0.1053, rmse 0.1432, time elapsed(min) 0.03---
2026-10-01 07:55:29,315 - INFO - --- validation at epoch 186, val_loss 0.0087, val_mae 0.0972, val_rmse 0.1290, val_r2 0.7862, val_pearson 0.8869, lr 8.10e-06 ---
2026-10-01 07:55:29,315 - INFO - 
****************************************************************************************************
2026-10-01 07:55:30,865 - INFO - --- training epoch 187, loss 0.0102, mae 0.1056, rmse 0.1428, time elapsed(min) 0.02---
2026-10-01 07:55:31,067 - INFO - --- validation at epoch 187, val_loss 0.0088, val_mae 0.0973, val_rmse 0.1291, val_r2 0.7859, val_pearson 0.8866, lr 8.10e-06 ---
2026-10-01 07:55:31,067 - INFO - 
****************************************************************************************************
2026-10-01 07:55:32,670 - INFO - --- training epoch 188, loss 0.0102, mae 0.1054, rmse 0.1429, time elapsed(min) 0.02---
2026-10-01 07:55:32,998 - INFO - --- validation at epoch 188, val_loss 0.0088, val_mae 0.0974, val_rmse 0.1292, val_r2 0.7855, val_pearson 0.8863, lr 8.10e-06 ---
2026-10-01 07:55:32,998 - INFO - 
****************************************************************************************************
2026-10-01 07:55:34,620 - INFO - --- training epoch 189, loss 0.0101, mae 0.1041, rmse 0.1420, time elapsed(min) 0.02---
2026-10-01 07:55:34,977 - INFO - --- validation at epoch 189, val_loss 0.0087, val_mae 0.0973, val_rmse 0.1288, val_r2 0.7869, val_pearson 0.8871, lr 8.10e-06 ---
2026-10-01 07:55:34,977 - INFO - 
****************************************************************************************************
2026-10-01 07:55:36,716 - INFO - --- training epoch 190, loss 0.0103, mae 0.1057, rmse 0.1437, time elapsed(min) 0.02---
2026-10-01 07:55:36,937 - INFO - --- validation at epoch 190, val_loss 0.0088, val_mae 0.0977, val_rmse 0.1293, val_r2 0.7852, val_pearson 0.8863, lr 8.10e-06 ---
2026-10-01 07:55:36,937 - INFO - 
****************************************************************************************************
2026-10-01 07:55:38,500 - INFO - --- training epoch 191, loss 0.0101, mae 0.1053, rmse 0.1424, time elapsed(min) 0.02---
2026-10-01 07:55:38,703 - INFO - --- validation at epoch 191, val_loss 0.0088, val_mae 0.0969, val_rmse 0.1288, val_r2 0.7870, val_pearson 0.8872, lr 8.10e-06 ---
2026-10-01 07:55:38,703 - INFO - 
****************************************************************************************************
2026-10-01 07:55:40,279 - INFO - --- training epoch 192, loss 0.0102, mae 0.1047, rmse 0.1425, time elapsed(min) 0.02---
2026-10-01 07:55:40,660 - INFO - --- validation at epoch 192, val_loss 0.0088, val_mae 0.0975, val_rmse 0.1292, val_r2 0.7855, val_pearson 0.8866, lr 8.10e-06 ---
2026-10-01 07:55:40,660 - INFO - 
****************************************************************************************************
2026-10-01 07:55:42,323 - INFO - --- training epoch 193, loss 0.0099, mae 0.1037, rmse 0.1407, time elapsed(min) 0.02---
2026-10-01 07:55:42,532 - INFO - --- validation at epoch 193, val_loss 0.0088, val_mae 0.0971, val_rmse 0.1288, val_r2 0.7867, val_pearson 0.8873, lr 8.10e-06 ---
2026-10-01 07:55:42,532 - INFO - 
****************************************************************************************************
2026-10-01 07:55:44,125 - INFO - --- training epoch 194, loss 0.0102, mae 0.1056, rmse 0.1429, time elapsed(min) 0.02---
2026-10-01 07:55:44,344 - INFO - --- validation at epoch 194, val_loss 0.0088, val_mae 0.0970, val_rmse 0.1290, val_r2 0.7863, val_pearson 0.8868, lr 8.10e-06 ---
2026-10-01 07:55:44,344 - INFO - 
****************************************************************************************************
2026-10-01 07:55:45,967 - INFO - --- training epoch 195, loss 0.0102, mae 0.1048, rmse 0.1430, time elapsed(min) 0.02---
2026-10-01 07:55:46,306 - INFO - --- validation at epoch 195, val_loss 0.0087, val_mae 0.0968, val_rmse 0.1288, val_r2 0.7869, val_pearson 0.8872, lr 8.10e-06 ---
2026-10-01 07:55:46,306 - INFO - 
****************************************************************************************************
2026-10-01 07:55:48,056 - INFO - --- training epoch 196, loss 0.0104, mae 0.1060, rmse 0.1440, time elapsed(min) 0.02---
2026-10-01 07:55:48,265 - INFO - --- validation at epoch 196, val_loss 0.0087, val_mae 0.0968, val_rmse 0.1286, val_r2 0.7877, val_pearson 0.8876, lr 8.10e-06 ---
2026-10-01 07:55:48,265 - INFO - 
****************************************************************************************************
2026-10-01 07:55:49,902 - INFO - --- training epoch 197, loss 0.0101, mae 0.1041, rmse 0.1422, time elapsed(min) 0.02---
2026-10-01 07:55:50,103 - INFO - --- validation at epoch 197, val_loss 0.0087, val_mae 0.0968, val_rmse 0.1288, val_r2 0.7869, val_pearson 0.8873, lr 8.10e-06 ---
2026-10-01 07:55:50,103 - INFO - 
****************************************************************************************************
2026-10-01 07:55:51,770 - INFO - --- training epoch 198, loss 0.0102, mae 0.1047, rmse 0.1426, time elapsed(min) 0.02---
2026-10-01 07:55:51,972 - INFO - --- validation at epoch 198, val_loss 0.0087, val_mae 0.0967, val_rmse 0.1283, val_r2 0.7884, val_pearson 0.8881, lr 8.10e-06 ---
2026-10-01 07:55:51,973 - INFO - 
****************************************************************************************************
2026-10-01 07:55:53,730 - INFO - --- training epoch 199, loss 0.0101, mae 0.1040, rmse 0.1418, time elapsed(min) 0.02---
2026-10-01 07:55:54,224 - INFO - --- validation at epoch 199, val_loss 0.0087, val_mae 0.0972, val_rmse 0.1288, val_r2 0.7867, val_pearson 0.8872, lr 8.10e-06 ---
2026-10-01 07:55:54,224 - INFO - 
****************************************************************************************************
2026-10-01 07:55:55,773 - INFO - --- training epoch 200, loss 0.0101, mae 0.1050, rmse 0.1423, time elapsed(min) 0.02---
2026-10-01 07:55:55,981 - INFO - --- validation at epoch 200, val_loss 0.0088, val_mae 0.0972, val_rmse 0.1292, val_r2 0.7854, val_pearson 0.8865, lr 8.10e-06 ---
2026-10-01 07:55:55,981 - INFO - 
****************************************************************************************************
2026-10-01 07:55:57,528 - INFO - --- training epoch 201, loss 0.0103, mae 0.1056, rmse 0.1435, time elapsed(min) 0.02---
2026-10-01 07:55:57,737 - INFO - --- validation at epoch 201, val_loss 0.0088, val_mae 0.0973, val_rmse 0.1293, val_r2 0.7852, val_pearson 0.8862, lr 8.10e-06 ---
2026-10-01 07:55:57,737 - INFO - 
****************************************************************************************************
2026-10-01 07:55:59,394 - INFO - --- training epoch 202, loss 0.0100, mae 0.1042, rmse 0.1414, time elapsed(min) 0.02---
2026-10-01 07:55:59,755 - INFO - --- validation at epoch 202, val_loss 0.0087, val_mae 0.0970, val_rmse 0.1287, val_r2 0.7872, val_pearson 0.8873, lr 8.10e-06 ---
2026-10-01 07:55:59,755 - INFO - 
****************************************************************************************************
2026-10-01 07:56:01,498 - INFO - --- training epoch 203, loss 0.0103, mae 0.1054, rmse 0.1434, time elapsed(min) 0.02---
2026-10-01 07:56:01,755 - INFO - --- validation at epoch 203, val_loss 0.0087, val_mae 0.0970, val_rmse 0.1286, val_r2 0.7874, val_pearson 0.8876, lr 8.10e-06 ---
2026-10-01 07:56:01,755 - INFO - 
****************************************************************************************************
2026-10-01 07:56:03,328 - INFO - --- training epoch 204, loss 0.0102, mae 0.1049, rmse 0.1428, time elapsed(min) 0.02---
2026-10-01 07:56:03,530 - INFO - --- validation at epoch 204, val_loss 0.0087, val_mae 0.0969, val_rmse 0.1285, val_r2 0.7878, val_pearson 0.8877, lr 8.10e-06 ---
2026-10-01 07:56:03,530 - INFO - 
****************************************************************************************************
2026-10-01 07:56:05,262 - INFO - --- training epoch 205, loss 0.0102, mae 0.1047, rmse 0.1426, time elapsed(min) 0.02---
2026-10-01 07:56:05,635 - INFO - --- validation at epoch 205, val_loss 0.0087, val_mae 0.0970, val_rmse 0.1288, val_r2 0.7870, val_pearson 0.8873, lr 8.10e-06 ---
2026-10-01 07:56:05,635 - INFO - 
****************************************************************************************************
2026-10-01 07:56:07,393 - INFO - --- training epoch 206, loss 0.0105, mae 0.1070, rmse 0.1447, time elapsed(min) 0.02---
2026-10-01 07:56:07,618 - INFO - --- validation at epoch 206, val_loss 0.0087, val_mae 0.0969, val_rmse 0.1287, val_r2 0.7872, val_pearson 0.8873, lr 8.10e-06 ---
2026-10-01 07:56:07,618 - INFO - 
****************************************************************************************************
2026-10-01 07:56:09,193 - INFO - --- training epoch 207, loss 0.0104, mae 0.1062, rmse 0.1440, time elapsed(min) 0.02---
2026-10-01 07:56:09,404 - INFO - --- validation at epoch 207, val_loss 0.0086, val_mae 0.0967, val_rmse 0.1283, val_r2 0.7887, val_pearson 0.8883, lr 8.10e-06 ---
2026-10-01 07:56:09,404 - INFO - 
****************************************************************************************************
2026-10-01 07:56:11,149 - INFO - --- training epoch 208, loss 0.0103, mae 0.1064, rmse 0.1438, time elapsed(min) 0.02---
2026-10-01 07:56:11,527 - INFO - --- validation at epoch 208, val_loss 0.0087, val_mae 0.0969, val_rmse 0.1283, val_r2 0.7886, val_pearson 0.8881, lr 8.10e-06 ---
2026-10-01 07:56:11,527 - INFO - 
****************************************************************************************************
2026-10-01 07:56:13,344 - INFO - --- training epoch 209, loss 0.0102, mae 0.1059, rmse 0.1429, time elapsed(min) 0.03---
2026-10-01 07:56:13,552 - INFO - --- validation at epoch 209, val_loss 0.0087, val_mae 0.0969, val_rmse 0.1288, val_r2 0.7870, val_pearson 0.8874, lr 8.10e-06 ---
2026-10-01 07:56:13,552 - INFO - 
****************************************************************************************************
2026-10-01 07:56:15,194 - INFO - --- training epoch 210, loss 0.0102, mae 0.1049, rmse 0.1429, time elapsed(min) 0.02---
2026-10-01 07:56:15,414 - INFO - --- validation at epoch 210, val_loss 0.0087, val_mae 0.0968, val_rmse 0.1287, val_r2 0.7873, val_pearson 0.8874, lr 8.10e-06 ---
2026-10-01 07:56:15,414 - INFO - 
****************************************************************************************************
2026-10-01 07:56:17,028 - INFO - --- training epoch 211, loss 0.0103, mae 0.1057, rmse 0.1433, time elapsed(min) 0.02---
2026-10-01 07:56:17,358 - INFO - --- validation at epoch 211, val_loss 0.0087, val_mae 0.0965, val_rmse 0.1286, val_r2 0.7874, val_pearson 0.8875, lr 8.10e-06 ---
2026-10-01 07:56:17,358 - INFO - 
****************************************************************************************************
2026-10-01 07:56:19,176 - INFO - --- training epoch 212, loss 0.0103, mae 0.1052, rmse 0.1432, time elapsed(min) 0.03---
2026-10-01 07:56:19,378 - INFO - --- validation at epoch 212, val_loss 0.0087, val_mae 0.0969, val_rmse 0.1284, val_r2 0.7883, val_pearson 0.8879, lr 8.10e-06 ---
2026-10-01 07:56:19,378 - INFO - 
****************************************************************************************************
2026-10-01 07:56:20,943 - INFO - --- training epoch 213, loss 0.0100, mae 0.1042, rmse 0.1413, time elapsed(min) 0.02---
2026-10-01 07:56:21,145 - INFO - --- validation at epoch 213, val_loss 0.0087, val_mae 0.0968, val_rmse 0.1289, val_r2 0.7865, val_pearson 0.8871, lr 8.10e-06 ---
2026-10-01 07:56:21,145 - INFO - 
****************************************************************************************************
2026-10-01 07:56:22,704 - INFO - --- training epoch 214, loss 0.0102, mae 0.1055, rmse 0.1426, time elapsed(min) 0.02---
2026-10-01 07:56:23,032 - INFO - --- validation at epoch 214, val_loss 0.0087, val_mae 0.0968, val_rmse 0.1289, val_r2 0.7864, val_pearson 0.8871, lr 8.10e-06 ---
2026-10-01 07:56:23,032 - INFO - 
****************************************************************************************************
2026-10-01 07:56:24,740 - INFO - --- training epoch 215, loss 0.0103, mae 0.1061, rmse 0.1433, time elapsed(min) 0.02---
2026-10-01 07:56:25,225 - INFO - --- validation at epoch 215, val_loss 0.0086, val_mae 0.0967, val_rmse 0.1285, val_r2 0.7877, val_pearson 0.8876, lr 8.10e-06 ---
2026-10-01 07:56:25,225 - INFO - 
****************************************************************************************************
2026-10-01 07:56:26,849 - INFO - --- training epoch 216, loss 0.0103, mae 0.1058, rmse 0.1437, time elapsed(min) 0.02---
2026-10-01 07:56:27,058 - INFO - --- validation at epoch 216, val_loss 0.0087, val_mae 0.0964, val_rmse 0.1286, val_r2 0.7875, val_pearson 0.8875, lr 8.10e-06 ---
2026-10-01 07:56:27,058 - INFO - 
****************************************************************************************************
2026-10-01 07:56:28,645 - INFO - --- training epoch 217, loss 0.0102, mae 0.1050, rmse 0.1427, time elapsed(min) 0.02---
2026-10-01 07:56:28,855 - INFO - --- validation at epoch 217, val_loss 0.0087, val_mae 0.0968, val_rmse 0.1289, val_r2 0.7865, val_pearson 0.8870, lr 8.10e-06 ---
2026-10-01 07:56:28,855 - INFO - 
****************************************************************************************************
2026-10-01 07:56:30,589 - INFO - --- training epoch 218, loss 0.0102, mae 0.1056, rmse 0.1430, time elapsed(min) 0.02---
2026-10-01 07:56:31,080 - INFO - --- validation at epoch 218, val_loss 0.0087, val_mae 0.0970, val_rmse 0.1288, val_r2 0.7870, val_pearson 0.8876, lr 8.10e-06 ---
2026-10-01 07:56:31,080 - INFO - 
****************************************************************************************************
2026-10-01 07:56:32,713 - INFO - --- training epoch 219, loss 0.0101, mae 0.1053, rmse 0.1423, time elapsed(min) 0.02---
2026-10-01 07:56:32,916 - INFO - --- validation at epoch 219, val_loss 0.0087, val_mae 0.0966, val_rmse 0.1288, val_r2 0.7870, val_pearson 0.8872, lr 2.43e-06 ---
2026-10-01 07:56:32,916 - INFO - 
****************************************************************************************************
2026-10-01 07:56:34,574 - INFO - --- training epoch 220, loss 0.0101, mae 0.1044, rmse 0.1423, time elapsed(min) 0.02---
2026-10-01 07:56:34,777 - INFO - --- validation at epoch 220, val_loss 0.0087, val_mae 0.0966, val_rmse 0.1289, val_r2 0.7867, val_pearson 0.8870, lr 2.43e-06 ---
2026-10-01 07:56:34,777 - INFO - 
****************************************************************************************************
2026-10-01 07:56:36,556 - INFO - --- training epoch 221, loss 0.0099, mae 0.1044, rmse 0.1409, time elapsed(min) 0.02---
2026-10-01 07:56:36,762 - INFO - --- validation at epoch 221, val_loss 0.0087, val_mae 0.0965, val_rmse 0.1287, val_r2 0.7874, val_pearson 0.8874, lr 2.43e-06 ---
2026-10-01 07:56:36,762 - INFO - 
****************************************************************************************************
2026-10-01 07:56:38,373 - INFO - --- training epoch 222, loss 0.0102, mae 0.1051, rmse 0.1429, time elapsed(min) 0.02---
2026-10-01 07:56:38,622 - INFO - --- validation at epoch 222, val_loss 0.0087, val_mae 0.0966, val_rmse 0.1286, val_r2 0.7875, val_pearson 0.8875, lr 2.43e-06 ---
2026-10-01 07:56:38,623 - INFO - 
****************************************************************************************************
2026-10-01 07:56:40,264 - INFO - --- training epoch 223, loss 0.0101, mae 0.1042, rmse 0.1418, time elapsed(min) 0.02---
2026-10-01 07:56:40,467 - INFO - --- validation at epoch 223, val_loss 0.0087, val_mae 0.0965, val_rmse 0.1287, val_r2 0.7873, val_pearson 0.8874, lr 2.43e-06 ---
2026-10-01 07:56:40,468 - INFO - 
****************************************************************************************************
2026-10-01 07:56:42,133 - INFO - --- training epoch 224, loss 0.0102, mae 0.1042, rmse 0.1428, time elapsed(min) 0.02---
2026-10-01 07:56:42,618 - INFO - --- validation at epoch 224, val_loss 0.0087, val_mae 0.0967, val_rmse 0.1288, val_r2 0.7870, val_pearson 0.8873, lr 2.43e-06 ---
2026-10-01 07:56:42,618 - INFO - 
****************************************************************************************************
2026-10-01 07:56:44,178 - INFO - --- training epoch 225, loss 0.0102, mae 0.1054, rmse 0.1426, time elapsed(min) 0.02---
2026-10-01 07:56:44,383 - INFO - --- validation at epoch 225, val_loss 0.0087, val_mae 0.0966, val_rmse 0.1289, val_r2 0.7865, val_pearson 0.8870, lr 2.43e-06 ---
2026-10-01 07:56:44,383 - INFO - 
****************************************************************************************************
2026-10-01 07:56:45,958 - INFO - --- training epoch 226, loss 0.0101, mae 0.1048, rmse 0.1424, time elapsed(min) 0.02---
2026-10-01 07:56:46,165 - INFO - --- validation at epoch 226, val_loss 0.0087, val_mae 0.0967, val_rmse 0.1290, val_r2 0.7864, val_pearson 0.8869, lr 2.43e-06 ---
2026-10-01 07:56:46,165 - INFO - 
****************************************************************************************************
2026-10-01 07:56:47,846 - INFO - --- training epoch 227, loss 0.0102, mae 0.1053, rmse 0.1428, time elapsed(min) 0.02---
2026-10-01 07:56:48,212 - INFO - --- validation at epoch 227, val_loss 0.0087, val_mae 0.0965, val_rmse 0.1286, val_r2 0.7875, val_pearson 0.8875, lr 2.43e-06 ---
2026-10-01 07:56:48,212 - INFO - 
****************************************************************************************************
2026-10-01 07:56:49,885 - INFO - --- training epoch 228, loss 0.0102, mae 0.1053, rmse 0.1428, time elapsed(min) 0.02---
2026-10-01 07:56:50,092 - INFO - --- validation at epoch 228, val_loss 0.0087, val_mae 0.0967, val_rmse 0.1288, val_r2 0.7869, val_pearson 0.8872, lr 2.43e-06 ---
2026-10-01 07:56:50,092 - INFO - 
****************************************************************************************************
2026-10-01 07:56:51,701 - INFO - --- training epoch 229, loss 0.0100, mae 0.1036, rmse 0.1414, time elapsed(min) 0.02---
2026-10-01 07:56:51,915 - INFO - --- validation at epoch 229, val_loss 0.0087, val_mae 0.0966, val_rmse 0.1286, val_r2 0.7876, val_pearson 0.8876, lr 2.43e-06 ---
2026-10-01 07:56:51,915 - INFO - 
****************************************************************************************************
2026-10-01 07:56:53,531 - INFO - --- training epoch 230, loss 0.0100, mae 0.1045, rmse 0.1412, time elapsed(min) 0.02---
2026-10-01 07:56:53,858 - INFO - --- validation at epoch 230, val_loss 0.0087, val_mae 0.0966, val_rmse 0.1286, val_r2 0.7875, val_pearson 0.8875, lr 1.00e-06 ---
2026-10-01 07:56:53,858 - INFO - 
****************************************************************************************************
2026-10-01 07:56:55,679 - INFO - --- training epoch 231, loss 0.0102, mae 0.1048, rmse 0.1428, time elapsed(min) 0.03---
2026-10-01 07:56:55,881 - INFO - --- validation at epoch 231, val_loss 0.0087, val_mae 0.0966, val_rmse 0.1288, val_r2 0.7868, val_pearson 0.8871, lr 1.00e-06 ---
2026-10-01 07:56:55,881 - INFO - 
****************************************************************************************************
2026-10-01 07:56:57,435 - INFO - --- training epoch 232, loss 0.0102, mae 0.1054, rmse 0.1426, time elapsed(min) 0.02---
2026-10-01 07:56:57,635 - INFO - --- validation at epoch 232, val_loss 0.0087, val_mae 0.0965, val_rmse 0.1288, val_r2 0.7868, val_pearson 0.8872, lr 1.00e-06 ---
2026-10-01 07:56:57,635 - INFO - 
****************************************************************************************************
2026-10-01 07:56:59,206 - INFO - --- training epoch 233, loss 0.0099, mae 0.1038, rmse 0.1407, time elapsed(min) 0.02---
2026-10-01 07:56:59,531 - INFO - --- validation at epoch 233, val_loss 0.0087, val_mae 0.0965, val_rmse 0.1288, val_r2 0.7870, val_pearson 0.8873, lr 1.00e-06 ---
2026-10-01 07:56:59,531 - INFO - 
****************************************************************************************************
2026-10-01 07:57:01,297 - INFO - --- training epoch 234, loss 0.0102, mae 0.1048, rmse 0.1430, time elapsed(min) 0.02---
2026-10-01 07:57:01,666 - INFO - --- validation at epoch 234, val_loss 0.0087, val_mae 0.0965, val_rmse 0.1287, val_r2 0.7873, val_pearson 0.8874, lr 1.00e-06 ---
2026-10-01 07:57:01,666 - INFO - 
****************************************************************************************************
2026-10-01 07:57:03,326 - INFO - --- training epoch 235, loss 0.0101, mae 0.1043, rmse 0.1419, time elapsed(min) 0.02---
2026-10-01 07:57:03,532 - INFO - --- validation at epoch 235, val_loss 0.0087, val_mae 0.0966, val_rmse 0.1288, val_r2 0.7869, val_pearson 0.8872, lr 1.00e-06 ---
2026-10-01 07:57:03,532 - INFO - 
****************************************************************************************************
2026-10-01 07:57:05,106 - INFO - --- training epoch 236, loss 0.0102, mae 0.1046, rmse 0.1431, time elapsed(min) 0.02---
2026-10-01 07:57:05,310 - INFO - --- validation at epoch 236, val_loss 0.0087, val_mae 0.0966, val_rmse 0.1288, val_r2 0.7870, val_pearson 0.8872, lr 1.00e-06 ---
2026-10-01 07:57:05,310 - INFO - 
****************************************************************************************************
2026-10-01 07:57:07,013 - INFO - --- training epoch 237, loss 0.0101, mae 0.1051, rmse 0.1421, time elapsed(min) 0.02---
2026-10-01 07:57:07,342 - INFO - --- validation at epoch 237, val_loss 0.0087, val_mae 0.0966, val_rmse 0.1288, val_r2 0.7869, val_pearson 0.8872, lr 1.00e-06 ---
2026-10-01 07:57:07,342 - INFO - 
****************************************************************************************************
2026-10-01 07:57:09,100 - INFO - --- training epoch 238, loss 0.0103, mae 0.1060, rmse 0.1434, time elapsed(min) 0.02---
2026-10-01 07:57:09,344 - INFO - --- validation at epoch 238, val_loss 0.0087, val_mae 0.0966, val_rmse 0.1288, val_r2 0.7869, val_pearson 0.8872, lr 1.00e-06 ---
2026-10-01 07:57:09,345 - INFO - 
****************************************************************************************************
2026-10-01 07:57:10,984 - INFO - --- training epoch 239, loss 0.0099, mae 0.1036, rmse 0.1410, time elapsed(min) 0.02---
2026-10-01 07:57:11,191 - INFO - --- validation at epoch 239, val_loss 0.0087, val_mae 0.0965, val_rmse 0.1287, val_r2 0.7873, val_pearson 0.8874, lr 1.00e-06 ---
2026-10-01 07:57:11,191 - INFO - 
****************************************************************************************************
2026-10-01 07:57:12,756 - INFO - --- training epoch 240, loss 0.0102, mae 0.1047, rmse 0.1430, time elapsed(min) 0.02---
2026-10-01 07:57:13,084 - INFO - --- validation at epoch 240, val_loss 0.0087, val_mae 0.0966, val_rmse 0.1287, val_r2 0.7872, val_pearson 0.8874, lr 1.00e-06 ---
2026-10-01 07:57:13,084 - INFO - 
****************************************************************************************************
2026-10-01 07:57:14,849 - INFO - --- training epoch 241, loss 0.0101, mae 0.1040, rmse 0.1419, time elapsed(min) 0.02---
2026-10-01 07:57:15,054 - INFO - --- validation at epoch 241, val_loss 0.0087, val_mae 0.0966, val_rmse 0.1287, val_r2 0.7871, val_pearson 0.8873, lr 1.00e-06 ---
2026-10-01 07:57:15,054 - INFO - 
****************************************************************************************************
2026-10-01 07:57:16,615 - INFO - --- training epoch 242, loss 0.0101, mae 0.1048, rmse 0.1424, time elapsed(min) 0.02---
2026-10-01 07:57:16,836 - INFO - --- validation at epoch 242, val_loss 0.0087, val_mae 0.0966, val_rmse 0.1287, val_r2 0.7872, val_pearson 0.8874, lr 1.00e-06 ---
2026-10-01 07:57:16,836 - INFO - 
****************************************************************************************************
2026-10-01 07:57:18,411 - INFO - --- training epoch 243, loss 0.0102, mae 0.1049, rmse 0.1426, time elapsed(min) 0.02---
2026-10-01 07:57:18,738 - INFO - --- validation at epoch 243, val_loss 0.0087, val_mae 0.0966, val_rmse 0.1288, val_r2 0.7870, val_pearson 0.8873, lr 1.00e-06 ---
2026-10-01 07:57:18,738 - INFO - 
****************************************************************************************************
2026-10-01 07:57:20,386 - INFO - --- training epoch 244, loss 0.0102, mae 0.1057, rmse 0.1431, time elapsed(min) 0.02---
2026-10-01 07:57:20,761 - INFO - --- validation at epoch 244, val_loss 0.0087, val_mae 0.0966, val_rmse 0.1288, val_r2 0.7870, val_pearson 0.8872, lr 1.00e-06 ---
2026-10-01 07:57:20,761 - INFO - 
****************************************************************************************************
2026-10-01 07:57:22,430 - INFO - --- training epoch 245, loss 0.0101, mae 0.1051, rmse 0.1423, time elapsed(min) 0.02---
2026-10-01 07:57:22,634 - INFO - --- validation at epoch 245, val_loss 0.0087, val_mae 0.0966, val_rmse 0.1286, val_r2 0.7875, val_pearson 0.8875, lr 1.00e-06 ---
2026-10-01 07:57:22,634 - INFO - 
****************************************************************************************************
2026-10-01 07:57:24,229 - INFO - --- training epoch 246, loss 0.0101, mae 0.1042, rmse 0.1419, time elapsed(min) 0.02---
2026-10-01 07:57:24,436 - INFO - --- validation at epoch 246, val_loss 0.0087, val_mae 0.0966, val_rmse 0.1287, val_r2 0.7873, val_pearson 0.8874, lr 1.00e-06 ---
2026-10-01 07:57:24,436 - INFO - 
****************************************************************************************************
2026-10-01 07:57:26,091 - INFO - --- training epoch 247, loss 0.0101, mae 0.1051, rmse 0.1421, time elapsed(min) 0.02---
2026-10-01 07:57:26,504 - INFO - --- validation at epoch 247, val_loss 0.0087, val_mae 0.0966, val_rmse 0.1287, val_r2 0.7873, val_pearson 0.8874, lr 1.00e-06 ---
2026-10-01 07:57:26,504 - INFO - 
****************************************************************************************************
2026-10-01 07:57:28,165 - INFO - --- training epoch 248, loss 0.0099, mae 0.1045, rmse 0.1407, time elapsed(min) 0.02---
2026-10-01 07:57:28,391 - INFO - --- validation at epoch 248, val_loss 0.0087, val_mae 0.0967, val_rmse 0.1287, val_r2 0.7872, val_pearson 0.8873, lr 1.00e-06 ---
2026-10-01 07:57:28,391 - INFO - 
****************************************************************************************************
2026-10-01 07:57:29,954 - INFO - --- training epoch 249, loss 0.0102, mae 0.1049, rmse 0.1429, time elapsed(min) 0.02---
2026-10-01 07:57:30,155 - INFO - --- validation at epoch 249, val_loss 0.0087, val_mae 0.0966, val_rmse 0.1288, val_r2 0.7870, val_pearson 0.8873, lr 1.00e-06 ---
2026-10-01 07:57:30,155 - INFO - 
****************************************************************************************************
2026-10-01 07:57:31,845 - INFO - --- training epoch 250, loss 0.0101, mae 0.1043, rmse 0.1418, time elapsed(min) 0.02---
2026-10-01 07:57:32,225 - INFO - --- validation at epoch 250, val_loss 0.0087, val_mae 0.0966, val_rmse 0.1286, val_r2 0.7875, val_pearson 0.8875, lr 1.00e-06 ---
2026-10-01 07:57:32,225 - INFO - 
****************************************************************************************************
2026-10-01 07:57:33,916 - INFO - --- training epoch 251, loss 0.0101, mae 0.1048, rmse 0.1425, time elapsed(min) 0.02---
2026-10-01 07:57:34,142 - INFO - --- validation at epoch 251, val_loss 0.0087, val_mae 0.0965, val_rmse 0.1285, val_r2 0.7878, val_pearson 0.8877, lr 1.00e-06 ---
2026-10-01 07:57:34,142 - INFO - 
****************************************************************************************************
2026-10-01 07:57:35,822 - INFO - --- training epoch 252, loss 0.0102, mae 0.1057, rmse 0.1429, time elapsed(min) 0.02---
2026-10-01 07:57:36,025 - INFO - --- validation at epoch 252, val_loss 0.0087, val_mae 0.0965, val_rmse 0.1286, val_r2 0.7876, val_pearson 0.8876, lr 1.00e-06 ---
2026-10-01 07:57:36,026 - INFO - 
****************************************************************************************************
2026-10-01 07:57:37,622 - INFO - --- training epoch 253, loss 0.0099, mae 0.1030, rmse 0.1404, time elapsed(min) 0.02---
2026-10-01 07:57:37,955 - INFO - --- validation at epoch 253, val_loss 0.0087, val_mae 0.0965, val_rmse 0.1286, val_r2 0.7876, val_pearson 0.8876, lr 1.00e-06 ---
2026-10-01 07:57:37,955 - INFO - 
****************************************************************************************************
2026-10-01 07:57:39,785 - INFO - --- training epoch 254, loss 0.0100, mae 0.1047, rmse 0.1416, time elapsed(min) 0.03---
2026-10-01 07:57:39,991 - INFO - --- validation at epoch 254, val_loss 0.0087, val_mae 0.0965, val_rmse 0.1287, val_r2 0.7872, val_pearson 0.8874, lr 1.00e-06 ---
2026-10-01 07:57:39,991 - INFO - 
****************************************************************************************************
2026-10-01 07:57:41,556 - INFO - --- training epoch 255, loss 0.0101, mae 0.1045, rmse 0.1419, time elapsed(min) 0.02---
2026-10-01 07:57:41,762 - INFO - --- validation at epoch 255, val_loss 0.0087, val_mae 0.0966, val_rmse 0.1288, val_r2 0.7869, val_pearson 0.8872, lr 1.00e-06 ---
2026-10-01 07:57:41,762 - INFO - 
****************************************************************************************************
2026-10-01 07:57:43,447 - INFO - --- training epoch 256, loss 0.0100, mae 0.1044, rmse 0.1414, time elapsed(min) 0.02---
2026-10-01 07:57:43,777 - INFO - --- validation at epoch 256, val_loss 0.0087, val_mae 0.0965, val_rmse 0.1287, val_r2 0.7873, val_pearson 0.8874, lr 1.00e-06 ---
2026-10-01 07:57:43,777 - INFO - 
****************************************************************************************************
2026-10-01 07:57:45,428 - INFO - --- training epoch 257, loss 0.0098, mae 0.1037, rmse 0.1402, time elapsed(min) 0.02---
2026-10-01 07:57:45,909 - INFO - --- validation at epoch 257, val_loss 0.0087, val_mae 0.0965, val_rmse 0.1286, val_r2 0.7877, val_pearson 0.8876, lr 1.00e-06 ---
2026-10-01 07:57:45,909 - INFO - 
****************************************************************************************************
2026-10-01 07:57:46,187 - INFO - --- early stopping at epoch 257: val_loss did not improve for 50 epochs ---
2026-10-01 07:57:46,428 - INFO - --- selected checkpoint from epoch 207, val_loss 0.0086, val_mae 0.0967, val_rmse 0.1283
2026-10-01 07:57:47,167 - INFO - -- RESULT
2026-10-01 07:57:47,167 - INFO - --- test size: 1728
2026-10-01 07:57:47,167 - INFO - --- MAE: 0.1001 (10.01 pp), RMSE: 0.1357 (13.57 pp), R2: 0.7669, Pearson: 0.8758
2026-10-01 07:57:49,204 - INFO - --- Suzuki-Miyaura | split_2 | ind_mlp: test R2 0.7669 MAE 0.1001 RMSE 0.1357 | 498.2s (1.9s/epoch)
2026-10-01 07:57:49,209 - INFO - --- Suzuki-Miyaura | split_3 | current model (ind/linear) (ind/linear)
