2026-10-01 06:43:09,121 - INFO - device is	cuda:0
2026-10-01 06:43:09,230 - INFO - -- CONFIGURATIONS
2026-10-01 06:43:09,230 - INFO - --- train/valid/test: 3628/404/1728
2026-10-01 06:43:09,230 - INFO - --- max no. reactants_train, valid, test respectively: 14, 14, 14
2026-10-01 06:43:09,230 - INFO - --- max no. products_train, valid, test respectively: 1, 1, 1
2026-10-01 06:43:09,230 - INFO - --- model_path: ../logs/approach2_grid_suzuki/e400/runs/Suzuki-Miyaura_split_0_ind_mlp/model.pt
2026-10-01 06:43:09,237 - INFO - -- TRAINING
2026-10-01 06:43:10,588 - INFO - --- training epoch 0, loss 0.8530, mae 1.1595, rmse 2.9433, time elapsed(min) 0.02---
2026-10-01 06:43:10,794 - INFO - --- validation at epoch 0, val_loss 0.0493, val_mae 0.2613, val_rmse 0.3177, val_r2 -0.1228, val_pearson 0.2439, lr 1.00e-03 ---
2026-10-01 06:43:10,794 - INFO - 
****************************************************************************************************
2026-10-01 06:43:12,659 - INFO - --- training epoch 1, loss 0.0410, mae 0.2465, rmse 0.2864, time elapsed(min) 0.02---
2026-10-01 06:43:13,027 - INFO - --- validation at epoch 1, val_loss 0.0433, val_mae 0.2586, val_rmse 0.2989, val_r2 0.0058, val_pearson 0.2726, lr 1.00e-03 ---
2026-10-01 06:43:13,027 - INFO - 
****************************************************************************************************
2026-10-01 06:43:14,936 - INFO - --- training epoch 2, loss 0.0388, mae 0.2400, rmse 0.2786, time elapsed(min) 0.03---
2026-10-01 06:43:15,187 - INFO - --- validation at epoch 2, val_loss 0.0427, val_mae 0.2517, val_rmse 0.2958, val_r2 0.0267, val_pearson 0.2863, lr 1.00e-03 ---
2026-10-01 06:43:15,187 - INFO - 
****************************************************************************************************
2026-10-01 06:43:16,820 - INFO - --- training epoch 3, loss 0.0376, mae 0.2346, rmse 0.2743, time elapsed(min) 0.02---
2026-10-01 06:43:17,022 - INFO - --- validation at epoch 3, val_loss 0.0404, val_mae 0.2459, val_rmse 0.2882, val_r2 0.0760, val_pearson 0.3238, lr 1.00e-03 ---
2026-10-01 06:43:17,022 - INFO - 
****************************************************************************************************
2026-10-01 06:43:18,661 - INFO - --- training epoch 4, loss 0.0372, mae 0.2327, rmse 0.2729, time elapsed(min) 0.02---
2026-10-01 06:43:18,983 - INFO - --- validation at epoch 4, val_loss 0.0403, val_mae 0.2431, val_rmse 0.2873, val_r2 0.0815, val_pearson 0.3523, lr 1.00e-03 ---
2026-10-01 06:43:18,983 - INFO - 
****************************************************************************************************
2026-10-01 06:43:20,670 - INFO - --- training epoch 5, loss 0.0371, mae 0.2309, rmse 0.2724, time elapsed(min) 0.02---
2026-10-01 06:43:21,122 - INFO - --- validation at epoch 5, val_loss 0.0380, val_mae 0.2438, val_rmse 0.2803, val_r2 0.1258, val_pearson 0.3775, lr 1.00e-03 ---
2026-10-01 06:43:21,122 - INFO - 
****************************************************************************************************
2026-10-01 06:43:22,785 - INFO - --- training epoch 6, loss 0.0351, mae 0.2251, rmse 0.2650, time elapsed(min) 0.02---
2026-10-01 06:43:22,991 - INFO - --- validation at epoch 6, val_loss 0.0350, val_mae 0.2249, val_rmse 0.2667, val_r2 0.2084, val_pearson 0.4662, lr 1.00e-03 ---
2026-10-01 06:43:22,991 - INFO - 
****************************************************************************************************
2026-10-01 06:43:24,622 - INFO - --- training epoch 7, loss 0.0339, mae 0.2169, rmse 0.2604, time elapsed(min) 0.02---
2026-10-01 06:43:24,822 - INFO - --- validation at epoch 7, val_loss 0.0355, val_mae 0.2246, val_rmse 0.2681, val_r2 0.2002, val_pearson 0.4692, lr 1.00e-03 ---
2026-10-01 06:43:24,822 - INFO - 
****************************************************************************************************
2026-10-01 06:43:26,373 - INFO - --- training epoch 8, loss 0.0332, mae 0.2149, rmse 0.2575, time elapsed(min) 0.02---
2026-10-01 06:43:26,751 - INFO - --- validation at epoch 8, val_loss 0.0350, val_mae 0.2300, val_rmse 0.2673, val_r2 0.2051, val_pearson 0.4744, lr 1.00e-03 ---
2026-10-01 06:43:26,751 - INFO - 
****************************************************************************************************
2026-10-01 06:43:28,424 - INFO - --- training epoch 9, loss 0.0340, mae 0.2175, rmse 0.2607, time elapsed(min) 0.02---
2026-10-01 06:43:28,672 - INFO - --- validation at epoch 9, val_loss 0.0353, val_mae 0.2315, val_rmse 0.2687, val_r2 0.1968, val_pearson 0.4606, lr 1.00e-03 ---
2026-10-01 06:43:28,672 - INFO - 
****************************************************************************************************
2026-10-01 06:43:30,229 - INFO - --- training epoch 10, loss 0.0335, mae 0.2172, rmse 0.2589, time elapsed(min) 0.02---
2026-10-01 06:43:30,433 - INFO - --- validation at epoch 10, val_loss 0.0350, val_mae 0.2270, val_rmse 0.2670, val_r2 0.2065, val_pearson 0.4743, lr 1.00e-03 ---
2026-10-01 06:43:30,433 - INFO - 
****************************************************************************************************
2026-10-01 06:43:31,964 - INFO - --- training epoch 11, loss 0.0332, mae 0.2161, rmse 0.2575, time elapsed(min) 0.02---
2026-10-01 06:43:32,295 - INFO - --- validation at epoch 11, val_loss 0.0347, val_mae 0.2273, val_rmse 0.2658, val_r2 0.2141, val_pearson 0.4681, lr 1.00e-03 ---
2026-10-01 06:43:32,295 - INFO - 
****************************************************************************************************
2026-10-01 06:43:34,126 - INFO - --- training epoch 12, loss 0.0330, mae 0.2154, rmse 0.2570, time elapsed(min) 0.02---
2026-10-01 06:43:34,328 - INFO - --- validation at epoch 12, val_loss 0.0346, val_mae 0.2248, val_rmse 0.2648, val_r2 0.2196, val_pearson 0.4784, lr 1.00e-03 ---
2026-10-01 06:43:34,328 - INFO - 
****************************************************************************************************
2026-10-01 06:43:35,982 - INFO - --- training epoch 13, loss 0.0332, mae 0.2156, rmse 0.2576, time elapsed(min) 0.02---
2026-10-01 06:43:36,227 - INFO - --- validation at epoch 13, val_loss 0.0349, val_mae 0.2285, val_rmse 0.2667, val_r2 0.2087, val_pearson 0.4833, lr 1.00e-03 ---
2026-10-01 06:43:36,227 - INFO - 
****************************************************************************************************
2026-10-01 06:43:37,770 - INFO - --- training epoch 14, loss 0.0331, mae 0.2161, rmse 0.2574, time elapsed(min) 0.02---
2026-10-01 06:43:38,096 - INFO - --- validation at epoch 14, val_loss 0.0345, val_mae 0.2251, val_rmse 0.2644, val_r2 0.2221, val_pearson 0.4822, lr 1.00e-03 ---
2026-10-01 06:43:38,096 - INFO - 
****************************************************************************************************
2026-10-01 06:43:39,895 - INFO - --- training epoch 15, loss 0.0329, mae 0.2153, rmse 0.2565, time elapsed(min) 0.02---
2026-10-01 06:43:40,253 - INFO - --- validation at epoch 15, val_loss 0.0350, val_mae 0.2275, val_rmse 0.2672, val_r2 0.2058, val_pearson 0.4797, lr 1.00e-03 ---
2026-10-01 06:43:40,253 - INFO - 
****************************************************************************************************
2026-10-01 06:43:42,051 - INFO - --- training epoch 16, loss 0.0328, mae 0.2156, rmse 0.2563, time elapsed(min) 0.02---
2026-10-01 06:43:42,251 - INFO - --- validation at epoch 16, val_loss 0.0346, val_mae 0.2268, val_rmse 0.2650, val_r2 0.2184, val_pearson 0.4864, lr 1.00e-03 ---
2026-10-01 06:43:42,251 - INFO - 
****************************************************************************************************
2026-10-01 06:43:43,799 - INFO - --- training epoch 17, loss 0.0329, mae 0.2156, rmse 0.2567, time elapsed(min) 0.02---
2026-10-01 06:43:44,003 - INFO - --- validation at epoch 17, val_loss 0.0345, val_mae 0.2268, val_rmse 0.2652, val_r2 0.2172, val_pearson 0.4841, lr 1.00e-03 ---
2026-10-01 06:43:44,003 - INFO - 
****************************************************************************************************
2026-10-01 06:43:45,622 - INFO - --- training epoch 18, loss 0.0333, mae 0.2161, rmse 0.2581, time elapsed(min) 0.02---
2026-10-01 06:43:45,987 - INFO - --- validation at epoch 18, val_loss 0.0349, val_mae 0.2299, val_rmse 0.2669, val_r2 0.2074, val_pearson 0.4878, lr 1.00e-03 ---
2026-10-01 06:43:45,987 - INFO - 
****************************************************************************************************
2026-10-01 06:43:47,740 - INFO - --- training epoch 19, loss 0.0327, mae 0.2150, rmse 0.2558, time elapsed(min) 0.02---
2026-10-01 06:43:47,946 - INFO - --- validation at epoch 19, val_loss 0.0344, val_mae 0.2254, val_rmse 0.2645, val_r2 0.2217, val_pearson 0.4886, lr 1.00e-03 ---
2026-10-01 06:43:47,946 - INFO - 
****************************************************************************************************
2026-10-01 06:43:49,574 - INFO - --- training epoch 20, loss 0.0326, mae 0.2137, rmse 0.2553, time elapsed(min) 0.02---
2026-10-01 06:43:49,797 - INFO - --- validation at epoch 20, val_loss 0.0344, val_mae 0.2259, val_rmse 0.2649, val_r2 0.2189, val_pearson 0.4762, lr 1.00e-03 ---
2026-10-01 06:43:49,797 - INFO - 
****************************************************************************************************
2026-10-01 06:43:51,345 - INFO - --- training epoch 21, loss 0.0331, mae 0.2153, rmse 0.2571, time elapsed(min) 0.02---
2026-10-01 06:43:51,671 - INFO - --- validation at epoch 21, val_loss 0.0343, val_mae 0.2248, val_rmse 0.2638, val_r2 0.2258, val_pearson 0.4894, lr 1.00e-03 ---
2026-10-01 06:43:51,671 - INFO - 
****************************************************************************************************
2026-10-01 06:43:53,527 - INFO - --- training epoch 22, loss 0.0328, mae 0.2149, rmse 0.2560, time elapsed(min) 0.03---
2026-10-01 06:43:53,734 - INFO - --- validation at epoch 22, val_loss 0.0342, val_mae 0.2250, val_rmse 0.2639, val_r2 0.2252, val_pearson 0.4812, lr 1.00e-03 ---
2026-10-01 06:43:53,734 - INFO - 
****************************************************************************************************
2026-10-01 06:43:55,430 - INFO - --- training epoch 23, loss 0.0328, mae 0.2148, rmse 0.2562, time elapsed(min) 0.02---
2026-10-01 06:43:55,653 - INFO - --- validation at epoch 23, val_loss 0.0346, val_mae 0.2260, val_rmse 0.2655, val_r2 0.2156, val_pearson 0.4980, lr 1.00e-03 ---
2026-10-01 06:43:55,653 - INFO - 
****************************************************************************************************
2026-10-01 06:43:57,279 - INFO - --- training epoch 24, loss 0.0325, mae 0.2144, rmse 0.2549, time elapsed(min) 0.02---
2026-10-01 06:43:57,486 - INFO - --- validation at epoch 24, val_loss 0.0339, val_mae 0.2251, val_rmse 0.2629, val_r2 0.2311, val_pearson 0.5048, lr 1.00e-03 ---
2026-10-01 06:43:57,486 - INFO - 
****************************************************************************************************
2026-10-01 06:43:59,315 - INFO - --- training epoch 25, loss 0.0329, mae 0.2154, rmse 0.2565, time elapsed(min) 0.02---
2026-10-01 06:43:59,672 - INFO - --- validation at epoch 25, val_loss 0.0342, val_mae 0.2266, val_rmse 0.2650, val_r2 0.2184, val_pearson 0.4825, lr 1.00e-03 ---
2026-10-01 06:43:59,672 - INFO - 
****************************************************************************************************
2026-10-01 06:44:01,400 - INFO - --- training epoch 26, loss 0.0329, mae 0.2141, rmse 0.2564, time elapsed(min) 0.02---
2026-10-01 06:44:01,604 - INFO - --- validation at epoch 26, val_loss 0.0335, val_mae 0.2228, val_rmse 0.2621, val_r2 0.2357, val_pearson 0.5093, lr 1.00e-03 ---
2026-10-01 06:44:01,605 - INFO - 
****************************************************************************************************
2026-10-01 06:44:03,308 - INFO - --- training epoch 27, loss 0.0323, mae 0.2133, rmse 0.2542, time elapsed(min) 0.02---
2026-10-01 06:44:03,528 - INFO - --- validation at epoch 27, val_loss 0.0330, val_mae 0.2222, val_rmse 0.2606, val_r2 0.2443, val_pearson 0.5105, lr 1.00e-03 ---
2026-10-01 06:44:03,528 - INFO - 
****************************************************************************************************
2026-10-01 06:44:05,244 - INFO - --- training epoch 28, loss 0.0324, mae 0.2126, rmse 0.2546, time elapsed(min) 0.02---
2026-10-01 06:44:05,582 - INFO - --- validation at epoch 28, val_loss 0.0332, val_mae 0.2244, val_rmse 0.2617, val_r2 0.2379, val_pearson 0.5081, lr 1.00e-03 ---
2026-10-01 06:44:05,582 - INFO - 
****************************************************************************************************
2026-10-01 06:44:07,356 - INFO - --- training epoch 29, loss 0.0324, mae 0.2125, rmse 0.2545, time elapsed(min) 0.03---
2026-10-01 06:44:07,560 - INFO - --- validation at epoch 29, val_loss 0.0335, val_mae 0.2246, val_rmse 0.2625, val_r2 0.2333, val_pearson 0.4951, lr 1.00e-03 ---
2026-10-01 06:44:07,560 - INFO - 
****************************************************************************************************
2026-10-01 06:44:09,124 - INFO - --- training epoch 30, loss 0.0324, mae 0.2129, rmse 0.2544, time elapsed(min) 0.02---
2026-10-01 06:44:09,324 - INFO - --- validation at epoch 30, val_loss 0.0330, val_mae 0.2218, val_rmse 0.2604, val_r2 0.2456, val_pearson 0.5196, lr 1.00e-03 ---
2026-10-01 06:44:09,324 - INFO - 
****************************************************************************************************
2026-10-01 06:44:10,876 - INFO - --- training epoch 31, loss 0.0323, mae 0.2111, rmse 0.2542, time elapsed(min) 0.02---
2026-10-01 06:44:11,203 - INFO - --- validation at epoch 31, val_loss 0.0339, val_mae 0.2236, val_rmse 0.2644, val_r2 0.2219, val_pearson 0.5187, lr 1.00e-03 ---
2026-10-01 06:44:11,203 - INFO - 
****************************************************************************************************
2026-10-01 06:44:12,844 - INFO - --- training epoch 32, loss 0.0323, mae 0.2122, rmse 0.2543, time elapsed(min) 0.02---
2026-10-01 06:44:13,224 - INFO - --- validation at epoch 32, val_loss 0.0334, val_mae 0.2230, val_rmse 0.2617, val_r2 0.2380, val_pearson 0.4988, lr 1.00e-03 ---
2026-10-01 06:44:13,224 - INFO - 
****************************************************************************************************
2026-10-01 06:44:14,962 - INFO - --- training epoch 33, loss 0.0321, mae 0.2112, rmse 0.2533, time elapsed(min) 0.02---
2026-10-01 06:44:15,166 - INFO - --- validation at epoch 33, val_loss 0.0333, val_mae 0.2217, val_rmse 0.2612, val_r2 0.2408, val_pearson 0.5136, lr 1.00e-03 ---
2026-10-01 06:44:15,166 - INFO - 
****************************************************************************************************
2026-10-01 06:44:16,732 - INFO - --- training epoch 34, loss 0.0318, mae 0.2106, rmse 0.2523, time elapsed(min) 0.02---
2026-10-01 06:44:16,939 - INFO - --- validation at epoch 34, val_loss 0.0329, val_mae 0.2198, val_rmse 0.2587, val_r2 0.2553, val_pearson 0.5135, lr 1.00e-03 ---
2026-10-01 06:44:16,939 - INFO - 
****************************************************************************************************
2026-10-01 06:44:18,688 - INFO - --- training epoch 35, loss 0.0322, mae 0.2113, rmse 0.2537, time elapsed(min) 0.02---
2026-10-01 06:44:19,062 - INFO - --- validation at epoch 35, val_loss 0.0330, val_mae 0.2204, val_rmse 0.2590, val_r2 0.2537, val_pearson 0.5117, lr 1.00e-03 ---
2026-10-01 06:44:19,062 - INFO - 
****************************************************************************************************
2026-10-01 06:44:20,705 - INFO - --- training epoch 36, loss 0.0320, mae 0.2109, rmse 0.2530, time elapsed(min) 0.02---
2026-10-01 06:44:20,929 - INFO - --- validation at epoch 36, val_loss 0.0328, val_mae 0.2219, val_rmse 0.2593, val_r2 0.2517, val_pearson 0.5127, lr 1.00e-03 ---
2026-10-01 06:44:20,929 - INFO - 
****************************************************************************************************
2026-10-01 06:44:22,597 - INFO - --- training epoch 37, loss 0.0317, mae 0.2096, rmse 0.2518, time elapsed(min) 0.02---
2026-10-01 06:44:22,817 - INFO - --- validation at epoch 37, val_loss 0.0345, val_mae 0.2258, val_rmse 0.2667, val_r2 0.2084, val_pearson 0.5299, lr 1.00e-03 ---
2026-10-01 06:44:22,818 - INFO - 
****************************************************************************************************
2026-10-01 06:44:24,374 - INFO - --- training epoch 38, loss 0.0324, mae 0.2118, rmse 0.2545, time elapsed(min) 0.02---
2026-10-01 06:44:24,705 - INFO - --- validation at epoch 38, val_loss 0.0336, val_mae 0.2252, val_rmse 0.2616, val_r2 0.2385, val_pearson 0.5188, lr 1.00e-03 ---
2026-10-01 06:44:24,705 - INFO - 
****************************************************************************************************
2026-10-01 06:44:26,452 - INFO - --- training epoch 39, loss 0.0318, mae 0.2102, rmse 0.2523, time elapsed(min) 0.02---
2026-10-01 06:44:26,702 - INFO - --- validation at epoch 39, val_loss 0.0323, val_mae 0.2101, val_rmse 0.2551, val_r2 0.2761, val_pearson 0.5414, lr 1.00e-03 ---
2026-10-01 06:44:26,702 - INFO - 
****************************************************************************************************
2026-10-01 06:44:28,344 - INFO - --- training epoch 40, loss 0.0310, mae 0.2063, rmse 0.2492, time elapsed(min) 0.02---
2026-10-01 06:44:28,550 - INFO - --- validation at epoch 40, val_loss 0.0329, val_mae 0.2170, val_rmse 0.2592, val_r2 0.2524, val_pearson 0.5470, lr 1.00e-03 ---
2026-10-01 06:44:28,550 - INFO - 
****************************************************************************************************
2026-10-01 06:44:30,196 - INFO - --- training epoch 41, loss 0.0302, mae 0.2031, rmse 0.2458, time elapsed(min) 0.02---
2026-10-01 06:44:30,398 - INFO - --- validation at epoch 41, val_loss 0.0333, val_mae 0.2167, val_rmse 0.2605, val_r2 0.2450, val_pearson 0.5624, lr 1.00e-03 ---
2026-10-01 06:44:30,398 - INFO - 
****************************************************************************************************
2026-10-01 06:44:32,122 - INFO - --- training epoch 42, loss 0.0305, mae 0.2041, rmse 0.2468, time elapsed(min) 0.02---
2026-10-01 06:44:32,532 - INFO - --- validation at epoch 42, val_loss 0.0314, val_mae 0.2116, val_rmse 0.2530, val_r2 0.2879, val_pearson 0.5662, lr 1.00e-03 ---
2026-10-01 06:44:32,532 - INFO - 
****************************************************************************************************
2026-10-01 06:44:34,368 - INFO - --- training epoch 43, loss 0.0308, mae 0.2043, rmse 0.2481, time elapsed(min) 0.02---
2026-10-01 06:44:34,572 - INFO - --- validation at epoch 43, val_loss 0.0307, val_mae 0.2080, val_rmse 0.2495, val_r2 0.3073, val_pearson 0.5671, lr 1.00e-03 ---
2026-10-01 06:44:34,572 - INFO - 
****************************************************************************************************
2026-10-01 06:44:36,226 - INFO - --- training epoch 44, loss 0.0310, mae 0.2045, rmse 0.2490, time elapsed(min) 0.02---
2026-10-01 06:44:36,429 - INFO - --- validation at epoch 44, val_loss 0.0310, val_mae 0.2151, val_rmse 0.2526, val_r2 0.2902, val_pearson 0.5657, lr 1.00e-03 ---
2026-10-01 06:44:36,429 - INFO - 
****************************************************************************************************
2026-10-01 06:44:38,115 - INFO - --- training epoch 45, loss 0.0305, mae 0.2044, rmse 0.2470, time elapsed(min) 0.02---
2026-10-01 06:44:38,495 - INFO - --- validation at epoch 45, val_loss 0.0316, val_mae 0.2099, val_rmse 0.2534, val_r2 0.2855, val_pearson 0.5723, lr 1.00e-03 ---
2026-10-01 06:44:38,495 - INFO - 
****************************************************************************************************
2026-10-01 06:44:40,370 - INFO - --- training epoch 46, loss 0.0301, mae 0.2027, rmse 0.2454, time elapsed(min) 0.03---
2026-10-01 06:44:40,573 - INFO - --- validation at epoch 46, val_loss 0.0311, val_mae 0.2130, val_rmse 0.2532, val_r2 0.2864, val_pearson 0.5587, lr 1.00e-03 ---
2026-10-01 06:44:40,573 - INFO - 
****************************************************************************************************
2026-10-01 06:44:42,146 - INFO - --- training epoch 47, loss 0.0305, mae 0.2035, rmse 0.2471, time elapsed(min) 0.02---
2026-10-01 06:44:42,353 - INFO - --- validation at epoch 47, val_loss 0.0753, val_mae 0.3004, val_rmse 0.3879, val_r2 -0.6746, val_pearson 0.3189, lr 1.00e-03 ---
2026-10-01 06:44:42,353 - INFO - 
****************************************************************************************************
2026-10-01 06:44:44,047 - INFO - --- training epoch 48, loss 0.0363, mae 0.2237, rmse 0.2694, time elapsed(min) 0.02---
2026-10-01 06:44:44,374 - INFO - --- validation at epoch 48, val_loss 0.0342, val_mae 0.2209, val_rmse 0.2641, val_r2 0.2237, val_pearson 0.5707, lr 1.00e-03 ---
2026-10-01 06:44:44,374 - INFO - 
****************************************************************************************************
2026-10-01 06:44:46,139 - INFO - --- training epoch 49, loss 0.0313, mae 0.2073, rmse 0.2502, time elapsed(min) 0.02---
2026-10-01 06:44:46,363 - INFO - --- validation at epoch 49, val_loss 0.0326, val_mae 0.2103, val_rmse 0.2581, val_r2 0.2587, val_pearson 0.5655, lr 1.00e-03 ---
2026-10-01 06:44:46,363 - INFO - 
****************************************************************************************************
2026-10-01 06:44:47,947 - INFO - --- training epoch 50, loss 0.0318, mae 0.2076, rmse 0.2521, time elapsed(min) 0.02---
2026-10-01 06:44:48,151 - INFO - --- validation at epoch 50, val_loss 0.0321, val_mae 0.2190, val_rmse 0.2573, val_r2 0.2634, val_pearson 0.5646, lr 1.00e-03 ---
2026-10-01 06:44:48,151 - INFO - 
****************************************************************************************************
2026-10-01 06:44:49,812 - INFO - --- training epoch 51, loss 0.0307, mae 0.2040, rmse 0.2477, time elapsed(min) 0.02---
2026-10-01 06:44:50,134 - INFO - --- validation at epoch 51, val_loss 0.0308, val_mae 0.2118, val_rmse 0.2507, val_r2 0.3007, val_pearson 0.5647, lr 1.00e-03 ---
2026-10-01 06:44:50,134 - INFO - 
****************************************************************************************************
2026-10-01 06:44:51,768 - INFO - --- training epoch 52, loss 0.0308, mae 0.2043, rmse 0.2482, time elapsed(min) 0.02---
2026-10-01 06:44:52,247 - INFO - --- validation at epoch 52, val_loss 0.0304, val_mae 0.2105, val_rmse 0.2492, val_r2 0.3088, val_pearson 0.5674, lr 1.00e-03 ---
2026-10-01 06:44:52,247 - INFO - 
****************************************************************************************************
2026-10-01 06:44:53,971 - INFO - --- training epoch 53, loss 0.0310, mae 0.2052, rmse 0.2491, time elapsed(min) 0.02---
2026-10-01 06:44:54,181 - INFO - --- validation at epoch 53, val_loss 0.0302, val_mae 0.2097, val_rmse 0.2486, val_r2 0.3125, val_pearson 0.5755, lr 1.00e-03 ---
2026-10-01 06:44:54,181 - INFO - 
****************************************************************************************************
2026-10-01 06:44:55,814 - INFO - --- training epoch 54, loss 0.0304, mae 0.2021, rmse 0.2464, time elapsed(min) 0.02---
2026-10-01 06:44:56,030 - INFO - --- validation at epoch 54, val_loss 0.0303, val_mae 0.2108, val_rmse 0.2511, val_r2 0.2982, val_pearson 0.5713, lr 1.00e-03 ---
2026-10-01 06:44:56,030 - INFO - 
****************************************************************************************************
2026-10-01 06:44:57,713 - INFO - --- training epoch 55, loss 0.0301, mae 0.2022, rmse 0.2455, time elapsed(min) 0.02---
2026-10-01 06:44:58,066 - INFO - --- validation at epoch 55, val_loss 0.0297, val_mae 0.2077, val_rmse 0.2463, val_r2 0.3251, val_pearson 0.5819, lr 1.00e-03 ---
2026-10-01 06:44:58,066 - INFO - 
****************************************************************************************************
2026-10-01 06:44:59,869 - INFO - --- training epoch 56, loss 0.0312, mae 0.2069, rmse 0.2499, time elapsed(min) 0.02---
2026-10-01 06:45:00,077 - INFO - --- validation at epoch 56, val_loss 0.0301, val_mae 0.2101, val_rmse 0.2487, val_r2 0.3115, val_pearson 0.5711, lr 1.00e-03 ---
2026-10-01 06:45:00,077 - INFO - 
****************************************************************************************************
2026-10-01 06:45:01,617 - INFO - --- training epoch 57, loss 0.0299, mae 0.2007, rmse 0.2444, time elapsed(min) 0.02---
2026-10-01 06:45:01,822 - INFO - --- validation at epoch 57, val_loss 0.0291, val_mae 0.2059, val_rmse 0.2446, val_r2 0.3344, val_pearson 0.5894, lr 1.00e-03 ---
2026-10-01 06:45:01,822 - INFO - 
****************************************************************************************************
2026-10-01 06:45:03,448 - INFO - --- training epoch 58, loss 0.0300, mae 0.2010, rmse 0.2450, time elapsed(min) 0.02---
2026-10-01 06:45:03,774 - INFO - --- validation at epoch 58, val_loss 0.0298, val_mae 0.2081, val_rmse 0.2474, val_r2 0.3188, val_pearson 0.5736, lr 1.00e-03 ---
2026-10-01 06:45:03,774 - INFO - 
****************************************************************************************************
2026-10-01 06:45:05,563 - INFO - --- training epoch 59, loss 0.0298, mae 0.2000, rmse 0.2441, time elapsed(min) 0.03---
2026-10-01 06:45:05,768 - INFO - --- validation at epoch 59, val_loss 0.0292, val_mae 0.2061, val_rmse 0.2452, val_r2 0.3310, val_pearson 0.5847, lr 1.00e-03 ---
2026-10-01 06:45:05,768 - INFO - 
****************************************************************************************************
2026-10-01 06:45:07,478 - INFO - --- training epoch 60, loss 0.0294, mae 0.1985, rmse 0.2423, time elapsed(min) 0.02---
2026-10-01 06:45:07,704 - INFO - --- validation at epoch 60, val_loss 0.0283, val_mae 0.1999, val_rmse 0.2429, val_r2 0.3437, val_pearson 0.5884, lr 1.00e-03 ---
2026-10-01 06:45:07,704 - INFO - 
****************************************************************************************************
2026-10-01 06:45:09,410 - INFO - --- training epoch 61, loss 0.0295, mae 0.1969, rmse 0.2429, time elapsed(min) 0.02---
2026-10-01 06:45:09,632 - INFO - --- validation at epoch 61, val_loss 0.0284, val_mae 0.2044, val_rmse 0.2446, val_r2 0.3344, val_pearson 0.5901, lr 1.00e-03 ---
2026-10-01 06:45:09,632 - INFO - 
****************************************************************************************************
2026-10-01 06:45:11,314 - INFO - --- training epoch 62, loss 0.0291, mae 0.1958, rmse 0.2411, time elapsed(min) 0.02---
2026-10-01 06:45:11,715 - INFO - --- validation at epoch 62, val_loss 0.0271, val_mae 0.1973, val_rmse 0.2409, val_r2 0.3542, val_pearson 0.5987, lr 1.00e-03 ---
2026-10-01 06:45:11,715 - INFO - 
****************************************************************************************************
2026-10-01 06:45:13,538 - INFO - --- training epoch 63, loss 0.0289, mae 0.1945, rmse 0.2406, time elapsed(min) 0.02---
2026-10-01 06:45:13,741 - INFO - --- validation at epoch 63, val_loss 0.0274, val_mae 0.1991, val_rmse 0.2420, val_r2 0.3483, val_pearson 0.5959, lr 1.00e-03 ---
2026-10-01 06:45:13,741 - INFO - 
****************************************************************************************************
2026-10-01 06:45:15,305 - INFO - --- training epoch 64, loss 0.0284, mae 0.1918, rmse 0.2384, time elapsed(min) 0.02---
2026-10-01 06:45:15,514 - INFO - --- validation at epoch 64, val_loss 0.0269, val_mae 0.2008, val_rmse 0.2413, val_r2 0.3521, val_pearson 0.6093, lr 1.00e-03 ---
2026-10-01 06:45:15,514 - INFO - 
****************************************************************************************************
2026-10-01 06:45:17,212 - INFO - --- training epoch 65, loss 0.0280, mae 0.1909, rmse 0.2368, time elapsed(min) 0.02---
2026-10-01 06:45:17,571 - INFO - --- validation at epoch 65, val_loss 0.0248, val_mae 0.1909, val_rmse 0.2312, val_r2 0.4050, val_pearson 0.6486, lr 1.00e-03 ---
2026-10-01 06:45:17,572 - INFO - 
****************************************************************************************************
2026-10-01 06:45:19,323 - INFO - --- training epoch 66, loss 0.0244, mae 0.1771, rmse 0.2208, time elapsed(min) 0.02---
2026-10-01 06:45:19,528 - INFO - --- validation at epoch 66, val_loss 0.0227, val_mae 0.1756, val_rmse 0.2167, val_r2 0.4773, val_pearson 0.7252, lr 1.00e-03 ---
2026-10-01 06:45:19,529 - INFO - 
****************************************************************************************************
2026-10-01 06:45:21,238 - INFO - --- training epoch 67, loss 0.0220, mae 0.1671, rmse 0.2096, time elapsed(min) 0.02---
2026-10-01 06:45:21,442 - INFO - --- validation at epoch 67, val_loss 0.0202, val_mae 0.1658, val_rmse 0.2014, val_r2 0.5487, val_pearson 0.7637, lr 1.00e-03 ---
2026-10-01 06:45:21,443 - INFO - 
****************************************************************************************************
2026-10-01 06:45:23,163 - INFO - --- training epoch 68, loss 0.0198, mae 0.1579, rmse 0.1990, time elapsed(min) 0.02---
2026-10-01 06:45:23,540 - INFO - --- validation at epoch 68, val_loss 0.0203, val_mae 0.1573, val_rmse 0.1978, val_r2 0.5644, val_pearson 0.7694, lr 1.00e-03 ---
2026-10-01 06:45:23,541 - INFO - 
****************************************************************************************************
2026-10-01 06:45:25,268 - INFO - --- training epoch 69, loss 0.0193, mae 0.1548, rmse 0.1964, time elapsed(min) 0.02---
2026-10-01 06:45:25,489 - INFO - --- validation at epoch 69, val_loss 0.0193, val_mae 0.1623, val_rmse 0.1984, val_r2 0.5620, val_pearson 0.7714, lr 1.00e-03 ---
2026-10-01 06:45:25,489 - INFO - 
****************************************************************************************************
2026-10-01 06:45:27,162 - INFO - --- training epoch 70, loss 0.0188, mae 0.1530, rmse 0.1941, time elapsed(min) 0.02---
2026-10-01 06:45:27,413 - INFO - --- validation at epoch 70, val_loss 0.0192, val_mae 0.1534, val_rmse 0.1928, val_r2 0.5862, val_pearson 0.7798, lr 1.00e-03 ---
2026-10-01 06:45:27,413 - INFO - 
****************************************************************************************************
2026-10-01 06:45:29,140 - INFO - --- training epoch 71, loss 0.0182, mae 0.1504, rmse 0.1906, time elapsed(min) 0.02---
2026-10-01 06:45:29,474 - INFO - --- validation at epoch 71, val_loss 0.0189, val_mae 0.1514, val_rmse 0.1909, val_r2 0.5943, val_pearson 0.7880, lr 1.00e-03 ---
2026-10-01 06:45:29,474 - INFO - 
****************************************************************************************************
2026-10-01 06:45:31,330 - INFO - --- training epoch 72, loss 0.0183, mae 0.1500, rmse 0.1911, time elapsed(min) 0.02---
2026-10-01 06:45:31,553 - INFO - --- validation at epoch 72, val_loss 0.0178, val_mae 0.1483, val_rmse 0.1874, val_r2 0.6094, val_pearson 0.7964, lr 1.00e-03 ---
2026-10-01 06:45:31,553 - INFO - 
****************************************************************************************************
2026-10-01 06:45:33,217 - INFO - --- training epoch 73, loss 0.0179, mae 0.1485, rmse 0.1891, time elapsed(min) 0.02---
2026-10-01 06:45:33,430 - INFO - --- validation at epoch 73, val_loss 0.0188, val_mae 0.1548, val_rmse 0.1932, val_r2 0.5845, val_pearson 0.7997, lr 1.00e-03 ---
2026-10-01 06:45:33,430 - INFO - 
****************************************************************************************************
2026-10-01 06:45:35,040 - INFO - --- training epoch 74, loss 0.0175, mae 0.1465, rmse 0.1869, time elapsed(min) 0.02---
2026-10-01 06:45:35,363 - INFO - --- validation at epoch 74, val_loss 0.0183, val_mae 0.1552, val_rmse 0.1923, val_r2 0.5887, val_pearson 0.8099, lr 1.00e-03 ---
2026-10-01 06:45:35,363 - INFO - 
****************************************************************************************************
2026-10-01 06:45:37,023 - INFO - --- training epoch 75, loss 0.0174, mae 0.1460, rmse 0.1863, time elapsed(min) 0.02---
2026-10-01 06:45:37,508 - INFO - --- validation at epoch 75, val_loss 0.0152, val_mae 0.1410, val_rmse 0.1767, val_r2 0.6525, val_pearson 0.8196, lr 1.00e-03 ---
2026-10-01 06:45:37,508 - INFO - 
****************************************************************************************************
2026-10-01 06:45:39,291 - INFO - --- training epoch 76, loss 0.0165, mae 0.1418, rmse 0.1814, time elapsed(min) 0.02---
2026-10-01 06:45:39,499 - INFO - --- validation at epoch 76, val_loss 0.0157, val_mae 0.1411, val_rmse 0.1783, val_r2 0.6462, val_pearson 0.8198, lr 1.00e-03 ---
2026-10-01 06:45:39,499 - INFO - 
****************************************************************************************************
2026-10-01 06:45:41,081 - INFO - --- training epoch 77, loss 0.0170, mae 0.1445, rmse 0.1845, time elapsed(min) 0.02---
2026-10-01 06:45:41,282 - INFO - --- validation at epoch 77, val_loss 0.0144, val_mae 0.1398, val_rmse 0.1738, val_r2 0.6638, val_pearson 0.8242, lr 1.00e-03 ---
2026-10-01 06:45:41,282 - INFO - 
****************************************************************************************************
2026-10-01 06:45:42,996 - INFO - --- training epoch 78, loss 0.0164, mae 0.1413, rmse 0.1809, time elapsed(min) 0.02---
2026-10-01 06:45:43,378 - INFO - --- validation at epoch 78, val_loss 0.0140, val_mae 0.1352, val_rmse 0.1727, val_r2 0.6680, val_pearson 0.8283, lr 1.00e-03 ---
2026-10-01 06:45:43,378 - INFO - 
****************************************************************************************************
2026-10-01 06:45:45,101 - INFO - --- training epoch 79, loss 0.0160, mae 0.1391, rmse 0.1791, time elapsed(min) 0.02---
2026-10-01 06:45:45,308 - INFO - --- validation at epoch 79, val_loss 0.0139, val_mae 0.1327, val_rmse 0.1708, val_r2 0.6753, val_pearson 0.8314, lr 1.00e-03 ---
2026-10-01 06:45:45,308 - INFO - 
****************************************************************************************************
2026-10-01 06:45:47,011 - INFO - --- training epoch 80, loss 0.0159, mae 0.1388, rmse 0.1783, time elapsed(min) 0.02---
2026-10-01 06:45:47,222 - INFO - --- validation at epoch 80, val_loss 0.0139, val_mae 0.1319, val_rmse 0.1700, val_r2 0.6785, val_pearson 0.8303, lr 1.00e-03 ---
2026-10-01 06:45:47,222 - INFO - 
****************************************************************************************************
2026-10-01 06:45:48,867 - INFO - --- training epoch 81, loss 0.0165, mae 0.1423, rmse 0.1816, time elapsed(min) 0.02---
2026-10-01 06:45:49,201 - INFO - --- validation at epoch 81, val_loss 0.0147, val_mae 0.1366, val_rmse 0.1749, val_r2 0.6595, val_pearson 0.8235, lr 1.00e-03 ---
2026-10-01 06:45:49,201 - INFO - 
****************************************************************************************************
2026-10-01 06:45:51,090 - INFO - --- training epoch 82, loss 0.0159, mae 0.1396, rmse 0.1783, time elapsed(min) 0.03---
2026-10-01 06:45:51,301 - INFO - --- validation at epoch 82, val_loss 0.0143, val_mae 0.1359, val_rmse 0.1726, val_r2 0.6686, val_pearson 0.8301, lr 1.00e-03 ---
2026-10-01 06:45:51,301 - INFO - 
****************************************************************************************************
2026-10-01 06:45:52,845 - INFO - --- training epoch 83, loss 0.0162, mae 0.1407, rmse 0.1799, time elapsed(min) 0.02---
2026-10-01 06:45:53,048 - INFO - --- validation at epoch 83, val_loss 0.0139, val_mae 0.1336, val_rmse 0.1706, val_r2 0.6762, val_pearson 0.8304, lr 1.00e-03 ---
2026-10-01 06:45:53,048 - INFO - 
****************************************************************************************************
2026-10-01 06:45:54,614 - INFO - --- training epoch 84, loss 0.0158, mae 0.1392, rmse 0.1780, time elapsed(min) 0.02---
2026-10-01 06:45:54,865 - INFO - --- validation at epoch 84, val_loss 0.0155, val_mae 0.1416, val_rmse 0.1774, val_r2 0.6498, val_pearson 0.8218, lr 1.00e-03 ---
2026-10-01 06:45:54,865 - INFO - 
****************************************************************************************************
2026-10-01 06:45:56,439 - INFO - --- training epoch 85, loss 0.0166, mae 0.1420, rmse 0.1820, time elapsed(min) 0.02---
2026-10-01 06:45:56,824 - INFO - --- validation at epoch 85, val_loss 0.0148, val_mae 0.1375, val_rmse 0.1747, val_r2 0.6605, val_pearson 0.8298, lr 1.00e-03 ---
2026-10-01 06:45:56,824 - INFO - 
****************************************************************************************************
2026-10-01 06:45:58,472 - INFO - --- training epoch 86, loss 0.0156, mae 0.1376, rmse 0.1766, time elapsed(min) 0.02---
2026-10-01 06:45:58,675 - INFO - --- validation at epoch 86, val_loss 0.0148, val_mae 0.1366, val_rmse 0.1730, val_r2 0.6669, val_pearson 0.8331, lr 1.00e-03 ---
2026-10-01 06:45:58,676 - INFO - 
****************************************************************************************************
2026-10-01 06:46:00,273 - INFO - --- training epoch 87, loss 0.0151, mae 0.1360, rmse 0.1736, time elapsed(min) 0.02---
2026-10-01 06:46:00,480 - INFO - --- validation at epoch 87, val_loss 0.0135, val_mae 0.1314, val_rmse 0.1686, val_r2 0.6835, val_pearson 0.8311, lr 1.00e-03 ---
2026-10-01 06:46:00,480 - INFO - 
****************************************************************************************************
2026-10-01 06:46:02,212 - INFO - --- training epoch 88, loss 0.0155, mae 0.1370, rmse 0.1760, time elapsed(min) 0.02---
2026-10-01 06:46:02,583 - INFO - --- validation at epoch 88, val_loss 0.0157, val_mae 0.1395, val_rmse 0.1784, val_r2 0.6457, val_pearson 0.8264, lr 1.00e-03 ---
2026-10-01 06:46:02,583 - INFO - 
****************************************************************************************************
2026-10-01 06:46:04,289 - INFO - --- training epoch 89, loss 0.0154, mae 0.1362, rmse 0.1756, time elapsed(min) 0.02---
2026-10-01 06:46:04,494 - INFO - --- validation at epoch 89, val_loss 0.0147, val_mae 0.1348, val_rmse 0.1727, val_r2 0.6681, val_pearson 0.8300, lr 1.00e-03 ---
2026-10-01 06:46:04,494 - INFO - 
****************************************************************************************************
2026-10-01 06:46:06,110 - INFO - --- training epoch 90, loss 0.0153, mae 0.1359, rmse 0.1747, time elapsed(min) 0.02---
2026-10-01 06:46:06,314 - INFO - --- validation at epoch 90, val_loss 0.0135, val_mae 0.1314, val_rmse 0.1672, val_r2 0.6889, val_pearson 0.8376, lr 1.00e-03 ---
2026-10-01 06:46:06,314 - INFO - 
****************************************************************************************************
2026-10-01 06:46:07,966 - INFO - --- training epoch 91, loss 0.0154, mae 0.1368, rmse 0.1756, time elapsed(min) 0.02---
2026-10-01 06:46:08,324 - INFO - --- validation at epoch 91, val_loss 0.0146, val_mae 0.1368, val_rmse 0.1748, val_r2 0.6600, val_pearson 0.8264, lr 1.00e-03 ---
2026-10-01 06:46:08,324 - INFO - 
****************************************************************************************************
2026-10-01 06:46:10,055 - INFO - --- training epoch 92, loss 0.0152, mae 0.1369, rmse 0.1742, time elapsed(min) 0.02---
2026-10-01 06:46:10,259 - INFO - --- validation at epoch 92, val_loss 0.0127, val_mae 0.1251, val_rmse 0.1627, val_r2 0.7056, val_pearson 0.8434, lr 1.00e-03 ---
2026-10-01 06:46:10,259 - INFO - 
****************************************************************************************************
2026-10-01 06:46:11,881 - INFO - --- training epoch 93, loss 0.0146, mae 0.1338, rmse 0.1708, time elapsed(min) 0.02---
2026-10-01 06:46:12,082 - INFO - --- validation at epoch 93, val_loss 0.0133, val_mae 0.1299, val_rmse 0.1659, val_r2 0.6939, val_pearson 0.8421, lr 1.00e-03 ---
2026-10-01 06:46:12,083 - INFO - 
****************************************************************************************************
2026-10-01 06:46:13,780 - INFO - --- training epoch 94, loss 0.0147, mae 0.1329, rmse 0.1715, time elapsed(min) 0.02---
2026-10-01 06:46:14,108 - INFO - --- validation at epoch 94, val_loss 0.0128, val_mae 0.1252, val_rmse 0.1641, val_r2 0.7004, val_pearson 0.8431, lr 1.00e-03 ---
2026-10-01 06:46:14,108 - INFO - 
****************************************************************************************************
2026-10-01 06:46:15,860 - INFO - --- training epoch 95, loss 0.0145, mae 0.1328, rmse 0.1703, time elapsed(min) 0.02---
2026-10-01 06:46:16,069 - INFO - --- validation at epoch 95, val_loss 0.0119, val_mae 0.1211, val_rmse 0.1582, val_r2 0.7214, val_pearson 0.8510, lr 1.00e-03 ---
2026-10-01 06:46:16,069 - INFO - 
****************************************************************************************************
2026-10-01 06:46:17,677 - INFO - --- training epoch 96, loss 0.0150, mae 0.1346, rmse 0.1732, time elapsed(min) 0.02---
2026-10-01 06:46:17,880 - INFO - --- validation at epoch 96, val_loss 0.0123, val_mae 0.1243, val_rmse 0.1621, val_r2 0.7076, val_pearson 0.8422, lr 1.00e-03 ---
2026-10-01 06:46:17,880 - INFO - 
****************************************************************************************************
2026-10-01 06:46:19,420 - INFO - --- training epoch 97, loss 0.0149, mae 0.1339, rmse 0.1725, time elapsed(min) 0.02---
2026-10-01 06:46:19,746 - INFO - --- validation at epoch 97, val_loss 0.0123, val_mae 0.1229, val_rmse 0.1594, val_r2 0.7173, val_pearson 0.8533, lr 1.00e-03 ---
2026-10-01 06:46:19,746 - INFO - 
****************************************************************************************************
2026-10-01 06:46:21,464 - INFO - --- training epoch 98, loss 0.0141, mae 0.1295, rmse 0.1677, time elapsed(min) 0.02---
2026-10-01 06:46:21,824 - INFO - --- validation at epoch 98, val_loss 0.0115, val_mae 0.1184, val_rmse 0.1547, val_r2 0.7337, val_pearson 0.8574, lr 1.00e-03 ---
2026-10-01 06:46:21,824 - INFO - 
****************************************************************************************************
2026-10-01 06:46:23,550 - INFO - --- training epoch 99, loss 0.0137, mae 0.1272, rmse 0.1654, time elapsed(min) 0.02---
2026-10-01 06:46:23,752 - INFO - --- validation at epoch 99, val_loss 0.0131, val_mae 0.1259, val_rmse 0.1624, val_r2 0.7065, val_pearson 0.8529, lr 1.00e-03 ---
2026-10-01 06:46:23,752 - INFO - 
****************************************************************************************************
2026-10-01 06:46:25,307 - INFO - --- training epoch 100, loss 0.0139, mae 0.1294, rmse 0.1666, time elapsed(min) 0.02---
2026-10-01 06:46:25,509 - INFO - --- validation at epoch 100, val_loss 0.0107, val_mae 0.1147, val_rmse 0.1492, val_r2 0.7524, val_pearson 0.8680, lr 1.00e-03 ---
2026-10-01 06:46:25,509 - INFO - 
****************************************************************************************************
2026-10-01 06:46:27,131 - INFO - --- training epoch 101, loss 0.0142, mae 0.1288, rmse 0.1683, time elapsed(min) 0.02---
2026-10-01 06:46:27,460 - INFO - --- validation at epoch 101, val_loss 0.0112, val_mae 0.1172, val_rmse 0.1518, val_r2 0.7437, val_pearson 0.8653, lr 1.00e-03 ---
2026-10-01 06:46:27,460 - INFO - 
****************************************************************************************************
2026-10-01 06:46:29,200 - INFO - --- training epoch 102, loss 0.0138, mae 0.1278, rmse 0.1662, time elapsed(min) 0.02---
2026-10-01 06:46:29,424 - INFO - --- validation at epoch 102, val_loss 0.0115, val_mae 0.1190, val_rmse 0.1535, val_r2 0.7377, val_pearson 0.8626, lr 1.00e-03 ---
2026-10-01 06:46:29,424 - INFO - 
****************************************************************************************************
2026-10-01 06:46:31,045 - INFO - --- training epoch 103, loss 0.0134, mae 0.1255, rmse 0.1635, time elapsed(min) 0.02---
2026-10-01 06:46:31,272 - INFO - --- validation at epoch 103, val_loss 0.0110, val_mae 0.1142, val_rmse 0.1483, val_r2 0.7552, val_pearson 0.8755, lr 1.00e-03 ---
2026-10-01 06:46:31,272 - INFO - 
****************************************************************************************************
2026-10-01 06:46:32,833 - INFO - --- training epoch 104, loss 0.0134, mae 0.1244, rmse 0.1638, time elapsed(min) 0.02---
2026-10-01 06:46:33,159 - INFO - --- validation at epoch 104, val_loss 0.0106, val_mae 0.1110, val_rmse 0.1466, val_r2 0.7609, val_pearson 0.8731, lr 1.00e-03 ---
2026-10-01 06:46:33,159 - INFO - 
****************************************************************************************************
2026-10-01 06:46:35,020 - INFO - --- training epoch 105, loss 0.0130, mae 0.1236, rmse 0.1612, time elapsed(min) 0.03---
2026-10-01 06:46:35,239 - INFO - --- validation at epoch 105, val_loss 0.0111, val_mae 0.1118, val_rmse 0.1476, val_r2 0.7577, val_pearson 0.8757, lr 1.00e-03 ---
2026-10-01 06:46:35,239 - INFO - 
****************************************************************************************************
2026-10-01 06:46:36,786 - INFO - --- training epoch 106, loss 0.0129, mae 0.1224, rmse 0.1608, time elapsed(min) 0.02---
2026-10-01 06:46:37,005 - INFO - --- validation at epoch 106, val_loss 0.0107, val_mae 0.1148, val_rmse 0.1486, val_r2 0.7544, val_pearson 0.8738, lr 1.00e-03 ---
2026-10-01 06:46:37,005 - INFO - 
****************************************************************************************************
2026-10-01 06:46:38,544 - INFO - --- training epoch 107, loss 0.0131, mae 0.1245, rmse 0.1622, time elapsed(min) 0.02---
2026-10-01 06:46:38,746 - INFO - --- validation at epoch 107, val_loss 0.0112, val_mae 0.1134, val_rmse 0.1490, val_r2 0.7529, val_pearson 0.8697, lr 1.00e-03 ---
2026-10-01 06:46:38,746 - INFO - 
****************************************************************************************************
2026-10-01 06:46:40,423 - INFO - --- training epoch 108, loss 0.0127, mae 0.1210, rmse 0.1594, time elapsed(min) 0.02---
2026-10-01 06:46:40,796 - INFO - --- validation at epoch 108, val_loss 0.0107, val_mae 0.1103, val_rmse 0.1452, val_r2 0.7652, val_pearson 0.8761, lr 1.00e-03 ---
2026-10-01 06:46:40,796 - INFO - 
****************************************************************************************************
2026-10-01 06:46:42,535 - INFO - --- training epoch 109, loss 0.0127, mae 0.1212, rmse 0.1591, time elapsed(min) 0.02---
2026-10-01 06:46:42,739 - INFO - --- validation at epoch 109, val_loss 0.0103, val_mae 0.1110, val_rmse 0.1460, val_r2 0.7627, val_pearson 0.8777, lr 1.00e-03 ---
2026-10-01 06:46:42,739 - INFO - 
****************************************************************************************************
2026-10-01 06:46:44,377 - INFO - --- training epoch 110, loss 0.0131, mae 0.1231, rmse 0.1618, time elapsed(min) 0.02---
2026-10-01 06:46:44,581 - INFO - --- validation at epoch 110, val_loss 0.0105, val_mae 0.1111, val_rmse 0.1453, val_r2 0.7650, val_pearson 0.8774, lr 1.00e-03 ---
2026-10-01 06:46:44,582 - INFO - 
****************************************************************************************************
2026-10-01 06:46:46,135 - INFO - --- training epoch 111, loss 0.0128, mae 0.1214, rmse 0.1598, time elapsed(min) 0.02---
2026-10-01 06:46:46,463 - INFO - --- validation at epoch 111, val_loss 0.0110, val_mae 0.1099, val_rmse 0.1458, val_r2 0.7634, val_pearson 0.8743, lr 1.00e-03 ---
2026-10-01 06:46:46,463 - INFO - 
****************************************************************************************************
2026-10-01 06:46:48,272 - INFO - --- training epoch 112, loss 0.0130, mae 0.1219, rmse 0.1611, time elapsed(min) 0.03---
2026-10-01 06:46:48,495 - INFO - --- validation at epoch 112, val_loss 0.0108, val_mae 0.1145, val_rmse 0.1496, val_r2 0.7510, val_pearson 0.8688, lr 1.00e-03 ---
2026-10-01 06:46:48,495 - INFO - 
****************************************************************************************************
2026-10-01 06:46:50,050 - INFO - --- training epoch 113, loss 0.0126, mae 0.1205, rmse 0.1586, time elapsed(min) 0.02---
2026-10-01 06:46:50,256 - INFO - --- validation at epoch 113, val_loss 0.0104, val_mae 0.1095, val_rmse 0.1444, val_r2 0.7678, val_pearson 0.8770, lr 1.00e-03 ---
2026-10-01 06:46:50,256 - INFO - 
****************************************************************************************************
2026-10-01 06:46:51,802 - INFO - --- training epoch 114, loss 0.0123, mae 0.1183, rmse 0.1567, time elapsed(min) 0.02---
2026-10-01 06:46:52,128 - INFO - --- validation at epoch 114, val_loss 0.0105, val_mae 0.1117, val_rmse 0.1469, val_r2 0.7599, val_pearson 0.8752, lr 1.00e-03 ---
2026-10-01 06:46:52,128 - INFO - 
****************************************************************************************************
2026-10-01 06:46:53,821 - INFO - --- training epoch 115, loss 0.0124, mae 0.1185, rmse 0.1575, time elapsed(min) 0.02---
2026-10-01 06:46:54,203 - INFO - --- validation at epoch 115, val_loss 0.0099, val_mae 0.1077, val_rmse 0.1419, val_r2 0.7759, val_pearson 0.8843, lr 1.00e-03 ---
2026-10-01 06:46:54,203 - INFO - 
****************************************************************************************************
2026-10-01 06:46:55,964 - INFO - --- training epoch 116, loss 0.0122, mae 0.1183, rmse 0.1561, time elapsed(min) 0.02---
2026-10-01 06:46:56,170 - INFO - --- validation at epoch 116, val_loss 0.0098, val_mae 0.1067, val_rmse 0.1411, val_r2 0.7785, val_pearson 0.8862, lr 1.00e-03 ---
2026-10-01 06:46:56,170 - INFO - 
****************************************************************************************************
2026-10-01 06:46:57,804 - INFO - --- training epoch 117, loss 0.0120, mae 0.1178, rmse 0.1552, time elapsed(min) 0.02---
2026-10-01 06:46:58,008 - INFO - --- validation at epoch 117, val_loss 0.0103, val_mae 0.1079, val_rmse 0.1432, val_r2 0.7717, val_pearson 0.8794, lr 1.00e-03 ---
2026-10-01 06:46:58,008 - INFO - 
****************************************************************************************************
2026-10-01 06:46:59,559 - INFO - --- training epoch 118, loss 0.0124, mae 0.1193, rmse 0.1578, time elapsed(min) 0.02---
2026-10-01 06:46:59,889 - INFO - --- validation at epoch 118, val_loss 0.0104, val_mae 0.1107, val_rmse 0.1457, val_r2 0.7637, val_pearson 0.8757, lr 1.00e-03 ---
2026-10-01 06:46:59,889 - INFO - 
****************************************************************************************************
2026-10-01 06:47:01,717 - INFO - --- training epoch 119, loss 0.0125, mae 0.1197, rmse 0.1580, time elapsed(min) 0.03---
2026-10-01 06:47:01,915 - INFO - --- validation at epoch 119, val_loss 0.0103, val_mae 0.1081, val_rmse 0.1444, val_r2 0.7679, val_pearson 0.8764, lr 1.00e-03 ---
2026-10-01 06:47:01,915 - INFO - 
****************************************************************************************************
2026-10-01 06:47:03,477 - INFO - --- training epoch 120, loss 0.0125, mae 0.1198, rmse 0.1581, time elapsed(min) 0.02---
2026-10-01 06:47:03,686 - INFO - --- validation at epoch 120, val_loss 0.0107, val_mae 0.1115, val_rmse 0.1479, val_r2 0.7565, val_pearson 0.8791, lr 1.00e-03 ---
2026-10-01 06:47:03,686 - INFO - 
****************************************************************************************************
2026-10-01 06:47:05,236 - INFO - --- training epoch 121, loss 0.0120, mae 0.1164, rmse 0.1551, time elapsed(min) 0.02---
2026-10-01 06:47:05,560 - INFO - --- validation at epoch 121, val_loss 0.0099, val_mae 0.1086, val_rmse 0.1438, val_r2 0.7700, val_pearson 0.8801, lr 1.00e-03 ---
2026-10-01 06:47:05,560 - INFO - 
****************************************************************************************************
2026-10-01 06:47:07,217 - INFO - --- training epoch 122, loss 0.0121, mae 0.1168, rmse 0.1555, time elapsed(min) 0.02---
2026-10-01 06:47:07,610 - INFO - --- validation at epoch 122, val_loss 0.0097, val_mae 0.1072, val_rmse 0.1435, val_r2 0.7708, val_pearson 0.8822, lr 1.00e-03 ---
2026-10-01 06:47:07,610 - INFO - 
****************************************************************************************************
2026-10-01 06:47:09,336 - INFO - --- training epoch 123, loss 0.0118, mae 0.1159, rmse 0.1537, time elapsed(min) 0.02---
2026-10-01 06:47:09,537 - INFO - --- validation at epoch 123, val_loss 0.0100, val_mae 0.1086, val_rmse 0.1435, val_r2 0.7708, val_pearson 0.8848, lr 1.00e-03 ---
2026-10-01 06:47:09,538 - INFO - 
****************************************************************************************************
2026-10-01 06:47:11,151 - INFO - --- training epoch 124, loss 0.0119, mae 0.1154, rmse 0.1543, time elapsed(min) 0.02---
2026-10-01 06:47:11,376 - INFO - --- validation at epoch 124, val_loss 0.0092, val_mae 0.1035, val_rmse 0.1380, val_r2 0.7882, val_pearson 0.8908, lr 1.00e-03 ---
2026-10-01 06:47:11,376 - INFO - 
****************************************************************************************************
2026-10-01 06:47:13,030 - INFO - --- training epoch 125, loss 0.0127, mae 0.1206, rmse 0.1594, time elapsed(min) 0.02---
2026-10-01 06:47:13,436 - INFO - --- validation at epoch 125, val_loss 0.0106, val_mae 0.1129, val_rmse 0.1510, val_r2 0.7463, val_pearson 0.8677, lr 1.00e-03 ---
2026-10-01 06:47:13,436 - INFO - 
****************************************************************************************************
2026-10-01 06:47:15,105 - INFO - --- training epoch 126, loss 0.0118, mae 0.1166, rmse 0.1539, time elapsed(min) 0.02---
2026-10-01 06:47:15,308 - INFO - --- validation at epoch 126, val_loss 0.0100, val_mae 0.1059, val_rmse 0.1434, val_r2 0.7712, val_pearson 0.8788, lr 1.00e-03 ---
2026-10-01 06:47:15,309 - INFO - 
****************************************************************************************************
2026-10-01 06:47:16,845 - INFO - --- training epoch 127, loss 0.0117, mae 0.1150, rmse 0.1530, time elapsed(min) 0.02---
2026-10-01 06:47:17,046 - INFO - --- validation at epoch 127, val_loss 0.0105, val_mae 0.1090, val_rmse 0.1464, val_r2 0.7616, val_pearson 0.8777, lr 1.00e-03 ---
2026-10-01 06:47:17,046 - INFO - 
****************************************************************************************************
2026-10-01 06:47:18,698 - INFO - --- training epoch 128, loss 0.0117, mae 0.1147, rmse 0.1530, time elapsed(min) 0.02---
2026-10-01 06:47:19,026 - INFO - --- validation at epoch 128, val_loss 0.0102, val_mae 0.1077, val_rmse 0.1452, val_r2 0.7653, val_pearson 0.8780, lr 1.00e-03 ---
2026-10-01 06:47:19,026 - INFO - 
****************************************************************************************************
2026-10-01 06:47:20,871 - INFO - --- training epoch 129, loss 0.0120, mae 0.1169, rmse 0.1551, time elapsed(min) 0.03---
2026-10-01 06:47:21,074 - INFO - --- validation at epoch 129, val_loss 0.0103, val_mae 0.1110, val_rmse 0.1470, val_r2 0.7597, val_pearson 0.8761, lr 1.00e-03 ---
2026-10-01 06:47:21,074 - INFO - 
****************************************************************************************************
2026-10-01 06:47:22,625 - INFO - --- training epoch 130, loss 0.0116, mae 0.1153, rmse 0.1523, time elapsed(min) 0.02---
2026-10-01 06:47:22,824 - INFO - --- validation at epoch 130, val_loss 0.0089, val_mae 0.1029, val_rmse 0.1372, val_r2 0.7904, val_pearson 0.8922, lr 1.00e-03 ---
2026-10-01 06:47:22,824 - INFO - 
****************************************************************************************************
2026-10-01 06:47:24,465 - INFO - --- training epoch 131, loss 0.0115, mae 0.1144, rmse 0.1519, time elapsed(min) 0.02---
2026-10-01 06:47:24,789 - INFO - --- validation at epoch 131, val_loss 0.0097, val_mae 0.1049, val_rmse 0.1410, val_r2 0.7789, val_pearson 0.8865, lr 1.00e-03 ---
2026-10-01 06:47:24,789 - INFO - 
****************************************************************************************************
2026-10-01 06:47:26,551 - INFO - --- training epoch 132, loss 0.0121, mae 0.1175, rmse 0.1557, time elapsed(min) 0.02---
2026-10-01 06:47:26,755 - INFO - --- validation at epoch 132, val_loss 0.0111, val_mae 0.1163, val_rmse 0.1525, val_r2 0.7412, val_pearson 0.8678, lr 1.00e-03 ---
2026-10-01 06:47:26,755 - INFO - 
****************************************************************************************************
2026-10-01 06:47:28,297 - INFO - --- training epoch 133, loss 0.0116, mae 0.1141, rmse 0.1523, time elapsed(min) 0.02---
2026-10-01 06:47:28,502 - INFO - --- validation at epoch 133, val_loss 0.0096, val_mae 0.1041, val_rmse 0.1381, val_r2 0.7879, val_pearson 0.8890, lr 1.00e-03 ---
2026-10-01 06:47:28,502 - INFO - 
****************************************************************************************************
2026-10-01 06:47:30,048 - INFO - --- training epoch 134, loss 0.0114, mae 0.1130, rmse 0.1509, time elapsed(min) 0.02---
2026-10-01 06:47:30,387 - INFO - --- validation at epoch 134, val_loss 0.0099, val_mae 0.1086, val_rmse 0.1447, val_r2 0.7671, val_pearson 0.8835, lr 1.00e-03 ---
2026-10-01 06:47:30,387 - INFO - 
****************************************************************************************************
2026-10-01 06:47:32,025 - INFO - --- training epoch 135, loss 0.0113, mae 0.1127, rmse 0.1502, time elapsed(min) 0.02---
2026-10-01 06:47:32,416 - INFO - --- validation at epoch 135, val_loss 0.0098, val_mae 0.1060, val_rmse 0.1421, val_r2 0.7752, val_pearson 0.8825, lr 1.00e-03 ---
2026-10-01 06:47:32,416 - INFO - 
****************************************************************************************************
2026-10-01 06:47:34,088 - INFO - --- training epoch 136, loss 0.0118, mae 0.1155, rmse 0.1537, time elapsed(min) 0.02---
2026-10-01 06:47:34,291 - INFO - --- validation at epoch 136, val_loss 0.0105, val_mae 0.1099, val_rmse 0.1455, val_r2 0.7644, val_pearson 0.8754, lr 1.00e-03 ---
2026-10-01 06:47:34,291 - INFO - 
****************************************************************************************************
2026-10-01 06:47:35,848 - INFO - --- training epoch 137, loss 0.0117, mae 0.1147, rmse 0.1530, time elapsed(min) 0.02---
2026-10-01 06:47:36,172 - INFO - --- validation at epoch 137, val_loss 0.0104, val_mae 0.1108, val_rmse 0.1465, val_r2 0.7611, val_pearson 0.8759, lr 1.00e-03 ---
2026-10-01 06:47:36,172 - INFO - 
****************************************************************************************************
2026-10-01 06:47:37,846 - INFO - --- training epoch 138, loss 0.0114, mae 0.1147, rmse 0.1510, time elapsed(min) 0.02---
2026-10-01 06:47:38,246 - INFO - --- validation at epoch 138, val_loss 0.0096, val_mae 0.1055, val_rmse 0.1412, val_r2 0.7782, val_pearson 0.8843, lr 1.00e-03 ---
2026-10-01 06:47:38,246 - INFO - 
****************************************************************************************************
2026-10-01 06:47:39,920 - INFO - --- training epoch 139, loss 0.0114, mae 0.1138, rmse 0.1508, time elapsed(min) 0.02---
2026-10-01 06:47:40,132 - INFO - --- validation at epoch 139, val_loss 0.0095, val_mae 0.1068, val_rmse 0.1437, val_r2 0.7702, val_pearson 0.8799, lr 1.00e-03 ---
2026-10-01 06:47:40,132 - INFO - 
****************************************************************************************************
2026-10-01 06:47:41,682 - INFO - --- training epoch 140, loss 0.0112, mae 0.1123, rmse 0.1498, time elapsed(min) 0.02---
2026-10-01 06:47:41,885 - INFO - --- validation at epoch 140, val_loss 0.0100, val_mae 0.1093, val_rmse 0.1443, val_r2 0.7684, val_pearson 0.8781, lr 1.00e-03 ---
2026-10-01 06:47:41,885 - INFO - 
****************************************************************************************************
2026-10-01 06:47:43,444 - INFO - --- training epoch 141, loss 0.0116, mae 0.1148, rmse 0.1522, time elapsed(min) 0.02---
2026-10-01 06:47:43,775 - INFO - --- validation at epoch 141, val_loss 0.0111, val_mae 0.1148, val_rmse 0.1505, val_r2 0.7480, val_pearson 0.8748, lr 1.00e-03 ---
2026-10-01 06:47:43,775 - INFO - 
****************************************************************************************************
2026-10-01 06:47:45,668 - INFO - --- training epoch 142, loss 0.0106, mae 0.1090, rmse 0.1459, time elapsed(min) 0.03---
2026-10-01 06:47:45,877 - INFO - --- validation at epoch 142, val_loss 0.0099, val_mae 0.1082, val_rmse 0.1430, val_r2 0.7723, val_pearson 0.8824, lr 3.00e-04 ---
2026-10-01 06:47:45,877 - INFO - 
****************************************************************************************************
2026-10-01 06:47:47,411 - INFO - --- training epoch 143, loss 0.0104, mae 0.1070, rmse 0.1440, time elapsed(min) 0.02---
2026-10-01 06:47:47,636 - INFO - --- validation at epoch 143, val_loss 0.0096, val_mae 0.1065, val_rmse 0.1401, val_r2 0.7816, val_pearson 0.8881, lr 3.00e-04 ---
2026-10-01 06:47:47,636 - INFO - 
****************************************************************************************************
2026-10-01 06:47:49,186 - INFO - --- training epoch 144, loss 0.0102, mae 0.1069, rmse 0.1429, time elapsed(min) 0.02---
2026-10-01 06:47:49,387 - INFO - --- validation at epoch 144, val_loss 0.0093, val_mae 0.1052, val_rmse 0.1381, val_r2 0.7878, val_pearson 0.8909, lr 3.00e-04 ---
2026-10-01 06:47:49,387 - INFO - 
****************************************************************************************************
2026-10-01 06:47:51,038 - INFO - --- training epoch 145, loss 0.0102, mae 0.1068, rmse 0.1427, time elapsed(min) 0.02---
2026-10-01 06:47:51,509 - INFO - --- validation at epoch 145, val_loss 0.0100, val_mae 0.1080, val_rmse 0.1428, val_r2 0.7732, val_pearson 0.8834, lr 3.00e-04 ---
2026-10-01 06:47:51,509 - INFO - 
****************************************************************************************************
2026-10-01 06:47:53,249 - INFO - --- training epoch 146, loss 0.0104, mae 0.1069, rmse 0.1440, time elapsed(min) 0.02---
2026-10-01 06:47:53,502 - INFO - --- validation at epoch 146, val_loss 0.0097, val_mae 0.1077, val_rmse 0.1416, val_r2 0.7768, val_pearson 0.8852, lr 3.00e-04 ---
2026-10-01 06:47:53,502 - INFO - 
****************************************************************************************************
2026-10-01 06:47:55,050 - INFO - --- training epoch 147, loss 0.0102, mae 0.1060, rmse 0.1426, time elapsed(min) 0.02---
2026-10-01 06:47:55,257 - INFO - --- validation at epoch 147, val_loss 0.0093, val_mae 0.1038, val_rmse 0.1387, val_r2 0.7861, val_pearson 0.8885, lr 3.00e-04 ---
2026-10-01 06:47:55,257 - INFO - 
****************************************************************************************************
2026-10-01 06:47:56,876 - INFO - --- training epoch 148, loss 0.0102, mae 0.1060, rmse 0.1425, time elapsed(min) 0.02---
2026-10-01 06:47:57,251 - INFO - --- validation at epoch 148, val_loss 0.0101, val_mae 0.1094, val_rmse 0.1435, val_r2 0.7708, val_pearson 0.8833, lr 3.00e-04 ---
2026-10-01 06:47:57,251 - INFO - 
****************************************************************************************************
2026-10-01 06:47:59,054 - INFO - --- training epoch 149, loss 0.0101, mae 0.1062, rmse 0.1421, time elapsed(min) 0.02---
2026-10-01 06:47:59,258 - INFO - --- validation at epoch 149, val_loss 0.0096, val_mae 0.1048, val_rmse 0.1396, val_r2 0.7831, val_pearson 0.8870, lr 3.00e-04 ---
2026-10-01 06:47:59,258 - INFO - 
****************************************************************************************************
2026-10-01 06:48:00,808 - INFO - --- training epoch 150, loss 0.0101, mae 0.1062, rmse 0.1423, time elapsed(min) 0.02---
2026-10-01 06:48:01,014 - INFO - --- validation at epoch 150, val_loss 0.0095, val_mae 0.1042, val_rmse 0.1388, val_r2 0.7856, val_pearson 0.8883, lr 3.00e-04 ---
2026-10-01 06:48:01,014 - INFO - 
****************************************************************************************************
2026-10-01 06:48:02,627 - INFO - --- training epoch 151, loss 0.0100, mae 0.1048, rmse 0.1416, time elapsed(min) 0.02---
2026-10-01 06:48:02,963 - INFO - --- validation at epoch 151, val_loss 0.0091, val_mae 0.1026, val_rmse 0.1362, val_r2 0.7936, val_pearson 0.8941, lr 3.00e-04 ---
2026-10-01 06:48:02,963 - INFO - 
****************************************************************************************************
2026-10-01 06:48:04,699 - INFO - --- training epoch 152, loss 0.0098, mae 0.1046, rmse 0.1401, time elapsed(min) 0.02---
2026-10-01 06:48:04,903 - INFO - --- validation at epoch 152, val_loss 0.0092, val_mae 0.1032, val_rmse 0.1380, val_r2 0.7880, val_pearson 0.8903, lr 3.00e-04 ---
2026-10-01 06:48:04,904 - INFO - 
****************************************************************************************************
2026-10-01 06:48:06,511 - INFO - --- training epoch 153, loss 0.0098, mae 0.1036, rmse 0.1397, time elapsed(min) 0.02---
2026-10-01 06:48:06,713 - INFO - --- validation at epoch 153, val_loss 0.0091, val_mae 0.1005, val_rmse 0.1348, val_r2 0.7978, val_pearson 0.8951, lr 9.00e-05 ---
2026-10-01 06:48:06,713 - INFO - 
****************************************************************************************************
2026-10-01 06:48:08,275 - INFO - --- training epoch 154, loss 0.0097, mae 0.1037, rmse 0.1392, time elapsed(min) 0.02---
2026-10-01 06:48:08,478 - INFO - --- validation at epoch 154, val_loss 0.0088, val_mae 0.0991, val_rmse 0.1325, val_r2 0.8046, val_pearson 0.8990, lr 9.00e-05 ---
2026-10-01 06:48:08,478 - INFO - 
****************************************************************************************************
2026-10-01 06:48:10,216 - INFO - --- training epoch 155, loss 0.0097, mae 0.1031, rmse 0.1390, time elapsed(min) 0.02---
2026-10-01 06:48:10,591 - INFO - --- validation at epoch 155, val_loss 0.0087, val_mae 0.0989, val_rmse 0.1327, val_r2 0.8041, val_pearson 0.8986, lr 9.00e-05 ---
2026-10-01 06:48:10,591 - INFO - 
****************************************************************************************************
2026-10-01 06:48:12,418 - INFO - --- training epoch 156, loss 0.0095, mae 0.1034, rmse 0.1380, time elapsed(min) 0.02---
2026-10-01 06:48:12,641 - INFO - --- validation at epoch 156, val_loss 0.0090, val_mae 0.0997, val_rmse 0.1338, val_r2 0.8009, val_pearson 0.8971, lr 9.00e-05 ---
2026-10-01 06:48:12,641 - INFO - 
****************************************************************************************************
2026-10-01 06:48:14,192 - INFO - --- training epoch 157, loss 0.0093, mae 0.1017, rmse 0.1364, time elapsed(min) 0.02---
2026-10-01 06:48:14,416 - INFO - --- validation at epoch 157, val_loss 0.0089, val_mae 0.0994, val_rmse 0.1333, val_r2 0.8023, val_pearson 0.8974, lr 9.00e-05 ---
2026-10-01 06:48:14,416 - INFO - 
****************************************************************************************************
2026-10-01 06:48:16,058 - INFO - --- training epoch 158, loss 0.0096, mae 0.1033, rmse 0.1384, time elapsed(min) 0.02---
2026-10-01 06:48:16,387 - INFO - --- validation at epoch 158, val_loss 0.0091, val_mae 0.1003, val_rmse 0.1345, val_r2 0.7987, val_pearson 0.8957, lr 9.00e-05 ---
2026-10-01 06:48:16,387 - INFO - 
****************************************************************************************************
2026-10-01 06:48:18,199 - INFO - --- training epoch 159, loss 0.0096, mae 0.1039, rmse 0.1388, time elapsed(min) 0.03---
2026-10-01 06:48:18,402 - INFO - --- validation at epoch 159, val_loss 0.0090, val_mae 0.0995, val_rmse 0.1331, val_r2 0.8027, val_pearson 0.8979, lr 9.00e-05 ---
2026-10-01 06:48:18,402 - INFO - 
****************************************************************************************************
2026-10-01 06:48:20,048 - INFO - --- training epoch 160, loss 0.0098, mae 0.1039, rmse 0.1399, time elapsed(min) 0.02---
2026-10-01 06:48:20,258 - INFO - --- validation at epoch 160, val_loss 0.0089, val_mae 0.0995, val_rmse 0.1332, val_r2 0.8026, val_pearson 0.8985, lr 9.00e-05 ---
2026-10-01 06:48:20,258 - INFO - 
****************************************************************************************************
2026-10-01 06:48:21,867 - INFO - --- training epoch 161, loss 0.0096, mae 0.1034, rmse 0.1386, time elapsed(min) 0.02---
2026-10-01 06:48:22,192 - INFO - --- validation at epoch 161, val_loss 0.0089, val_mae 0.0986, val_rmse 0.1329, val_r2 0.8036, val_pearson 0.8977, lr 9.00e-05 ---
2026-10-01 06:48:22,193 - INFO - 
****************************************************************************************************
2026-10-01 06:48:23,938 - INFO - --- training epoch 162, loss 0.0093, mae 0.1016, rmse 0.1365, time elapsed(min) 0.02---
2026-10-01 06:48:24,345 - INFO - --- validation at epoch 162, val_loss 0.0090, val_mae 0.0997, val_rmse 0.1341, val_r2 0.7998, val_pearson 0.8972, lr 9.00e-05 ---
2026-10-01 06:48:24,345 - INFO - 
****************************************************************************************************
2026-10-01 06:48:25,969 - INFO - --- training epoch 163, loss 0.0098, mae 0.1046, rmse 0.1404, time elapsed(min) 0.02---
2026-10-01 06:48:26,170 - INFO - --- validation at epoch 163, val_loss 0.0092, val_mae 0.1002, val_rmse 0.1346, val_r2 0.7983, val_pearson 0.8957, lr 9.00e-05 ---
2026-10-01 06:48:26,170 - INFO - 
****************************************************************************************************
2026-10-01 06:48:27,776 - INFO - --- training epoch 164, loss 0.0095, mae 0.1024, rmse 0.1375, time elapsed(min) 0.02---
2026-10-01 06:48:27,982 - INFO - --- validation at epoch 164, val_loss 0.0090, val_mae 0.0993, val_rmse 0.1331, val_r2 0.8029, val_pearson 0.8980, lr 9.00e-05 ---
2026-10-01 06:48:27,982 - INFO - 
****************************************************************************************************
2026-10-01 06:48:29,634 - INFO - --- training epoch 165, loss 0.0097, mae 0.1030, rmse 0.1390, time elapsed(min) 0.02---
2026-10-01 06:48:29,966 - INFO - --- validation at epoch 165, val_loss 0.0089, val_mae 0.0991, val_rmse 0.1330, val_r2 0.8032, val_pearson 0.8981, lr 9.00e-05 ---
2026-10-01 06:48:29,967 - INFO - 
****************************************************************************************************
2026-10-01 06:48:31,693 - INFO - --- training epoch 166, loss 0.0092, mae 0.1005, rmse 0.1355, time elapsed(min) 0.02---
2026-10-01 06:48:31,898 - INFO - --- validation at epoch 166, val_loss 0.0089, val_mae 0.0984, val_rmse 0.1329, val_r2 0.8036, val_pearson 0.8985, lr 9.00e-05 ---
2026-10-01 06:48:31,898 - INFO - 
****************************************************************************************************
2026-10-01 06:48:33,509 - INFO - --- training epoch 167, loss 0.0095, mae 0.1028, rmse 0.1376, time elapsed(min) 0.02---
2026-10-01 06:48:33,709 - INFO - --- validation at epoch 167, val_loss 0.0086, val_mae 0.0985, val_rmse 0.1316, val_r2 0.8074, val_pearson 0.9001, lr 2.70e-05 ---
2026-10-01 06:48:33,709 - INFO - 
****************************************************************************************************
2026-10-01 06:48:35,485 - INFO - --- training epoch 168, loss 0.0093, mae 0.1017, rmse 0.1367, time elapsed(min) 0.02---
2026-10-01 06:48:35,812 - INFO - --- validation at epoch 168, val_loss 0.0086, val_mae 0.0980, val_rmse 0.1310, val_r2 0.8090, val_pearson 0.9013, lr 2.70e-05 ---
2026-10-01 06:48:35,812 - INFO - 
****************************************************************************************************
2026-10-01 06:48:37,655 - INFO - --- training epoch 169, loss 0.0093, mae 0.1011, rmse 0.1364, time elapsed(min) 0.02---
2026-10-01 06:48:37,906 - INFO - --- validation at epoch 169, val_loss 0.0086, val_mae 0.0981, val_rmse 0.1312, val_r2 0.8083, val_pearson 0.9010, lr 2.70e-05 ---
2026-10-01 06:48:37,906 - INFO - 
****************************************************************************************************
2026-10-01 06:48:39,438 - INFO - --- training epoch 170, loss 0.0094, mae 0.1013, rmse 0.1369, time elapsed(min) 0.02---
2026-10-01 06:48:39,644 - INFO - --- validation at epoch 170, val_loss 0.0086, val_mae 0.0980, val_rmse 0.1311, val_r2 0.8088, val_pearson 0.9007, lr 2.70e-05 ---
2026-10-01 06:48:39,644 - INFO - 
****************************************************************************************************
2026-10-01 06:48:41,201 - INFO - --- training epoch 171, loss 0.0092, mae 0.0999, rmse 0.1359, time elapsed(min) 0.02---
2026-10-01 06:48:41,523 - INFO - --- validation at epoch 171, val_loss 0.0086, val_mae 0.0980, val_rmse 0.1312, val_r2 0.8084, val_pearson 0.9009, lr 2.70e-05 ---
2026-10-01 06:48:41,523 - INFO - 
****************************************************************************************************
2026-10-01 06:48:43,406 - INFO - --- training epoch 172, loss 0.0095, mae 0.1018, rmse 0.1377, time elapsed(min) 0.03---
2026-10-01 06:48:43,609 - INFO - --- validation at epoch 172, val_loss 0.0086, val_mae 0.0981, val_rmse 0.1312, val_r2 0.8085, val_pearson 0.9008, lr 2.70e-05 ---
2026-10-01 06:48:43,609 - INFO - 
****************************************************************************************************
2026-10-01 06:48:45,180 - INFO - --- training epoch 173, loss 0.0094, mae 0.1015, rmse 0.1371, time elapsed(min) 0.02---
2026-10-01 06:48:45,426 - INFO - --- validation at epoch 173, val_loss 0.0085, val_mae 0.0976, val_rmse 0.1305, val_r2 0.8104, val_pearson 0.9015, lr 2.70e-05 ---
2026-10-01 06:48:45,426 - INFO - 
****************************************************************************************************
2026-10-01 06:48:47,084 - INFO - --- training epoch 174, loss 0.0091, mae 0.1001, rmse 0.1351, time elapsed(min) 0.02---
2026-10-01 06:48:47,285 - INFO - --- validation at epoch 174, val_loss 0.0085, val_mae 0.0971, val_rmse 0.1303, val_r2 0.8112, val_pearson 0.9022, lr 2.70e-05 ---
2026-10-01 06:48:47,285 - INFO - 
****************************************************************************************************
2026-10-01 06:48:49,114 - INFO - --- training epoch 175, loss 0.0094, mae 0.1012, rmse 0.1369, time elapsed(min) 0.02---
2026-10-01 06:48:49,590 - INFO - --- validation at epoch 175, val_loss 0.0086, val_mae 0.0980, val_rmse 0.1312, val_r2 0.8086, val_pearson 0.9009, lr 2.70e-05 ---
2026-10-01 06:48:49,590 - INFO - 
****************************************************************************************************
2026-10-01 06:48:51,136 - INFO - --- training epoch 176, loss 0.0095, mae 0.1018, rmse 0.1375, time elapsed(min) 0.02---
2026-10-01 06:48:51,340 - INFO - --- validation at epoch 176, val_loss 0.0085, val_mae 0.0978, val_rmse 0.1310, val_r2 0.8090, val_pearson 0.9015, lr 2.70e-05 ---
2026-10-01 06:48:51,341 - INFO - 
****************************************************************************************************
2026-10-01 06:48:52,901 - INFO - --- training epoch 177, loss 0.0093, mae 0.1012, rmse 0.1364, time elapsed(min) 0.02---
2026-10-01 06:48:53,112 - INFO - --- validation at epoch 177, val_loss 0.0085, val_mae 0.0978, val_rmse 0.1309, val_r2 0.8093, val_pearson 0.9017, lr 2.70e-05 ---
2026-10-01 06:48:53,112 - INFO - 
****************************************************************************************************
2026-10-01 06:48:54,748 - INFO - --- training epoch 178, loss 0.0093, mae 0.1010, rmse 0.1363, time elapsed(min) 0.02---
2026-10-01 06:48:55,128 - INFO - --- validation at epoch 178, val_loss 0.0085, val_mae 0.0976, val_rmse 0.1310, val_r2 0.8090, val_pearson 0.9008, lr 2.70e-05 ---
2026-10-01 06:48:55,128 - INFO - 
****************************************************************************************************
2026-10-01 06:48:56,792 - INFO - --- training epoch 179, loss 0.0094, mae 0.1019, rmse 0.1371, time elapsed(min) 0.02---
2026-10-01 06:48:56,995 - INFO - --- validation at epoch 179, val_loss 0.0085, val_mae 0.0977, val_rmse 0.1309, val_r2 0.8092, val_pearson 0.9018, lr 2.70e-05 ---
2026-10-01 06:48:56,995 - INFO - 
****************************************************************************************************
2026-10-01 06:48:58,645 - INFO - --- training epoch 180, loss 0.0093, mae 0.1014, rmse 0.1366, time elapsed(min) 0.02---
2026-10-01 06:48:58,849 - INFO - --- validation at epoch 180, val_loss 0.0084, val_mae 0.0970, val_rmse 0.1300, val_r2 0.8119, val_pearson 0.9025, lr 2.70e-05 ---
2026-10-01 06:48:58,849 - INFO - 
****************************************************************************************************
2026-10-01 06:49:00,591 - INFO - --- training epoch 181, loss 0.0094, mae 0.1015, rmse 0.1373, time elapsed(min) 0.02---
2026-10-01 06:49:00,925 - INFO - --- validation at epoch 181, val_loss 0.0085, val_mae 0.0980, val_rmse 0.1312, val_r2 0.8085, val_pearson 0.9009, lr 2.70e-05 ---
2026-10-01 06:49:00,925 - INFO - 
****************************************************************************************************
2026-10-01 06:49:02,667 - INFO - --- training epoch 182, loss 0.0092, mae 0.1009, rmse 0.1359, time elapsed(min) 0.02---
2026-10-01 06:49:02,868 - INFO - --- validation at epoch 182, val_loss 0.0085, val_mae 0.0975, val_rmse 0.1306, val_r2 0.8103, val_pearson 0.9020, lr 2.70e-05 ---
2026-10-01 06:49:02,868 - INFO - 
****************************************************************************************************
2026-10-01 06:49:04,432 - INFO - --- training epoch 183, loss 0.0095, mae 0.1019, rmse 0.1380, time elapsed(min) 0.02---
2026-10-01 06:49:04,646 - INFO - --- validation at epoch 183, val_loss 0.0086, val_mae 0.0979, val_rmse 0.1311, val_r2 0.8089, val_pearson 0.9011, lr 2.70e-05 ---
2026-10-01 06:49:04,647 - INFO - 
****************************************************************************************************
2026-10-01 06:49:06,261 - INFO - --- training epoch 184, loss 0.0091, mae 0.1001, rmse 0.1352, time elapsed(min) 0.02---
2026-10-01 06:49:06,593 - INFO - --- validation at epoch 184, val_loss 0.0086, val_mae 0.0976, val_rmse 0.1309, val_r2 0.8094, val_pearson 0.9015, lr 2.70e-05 ---
2026-10-01 06:49:06,593 - INFO - 
****************************************************************************************************
2026-10-01 06:49:08,198 - INFO - --- training epoch 185, loss 0.0094, mae 0.1015, rmse 0.1368, time elapsed(min) 0.02---
2026-10-01 06:49:08,557 - INFO - --- validation at epoch 185, val_loss 0.0086, val_mae 0.0982, val_rmse 0.1313, val_r2 0.8083, val_pearson 0.9009, lr 2.70e-05 ---
2026-10-01 06:49:08,557 - INFO - 
****************************************************************************************************
2026-10-01 06:49:10,209 - INFO - --- training epoch 186, loss 0.0093, mae 0.1019, rmse 0.1365, time elapsed(min) 0.02---
2026-10-01 06:49:10,413 - INFO - --- validation at epoch 186, val_loss 0.0085, val_mae 0.0977, val_rmse 0.1307, val_r2 0.8100, val_pearson 0.9016, lr 2.70e-05 ---
2026-10-01 06:49:10,413 - INFO - 
****************************************************************************************************
2026-10-01 06:49:12,036 - INFO - --- training epoch 187, loss 0.0093, mae 0.1008, rmse 0.1361, time elapsed(min) 0.02---
2026-10-01 06:49:12,242 - INFO - --- validation at epoch 187, val_loss 0.0085, val_mae 0.0976, val_rmse 0.1306, val_r2 0.8102, val_pearson 0.9015, lr 2.70e-05 ---
2026-10-01 06:49:12,242 - INFO - 
****************************************************************************************************
2026-10-01 06:49:13,798 - INFO - --- training epoch 188, loss 0.0093, mae 0.1020, rmse 0.1363, time elapsed(min) 0.02---
2026-10-01 06:49:14,173 - INFO - --- validation at epoch 188, val_loss 0.0086, val_mae 0.0983, val_rmse 0.1314, val_r2 0.8078, val_pearson 0.9008, lr 2.70e-05 ---
2026-10-01 06:49:14,173 - INFO - 
****************************************************************************************************
2026-10-01 06:49:15,836 - INFO - --- training epoch 189, loss 0.0095, mae 0.1015, rmse 0.1379, time elapsed(min) 0.02---
2026-10-01 06:49:16,044 - INFO - --- validation at epoch 189, val_loss 0.0084, val_mae 0.0976, val_rmse 0.1305, val_r2 0.8105, val_pearson 0.9024, lr 2.70e-05 ---
2026-10-01 06:49:16,044 - INFO - 
****************************************************************************************************
2026-10-01 06:49:17,609 - INFO - --- training epoch 190, loss 0.0094, mae 0.1011, rmse 0.1370, time elapsed(min) 0.02---
2026-10-01 06:49:17,819 - INFO - --- validation at epoch 190, val_loss 0.0083, val_mae 0.0969, val_rmse 0.1300, val_r2 0.8119, val_pearson 0.9023, lr 2.70e-05 ---
2026-10-01 06:49:17,819 - INFO - 
****************************************************************************************************
2026-10-01 06:49:19,454 - INFO - --- training epoch 191, loss 0.0093, mae 0.1010, rmse 0.1363, time elapsed(min) 0.02---
2026-10-01 06:49:19,788 - INFO - --- validation at epoch 191, val_loss 0.0085, val_mae 0.0975, val_rmse 0.1305, val_r2 0.8106, val_pearson 0.9021, lr 2.70e-05 ---
2026-10-01 06:49:19,789 - INFO - 
****************************************************************************************************
2026-10-01 06:49:21,581 - INFO - --- training epoch 192, loss 0.0093, mae 0.1007, rmse 0.1362, time elapsed(min) 0.03---
2026-10-01 06:49:21,806 - INFO - --- validation at epoch 192, val_loss 0.0084, val_mae 0.0973, val_rmse 0.1303, val_r2 0.8112, val_pearson 0.9022, lr 2.70e-05 ---
2026-10-01 06:49:21,806 - INFO - 
****************************************************************************************************
2026-10-01 06:49:23,410 - INFO - --- training epoch 193, loss 0.0094, mae 0.1014, rmse 0.1372, time elapsed(min) 0.02---
2026-10-01 06:49:23,620 - INFO - --- validation at epoch 193, val_loss 0.0084, val_mae 0.0977, val_rmse 0.1306, val_r2 0.8101, val_pearson 0.9016, lr 2.70e-05 ---
2026-10-01 06:49:23,620 - INFO - 
****************************************************************************************************
2026-10-01 06:49:25,179 - INFO - --- training epoch 194, loss 0.0094, mae 0.1016, rmse 0.1369, time elapsed(min) 0.02---
2026-10-01 06:49:25,400 - INFO - --- validation at epoch 194, val_loss 0.0085, val_mae 0.0975, val_rmse 0.1305, val_r2 0.8106, val_pearson 0.9021, lr 2.70e-05 ---
2026-10-01 06:49:25,400 - INFO - 
****************************************************************************************************
2026-10-01 06:49:27,081 - INFO - --- training epoch 195, loss 0.0092, mae 0.1002, rmse 0.1358, time elapsed(min) 0.02---
2026-10-01 06:49:27,561 - INFO - --- validation at epoch 195, val_loss 0.0084, val_mae 0.0972, val_rmse 0.1302, val_r2 0.8115, val_pearson 0.9026, lr 2.70e-05 ---
2026-10-01 06:49:27,561 - INFO - 
****************************************************************************************************
2026-10-01 06:49:29,102 - INFO - --- training epoch 196, loss 0.0092, mae 0.1004, rmse 0.1355, time elapsed(min) 0.02---
2026-10-01 06:49:29,306 - INFO - --- validation at epoch 196, val_loss 0.0084, val_mae 0.0974, val_rmse 0.1302, val_r2 0.8113, val_pearson 0.9026, lr 2.70e-05 ---
2026-10-01 06:49:29,306 - INFO - 
****************************************************************************************************
2026-10-01 06:49:30,844 - INFO - --- training epoch 197, loss 0.0094, mae 0.1020, rmse 0.1373, time elapsed(min) 0.02---
2026-10-01 06:49:31,060 - INFO - --- validation at epoch 197, val_loss 0.0083, val_mae 0.0967, val_rmse 0.1295, val_r2 0.8133, val_pearson 0.9030, lr 2.70e-05 ---
2026-10-01 06:49:31,060 - INFO - 
****************************************************************************************************
2026-10-01 06:49:32,821 - INFO - --- training epoch 198, loss 0.0091, mae 0.1001, rmse 0.1352, time elapsed(min) 0.02---
2026-10-01 06:49:33,185 - INFO - --- validation at epoch 198, val_loss 0.0084, val_mae 0.0966, val_rmse 0.1295, val_r2 0.8134, val_pearson 0.9031, lr 2.70e-05 ---
2026-10-01 06:49:33,185 - INFO - 
****************************************************************************************************
2026-10-01 06:49:34,836 - INFO - --- training epoch 199, loss 0.0091, mae 0.1002, rmse 0.1348, time elapsed(min) 0.02---
2026-10-01 06:49:35,070 - INFO - --- validation at epoch 199, val_loss 0.0084, val_mae 0.0973, val_rmse 0.1304, val_r2 0.8108, val_pearson 0.9017, lr 2.70e-05 ---
2026-10-01 06:49:35,070 - INFO - 
****************************************************************************************************
2026-10-01 06:49:36,613 - INFO - --- training epoch 200, loss 0.0094, mae 0.1011, rmse 0.1373, time elapsed(min) 0.02---
2026-10-01 06:49:36,815 - INFO - --- validation at epoch 200, val_loss 0.0084, val_mae 0.0971, val_rmse 0.1303, val_r2 0.8110, val_pearson 0.9020, lr 2.70e-05 ---
2026-10-01 06:49:36,815 - INFO - 
****************************************************************************************************
2026-10-01 06:49:38,386 - INFO - --- training epoch 201, loss 0.0093, mae 0.1010, rmse 0.1366, time elapsed(min) 0.02---
2026-10-01 06:49:38,717 - INFO - --- validation at epoch 201, val_loss 0.0084, val_mae 0.0972, val_rmse 0.1303, val_r2 0.8111, val_pearson 0.9021, lr 2.70e-05 ---
2026-10-01 06:49:38,718 - INFO - 
****************************************************************************************************
2026-10-01 06:49:40,458 - INFO - --- training epoch 202, loss 0.0094, mae 0.1016, rmse 0.1370, time elapsed(min) 0.02---
2026-10-01 06:49:40,678 - INFO - --- validation at epoch 202, val_loss 0.0085, val_mae 0.0973, val_rmse 0.1303, val_r2 0.8110, val_pearson 0.9020, lr 2.70e-05 ---
2026-10-01 06:49:40,678 - INFO - 
****************************************************************************************************
2026-10-01 06:49:42,223 - INFO - --- training epoch 203, loss 0.0091, mae 0.1000, rmse 0.1352, time elapsed(min) 0.02---
2026-10-01 06:49:42,424 - INFO - --- validation at epoch 203, val_loss 0.0084, val_mae 0.0972, val_rmse 0.1301, val_r2 0.8117, val_pearson 0.9025, lr 2.70e-05 ---
2026-10-01 06:49:42,424 - INFO - 
****************************************************************************************************
2026-10-01 06:49:44,069 - INFO - --- training epoch 204, loss 0.0092, mae 0.1003, rmse 0.1356, time elapsed(min) 0.02---
2026-10-01 06:49:44,392 - INFO - --- validation at epoch 204, val_loss 0.0085, val_mae 0.0978, val_rmse 0.1307, val_r2 0.8100, val_pearson 0.9020, lr 2.70e-05 ---
2026-10-01 06:49:44,392 - INFO - 
****************************************************************************************************
2026-10-01 06:49:46,041 - INFO - --- training epoch 205, loss 0.0092, mae 0.1004, rmse 0.1355, time elapsed(min) 0.02---
2026-10-01 06:49:46,436 - INFO - --- validation at epoch 205, val_loss 0.0084, val_mae 0.0969, val_rmse 0.1296, val_r2 0.8131, val_pearson 0.9031, lr 2.70e-05 ---
2026-10-01 06:49:46,436 - INFO - 
****************************************************************************************************
2026-10-01 06:49:48,081 - INFO - --- training epoch 206, loss 0.0093, mae 0.1013, rmse 0.1366, time elapsed(min) 0.02---
2026-10-01 06:49:48,289 - INFO - --- validation at epoch 206, val_loss 0.0085, val_mae 0.0980, val_rmse 0.1313, val_r2 0.8083, val_pearson 0.9009, lr 2.70e-05 ---
2026-10-01 06:49:48,290 - INFO - 
****************************************************************************************************
2026-10-01 06:49:49,837 - INFO - --- training epoch 207, loss 0.0094, mae 0.1011, rmse 0.1371, time elapsed(min) 0.02---
2026-10-01 06:49:50,043 - INFO - --- validation at epoch 207, val_loss 0.0084, val_mae 0.0971, val_rmse 0.1301, val_r2 0.8116, val_pearson 0.9025, lr 2.70e-05 ---
2026-10-01 06:49:50,043 - INFO - 
****************************************************************************************************
2026-10-01 06:49:51,645 - INFO - --- training epoch 208, loss 0.0094, mae 0.1014, rmse 0.1369, time elapsed(min) 0.02---
2026-10-01 06:49:51,984 - INFO - --- validation at epoch 208, val_loss 0.0084, val_mae 0.0971, val_rmse 0.1301, val_r2 0.8115, val_pearson 0.9026, lr 2.70e-05 ---
2026-10-01 06:49:51,984 - INFO - 
****************************************************************************************************
2026-10-01 06:49:53,763 - INFO - --- training epoch 209, loss 0.0093, mae 0.1010, rmse 0.1365, time elapsed(min) 0.02---
2026-10-01 06:49:53,988 - INFO - --- validation at epoch 209, val_loss 0.0084, val_mae 0.0971, val_rmse 0.1301, val_r2 0.8116, val_pearson 0.9026, lr 8.10e-06 ---
2026-10-01 06:49:53,988 - INFO - 
****************************************************************************************************
2026-10-01 06:49:55,563 - INFO - --- training epoch 210, loss 0.0094, mae 0.1012, rmse 0.1368, time elapsed(min) 0.02---
2026-10-01 06:49:55,788 - INFO - --- validation at epoch 210, val_loss 0.0084, val_mae 0.0969, val_rmse 0.1299, val_r2 0.8122, val_pearson 0.9028, lr 8.10e-06 ---
2026-10-01 06:49:55,788 - INFO - 
****************************************************************************************************
2026-10-01 06:49:57,336 - INFO - --- training epoch 211, loss 0.0092, mae 0.1005, rmse 0.1356, time elapsed(min) 0.02---
2026-10-01 06:49:57,663 - INFO - --- validation at epoch 211, val_loss 0.0083, val_mae 0.0968, val_rmse 0.1297, val_r2 0.8129, val_pearson 0.9032, lr 8.10e-06 ---
2026-10-01 06:49:57,663 - INFO - 
****************************************************************************************************
2026-10-01 06:49:59,474 - INFO - --- training epoch 212, loss 0.0093, mae 0.1014, rmse 0.1363, time elapsed(min) 0.03---
2026-10-01 06:49:59,675 - INFO - --- validation at epoch 212, val_loss 0.0084, val_mae 0.0971, val_rmse 0.1301, val_r2 0.8115, val_pearson 0.9027, lr 8.10e-06 ---
2026-10-01 06:49:59,675 - INFO - 
****************************************************************************************************
2026-10-01 06:50:01,272 - INFO - --- training epoch 213, loss 0.0095, mae 0.1010, rmse 0.1376, time elapsed(min) 0.02---
2026-10-01 06:50:01,521 - INFO - --- validation at epoch 213, val_loss 0.0083, val_mae 0.0968, val_rmse 0.1298, val_r2 0.8126, val_pearson 0.9032, lr 8.10e-06 ---
2026-10-01 06:50:01,521 - INFO - 
****************************************************************************************************
2026-10-01 06:50:03,129 - INFO - --- training epoch 214, loss 0.0094, mae 0.1021, rmse 0.1370, time elapsed(min) 0.02---
2026-10-01 06:50:03,486 - INFO - --- validation at epoch 214, val_loss 0.0084, val_mae 0.0970, val_rmse 0.1300, val_r2 0.8121, val_pearson 0.9030, lr 8.10e-06 ---
2026-10-01 06:50:03,486 - INFO - 
****************************************************************************************************
2026-10-01 06:50:05,075 - INFO - --- training epoch 215, loss 0.0094, mae 0.1018, rmse 0.1373, time elapsed(min) 0.02---
2026-10-01 06:50:05,466 - INFO - --- validation at epoch 215, val_loss 0.0084, val_mae 0.0971, val_rmse 0.1301, val_r2 0.8117, val_pearson 0.9032, lr 8.10e-06 ---
2026-10-01 06:50:05,466 - INFO - 
****************************************************************************************************
2026-10-01 06:50:07,190 - INFO - --- training epoch 216, loss 0.0095, mae 0.1018, rmse 0.1376, time elapsed(min) 0.02---
2026-10-01 06:50:07,393 - INFO - --- validation at epoch 216, val_loss 0.0084, val_mae 0.0973, val_rmse 0.1302, val_r2 0.8115, val_pearson 0.9028, lr 8.10e-06 ---
2026-10-01 06:50:07,393 - INFO - 
****************************************************************************************************
2026-10-01 06:50:09,013 - INFO - --- training epoch 217, loss 0.0090, mae 0.0994, rmse 0.1342, time elapsed(min) 0.02---
2026-10-01 06:50:09,225 - INFO - --- validation at epoch 217, val_loss 0.0083, val_mae 0.0969, val_rmse 0.1296, val_r2 0.8132, val_pearson 0.9034, lr 8.10e-06 ---
2026-10-01 06:50:09,225 - INFO - 
****************************************************************************************************
2026-10-01 06:50:10,939 - INFO - --- training epoch 218, loss 0.0090, mae 0.0998, rmse 0.1344, time elapsed(min) 0.02---
2026-10-01 06:50:11,312 - INFO - --- validation at epoch 218, val_loss 0.0083, val_mae 0.0968, val_rmse 0.1297, val_r2 0.8129, val_pearson 0.9033, lr 8.10e-06 ---
2026-10-01 06:50:11,312 - INFO - 
****************************************************************************************************
2026-10-01 06:50:12,972 - INFO - --- training epoch 219, loss 0.0091, mae 0.1001, rmse 0.1351, time elapsed(min) 0.02---
2026-10-01 06:50:13,177 - INFO - --- validation at epoch 219, val_loss 0.0083, val_mae 0.0969, val_rmse 0.1297, val_r2 0.8128, val_pearson 0.9034, lr 8.10e-06 ---
2026-10-01 06:50:13,177 - INFO - 
****************************************************************************************************
2026-10-01 06:50:14,739 - INFO - --- training epoch 220, loss 0.0089, mae 0.0988, rmse 0.1335, time elapsed(min) 0.02---
2026-10-01 06:50:14,943 - INFO - --- validation at epoch 220, val_loss 0.0084, val_mae 0.0969, val_rmse 0.1298, val_r2 0.8125, val_pearson 0.9031, lr 2.43e-06 ---
2026-10-01 06:50:14,943 - INFO - 
****************************************************************************************************
2026-10-01 06:50:16,509 - INFO - --- training epoch 221, loss 0.0092, mae 0.1005, rmse 0.1356, time elapsed(min) 0.02---
2026-10-01 06:50:16,840 - INFO - --- validation at epoch 221, val_loss 0.0084, val_mae 0.0969, val_rmse 0.1299, val_r2 0.8124, val_pearson 0.9030, lr 2.43e-06 ---
2026-10-01 06:50:16,840 - INFO - 
****************************************************************************************************
2026-10-01 06:50:18,582 - INFO - --- training epoch 222, loss 0.0091, mae 0.1008, rmse 0.1352, time elapsed(min) 0.02---
2026-10-01 06:50:18,963 - INFO - --- validation at epoch 222, val_loss 0.0084, val_mae 0.0970, val_rmse 0.1298, val_r2 0.8125, val_pearson 0.9029, lr 2.43e-06 ---
2026-10-01 06:50:18,963 - INFO - 
****************************************************************************************************
2026-10-01 06:50:20,673 - INFO - --- training epoch 223, loss 0.0092, mae 0.1004, rmse 0.1353, time elapsed(min) 0.02---
2026-10-01 06:50:20,872 - INFO - --- validation at epoch 223, val_loss 0.0084, val_mae 0.0969, val_rmse 0.1297, val_r2 0.8127, val_pearson 0.9031, lr 2.43e-06 ---
2026-10-01 06:50:20,872 - INFO - 
****************************************************************************************************
2026-10-01 06:50:22,440 - INFO - --- training epoch 224, loss 0.0094, mae 0.1014, rmse 0.1371, time elapsed(min) 0.02---
2026-10-01 06:50:22,768 - INFO - --- validation at epoch 224, val_loss 0.0083, val_mae 0.0969, val_rmse 0.1297, val_r2 0.8128, val_pearson 0.9031, lr 2.43e-06 ---
2026-10-01 06:50:22,768 - INFO - 
****************************************************************************************************
2026-10-01 06:50:24,455 - INFO - --- training epoch 225, loss 0.0091, mae 0.1002, rmse 0.1353, time elapsed(min) 0.02---
2026-10-01 06:50:24,811 - INFO - --- validation at epoch 225, val_loss 0.0083, val_mae 0.0969, val_rmse 0.1297, val_r2 0.8128, val_pearson 0.9031, lr 2.43e-06 ---
2026-10-01 06:50:24,811 - INFO - 
****************************************************************************************************
2026-10-01 06:50:26,456 - INFO - --- training epoch 226, loss 0.0091, mae 0.0997, rmse 0.1350, time elapsed(min) 0.02---
2026-10-01 06:50:26,659 - INFO - --- validation at epoch 226, val_loss 0.0083, val_mae 0.0969, val_rmse 0.1297, val_r2 0.8127, val_pearson 0.9031, lr 2.43e-06 ---
2026-10-01 06:50:26,659 - INFO - 
****************************************************************************************************
2026-10-01 06:50:28,218 - INFO - --- training epoch 227, loss 0.0092, mae 0.1004, rmse 0.1357, time elapsed(min) 0.02---
2026-10-01 06:50:28,426 - INFO - --- validation at epoch 227, val_loss 0.0083, val_mae 0.0969, val_rmse 0.1297, val_r2 0.8127, val_pearson 0.9032, lr 2.43e-06 ---
2026-10-01 06:50:28,426 - INFO - 
****************************************************************************************************
2026-10-01 06:50:30,085 - INFO - --- training epoch 228, loss 0.0091, mae 0.1001, rmse 0.1350, time elapsed(min) 0.02---
2026-10-01 06:50:30,480 - INFO - --- validation at epoch 228, val_loss 0.0083, val_mae 0.0968, val_rmse 0.1296, val_r2 0.8132, val_pearson 0.9033, lr 2.43e-06 ---
2026-10-01 06:50:30,481 - INFO - 
****************************************************************************************************
2026-10-01 06:50:32,151 - INFO - --- training epoch 229, loss 0.0091, mae 0.0995, rmse 0.1346, time elapsed(min) 0.02---
2026-10-01 06:50:32,356 - INFO - --- validation at epoch 229, val_loss 0.0083, val_mae 0.0969, val_rmse 0.1296, val_r2 0.8130, val_pearson 0.9032, lr 2.43e-06 ---
2026-10-01 06:50:32,356 - INFO - 
****************************************************************************************************
2026-10-01 06:50:33,909 - INFO - --- training epoch 230, loss 0.0091, mae 0.1001, rmse 0.1349, time elapsed(min) 0.02---
2026-10-01 06:50:34,114 - INFO - --- validation at epoch 230, val_loss 0.0083, val_mae 0.0969, val_rmse 0.1297, val_r2 0.8129, val_pearson 0.9032, lr 2.43e-06 ---
2026-10-01 06:50:34,114 - INFO - 
****************************************************************************************************
2026-10-01 06:50:35,755 - INFO - --- training epoch 231, loss 0.0091, mae 0.0996, rmse 0.1349, time elapsed(min) 0.02---
2026-10-01 06:50:36,083 - INFO - --- validation at epoch 231, val_loss 0.0083, val_mae 0.0969, val_rmse 0.1296, val_r2 0.8130, val_pearson 0.9032, lr 1.00e-06 ---
2026-10-01 06:50:36,083 - INFO - 
****************************************************************************************************
2026-10-01 06:50:37,925 - INFO - --- training epoch 232, loss 0.0092, mae 0.0999, rmse 0.1353, time elapsed(min) 0.03---
2026-10-01 06:50:38,174 - INFO - --- validation at epoch 232, val_loss 0.0083, val_mae 0.0968, val_rmse 0.1296, val_r2 0.8131, val_pearson 0.9033, lr 1.00e-06 ---
2026-10-01 06:50:38,174 - INFO - 
****************************************************************************************************
2026-10-01 06:50:39,717 - INFO - --- training epoch 233, loss 0.0092, mae 0.1007, rmse 0.1354, time elapsed(min) 0.02---
2026-10-01 06:50:39,918 - INFO - --- validation at epoch 233, val_loss 0.0083, val_mae 0.0968, val_rmse 0.1296, val_r2 0.8132, val_pearson 0.9033, lr 1.00e-06 ---
2026-10-01 06:50:39,918 - INFO - 
****************************************************************************************************
2026-10-01 06:50:41,597 - INFO - --- training epoch 234, loss 0.0091, mae 0.1002, rmse 0.1346, time elapsed(min) 0.02---
2026-10-01 06:50:41,922 - INFO - --- validation at epoch 234, val_loss 0.0083, val_mae 0.0968, val_rmse 0.1296, val_r2 0.8132, val_pearson 0.9033, lr 1.00e-06 ---
2026-10-01 06:50:41,922 - INFO - 
****************************************************************************************************
2026-10-01 06:50:43,698 - INFO - --- training epoch 235, loss 0.0091, mae 0.0996, rmse 0.1346, time elapsed(min) 0.03---
2026-10-01 06:50:43,940 - INFO - --- validation at epoch 235, val_loss 0.0083, val_mae 0.0969, val_rmse 0.1297, val_r2 0.8129, val_pearson 0.9031, lr 1.00e-06 ---
2026-10-01 06:50:43,940 - INFO - 
****************************************************************************************************
2026-10-01 06:50:45,558 - INFO - --- training epoch 236, loss 0.0091, mae 0.0997, rmse 0.1352, time elapsed(min) 0.02---
2026-10-01 06:50:45,760 - INFO - --- validation at epoch 236, val_loss 0.0084, val_mae 0.0969, val_rmse 0.1298, val_r2 0.8126, val_pearson 0.9030, lr 1.00e-06 ---
2026-10-01 06:50:45,760 - INFO - 
****************************************************************************************************
2026-10-01 06:50:47,459 - INFO - --- training epoch 237, loss 0.0093, mae 0.1009, rmse 0.1366, time elapsed(min) 0.02---
2026-10-01 06:50:47,705 - INFO - --- validation at epoch 237, val_loss 0.0084, val_mae 0.0970, val_rmse 0.1298, val_r2 0.8124, val_pearson 0.9031, lr 1.00e-06 ---
2026-10-01 06:50:47,705 - INFO - 
****************************************************************************************************
2026-10-01 06:50:49,359 - INFO - --- training epoch 238, loss 0.0092, mae 0.1003, rmse 0.1359, time elapsed(min) 0.02---
2026-10-01 06:50:49,730 - INFO - --- validation at epoch 238, val_loss 0.0084, val_mae 0.0970, val_rmse 0.1298, val_r2 0.8125, val_pearson 0.9031, lr 1.00e-06 ---
2026-10-01 06:50:49,730 - INFO - 
****************************************************************************************************
2026-10-01 06:50:51,404 - INFO - --- training epoch 239, loss 0.0093, mae 0.1003, rmse 0.1360, time elapsed(min) 0.02---
2026-10-01 06:50:51,612 - INFO - --- validation at epoch 239, val_loss 0.0084, val_mae 0.0969, val_rmse 0.1298, val_r2 0.8126, val_pearson 0.9031, lr 1.00e-06 ---
2026-10-01 06:50:51,612 - INFO - 
****************************************************************************************************
2026-10-01 06:50:53,159 - INFO - --- training epoch 240, loss 0.0092, mae 0.1005, rmse 0.1356, time elapsed(min) 0.02---
2026-10-01 06:50:53,364 - INFO - --- validation at epoch 240, val_loss 0.0083, val_mae 0.0969, val_rmse 0.1297, val_r2 0.8127, val_pearson 0.9032, lr 1.00e-06 ---
2026-10-01 06:50:53,364 - INFO - 
****************************************************************************************************
2026-10-01 06:50:54,991 - INFO - --- training epoch 241, loss 0.0091, mae 0.0997, rmse 0.1350, time elapsed(min) 0.02---
2026-10-01 06:50:55,350 - INFO - --- validation at epoch 241, val_loss 0.0084, val_mae 0.0969, val_rmse 0.1297, val_r2 0.8127, val_pearson 0.9031, lr 1.00e-06 ---
2026-10-01 06:50:55,350 - INFO - 
****************************************************************************************************
2026-10-01 06:50:57,072 - INFO - --- training epoch 242, loss 0.0091, mae 0.0998, rmse 0.1348, time elapsed(min) 0.02---
2026-10-01 06:50:57,294 - INFO - --- validation at epoch 242, val_loss 0.0083, val_mae 0.0969, val_rmse 0.1297, val_r2 0.8127, val_pearson 0.9031, lr 1.00e-06 ---
2026-10-01 06:50:57,294 - INFO - 
****************************************************************************************************
2026-10-01 06:50:58,847 - INFO - --- training epoch 243, loss 0.0092, mae 0.1009, rmse 0.1360, time elapsed(min) 0.02---
2026-10-01 06:50:59,051 - INFO - --- validation at epoch 243, val_loss 0.0083, val_mae 0.0968, val_rmse 0.1297, val_r2 0.8128, val_pearson 0.9032, lr 1.00e-06 ---
2026-10-01 06:50:59,051 - INFO - 
****************************************************************************************************
2026-10-01 06:51:00,621 - INFO - --- training epoch 244, loss 0.0091, mae 0.1000, rmse 0.1352, time elapsed(min) 0.02---
2026-10-01 06:51:00,947 - INFO - --- validation at epoch 244, val_loss 0.0083, val_mae 0.0969, val_rmse 0.1297, val_r2 0.8127, val_pearson 0.9031, lr 1.00e-06 ---
2026-10-01 06:51:00,947 - INFO - 
****************************************************************************************************
2026-10-01 06:51:02,743 - INFO - --- training epoch 245, loss 0.0091, mae 0.1000, rmse 0.1353, time elapsed(min) 0.03---
2026-10-01 06:51:02,946 - INFO - --- validation at epoch 245, val_loss 0.0083, val_mae 0.0969, val_rmse 0.1297, val_r2 0.8128, val_pearson 0.9031, lr 1.00e-06 ---
2026-10-01 06:51:02,946 - INFO - 
****************************************************************************************************
2026-10-01 06:51:04,511 - INFO - --- training epoch 246, loss 0.0092, mae 0.1005, rmse 0.1355, time elapsed(min) 0.02---
2026-10-01 06:51:04,712 - INFO - --- validation at epoch 246, val_loss 0.0083, val_mae 0.0969, val_rmse 0.1297, val_r2 0.8128, val_pearson 0.9031, lr 1.00e-06 ---
2026-10-01 06:51:04,712 - INFO - 
****************************************************************************************************
2026-10-01 06:51:06,357 - INFO - --- training epoch 247, loss 0.0092, mae 0.0999, rmse 0.1356, time elapsed(min) 0.02---
2026-10-01 06:51:06,579 - INFO - --- validation at epoch 247, val_loss 0.0083, val_mae 0.0969, val_rmse 0.1297, val_r2 0.8127, val_pearson 0.9032, lr 1.00e-06 ---
2026-10-01 06:51:06,579 - INFO - 
****************************************************************************************************
2026-10-01 06:51:06,851 - INFO - --- early stopping at epoch 247: val_loss did not improve for 50 epochs ---
2026-10-01 06:51:07,243 - INFO - --- selected checkpoint from epoch 197, val_loss 0.0083, val_mae 0.0967, val_rmse 0.1295
2026-10-01 06:51:08,030 - INFO - -- RESULT
2026-10-01 06:51:08,030 - INFO - --- test size: 1728
2026-10-01 06:51:08,030 - INFO - --- MAE: 0.0982 (9.82 pp), RMSE: 0.1348 (13.48 pp), R2: 0.7650, Pearson: 0.8752
2026-10-01 06:51:10,303 - INFO - --- Suzuki-Miyaura | split_0 | ind_mlp: test R2 0.7650 MAE 0.0982 RMSE 0.1348 | 477.6s (1.9s/epoch)
2026-10-01 06:51:10,307 - INFO - --- Suzuki-Miyaura | split_1 | current model (ind/linear) (ind/linear)
