2026-10-01 00:28:21,432 - INFO - device is	cuda:0
2026-10-01 00:28:21,530 - INFO - -- CONFIGURATIONS
2026-10-01 00:28:21,530 - INFO - --- train/valid/test: 2491/277/1187
2026-10-01 00:28:21,530 - INFO - --- max no. reactants_train, valid, test respectively: 6, 6, 6
2026-10-01 00:28:21,530 - INFO - --- max no. products_train, valid, test respectively: 1, 1, 1
2026-10-01 00:28:21,530 - INFO - --- model_path: ../logs/approach2_grid_bh/e400/runs/Buchwald-Hartwig_fullcv10_split70_approach_2/model.pt
2026-10-01 00:28:21,540 - INFO - -- TRAINING
2026-10-01 00:28:22,419 - INFO - --- training epoch 0, loss 24.1134, mae 24.6086, rmse 30.1170, time elapsed(min) 0.01---
2026-10-01 00:28:22,587 - INFO - --- validation at epoch 0, val_loss 22.8665, val_mae 24.4049, val_rmse 30.7546, val_r2 -0.2838, val_pearson -0.2887, lr 1.00e-03 ---
2026-10-01 00:28:22,587 - INFO - 
****************************************************************************************************
2026-10-01 00:28:23,895 - INFO - --- training epoch 1, loss 23.2042, mae 23.7015, rmse 28.8127, time elapsed(min) 0.01---
2026-10-01 00:28:24,061 - INFO - --- validation at epoch 1, val_loss 22.4073, val_mae 23.4459, val_rmse 27.4234, val_r2 -0.0207, val_pearson -0.3194, lr 1.00e-03 ---
2026-10-01 00:28:24,062 - INFO - 
****************************************************************************************************
2026-10-01 00:28:25,359 - INFO - --- training epoch 2, loss 22.5619, mae 23.0580, rmse 27.6585, time elapsed(min) 0.01---
2026-10-01 00:28:25,527 - INFO - --- validation at epoch 2, val_loss 23.0616, val_mae 23.5501, val_rmse 28.1582, val_r2 -0.0762, val_pearson 0.1100, lr 1.00e-03 ---
2026-10-01 00:28:25,528 - INFO - 
****************************************************************************************************
2026-10-01 00:28:26,771 - INFO - --- training epoch 3, loss 22.7506, mae 23.2464, rmse 27.6349, time elapsed(min) 0.01---
2026-10-01 00:28:27,292 - INFO - --- validation at epoch 3, val_loss 22.6319, val_mae 23.5762, val_rmse 28.4556, val_r2 -0.0990, val_pearson 0.1900, lr 1.00e-03 ---
2026-10-01 00:28:27,292 - INFO - 
****************************************************************************************************
2026-10-01 00:28:28,338 - INFO - --- training epoch 4, loss 22.1853, mae 22.6815, rmse 27.3223, time elapsed(min) 0.01---
2026-10-01 00:28:28,499 - INFO - --- validation at epoch 4, val_loss 22.7795, val_mae 22.9870, val_rmse 27.1708, val_r2 -0.0020, val_pearson 0.1861, lr 1.00e-03 ---
2026-10-01 00:28:28,499 - INFO - 
****************************************************************************************************
2026-10-01 00:28:29,547 - INFO - --- training epoch 5, loss 21.3497, mae 21.8468, rmse 26.2587, time elapsed(min) 0.01---
2026-10-01 00:28:29,713 - INFO - --- validation at epoch 5, val_loss 21.2192, val_mae 21.8760, val_rmse 26.3903, val_r2 0.0547, val_pearson 0.2790, lr 1.00e-03 ---
2026-10-01 00:28:29,713 - INFO - 
****************************************************************************************************
2026-10-01 00:28:30,976 - INFO - --- training epoch 6, loss 21.3781, mae 21.8744, rmse 26.4458, time elapsed(min) 0.01---
2026-10-01 00:28:31,146 - INFO - --- validation at epoch 6, val_loss 22.0776, val_mae 22.8340, val_rmse 28.0011, val_r2 -0.0642, val_pearson 0.2804, lr 1.00e-03 ---
2026-10-01 00:28:31,146 - INFO - 
****************************************************************************************************
2026-10-01 00:28:32,386 - INFO - --- training epoch 7, loss 20.9727, mae 21.4682, rmse 25.9805, time elapsed(min) 0.01---
2026-10-01 00:28:32,551 - INFO - --- validation at epoch 7, val_loss 21.2087, val_mae 21.9103, val_rmse 27.5153, val_r2 -0.0276, val_pearson 0.2699, lr 1.00e-03 ---
2026-10-01 00:28:32,551 - INFO - 
****************************************************************************************************
2026-10-01 00:28:33,915 - INFO - --- training epoch 8, loss 20.9693, mae 21.4660, rmse 25.9563, time elapsed(min) 0.01---
2026-10-01 00:28:34,079 - INFO - --- validation at epoch 8, val_loss 21.4903, val_mae 21.9084, val_rmse 26.0784, val_r2 0.0769, val_pearson 0.3515, lr 1.00e-03 ---
2026-10-01 00:28:34,079 - INFO - 
****************************************************************************************************
2026-10-01 00:28:35,304 - INFO - --- training epoch 9, loss 20.4658, mae 20.9605, rmse 25.2901, time elapsed(min) 0.01---
2026-10-01 00:28:35,475 - INFO - --- validation at epoch 9, val_loss 20.7405, val_mae 21.0956, val_rmse 25.0606, val_r2 0.1476, val_pearson 0.3913, lr 1.00e-03 ---
2026-10-01 00:28:35,476 - INFO - 
****************************************************************************************************
2026-10-01 00:28:36,632 - INFO - --- training epoch 10, loss 20.9777, mae 21.4720, rmse 25.7429, time elapsed(min) 0.01---
2026-10-01 00:28:36,803 - INFO - --- validation at epoch 10, val_loss 21.1046, val_mae 22.0485, val_rmse 26.4850, val_r2 0.0479, val_pearson 0.3096, lr 1.00e-03 ---
2026-10-01 00:28:36,804 - INFO - 
****************************************************************************************************
2026-10-01 00:28:38,000 - INFO - --- training epoch 11, loss 20.4419, mae 20.9376, rmse 25.2426, time elapsed(min) 0.01---
2026-10-01 00:28:38,167 - INFO - --- validation at epoch 11, val_loss 20.8719, val_mae 21.6131, val_rmse 26.0894, val_r2 0.0762, val_pearson 0.3267, lr 1.00e-03 ---
2026-10-01 00:28:38,167 - INFO - 
****************************************************************************************************
2026-10-01 00:28:39,413 - INFO - --- training epoch 12, loss 20.5559, mae 21.0517, rmse 25.5930, time elapsed(min) 0.01---
2026-10-01 00:28:39,578 - INFO - --- validation at epoch 12, val_loss 20.7491, val_mae 21.4028, val_rmse 26.4647, val_r2 0.0494, val_pearson 0.3652, lr 1.00e-03 ---
2026-10-01 00:28:39,578 - INFO - 
****************************************************************************************************
2026-10-01 00:28:40,824 - INFO - --- training epoch 13, loss 20.1965, mae 20.6923, rmse 25.2550, time elapsed(min) 0.01---
2026-10-01 00:28:40,992 - INFO - --- validation at epoch 13, val_loss 20.3539, val_mae 21.5107, val_rmse 27.1675, val_r2 -0.0018, val_pearson 0.3444, lr 1.00e-03 ---
2026-10-01 00:28:40,992 - INFO - 
****************************************************************************************************
2026-10-01 00:28:42,356 - INFO - --- training epoch 14, loss 19.7524, mae 20.2487, rmse 24.7937, time elapsed(min) 0.01---
2026-10-01 00:28:42,741 - INFO - --- validation at epoch 14, val_loss 20.6552, val_mae 21.8946, val_rmse 26.1348, val_r2 0.0729, val_pearson 0.2776, lr 1.00e-03 ---
2026-10-01 00:28:42,741 - INFO - 
****************************************************************************************************
2026-10-01 00:28:43,959 - INFO - --- training epoch 15, loss 21.2133, mae 21.7091, rmse 26.2941, time elapsed(min) 0.01---
2026-10-01 00:28:44,125 - INFO - --- validation at epoch 15, val_loss 20.8428, val_mae 21.1177, val_rmse 25.2791, val_r2 0.1327, val_pearson 0.3911, lr 1.00e-03 ---
2026-10-01 00:28:44,125 - INFO - 
****************************************************************************************************
2026-10-01 00:28:45,181 - INFO - --- training epoch 16, loss 20.2628, mae 20.7593, rmse 25.1880, time elapsed(min) 0.01---
2026-10-01 00:28:45,345 - INFO - --- validation at epoch 16, val_loss 21.0688, val_mae 21.4392, val_rmse 26.1361, val_r2 0.0729, val_pearson 0.3538, lr 1.00e-03 ---
2026-10-01 00:28:45,345 - INFO - 
****************************************************************************************************
2026-10-01 00:28:46,582 - INFO - --- training epoch 17, loss 20.4492, mae 20.9442, rmse 25.2857, time elapsed(min) 0.01---
2026-10-01 00:28:46,752 - INFO - --- validation at epoch 17, val_loss 20.3369, val_mae 20.9168, val_rmse 25.4020, val_r2 0.1242, val_pearson 0.4069, lr 1.00e-03 ---
2026-10-01 00:28:46,752 - INFO - 
****************************************************************************************************
2026-10-01 00:28:48,212 - INFO - --- training epoch 18, loss 20.1407, mae 20.6360, rmse 25.4137, time elapsed(min) 0.02---
2026-10-01 00:28:48,376 - INFO - --- validation at epoch 18, val_loss 21.1627, val_mae 22.2242, val_rmse 27.4521, val_r2 -0.0229, val_pearson 0.4370, lr 1.00e-03 ---
2026-10-01 00:28:48,376 - INFO - 
****************************************************************************************************
2026-10-01 00:28:49,698 - INFO - --- training epoch 19, loss 20.0366, mae 20.5329, rmse 25.1455, time elapsed(min) 0.02---
2026-10-01 00:28:50,057 - INFO - --- validation at epoch 19, val_loss 20.4554, val_mae 21.0017, val_rmse 26.5975, val_r2 0.0398, val_pearson 0.4030, lr 1.00e-03 ---
2026-10-01 00:28:50,057 - INFO - 
****************************************************************************************************
2026-10-01 00:28:51,247 - INFO - --- training epoch 20, loss 19.2256, mae 19.7208, rmse 24.4829, time elapsed(min) 0.01---
2026-10-01 00:28:51,424 - INFO - --- validation at epoch 20, val_loss 20.2564, val_mae 21.1013, val_rmse 26.7705, val_r2 0.0273, val_pearson 0.3818, lr 1.00e-03 ---
2026-10-01 00:28:51,424 - INFO - 
****************************************************************************************************
2026-10-01 00:28:52,567 - INFO - --- training epoch 21, loss 19.0041, mae 19.4990, rmse 24.4804, time elapsed(min) 0.01---
2026-10-01 00:28:52,733 - INFO - --- validation at epoch 21, val_loss 19.1140, val_mae 20.1053, val_rmse 25.3087, val_r2 0.1306, val_pearson 0.4323, lr 1.00e-03 ---
2026-10-01 00:28:52,733 - INFO - 
****************************************************************************************************
2026-10-01 00:28:54,038 - INFO - --- training epoch 22, loss 19.0859, mae 19.5817, rmse 24.2690, time elapsed(min) 0.01---
2026-10-01 00:28:54,206 - INFO - --- validation at epoch 22, val_loss 19.5717, val_mae 20.2035, val_rmse 24.5619, val_r2 0.1812, val_pearson 0.4510, lr 1.00e-03 ---
2026-10-01 00:28:54,207 - INFO - 
****************************************************************************************************
2026-10-01 00:28:55,458 - INFO - --- training epoch 23, loss 19.3632, mae 19.8590, rmse 24.2308, time elapsed(min) 0.01---
2026-10-01 00:28:55,627 - INFO - --- validation at epoch 23, val_loss 19.4646, val_mae 20.1850, val_rmse 24.2626, val_r2 0.2010, val_pearson 0.4798, lr 1.00e-03 ---
2026-10-01 00:28:55,628 - INFO - 
****************************************************************************************************
2026-10-01 00:28:56,898 - INFO - --- training epoch 24, loss 19.5258, mae 20.0226, rmse 24.6496, time elapsed(min) 0.01---
2026-10-01 00:28:57,065 - INFO - --- validation at epoch 24, val_loss 20.5655, val_mae 20.8687, val_rmse 25.3426, val_r2 0.1283, val_pearson 0.4311, lr 1.00e-03 ---
2026-10-01 00:28:57,065 - INFO - 
****************************************************************************************************
2026-10-01 00:28:58,270 - INFO - --- training epoch 25, loss 19.1995, mae 19.6961, rmse 24.2347, time elapsed(min) 0.01---
2026-10-01 00:28:58,439 - INFO - --- validation at epoch 25, val_loss 20.1784, val_mae 20.7216, val_rmse 24.6360, val_r2 0.1762, val_pearson 0.4318, lr 1.00e-03 ---
2026-10-01 00:28:58,439 - INFO - 
****************************************************************************************************
2026-10-01 00:28:59,489 - INFO - --- training epoch 26, loss 19.5685, mae 20.0638, rmse 24.9172, time elapsed(min) 0.01---
2026-10-01 00:28:59,662 - INFO - --- validation at epoch 26, val_loss 20.2342, val_mae 21.0871, val_rmse 26.4023, val_r2 0.0539, val_pearson 0.4579, lr 1.00e-03 ---
2026-10-01 00:28:59,662 - INFO - 
****************************************************************************************************
2026-10-01 00:29:00,738 - INFO - --- training epoch 27, loss 18.9125, mae 19.4065, rmse 24.1061, time elapsed(min) 0.01---
2026-10-01 00:29:00,901 - INFO - --- validation at epoch 27, val_loss 18.9413, val_mae 19.6682, val_rmse 24.2579, val_r2 0.2013, val_pearson 0.4780, lr 1.00e-03 ---
2026-10-01 00:29:00,901 - INFO - 
****************************************************************************************************
2026-10-01 00:29:02,257 - INFO - --- training epoch 28, loss 18.9788, mae 19.4734, rmse 24.1960, time elapsed(min) 0.01---
2026-10-01 00:29:02,432 - INFO - --- validation at epoch 28, val_loss 19.6670, val_mae 20.4968, val_rmse 25.7018, val_r2 0.1034, val_pearson 0.4435, lr 1.00e-03 ---
2026-10-01 00:29:02,432 - INFO - 
****************************************************************************************************
2026-10-01 00:29:03,700 - INFO - --- training epoch 29, loss 19.0081, mae 19.5037, rmse 24.2101, time elapsed(min) 0.01---
2026-10-01 00:29:03,882 - INFO - --- validation at epoch 29, val_loss 19.7627, val_mae 20.3032, val_rmse 24.8841, val_r2 0.1596, val_pearson 0.4668, lr 1.00e-03 ---
2026-10-01 00:29:03,883 - INFO - 
****************************************************************************************************
2026-10-01 00:29:05,320 - INFO - --- training epoch 30, loss 19.3081, mae 19.8030, rmse 24.3877, time elapsed(min) 0.02---
2026-10-01 00:29:05,482 - INFO - --- validation at epoch 30, val_loss 19.3027, val_mae 20.6104, val_rmse 25.5566, val_r2 0.1135, val_pearson 0.4325, lr 1.00e-03 ---
2026-10-01 00:29:05,482 - INFO - 
****************************************************************************************************
2026-10-01 00:29:06,551 - INFO - --- training epoch 31, loss 19.5399, mae 20.0360, rmse 24.3876, time elapsed(min) 0.01---
2026-10-01 00:29:06,725 - INFO - --- validation at epoch 31, val_loss 19.8417, val_mae 20.8383, val_rmse 25.9287, val_r2 0.0875, val_pearson 0.4050, lr 1.00e-03 ---
2026-10-01 00:29:06,725 - INFO - 
****************************************************************************************************
2026-10-01 00:29:07,779 - INFO - --- training epoch 32, loss 18.8404, mae 19.3350, rmse 24.1763, time elapsed(min) 0.01---
2026-10-01 00:29:07,953 - INFO - --- validation at epoch 32, val_loss 19.3962, val_mae 19.9829, val_rmse 25.3594, val_r2 0.1271, val_pearson 0.4346, lr 1.00e-03 ---
2026-10-01 00:29:07,953 - INFO - 
****************************************************************************************************
2026-10-01 00:29:09,230 - INFO - --- training epoch 33, loss 18.5141, mae 19.0078, rmse 23.8702, time elapsed(min) 0.01---
2026-10-01 00:29:09,395 - INFO - --- validation at epoch 33, val_loss 19.0436, val_mae 19.8247, val_rmse 25.0534, val_r2 0.1481, val_pearson 0.4767, lr 1.00e-03 ---
2026-10-01 00:29:09,395 - INFO - 
****************************************************************************************************
2026-10-01 00:29:10,660 - INFO - --- training epoch 34, loss 18.8352, mae 19.3295, rmse 24.4244, time elapsed(min) 0.01---
2026-10-01 00:29:10,837 - INFO - --- validation at epoch 34, val_loss 18.7833, val_mae 19.7859, val_rmse 24.2041, val_r2 0.2049, val_pearson 0.4789, lr 1.00e-03 ---
2026-10-01 00:29:10,837 - INFO - 
****************************************************************************************************
2026-10-01 00:29:12,183 - INFO - --- training epoch 35, loss 19.3026, mae 19.7982, rmse 24.1734, time elapsed(min) 0.01---
2026-10-01 00:29:12,579 - INFO - --- validation at epoch 35, val_loss 19.1628, val_mae 19.4925, val_rmse 24.5237, val_r2 0.1837, val_pearson 0.4867, lr 1.00e-03 ---
2026-10-01 00:29:12,579 - INFO - 
****************************************************************************************************
2026-10-01 00:29:13,804 - INFO - --- training epoch 36, loss 18.5244, mae 19.0188, rmse 24.0722, time elapsed(min) 0.01---
2026-10-01 00:29:13,973 - INFO - --- validation at epoch 36, val_loss 18.7622, val_mae 19.7239, val_rmse 24.6590, val_r2 0.1747, val_pearson 0.4676, lr 1.00e-03 ---
2026-10-01 00:29:13,973 - INFO - 
****************************************************************************************************
2026-10-01 00:29:15,287 - INFO - --- training epoch 37, loss 18.4664, mae 18.9606, rmse 23.6366, time elapsed(min) 0.01---
2026-10-01 00:29:15,456 - INFO - --- validation at epoch 37, val_loss 18.4663, val_mae 19.5618, val_rmse 24.1859, val_r2 0.2061, val_pearson 0.4856, lr 1.00e-03 ---
2026-10-01 00:29:15,456 - INFO - 
****************************************************************************************************
2026-10-01 00:29:16,786 - INFO - --- training epoch 38, loss 18.5115, mae 19.0059, rmse 23.9361, time elapsed(min) 0.01---
2026-10-01 00:29:16,950 - INFO - --- validation at epoch 38, val_loss 18.9685, val_mae 19.6127, val_rmse 24.2790, val_r2 0.1999, val_pearson 0.4853, lr 1.00e-03 ---
2026-10-01 00:29:16,951 - INFO - 
****************************************************************************************************
2026-10-01 00:29:18,198 - INFO - --- training epoch 39, loss 18.3860, mae 18.8797, rmse 23.9577, time elapsed(min) 0.01---
2026-10-01 00:29:18,370 - INFO - --- validation at epoch 39, val_loss 18.7477, val_mae 19.3547, val_rmse 24.3123, val_r2 0.1977, val_pearson 0.4746, lr 1.00e-03 ---
2026-10-01 00:29:18,370 - INFO - 
****************************************************************************************************
2026-10-01 00:29:19,660 - INFO - --- training epoch 40, loss 18.5596, mae 19.0544, rmse 23.8441, time elapsed(min) 0.02---
2026-10-01 00:29:19,829 - INFO - --- validation at epoch 40, val_loss 18.6898, val_mae 19.6601, val_rmse 24.1262, val_r2 0.2100, val_pearson 0.4940, lr 1.00e-03 ---
2026-10-01 00:29:19,829 - INFO - 
****************************************************************************************************
2026-10-01 00:29:21,026 - INFO - --- training epoch 41, loss 18.1907, mae 18.6862, rmse 23.5749, time elapsed(min) 0.01---
2026-10-01 00:29:21,209 - INFO - --- validation at epoch 41, val_loss 18.4276, val_mae 18.9788, val_rmse 24.0184, val_r2 0.2170, val_pearson 0.5080, lr 1.00e-03 ---
2026-10-01 00:29:21,209 - INFO - 
****************************************************************************************************
2026-10-01 00:29:22,350 - INFO - --- training epoch 42, loss 18.3744, mae 18.8699, rmse 23.6770, time elapsed(min) 0.01---
2026-10-01 00:29:22,525 - INFO - --- validation at epoch 42, val_loss 17.8457, val_mae 18.8401, val_rmse 22.9990, val_r2 0.2821, val_pearson 0.5589, lr 1.00e-03 ---
2026-10-01 00:29:22,525 - INFO - 
****************************************************************************************************
2026-10-01 00:29:23,838 - INFO - --- training epoch 43, loss 18.3100, mae 18.8051, rmse 23.3593, time elapsed(min) 0.01---
2026-10-01 00:29:24,012 - INFO - --- validation at epoch 43, val_loss 17.3532, val_mae 18.8287, val_rmse 24.0138, val_r2 0.2173, val_pearson 0.5013, lr 1.00e-03 ---
2026-10-01 00:29:24,012 - INFO - 
****************************************************************************************************
2026-10-01 00:29:25,377 - INFO - --- training epoch 44, loss 18.9040, mae 19.3978, rmse 23.9523, time elapsed(min) 0.01---
2026-10-01 00:29:25,549 - INFO - --- validation at epoch 44, val_loss 18.4524, val_mae 19.5774, val_rmse 24.3689, val_r2 0.1940, val_pearson 0.5419, lr 1.00e-03 ---
2026-10-01 00:29:25,549 - INFO - 
****************************************************************************************************
2026-10-01 00:29:26,842 - INFO - --- training epoch 45, loss 18.5566, mae 19.0513, rmse 23.4592, time elapsed(min) 0.01---
2026-10-01 00:29:27,005 - INFO - --- validation at epoch 45, val_loss 18.1582, val_mae 19.6247, val_rmse 24.1138, val_r2 0.2108, val_pearson 0.5083, lr 1.00e-03 ---
2026-10-01 00:29:27,005 - INFO - 
****************************************************************************************************
2026-10-01 00:29:28,236 - INFO - --- training epoch 46, loss 18.4734, mae 18.9664, rmse 23.4740, time elapsed(min) 0.01---
2026-10-01 00:29:28,410 - INFO - --- validation at epoch 46, val_loss 18.1189, val_mae 19.3174, val_rmse 23.8491, val_r2 0.2280, val_pearson 0.4960, lr 1.00e-03 ---
2026-10-01 00:29:28,411 - INFO - 
****************************************************************************************************
2026-10-01 00:29:29,475 - INFO - --- training epoch 47, loss 18.4405, mae 18.9348, rmse 23.7518, time elapsed(min) 0.01---
2026-10-01 00:29:29,640 - INFO - --- validation at epoch 47, val_loss 19.0094, val_mae 19.5622, val_rmse 23.9104, val_r2 0.2240, val_pearson 0.5036, lr 1.00e-03 ---
2026-10-01 00:29:29,640 - INFO - 
****************************************************************************************************
2026-10-01 00:29:30,847 - INFO - --- training epoch 48, loss 18.3297, mae 18.8240, rmse 23.4041, time elapsed(min) 0.01---
2026-10-01 00:29:31,015 - INFO - --- validation at epoch 48, val_loss 18.6370, val_mae 19.4852, val_rmse 24.1138, val_r2 0.2108, val_pearson 0.4910, lr 1.00e-03 ---
2026-10-01 00:29:31,015 - INFO - 
****************************************************************************************************
2026-10-01 00:29:32,283 - INFO - --- training epoch 49, loss 18.2654, mae 18.7606, rmse 23.5069, time elapsed(min) 0.01---
2026-10-01 00:29:32,449 - INFO - --- validation at epoch 49, val_loss 18.1887, val_mae 19.2888, val_rmse 24.2759, val_r2 0.2001, val_pearson 0.4873, lr 1.00e-03 ---
2026-10-01 00:29:32,449 - INFO - 
****************************************************************************************************
2026-10-01 00:29:33,847 - INFO - --- training epoch 50, loss 18.5123, mae 19.0064, rmse 23.9847, time elapsed(min) 0.02---
2026-10-01 00:29:34,013 - INFO - --- validation at epoch 50, val_loss 18.2738, val_mae 19.2901, val_rmse 23.8153, val_r2 0.2302, val_pearson 0.5365, lr 1.00e-03 ---
2026-10-01 00:29:34,013 - INFO - 
****************************************************************************************************
2026-10-01 00:29:35,494 - INFO - --- training epoch 51, loss 18.5914, mae 19.0868, rmse 23.8883, time elapsed(min) 0.02---
2026-10-01 00:29:35,670 - INFO - --- validation at epoch 51, val_loss 18.7854, val_mae 19.5229, val_rmse 24.4506, val_r2 0.1886, val_pearson 0.4924, lr 1.00e-03 ---
2026-10-01 00:29:35,670 - INFO - 
****************************************************************************************************
2026-10-01 00:29:36,742 - INFO - --- training epoch 52, loss 18.2491, mae 18.7434, rmse 23.3658, time elapsed(min) 0.01---
2026-10-01 00:29:36,914 - INFO - --- validation at epoch 52, val_loss 17.8797, val_mae 18.9379, val_rmse 23.4843, val_r2 0.2515, val_pearson 0.5196, lr 1.00e-03 ---
2026-10-01 00:29:36,914 - INFO - 
****************************************************************************************************
2026-10-01 00:29:37,976 - INFO - --- training epoch 53, loss 18.4340, mae 18.9273, rmse 23.7864, time elapsed(min) 0.01---
2026-10-01 00:29:38,140 - INFO - --- validation at epoch 53, val_loss 18.4854, val_mae 19.7174, val_rmse 24.3869, val_r2 0.1928, val_pearson 0.4639, lr 1.00e-03 ---
2026-10-01 00:29:38,140 - INFO - 
****************************************************************************************************
2026-10-01 00:29:39,520 - INFO - --- training epoch 54, loss 18.5350, mae 19.0293, rmse 23.9382, time elapsed(min) 0.02---
2026-10-01 00:29:39,696 - INFO - --- validation at epoch 54, val_loss 17.7401, val_mae 18.7194, val_rmse 23.4547, val_r2 0.2533, val_pearson 0.5136, lr 1.00e-03 ---
2026-10-01 00:29:39,697 - INFO - 
****************************************************************************************************
2026-10-01 00:29:40,993 - INFO - --- training epoch 55, loss 17.7428, mae 18.2371, rmse 23.1219, time elapsed(min) 0.02---
2026-10-01 00:29:41,162 - INFO - --- validation at epoch 55, val_loss 17.5363, val_mae 18.6285, val_rmse 24.0523, val_r2 0.2148, val_pearson 0.5099, lr 3.00e-04 ---
2026-10-01 00:29:41,162 - INFO - 
****************************************************************************************************
2026-10-01 00:29:42,631 - INFO - --- training epoch 56, loss 17.6708, mae 18.1626, rmse 23.4962, time elapsed(min) 0.02---
2026-10-01 00:29:42,802 - INFO - --- validation at epoch 56, val_loss 17.4151, val_mae 18.7023, val_rmse 24.0529, val_r2 0.2148, val_pearson 0.5101, lr 3.00e-04 ---
2026-10-01 00:29:42,802 - INFO - 
****************************************************************************************************
2026-10-01 00:29:43,841 - INFO - --- training epoch 57, loss 17.6560, mae 18.1496, rmse 23.3001, time elapsed(min) 0.01---
2026-10-01 00:29:44,006 - INFO - --- validation at epoch 57, val_loss 17.5972, val_mae 18.7458, val_rmse 24.3041, val_r2 0.1983, val_pearson 0.5051, lr 3.00e-04 ---
2026-10-01 00:29:44,006 - INFO - 
****************************************************************************************************
2026-10-01 00:29:45,063 - INFO - --- training epoch 58, loss 17.4539, mae 17.9483, rmse 23.1927, time elapsed(min) 0.01---
2026-10-01 00:29:45,220 - INFO - --- validation at epoch 58, val_loss 17.3253, val_mae 18.5159, val_rmse 23.9857, val_r2 0.2191, val_pearson 0.5179, lr 3.00e-04 ---
2026-10-01 00:29:45,220 - INFO - 
****************************************************************************************************
2026-10-01 00:29:46,569 - INFO - --- training epoch 59, loss 17.5488, mae 18.0425, rmse 23.1620, time elapsed(min) 0.01---
2026-10-01 00:29:46,740 - INFO - --- validation at epoch 59, val_loss 16.9322, val_mae 18.3824, val_rmse 23.8460, val_r2 0.2282, val_pearson 0.5176, lr 3.00e-04 ---
2026-10-01 00:29:46,740 - INFO - 
****************************************************************************************************
2026-10-01 00:29:48,110 - INFO - --- training epoch 60, loss 17.5530, mae 18.0465, rmse 23.2283, time elapsed(min) 0.01---
2026-10-01 00:29:48,260 - INFO - --- validation at epoch 60, val_loss 16.9057, val_mae 18.3077, val_rmse 23.8274, val_r2 0.2294, val_pearson 0.5248, lr 3.00e-04 ---
2026-10-01 00:29:48,260 - INFO - 
****************************************************************************************************
2026-10-01 00:29:49,638 - INFO - --- training epoch 61, loss 17.4097, mae 17.9037, rmse 23.0957, time elapsed(min) 0.01---
2026-10-01 00:29:50,003 - INFO - --- validation at epoch 61, val_loss 17.0973, val_mae 18.4104, val_rmse 24.0441, val_r2 0.2153, val_pearson 0.5162, lr 3.00e-04 ---
2026-10-01 00:29:50,003 - INFO - 
****************************************************************************************************
2026-10-01 00:29:51,236 - INFO - --- training epoch 62, loss 17.3255, mae 17.8197, rmse 22.9748, time elapsed(min) 0.01---
2026-10-01 00:29:51,408 - INFO - --- validation at epoch 62, val_loss 17.0953, val_mae 18.6014, val_rmse 24.1813, val_r2 0.2064, val_pearson 0.5035, lr 3.00e-04 ---
2026-10-01 00:29:51,408 - INFO - 
****************************************************************************************************
2026-10-01 00:29:52,505 - INFO - --- training epoch 63, loss 17.4875, mae 17.9803, rmse 23.0759, time elapsed(min) 0.01---
2026-10-01 00:29:52,671 - INFO - --- validation at epoch 63, val_loss 17.1800, val_mae 18.2929, val_rmse 23.7338, val_r2 0.2355, val_pearson 0.5240, lr 3.00e-04 ---
2026-10-01 00:29:52,671 - INFO - 
****************************************************************************************************
2026-10-01 00:29:54,067 - INFO - --- training epoch 64, loss 17.4762, mae 17.9688, rmse 23.1573, time elapsed(min) 0.02---
2026-10-01 00:29:54,241 - INFO - --- validation at epoch 64, val_loss 16.8109, val_mae 18.0455, val_rmse 23.2674, val_r2 0.2652, val_pearson 0.5420, lr 3.00e-04 ---
2026-10-01 00:29:54,241 - INFO - 
****************************************************************************************************
2026-10-01 00:29:55,615 - INFO - --- training epoch 65, loss 17.4716, mae 17.9655, rmse 23.0804, time elapsed(min) 0.01---
2026-10-01 00:29:55,780 - INFO - --- validation at epoch 65, val_loss 16.6616, val_mae 17.9794, val_rmse 23.1687, val_r2 0.2714, val_pearson 0.5418, lr 3.00e-04 ---
2026-10-01 00:29:55,780 - INFO - 
****************************************************************************************************
2026-10-01 00:29:57,142 - INFO - --- training epoch 66, loss 17.3215, mae 17.8143, rmse 22.9757, time elapsed(min) 0.01---
2026-10-01 00:29:57,529 - INFO - --- validation at epoch 66, val_loss 16.9238, val_mae 17.9717, val_rmse 23.5280, val_r2 0.2487, val_pearson 0.5328, lr 3.00e-04 ---
2026-10-01 00:29:57,530 - INFO - 
****************************************************************************************************
2026-10-01 00:29:58,751 - INFO - --- training epoch 67, loss 17.2267, mae 17.7192, rmse 22.9211, time elapsed(min) 0.01---
2026-10-01 00:29:58,917 - INFO - --- validation at epoch 67, val_loss 16.8247, val_mae 17.9758, val_rmse 23.2095, val_r2 0.2689, val_pearson 0.5408, lr 3.00e-04 ---
2026-10-01 00:29:58,917 - INFO - 
****************************************************************************************************
2026-10-01 00:29:59,986 - INFO - --- training epoch 68, loss 17.2079, mae 17.7008, rmse 22.7898, time elapsed(min) 0.01---
2026-10-01 00:30:00,158 - INFO - --- validation at epoch 68, val_loss 16.4100, val_mae 17.7298, val_rmse 23.0856, val_r2 0.2766, val_pearson 0.5496, lr 3.00e-04 ---
2026-10-01 00:30:00,158 - INFO - 
****************************************************************************************************
2026-10-01 00:30:01,456 - INFO - --- training epoch 69, loss 17.2058, mae 17.6968, rmse 22.8801, time elapsed(min) 0.01---
2026-10-01 00:30:01,626 - INFO - --- validation at epoch 69, val_loss 16.4746, val_mae 17.7171, val_rmse 23.3339, val_r2 0.2610, val_pearson 0.5434, lr 3.00e-04 ---
2026-10-01 00:30:01,626 - INFO - 
****************************************************************************************************
2026-10-01 00:30:02,903 - INFO - --- training epoch 70, loss 17.0446, mae 17.5384, rmse 22.8148, time elapsed(min) 0.01---
2026-10-01 00:30:03,072 - INFO - --- validation at epoch 70, val_loss 16.8726, val_mae 17.8970, val_rmse 23.2656, val_r2 0.2653, val_pearson 0.5472, lr 3.00e-04 ---
2026-10-01 00:30:03,072 - INFO - 
****************************************************************************************************
2026-10-01 00:30:04,384 - INFO - --- training epoch 71, loss 17.1514, mae 17.6451, rmse 22.7204, time elapsed(min) 0.02---
2026-10-01 00:30:04,768 - INFO - --- validation at epoch 71, val_loss 16.4730, val_mae 17.7029, val_rmse 22.9454, val_r2 0.2854, val_pearson 0.5534, lr 3.00e-04 ---
2026-10-01 00:30:04,768 - INFO - 
****************************************************************************************************
2026-10-01 00:30:05,989 - INFO - --- training epoch 72, loss 16.9763, mae 17.4690, rmse 22.7639, time elapsed(min) 0.01---
2026-10-01 00:30:06,161 - INFO - --- validation at epoch 72, val_loss 16.2745, val_mae 17.4100, val_rmse 22.8426, val_r2 0.2918, val_pearson 0.5649, lr 3.00e-04 ---
2026-10-01 00:30:06,161 - INFO - 
****************************************************************************************************
2026-10-01 00:30:07,336 - INFO - --- training epoch 73, loss 16.9917, mae 17.4873, rmse 22.6118, time elapsed(min) 0.01---
2026-10-01 00:30:07,501 - INFO - --- validation at epoch 73, val_loss 16.4541, val_mae 17.6505, val_rmse 22.8613, val_r2 0.2906, val_pearson 0.5608, lr 3.00e-04 ---
2026-10-01 00:30:07,501 - INFO - 
****************************************************************************************************
2026-10-01 00:30:08,790 - INFO - --- training epoch 74, loss 16.9666, mae 17.4593, rmse 22.7130, time elapsed(min) 0.01---
2026-10-01 00:30:08,967 - INFO - --- validation at epoch 74, val_loss 16.2631, val_mae 17.8031, val_rmse 22.9083, val_r2 0.2877, val_pearson 0.5540, lr 3.00e-04 ---
2026-10-01 00:30:08,968 - INFO - 
****************************************************************************************************
2026-10-01 00:30:10,488 - INFO - --- training epoch 75, loss 16.9860, mae 17.4786, rmse 22.6437, time elapsed(min) 0.02---
2026-10-01 00:30:10,657 - INFO - --- validation at epoch 75, val_loss 15.6790, val_mae 17.4345, val_rmse 22.8603, val_r2 0.2907, val_pearson 0.5579, lr 3.00e-04 ---
2026-10-01 00:30:10,658 - INFO - 
****************************************************************************************************
2026-10-01 00:30:12,004 - INFO - --- training epoch 76, loss 16.8382, mae 17.3311, rmse 22.4770, time elapsed(min) 0.01---
2026-10-01 00:30:12,397 - INFO - --- validation at epoch 76, val_loss 15.6311, val_mae 17.1097, val_rmse 22.4669, val_r2 0.3149, val_pearson 0.5773, lr 3.00e-04 ---
2026-10-01 00:30:12,398 - INFO - 
****************************************************************************************************
2026-10-01 00:30:13,715 - INFO - --- training epoch 77, loss 16.9631, mae 17.4561, rmse 22.6425, time elapsed(min) 0.01---
2026-10-01 00:30:13,884 - INFO - --- validation at epoch 77, val_loss 16.3670, val_mae 17.3623, val_rmse 22.6394, val_r2 0.3043, val_pearson 0.5679, lr 3.00e-04 ---
2026-10-01 00:30:13,884 - INFO - 
****************************************************************************************************
2026-10-01 00:30:14,939 - INFO - --- training epoch 78, loss 16.6964, mae 17.1888, rmse 22.2164, time elapsed(min) 0.01---
2026-10-01 00:30:15,104 - INFO - --- validation at epoch 78, val_loss 16.1973, val_mae 17.5444, val_rmse 23.2404, val_r2 0.2669, val_pearson 0.5479, lr 3.00e-04 ---
2026-10-01 00:30:15,104 - INFO - 
****************************************************************************************************
2026-10-01 00:30:16,160 - INFO - --- training epoch 79, loss 16.5877, mae 17.0801, rmse 22.3485, time elapsed(min) 0.01---
2026-10-01 00:30:16,332 - INFO - --- validation at epoch 79, val_loss 15.4026, val_mae 16.8811, val_rmse 22.3175, val_r2 0.3240, val_pearson 0.5852, lr 3.00e-04 ---
2026-10-01 00:30:16,332 - INFO - 
****************************************************************************************************
2026-10-01 00:30:17,668 - INFO - --- training epoch 80, loss 16.6946, mae 17.1895, rmse 22.5047, time elapsed(min) 0.01---
2026-10-01 00:30:17,834 - INFO - --- validation at epoch 80, val_loss 15.7819, val_mae 17.6936, val_rmse 23.3904, val_r2 0.2574, val_pearson 0.5502, lr 3.00e-04 ---
2026-10-01 00:30:17,834 - INFO - 
****************************************************************************************************
2026-10-01 00:30:19,108 - INFO - --- training epoch 81, loss 16.8487, mae 17.3405, rmse 22.6403, time elapsed(min) 0.01---
2026-10-01 00:30:19,274 - INFO - --- validation at epoch 81, val_loss 16.6356, val_mae 17.7905, val_rmse 23.1939, val_r2 0.2698, val_pearson 0.5451, lr 3.00e-04 ---
2026-10-01 00:30:19,274 - INFO - 
****************************************************************************************************
2026-10-01 00:30:20,746 - INFO - --- training epoch 82, loss 17.0825, mae 17.5757, rmse 22.5893, time elapsed(min) 0.02---
2026-10-01 00:30:20,922 - INFO - --- validation at epoch 82, val_loss 15.9743, val_mae 17.3140, val_rmse 22.7118, val_r2 0.2999, val_pearson 0.5639, lr 3.00e-04 ---
2026-10-01 00:30:20,922 - INFO - 
****************************************************************************************************
2026-10-01 00:30:21,982 - INFO - --- training epoch 83, loss 16.7709, mae 17.2626, rmse 22.3702, time elapsed(min) 0.01---
2026-10-01 00:30:22,158 - INFO - --- validation at epoch 83, val_loss 15.6119, val_mae 17.0002, val_rmse 22.1225, val_r2 0.3357, val_pearson 0.5890, lr 3.00e-04 ---
2026-10-01 00:30:22,158 - INFO - 
****************************************************************************************************
2026-10-01 00:30:23,374 - INFO - --- training epoch 84, loss 16.5798, mae 17.0726, rmse 22.2945, time elapsed(min) 0.01---
2026-10-01 00:30:23,543 - INFO - --- validation at epoch 84, val_loss 15.2852, val_mae 16.8261, val_rmse 22.4151, val_r2 0.3181, val_pearson 0.5834, lr 3.00e-04 ---
2026-10-01 00:30:23,543 - INFO - 
****************************************************************************************************
2026-10-01 00:30:25,030 - INFO - --- training epoch 85, loss 16.3523, mae 16.8429, rmse 22.2070, time elapsed(min) 0.02---
2026-10-01 00:30:25,194 - INFO - --- validation at epoch 85, val_loss 15.3714, val_mae 16.5592, val_rmse 21.6580, val_r2 0.3633, val_pearson 0.6086, lr 3.00e-04 ---
2026-10-01 00:30:25,194 - INFO - 
****************************************************************************************************
2026-10-01 00:30:26,458 - INFO - --- training epoch 86, loss 16.2600, mae 16.7517, rmse 21.9367, time elapsed(min) 0.01---
2026-10-01 00:30:26,626 - INFO - --- validation at epoch 86, val_loss 15.0394, val_mae 16.6396, val_rmse 21.9635, val_r2 0.3453, val_pearson 0.6088, lr 3.00e-04 ---
2026-10-01 00:30:26,627 - INFO - 
****************************************************************************************************
2026-10-01 00:30:28,017 - INFO - --- training epoch 87, loss 16.1257, mae 16.6184, rmse 21.8742, time elapsed(min) 0.02---
2026-10-01 00:30:28,398 - INFO - --- validation at epoch 87, val_loss 15.0327, val_mae 16.4086, val_rmse 21.6368, val_r2 0.3646, val_pearson 0.6154, lr 3.00e-04 ---
2026-10-01 00:30:28,398 - INFO - 
****************************************************************************************************
2026-10-01 00:30:29,706 - INFO - --- training epoch 88, loss 15.9593, mae 16.4519, rmse 21.7487, time elapsed(min) 0.01---
2026-10-01 00:30:29,868 - INFO - --- validation at epoch 88, val_loss 14.8112, val_mae 16.1546, val_rmse 21.5912, val_r2 0.3673, val_pearson 0.6162, lr 3.00e-04 ---
2026-10-01 00:30:29,868 - INFO - 
****************************************************************************************************
2026-10-01 00:30:31,009 - INFO - --- training epoch 89, loss 15.8089, mae 16.3010, rmse 21.8445, time elapsed(min) 0.01---
2026-10-01 00:30:31,176 - INFO - --- validation at epoch 89, val_loss 15.0266, val_mae 15.8680, val_rmse 21.1476, val_r2 0.3930, val_pearson 0.6467, lr 3.00e-04 ---
2026-10-01 00:30:31,176 - INFO - 
****************************************************************************************************
2026-10-01 00:30:32,435 - INFO - --- training epoch 90, loss 15.7744, mae 16.2669, rmse 21.5235, time elapsed(min) 0.01---
2026-10-01 00:30:32,606 - INFO - --- validation at epoch 90, val_loss 15.4323, val_mae 16.2563, val_rmse 21.0095, val_r2 0.4009, val_pearson 0.6553, lr 3.00e-04 ---
2026-10-01 00:30:32,606 - INFO - 
****************************************************************************************************
2026-10-01 00:30:33,871 - INFO - --- training epoch 91, loss 15.5431, mae 16.0358, rmse 21.0031, time elapsed(min) 0.01---
2026-10-01 00:30:34,040 - INFO - --- validation at epoch 91, val_loss 15.4946, val_mae 16.1400, val_rmse 20.8881, val_r2 0.4078, val_pearson 0.6645, lr 3.00e-04 ---
2026-10-01 00:30:34,040 - INFO - 
****************************************************************************************************
2026-10-01 00:30:35,300 - INFO - --- training epoch 92, loss 14.9279, mae 15.4197, rmse 20.3529, time elapsed(min) 0.01---
2026-10-01 00:30:35,684 - INFO - --- validation at epoch 92, val_loss 13.4500, val_mae 14.6175, val_rmse 19.0041, val_r2 0.5098, val_pearson 0.7146, lr 3.00e-04 ---
2026-10-01 00:30:35,684 - INFO - 
****************************************************************************************************
2026-10-01 00:30:36,970 - INFO - --- training epoch 93, loss 14.6176, mae 15.1086, rmse 19.7589, time elapsed(min) 0.01---
2026-10-01 00:30:37,145 - INFO - --- validation at epoch 93, val_loss 13.8843, val_mae 14.2883, val_rmse 18.8540, val_r2 0.5175, val_pearson 0.7425, lr 3.00e-04 ---
2026-10-01 00:30:37,145 - INFO - 
****************************************************************************************************
2026-10-01 00:30:38,197 - INFO - --- training epoch 94, loss 13.9823, mae 14.4731, rmse 18.9551, time elapsed(min) 0.01---
2026-10-01 00:30:38,368 - INFO - --- validation at epoch 94, val_loss 13.7882, val_mae 13.8816, val_rmse 18.3537, val_r2 0.5428, val_pearson 0.7413, lr 3.00e-04 ---
2026-10-01 00:30:38,368 - INFO - 
****************************************************************************************************
2026-10-01 00:30:39,729 - INFO - --- training epoch 95, loss 13.2634, mae 13.7538, rmse 17.8324, time elapsed(min) 0.02---
2026-10-01 00:30:39,904 - INFO - --- validation at epoch 95, val_loss 13.8587, val_mae 13.4350, val_rmse 17.7357, val_r2 0.5731, val_pearson 0.7578, lr 3.00e-04 ---
2026-10-01 00:30:39,904 - INFO - 
****************************************************************************************************
2026-10-01 00:30:41,309 - INFO - --- training epoch 96, loss 13.1606, mae 13.6526, rmse 17.7914, time elapsed(min) 0.02---
2026-10-01 00:30:41,484 - INFO - --- validation at epoch 96, val_loss 14.1654, val_mae 13.8200, val_rmse 18.3170, val_r2 0.5446, val_pearson 0.7520, lr 3.00e-04 ---
2026-10-01 00:30:41,484 - INFO - 
****************************************************************************************************
2026-10-01 00:30:42,747 - INFO - --- training epoch 97, loss 13.1029, mae 13.5934, rmse 17.8442, time elapsed(min) 0.01---
2026-10-01 00:30:42,916 - INFO - --- validation at epoch 97, val_loss 13.8186, val_mae 13.4624, val_rmse 18.0912, val_r2 0.5558, val_pearson 0.7651, lr 3.00e-04 ---
2026-10-01 00:30:42,916 - INFO - 
****************************************************************************************************
2026-10-01 00:30:44,319 - INFO - --- training epoch 98, loss 12.5412, mae 13.0319, rmse 17.0242, time elapsed(min) 0.02---
2026-10-01 00:30:44,485 - INFO - --- validation at epoch 98, val_loss 12.6009, val_mae 13.2471, val_rmse 17.6640, val_r2 0.5765, val_pearson 0.7603, lr 3.00e-04 ---
2026-10-01 00:30:44,485 - INFO - 
****************************************************************************************************
2026-10-01 00:30:45,630 - INFO - --- training epoch 99, loss 12.4868, mae 12.9761, rmse 17.1424, time elapsed(min) 0.01---
2026-10-01 00:30:45,791 - INFO - --- validation at epoch 99, val_loss 13.5373, val_mae 13.9725, val_rmse 18.5041, val_r2 0.5353, val_pearson 0.7865, lr 3.00e-04 ---
2026-10-01 00:30:45,791 - INFO - 
****************************************************************************************************
2026-10-01 00:30:46,968 - INFO - --- training epoch 100, loss 12.0814, mae 12.5705, rmse 16.7212, time elapsed(min) 0.01---
2026-10-01 00:30:47,135 - INFO - --- validation at epoch 100, val_loss 11.9483, val_mae 12.2253, val_rmse 16.4253, val_r2 0.6338, val_pearson 0.7998, lr 3.00e-04 ---
2026-10-01 00:30:47,135 - INFO - 
****************************************************************************************************
2026-10-01 00:30:48,472 - INFO - --- training epoch 101, loss 12.0670, mae 12.5546, rmse 16.6259, time elapsed(min) 0.01---
2026-10-01 00:30:48,641 - INFO - --- validation at epoch 101, val_loss 12.0872, val_mae 12.6651, val_rmse 17.3205, val_r2 0.5928, val_pearson 0.7821, lr 3.00e-04 ---
2026-10-01 00:30:48,641 - INFO - 
****************************************************************************************************
2026-10-01 00:30:49,890 - INFO - --- training epoch 102, loss 12.2363, mae 12.7253, rmse 16.9433, time elapsed(min) 0.01---
2026-10-01 00:30:50,060 - INFO - --- validation at epoch 102, val_loss 13.3101, val_mae 13.1502, val_rmse 17.6027, val_r2 0.5794, val_pearson 0.7917, lr 3.00e-04 ---
2026-10-01 00:30:50,060 - INFO - 
****************************************************************************************************
2026-10-01 00:30:51,349 - INFO - --- training epoch 103, loss 12.1336, mae 12.6253, rmse 16.6105, time elapsed(min) 0.02---
2026-10-01 00:30:51,730 - INFO - --- validation at epoch 103, val_loss 12.3714, val_mae 12.7949, val_rmse 17.5169, val_r2 0.5835, val_pearson 0.7936, lr 3.00e-04 ---
2026-10-01 00:30:51,730 - INFO - 
****************************************************************************************************
2026-10-01 00:30:52,947 - INFO - --- training epoch 104, loss 11.6589, mae 12.1473, rmse 16.1157, time elapsed(min) 0.01---
2026-10-01 00:30:53,120 - INFO - --- validation at epoch 104, val_loss 11.8456, val_mae 11.9632, val_rmse 16.1331, val_r2 0.6467, val_pearson 0.8092, lr 3.00e-04 ---
2026-10-01 00:30:53,120 - INFO - 
****************************************************************************************************
2026-10-01 00:30:54,246 - INFO - --- training epoch 105, loss 11.4827, mae 11.9698, rmse 16.0143, time elapsed(min) 0.01---
2026-10-01 00:30:54,415 - INFO - --- validation at epoch 105, val_loss 11.9938, val_mae 12.0999, val_rmse 16.2464, val_r2 0.6418, val_pearson 0.8044, lr 3.00e-04 ---
2026-10-01 00:30:54,415 - INFO - 
****************************************************************************************************
2026-10-01 00:30:55,667 - INFO - --- training epoch 106, loss 11.6909, mae 12.1797, rmse 16.2899, time elapsed(min) 0.01---
2026-10-01 00:30:55,834 - INFO - --- validation at epoch 106, val_loss 12.4503, val_mae 12.3814, val_rmse 16.5678, val_r2 0.6274, val_pearson 0.8165, lr 3.00e-04 ---
2026-10-01 00:30:55,834 - INFO - 
****************************************************************************************************
2026-10-01 00:30:57,096 - INFO - --- training epoch 107, loss 11.8324, mae 12.3223, rmse 16.3867, time elapsed(min) 0.01---
2026-10-01 00:30:57,252 - INFO - --- validation at epoch 107, val_loss 11.8922, val_mae 11.8707, val_rmse 16.2332, val_r2 0.6423, val_pearson 0.8083, lr 3.00e-04 ---
2026-10-01 00:30:57,252 - INFO - 
****************************************************************************************************
2026-10-01 00:30:58,504 - INFO - --- training epoch 108, loss 11.2500, mae 11.7366, rmse 15.7114, time elapsed(min) 0.01---
2026-10-01 00:30:58,892 - INFO - --- validation at epoch 108, val_loss 11.5903, val_mae 11.6537, val_rmse 15.9798, val_r2 0.6534, val_pearson 0.8165, lr 3.00e-04 ---
2026-10-01 00:30:58,892 - INFO - 
****************************************************************************************************
2026-10-01 00:31:00,185 - INFO - --- training epoch 109, loss 11.0275, mae 11.5148, rmse 15.6821, time elapsed(min) 0.01---
2026-10-01 00:31:00,354 - INFO - --- validation at epoch 109, val_loss 11.4667, val_mae 11.3801, val_rmse 15.7963, val_r2 0.6613, val_pearson 0.8175, lr 3.00e-04 ---
2026-10-01 00:31:00,354 - INFO - 
****************************************************************************************************
2026-10-01 00:31:01,492 - INFO - --- training epoch 110, loss 11.0236, mae 11.5107, rmse 15.5702, time elapsed(min) 0.01---
2026-10-01 00:31:01,662 - INFO - --- validation at epoch 110, val_loss 11.5232, val_mae 11.4161, val_rmse 15.7005, val_r2 0.6654, val_pearson 0.8224, lr 3.00e-04 ---
2026-10-01 00:31:01,662 - INFO - 
****************************************************************************************************
2026-10-01 00:31:02,872 - INFO - --- training epoch 111, loss 10.6586, mae 11.1464, rmse 15.1641, time elapsed(min) 0.01---
2026-10-01 00:31:03,038 - INFO - --- validation at epoch 111, val_loss 10.7895, val_mae 10.9777, val_rmse 15.1700, val_r2 0.6877, val_pearson 0.8365, lr 3.00e-04 ---
2026-10-01 00:31:03,038 - INFO - 
****************************************************************************************************
2026-10-01 00:31:04,384 - INFO - --- training epoch 112, loss 10.9665, mae 11.4547, rmse 15.5167, time elapsed(min) 0.01---
2026-10-01 00:31:04,556 - INFO - --- validation at epoch 112, val_loss 11.3153, val_mae 11.4976, val_rmse 15.8316, val_r2 0.6598, val_pearson 0.8411, lr 3.00e-04 ---
2026-10-01 00:31:04,556 - INFO - 
****************************************************************************************************
2026-10-01 00:31:05,946 - INFO - --- training epoch 113, loss 10.8202, mae 11.3084, rmse 15.2728, time elapsed(min) 0.02---
2026-10-01 00:31:06,123 - INFO - --- validation at epoch 113, val_loss 10.4065, val_mae 10.9231, val_rmse 14.8882, val_r2 0.6991, val_pearson 0.8375, lr 3.00e-04 ---
2026-10-01 00:31:06,123 - INFO - 
****************************************************************************************************
2026-10-01 00:31:07,639 - INFO - --- training epoch 114, loss 10.7620, mae 11.2500, rmse 15.2264, time elapsed(min) 0.02---
2026-10-01 00:31:07,819 - INFO - --- validation at epoch 114, val_loss 10.6450, val_mae 10.7811, val_rmse 14.8520, val_r2 0.7006, val_pearson 0.8585, lr 3.00e-04 ---
2026-10-01 00:31:07,819 - INFO - 
****************************************************************************************************
2026-10-01 00:31:08,879 - INFO - --- training epoch 115, loss 10.7695, mae 11.2565, rmse 15.2267, time elapsed(min) 0.01---
2026-10-01 00:31:09,039 - INFO - --- validation at epoch 115, val_loss 10.9477, val_mae 10.9059, val_rmse 15.0703, val_r2 0.6917, val_pearson 0.8554, lr 3.00e-04 ---
2026-10-01 00:31:09,039 - INFO - 
****************************************************************************************************
2026-10-01 00:31:10,290 - INFO - --- training epoch 116, loss 10.4922, mae 10.9801, rmse 14.8109, time elapsed(min) 0.01---
2026-10-01 00:31:10,460 - INFO - --- validation at epoch 116, val_loss 10.1598, val_mae 10.0899, val_rmse 13.9710, val_r2 0.7351, val_pearson 0.8599, lr 3.00e-04 ---
2026-10-01 00:31:10,460 - INFO - 
****************************************************************************************************
2026-10-01 00:31:11,807 - INFO - --- training epoch 117, loss 10.2497, mae 10.7386, rmse 14.5637, time elapsed(min) 0.01---
2026-10-01 00:31:11,981 - INFO - --- validation at epoch 117, val_loss 10.6580, val_mae 10.6525, val_rmse 14.9010, val_r2 0.6986, val_pearson 0.8543, lr 3.00e-04 ---
2026-10-01 00:31:11,981 - INFO - 
****************************************************************************************************
2026-10-01 00:31:13,241 - INFO - --- training epoch 118, loss 10.3348, mae 10.8209, rmse 14.8038, time elapsed(min) 0.01---
2026-10-01 00:31:13,405 - INFO - --- validation at epoch 118, val_loss 9.5819, val_mae 9.7916, val_rmse 13.9743, val_r2 0.7350, val_pearson 0.8643, lr 3.00e-04 ---
2026-10-01 00:31:13,405 - INFO - 
****************************************************************************************************
2026-10-01 00:31:14,908 - INFO - --- training epoch 119, loss 9.9341, mae 10.4200, rmse 14.1200, time elapsed(min) 0.02---
2026-10-01 00:31:15,073 - INFO - --- validation at epoch 119, val_loss 9.5803, val_mae 9.7723, val_rmse 13.7039, val_r2 0.7451, val_pearson 0.8716, lr 3.00e-04 ---
2026-10-01 00:31:15,073 - INFO - 
****************************************************************************************************
2026-10-01 00:31:16,215 - INFO - --- training epoch 120, loss 9.8757, mae 10.3616, rmse 14.2950, time elapsed(min) 0.01---
2026-10-01 00:31:16,378 - INFO - --- validation at epoch 120, val_loss 9.3759, val_mae 9.4751, val_rmse 13.5468, val_r2 0.7509, val_pearson 0.8733, lr 3.00e-04 ---
2026-10-01 00:31:16,378 - INFO - 
****************************************************************************************************
2026-10-01 00:31:17,537 - INFO - --- training epoch 121, loss 9.9999, mae 10.4845, rmse 14.3321, time elapsed(min) 0.01---
2026-10-01 00:31:17,712 - INFO - --- validation at epoch 121, val_loss 9.7220, val_mae 10.0134, val_rmse 14.3793, val_r2 0.7194, val_pearson 0.8585, lr 3.00e-04 ---
2026-10-01 00:31:17,712 - INFO - 
****************************************************************************************************
2026-10-01 00:31:18,983 - INFO - --- training epoch 122, loss 9.8786, mae 10.3667, rmse 14.2633, time elapsed(min) 0.01---
2026-10-01 00:31:19,150 - INFO - --- validation at epoch 122, val_loss 9.7885, val_mae 9.7003, val_rmse 13.9123, val_r2 0.7373, val_pearson 0.8680, lr 3.00e-04 ---
2026-10-01 00:31:19,150 - INFO - 
****************************************************************************************************
2026-10-01 00:31:20,431 - INFO - --- training epoch 123, loss 9.6203, mae 10.1080, rmse 13.8385, time elapsed(min) 0.01---
2026-10-01 00:31:20,593 - INFO - --- validation at epoch 123, val_loss 8.9883, val_mae 9.3469, val_rmse 13.4533, val_r2 0.7543, val_pearson 0.8711, lr 3.00e-04 ---
2026-10-01 00:31:20,593 - INFO - 
****************************************************************************************************
2026-10-01 00:31:22,127 - INFO - --- training epoch 124, loss 9.7022, mae 10.1896, rmse 14.0781, time elapsed(min) 0.02---
2026-10-01 00:31:22,309 - INFO - --- validation at epoch 124, val_loss 10.1132, val_mae 10.3527, val_rmse 14.5397, val_r2 0.7131, val_pearson 0.8513, lr 3.00e-04 ---
2026-10-01 00:31:22,309 - INFO - 
****************************************************************************************************
2026-10-01 00:31:23,364 - INFO - --- training epoch 125, loss 9.5804, mae 10.0680, rmse 13.9436, time elapsed(min) 0.01---
2026-10-01 00:31:23,540 - INFO - --- validation at epoch 125, val_loss 9.0067, val_mae 9.4542, val_rmse 13.5287, val_r2 0.7516, val_pearson 0.8747, lr 3.00e-04 ---
2026-10-01 00:31:23,540 - INFO - 
****************************************************************************************************
2026-10-01 00:31:24,755 - INFO - --- training epoch 126, loss 9.1275, mae 9.6139, rmse 13.3981, time elapsed(min) 0.01---
2026-10-01 00:31:24,923 - INFO - --- validation at epoch 126, val_loss 8.8382, val_mae 9.2174, val_rmse 13.4399, val_r2 0.7548, val_pearson 0.8703, lr 3.00e-04 ---
2026-10-01 00:31:24,923 - INFO - 
****************************************************************************************************
2026-10-01 00:31:26,412 - INFO - --- training epoch 127, loss 9.0735, mae 9.5593, rmse 13.4535, time elapsed(min) 0.02---
2026-10-01 00:31:26,582 - INFO - --- validation at epoch 127, val_loss 8.9613, val_mae 9.2039, val_rmse 13.3902, val_r2 0.7566, val_pearson 0.8809, lr 3.00e-04 ---
2026-10-01 00:31:26,582 - INFO - 
****************************************************************************************************
2026-10-01 00:31:27,836 - INFO - --- training epoch 128, loss 9.3096, mae 9.7950, rmse 13.8173, time elapsed(min) 0.01---
2026-10-01 00:31:28,003 - INFO - --- validation at epoch 128, val_loss 8.6884, val_mae 8.9458, val_rmse 13.0266, val_r2 0.7697, val_pearson 0.8798, lr 3.00e-04 ---
2026-10-01 00:31:28,003 - INFO - 
****************************************************************************************************
2026-10-01 00:31:29,517 - INFO - --- training epoch 129, loss 8.9583, mae 9.4434, rmse 13.2641, time elapsed(min) 0.02---
2026-10-01 00:31:29,701 - INFO - --- validation at epoch 129, val_loss 8.9432, val_mae 9.1869, val_rmse 13.0238, val_r2 0.7698, val_pearson 0.8854, lr 3.00e-04 ---
2026-10-01 00:31:29,701 - INFO - 
****************************************************************************************************
2026-10-01 00:31:30,784 - INFO - --- training epoch 130, loss 9.1543, mae 9.6392, rmse 13.7388, time elapsed(min) 0.01---
2026-10-01 00:31:30,955 - INFO - --- validation at epoch 130, val_loss 9.4156, val_mae 9.7334, val_rmse 13.8726, val_r2 0.7388, val_pearson 0.8748, lr 3.00e-04 ---
2026-10-01 00:31:30,956 - INFO - 
****************************************************************************************************
2026-10-01 00:31:32,013 - INFO - --- training epoch 131, loss 9.3481, mae 9.8343, rmse 13.6727, time elapsed(min) 0.01---
2026-10-01 00:31:32,176 - INFO - --- validation at epoch 131, val_loss 8.3550, val_mae 9.0450, val_rmse 13.1555, val_r2 0.7651, val_pearson 0.8769, lr 3.00e-04 ---
2026-10-01 00:31:32,177 - INFO - 
****************************************************************************************************
2026-10-01 00:31:33,529 - INFO - --- training epoch 132, loss 8.9881, mae 9.4713, rmse 13.3857, time elapsed(min) 0.01---
2026-10-01 00:31:33,701 - INFO - --- validation at epoch 132, val_loss 8.8185, val_mae 8.9264, val_rmse 13.2078, val_r2 0.7632, val_pearson 0.8820, lr 3.00e-04 ---
2026-10-01 00:31:33,701 - INFO - 
****************************************************************************************************
2026-10-01 00:31:34,994 - INFO - --- training epoch 133, loss 9.0247, mae 9.5094, rmse 13.3505, time elapsed(min) 0.01---
2026-10-01 00:31:35,166 - INFO - --- validation at epoch 133, val_loss 9.5080, val_mae 9.2779, val_rmse 13.4055, val_r2 0.7561, val_pearson 0.8824, lr 3.00e-04 ---
2026-10-01 00:31:35,166 - INFO - 
****************************************************************************************************
2026-10-01 00:31:36,400 - INFO - --- training epoch 134, loss 8.9080, mae 9.3943, rmse 13.1587, time elapsed(min) 0.01---
2026-10-01 00:31:36,565 - INFO - --- validation at epoch 134, val_loss 8.7406, val_mae 9.2787, val_rmse 13.0243, val_r2 0.7698, val_pearson 0.8858, lr 3.00e-04 ---
2026-10-01 00:31:36,566 - INFO - 
****************************************************************************************************
2026-10-01 00:31:37,634 - INFO - --- training epoch 135, loss 8.8881, mae 9.3724, rmse 12.9881, time elapsed(min) 0.01---
2026-10-01 00:31:37,790 - INFO - --- validation at epoch 135, val_loss 9.5191, val_mae 9.5470, val_rmse 13.6833, val_r2 0.7459, val_pearson 0.8806, lr 3.00e-04 ---
2026-10-01 00:31:37,790 - INFO - 
****************************************************************************************************
2026-10-01 00:31:38,880 - INFO - --- training epoch 136, loss 8.9139, mae 9.3982, rmse 13.2317, time elapsed(min) 0.01---
2026-10-01 00:31:39,054 - INFO - --- validation at epoch 136, val_loss 8.9978, val_mae 9.2137, val_rmse 13.1398, val_r2 0.7657, val_pearson 0.8878, lr 3.00e-04 ---
2026-10-01 00:31:39,054 - INFO - 
****************************************************************************************************
2026-10-01 00:31:40,337 - INFO - --- training epoch 137, loss 8.9147, mae 9.3970, rmse 13.2005, time elapsed(min) 0.01---
2026-10-01 00:31:40,499 - INFO - --- validation at epoch 137, val_loss 8.7101, val_mae 8.8447, val_rmse 13.0494, val_r2 0.7689, val_pearson 0.8813, lr 3.00e-04 ---
2026-10-01 00:31:40,499 - INFO - 
****************************************************************************************************
2026-10-01 00:31:41,773 - INFO - --- training epoch 138, loss 8.7305, mae 9.2144, rmse 13.0746, time elapsed(min) 0.01---
2026-10-01 00:31:41,940 - INFO - --- validation at epoch 138, val_loss 8.3700, val_mae 8.4407, val_rmse 12.3473, val_r2 0.7931, val_pearson 0.8965, lr 3.00e-04 ---
2026-10-01 00:31:41,941 - INFO - 
****************************************************************************************************
2026-10-01 00:31:43,170 - INFO - --- training epoch 139, loss 8.6617, mae 9.1455, rmse 12.9741, time elapsed(min) 0.01---
2026-10-01 00:31:43,336 - INFO - --- validation at epoch 139, val_loss 8.1695, val_mae 8.4344, val_rmse 12.3460, val_r2 0.7931, val_pearson 0.8913, lr 3.00e-04 ---
2026-10-01 00:31:43,336 - INFO - 
****************************************************************************************************
2026-10-01 00:31:44,483 - INFO - --- training epoch 140, loss 8.5916, mae 9.0750, rmse 12.7871, time elapsed(min) 0.01---
2026-10-01 00:31:44,649 - INFO - --- validation at epoch 140, val_loss 8.5491, val_mae 8.6585, val_rmse 12.5818, val_r2 0.7851, val_pearson 0.8899, lr 3.00e-04 ---
2026-10-01 00:31:44,649 - INFO - 
****************************************************************************************************
2026-10-01 00:31:45,712 - INFO - --- training epoch 141, loss 8.6489, mae 9.1320, rmse 12.7294, time elapsed(min) 0.01---
2026-10-01 00:31:45,880 - INFO - --- validation at epoch 141, val_loss 8.4844, val_mae 8.5063, val_rmse 12.5164, val_r2 0.7874, val_pearson 0.8883, lr 3.00e-04 ---
2026-10-01 00:31:45,880 - INFO - 
****************************************************************************************************
2026-10-01 00:31:47,160 - INFO - --- training epoch 142, loss 8.5408, mae 9.0248, rmse 12.7113, time elapsed(min) 0.01---
2026-10-01 00:31:47,323 - INFO - --- validation at epoch 142, val_loss 7.6640, val_mae 8.1377, val_rmse 11.9771, val_r2 0.8053, val_pearson 0.8983, lr 3.00e-04 ---
2026-10-01 00:31:47,323 - INFO - 
****************************************************************************************************
2026-10-01 00:31:48,682 - INFO - --- training epoch 143, loss 8.6235, mae 9.1070, rmse 12.9282, time elapsed(min) 0.01---
2026-10-01 00:31:48,845 - INFO - --- validation at epoch 143, val_loss 8.1956, val_mae 8.3482, val_rmse 12.2952, val_r2 0.7948, val_pearson 0.8936, lr 3.00e-04 ---
2026-10-01 00:31:48,845 - INFO - 
****************************************************************************************************
2026-10-01 00:31:50,126 - INFO - --- training epoch 144, loss 8.6203, mae 9.1044, rmse 12.8599, time elapsed(min) 0.01---
2026-10-01 00:31:50,516 - INFO - --- validation at epoch 144, val_loss 7.9948, val_mae 8.5457, val_rmse 12.2941, val_r2 0.7949, val_pearson 0.8946, lr 3.00e-04 ---
2026-10-01 00:31:50,516 - INFO - 
****************************************************************************************************
2026-10-01 00:31:51,724 - INFO - --- training epoch 145, loss 8.7169, mae 9.2018, rmse 13.0871, time elapsed(min) 0.01---
2026-10-01 00:31:51,892 - INFO - --- validation at epoch 145, val_loss 7.6560, val_mae 8.4874, val_rmse 12.2073, val_r2 0.7977, val_pearson 0.9008, lr 3.00e-04 ---
2026-10-01 00:31:51,892 - INFO - 
****************************************************************************************************
2026-10-01 00:31:53,033 - INFO - --- training epoch 146, loss 8.3957, mae 8.8802, rmse 12.5697, time elapsed(min) 0.01---
2026-10-01 00:31:53,214 - INFO - --- validation at epoch 146, val_loss 7.9684, val_mae 8.5898, val_rmse 12.3830, val_r2 0.7919, val_pearson 0.8933, lr 3.00e-04 ---
2026-10-01 00:31:53,214 - INFO - 
****************************************************************************************************
2026-10-01 00:31:54,476 - INFO - --- training epoch 147, loss 8.3778, mae 8.8622, rmse 12.5458, time elapsed(min) 0.01---
2026-10-01 00:31:54,645 - INFO - --- validation at epoch 147, val_loss 7.8302, val_mae 8.2996, val_rmse 12.2217, val_r2 0.7973, val_pearson 0.8967, lr 3.00e-04 ---
2026-10-01 00:31:54,645 - INFO - 
****************************************************************************************************
2026-10-01 00:31:55,931 - INFO - --- training epoch 148, loss 8.0010, mae 8.4833, rmse 12.3099, time elapsed(min) 0.01---
2026-10-01 00:31:56,096 - INFO - --- validation at epoch 148, val_loss 7.7390, val_mae 7.8406, val_rmse 11.5049, val_r2 0.8203, val_pearson 0.9079, lr 3.00e-04 ---
2026-10-01 00:31:56,096 - INFO - 
****************************************************************************************************
2026-10-01 00:31:57,354 - INFO - --- training epoch 149, loss 8.0882, mae 8.5689, rmse 12.2045, time elapsed(min) 0.01---
2026-10-01 00:31:57,732 - INFO - --- validation at epoch 149, val_loss 7.7973, val_mae 8.1413, val_rmse 12.1744, val_r2 0.7988, val_pearson 0.8965, lr 3.00e-04 ---
2026-10-01 00:31:57,733 - INFO - 
****************************************************************************************************
2026-10-01 00:31:58,964 - INFO - --- training epoch 150, loss 7.9540, mae 8.4355, rmse 12.2309, time elapsed(min) 0.01---
2026-10-01 00:31:59,125 - INFO - --- validation at epoch 150, val_loss 7.2454, val_mae 7.7863, val_rmse 11.5841, val_r2 0.8179, val_pearson 0.9052, lr 3.00e-04 ---
2026-10-01 00:31:59,125 - INFO - 
****************************************************************************************************
2026-10-01 00:32:00,274 - INFO - --- training epoch 151, loss 7.8352, mae 8.3174, rmse 11.9754, time elapsed(min) 0.01---
2026-10-01 00:32:00,439 - INFO - --- validation at epoch 151, val_loss 7.5969, val_mae 7.8781, val_rmse 11.7648, val_r2 0.8121, val_pearson 0.9026, lr 3.00e-04 ---
2026-10-01 00:32:00,439 - INFO - 
****************************************************************************************************
2026-10-01 00:32:01,488 - INFO - --- training epoch 152, loss 7.7884, mae 8.2680, rmse 11.8391, time elapsed(min) 0.01---
2026-10-01 00:32:01,657 - INFO - --- validation at epoch 152, val_loss 7.7361, val_mae 8.3385, val_rmse 12.3284, val_r2 0.7937, val_pearson 0.8956, lr 3.00e-04 ---
2026-10-01 00:32:01,658 - INFO - 
****************************************************************************************************
2026-10-01 00:32:02,955 - INFO - --- training epoch 153, loss 8.0126, mae 8.4964, rmse 12.2351, time elapsed(min) 0.02---
2026-10-01 00:32:03,118 - INFO - --- validation at epoch 153, val_loss 7.6880, val_mae 8.0888, val_rmse 11.6167, val_r2 0.8168, val_pearson 0.9040, lr 3.00e-04 ---
2026-10-01 00:32:03,118 - INFO - 
****************************************************************************************************
2026-10-01 00:32:04,388 - INFO - --- training epoch 154, loss 7.8378, mae 8.3230, rmse 11.9088, time elapsed(min) 0.01---
2026-10-01 00:32:04,557 - INFO - --- validation at epoch 154, val_loss 7.2558, val_mae 8.1674, val_rmse 11.9610, val_r2 0.8058, val_pearson 0.9010, lr 3.00e-04 ---
2026-10-01 00:32:04,557 - INFO - 
****************************************************************************************************
2026-10-01 00:32:05,983 - INFO - --- training epoch 155, loss 7.8553, mae 8.3355, rmse 12.0239, time elapsed(min) 0.02---
2026-10-01 00:32:06,161 - INFO - --- validation at epoch 155, val_loss 7.1961, val_mae 7.9182, val_rmse 11.7562, val_r2 0.8124, val_pearson 0.9032, lr 3.00e-04 ---
2026-10-01 00:32:06,161 - INFO - 
****************************************************************************************************
2026-10-01 00:32:07,294 - INFO - --- training epoch 156, loss 7.7366, mae 8.2179, rmse 11.8204, time elapsed(min) 0.01---
2026-10-01 00:32:07,464 - INFO - --- validation at epoch 156, val_loss 7.2218, val_mae 7.5146, val_rmse 11.1944, val_r2 0.8299, val_pearson 0.9121, lr 3.00e-04 ---
2026-10-01 00:32:07,464 - INFO - 
****************************************************************************************************
2026-10-01 00:32:08,525 - INFO - --- training epoch 157, loss 7.8041, mae 8.2862, rmse 11.9557, time elapsed(min) 0.01---
2026-10-01 00:32:08,696 - INFO - --- validation at epoch 157, val_loss 7.5550, val_mae 7.7540, val_rmse 11.5626, val_r2 0.8185, val_pearson 0.9052, lr 3.00e-04 ---
2026-10-01 00:32:08,696 - INFO - 
****************************************************************************************************
2026-10-01 00:32:09,978 - INFO - --- training epoch 158, loss 7.7690, mae 8.2484, rmse 11.9780, time elapsed(min) 0.01---
2026-10-01 00:32:10,150 - INFO - --- validation at epoch 158, val_loss 7.1627, val_mae 7.6755, val_rmse 11.4885, val_r2 0.8209, val_pearson 0.9093, lr 3.00e-04 ---
2026-10-01 00:32:10,150 - INFO - 
****************************************************************************************************
2026-10-01 00:32:11,503 - INFO - --- training epoch 159, loss 7.6085, mae 8.0913, rmse 11.7054, time elapsed(min) 0.01---
2026-10-01 00:32:11,667 - INFO - --- validation at epoch 159, val_loss 7.4461, val_mae 7.6262, val_rmse 11.4932, val_r2 0.8207, val_pearson 0.9069, lr 3.00e-04 ---
2026-10-01 00:32:11,667 - INFO - 
****************************************************************************************************
2026-10-01 00:32:12,899 - INFO - --- training epoch 160, loss 7.5586, mae 8.0419, rmse 11.6143, time elapsed(min) 0.01---
2026-10-01 00:32:13,062 - INFO - --- validation at epoch 160, val_loss 7.2212, val_mae 7.4690, val_rmse 11.2357, val_r2 0.8287, val_pearson 0.9113, lr 3.00e-04 ---
2026-10-01 00:32:13,062 - INFO - 
****************************************************************************************************
2026-10-01 00:32:14,125 - INFO - --- training epoch 161, loss 7.8841, mae 8.3646, rmse 11.9535, time elapsed(min) 0.01---
2026-10-01 00:32:14,292 - INFO - --- validation at epoch 161, val_loss 7.5967, val_mae 8.0483, val_rmse 11.5830, val_r2 0.8179, val_pearson 0.9060, lr 3.00e-04 ---
2026-10-01 00:32:14,292 - INFO - 
****************************************************************************************************
2026-10-01 00:32:15,350 - INFO - --- training epoch 162, loss 7.7012, mae 8.1823, rmse 11.7340, time elapsed(min) 0.01---
2026-10-01 00:32:15,516 - INFO - --- validation at epoch 162, val_loss 7.2446, val_mae 7.7912, val_rmse 11.6118, val_r2 0.8170, val_pearson 0.9042, lr 3.00e-04 ---
2026-10-01 00:32:15,516 - INFO - 
****************************************************************************************************
2026-10-01 00:32:16,778 - INFO - --- training epoch 163, loss 7.5114, mae 7.9946, rmse 11.5656, time elapsed(min) 0.01---
2026-10-01 00:32:16,940 - INFO - --- validation at epoch 163, val_loss 7.1773, val_mae 7.6032, val_rmse 11.0849, val_r2 0.8332, val_pearson 0.9134, lr 3.00e-04 ---
2026-10-01 00:32:16,940 - INFO - 
****************************************************************************************************
2026-10-01 00:32:18,238 - INFO - --- training epoch 164, loss 7.4998, mae 7.9806, rmse 11.4756, time elapsed(min) 0.02---
2026-10-01 00:32:18,403 - INFO - --- validation at epoch 164, val_loss 7.1913, val_mae 7.4992, val_rmse 11.1435, val_r2 0.8315, val_pearson 0.9134, lr 3.00e-04 ---
2026-10-01 00:32:18,403 - INFO - 
****************************************************************************************************
2026-10-01 00:32:19,858 - INFO - --- training epoch 165, loss 7.5433, mae 8.0251, rmse 11.7423, time elapsed(min) 0.02---
2026-10-01 00:32:20,024 - INFO - --- validation at epoch 165, val_loss 6.8665, val_mae 7.3659, val_rmse 10.9447, val_r2 0.8374, val_pearson 0.9154, lr 3.00e-04 ---
2026-10-01 00:32:20,024 - INFO - 
****************************************************************************************************
2026-10-01 00:32:21,170 - INFO - --- training epoch 166, loss 7.5587, mae 8.0380, rmse 11.6356, time elapsed(min) 0.01---
2026-10-01 00:32:21,345 - INFO - --- validation at epoch 166, val_loss 7.1785, val_mae 7.2578, val_rmse 10.9907, val_r2 0.8360, val_pearson 0.9166, lr 3.00e-04 ---
2026-10-01 00:32:21,346 - INFO - 
****************************************************************************************************
2026-10-01 00:32:22,558 - INFO - --- training epoch 167, loss 7.5575, mae 8.0380, rmse 11.7010, time elapsed(min) 0.01---
2026-10-01 00:32:22,725 - INFO - --- validation at epoch 167, val_loss 8.3155, val_mae 8.0048, val_rmse 11.9756, val_r2 0.8053, val_pearson 0.9002, lr 3.00e-04 ---
2026-10-01 00:32:22,725 - INFO - 
****************************************************************************************************
2026-10-01 00:32:23,978 - INFO - --- training epoch 168, loss 7.5387, mae 8.0186, rmse 11.5834, time elapsed(min) 0.01---
2026-10-01 00:32:24,144 - INFO - --- validation at epoch 168, val_loss 7.1949, val_mae 7.5664, val_rmse 11.4366, val_r2 0.8225, val_pearson 0.9105, lr 3.00e-04 ---
2026-10-01 00:32:24,145 - INFO - 
****************************************************************************************************
2026-10-01 00:32:25,427 - INFO - --- training epoch 169, loss 7.1512, mae 7.6313, rmse 11.1001, time elapsed(min) 0.01---
2026-10-01 00:32:25,579 - INFO - --- validation at epoch 169, val_loss 8.0079, val_mae 8.0119, val_rmse 11.8522, val_r2 0.8093, val_pearson 0.9037, lr 3.00e-04 ---
2026-10-01 00:32:25,580 - INFO - 
****************************************************************************************************
2026-10-01 00:32:27,054 - INFO - --- training epoch 170, loss 7.5093, mae 7.9895, rmse 11.5572, time elapsed(min) 0.02---
2026-10-01 00:32:27,231 - INFO - --- validation at epoch 170, val_loss 7.1589, val_mae 7.4201, val_rmse 11.3015, val_r2 0.8266, val_pearson 0.9122, lr 3.00e-04 ---
2026-10-01 00:32:27,231 - INFO - 
****************************************************************************************************
2026-10-01 00:32:28,288 - INFO - --- training epoch 171, loss 7.4989, mae 7.9759, rmse 11.5460, time elapsed(min) 0.01---
2026-10-01 00:32:28,443 - INFO - --- validation at epoch 171, val_loss 7.7664, val_mae 8.0947, val_rmse 11.6790, val_r2 0.8149, val_pearson 0.9076, lr 3.00e-04 ---
2026-10-01 00:32:28,443 - INFO - 
****************************************************************************************************
2026-10-01 00:32:29,692 - INFO - --- training epoch 172, loss 7.6659, mae 8.1462, rmse 11.6321, time elapsed(min) 0.01---
2026-10-01 00:32:29,855 - INFO - --- validation at epoch 172, val_loss 6.8997, val_mae 7.5543, val_rmse 11.1894, val_r2 0.8301, val_pearson 0.9189, lr 3.00e-04 ---
2026-10-01 00:32:29,855 - INFO - 
****************************************************************************************************
2026-10-01 00:32:31,236 - INFO - --- training epoch 173, loss 7.1959, mae 7.6754, rmse 11.0970, time elapsed(min) 0.02---
2026-10-01 00:32:31,403 - INFO - --- validation at epoch 173, val_loss 7.1300, val_mae 7.7542, val_rmse 11.1939, val_r2 0.8299, val_pearson 0.9221, lr 3.00e-04 ---
2026-10-01 00:32:31,403 - INFO - 
****************************************************************************************************
2026-10-01 00:32:32,688 - INFO - --- training epoch 174, loss 7.1823, mae 7.6580, rmse 11.2937, time elapsed(min) 0.01---
2026-10-01 00:32:32,857 - INFO - --- validation at epoch 174, val_loss 7.3183, val_mae 8.2044, val_rmse 12.2097, val_r2 0.7977, val_pearson 0.9159, lr 3.00e-04 ---
2026-10-01 00:32:32,857 - INFO - 
****************************************************************************************************
2026-10-01 00:32:34,274 - INFO - --- training epoch 175, loss 7.3248, mae 7.8054, rmse 11.4227, time elapsed(min) 0.02---
2026-10-01 00:32:34,430 - INFO - --- validation at epoch 175, val_loss 6.9932, val_mae 7.7052, val_rmse 11.6431, val_r2 0.8160, val_pearson 0.9115, lr 3.00e-04 ---
2026-10-01 00:32:34,430 - INFO - 
****************************************************************************************************
2026-10-01 00:32:35,518 - INFO - --- training epoch 176, loss 7.3264, mae 7.8044, rmse 11.4654, time elapsed(min) 0.01---
2026-10-01 00:32:35,691 - INFO - --- validation at epoch 176, val_loss 7.5189, val_mae 8.4274, val_rmse 12.4687, val_r2 0.7890, val_pearson 0.9165, lr 3.00e-04 ---
2026-10-01 00:32:35,691 - INFO - 
****************************************************************************************************
2026-10-01 00:32:36,765 - INFO - --- training epoch 177, loss 7.0503, mae 7.5296, rmse 11.1200, time elapsed(min) 0.01---
2026-10-01 00:32:36,947 - INFO - --- validation at epoch 177, val_loss 6.5936, val_mae 7.1313, val_rmse 10.6573, val_r2 0.8458, val_pearson 0.9234, lr 9.00e-05 ---
2026-10-01 00:32:36,947 - INFO - 
****************************************************************************************************
2026-10-01 00:32:38,300 - INFO - --- training epoch 178, loss 6.7893, mae 7.2687, rmse 10.6357, time elapsed(min) 0.01---
2026-10-01 00:32:38,466 - INFO - --- validation at epoch 178, val_loss 6.6302, val_mae 7.1210, val_rmse 10.6440, val_r2 0.8462, val_pearson 0.9212, lr 9.00e-05 ---
2026-10-01 00:32:38,466 - INFO - 
****************************************************************************************************
2026-10-01 00:32:39,755 - INFO - --- training epoch 179, loss 6.9168, mae 7.3920, rmse 10.9137, time elapsed(min) 0.01---
2026-10-01 00:32:39,904 - INFO - --- validation at epoch 179, val_loss 6.5153, val_mae 6.8998, val_rmse 10.5952, val_r2 0.8476, val_pearson 0.9214, lr 9.00e-05 ---
2026-10-01 00:32:39,904 - INFO - 
****************************************************************************************************
2026-10-01 00:32:41,468 - INFO - --- training epoch 180, loss 6.6008, mae 7.0766, rmse 10.5236, time elapsed(min) 0.02---
2026-10-01 00:32:41,633 - INFO - --- validation at epoch 180, val_loss 6.4572, val_mae 6.9275, val_rmse 10.5584, val_r2 0.8487, val_pearson 0.9224, lr 9.00e-05 ---
2026-10-01 00:32:41,633 - INFO - 
****************************************************************************************************
2026-10-01 00:32:42,790 - INFO - --- training epoch 181, loss 6.8528, mae 7.3281, rmse 10.8192, time elapsed(min) 0.01---
2026-10-01 00:32:42,956 - INFO - --- validation at epoch 181, val_loss 6.6727, val_mae 7.0591, val_rmse 10.7512, val_r2 0.8431, val_pearson 0.9190, lr 9.00e-05 ---
2026-10-01 00:32:42,956 - INFO - 
****************************************************************************************************
2026-10-01 00:32:44,022 - INFO - --- training epoch 182, loss 6.9331, mae 7.4127, rmse 10.8055, time elapsed(min) 0.01---
2026-10-01 00:32:44,198 - INFO - --- validation at epoch 182, val_loss 6.5108, val_mae 6.9261, val_rmse 10.6478, val_r2 0.8461, val_pearson 0.9206, lr 9.00e-05 ---
2026-10-01 00:32:44,198 - INFO - 
****************************************************************************************************
2026-10-01 00:32:45,577 - INFO - --- training epoch 183, loss 6.8058, mae 7.2822, rmse 10.7929, time elapsed(min) 0.02---
2026-10-01 00:32:45,748 - INFO - --- validation at epoch 183, val_loss 6.5750, val_mae 6.9945, val_rmse 10.6715, val_r2 0.8454, val_pearson 0.9213, lr 9.00e-05 ---
2026-10-01 00:32:45,749 - INFO - 
****************************************************************************************************
2026-10-01 00:32:47,161 - INFO - --- training epoch 184, loss 6.7067, mae 7.1810, rmse 10.6174, time elapsed(min) 0.02---
2026-10-01 00:32:47,328 - INFO - --- validation at epoch 184, val_loss 6.4759, val_mae 6.9009, val_rmse 10.6232, val_r2 0.8468, val_pearson 0.9216, lr 9.00e-05 ---
2026-10-01 00:32:47,328 - INFO - 
****************************************************************************************************
2026-10-01 00:32:48,755 - INFO - --- training epoch 185, loss 6.6903, mae 7.1661, rmse 10.6623, time elapsed(min) 0.02---
2026-10-01 00:32:48,930 - INFO - --- validation at epoch 185, val_loss 6.3213, val_mae 6.8023, val_rmse 10.5999, val_r2 0.8475, val_pearson 0.9223, lr 9.00e-05 ---
2026-10-01 00:32:48,930 - INFO - 
****************************************************************************************************
2026-10-01 00:32:50,093 - INFO - --- training epoch 186, loss 6.6247, mae 7.0978, rmse 10.5758, time elapsed(min) 0.01---
2026-10-01 00:32:50,274 - INFO - --- validation at epoch 186, val_loss 6.4444, val_mae 6.9167, val_rmse 10.5898, val_r2 0.8478, val_pearson 0.9216, lr 9.00e-05 ---
2026-10-01 00:32:50,274 - INFO - 
****************************************************************************************************
2026-10-01 00:32:51,509 - INFO - --- training epoch 187, loss 6.6336, mae 7.1105, rmse 10.6115, time elapsed(min) 0.01---
2026-10-01 00:32:51,682 - INFO - --- validation at epoch 187, val_loss 6.4589, val_mae 6.8910, val_rmse 10.4882, val_r2 0.8507, val_pearson 0.9242, lr 9.00e-05 ---
2026-10-01 00:32:51,682 - INFO - 
****************************************************************************************************
2026-10-01 00:32:52,952 - INFO - --- training epoch 188, loss 6.6565, mae 7.1360, rmse 10.6191, time elapsed(min) 0.01---
2026-10-01 00:32:53,118 - INFO - --- validation at epoch 188, val_loss 6.3674, val_mae 6.8830, val_rmse 10.5253, val_r2 0.8496, val_pearson 0.9226, lr 9.00e-05 ---
2026-10-01 00:32:53,118 - INFO - 
****************************************************************************************************
2026-10-01 00:32:54,389 - INFO - --- training epoch 189, loss 6.7137, mae 7.1904, rmse 10.5875, time elapsed(min) 0.01---
2026-10-01 00:32:54,564 - INFO - --- validation at epoch 189, val_loss 6.2086, val_mae 6.7930, val_rmse 10.5239, val_r2 0.8497, val_pearson 0.9230, lr 9.00e-05 ---
2026-10-01 00:32:54,564 - INFO - 
****************************************************************************************************
2026-10-01 00:32:56,093 - INFO - --- training epoch 190, loss 6.5222, mae 6.9974, rmse 10.5093, time elapsed(min) 0.02---
2026-10-01 00:32:56,271 - INFO - --- validation at epoch 190, val_loss 6.3037, val_mae 6.8278, val_rmse 10.4498, val_r2 0.8518, val_pearson 0.9246, lr 9.00e-05 ---
2026-10-01 00:32:56,271 - INFO - 
****************************************************************************************************
2026-10-01 00:32:57,334 - INFO - --- training epoch 191, loss 6.5236, mae 6.9987, rmse 10.4504, time elapsed(min) 0.01---
2026-10-01 00:32:57,500 - INFO - --- validation at epoch 191, val_loss 6.3546, val_mae 6.8955, val_rmse 10.4405, val_r2 0.8521, val_pearson 0.9250, lr 9.00e-05 ---
2026-10-01 00:32:57,500 - INFO - 
****************************************************************************************************
2026-10-01 00:32:58,579 - INFO - --- training epoch 192, loss 6.6627, mae 7.1400, rmse 10.5632, time elapsed(min) 0.01---
2026-10-01 00:32:58,749 - INFO - --- validation at epoch 192, val_loss 6.4587, val_mae 6.9780, val_rmse 10.6215, val_r2 0.8469, val_pearson 0.9209, lr 9.00e-05 ---
2026-10-01 00:32:58,749 - INFO - 
****************************************************************************************************
2026-10-01 00:32:59,960 - INFO - --- training epoch 193, loss 6.5377, mae 7.0132, rmse 10.4457, time elapsed(min) 0.01---
2026-10-01 00:33:00,125 - INFO - --- validation at epoch 193, val_loss 6.1146, val_mae 6.7481, val_rmse 10.4090, val_r2 0.8529, val_pearson 0.9248, lr 9.00e-05 ---
2026-10-01 00:33:00,125 - INFO - 
****************************************************************************************************
2026-10-01 00:33:01,477 - INFO - --- training epoch 194, loss 6.5207, mae 6.9976, rmse 10.4712, time elapsed(min) 0.01---
2026-10-01 00:33:01,637 - INFO - --- validation at epoch 194, val_loss 6.3998, val_mae 6.9458, val_rmse 10.5345, val_r2 0.8494, val_pearson 0.9217, lr 9.00e-05 ---
2026-10-01 00:33:01,637 - INFO - 
****************************************************************************************************
2026-10-01 00:33:02,959 - INFO - --- training epoch 195, loss 6.6011, mae 7.0746, rmse 10.6789, time elapsed(min) 0.02---
2026-10-01 00:33:03,345 - INFO - --- validation at epoch 195, val_loss 6.1235, val_mae 6.8499, val_rmse 10.5089, val_r2 0.8501, val_pearson 0.9261, lr 9.00e-05 ---
2026-10-01 00:33:03,345 - INFO - 
****************************************************************************************************
2026-10-01 00:33:04,591 - INFO - --- training epoch 196, loss 6.5888, mae 7.0650, rmse 10.5369, time elapsed(min) 0.01---
2026-10-01 00:33:04,747 - INFO - --- validation at epoch 196, val_loss 6.1409, val_mae 6.7234, val_rmse 10.5199, val_r2 0.8498, val_pearson 0.9249, lr 9.00e-05 ---
2026-10-01 00:33:04,747 - INFO - 
****************************************************************************************************
2026-10-01 00:33:05,809 - INFO - --- training epoch 197, loss 6.4712, mae 6.9426, rmse 10.3727, time elapsed(min) 0.01---
2026-10-01 00:33:05,975 - INFO - --- validation at epoch 197, val_loss 6.1432, val_mae 6.7568, val_rmse 10.4215, val_r2 0.8526, val_pearson 0.9264, lr 9.00e-05 ---
2026-10-01 00:33:05,975 - INFO - 
****************************************************************************************************
2026-10-01 00:33:07,262 - INFO - --- training epoch 198, loss 6.3815, mae 6.8554, rmse 10.3208, time elapsed(min) 0.01---
2026-10-01 00:33:07,423 - INFO - --- validation at epoch 198, val_loss 6.2156, val_mae 6.7615, val_rmse 10.4109, val_r2 0.8529, val_pearson 0.9242, lr 9.00e-05 ---
2026-10-01 00:33:07,423 - INFO - 
****************************************************************************************************
2026-10-01 00:33:08,843 - INFO - --- training epoch 199, loss 6.5614, mae 7.0371, rmse 10.3786, time elapsed(min) 0.02---
2026-10-01 00:33:09,024 - INFO - --- validation at epoch 199, val_loss 6.3602, val_mae 6.8276, val_rmse 10.4606, val_r2 0.8515, val_pearson 0.9236, lr 9.00e-05 ---
2026-10-01 00:33:09,025 - INFO - 
****************************************************************************************************
2026-10-01 00:33:10,350 - INFO - --- training epoch 200, loss 6.4234, mae 6.8994, rmse 10.3011, time elapsed(min) 0.02---
2026-10-01 00:33:10,732 - INFO - --- validation at epoch 200, val_loss 6.1665, val_mae 6.6874, val_rmse 10.3198, val_r2 0.8555, val_pearson 0.9253, lr 9.00e-05 ---
2026-10-01 00:33:10,732 - INFO - 
****************************************************************************************************
2026-10-01 00:33:11,939 - INFO - --- training epoch 201, loss 6.3878, mae 6.8614, rmse 10.2841, time elapsed(min) 0.01---
2026-10-01 00:33:12,114 - INFO - --- validation at epoch 201, val_loss 6.1035, val_mae 6.6510, val_rmse 10.2677, val_r2 0.8569, val_pearson 0.9273, lr 9.00e-05 ---
2026-10-01 00:33:12,115 - INFO - 
****************************************************************************************************
2026-10-01 00:33:13,250 - INFO - --- training epoch 202, loss 6.5341, mae 7.0086, rmse 10.5199, time elapsed(min) 0.01---
2026-10-01 00:33:13,418 - INFO - --- validation at epoch 202, val_loss 6.1415, val_mae 6.7077, val_rmse 10.3320, val_r2 0.8551, val_pearson 0.9254, lr 9.00e-05 ---
2026-10-01 00:33:13,418 - INFO - 
****************************************************************************************************
2026-10-01 00:33:14,684 - INFO - --- training epoch 203, loss 6.5213, mae 6.9980, rmse 10.3823, time elapsed(min) 0.01---
2026-10-01 00:33:14,849 - INFO - --- validation at epoch 203, val_loss 6.1661, val_mae 6.7035, val_rmse 10.3448, val_r2 0.8548, val_pearson 0.9257, lr 9.00e-05 ---
2026-10-01 00:33:14,850 - INFO - 
****************************************************************************************************
2026-10-01 00:33:16,123 - INFO - --- training epoch 204, loss 6.3373, mae 6.8149, rmse 10.1413, time elapsed(min) 0.01---
2026-10-01 00:33:16,293 - INFO - --- validation at epoch 204, val_loss 6.1234, val_mae 6.6141, val_rmse 10.2388, val_r2 0.8577, val_pearson 0.9263, lr 9.00e-05 ---
2026-10-01 00:33:16,293 - INFO - 
****************************************************************************************************
2026-10-01 00:33:17,624 - INFO - --- training epoch 205, loss 6.4404, mae 6.9152, rmse 10.3424, time elapsed(min) 0.02---
2026-10-01 00:33:18,008 - INFO - --- validation at epoch 205, val_loss 6.2190, val_mae 6.7535, val_rmse 10.4148, val_r2 0.8528, val_pearson 0.9246, lr 9.00e-05 ---
2026-10-01 00:33:18,008 - INFO - 
****************************************************************************************************
2026-10-01 00:33:19,248 - INFO - --- training epoch 206, loss 6.5576, mae 7.0337, rmse 10.3457, time elapsed(min) 0.01---
2026-10-01 00:33:19,427 - INFO - --- validation at epoch 206, val_loss 6.2551, val_mae 6.7299, val_rmse 10.3112, val_r2 0.8557, val_pearson 0.9252, lr 9.00e-05 ---
2026-10-01 00:33:19,427 - INFO - 
****************************************************************************************************
2026-10-01 00:33:20,483 - INFO - --- training epoch 207, loss 6.3378, mae 6.8115, rmse 10.2259, time elapsed(min) 0.01---
2026-10-01 00:33:20,657 - INFO - --- validation at epoch 207, val_loss 6.1204, val_mae 6.8091, val_rmse 10.3320, val_r2 0.8551, val_pearson 0.9268, lr 9.00e-05 ---
2026-10-01 00:33:20,657 - INFO - 
****************************************************************************************************
2026-10-01 00:33:21,864 - INFO - --- training epoch 208, loss 6.3094, mae 6.7839, rmse 10.1255, time elapsed(min) 0.01---
2026-10-01 00:33:22,031 - INFO - --- validation at epoch 208, val_loss 6.0279, val_mae 6.6279, val_rmse 10.1870, val_r2 0.8591, val_pearson 0.9272, lr 9.00e-05 ---
2026-10-01 00:33:22,031 - INFO - 
****************************************************************************************************
2026-10-01 00:33:23,521 - INFO - --- training epoch 209, loss 6.3540, mae 6.8272, rmse 10.1640, time elapsed(min) 0.02---
2026-10-01 00:33:23,687 - INFO - --- validation at epoch 209, val_loss 6.1523, val_mae 6.6757, val_rmse 10.2325, val_r2 0.8579, val_pearson 0.9266, lr 9.00e-05 ---
2026-10-01 00:33:23,687 - INFO - 
****************************************************************************************************
2026-10-01 00:33:24,991 - INFO - --- training epoch 210, loss 6.3575, mae 6.8296, rmse 10.3103, time elapsed(min) 0.02---
2026-10-01 00:33:25,161 - INFO - --- validation at epoch 210, val_loss 6.0497, val_mae 6.6255, val_rmse 10.3288, val_r2 0.8552, val_pearson 0.9262, lr 9.00e-05 ---
2026-10-01 00:33:25,161 - INFO - 
****************************************************************************************************
2026-10-01 00:33:26,385 - INFO - --- training epoch 211, loss 6.5634, mae 7.0404, rmse 10.4339, time elapsed(min) 0.01---
2026-10-01 00:33:26,556 - INFO - --- validation at epoch 211, val_loss 6.1221, val_mae 6.7439, val_rmse 10.3893, val_r2 0.8535, val_pearson 0.9244, lr 9.00e-05 ---
2026-10-01 00:33:26,556 - INFO - 
****************************************************************************************************
2026-10-01 00:33:27,609 - INFO - --- training epoch 212, loss 6.3626, mae 6.8378, rmse 10.2277, time elapsed(min) 0.01---
2026-10-01 00:33:27,778 - INFO - --- validation at epoch 212, val_loss 6.0489, val_mae 6.6363, val_rmse 10.2971, val_r2 0.8561, val_pearson 0.9255, lr 9.00e-05 ---
2026-10-01 00:33:27,778 - INFO - 
****************************************************************************************************
2026-10-01 00:33:28,839 - INFO - --- training epoch 213, loss 6.2969, mae 6.7719, rmse 10.1651, time elapsed(min) 0.01---
2026-10-01 00:33:29,015 - INFO - --- validation at epoch 213, val_loss 6.1657, val_mae 6.6062, val_rmse 10.2952, val_r2 0.8561, val_pearson 0.9260, lr 9.00e-05 ---
2026-10-01 00:33:29,015 - INFO - 
****************************************************************************************************
2026-10-01 00:33:30,285 - INFO - --- training epoch 214, loss 6.2862, mae 6.7587, rmse 10.1666, time elapsed(min) 0.01---
2026-10-01 00:33:30,456 - INFO - --- validation at epoch 214, val_loss 6.0382, val_mae 6.7013, val_rmse 10.1508, val_r2 0.8601, val_pearson 0.9292, lr 9.00e-05 ---
2026-10-01 00:33:30,456 - INFO - 
****************************************************************************************************
2026-10-01 00:33:31,715 - INFO - --- training epoch 215, loss 6.3262, mae 6.8007, rmse 10.3555, time elapsed(min) 0.01---
2026-10-01 00:33:31,872 - INFO - --- validation at epoch 215, val_loss 6.2685, val_mae 6.7431, val_rmse 10.3260, val_r2 0.8553, val_pearson 0.9260, lr 9.00e-05 ---
2026-10-01 00:33:31,872 - INFO - 
****************************************************************************************************
2026-10-01 00:33:33,378 - INFO - --- training epoch 216, loss 6.3938, mae 6.8697, rmse 10.2060, time elapsed(min) 0.02---
2026-10-01 00:33:33,548 - INFO - --- validation at epoch 216, val_loss 5.9077, val_mae 6.4446, val_rmse 9.8302, val_r2 0.8688, val_pearson 0.9322, lr 9.00e-05 ---
2026-10-01 00:33:33,548 - INFO - 
****************************************************************************************************
2026-10-01 00:33:34,729 - INFO - --- training epoch 217, loss 6.2086, mae 6.6778, rmse 10.1181, time elapsed(min) 0.01---
2026-10-01 00:33:34,896 - INFO - --- validation at epoch 217, val_loss 5.8648, val_mae 6.4995, val_rmse 10.1055, val_r2 0.8614, val_pearson 0.9308, lr 9.00e-05 ---
2026-10-01 00:33:34,896 - INFO - 
****************************************************************************************************
2026-10-01 00:33:36,060 - INFO - --- training epoch 218, loss 6.2097, mae 6.6820, rmse 10.0370, time elapsed(min) 0.01---
2026-10-01 00:33:36,239 - INFO - --- validation at epoch 218, val_loss 5.9901, val_mae 6.5793, val_rmse 10.0693, val_r2 0.8624, val_pearson 0.9299, lr 9.00e-05 ---
2026-10-01 00:33:36,239 - INFO - 
****************************************************************************************************
2026-10-01 00:33:37,520 - INFO - --- training epoch 219, loss 6.2497, mae 6.7263, rmse 10.0709, time elapsed(min) 0.01---
2026-10-01 00:33:37,696 - INFO - --- validation at epoch 219, val_loss 6.0532, val_mae 6.6130, val_rmse 10.1736, val_r2 0.8595, val_pearson 0.9275, lr 9.00e-05 ---
2026-10-01 00:33:37,696 - INFO - 
****************************************************************************************************
2026-10-01 00:33:38,972 - INFO - --- training epoch 220, loss 6.3626, mae 6.8381, rmse 10.1548, time elapsed(min) 0.01---
2026-10-01 00:33:39,155 - INFO - --- validation at epoch 220, val_loss 5.9079, val_mae 6.5477, val_rmse 10.1418, val_r2 0.8604, val_pearson 0.9278, lr 9.00e-05 ---
2026-10-01 00:33:39,155 - INFO - 
****************************************************************************************************
2026-10-01 00:33:40,395 - INFO - --- training epoch 221, loss 6.2714, mae 6.7460, rmse 10.2368, time elapsed(min) 0.01---
2026-10-01 00:33:40,572 - INFO - --- validation at epoch 221, val_loss 5.9790, val_mae 6.4893, val_rmse 10.1084, val_r2 0.8613, val_pearson 0.9284, lr 9.00e-05 ---
2026-10-01 00:33:40,572 - INFO - 
****************************************************************************************************
2026-10-01 00:33:41,632 - INFO - --- training epoch 222, loss 6.4067, mae 6.8808, rmse 10.2522, time elapsed(min) 0.01---
2026-10-01 00:33:41,792 - INFO - --- validation at epoch 222, val_loss 6.1276, val_mae 6.5835, val_rmse 10.1295, val_r2 0.8607, val_pearson 0.9279, lr 9.00e-05 ---
2026-10-01 00:33:41,792 - INFO - 
****************************************************************************************************
2026-10-01 00:33:43,083 - INFO - --- training epoch 223, loss 6.2677, mae 6.7432, rmse 10.1029, time elapsed(min) 0.01---
2026-10-01 00:33:43,253 - INFO - --- validation at epoch 223, val_loss 6.0416, val_mae 6.5364, val_rmse 10.1885, val_r2 0.8591, val_pearson 0.9272, lr 9.00e-05 ---
2026-10-01 00:33:43,253 - INFO - 
****************************************************************************************************
2026-10-01 00:33:44,553 - INFO - --- training epoch 224, loss 6.2278, mae 6.7008, rmse 10.0976, time elapsed(min) 0.01---
2026-10-01 00:33:44,722 - INFO - --- validation at epoch 224, val_loss 5.9470, val_mae 6.4818, val_rmse 10.1049, val_r2 0.8614, val_pearson 0.9285, lr 9.00e-05 ---
2026-10-01 00:33:44,722 - INFO - 
****************************************************************************************************
2026-10-01 00:33:46,003 - INFO - --- training epoch 225, loss 6.2014, mae 6.6794, rmse 9.9119, time elapsed(min) 0.01---
2026-10-01 00:33:46,176 - INFO - --- validation at epoch 225, val_loss 6.0532, val_mae 6.5356, val_rmse 10.2602, val_r2 0.8571, val_pearson 0.9276, lr 9.00e-05 ---
2026-10-01 00:33:46,176 - INFO - 
****************************************************************************************************
2026-10-01 00:33:47,419 - INFO - --- training epoch 226, loss 6.3367, mae 6.8095, rmse 10.1994, time elapsed(min) 0.01---
2026-10-01 00:33:47,570 - INFO - --- validation at epoch 226, val_loss 5.9148, val_mae 6.5280, val_rmse 10.2181, val_r2 0.8583, val_pearson 0.9292, lr 9.00e-05 ---
2026-10-01 00:33:47,570 - INFO - 
****************************************************************************************************
2026-10-01 00:33:48,634 - INFO - --- training epoch 227, loss 6.2101, mae 6.6837, rmse 9.9684, time elapsed(min) 0.01---
2026-10-01 00:33:48,800 - INFO - --- validation at epoch 227, val_loss 5.8763, val_mae 6.3350, val_rmse 9.9279, val_r2 0.8662, val_pearson 0.9310, lr 9.00e-05 ---
2026-10-01 00:33:48,800 - INFO - 
****************************************************************************************************
2026-10-01 00:33:49,867 - INFO - --- training epoch 228, loss 6.1948, mae 6.6653, rmse 9.9895, time elapsed(min) 0.01---
2026-10-01 00:33:50,026 - INFO - --- validation at epoch 228, val_loss 6.0289, val_mae 6.4245, val_rmse 9.8883, val_r2 0.8673, val_pearson 0.9324, lr 9.00e-05 ---
2026-10-01 00:33:50,027 - INFO - 
****************************************************************************************************
2026-10-01 00:33:51,304 - INFO - --- training epoch 229, loss 6.0331, mae 6.5053, rmse 9.8073, time elapsed(min) 0.01---
2026-10-01 00:33:51,476 - INFO - --- validation at epoch 229, val_loss 5.9100, val_mae 6.3242, val_rmse 9.8318, val_r2 0.8688, val_pearson 0.9326, lr 2.70e-05 ---
2026-10-01 00:33:51,477 - INFO - 
****************************************************************************************************
2026-10-01 00:33:52,778 - INFO - --- training epoch 230, loss 6.0114, mae 6.4833, rmse 9.7716, time elapsed(min) 0.02---
2026-10-01 00:33:52,947 - INFO - --- validation at epoch 230, val_loss 5.8737, val_mae 6.4102, val_rmse 9.9789, val_r2 0.8648, val_pearson 0.9324, lr 2.70e-05 ---
2026-10-01 00:33:52,948 - INFO - 
****************************************************************************************************
2026-10-01 00:33:54,405 - INFO - --- training epoch 231, loss 5.9639, mae 6.4337, rmse 9.6849, time elapsed(min) 0.02---
2026-10-01 00:33:54,570 - INFO - --- validation at epoch 231, val_loss 5.8578, val_mae 6.4527, val_rmse 10.1008, val_r2 0.8615, val_pearson 0.9316, lr 2.70e-05 ---
2026-10-01 00:33:54,571 - INFO - 
****************************************************************************************************
2026-10-01 00:33:55,711 - INFO - --- training epoch 232, loss 6.0243, mae 6.4953, rmse 9.8070, time elapsed(min) 0.01---
2026-10-01 00:33:55,890 - INFO - --- validation at epoch 232, val_loss 5.8843, val_mae 6.3254, val_rmse 9.8640, val_r2 0.8679, val_pearson 0.9322, lr 2.70e-05 ---
2026-10-01 00:33:55,890 - INFO - 
****************************************************************************************************
2026-10-01 00:33:57,085 - INFO - --- training epoch 233, loss 6.0157, mae 6.4862, rmse 9.8153, time elapsed(min) 0.01---
2026-10-01 00:33:57,252 - INFO - --- validation at epoch 233, val_loss 5.8046, val_mae 6.3809, val_rmse 10.0471, val_r2 0.8630, val_pearson 0.9316, lr 2.70e-05 ---
2026-10-01 00:33:57,252 - INFO - 
****************************************************************************************************
2026-10-01 00:33:58,591 - INFO - --- training epoch 234, loss 5.9525, mae 6.4215, rmse 9.8659, time elapsed(min) 0.01---
2026-10-01 00:33:58,752 - INFO - --- validation at epoch 234, val_loss 5.8052, val_mae 6.3546, val_rmse 9.9912, val_r2 0.8645, val_pearson 0.9317, lr 2.70e-05 ---
2026-10-01 00:33:58,752 - INFO - 
****************************************************************************************************
2026-10-01 00:34:00,147 - INFO - --- training epoch 235, loss 6.2050, mae 6.6750, rmse 10.2608, time elapsed(min) 0.02---
2026-10-01 00:34:00,309 - INFO - --- validation at epoch 235, val_loss 5.7187, val_mae 6.2720, val_rmse 9.9126, val_r2 0.8666, val_pearson 0.9322, lr 2.70e-05 ---
2026-10-01 00:34:00,310 - INFO - 
****************************************************************************************************
2026-10-01 00:34:01,831 - INFO - --- training epoch 236, loss 6.0393, mae 6.5119, rmse 9.7838, time elapsed(min) 0.02---
2026-10-01 00:34:01,999 - INFO - --- validation at epoch 236, val_loss 5.7551, val_mae 6.3326, val_rmse 9.9305, val_r2 0.8662, val_pearson 0.9321, lr 2.70e-05 ---
2026-10-01 00:34:01,999 - INFO - 
****************************************************************************************************
2026-10-01 00:34:03,053 - INFO - --- training epoch 237, loss 6.2313, mae 6.7066, rmse 10.1064, time elapsed(min) 0.01---
2026-10-01 00:34:03,229 - INFO - --- validation at epoch 237, val_loss 5.7855, val_mae 6.3240, val_rmse 9.8605, val_r2 0.8680, val_pearson 0.9328, lr 2.70e-05 ---
2026-10-01 00:34:03,229 - INFO - 
****************************************************************************************************
2026-10-01 00:34:04,284 - INFO - --- training epoch 238, loss 5.9608, mae 6.4338, rmse 9.8109, time elapsed(min) 0.01---
2026-10-01 00:34:04,450 - INFO - --- validation at epoch 238, val_loss 5.6962, val_mae 6.2900, val_rmse 9.8697, val_r2 0.8678, val_pearson 0.9331, lr 2.70e-05 ---
2026-10-01 00:34:04,450 - INFO - 
****************************************************************************************************
2026-10-01 00:34:05,926 - INFO - --- training epoch 239, loss 5.9916, mae 6.4635, rmse 9.8078, time elapsed(min) 0.02---
2026-10-01 00:34:06,089 - INFO - --- validation at epoch 239, val_loss 5.7212, val_mae 6.2510, val_rmse 9.8039, val_r2 0.8695, val_pearson 0.9335, lr 2.70e-05 ---
2026-10-01 00:34:06,089 - INFO - 
****************************************************************************************************
2026-10-01 00:34:07,474 - INFO - --- training epoch 240, loss 5.9770, mae 6.4478, rmse 9.9198, time elapsed(min) 0.02---
2026-10-01 00:34:07,638 - INFO - --- validation at epoch 240, val_loss 5.7564, val_mae 6.2766, val_rmse 9.8384, val_r2 0.8686, val_pearson 0.9331, lr 2.70e-05 ---
2026-10-01 00:34:07,638 - INFO - 
****************************************************************************************************
2026-10-01 00:34:09,066 - INFO - --- training epoch 241, loss 6.0559, mae 6.5276, rmse 9.8551, time elapsed(min) 0.02---
2026-10-01 00:34:09,235 - INFO - --- validation at epoch 241, val_loss 5.7124, val_mae 6.3421, val_rmse 9.9391, val_r2 0.8659, val_pearson 0.9322, lr 2.70e-05 ---
2026-10-01 00:34:09,235 - INFO - 
****************************************************************************************************
2026-10-01 00:34:10,288 - INFO - --- training epoch 242, loss 5.8303, mae 6.3020, rmse 9.5581, time elapsed(min) 0.01---
2026-10-01 00:34:10,452 - INFO - --- validation at epoch 242, val_loss 5.7079, val_mae 6.2881, val_rmse 9.8347, val_r2 0.8687, val_pearson 0.9328, lr 2.70e-05 ---
2026-10-01 00:34:10,452 - INFO - 
****************************************************************************************************
2026-10-01 00:34:11,513 - INFO - --- training epoch 243, loss 6.0705, mae 6.5419, rmse 9.9022, time elapsed(min) 0.01---
2026-10-01 00:34:11,682 - INFO - --- validation at epoch 243, val_loss 5.6636, val_mae 6.2861, val_rmse 9.9160, val_r2 0.8665, val_pearson 0.9322, lr 2.70e-05 ---
2026-10-01 00:34:11,682 - INFO - 
****************************************************************************************************
2026-10-01 00:34:12,983 - INFO - --- training epoch 244, loss 5.9955, mae 6.4690, rmse 9.8572, time elapsed(min) 0.01---
2026-10-01 00:34:13,156 - INFO - --- validation at epoch 244, val_loss 5.7033, val_mae 6.3032, val_rmse 9.9045, val_r2 0.8669, val_pearson 0.9322, lr 2.70e-05 ---
2026-10-01 00:34:13,156 - INFO - 
****************************************************************************************************
2026-10-01 00:34:14,417 - INFO - --- training epoch 245, loss 6.0090, mae 6.4778, rmse 9.8784, time elapsed(min) 0.01---
2026-10-01 00:34:14,580 - INFO - --- validation at epoch 245, val_loss 5.6958, val_mae 6.3017, val_rmse 9.9080, val_r2 0.8668, val_pearson 0.9327, lr 2.70e-05 ---
2026-10-01 00:34:14,580 - INFO - 
****************************************************************************************************
2026-10-01 00:34:15,858 - INFO - --- training epoch 246, loss 5.9668, mae 6.4390, rmse 9.7984, time elapsed(min) 0.01---
2026-10-01 00:34:16,232 - INFO - --- validation at epoch 246, val_loss 5.7952, val_mae 6.3662, val_rmse 9.9621, val_r2 0.8653, val_pearson 0.9326, lr 2.70e-05 ---
2026-10-01 00:34:16,232 - INFO - 
****************************************************************************************************
2026-10-01 00:34:17,451 - INFO - --- training epoch 247, loss 6.0428, mae 6.5166, rmse 9.8447, time elapsed(min) 0.01---
2026-10-01 00:34:17,629 - INFO - --- validation at epoch 247, val_loss 5.7720, val_mae 6.3315, val_rmse 9.9315, val_r2 0.8661, val_pearson 0.9323, lr 2.70e-05 ---
2026-10-01 00:34:17,630 - INFO - 
****************************************************************************************************
2026-10-01 00:34:18,693 - INFO - --- training epoch 248, loss 6.0533, mae 6.5246, rmse 9.8911, time elapsed(min) 0.01---
2026-10-01 00:34:18,873 - INFO - --- validation at epoch 248, val_loss 5.7945, val_mae 6.3342, val_rmse 9.9180, val_r2 0.8665, val_pearson 0.9320, lr 2.70e-05 ---
2026-10-01 00:34:18,874 - INFO - 
****************************************************************************************************
2026-10-01 00:34:20,099 - INFO - --- training epoch 249, loss 6.0689, mae 6.5382, rmse 9.9666, time elapsed(min) 0.01---
2026-10-01 00:34:20,268 - INFO - --- validation at epoch 249, val_loss 5.7115, val_mae 6.3314, val_rmse 9.9579, val_r2 0.8654, val_pearson 0.9329, lr 2.70e-05 ---
2026-10-01 00:34:20,268 - INFO - 
****************************************************************************************************
2026-10-01 00:34:21,535 - INFO - --- training epoch 250, loss 5.9946, mae 6.4638, rmse 9.8011, time elapsed(min) 0.01---
2026-10-01 00:34:21,714 - INFO - --- validation at epoch 250, val_loss 5.7003, val_mae 6.2405, val_rmse 9.8389, val_r2 0.8686, val_pearson 0.9332, lr 2.70e-05 ---
2026-10-01 00:34:21,714 - INFO - 
****************************************************************************************************
2026-10-01 00:34:23,019 - INFO - --- training epoch 251, loss 6.0345, mae 6.5076, rmse 9.8198, time elapsed(min) 0.02---
2026-10-01 00:34:23,390 - INFO - --- validation at epoch 251, val_loss 5.7190, val_mae 6.2839, val_rmse 9.9087, val_r2 0.8667, val_pearson 0.9325, lr 2.70e-05 ---
2026-10-01 00:34:23,390 - INFO - 
****************************************************************************************************
2026-10-01 00:34:24,621 - INFO - --- training epoch 252, loss 6.0194, mae 6.4927, rmse 9.7627, time elapsed(min) 0.01---
2026-10-01 00:34:24,796 - INFO - --- validation at epoch 252, val_loss 5.7824, val_mae 6.2471, val_rmse 9.8617, val_r2 0.8680, val_pearson 0.9325, lr 2.70e-05 ---
2026-10-01 00:34:24,796 - INFO - 
****************************************************************************************************
2026-10-01 00:34:25,860 - INFO - --- training epoch 253, loss 5.9789, mae 6.4493, rmse 9.8428, time elapsed(min) 0.01---
2026-10-01 00:34:26,030 - INFO - --- validation at epoch 253, val_loss 5.7685, val_mae 6.3210, val_rmse 9.9315, val_r2 0.8661, val_pearson 0.9322, lr 2.70e-05 ---
2026-10-01 00:34:26,030 - INFO - 
****************************************************************************************************
2026-10-01 00:34:27,082 - INFO - --- training epoch 254, loss 5.9471, mae 6.4206, rmse 9.7974, time elapsed(min) 0.01---
2026-10-01 00:34:27,258 - INFO - --- validation at epoch 254, val_loss 5.7408, val_mae 6.2569, val_rmse 9.8130, val_r2 0.8693, val_pearson 0.9336, lr 2.70e-05 ---
2026-10-01 00:34:27,258 - INFO - 
****************************************************************************************************
2026-10-01 00:34:28,525 - INFO - --- training epoch 255, loss 5.9682, mae 6.4392, rmse 9.8564, time elapsed(min) 0.01---
2026-10-01 00:34:28,694 - INFO - --- validation at epoch 255, val_loss 5.7094, val_mae 6.2754, val_rmse 9.8335, val_r2 0.8688, val_pearson 0.9338, lr 8.10e-06 ---
2026-10-01 00:34:28,695 - INFO - 
****************************************************************************************************
2026-10-01 00:34:29,975 - INFO - --- training epoch 256, loss 5.9786, mae 6.4519, rmse 9.7791, time elapsed(min) 0.01---
2026-10-01 00:34:30,137 - INFO - --- validation at epoch 256, val_loss 5.7081, val_mae 6.2635, val_rmse 9.8342, val_r2 0.8687, val_pearson 0.9336, lr 8.10e-06 ---
2026-10-01 00:34:30,137 - INFO - 
****************************************************************************************************
2026-10-01 00:34:31,600 - INFO - --- training epoch 257, loss 6.2073, mae 6.6805, rmse 10.1168, time elapsed(min) 0.02---
2026-10-01 00:34:31,768 - INFO - --- validation at epoch 257, val_loss 5.7165, val_mae 6.2644, val_rmse 9.8382, val_r2 0.8686, val_pearson 0.9334, lr 8.10e-06 ---
2026-10-01 00:34:31,768 - INFO - 
****************************************************************************************************
2026-10-01 00:34:32,828 - INFO - --- training epoch 258, loss 5.9970, mae 6.4667, rmse 9.8097, time elapsed(min) 0.01---
2026-10-01 00:34:32,997 - INFO - --- validation at epoch 258, val_loss 5.7402, val_mae 6.2673, val_rmse 9.8433, val_r2 0.8685, val_pearson 0.9333, lr 8.10e-06 ---
2026-10-01 00:34:32,997 - INFO - 
****************************************************************************************************
2026-10-01 00:34:34,061 - INFO - --- training epoch 259, loss 5.9758, mae 6.4498, rmse 9.8187, time elapsed(min) 0.01---
2026-10-01 00:34:34,224 - INFO - --- validation at epoch 259, val_loss 5.7384, val_mae 6.2944, val_rmse 9.8861, val_r2 0.8673, val_pearson 0.9329, lr 8.10e-06 ---
2026-10-01 00:34:34,224 - INFO - 
****************************************************************************************************
2026-10-01 00:34:35,493 - INFO - --- training epoch 260, loss 5.9172, mae 6.3865, rmse 9.6783, time elapsed(min) 0.01---
2026-10-01 00:34:35,660 - INFO - --- validation at epoch 260, val_loss 5.7299, val_mae 6.2674, val_rmse 9.8397, val_r2 0.8686, val_pearson 0.9331, lr 8.10e-06 ---
2026-10-01 00:34:35,660 - INFO - 
****************************************************************************************************
2026-10-01 00:34:36,931 - INFO - --- training epoch 261, loss 6.0311, mae 6.5003, rmse 9.7823, time elapsed(min) 0.01---
2026-10-01 00:34:37,099 - INFO - --- validation at epoch 261, val_loss 5.7132, val_mae 6.2798, val_rmse 9.8669, val_r2 0.8679, val_pearson 0.9331, lr 8.10e-06 ---
2026-10-01 00:34:37,099 - INFO - 
****************************************************************************************************
2026-10-01 00:34:38,528 - INFO - --- training epoch 262, loss 5.9433, mae 6.4153, rmse 9.7596, time elapsed(min) 0.02---
2026-10-01 00:34:38,708 - INFO - --- validation at epoch 262, val_loss 5.7348, val_mae 6.2895, val_rmse 9.8821, val_r2 0.8675, val_pearson 0.9328, lr 8.10e-06 ---
2026-10-01 00:34:38,708 - INFO - 
****************************************************************************************************
2026-10-01 00:34:39,789 - INFO - --- training epoch 263, loss 5.9173, mae 6.3881, rmse 9.7505, time elapsed(min) 0.01---
2026-10-01 00:34:39,948 - INFO - --- validation at epoch 263, val_loss 5.6950, val_mae 6.3370, val_rmse 9.9648, val_r2 0.8652, val_pearson 0.9326, lr 8.10e-06 ---
2026-10-01 00:34:39,948 - INFO - 
****************************************************************************************************
2026-10-01 00:34:41,039 - INFO - --- training epoch 264, loss 5.9893, mae 6.4609, rmse 9.8148, time elapsed(min) 0.01---
2026-10-01 00:34:41,208 - INFO - --- validation at epoch 264, val_loss 5.7066, val_mae 6.2559, val_rmse 9.8593, val_r2 0.8681, val_pearson 0.9326, lr 8.10e-06 ---
2026-10-01 00:34:41,208 - INFO - 
****************************************************************************************************
2026-10-01 00:34:42,473 - INFO - --- training epoch 265, loss 5.9024, mae 6.3723, rmse 9.6587, time elapsed(min) 0.01---
2026-10-01 00:34:42,643 - INFO - --- validation at epoch 265, val_loss 5.7266, val_mae 6.2611, val_rmse 9.8514, val_r2 0.8683, val_pearson 0.9326, lr 8.10e-06 ---
2026-10-01 00:34:42,643 - INFO - 
****************************************************************************************************
2026-10-01 00:34:43,914 - INFO - --- training epoch 266, loss 6.0342, mae 6.5054, rmse 9.8869, time elapsed(min) 0.01---
2026-10-01 00:34:44,083 - INFO - --- validation at epoch 266, val_loss 5.7042, val_mae 6.2870, val_rmse 9.8822, val_r2 0.8675, val_pearson 0.9327, lr 2.43e-06 ---
2026-10-01 00:34:44,084 - INFO - 
****************************************************************************************************
2026-10-01 00:34:45,520 - INFO - --- training epoch 267, loss 5.9697, mae 6.4384, rmse 9.7955, time elapsed(min) 0.02---
2026-10-01 00:34:45,695 - INFO - --- validation at epoch 267, val_loss 5.7008, val_mae 6.2865, val_rmse 9.8824, val_r2 0.8674, val_pearson 0.9328, lr 2.43e-06 ---
2026-10-01 00:34:45,696 - INFO - 
****************************************************************************************************
2026-10-01 00:34:46,787 - INFO - --- training epoch 268, loss 5.9340, mae 6.4041, rmse 9.8288, time elapsed(min) 0.01---
2026-10-01 00:34:46,958 - INFO - --- validation at epoch 268, val_loss 5.6966, val_mae 6.2688, val_rmse 9.8657, val_r2 0.8679, val_pearson 0.9329, lr 2.43e-06 ---
2026-10-01 00:34:46,958 - INFO - 
****************************************************************************************************
2026-10-01 00:34:48,014 - INFO - --- training epoch 269, loss 5.9296, mae 6.4052, rmse 9.7090, time elapsed(min) 0.01---
2026-10-01 00:34:48,192 - INFO - --- validation at epoch 269, val_loss 5.6943, val_mae 6.2826, val_rmse 9.8839, val_r2 0.8674, val_pearson 0.9328, lr 2.43e-06 ---
2026-10-01 00:34:48,192 - INFO - 
****************************************************************************************************
2026-10-01 00:34:49,466 - INFO - --- training epoch 270, loss 5.9428, mae 6.4133, rmse 9.7451, time elapsed(min) 0.01---
2026-10-01 00:34:49,635 - INFO - --- validation at epoch 270, val_loss 5.6961, val_mae 6.2660, val_rmse 9.8735, val_r2 0.8677, val_pearson 0.9327, lr 2.43e-06 ---
2026-10-01 00:34:49,635 - INFO - 
****************************************************************************************************
2026-10-01 00:34:50,915 - INFO - --- training epoch 271, loss 5.9197, mae 6.3929, rmse 9.7007, time elapsed(min) 0.01---
2026-10-01 00:34:51,082 - INFO - --- validation at epoch 271, val_loss 5.6997, val_mae 6.2712, val_rmse 9.8744, val_r2 0.8677, val_pearson 0.9327, lr 2.43e-06 ---
2026-10-01 00:34:51,082 - INFO - 
****************************************************************************************************
2026-10-01 00:34:52,480 - INFO - --- training epoch 272, loss 5.8118, mae 6.2795, rmse 9.6363, time elapsed(min) 0.02---
2026-10-01 00:34:52,647 - INFO - --- validation at epoch 272, val_loss 5.6922, val_mae 6.2783, val_rmse 9.8821, val_r2 0.8675, val_pearson 0.9327, lr 2.43e-06 ---
2026-10-01 00:34:52,648 - INFO - 
****************************************************************************************************
2026-10-01 00:34:53,707 - INFO - --- training epoch 273, loss 5.9189, mae 6.3900, rmse 9.7490, time elapsed(min) 0.01---
2026-10-01 00:34:53,872 - INFO - --- validation at epoch 273, val_loss 5.6839, val_mae 6.2774, val_rmse 9.8921, val_r2 0.8672, val_pearson 0.9326, lr 2.43e-06 ---
2026-10-01 00:34:53,872 - INFO - 
****************************************************************************************************
2026-10-01 00:34:54,925 - INFO - --- training epoch 274, loss 5.8237, mae 6.2928, rmse 9.7499, time elapsed(min) 0.01---
2026-10-01 00:34:55,097 - INFO - --- validation at epoch 274, val_loss 5.6823, val_mae 6.2752, val_rmse 9.8923, val_r2 0.8672, val_pearson 0.9327, lr 2.43e-06 ---
2026-10-01 00:34:55,097 - INFO - 
****************************************************************************************************
2026-10-01 00:34:56,350 - INFO - --- training epoch 275, loss 5.9850, mae 6.4567, rmse 9.8740, time elapsed(min) 0.01---
2026-10-01 00:34:56,521 - INFO - --- validation at epoch 275, val_loss 5.6758, val_mae 6.2708, val_rmse 9.8830, val_r2 0.8674, val_pearson 0.9329, lr 2.43e-06 ---
2026-10-01 00:34:56,521 - INFO - 
****************************************************************************************************
2026-10-01 00:34:57,787 - INFO - --- training epoch 276, loss 5.9644, mae 6.4339, rmse 9.7975, time elapsed(min) 0.01---
2026-10-01 00:34:57,957 - INFO - --- validation at epoch 276, val_loss 5.6748, val_mae 6.2781, val_rmse 9.8953, val_r2 0.8671, val_pearson 0.9328, lr 2.43e-06 ---
2026-10-01 00:34:57,957 - INFO - 
****************************************************************************************************
2026-10-01 00:34:59,394 - INFO - --- training epoch 277, loss 5.8381, mae 6.3077, rmse 9.6808, time elapsed(min) 0.02---
2026-10-01 00:34:59,559 - INFO - --- validation at epoch 277, val_loss 5.6750, val_mae 6.2764, val_rmse 9.8917, val_r2 0.8672, val_pearson 0.9328, lr 1.00e-06 ---
2026-10-01 00:34:59,559 - INFO - 
****************************************************************************************************
2026-10-01 00:35:00,619 - INFO - --- training epoch 278, loss 5.8536, mae 6.3248, rmse 9.6036, time elapsed(min) 0.01---
2026-10-01 00:35:00,773 - INFO - --- validation at epoch 278, val_loss 5.6728, val_mae 6.2654, val_rmse 9.8770, val_r2 0.8676, val_pearson 0.9329, lr 1.00e-06 ---
2026-10-01 00:35:00,773 - INFO - 
****************************************************************************************************
2026-10-01 00:35:01,833 - INFO - --- training epoch 279, loss 5.9956, mae 6.4685, rmse 9.9177, time elapsed(min) 0.01---
2026-10-01 00:35:01,993 - INFO - --- validation at epoch 279, val_loss 5.6735, val_mae 6.2620, val_rmse 9.8744, val_r2 0.8677, val_pearson 0.9328, lr 1.00e-06 ---
2026-10-01 00:35:01,993 - INFO - 
****************************************************************************************************
2026-10-01 00:35:03,244 - INFO - --- training epoch 280, loss 5.7878, mae 6.2626, rmse 9.5853, time elapsed(min) 0.01---
2026-10-01 00:35:03,410 - INFO - --- validation at epoch 280, val_loss 5.6755, val_mae 6.2581, val_rmse 9.8677, val_r2 0.8678, val_pearson 0.9328, lr 1.00e-06 ---
2026-10-01 00:35:03,411 - INFO - 
****************************************************************************************************
2026-10-01 00:35:04,824 - INFO - --- training epoch 281, loss 5.9459, mae 6.4150, rmse 9.8263, time elapsed(min) 0.02---
2026-10-01 00:35:04,990 - INFO - --- validation at epoch 281, val_loss 5.6754, val_mae 6.2490, val_rmse 9.8544, val_r2 0.8682, val_pearson 0.9329, lr 1.00e-06 ---
2026-10-01 00:35:04,990 - INFO - 
****************************************************************************************************
2026-10-01 00:35:06,298 - INFO - --- training epoch 282, loss 5.8975, mae 6.3716, rmse 9.6728, time elapsed(min) 0.02---
2026-10-01 00:35:06,711 - INFO - --- validation at epoch 282, val_loss 5.6754, val_mae 6.2457, val_rmse 9.8504, val_r2 0.8683, val_pearson 0.9329, lr 1.00e-06 ---
2026-10-01 00:35:06,711 - INFO - 
****************************************************************************************************
2026-10-01 00:35:07,944 - INFO - --- training epoch 283, loss 5.9774, mae 6.4478, rmse 9.7239, time elapsed(min) 0.01---
2026-10-01 00:35:08,107 - INFO - --- validation at epoch 283, val_loss 5.6743, val_mae 6.2488, val_rmse 9.8511, val_r2 0.8683, val_pearson 0.9330, lr 1.00e-06 ---
2026-10-01 00:35:08,107 - INFO - 
****************************************************************************************************
2026-10-01 00:35:09,162 - INFO - --- training epoch 284, loss 5.9495, mae 6.4203, rmse 9.7299, time elapsed(min) 0.01---
2026-10-01 00:35:09,338 - INFO - --- validation at epoch 284, val_loss 5.6726, val_mae 6.2542, val_rmse 9.8568, val_r2 0.8681, val_pearson 0.9330, lr 1.00e-06 ---
2026-10-01 00:35:09,339 - INFO - 
****************************************************************************************************
2026-10-01 00:35:10,590 - INFO - --- training epoch 285, loss 5.8925, mae 6.3629, rmse 9.7646, time elapsed(min) 0.01---
2026-10-01 00:35:10,757 - INFO - --- validation at epoch 285, val_loss 5.6746, val_mae 6.2599, val_rmse 9.8628, val_r2 0.8680, val_pearson 0.9330, lr 1.00e-06 ---
2026-10-01 00:35:10,757 - INFO - 
****************************************************************************************************
2026-10-01 00:35:12,025 - INFO - --- training epoch 286, loss 5.8165, mae 6.2868, rmse 9.6557, time elapsed(min) 0.01---
2026-10-01 00:35:12,192 - INFO - --- validation at epoch 286, val_loss 5.6744, val_mae 6.2679, val_rmse 9.8746, val_r2 0.8677, val_pearson 0.9329, lr 1.00e-06 ---
2026-10-01 00:35:12,192 - INFO - 
****************************************************************************************************
2026-10-01 00:35:13,441 - INFO - --- training epoch 287, loss 5.8205, mae 6.2908, rmse 9.5312, time elapsed(min) 0.01---
2026-10-01 00:35:13,601 - INFO - --- validation at epoch 287, val_loss 5.6769, val_mae 6.2741, val_rmse 9.8828, val_r2 0.8674, val_pearson 0.9329, lr 1.00e-06 ---
2026-10-01 00:35:13,601 - INFO - 
****************************************************************************************************
2026-10-01 00:35:14,805 - INFO - --- training epoch 288, loss 5.9356, mae 6.4068, rmse 9.8533, time elapsed(min) 0.01---
2026-10-01 00:35:14,973 - INFO - --- validation at epoch 288, val_loss 5.6758, val_mae 6.2779, val_rmse 9.8881, val_r2 0.8673, val_pearson 0.9329, lr 1.00e-06 ---
2026-10-01 00:35:14,973 - INFO - 
****************************************************************************************************
2026-10-01 00:35:16,027 - INFO - --- training epoch 289, loss 5.7986, mae 6.2711, rmse 9.5821, time elapsed(min) 0.01---
2026-10-01 00:35:16,198 - INFO - --- validation at epoch 289, val_loss 5.6762, val_mae 6.2686, val_rmse 9.8728, val_r2 0.8677, val_pearson 0.9330, lr 1.00e-06 ---
2026-10-01 00:35:16,199 - INFO - 
****************************************************************************************************
2026-10-01 00:35:17,452 - INFO - --- training epoch 290, loss 5.9113, mae 6.3866, rmse 9.6696, time elapsed(min) 0.01---
2026-10-01 00:35:17,624 - INFO - --- validation at epoch 290, val_loss 5.6744, val_mae 6.2636, val_rmse 9.8647, val_r2 0.8679, val_pearson 0.9330, lr 1.00e-06 ---
2026-10-01 00:35:17,624 - INFO - 
****************************************************************************************************
2026-10-01 00:35:18,886 - INFO - --- training epoch 291, loss 5.8888, mae 6.3587, rmse 9.7647, time elapsed(min) 0.01---
2026-10-01 00:35:19,049 - INFO - --- validation at epoch 291, val_loss 5.6744, val_mae 6.2614, val_rmse 9.8607, val_r2 0.8680, val_pearson 0.9330, lr 1.00e-06 ---
2026-10-01 00:35:19,049 - INFO - 
****************************************************************************************************
2026-10-01 00:35:20,313 - INFO - --- training epoch 292, loss 5.9631, mae 6.4345, rmse 9.8008, time elapsed(min) 0.01---
2026-10-01 00:35:20,476 - INFO - --- validation at epoch 292, val_loss 5.6754, val_mae 6.2656, val_rmse 9.8630, val_r2 0.8680, val_pearson 0.9330, lr 1.00e-06 ---
2026-10-01 00:35:20,476 - INFO - 
****************************************************************************************************
2026-10-01 00:35:21,683 - INFO - --- training epoch 293, loss 5.8370, mae 6.3076, rmse 9.6529, time elapsed(min) 0.01---
2026-10-01 00:35:21,849 - INFO - --- validation at epoch 293, val_loss 5.6765, val_mae 6.2702, val_rmse 9.8690, val_r2 0.8678, val_pearson 0.9330, lr 1.00e-06 ---
2026-10-01 00:35:21,849 - INFO - 
****************************************************************************************************
2026-10-01 00:35:22,235 - INFO - --- early stopping at epoch 293: val_loss did not improve for 50 epochs ---
2026-10-01 00:35:22,421 - INFO - --- selected checkpoint from epoch 243, val_loss 5.6636, val_mae 6.2861, val_rmse 9.9160
2026-10-01 00:35:22,866 - INFO - -- RESULT
2026-10-01 00:35:22,866 - INFO - --- test size: 1187
2026-10-01 00:35:22,866 - INFO - --- MAE: 6.4196 pp, RMSE: 10.1272 pp, R2: 0.8648, Pearson: 0.9323
2026-10-01 00:35:23,948 - INFO - --- Buchwald-Hartwig | fullcv10_split70 | approach_2: test R2 0.8648 MAE 6.4196 RMSE 10.1272 | 420.7s (1.4s/epoch)
2026-10-01 00:35:23,952 - INFO - --- Buchwald-Hartwig | fullcv10_split70 | MLP control (ind/mlp) (ind/mlp)
