2026-09-30 22:30:20,388 - INFO - device is	cuda:0
2026-09-30 22:30:20,547 - INFO - -- CONFIGURATIONS
2026-09-30 22:30:20,548 - INFO - --- train/valid/test: 2491/277/1187
2026-09-30 22:30:20,548 - INFO - --- max no. reactants_train, valid, test respectively: 6, 6, 6
2026-09-30 22:30:20,548 - INFO - --- max no. products_train, valid, test respectively: 1, 1, 1
2026-09-30 22:30:20,548 - INFO - --- model_path: ../logs/approach2_grid_bh/e400/runs/Buchwald-Hartwig_fullcv05_split70_current_model/model.pt
2026-09-30 22:30:20,556 - INFO - -- TRAINING
2026-09-30 22:30:21,419 - INFO - --- training epoch 0, loss 24.2353, mae 24.7311, rmse 30.5318, time elapsed(min) 0.01---
2026-09-30 22:30:21,588 - INFO - --- validation at epoch 0, val_loss 24.7467, val_mae 23.3027, val_rmse 28.5954, val_r2 -0.1381, val_pearson -0.2092, lr 1.00e-03 ---
2026-09-30 22:30:21,588 - INFO - 
****************************************************************************************************
2026-09-30 22:30:22,897 - INFO - --- training epoch 1, loss 22.6245, mae 23.1205, rmse 28.0789, time elapsed(min) 0.01---
2026-09-30 22:30:23,064 - INFO - --- validation at epoch 1, val_loss 24.6591, val_mae 23.1943, val_rmse 28.1985, val_r2 -0.1067, val_pearson -0.0855, lr 1.00e-03 ---
2026-09-30 22:30:23,064 - INFO - 
****************************************************************************************************
2026-09-30 22:30:24,485 - INFO - --- training epoch 2, loss 22.2789, mae 22.7753, rmse 27.5426, time elapsed(min) 0.02---
2026-09-30 22:30:24,654 - INFO - --- validation at epoch 2, val_loss 23.9614, val_mae 22.3455, val_rmse 26.4290, val_r2 0.0278, val_pearson 0.1995, lr 1.00e-03 ---
2026-09-30 22:30:24,655 - INFO - 
****************************************************************************************************
2026-09-30 22:30:25,728 - INFO - --- training epoch 3, loss 21.8749, mae 22.3713, rmse 27.2476, time elapsed(min) 0.01---
2026-09-30 22:30:25,901 - INFO - --- validation at epoch 3, val_loss 23.9662, val_mae 22.3007, val_rmse 26.3991, val_r2 0.0300, val_pearson 0.2370, lr 1.00e-03 ---
2026-09-30 22:30:25,901 - INFO - 
****************************************************************************************************
2026-09-30 22:30:26,880 - INFO - --- training epoch 4, loss 22.0006, mae 22.4957, rmse 27.6461, time elapsed(min) 0.01---
2026-09-30 22:30:27,052 - INFO - --- validation at epoch 4, val_loss 23.7292, val_mae 21.8001, val_rmse 26.0990, val_r2 0.0519, val_pearson 0.2453, lr 1.00e-03 ---
2026-09-30 22:30:27,052 - INFO - 
****************************************************************************************************
2026-09-30 22:30:28,342 - INFO - --- training epoch 5, loss 21.5435, mae 22.0396, rmse 26.9061, time elapsed(min) 0.01---
2026-09-30 22:30:28,521 - INFO - --- validation at epoch 5, val_loss 23.6739, val_mae 21.9971, val_rmse 25.9336, val_r2 0.0639, val_pearson 0.2617, lr 1.00e-03 ---
2026-09-30 22:30:28,521 - INFO - 
****************************************************************************************************
2026-09-30 22:30:29,803 - INFO - --- training epoch 6, loss 21.4074, mae 21.9026, rmse 26.4753, time elapsed(min) 0.01---
2026-09-30 22:30:29,979 - INFO - --- validation at epoch 6, val_loss 23.8117, val_mae 21.9928, val_rmse 26.1070, val_r2 0.0513, val_pearson 0.2637, lr 1.00e-03 ---
2026-09-30 22:30:29,979 - INFO - 
****************************************************************************************************
2026-09-30 22:30:31,220 - INFO - --- training epoch 7, loss 21.1506, mae 21.6460, rmse 26.5457, time elapsed(min) 0.01---
2026-09-30 22:30:31,384 - INFO - --- validation at epoch 7, val_loss 23.3424, val_mae 21.8125, val_rmse 25.4947, val_r2 0.0953, val_pearson 0.3420, lr 1.00e-03 ---
2026-09-30 22:30:31,384 - INFO - 
****************************************************************************************************
2026-09-30 22:30:32,651 - INFO - --- training epoch 8, loss 21.0688, mae 21.5641, rmse 25.9422, time elapsed(min) 0.01---
2026-09-30 22:30:32,816 - INFO - --- validation at epoch 8, val_loss 24.8831, val_mae 23.0785, val_rmse 27.9016, val_r2 -0.0836, val_pearson 0.2616, lr 1.00e-03 ---
2026-09-30 22:30:32,816 - INFO - 
****************************************************************************************************
2026-09-30 22:30:33,869 - INFO - --- training epoch 9, loss 20.9841, mae 21.4808, rmse 25.6323, time elapsed(min) 0.01---
2026-09-30 22:30:34,035 - INFO - --- validation at epoch 9, val_loss 23.9446, val_mae 21.0832, val_rmse 25.6246, val_r2 0.0861, val_pearson 0.3913, lr 1.00e-03 ---
2026-09-30 22:30:34,036 - INFO - 
****************************************************************************************************
2026-09-30 22:30:35,284 - INFO - --- training epoch 10, loss 20.5214, mae 21.0176, rmse 25.1462, time elapsed(min) 0.01---
2026-09-30 22:30:35,455 - INFO - --- validation at epoch 10, val_loss 23.7800, val_mae 21.2812, val_rmse 25.0339, val_r2 0.1277, val_pearson 0.3943, lr 1.00e-03 ---
2026-09-30 22:30:35,455 - INFO - 
****************************************************************************************************
2026-09-30 22:30:36,678 - INFO - --- training epoch 11, loss 19.8351, mae 20.3310, rmse 24.4378, time elapsed(min) 0.01---
2026-09-30 22:30:36,851 - INFO - --- validation at epoch 11, val_loss 23.7605, val_mae 20.8575, val_rmse 25.4318, val_r2 0.0998, val_pearson 0.4105, lr 1.00e-03 ---
2026-09-30 22:30:36,851 - INFO - 
****************************************************************************************************
2026-09-30 22:30:38,189 - INFO - --- training epoch 12, loss 19.9739, mae 20.4693, rmse 24.4846, time elapsed(min) 0.02---
2026-09-30 22:30:38,361 - INFO - --- validation at epoch 12, val_loss 23.1438, val_mae 20.9850, val_rmse 25.2324, val_r2 0.1138, val_pearson 0.4166, lr 1.00e-03 ---
2026-09-30 22:30:38,361 - INFO - 
****************************************************************************************************
2026-09-30 22:30:39,843 - INFO - --- training epoch 13, loss 20.5698, mae 21.0646, rmse 25.9994, time elapsed(min) 0.02---
2026-09-30 22:30:40,006 - INFO - --- validation at epoch 13, val_loss 23.7986, val_mae 22.6991, val_rmse 26.2643, val_r2 0.0399, val_pearson 0.3577, lr 1.00e-03 ---
2026-09-30 22:30:40,007 - INFO - 
****************************************************************************************************
2026-09-30 22:30:41,002 - INFO - --- training epoch 14, loss 20.3300, mae 20.8259, rmse 24.8137, time elapsed(min) 0.01---
2026-09-30 22:30:41,172 - INFO - --- validation at epoch 14, val_loss 22.8541, val_mae 21.0130, val_rmse 25.2241, val_r2 0.1144, val_pearson 0.4020, lr 1.00e-03 ---
2026-09-30 22:30:41,172 - INFO - 
****************************************************************************************************
2026-09-30 22:30:42,279 - INFO - --- training epoch 15, loss 19.8974, mae 20.3934, rmse 24.5344, time elapsed(min) 0.01---
2026-09-30 22:30:42,449 - INFO - --- validation at epoch 15, val_loss 22.9133, val_mae 20.3796, val_rmse 24.5827, val_r2 0.1589, val_pearson 0.4233, lr 1.00e-03 ---
2026-09-30 22:30:42,449 - INFO - 
****************************************************************************************************
2026-09-30 22:30:43,667 - INFO - --- training epoch 16, loss 19.3929, mae 19.8889, rmse 23.9092, time elapsed(min) 0.01---
2026-09-30 22:30:43,835 - INFO - --- validation at epoch 16, val_loss 23.3542, val_mae 21.1527, val_rmse 26.4612, val_r2 0.0254, val_pearson 0.4159, lr 1.00e-03 ---
2026-09-30 22:30:43,835 - INFO - 
****************************************************************************************************
2026-09-30 22:30:45,079 - INFO - --- training epoch 17, loss 19.6004, mae 20.0964, rmse 24.1437, time elapsed(min) 0.01---
2026-09-30 22:30:45,256 - INFO - --- validation at epoch 17, val_loss 22.7107, val_mae 20.3295, val_rmse 24.6193, val_r2 0.1564, val_pearson 0.4215, lr 1.00e-03 ---
2026-09-30 22:30:45,256 - INFO - 
****************************************************************************************************
2026-09-30 22:30:46,563 - INFO - --- training epoch 18, loss 19.1692, mae 19.6642, rmse 24.0580, time elapsed(min) 0.01---
2026-09-30 22:30:46,943 - INFO - --- validation at epoch 18, val_loss 22.8540, val_mae 20.5906, val_rmse 25.4920, val_r2 0.0955, val_pearson 0.3979, lr 1.00e-03 ---
2026-09-30 22:30:46,943 - INFO - 
****************************************************************************************************
2026-09-30 22:30:48,130 - INFO - --- training epoch 19, loss 19.4189, mae 19.9140, rmse 23.8559, time elapsed(min) 0.01---
2026-09-30 22:30:48,296 - INFO - --- validation at epoch 19, val_loss 22.9437, val_mae 20.5775, val_rmse 25.1200, val_r2 0.1217, val_pearson 0.4171, lr 1.00e-03 ---
2026-09-30 22:30:48,296 - INFO - 
****************************************************************************************************
2026-09-30 22:30:49,313 - INFO - --- training epoch 20, loss 19.4489, mae 19.9450, rmse 24.1774, time elapsed(min) 0.01---
2026-09-30 22:30:49,488 - INFO - --- validation at epoch 20, val_loss 22.6564, val_mae 20.7173, val_rmse 25.0758, val_r2 0.1248, val_pearson 0.4001, lr 1.00e-03 ---
2026-09-30 22:30:49,488 - INFO - 
****************************************************************************************************
2026-09-30 22:30:50,785 - INFO - --- training epoch 21, loss 19.6097, mae 20.1044, rmse 24.6125, time elapsed(min) 0.01---
2026-09-30 22:30:50,953 - INFO - --- validation at epoch 21, val_loss 22.6478, val_mae 20.4284, val_rmse 24.6599, val_r2 0.1536, val_pearson 0.4097, lr 1.00e-03 ---
2026-09-30 22:30:50,953 - INFO - 
****************************************************************************************************
2026-09-30 22:30:52,278 - INFO - --- training epoch 22, loss 19.2758, mae 19.7702, rmse 24.0393, time elapsed(min) 0.01---
2026-09-30 22:30:52,454 - INFO - --- validation at epoch 22, val_loss 22.4991, val_mae 20.4084, val_rmse 25.3365, val_r2 0.1065, val_pearson 0.4244, lr 1.00e-03 ---
2026-09-30 22:30:52,454 - INFO - 
****************************************************************************************************
2026-09-30 22:30:53,783 - INFO - --- training epoch 23, loss 19.3624, mae 19.8567, rmse 24.1441, time elapsed(min) 0.01---
2026-09-30 22:30:53,947 - INFO - --- validation at epoch 23, val_loss 22.6953, val_mae 20.0881, val_rmse 24.8773, val_r2 0.1386, val_pearson 0.4214, lr 1.00e-03 ---
2026-09-30 22:30:53,947 - INFO - 
****************************************************************************************************
2026-09-30 22:30:55,363 - INFO - --- training epoch 24, loss 19.0794, mae 19.5749, rmse 23.8841, time elapsed(min) 0.02---
2026-09-30 22:30:55,529 - INFO - --- validation at epoch 24, val_loss 22.5949, val_mae 20.9527, val_rmse 25.3531, val_r2 0.1053, val_pearson 0.4184, lr 1.00e-03 ---
2026-09-30 22:30:55,529 - INFO - 
****************************************************************************************************
2026-09-30 22:30:56,569 - INFO - --- training epoch 25, loss 19.6217, mae 20.1157, rmse 24.5379, time elapsed(min) 0.01---
2026-09-30 22:30:56,752 - INFO - --- validation at epoch 25, val_loss 22.7090, val_mae 21.0114, val_rmse 25.5441, val_r2 0.0918, val_pearson 0.4206, lr 1.00e-03 ---
2026-09-30 22:30:56,752 - INFO - 
****************************************************************************************************
2026-09-30 22:30:57,783 - INFO - --- training epoch 26, loss 19.3480, mae 19.8425, rmse 23.9152, time elapsed(min) 0.01---
2026-09-30 22:30:57,957 - INFO - --- validation at epoch 26, val_loss 22.7980, val_mae 20.2923, val_rmse 24.8781, val_r2 0.1386, val_pearson 0.4230, lr 1.00e-03 ---
2026-09-30 22:30:57,957 - INFO - 
****************************************************************************************************
2026-09-30 22:30:59,194 - INFO - --- training epoch 27, loss 19.3760, mae 19.8704, rmse 24.3564, time elapsed(min) 0.01---
2026-09-30 22:30:59,365 - INFO - --- validation at epoch 27, val_loss 22.8331, val_mae 21.1570, val_rmse 25.8164, val_r2 0.0723, val_pearson 0.4259, lr 1.00e-03 ---
2026-09-30 22:30:59,365 - INFO - 
****************************************************************************************************
2026-09-30 22:31:00,623 - INFO - --- training epoch 28, loss 19.3992, mae 19.8942, rmse 24.1247, time elapsed(min) 0.01---
2026-09-30 22:31:00,799 - INFO - --- validation at epoch 28, val_loss 22.4195, val_mae 19.9892, val_rmse 24.6943, val_r2 0.1512, val_pearson 0.4379, lr 1.00e-03 ---
2026-09-30 22:31:00,799 - INFO - 
****************************************************************************************************
2026-09-30 22:31:02,108 - INFO - --- training epoch 29, loss 18.9781, mae 19.4725, rmse 23.9009, time elapsed(min) 0.01---
2026-09-30 22:31:02,499 - INFO - --- validation at epoch 29, val_loss 22.2603, val_mae 20.0246, val_rmse 25.0558, val_r2 0.1262, val_pearson 0.4418, lr 1.00e-03 ---
2026-09-30 22:31:02,500 - INFO - 
****************************************************************************************************
2026-09-30 22:31:03,768 - INFO - --- training epoch 30, loss 18.8316, mae 19.3271, rmse 23.7132, time elapsed(min) 0.01---
2026-09-30 22:31:03,937 - INFO - --- validation at epoch 30, val_loss 22.1805, val_mae 19.4930, val_rmse 24.7563, val_r2 0.1470, val_pearson 0.4439, lr 1.00e-03 ---
2026-09-30 22:31:03,937 - INFO - 
****************************************************************************************************
2026-09-30 22:31:05,202 - INFO - --- training epoch 31, loss 18.6559, mae 19.1505, rmse 23.7469, time elapsed(min) 0.01---
2026-09-30 22:31:05,367 - INFO - --- validation at epoch 31, val_loss 21.9623, val_mae 19.8132, val_rmse 24.7398, val_r2 0.1481, val_pearson 0.4528, lr 1.00e-03 ---
2026-09-30 22:31:05,367 - INFO - 
****************************************************************************************************
2026-09-30 22:31:06,681 - INFO - --- training epoch 32, loss 18.6453, mae 19.1391, rmse 23.6153, time elapsed(min) 0.01---
2026-09-30 22:31:06,859 - INFO - --- validation at epoch 32, val_loss 21.6040, val_mae 19.1886, val_rmse 24.0961, val_r2 0.1919, val_pearson 0.4717, lr 1.00e-03 ---
2026-09-30 22:31:06,860 - INFO - 
****************************************************************************************************
2026-09-30 22:31:08,209 - INFO - --- training epoch 33, loss 18.6308, mae 19.1268, rmse 23.7626, time elapsed(min) 0.01---
2026-09-30 22:31:08,378 - INFO - --- validation at epoch 33, val_loss 21.1202, val_mae 19.1118, val_rmse 23.6792, val_r2 0.2196, val_pearson 0.4847, lr 1.00e-03 ---
2026-09-30 22:31:08,378 - INFO - 
****************************************************************************************************
2026-09-30 22:31:09,868 - INFO - --- training epoch 34, loss 18.1378, mae 18.6326, rmse 23.0607, time elapsed(min) 0.02---
2026-09-30 22:31:10,040 - INFO - --- validation at epoch 34, val_loss 21.0948, val_mae 18.5436, val_rmse 23.7775, val_r2 0.2131, val_pearson 0.4904, lr 1.00e-03 ---
2026-09-30 22:31:10,041 - INFO - 
****************************************************************************************************
2026-09-30 22:31:11,167 - INFO - --- training epoch 35, loss 18.3047, mae 18.7990, rmse 23.2211, time elapsed(min) 0.01---
2026-09-30 22:31:11,345 - INFO - --- validation at epoch 35, val_loss 20.4026, val_mae 18.6607, val_rmse 23.5227, val_r2 0.2299, val_pearson 0.4960, lr 1.00e-03 ---
2026-09-30 22:31:11,345 - INFO - 
****************************************************************************************************
2026-09-30 22:31:12,622 - INFO - --- training epoch 36, loss 18.3840, mae 18.8771, rmse 23.5808, time elapsed(min) 0.01---
2026-09-30 22:31:12,781 - INFO - --- validation at epoch 36, val_loss 20.7902, val_mae 19.0870, val_rmse 23.7138, val_r2 0.2173, val_pearson 0.4836, lr 1.00e-03 ---
2026-09-30 22:31:12,781 - INFO - 
****************************************************************************************************
2026-09-30 22:31:14,027 - INFO - --- training epoch 37, loss 18.6873, mae 19.1823, rmse 23.8447, time elapsed(min) 0.01---
2026-09-30 22:31:14,210 - INFO - --- validation at epoch 37, val_loss 21.9440, val_mae 20.0974, val_rmse 24.8534, val_r2 0.1403, val_pearson 0.4696, lr 1.00e-03 ---
2026-09-30 22:31:14,210 - INFO - 
****************************************************************************************************
2026-09-30 22:31:15,462 - INFO - --- training epoch 38, loss 19.2234, mae 19.7193, rmse 24.1641, time elapsed(min) 0.01---
2026-09-30 22:31:15,631 - INFO - --- validation at epoch 38, val_loss 22.3374, val_mae 20.2514, val_rmse 24.1471, val_r2 0.1884, val_pearson 0.4366, lr 1.00e-03 ---
2026-09-30 22:31:15,631 - INFO - 
****************************************************************************************************
2026-09-30 22:31:17,030 - INFO - --- training epoch 39, loss 18.8380, mae 19.3327, rmse 23.6539, time elapsed(min) 0.02---
2026-09-30 22:31:17,201 - INFO - --- validation at epoch 39, val_loss 21.8200, val_mae 20.0458, val_rmse 25.7030, val_r2 0.0805, val_pearson 0.4637, lr 1.00e-03 ---
2026-09-30 22:31:17,201 - INFO - 
****************************************************************************************************
2026-09-30 22:31:18,265 - INFO - --- training epoch 40, loss 18.6740, mae 19.1691, rmse 23.5223, time elapsed(min) 0.01---
2026-09-30 22:31:18,431 - INFO - --- validation at epoch 40, val_loss 21.9555, val_mae 19.8013, val_rmse 24.5022, val_r2 0.1644, val_pearson 0.4452, lr 1.00e-03 ---
2026-09-30 22:31:18,431 - INFO - 
****************************************************************************************************
2026-09-30 22:31:19,491 - INFO - --- training epoch 41, loss 18.3875, mae 18.8822, rmse 23.3043, time elapsed(min) 0.01---
2026-09-30 22:31:19,656 - INFO - --- validation at epoch 41, val_loss 23.0628, val_mae 21.0130, val_rmse 27.0761, val_r2 -0.0204, val_pearson 0.4273, lr 1.00e-03 ---
2026-09-30 22:31:19,656 - INFO - 
****************************************************************************************************
2026-09-30 22:31:21,031 - INFO - --- training epoch 42, loss 19.8983, mae 20.3943, rmse 24.8600, time elapsed(min) 0.02---
2026-09-30 22:31:21,205 - INFO - --- validation at epoch 42, val_loss 22.5387, val_mae 20.1636, val_rmse 25.1988, val_r2 0.1162, val_pearson 0.4119, lr 1.00e-03 ---
2026-09-30 22:31:21,205 - INFO - 
****************************************************************************************************
2026-09-30 22:31:22,600 - INFO - --- training epoch 43, loss 18.9126, mae 19.4093, rmse 23.6548, time elapsed(min) 0.02---
2026-09-30 22:31:22,776 - INFO - --- validation at epoch 43, val_loss 22.3549, val_mae 19.7774, val_rmse 24.8159, val_r2 0.1429, val_pearson 0.4476, lr 1.00e-03 ---
2026-09-30 22:31:22,776 - INFO - 
****************************************************************************************************
2026-09-30 22:31:24,217 - INFO - --- training epoch 44, loss 19.0765, mae 19.5720, rmse 24.0645, time elapsed(min) 0.02---
2026-09-30 22:31:24,391 - INFO - --- validation at epoch 44, val_loss 22.2470, val_mae 21.3720, val_rmse 26.6722, val_r2 0.0098, val_pearson 0.4536, lr 1.00e-03 ---
2026-09-30 22:31:24,391 - INFO - 
****************************************************************************************************
2026-09-30 22:31:25,434 - INFO - --- training epoch 45, loss 19.0401, mae 19.5355, rmse 23.9512, time elapsed(min) 0.01---
2026-09-30 22:31:25,614 - INFO - --- validation at epoch 45, val_loss 20.9356, val_mae 18.6704, val_rmse 23.9707, val_r2 0.2002, val_pearson 0.4919, lr 1.00e-03 ---
2026-09-30 22:31:25,614 - INFO - 
****************************************************************************************************
2026-09-30 22:31:26,660 - INFO - --- training epoch 46, loss 17.8963, mae 18.3905, rmse 22.8890, time elapsed(min) 0.01---
2026-09-30 22:31:26,835 - INFO - --- validation at epoch 46, val_loss 20.8092, val_mae 18.4171, val_rmse 23.7511, val_r2 0.2148, val_pearson 0.5078, lr 1.00e-03 ---
2026-09-30 22:31:26,835 - INFO - 
****************************************************************************************************
2026-09-30 22:31:28,107 - INFO - --- training epoch 47, loss 17.5971, mae 18.0902, rmse 22.5638, time elapsed(min) 0.01---
2026-09-30 22:31:28,272 - INFO - --- validation at epoch 47, val_loss 20.4529, val_mae 18.2705, val_rmse 23.3740, val_r2 0.2396, val_pearson 0.5168, lr 3.00e-04 ---
2026-09-30 22:31:28,272 - INFO - 
****************************************************************************************************
2026-09-30 22:31:29,664 - INFO - --- training epoch 48, loss 17.3879, mae 17.8803, rmse 22.4717, time elapsed(min) 0.02---
2026-09-30 22:31:29,840 - INFO - --- validation at epoch 48, val_loss 20.6534, val_mae 18.4049, val_rmse 23.6238, val_r2 0.2232, val_pearson 0.5084, lr 3.00e-04 ---
2026-09-30 22:31:29,841 - INFO - 
****************************************************************************************************
2026-09-30 22:31:31,368 - INFO - --- training epoch 49, loss 17.2077, mae 17.7001, rmse 22.2751, time elapsed(min) 0.01---
2026-09-30 22:31:31,539 - INFO - --- validation at epoch 49, val_loss 20.3607, val_mae 18.1823, val_rmse 23.4921, val_r2 0.2319, val_pearson 0.5188, lr 3.00e-04 ---
2026-09-30 22:31:31,539 - INFO - 
****************************************************************************************************
2026-09-30 22:31:32,693 - INFO - --- training epoch 50, loss 17.2725, mae 17.7671, rmse 22.3360, time elapsed(min) 0.01---
2026-09-30 22:31:32,863 - INFO - --- validation at epoch 50, val_loss 20.1767, val_mae 18.1607, val_rmse 23.2858, val_r2 0.2453, val_pearson 0.5287, lr 3.00e-04 ---
2026-09-30 22:31:32,863 - INFO - 
****************************************************************************************************
2026-09-30 22:31:34,146 - INFO - --- training epoch 51, loss 17.1159, mae 17.6088, rmse 22.2560, time elapsed(min) 0.01---
2026-09-30 22:31:34,319 - INFO - --- validation at epoch 51, val_loss 19.8867, val_mae 18.2412, val_rmse 23.4697, val_r2 0.2333, val_pearson 0.5277, lr 3.00e-04 ---
2026-09-30 22:31:34,319 - INFO - 
****************************************************************************************************
2026-09-30 22:31:35,663 - INFO - --- training epoch 52, loss 16.9596, mae 17.4537, rmse 22.0036, time elapsed(min) 0.01---
2026-09-30 22:31:35,832 - INFO - --- validation at epoch 52, val_loss 20.1591, val_mae 18.3389, val_rmse 23.6235, val_r2 0.2232, val_pearson 0.5203, lr 3.00e-04 ---
2026-09-30 22:31:35,832 - INFO - 
****************************************************************************************************
2026-09-30 22:31:37,104 - INFO - --- training epoch 53, loss 17.0992, mae 17.5933, rmse 22.1321, time elapsed(min) 0.01---
2026-09-30 22:31:37,263 - INFO - --- validation at epoch 53, val_loss 20.1791, val_mae 18.4883, val_rmse 23.6190, val_r2 0.2235, val_pearson 0.5351, lr 3.00e-04 ---
2026-09-30 22:31:37,264 - INFO - 
****************************************************************************************************
2026-09-30 22:31:38,476 - INFO - --- training epoch 54, loss 16.8434, mae 17.3366, rmse 21.8426, time elapsed(min) 0.01---
2026-09-30 22:31:38,637 - INFO - --- validation at epoch 54, val_loss 19.7601, val_mae 18.1225, val_rmse 23.3217, val_r2 0.2430, val_pearson 0.5344, lr 3.00e-04 ---
2026-09-30 22:31:38,637 - INFO - 
****************************************************************************************************
2026-09-30 22:31:39,765 - INFO - --- training epoch 55, loss 16.6613, mae 17.1545, rmse 21.7388, time elapsed(min) 0.01---
2026-09-30 22:31:39,930 - INFO - --- validation at epoch 55, val_loss 19.5395, val_mae 18.2442, val_rmse 23.3480, val_r2 0.2413, val_pearson 0.5354, lr 3.00e-04 ---
2026-09-30 22:31:39,930 - INFO - 
****************************************************************************************************
2026-09-30 22:31:41,202 - INFO - --- training epoch 56, loss 16.6476, mae 17.1418, rmse 21.7220, time elapsed(min) 0.01---
2026-09-30 22:31:41,370 - INFO - --- validation at epoch 56, val_loss 19.4267, val_mae 18.2883, val_rmse 23.4206, val_r2 0.2365, val_pearson 0.5175, lr 3.00e-04 ---
2026-09-30 22:31:41,370 - INFO - 
****************************************************************************************************
2026-09-30 22:31:42,685 - INFO - --- training epoch 57, loss 16.4238, mae 16.9186, rmse 21.5463, time elapsed(min) 0.01---
2026-09-30 22:31:42,840 - INFO - --- validation at epoch 57, val_loss 19.4017, val_mae 18.1608, val_rmse 23.5632, val_r2 0.2272, val_pearson 0.5322, lr 3.00e-04 ---
2026-09-30 22:31:42,840 - INFO - 
****************************************************************************************************
2026-09-30 22:31:44,148 - INFO - --- training epoch 58, loss 16.3539, mae 16.8471, rmse 21.3809, time elapsed(min) 0.01---
2026-09-30 22:31:44,313 - INFO - --- validation at epoch 58, val_loss 19.3162, val_mae 18.1966, val_rmse 23.5216, val_r2 0.2299, val_pearson 0.5393, lr 3.00e-04 ---
2026-09-30 22:31:44,314 - INFO - 
****************************************************************************************************
2026-09-30 22:31:45,793 - INFO - --- training epoch 59, loss 16.4472, mae 16.9414, rmse 21.5511, time elapsed(min) 0.02---
2026-09-30 22:31:45,958 - INFO - --- validation at epoch 59, val_loss 19.8718, val_mae 18.5580, val_rmse 23.9242, val_r2 0.2033, val_pearson 0.5300, lr 3.00e-04 ---
2026-09-30 22:31:45,958 - INFO - 
****************************************************************************************************
2026-09-30 22:31:46,989 - INFO - --- training epoch 60, loss 16.6215, mae 17.1145, rmse 21.6638, time elapsed(min) 0.01---
2026-09-30 22:31:47,148 - INFO - --- validation at epoch 60, val_loss 19.1811, val_mae 17.9125, val_rmse 22.9240, val_r2 0.2686, val_pearson 0.5373, lr 3.00e-04 ---
2026-09-30 22:31:47,149 - INFO - 
****************************************************************************************************
2026-09-30 22:31:48,245 - INFO - --- training epoch 61, loss 16.2293, mae 16.7234, rmse 21.3587, time elapsed(min) 0.01---
2026-09-30 22:31:48,412 - INFO - --- validation at epoch 61, val_loss 19.2243, val_mae 18.0878, val_rmse 23.5712, val_r2 0.2267, val_pearson 0.5291, lr 3.00e-04 ---
2026-09-30 22:31:48,412 - INFO - 
****************************************************************************************************
2026-09-30 22:31:49,650 - INFO - --- training epoch 62, loss 16.2895, mae 16.7834, rmse 21.3972, time elapsed(min) 0.01---
2026-09-30 22:31:49,820 - INFO - --- validation at epoch 62, val_loss 19.0276, val_mae 18.1187, val_rmse 22.9219, val_r2 0.2687, val_pearson 0.5407, lr 3.00e-04 ---
2026-09-30 22:31:49,820 - INFO - 
****************************************************************************************************
2026-09-30 22:31:51,152 - INFO - --- training epoch 63, loss 16.1615, mae 16.6555, rmse 21.2766, time elapsed(min) 0.01---
2026-09-30 22:31:51,320 - INFO - --- validation at epoch 63, val_loss 19.4653, val_mae 18.3504, val_rmse 23.7249, val_r2 0.2166, val_pearson 0.5270, lr 3.00e-04 ---
2026-09-30 22:31:51,320 - INFO - 
****************************************************************************************************
2026-09-30 22:31:52,565 - INFO - --- training epoch 64, loss 16.0852, mae 16.5784, rmse 21.4464, time elapsed(min) 0.01---
2026-09-30 22:31:53,137 - INFO - --- validation at epoch 64, val_loss 19.0764, val_mae 18.0129, val_rmse 23.3420, val_r2 0.2416, val_pearson 0.5314, lr 3.00e-04 ---
2026-09-30 22:31:53,137 - INFO - 
****************************************************************************************************
2026-09-30 22:31:54,172 - INFO - --- training epoch 65, loss 16.0267, mae 16.5200, rmse 21.2040, time elapsed(min) 0.01---
2026-09-30 22:31:54,326 - INFO - --- validation at epoch 65, val_loss 19.2308, val_mae 17.8877, val_rmse 23.1145, val_r2 0.2564, val_pearson 0.5403, lr 3.00e-04 ---
2026-09-30 22:31:54,326 - INFO - 
****************************************************************************************************
2026-09-30 22:31:55,358 - INFO - --- training epoch 66, loss 15.9546, mae 16.4478, rmse 21.2039, time elapsed(min) 0.01---
2026-09-30 22:31:55,527 - INFO - --- validation at epoch 66, val_loss 18.7628, val_mae 17.9290, val_rmse 23.6156, val_r2 0.2238, val_pearson 0.5454, lr 3.00e-04 ---
2026-09-30 22:31:55,527 - INFO - 
****************************************************************************************************
2026-09-30 22:31:56,839 - INFO - --- training epoch 67, loss 15.8782, mae 16.3716, rmse 21.2103, time elapsed(min) 0.01---
2026-09-30 22:31:57,008 - INFO - --- validation at epoch 67, val_loss 19.2691, val_mae 17.9909, val_rmse 24.0426, val_r2 0.1954, val_pearson 0.5299, lr 3.00e-04 ---
2026-09-30 22:31:57,008 - INFO - 
****************************************************************************************************
2026-09-30 22:31:58,239 - INFO - --- training epoch 68, loss 15.6586, mae 16.1481, rmse 21.2266, time elapsed(min) 0.01---
2026-09-30 22:31:58,404 - INFO - --- validation at epoch 68, val_loss 18.8284, val_mae 17.8966, val_rmse 23.3654, val_r2 0.2401, val_pearson 0.5449, lr 3.00e-04 ---
2026-09-30 22:31:58,404 - INFO - 
****************************************************************************************************
2026-09-30 22:31:59,639 - INFO - --- training epoch 69, loss 15.8780, mae 16.3711, rmse 21.0597, time elapsed(min) 0.01---
2026-09-30 22:31:59,799 - INFO - --- validation at epoch 69, val_loss 18.8518, val_mae 17.9433, val_rmse 23.9175, val_r2 0.2038, val_pearson 0.5275, lr 3.00e-04 ---
2026-09-30 22:31:59,800 - INFO - 
****************************************************************************************************
2026-09-30 22:32:00,982 - INFO - --- training epoch 70, loss 15.7750, mae 16.2666, rmse 21.1916, time elapsed(min) 0.01---
2026-09-30 22:32:01,146 - INFO - --- validation at epoch 70, val_loss 19.1034, val_mae 17.9596, val_rmse 23.3412, val_r2 0.2417, val_pearson 0.5369, lr 3.00e-04 ---
2026-09-30 22:32:01,146 - INFO - 
****************************************************************************************************
2026-09-30 22:32:02,182 - INFO - --- training epoch 71, loss 15.6004, mae 16.0928, rmse 21.0868, time elapsed(min) 0.01---
2026-09-30 22:32:02,358 - INFO - --- validation at epoch 71, val_loss 18.7443, val_mae 17.8181, val_rmse 23.8923, val_r2 0.2055, val_pearson 0.5337, lr 3.00e-04 ---
2026-09-30 22:32:02,358 - INFO - 
****************************************************************************************************
2026-09-30 22:32:03,670 - INFO - --- training epoch 72, loss 15.5982, mae 16.0903, rmse 21.0603, time elapsed(min) 0.01---
2026-09-30 22:32:03,834 - INFO - --- validation at epoch 72, val_loss 18.4476, val_mae 17.7625, val_rmse 23.6883, val_r2 0.2190, val_pearson 0.5428, lr 3.00e-04 ---
2026-09-30 22:32:03,834 - INFO - 
****************************************************************************************************
2026-09-30 22:32:05,148 - INFO - --- training epoch 73, loss 15.5134, mae 16.0054, rmse 21.0747, time elapsed(min) 0.01---
2026-09-30 22:32:05,312 - INFO - --- validation at epoch 73, val_loss 18.3757, val_mae 17.7961, val_rmse 23.9481, val_r2 0.2018, val_pearson 0.5287, lr 3.00e-04 ---
2026-09-30 22:32:05,313 - INFO - 
****************************************************************************************************
2026-09-30 22:32:06,622 - INFO - --- training epoch 74, loss 15.3397, mae 15.8322, rmse 21.0090, time elapsed(min) 0.01---
2026-09-30 22:32:06,783 - INFO - --- validation at epoch 74, val_loss 18.4849, val_mae 17.8683, val_rmse 24.4907, val_r2 0.1652, val_pearson 0.5534, lr 3.00e-04 ---
2026-09-30 22:32:06,783 - INFO - 
****************************************************************************************************
2026-09-30 22:32:07,959 - INFO - --- training epoch 75, loss 15.3346, mae 15.8255, rmse 21.0348, time elapsed(min) 0.01---
2026-09-30 22:32:08,129 - INFO - --- validation at epoch 75, val_loss 18.5960, val_mae 17.5148, val_rmse 23.5988, val_r2 0.2249, val_pearson 0.5438, lr 3.00e-04 ---
2026-09-30 22:32:08,129 - INFO - 
****************************************************************************************************
2026-09-30 22:32:09,177 - INFO - --- training epoch 76, loss 15.4875, mae 15.9799, rmse 21.1234, time elapsed(min) 0.01---
2026-09-30 22:32:09,342 - INFO - --- validation at epoch 76, val_loss 18.3425, val_mae 17.7501, val_rmse 24.0024, val_r2 0.1981, val_pearson 0.5480, lr 3.00e-04 ---
2026-09-30 22:32:09,342 - INFO - 
****************************************************************************************************
2026-09-30 22:32:10,646 - INFO - --- training epoch 77, loss 15.2575, mae 15.7497, rmse 20.6319, time elapsed(min) 0.01---
2026-09-30 22:32:10,811 - INFO - --- validation at epoch 77, val_loss 17.8233, val_mae 16.9717, val_rmse 23.1837, val_r2 0.2519, val_pearson 0.5708, lr 3.00e-04 ---
2026-09-30 22:32:10,811 - INFO - 
****************************************************************************************************
2026-09-30 22:32:12,261 - INFO - --- training epoch 78, loss 14.8418, mae 15.3321, rmse 20.2236, time elapsed(min) 0.02---
2026-09-30 22:32:12,425 - INFO - --- validation at epoch 78, val_loss 17.2738, val_mae 15.9043, val_rmse 22.0844, val_r2 0.3212, val_pearson 0.5940, lr 3.00e-04 ---
2026-09-30 22:32:12,425 - INFO - 
****************************************************************************************************
2026-09-30 22:32:13,753 - INFO - --- training epoch 79, loss 14.8148, mae 15.3070, rmse 20.2828, time elapsed(min) 0.01---
2026-09-30 22:32:13,926 - INFO - --- validation at epoch 79, val_loss 17.5015, val_mae 16.8384, val_rmse 23.6317, val_r2 0.2227, val_pearson 0.5557, lr 3.00e-04 ---
2026-09-30 22:32:13,926 - INFO - 
****************************************************************************************************
2026-09-30 22:32:15,352 - INFO - --- training epoch 80, loss 14.8011, mae 15.2920, rmse 20.4781, time elapsed(min) 0.02---
2026-09-30 22:32:15,522 - INFO - --- validation at epoch 80, val_loss 17.5264, val_mae 16.6316, val_rmse 23.4373, val_r2 0.2354, val_pearson 0.5764, lr 3.00e-04 ---
2026-09-30 22:32:15,523 - INFO - 
****************************************************************************************************
2026-09-30 22:32:16,560 - INFO - --- training epoch 81, loss 15.1622, mae 15.6549, rmse 20.6255, time elapsed(min) 0.01---
2026-09-30 22:32:16,733 - INFO - --- validation at epoch 81, val_loss 17.2644, val_mae 16.4942, val_rmse 23.2393, val_r2 0.2483, val_pearson 0.5830, lr 3.00e-04 ---
2026-09-30 22:32:16,734 - INFO - 
****************************************************************************************************
2026-09-30 22:32:17,846 - INFO - --- training epoch 82, loss 14.6642, mae 15.1561, rmse 20.2733, time elapsed(min) 0.01---
2026-09-30 22:32:18,005 - INFO - --- validation at epoch 82, val_loss 16.9402, val_mae 16.1387, val_rmse 22.7541, val_r2 0.2794, val_pearson 0.5897, lr 3.00e-04 ---
2026-09-30 22:32:18,005 - INFO - 
****************************************************************************************************
2026-09-30 22:32:19,326 - INFO - --- training epoch 83, loss 14.4534, mae 14.9456, rmse 19.9807, time elapsed(min) 0.01---
2026-09-30 22:32:19,498 - INFO - --- validation at epoch 83, val_loss 17.2848, val_mae 16.4852, val_rmse 22.8593, val_r2 0.2727, val_pearson 0.5774, lr 3.00e-04 ---
2026-09-30 22:32:19,499 - INFO - 
****************************************************************************************************
2026-09-30 22:32:20,731 - INFO - --- training epoch 84, loss 14.5204, mae 15.0121, rmse 19.9559, time elapsed(min) 0.01---
2026-09-30 22:32:20,908 - INFO - --- validation at epoch 84, val_loss 17.3640, val_mae 16.5201, val_rmse 22.4421, val_r2 0.2990, val_pearson 0.5877, lr 3.00e-04 ---
2026-09-30 22:32:20,908 - INFO - 
****************************************************************************************************
2026-09-30 22:32:22,209 - INFO - --- training epoch 85, loss 14.5051, mae 14.9977, rmse 19.8009, time elapsed(min) 0.02---
2026-09-30 22:32:22,596 - INFO - --- validation at epoch 85, val_loss 17.3765, val_mae 15.8505, val_rmse 21.7067, val_r2 0.3442, val_pearson 0.6125, lr 3.00e-04 ---
2026-09-30 22:32:22,596 - INFO - 
****************************************************************************************************
2026-09-30 22:32:23,801 - INFO - --- training epoch 86, loss 14.1976, mae 14.6887, rmse 19.4865, time elapsed(min) 0.01---
2026-09-30 22:32:23,971 - INFO - --- validation at epoch 86, val_loss 17.6870, val_mae 16.2380, val_rmse 22.1710, val_r2 0.3158, val_pearson 0.5992, lr 3.00e-04 ---
2026-09-30 22:32:23,971 - INFO - 
****************************************************************************************************
2026-09-30 22:32:25,026 - INFO - --- training epoch 87, loss 14.2048, mae 14.6962, rmse 19.5714, time elapsed(min) 0.01---
2026-09-30 22:32:25,195 - INFO - --- validation at epoch 87, val_loss 16.9797, val_mae 15.9899, val_rmse 22.5670, val_r2 0.2912, val_pearson 0.6057, lr 3.00e-04 ---
2026-09-30 22:32:25,195 - INFO - 
****************************************************************************************************
2026-09-30 22:32:26,432 - INFO - --- training epoch 88, loss 13.9613, mae 14.4523, rmse 19.4914, time elapsed(min) 0.01---
2026-09-30 22:32:26,590 - INFO - --- validation at epoch 88, val_loss 16.3275, val_mae 15.8245, val_rmse 21.9093, val_r2 0.3319, val_pearson 0.6080, lr 3.00e-04 ---
2026-09-30 22:32:26,590 - INFO - 
****************************************************************************************************
2026-09-30 22:32:28,076 - INFO - --- training epoch 89, loss 13.9742, mae 14.4643, rmse 19.4108, time elapsed(min) 0.02---
2026-09-30 22:32:28,259 - INFO - --- validation at epoch 89, val_loss 16.6578, val_mae 15.5624, val_rmse 21.6468, val_r2 0.3478, val_pearson 0.6233, lr 3.00e-04 ---
2026-09-30 22:32:28,259 - INFO - 
****************************************************************************************************
2026-09-30 22:32:29,513 - INFO - --- training epoch 90, loss 13.8854, mae 14.3774, rmse 19.3530, time elapsed(min) 0.01---
2026-09-30 22:32:29,894 - INFO - --- validation at epoch 90, val_loss 16.1309, val_mae 15.2372, val_rmse 21.0410, val_r2 0.3838, val_pearson 0.6397, lr 3.00e-04 ---
2026-09-30 22:32:29,894 - INFO - 
****************************************************************************************************
2026-09-30 22:32:31,168 - INFO - --- training epoch 91, loss 13.5942, mae 14.0840, rmse 19.1298, time elapsed(min) 0.01---
2026-09-30 22:32:31,336 - INFO - --- validation at epoch 91, val_loss 16.6780, val_mae 15.5270, val_rmse 21.3679, val_r2 0.3645, val_pearson 0.6300, lr 3.00e-04 ---
2026-09-30 22:32:31,336 - INFO - 
****************************************************************************************************
2026-09-30 22:32:32,344 - INFO - --- training epoch 92, loss 13.6450, mae 14.1367, rmse 19.2191, time elapsed(min) 0.01---
2026-09-30 22:32:32,525 - INFO - --- validation at epoch 92, val_loss 16.0986, val_mae 15.0265, val_rmse 21.2020, val_r2 0.3743, val_pearson 0.6391, lr 3.00e-04 ---
2026-09-30 22:32:32,525 - INFO - 
****************************************************************************************************
2026-09-30 22:32:33,769 - INFO - --- training epoch 93, loss 13.6663, mae 14.1587, rmse 19.1541, time elapsed(min) 0.01---
2026-09-30 22:32:33,931 - INFO - --- validation at epoch 93, val_loss 16.8870, val_mae 15.4919, val_rmse 21.3733, val_r2 0.3642, val_pearson 0.6279, lr 3.00e-04 ---
2026-09-30 22:32:33,931 - INFO - 
****************************************************************************************************
2026-09-30 22:32:35,298 - INFO - --- training epoch 94, loss 14.0197, mae 14.5112, rmse 19.2396, time elapsed(min) 0.02---
2026-09-30 22:32:35,460 - INFO - --- validation at epoch 94, val_loss 15.7789, val_mae 14.9755, val_rmse 21.6753, val_r2 0.3461, val_pearson 0.6400, lr 3.00e-04 ---
2026-09-30 22:32:35,460 - INFO - 
****************************************************************************************************
2026-09-30 22:32:36,819 - INFO - --- training epoch 95, loss 13.5340, mae 14.0247, rmse 18.8792, time elapsed(min) 0.02---
2026-09-30 22:32:37,207 - INFO - --- validation at epoch 95, val_loss 15.3345, val_mae 14.5871, val_rmse 20.8651, val_r2 0.3941, val_pearson 0.6478, lr 3.00e-04 ---
2026-09-30 22:32:37,207 - INFO - 
****************************************************************************************************
2026-09-30 22:32:38,453 - INFO - --- training epoch 96, loss 13.4885, mae 13.9794, rmse 18.8497, time elapsed(min) 0.01---
2026-09-30 22:32:38,619 - INFO - --- validation at epoch 96, val_loss 16.2126, val_mae 14.9552, val_rmse 20.8223, val_r2 0.3965, val_pearson 0.6507, lr 3.00e-04 ---
2026-09-30 22:32:38,619 - INFO - 
****************************************************************************************************
2026-09-30 22:32:39,646 - INFO - --- training epoch 97, loss 13.3475, mae 13.8383, rmse 18.7281, time elapsed(min) 0.01---
2026-09-30 22:32:39,810 - INFO - --- validation at epoch 97, val_loss 15.9195, val_mae 14.9585, val_rmse 20.7193, val_r2 0.4025, val_pearson 0.6612, lr 3.00e-04 ---
2026-09-30 22:32:39,810 - INFO - 
****************************************************************************************************
2026-09-30 22:32:41,026 - INFO - --- training epoch 98, loss 13.0911, mae 13.5832, rmse 18.3013, time elapsed(min) 0.01---
2026-09-30 22:32:41,195 - INFO - --- validation at epoch 98, val_loss 16.6630, val_mae 15.6784, val_rmse 21.4429, val_r2 0.3600, val_pearson 0.6398, lr 3.00e-04 ---
2026-09-30 22:32:41,195 - INFO - 
****************************************************************************************************
2026-09-30 22:32:42,421 - INFO - --- training epoch 99, loss 13.6355, mae 14.1263, rmse 18.8637, time elapsed(min) 0.01---
2026-09-30 22:32:42,597 - INFO - --- validation at epoch 99, val_loss 16.2021, val_mae 15.3422, val_rmse 20.6361, val_r2 0.4073, val_pearson 0.6478, lr 3.00e-04 ---
2026-09-30 22:32:42,597 - INFO - 
****************************************************************************************************
2026-09-30 22:32:43,855 - INFO - --- training epoch 100, loss 13.0956, mae 13.5864, rmse 18.3052, time elapsed(min) 0.01---
2026-09-30 22:32:44,025 - INFO - --- validation at epoch 100, val_loss 16.4471, val_mae 14.7963, val_rmse 20.4494, val_r2 0.4180, val_pearson 0.6608, lr 3.00e-04 ---
2026-09-30 22:32:44,025 - INFO - 
****************************************************************************************************
2026-09-30 22:32:45,426 - INFO - --- training epoch 101, loss 13.4595, mae 13.9503, rmse 18.4986, time elapsed(min) 0.02---
2026-09-30 22:32:45,595 - INFO - --- validation at epoch 101, val_loss 15.9952, val_mae 15.0908, val_rmse 19.8704, val_r2 0.4504, val_pearson 0.6774, lr 3.00e-04 ---
2026-09-30 22:32:45,595 - INFO - 
****************************************************************************************************
2026-09-30 22:32:46,631 - INFO - --- training epoch 102, loss 13.3284, mae 13.8193, rmse 18.4567, time elapsed(min) 0.01---
2026-09-30 22:32:46,806 - INFO - --- validation at epoch 102, val_loss 16.5828, val_mae 15.6147, val_rmse 21.7052, val_r2 0.3443, val_pearson 0.6218, lr 3.00e-04 ---
2026-09-30 22:32:46,807 - INFO - 
****************************************************************************************************
2026-09-30 22:32:47,994 - INFO - --- training epoch 103, loss 13.6816, mae 14.1730, rmse 18.7324, time elapsed(min) 0.01---
2026-09-30 22:32:48,160 - INFO - --- validation at epoch 103, val_loss 16.5009, val_mae 14.9200, val_rmse 19.9691, val_r2 0.4450, val_pearson 0.6698, lr 3.00e-04 ---
2026-09-30 22:32:48,160 - INFO - 
****************************************************************************************************
2026-09-30 22:32:49,384 - INFO - --- training epoch 104, loss 13.4612, mae 13.9545, rmse 18.4602, time elapsed(min) 0.01---
2026-09-30 22:32:49,541 - INFO - --- validation at epoch 104, val_loss 15.3867, val_mae 14.3259, val_rmse 19.4367, val_r2 0.4742, val_pearson 0.6959, lr 3.00e-04 ---
2026-09-30 22:32:49,542 - INFO - 
****************************************************************************************************
2026-09-30 22:32:50,796 - INFO - --- training epoch 105, loss 13.0374, mae 13.5306, rmse 17.9561, time elapsed(min) 0.01---
2026-09-30 22:32:50,957 - INFO - --- validation at epoch 105, val_loss 15.6626, val_mae 14.5419, val_rmse 19.8700, val_r2 0.4505, val_pearson 0.6845, lr 3.00e-04 ---
2026-09-30 22:32:50,957 - INFO - 
****************************************************************************************************
2026-09-30 22:32:52,192 - INFO - --- training epoch 106, loss 12.6395, mae 13.1291, rmse 17.6908, time elapsed(min) 0.01---
2026-09-30 22:32:52,556 - INFO - --- validation at epoch 106, val_loss 14.4566, val_mae 14.0220, val_rmse 18.8675, val_r2 0.5045, val_pearson 0.7160, lr 3.00e-04 ---
2026-09-30 22:32:52,556 - INFO - 
****************************************************************************************************
2026-09-30 22:32:53,785 - INFO - --- training epoch 107, loss 12.4359, mae 12.9254, rmse 17.5181, time elapsed(min) 0.01---
2026-09-30 22:32:53,956 - INFO - --- validation at epoch 107, val_loss 14.0518, val_mae 13.3417, val_rmse 18.6234, val_r2 0.5173, val_pearson 0.7328, lr 3.00e-04 ---
2026-09-30 22:32:53,956 - INFO - 
****************************************************************************************************
2026-09-30 22:32:55,064 - INFO - --- training epoch 108, loss 11.9466, mae 12.4361, rmse 16.6997, time elapsed(min) 0.01---
2026-09-30 22:32:55,222 - INFO - --- validation at epoch 108, val_loss 13.4739, val_mae 13.2490, val_rmse 17.7495, val_r2 0.5615, val_pearson 0.7624, lr 3.00e-04 ---
2026-09-30 22:32:55,222 - INFO - 
****************************************************************************************************
2026-09-30 22:32:56,524 - INFO - --- training epoch 109, loss 11.5080, mae 11.9966, rmse 16.0359, time elapsed(min) 0.01---
2026-09-30 22:32:56,699 - INFO - --- validation at epoch 109, val_loss 12.3954, val_mae 12.3073, val_rmse 16.3432, val_r2 0.6282, val_pearson 0.7968, lr 3.00e-04 ---
2026-09-30 22:32:56,700 - INFO - 
****************************************************************************************************
2026-09-30 22:32:58,007 - INFO - --- training epoch 110, loss 12.0170, mae 12.5080, rmse 16.6165, time elapsed(min) 0.01---
2026-09-30 22:32:58,181 - INFO - --- validation at epoch 110, val_loss 11.4260, val_mae 11.6353, val_rmse 15.6573, val_r2 0.6588, val_pearson 0.8156, lr 3.00e-04 ---
2026-09-30 22:32:58,181 - INFO - 
****************************************************************************************************
2026-09-30 22:32:59,491 - INFO - --- training epoch 111, loss 11.5912, mae 12.0825, rmse 15.9297, time elapsed(min) 0.01---
2026-09-30 22:32:59,883 - INFO - --- validation at epoch 111, val_loss 11.2620, val_mae 11.9132, val_rmse 15.9713, val_r2 0.6450, val_pearson 0.8137, lr 3.00e-04 ---
2026-09-30 22:32:59,883 - INFO - 
****************************************************************************************************
2026-09-30 22:33:01,144 - INFO - --- training epoch 112, loss 11.1365, mae 11.6265, rmse 15.5762, time elapsed(min) 0.01---
2026-09-30 22:33:01,316 - INFO - --- validation at epoch 112, val_loss 10.9417, val_mae 11.1553, val_rmse 14.8326, val_r2 0.6938, val_pearson 0.8349, lr 3.00e-04 ---
2026-09-30 22:33:01,316 - INFO - 
****************************************************************************************************
2026-09-30 22:33:02,430 - INFO - --- training epoch 113, loss 10.8140, mae 11.3011, rmse 15.3350, time elapsed(min) 0.01---
2026-09-30 22:33:02,593 - INFO - --- validation at epoch 113, val_loss 10.7086, val_mae 11.0040, val_rmse 14.6435, val_r2 0.7015, val_pearson 0.8390, lr 3.00e-04 ---
2026-09-30 22:33:02,593 - INFO - 
****************************************************************************************************
2026-09-30 22:33:03,869 - INFO - --- training epoch 114, loss 10.3387, mae 10.8240, rmse 14.7450, time elapsed(min) 0.01---
2026-09-30 22:33:04,033 - INFO - --- validation at epoch 114, val_loss 10.1335, val_mae 10.4407, val_rmse 14.2095, val_r2 0.7190, val_pearson 0.8487, lr 3.00e-04 ---
2026-09-30 22:33:04,034 - INFO - 
****************************************************************************************************
2026-09-30 22:33:05,353 - INFO - --- training epoch 115, loss 10.2416, mae 10.7291, rmse 14.6362, time elapsed(min) 0.01---
2026-09-30 22:33:05,522 - INFO - --- validation at epoch 115, val_loss 9.8027, val_mae 10.3192, val_rmse 14.3526, val_r2 0.7133, val_pearson 0.8467, lr 3.00e-04 ---
2026-09-30 22:33:05,522 - INFO - 
****************************************************************************************************
2026-09-30 22:33:07,019 - INFO - --- training epoch 116, loss 10.1983, mae 10.6866, rmse 14.7142, time elapsed(min) 0.02---
2026-09-30 22:33:07,179 - INFO - --- validation at epoch 116, val_loss 9.9675, val_mae 10.2192, val_rmse 14.1028, val_r2 0.7232, val_pearson 0.8569, lr 3.00e-04 ---
2026-09-30 22:33:07,179 - INFO - 
****************************************************************************************************
2026-09-30 22:33:08,601 - INFO - --- training epoch 117, loss 10.1907, mae 10.6777, rmse 14.6939, time elapsed(min) 0.02---
2026-09-30 22:33:08,772 - INFO - --- validation at epoch 117, val_loss 9.3433, val_mae 9.7684, val_rmse 13.6672, val_r2 0.7400, val_pearson 0.8646, lr 3.00e-04 ---
2026-09-30 22:33:08,772 - INFO - 
****************************************************************************************************
2026-09-30 22:33:09,888 - INFO - --- training epoch 118, loss 10.0214, mae 10.5094, rmse 14.4911, time elapsed(min) 0.01---
2026-09-30 22:33:10,048 - INFO - --- validation at epoch 118, val_loss 9.7591, val_mae 10.3967, val_rmse 14.5521, val_r2 0.7053, val_pearson 0.8512, lr 3.00e-04 ---
2026-09-30 22:33:10,049 - INFO - 
****************************************************************************************************
2026-09-30 22:33:11,230 - INFO - --- training epoch 119, loss 9.8525, mae 10.3377, rmse 14.4394, time elapsed(min) 0.01---
2026-09-30 22:33:11,402 - INFO - --- validation at epoch 119, val_loss 9.3575, val_mae 9.6744, val_rmse 13.6686, val_r2 0.7400, val_pearson 0.8622, lr 3.00e-04 ---
2026-09-30 22:33:11,402 - INFO - 
****************************************************************************************************
2026-09-30 22:33:12,764 - INFO - --- training epoch 120, loss 9.7644, mae 10.2528, rmse 14.2356, time elapsed(min) 0.02---
2026-09-30 22:33:12,926 - INFO - --- validation at epoch 120, val_loss 9.5028, val_mae 9.8878, val_rmse 13.8294, val_r2 0.7338, val_pearson 0.8607, lr 3.00e-04 ---
2026-09-30 22:33:12,927 - INFO - 
****************************************************************************************************
2026-09-30 22:33:14,182 - INFO - --- training epoch 121, loss 9.6388, mae 10.1261, rmse 14.1637, time elapsed(min) 0.01---
2026-09-30 22:33:14,345 - INFO - --- validation at epoch 121, val_loss 9.1713, val_mae 9.9185, val_rmse 14.1010, val_r2 0.7232, val_pearson 0.8603, lr 3.00e-04 ---
2026-09-30 22:33:14,345 - INFO - 
****************************************************************************************************
2026-09-30 22:33:15,838 - INFO - --- training epoch 122, loss 9.6099, mae 10.1003, rmse 14.1263, time elapsed(min) 0.02---
2026-09-30 22:33:16,005 - INFO - --- validation at epoch 122, val_loss 9.0732, val_mae 9.5557, val_rmse 13.8252, val_r2 0.7340, val_pearson 0.8626, lr 3.00e-04 ---
2026-09-30 22:33:16,005 - INFO - 
****************************************************************************************************
2026-09-30 22:33:17,121 - INFO - --- training epoch 123, loss 9.5541, mae 10.0398, rmse 14.0847, time elapsed(min) 0.01---
2026-09-30 22:33:17,287 - INFO - --- validation at epoch 123, val_loss 8.9269, val_mae 9.4759, val_rmse 13.5564, val_r2 0.7442, val_pearson 0.8716, lr 3.00e-04 ---
2026-09-30 22:33:17,287 - INFO - 
****************************************************************************************************
2026-09-30 22:33:18,404 - INFO - --- training epoch 124, loss 9.6074, mae 10.0960, rmse 14.1457, time elapsed(min) 0.01---
2026-09-30 22:33:18,567 - INFO - --- validation at epoch 124, val_loss 9.4938, val_mae 9.6769, val_rmse 13.7370, val_r2 0.7373, val_pearson 0.8629, lr 3.00e-04 ---
2026-09-30 22:33:18,567 - INFO - 
****************************************************************************************************
2026-09-30 22:33:19,943 - INFO - --- training epoch 125, loss 9.5038, mae 9.9925, rmse 13.9802, time elapsed(min) 0.02---
2026-09-30 22:33:20,105 - INFO - --- validation at epoch 125, val_loss 9.0227, val_mae 9.3967, val_rmse 13.4354, val_r2 0.7488, val_pearson 0.8667, lr 3.00e-04 ---
2026-09-30 22:33:20,105 - INFO - 
****************************************************************************************************
2026-09-30 22:33:21,481 - INFO - --- training epoch 126, loss 9.3599, mae 9.8454, rmse 13.9933, time elapsed(min) 0.02---
2026-09-30 22:33:21,652 - INFO - --- validation at epoch 126, val_loss 9.2434, val_mae 9.6641, val_rmse 13.5559, val_r2 0.7442, val_pearson 0.8634, lr 3.00e-04 ---
2026-09-30 22:33:21,653 - INFO - 
****************************************************************************************************
2026-09-30 22:33:23,045 - INFO - --- training epoch 127, loss 9.4102, mae 9.8975, rmse 13.8360, time elapsed(min) 0.02---
2026-09-30 22:33:23,218 - INFO - --- validation at epoch 127, val_loss 9.1185, val_mae 9.3363, val_rmse 13.1067, val_r2 0.7609, val_pearson 0.8728, lr 3.00e-04 ---
2026-09-30 22:33:23,218 - INFO - 
****************************************************************************************************
2026-09-30 22:33:24,281 - INFO - --- training epoch 128, loss 9.2935, mae 9.7816, rmse 13.8263, time elapsed(min) 0.01---
2026-09-30 22:33:24,450 - INFO - --- validation at epoch 128, val_loss 9.3853, val_mae 9.6967, val_rmse 14.0551, val_r2 0.7250, val_pearson 0.8635, lr 3.00e-04 ---
2026-09-30 22:33:24,450 - INFO - 
****************************************************************************************************
2026-09-30 22:33:25,659 - INFO - --- training epoch 129, loss 9.1937, mae 9.6811, rmse 13.5927, time elapsed(min) 0.01---
2026-09-30 22:33:25,826 - INFO - --- validation at epoch 129, val_loss 8.7455, val_mae 9.1436, val_rmse 13.1971, val_r2 0.7576, val_pearson 0.8751, lr 3.00e-04 ---
2026-09-30 22:33:25,826 - INFO - 
****************************************************************************************************
2026-09-30 22:33:27,277 - INFO - --- training epoch 130, loss 9.0392, mae 9.5230, rmse 13.5703, time elapsed(min) 0.02---
2026-09-30 22:33:27,437 - INFO - --- validation at epoch 130, val_loss 9.0128, val_mae 9.4452, val_rmse 13.3086, val_r2 0.7535, val_pearson 0.8719, lr 3.00e-04 ---
2026-09-30 22:33:27,438 - INFO - 
****************************************************************************************************
2026-09-30 22:33:28,708 - INFO - --- training epoch 131, loss 8.9659, mae 9.4501, rmse 13.4649, time elapsed(min) 0.01---
2026-09-30 22:33:28,878 - INFO - --- validation at epoch 131, val_loss 9.2653, val_mae 9.6699, val_rmse 13.9855, val_r2 0.7278, val_pearson 0.8623, lr 3.00e-04 ---
2026-09-30 22:33:28,879 - INFO - 
****************************************************************************************************
2026-09-30 22:33:30,313 - INFO - --- training epoch 132, loss 9.2765, mae 9.7625, rmse 13.8368, time elapsed(min) 0.02---
2026-09-30 22:33:30,483 - INFO - --- validation at epoch 132, val_loss 9.0893, val_mae 9.5570, val_rmse 13.3343, val_r2 0.7525, val_pearson 0.8688, lr 3.00e-04 ---
2026-09-30 22:33:30,483 - INFO - 
****************************************************************************************************
2026-09-30 22:33:31,531 - INFO - --- training epoch 133, loss 9.2541, mae 9.7411, rmse 13.6082, time elapsed(min) 0.01---
2026-09-30 22:33:31,697 - INFO - --- validation at epoch 133, val_loss 9.2076, val_mae 9.5292, val_rmse 13.7213, val_r2 0.7380, val_pearson 0.8659, lr 3.00e-04 ---
2026-09-30 22:33:31,697 - INFO - 
****************************************************************************************************
2026-09-30 22:33:32,743 - INFO - --- training epoch 134, loss 9.1275, mae 9.6158, rmse 13.5020, time elapsed(min) 0.01---
2026-09-30 22:33:32,913 - INFO - --- validation at epoch 134, val_loss 8.8659, val_mae 9.2914, val_rmse 13.3876, val_r2 0.7505, val_pearson 0.8692, lr 3.00e-04 ---
2026-09-30 22:33:32,913 - INFO - 
****************************************************************************************************
2026-09-30 22:33:34,160 - INFO - --- training epoch 135, loss 8.9307, mae 9.4173, rmse 13.3993, time elapsed(min) 0.01---
2026-09-30 22:33:34,325 - INFO - --- validation at epoch 135, val_loss 8.9906, val_mae 9.5323, val_rmse 13.7349, val_r2 0.7374, val_pearson 0.8626, lr 3.00e-04 ---
2026-09-30 22:33:34,325 - INFO - 
****************************************************************************************************
2026-09-30 22:33:35,607 - INFO - --- training epoch 136, loss 8.8813, mae 9.3674, rmse 13.3081, time elapsed(min) 0.01---
2026-09-30 22:33:35,766 - INFO - --- validation at epoch 136, val_loss 9.2202, val_mae 9.4856, val_rmse 13.4202, val_r2 0.7493, val_pearson 0.8670, lr 3.00e-04 ---
2026-09-30 22:33:35,766 - INFO - 
****************************************************************************************************
2026-09-30 22:33:36,977 - INFO - --- training epoch 137, loss 8.8979, mae 9.3830, rmse 13.3028, time elapsed(min) 0.01---
2026-09-30 22:33:37,159 - INFO - --- validation at epoch 137, val_loss 8.9231, val_mae 9.4604, val_rmse 13.1543, val_r2 0.7592, val_pearson 0.8734, lr 3.00e-04 ---
2026-09-30 22:33:37,159 - INFO - 
****************************************************************************************************
2026-09-30 22:33:38,191 - INFO - --- training epoch 138, loss 9.2574, mae 9.7455, rmse 13.5853, time elapsed(min) 0.01---
2026-09-30 22:33:38,355 - INFO - --- validation at epoch 138, val_loss 9.0761, val_mae 9.7613, val_rmse 13.7322, val_r2 0.7375, val_pearson 0.8608, lr 3.00e-04 ---
2026-09-30 22:33:38,355 - INFO - 
****************************************************************************************************
2026-09-30 22:33:39,595 - INFO - --- training epoch 139, loss 9.3693, mae 9.8557, rmse 13.6642, time elapsed(min) 0.01---
2026-09-30 22:33:39,764 - INFO - --- validation at epoch 139, val_loss 9.3110, val_mae 9.8527, val_rmse 14.1372, val_r2 0.7218, val_pearson 0.8554, lr 3.00e-04 ---
2026-09-30 22:33:39,764 - INFO - 
****************************************************************************************************
2026-09-30 22:33:41,148 - INFO - --- training epoch 140, loss 9.3394, mae 9.8254, rmse 13.8338, time elapsed(min) 0.02---
2026-09-30 22:33:41,318 - INFO - --- validation at epoch 140, val_loss 8.5350, val_mae 9.2011, val_rmse 13.5751, val_r2 0.7435, val_pearson 0.8707, lr 3.00e-04 ---
2026-09-30 22:33:41,318 - INFO - 
****************************************************************************************************
2026-09-30 22:33:42,652 - INFO - --- training epoch 141, loss 8.9914, mae 9.4786, rmse 13.4851, time elapsed(min) 0.01---
2026-09-30 22:33:42,817 - INFO - --- validation at epoch 141, val_loss 8.7731, val_mae 9.4590, val_rmse 13.8657, val_r2 0.7324, val_pearson 0.8640, lr 3.00e-04 ---
2026-09-30 22:33:42,817 - INFO - 
****************************************************************************************************
2026-09-30 22:33:44,279 - INFO - --- training epoch 142, loss 9.3323, mae 9.8197, rmse 13.9041, time elapsed(min) 0.02---
2026-09-30 22:33:44,455 - INFO - --- validation at epoch 142, val_loss 8.7382, val_mae 9.0715, val_rmse 13.0877, val_r2 0.7616, val_pearson 0.8742, lr 3.00e-04 ---
2026-09-30 22:33:44,455 - INFO - 
****************************************************************************************************
2026-09-30 22:33:45,499 - INFO - --- training epoch 143, loss 9.2221, mae 9.7102, rmse 13.5620, time elapsed(min) 0.01---
2026-09-30 22:33:45,667 - INFO - --- validation at epoch 143, val_loss 8.5411, val_mae 8.9803, val_rmse 13.0725, val_r2 0.7621, val_pearson 0.8801, lr 3.00e-04 ---
2026-09-30 22:33:45,667 - INFO - 
****************************************************************************************************
2026-09-30 22:33:46,708 - INFO - --- training epoch 144, loss 8.9527, mae 9.4404, rmse 13.3677, time elapsed(min) 0.01---
2026-09-30 22:33:46,881 - INFO - --- validation at epoch 144, val_loss 8.5869, val_mae 8.9840, val_rmse 13.1855, val_r2 0.7580, val_pearson 0.8744, lr 3.00e-04 ---
2026-09-30 22:33:46,881 - INFO - 
****************************************************************************************************
2026-09-30 22:33:48,139 - INFO - --- training epoch 145, loss 8.8452, mae 9.3306, rmse 13.3388, time elapsed(min) 0.01---
2026-09-30 22:33:48,309 - INFO - --- validation at epoch 145, val_loss 8.2503, val_mae 8.8039, val_rmse 12.8742, val_r2 0.7693, val_pearson 0.8802, lr 3.00e-04 ---
2026-09-30 22:33:48,309 - INFO - 
****************************************************************************************************
2026-09-30 22:33:49,772 - INFO - --- training epoch 146, loss 8.9765, mae 9.4618, rmse 13.3293, time elapsed(min) 0.02---
2026-09-30 22:33:49,937 - INFO - --- validation at epoch 146, val_loss 8.4811, val_mae 9.1679, val_rmse 13.3194, val_r2 0.7531, val_pearson 0.8708, lr 3.00e-04 ---
2026-09-30 22:33:49,937 - INFO - 
****************************************************************************************************
2026-09-30 22:33:51,242 - INFO - --- training epoch 147, loss 8.8179, mae 9.3033, rmse 13.4362, time elapsed(min) 0.02---
2026-09-30 22:33:51,627 - INFO - --- validation at epoch 147, val_loss 8.4486, val_mae 8.8172, val_rmse 12.7116, val_r2 0.7751, val_pearson 0.8813, lr 3.00e-04 ---
2026-09-30 22:33:51,627 - INFO - 
****************************************************************************************************
2026-09-30 22:33:52,809 - INFO - --- training epoch 148, loss 8.7862, mae 9.2694, rmse 13.3527, time elapsed(min) 0.01---
2026-09-30 22:33:52,977 - INFO - --- validation at epoch 148, val_loss 8.6050, val_mae 9.0179, val_rmse 13.1337, val_r2 0.7599, val_pearson 0.8740, lr 3.00e-04 ---
2026-09-30 22:33:52,977 - INFO - 
****************************************************************************************************
2026-09-30 22:33:54,018 - INFO - --- training epoch 149, loss 9.0435, mae 9.5275, rmse 13.5742, time elapsed(min) 0.01---
2026-09-30 22:33:54,194 - INFO - --- validation at epoch 149, val_loss 8.1460, val_mae 8.8680, val_rmse 12.7973, val_r2 0.7721, val_pearson 0.8820, lr 3.00e-04 ---
2026-09-30 22:33:54,194 - INFO - 
****************************************************************************************************
2026-09-30 22:33:55,464 - INFO - --- training epoch 150, loss 8.7688, mae 9.2537, rmse 13.2366, time elapsed(min) 0.01---
2026-09-30 22:33:55,622 - INFO - --- validation at epoch 150, val_loss 8.5117, val_mae 8.9244, val_rmse 13.1401, val_r2 0.7597, val_pearson 0.8757, lr 3.00e-04 ---
2026-09-30 22:33:55,622 - INFO - 
****************************************************************************************************
2026-09-30 22:33:56,987 - INFO - --- training epoch 151, loss 8.6257, mae 9.1087, rmse 13.0667, time elapsed(min) 0.02---
2026-09-30 22:33:57,150 - INFO - --- validation at epoch 151, val_loss 8.5052, val_mae 9.1193, val_rmse 13.5220, val_r2 0.7455, val_pearson 0.8747, lr 3.00e-04 ---
2026-09-30 22:33:57,150 - INFO - 
****************************************************************************************************
2026-09-30 22:33:58,404 - INFO - --- training epoch 152, loss 8.8984, mae 9.3848, rmse 13.6435, time elapsed(min) 0.01---
2026-09-30 22:33:58,791 - INFO - --- validation at epoch 152, val_loss 9.0791, val_mae 9.6721, val_rmse 13.9704, val_r2 0.7283, val_pearson 0.8592, lr 3.00e-04 ---
2026-09-30 22:33:58,791 - INFO - 
****************************************************************************************************
2026-09-30 22:33:59,998 - INFO - --- training epoch 153, loss 9.1335, mae 9.6181, rmse 13.9753, time elapsed(min) 0.01---
2026-09-30 22:34:00,163 - INFO - --- validation at epoch 153, val_loss 8.3624, val_mae 8.9467, val_rmse 13.1555, val_r2 0.7591, val_pearson 0.8732, lr 3.00e-04 ---
2026-09-30 22:34:00,163 - INFO - 
****************************************************************************************************
2026-09-30 22:34:01,194 - INFO - --- training epoch 154, loss 8.6900, mae 9.1748, rmse 13.2286, time elapsed(min) 0.01---
2026-09-30 22:34:01,361 - INFO - --- validation at epoch 154, val_loss 8.3237, val_mae 8.8083, val_rmse 13.0929, val_r2 0.7614, val_pearson 0.8785, lr 3.00e-04 ---
2026-09-30 22:34:01,361 - INFO - 
****************************************************************************************************
2026-09-30 22:34:02,579 - INFO - --- training epoch 155, loss 8.8106, mae 9.2978, rmse 13.3498, time elapsed(min) 0.01---
2026-09-30 22:34:02,737 - INFO - --- validation at epoch 155, val_loss 9.4366, val_mae 9.6345, val_rmse 13.7077, val_r2 0.7385, val_pearson 0.8601, lr 3.00e-04 ---
2026-09-30 22:34:02,737 - INFO - 
****************************************************************************************************
2026-09-30 22:34:03,987 - INFO - --- training epoch 156, loss 8.6856, mae 9.1708, rmse 13.2704, time elapsed(min) 0.01---
2026-09-30 22:34:04,159 - INFO - --- validation at epoch 156, val_loss 8.9366, val_mae 9.0128, val_rmse 13.0236, val_r2 0.7639, val_pearson 0.8746, lr 3.00e-04 ---
2026-09-30 22:34:04,159 - INFO - 
****************************************************************************************************
2026-09-30 22:34:05,426 - INFO - --- training epoch 157, loss 8.5684, mae 9.0523, rmse 13.1094, time elapsed(min) 0.01---
2026-09-30 22:34:05,591 - INFO - --- validation at epoch 157, val_loss 8.8396, val_mae 9.2742, val_rmse 13.6790, val_r2 0.7396, val_pearson 0.8630, lr 3.00e-04 ---
2026-09-30 22:34:05,591 - INFO - 
****************************************************************************************************
2026-09-30 22:34:06,808 - INFO - --- training epoch 158, loss 8.6927, mae 9.1814, rmse 13.1599, time elapsed(min) 0.01---
2026-09-30 22:34:06,981 - INFO - --- validation at epoch 158, val_loss 8.7889, val_mae 9.0102, val_rmse 13.2569, val_r2 0.7554, val_pearson 0.8697, lr 3.00e-04 ---
2026-09-30 22:34:06,981 - INFO - 
****************************************************************************************************
2026-09-30 22:34:08,037 - INFO - --- training epoch 159, loss 8.7858, mae 9.2700, rmse 13.4109, time elapsed(min) 0.01---
2026-09-30 22:34:08,207 - INFO - --- validation at epoch 159, val_loss 7.9730, val_mae 8.5293, val_rmse 12.4387, val_r2 0.7847, val_pearson 0.8886, lr 3.00e-04 ---
2026-09-30 22:34:08,207 - INFO - 
****************************************************************************************************
2026-09-30 22:34:09,539 - INFO - --- training epoch 160, loss 8.3937, mae 8.8776, rmse 12.9328, time elapsed(min) 0.01---
2026-09-30 22:34:09,711 - INFO - --- validation at epoch 160, val_loss 8.1888, val_mae 8.4726, val_rmse 12.6882, val_r2 0.7759, val_pearson 0.8845, lr 3.00e-04 ---
2026-09-30 22:34:09,711 - INFO - 
****************************************************************************************************
2026-09-30 22:34:10,953 - INFO - --- training epoch 161, loss 8.3466, mae 8.8304, rmse 12.9572, time elapsed(min) 0.01---
2026-09-30 22:34:11,119 - INFO - --- validation at epoch 161, val_loss 8.2044, val_mae 8.5903, val_rmse 12.4903, val_r2 0.7829, val_pearson 0.8855, lr 3.00e-04 ---
2026-09-30 22:34:11,119 - INFO - 
****************************************************************************************************
2026-09-30 22:34:12,394 - INFO - --- training epoch 162, loss 8.6573, mae 9.1427, rmse 13.0853, time elapsed(min) 0.01---
2026-09-30 22:34:12,555 - INFO - --- validation at epoch 162, val_loss 8.3870, val_mae 8.9206, val_rmse 13.1855, val_r2 0.7580, val_pearson 0.8784, lr 3.00e-04 ---
2026-09-30 22:34:12,555 - INFO - 
****************************************************************************************************
2026-09-30 22:34:13,772 - INFO - --- training epoch 163, loss 8.5221, mae 9.0096, rmse 12.9507, time elapsed(min) 0.01---
2026-09-30 22:34:13,928 - INFO - --- validation at epoch 163, val_loss 8.1262, val_mae 8.7970, val_rmse 12.8897, val_r2 0.7688, val_pearson 0.8792, lr 3.00e-04 ---
2026-09-30 22:34:13,928 - INFO - 
****************************************************************************************************
2026-09-30 22:34:14,972 - INFO - --- training epoch 164, loss 8.5044, mae 8.9890, rmse 12.9990, time elapsed(min) 0.01---
2026-09-30 22:34:15,143 - INFO - --- validation at epoch 164, val_loss 8.1634, val_mae 8.5925, val_rmse 12.7133, val_r2 0.7750, val_pearson 0.8824, lr 3.00e-04 ---
2026-09-30 22:34:15,143 - INFO - 
****************************************************************************************************
2026-09-30 22:34:16,205 - INFO - --- training epoch 165, loss 8.4503, mae 8.9343, rmse 12.9462, time elapsed(min) 0.01---
2026-09-30 22:34:16,367 - INFO - --- validation at epoch 165, val_loss 8.0700, val_mae 8.5617, val_rmse 12.4506, val_r2 0.7842, val_pearson 0.8858, lr 3.00e-04 ---
2026-09-30 22:34:16,367 - INFO - 
****************************************************************************************************
2026-09-30 22:34:17,625 - INFO - --- training epoch 166, loss 8.3464, mae 8.8304, rmse 12.8855, time elapsed(min) 0.01---
2026-09-30 22:34:17,800 - INFO - --- validation at epoch 166, val_loss 7.8377, val_mae 8.1516, val_rmse 12.3683, val_r2 0.7871, val_pearson 0.8893, lr 3.00e-04 ---
2026-09-30 22:34:17,800 - INFO - 
****************************************************************************************************
2026-09-30 22:34:19,143 - INFO - --- training epoch 167, loss 8.2614, mae 8.7453, rmse 12.8837, time elapsed(min) 0.01---
2026-09-30 22:34:19,319 - INFO - --- validation at epoch 167, val_loss 7.5002, val_mae 8.2054, val_rmse 12.2958, val_r2 0.7896, val_pearson 0.8921, lr 3.00e-04 ---
2026-09-30 22:34:19,319 - INFO - 
****************************************************************************************************
2026-09-30 22:34:20,802 - INFO - --- training epoch 168, loss 8.5047, mae 8.9906, rmse 12.9469, time elapsed(min) 0.02---
2026-09-30 22:34:20,974 - INFO - --- validation at epoch 168, val_loss 7.7805, val_mae 8.4002, val_rmse 12.3880, val_r2 0.7864, val_pearson 0.8935, lr 3.00e-04 ---
2026-09-30 22:34:20,974 - INFO - 
****************************************************************************************************
2026-09-30 22:34:22,029 - INFO - --- training epoch 169, loss 8.2912, mae 8.7774, rmse 12.7266, time elapsed(min) 0.01---
2026-09-30 22:34:22,198 - INFO - --- validation at epoch 169, val_loss 7.8928, val_mae 8.5504, val_rmse 12.4858, val_r2 0.7830, val_pearson 0.8883, lr 3.00e-04 ---
2026-09-30 22:34:22,198 - INFO - 
****************************************************************************************************
2026-09-30 22:34:23,419 - INFO - --- training epoch 170, loss 8.3536, mae 8.8386, rmse 12.7257, time elapsed(min) 0.01---
2026-09-30 22:34:23,584 - INFO - --- validation at epoch 170, val_loss 8.0635, val_mae 8.5273, val_rmse 12.5131, val_r2 0.7821, val_pearson 0.8858, lr 3.00e-04 ---
2026-09-30 22:34:23,584 - INFO - 
****************************************************************************************************
2026-09-30 22:34:24,850 - INFO - --- training epoch 171, loss 8.2073, mae 8.6913, rmse 12.7524, time elapsed(min) 0.01---
2026-09-30 22:34:25,026 - INFO - --- validation at epoch 171, val_loss 7.7047, val_mae 8.1907, val_rmse 12.3102, val_r2 0.7891, val_pearson 0.8892, lr 3.00e-04 ---
2026-09-30 22:34:25,026 - INFO - 
****************************************************************************************************
2026-09-30 22:34:26,287 - INFO - --- training epoch 172, loss 8.0577, mae 8.5386, rmse 12.6788, time elapsed(min) 0.01---
2026-09-30 22:34:26,450 - INFO - --- validation at epoch 172, val_loss 7.9623, val_mae 8.5355, val_rmse 12.6230, val_r2 0.7782, val_pearson 0.8833, lr 3.00e-04 ---
2026-09-30 22:34:26,450 - INFO - 
****************************************************************************************************
2026-09-30 22:34:27,892 - INFO - --- training epoch 173, loss 8.0818, mae 8.5667, rmse 12.6968, time elapsed(min) 0.02---
2026-09-30 22:34:28,081 - INFO - --- validation at epoch 173, val_loss 7.7705, val_mae 8.1513, val_rmse 12.5784, val_r2 0.7798, val_pearson 0.8866, lr 3.00e-04 ---
2026-09-30 22:34:28,081 - INFO - 
****************************************************************************************************
2026-09-30 22:34:29,159 - INFO - --- training epoch 174, loss 7.9881, mae 8.4713, rmse 12.6753, time elapsed(min) 0.01---
2026-09-30 22:34:29,328 - INFO - --- validation at epoch 174, val_loss 7.6840, val_mae 7.9934, val_rmse 12.0225, val_r2 0.7988, val_pearson 0.8971, lr 3.00e-04 ---
2026-09-30 22:34:29,328 - INFO - 
****************************************************************************************************
2026-09-30 22:34:30,393 - INFO - --- training epoch 175, loss 8.0769, mae 8.5618, rmse 12.6547, time elapsed(min) 0.01---
2026-09-30 22:34:30,562 - INFO - --- validation at epoch 175, val_loss 7.5160, val_mae 7.9294, val_rmse 12.0801, val_r2 0.7969, val_pearson 0.8947, lr 3.00e-04 ---
2026-09-30 22:34:30,563 - INFO - 
****************************************************************************************************
2026-09-30 22:34:31,953 - INFO - --- training epoch 176, loss 7.9582, mae 8.4411, rmse 12.2430, time elapsed(min) 0.02---
2026-09-30 22:34:32,128 - INFO - --- validation at epoch 176, val_loss 7.7688, val_mae 8.3352, val_rmse 12.5930, val_r2 0.7793, val_pearson 0.8843, lr 3.00e-04 ---
2026-09-30 22:34:32,128 - INFO - 
****************************************************************************************************
2026-09-30 22:34:33,400 - INFO - --- training epoch 177, loss 7.9185, mae 8.3995, rmse 12.4642, time elapsed(min) 0.01---
2026-09-30 22:34:33,568 - INFO - --- validation at epoch 177, val_loss 7.7292, val_mae 8.2274, val_rmse 12.4785, val_r2 0.7833, val_pearson 0.8906, lr 3.00e-04 ---
2026-09-30 22:34:33,568 - INFO - 
****************************************************************************************************
2026-09-30 22:34:35,019 - INFO - --- training epoch 178, loss 7.9924, mae 8.4757, rmse 12.4644, time elapsed(min) 0.02---
2026-09-30 22:34:35,202 - INFO - --- validation at epoch 178, val_loss 7.3857, val_mae 8.0366, val_rmse 12.3246, val_r2 0.7886, val_pearson 0.8903, lr 3.00e-04 ---
2026-09-30 22:34:35,202 - INFO - 
****************************************************************************************************
2026-09-30 22:34:36,353 - INFO - --- training epoch 179, loss 7.9662, mae 8.4491, rmse 12.5332, time elapsed(min) 0.01---
2026-09-30 22:34:36,532 - INFO - --- validation at epoch 179, val_loss 7.7384, val_mae 8.1678, val_rmse 12.3873, val_r2 0.7864, val_pearson 0.8884, lr 3.00e-04 ---
2026-09-30 22:34:36,532 - INFO - 
****************************************************************************************************
2026-09-30 22:34:37,581 - INFO - --- training epoch 180, loss 7.9596, mae 8.4449, rmse 12.5941, time elapsed(min) 0.01---
2026-09-30 22:34:37,758 - INFO - --- validation at epoch 180, val_loss 8.0338, val_mae 8.4277, val_rmse 12.9369, val_r2 0.7671, val_pearson 0.8832, lr 3.00e-04 ---
2026-09-30 22:34:37,758 - INFO - 
****************************************************************************************************
2026-09-30 22:34:39,011 - INFO - --- training epoch 181, loss 7.9677, mae 8.4508, rmse 12.4787, time elapsed(min) 0.01---
2026-09-30 22:34:39,186 - INFO - --- validation at epoch 181, val_loss 8.2269, val_mae 8.6468, val_rmse 13.1277, val_r2 0.7601, val_pearson 0.8811, lr 3.00e-04 ---
2026-09-30 22:34:39,186 - INFO - 
****************************************************************************************************
2026-09-30 22:34:40,458 - INFO - --- training epoch 182, loss 7.9454, mae 8.4284, rmse 12.6647, time elapsed(min) 0.01---
2026-09-30 22:34:40,626 - INFO - --- validation at epoch 182, val_loss 7.6680, val_mae 7.9347, val_rmse 12.3125, val_r2 0.7890, val_pearson 0.8922, lr 3.00e-04 ---
2026-09-30 22:34:40,626 - INFO - 
****************************************************************************************************
2026-09-30 22:34:42,058 - INFO - --- training epoch 183, loss 8.0694, mae 8.5538, rmse 12.7644, time elapsed(min) 0.02---
2026-09-30 22:34:42,228 - INFO - --- validation at epoch 183, val_loss 8.1165, val_mae 8.4821, val_rmse 12.4208, val_r2 0.7853, val_pearson 0.8870, lr 3.00e-04 ---
2026-09-30 22:34:42,228 - INFO - 
****************************************************************************************************
2026-09-30 22:34:43,287 - INFO - --- training epoch 184, loss 7.7471, mae 8.2266, rmse 12.3266, time elapsed(min) 0.01---
2026-09-30 22:34:43,460 - INFO - --- validation at epoch 184, val_loss 7.9081, val_mae 8.1971, val_rmse 12.5906, val_r2 0.7794, val_pearson 0.8866, lr 3.00e-04 ---
2026-09-30 22:34:43,460 - INFO - 
****************************************************************************************************
2026-09-30 22:34:44,495 - INFO - --- training epoch 185, loss 7.8791, mae 8.3595, rmse 12.6401, time elapsed(min) 0.01---
2026-09-30 22:34:44,679 - INFO - --- validation at epoch 185, val_loss 7.9419, val_mae 8.3169, val_rmse 12.6498, val_r2 0.7773, val_pearson 0.8831, lr 3.00e-04 ---
2026-09-30 22:34:44,679 - INFO - 
****************************************************************************************************
2026-09-30 22:34:45,928 - INFO - --- training epoch 186, loss 7.9013, mae 8.3851, rmse 12.5314, time elapsed(min) 0.01---
2026-09-30 22:34:46,095 - INFO - --- validation at epoch 186, val_loss 7.6427, val_mae 7.9616, val_rmse 12.4672, val_r2 0.7837, val_pearson 0.8869, lr 3.00e-04 ---
2026-09-30 22:34:46,095 - INFO - 
****************************************************************************************************
2026-09-30 22:34:47,354 - INFO - --- training epoch 187, loss 7.8354, mae 8.3187, rmse 12.4515, time elapsed(min) 0.01---
2026-09-30 22:34:47,520 - INFO - --- validation at epoch 187, val_loss 7.4104, val_mae 7.9339, val_rmse 12.2935, val_r2 0.7896, val_pearson 0.8897, lr 3.00e-04 ---
2026-09-30 22:34:47,520 - INFO - 
****************************************************************************************************
2026-09-30 22:34:48,803 - INFO - --- training epoch 188, loss 7.7036, mae 8.1850, rmse 12.4422, time elapsed(min) 0.01---
2026-09-30 22:34:49,179 - INFO - --- validation at epoch 188, val_loss 7.7843, val_mae 8.0152, val_rmse 12.4171, val_r2 0.7854, val_pearson 0.8870, lr 3.00e-04 ---
2026-09-30 22:34:49,179 - INFO - 
****************************************************************************************************
2026-09-30 22:34:50,388 - INFO - --- training epoch 189, loss 7.7787, mae 8.2615, rmse 12.4934, time elapsed(min) 0.01---
2026-09-30 22:34:50,552 - INFO - --- validation at epoch 189, val_loss 7.6802, val_mae 7.8918, val_rmse 12.3637, val_r2 0.7872, val_pearson 0.8891, lr 3.00e-04 ---
2026-09-30 22:34:50,552 - INFO - 
****************************************************************************************************
2026-09-30 22:34:51,618 - INFO - --- training epoch 190, loss 7.6086, mae 8.0917, rmse 12.3038, time elapsed(min) 0.01---
2026-09-30 22:34:51,791 - INFO - --- validation at epoch 190, val_loss 7.7875, val_mae 8.0396, val_rmse 12.3979, val_r2 0.7861, val_pearson 0.8896, lr 9.00e-05 ---
2026-09-30 22:34:51,791 - INFO - 
****************************************************************************************************
2026-09-30 22:34:53,031 - INFO - --- training epoch 191, loss 7.6197, mae 8.1040, rmse 12.3166, time elapsed(min) 0.01---
2026-09-30 22:34:53,207 - INFO - --- validation at epoch 191, val_loss 7.6846, val_mae 7.9982, val_rmse 12.4972, val_r2 0.7826, val_pearson 0.8901, lr 9.00e-05 ---
2026-09-30 22:34:53,207 - INFO - 
****************************************************************************************************
2026-09-30 22:34:54,461 - INFO - --- training epoch 192, loss 7.5719, mae 8.0549, rmse 12.2753, time elapsed(min) 0.01---
2026-09-30 22:34:54,637 - INFO - --- validation at epoch 192, val_loss 7.4873, val_mae 7.9077, val_rmse 12.0842, val_r2 0.7968, val_pearson 0.8961, lr 9.00e-05 ---
2026-09-30 22:34:54,637 - INFO - 
****************************************************************************************************
2026-09-30 22:34:55,900 - INFO - --- training epoch 193, loss 7.5299, mae 8.0116, rmse 12.1622, time elapsed(min) 0.01---
2026-09-30 22:34:56,285 - INFO - --- validation at epoch 193, val_loss 7.6369, val_mae 7.9483, val_rmse 12.3266, val_r2 0.7885, val_pearson 0.8912, lr 9.00e-05 ---
2026-09-30 22:34:56,285 - INFO - 
****************************************************************************************************
2026-09-30 22:34:57,489 - INFO - --- training epoch 194, loss 7.5218, mae 8.0006, rmse 12.1294, time elapsed(min) 0.01---
2026-09-30 22:34:57,655 - INFO - --- validation at epoch 194, val_loss 7.4979, val_mae 7.7132, val_rmse 11.9488, val_r2 0.8013, val_pearson 0.8963, lr 9.00e-05 ---
2026-09-30 22:34:57,656 - INFO - 
****************************************************************************************************
2026-09-30 22:34:58,716 - INFO - --- training epoch 195, loss 7.4491, mae 7.9318, rmse 12.0708, time elapsed(min) 0.01---
2026-09-30 22:34:58,885 - INFO - --- validation at epoch 195, val_loss 7.1770, val_mae 7.5558, val_rmse 11.9200, val_r2 0.8022, val_pearson 0.8976, lr 9.00e-05 ---
2026-09-30 22:34:58,885 - INFO - 
****************************************************************************************************
2026-09-30 22:35:00,198 - INFO - --- training epoch 196, loss 7.4569, mae 7.9401, rmse 12.0288, time elapsed(min) 0.01---
2026-09-30 22:35:00,381 - INFO - --- validation at epoch 196, val_loss 7.2277, val_mae 7.5713, val_rmse 11.9360, val_r2 0.8017, val_pearson 0.8969, lr 9.00e-05 ---
2026-09-30 22:35:00,381 - INFO - 
****************************************************************************************************
2026-09-30 22:35:01,646 - INFO - --- training epoch 197, loss 7.4917, mae 7.9739, rmse 12.1189, time elapsed(min) 0.01---
2026-09-30 22:35:01,816 - INFO - --- validation at epoch 197, val_loss 7.2315, val_mae 7.5038, val_rmse 11.7226, val_r2 0.8087, val_pearson 0.9011, lr 9.00e-05 ---
2026-09-30 22:35:01,816 - INFO - 
****************************************************************************************************
2026-09-30 22:35:03,072 - INFO - --- training epoch 198, loss 7.4408, mae 7.9230, rmse 11.9937, time elapsed(min) 0.01---
2026-09-30 22:35:03,456 - INFO - --- validation at epoch 198, val_loss 7.1896, val_mae 7.5681, val_rmse 11.9591, val_r2 0.8009, val_pearson 0.8990, lr 9.00e-05 ---
2026-09-30 22:35:03,456 - INFO - 
****************************************************************************************************
2026-09-30 22:35:04,662 - INFO - --- training epoch 199, loss 7.2323, mae 7.7121, rmse 11.9542, time elapsed(min) 0.01---
2026-09-30 22:35:04,827 - INFO - --- validation at epoch 199, val_loss 7.0449, val_mae 7.5391, val_rmse 11.9131, val_r2 0.8025, val_pearson 0.8989, lr 9.00e-05 ---
2026-09-30 22:35:04,827 - INFO - 
****************************************************************************************************
2026-09-30 22:35:05,949 - INFO - --- training epoch 200, loss 7.3097, mae 7.7902, rmse 11.9200, time elapsed(min) 0.01---
2026-09-30 22:35:06,115 - INFO - --- validation at epoch 200, val_loss 7.1844, val_mae 7.5068, val_rmse 11.8744, val_r2 0.8037, val_pearson 0.8984, lr 9.00e-05 ---
2026-09-30 22:35:06,115 - INFO - 
****************************************************************************************************
2026-09-30 22:35:07,338 - INFO - --- training epoch 201, loss 7.3900, mae 7.8690, rmse 12.1289, time elapsed(min) 0.01---
2026-09-30 22:35:07,505 - INFO - --- validation at epoch 201, val_loss 7.5580, val_mae 7.7716, val_rmse 11.9686, val_r2 0.8006, val_pearson 0.8955, lr 9.00e-05 ---
2026-09-30 22:35:07,505 - INFO - 
****************************************************************************************************
2026-09-30 22:35:08,782 - INFO - --- training epoch 202, loss 7.4589, mae 7.9386, rmse 12.3002, time elapsed(min) 0.01---
2026-09-30 22:35:08,959 - INFO - --- validation at epoch 202, val_loss 7.2392, val_mae 7.5576, val_rmse 11.7687, val_r2 0.8072, val_pearson 0.8992, lr 9.00e-05 ---
2026-09-30 22:35:08,959 - INFO - 
****************************************************************************************************
2026-09-30 22:35:10,228 - INFO - --- training epoch 203, loss 7.2594, mae 7.7400, rmse 11.8188, time elapsed(min) 0.01---
2026-09-30 22:35:10,416 - INFO - --- validation at epoch 203, val_loss 7.3256, val_mae 7.5222, val_rmse 11.7387, val_r2 0.8082, val_pearson 0.8999, lr 9.00e-05 ---
2026-09-30 22:35:10,417 - INFO - 
****************************************************************************************************
2026-09-30 22:35:11,870 - INFO - --- training epoch 204, loss 7.3452, mae 7.8278, rmse 12.0004, time elapsed(min) 0.02---
2026-09-30 22:35:12,036 - INFO - --- validation at epoch 204, val_loss 7.2031, val_mae 7.5683, val_rmse 11.8700, val_r2 0.8039, val_pearson 0.8986, lr 9.00e-05 ---
2026-09-30 22:35:12,036 - INFO - 
****************************************************************************************************
2026-09-30 22:35:13,090 - INFO - --- training epoch 205, loss 7.2842, mae 7.7631, rmse 11.8985, time elapsed(min) 0.01---
2026-09-30 22:35:13,257 - INFO - --- validation at epoch 205, val_loss 7.2455, val_mae 7.5876, val_rmse 11.9697, val_r2 0.8006, val_pearson 0.8974, lr 9.00e-05 ---
2026-09-30 22:35:13,257 - INFO - 
****************************************************************************************************
2026-09-30 22:35:14,452 - INFO - --- training epoch 206, loss 7.2674, mae 7.7475, rmse 11.9880, time elapsed(min) 0.01---
2026-09-30 22:35:14,621 - INFO - --- validation at epoch 206, val_loss 7.3797, val_mae 7.6404, val_rmse 12.0833, val_r2 0.7968, val_pearson 0.8961, lr 9.00e-05 ---
2026-09-30 22:35:14,621 - INFO - 
****************************************************************************************************
2026-09-30 22:35:15,871 - INFO - --- training epoch 207, loss 7.3984, mae 7.8797, rmse 12.0064, time elapsed(min) 0.01---
2026-09-30 22:35:16,037 - INFO - --- validation at epoch 207, val_loss 7.4192, val_mae 7.5765, val_rmse 11.9287, val_r2 0.8019, val_pearson 0.8969, lr 9.00e-05 ---
2026-09-30 22:35:16,037 - INFO - 
****************************************************************************************************
2026-09-30 22:35:17,301 - INFO - --- training epoch 208, loss 7.3018, mae 7.7846, rmse 11.9286, time elapsed(min) 0.01---
2026-09-30 22:35:17,471 - INFO - --- validation at epoch 208, val_loss 7.3112, val_mae 7.5489, val_rmse 11.7301, val_r2 0.8085, val_pearson 0.9003, lr 9.00e-05 ---
2026-09-30 22:35:17,471 - INFO - 
****************************************************************************************************
2026-09-30 22:35:18,892 - INFO - --- training epoch 209, loss 7.2694, mae 7.7495, rmse 11.8300, time elapsed(min) 0.02---
2026-09-30 22:35:19,053 - INFO - --- validation at epoch 209, val_loss 7.4573, val_mae 7.7032, val_rmse 12.1139, val_r2 0.7957, val_pearson 0.8944, lr 9.00e-05 ---
2026-09-30 22:35:19,053 - INFO - 
****************************************************************************************************
2026-09-30 22:35:20,098 - INFO - --- training epoch 210, loss 7.3227, mae 7.8022, rmse 11.9738, time elapsed(min) 0.01---
2026-09-30 22:35:20,273 - INFO - --- validation at epoch 210, val_loss 7.4234, val_mae 7.5654, val_rmse 11.9160, val_r2 0.8024, val_pearson 0.8982, lr 9.00e-05 ---
2026-09-30 22:35:20,273 - INFO - 
****************************************************************************************************
2026-09-30 22:35:21,336 - INFO - --- training epoch 211, loss 7.1427, mae 7.6230, rmse 11.7912, time elapsed(min) 0.01---
2026-09-30 22:35:21,502 - INFO - --- validation at epoch 211, val_loss 7.4374, val_mae 7.5299, val_rmse 11.8145, val_r2 0.8057, val_pearson 0.8985, lr 2.70e-05 ---
2026-09-30 22:35:21,502 - INFO - 
****************************************************************************************************
2026-09-30 22:35:22,874 - INFO - --- training epoch 212, loss 7.1857, mae 7.6648, rmse 11.8203, time elapsed(min) 0.02---
2026-09-30 22:35:23,040 - INFO - --- validation at epoch 212, val_loss 7.3117, val_mae 7.4652, val_rmse 11.7841, val_r2 0.8067, val_pearson 0.8994, lr 2.70e-05 ---
2026-09-30 22:35:23,040 - INFO - 
****************************************************************************************************
2026-09-30 22:35:24,413 - INFO - --- training epoch 213, loss 7.2519, mae 7.7326, rmse 11.8453, time elapsed(min) 0.02---
2026-09-30 22:35:24,583 - INFO - --- validation at epoch 213, val_loss 7.2670, val_mae 7.3946, val_rmse 11.7462, val_r2 0.8080, val_pearson 0.9000, lr 2.70e-05 ---
2026-09-30 22:35:24,583 - INFO - 
****************************************************************************************************
2026-09-30 22:35:26,015 - INFO - --- training epoch 214, loss 7.2927, mae 7.7750, rmse 11.9468, time elapsed(min) 0.02---
2026-09-30 22:35:26,176 - INFO - --- validation at epoch 214, val_loss 7.3466, val_mae 7.4584, val_rmse 11.7998, val_r2 0.8062, val_pearson 0.8994, lr 2.70e-05 ---
2026-09-30 22:35:26,176 - INFO - 
****************************************************************************************************
2026-09-30 22:35:27,226 - INFO - --- training epoch 215, loss 7.1252, mae 7.6058, rmse 11.7681, time elapsed(min) 0.01---
2026-09-30 22:35:27,400 - INFO - --- validation at epoch 215, val_loss 7.3151, val_mae 7.4771, val_rmse 11.7808, val_r2 0.8068, val_pearson 0.8996, lr 2.70e-05 ---
2026-09-30 22:35:27,400 - INFO - 
****************************************************************************************************
2026-09-30 22:35:28,465 - INFO - --- training epoch 216, loss 7.0523, mae 7.5301, rmse 11.5776, time elapsed(min) 0.01---
2026-09-30 22:35:28,633 - INFO - --- validation at epoch 216, val_loss 7.3634, val_mae 7.4992, val_rmse 11.8098, val_r2 0.8059, val_pearson 0.8995, lr 2.70e-05 ---
2026-09-30 22:35:28,633 - INFO - 
****************************************************************************************************
2026-09-30 22:35:29,893 - INFO - --- training epoch 217, loss 7.1769, mae 7.6575, rmse 11.7739, time elapsed(min) 0.01---
2026-09-30 22:35:30,076 - INFO - --- validation at epoch 217, val_loss 7.3527, val_mae 7.5264, val_rmse 11.8077, val_r2 0.8059, val_pearson 0.8987, lr 2.70e-05 ---
2026-09-30 22:35:30,076 - INFO - 
****************************************************************************************************
2026-09-30 22:35:31,343 - INFO - --- training epoch 218, loss 7.1778, mae 7.6598, rmse 11.7897, time elapsed(min) 0.01---
2026-09-30 22:35:31,514 - INFO - --- validation at epoch 218, val_loss 7.3346, val_mae 7.4881, val_rmse 11.8371, val_r2 0.8050, val_pearson 0.8985, lr 2.70e-05 ---
2026-09-30 22:35:31,514 - INFO - 
****************************************************************************************************
2026-09-30 22:35:32,730 - INFO - --- training epoch 219, loss 7.1564, mae 7.6375, rmse 11.7589, time elapsed(min) 0.01---
2026-09-30 22:35:32,897 - INFO - --- validation at epoch 219, val_loss 7.3368, val_mae 7.4668, val_rmse 11.8682, val_r2 0.8040, val_pearson 0.8983, lr 2.70e-05 ---
2026-09-30 22:35:32,897 - INFO - 
****************************************************************************************************
2026-09-30 22:35:33,951 - INFO - --- training epoch 220, loss 7.1531, mae 7.6329, rmse 11.8331, time elapsed(min) 0.01---
2026-09-30 22:35:34,122 - INFO - --- validation at epoch 220, val_loss 7.2620, val_mae 7.4509, val_rmse 11.7447, val_r2 0.8080, val_pearson 0.8999, lr 2.70e-05 ---
2026-09-30 22:35:34,122 - INFO - 
****************************************************************************************************
2026-09-30 22:35:35,333 - INFO - --- training epoch 221, loss 7.0550, mae 7.5360, rmse 11.7079, time elapsed(min) 0.01---
2026-09-30 22:35:35,506 - INFO - --- validation at epoch 221, val_loss 7.3087, val_mae 7.5056, val_rmse 11.8299, val_r2 0.8052, val_pearson 0.8988, lr 2.70e-05 ---
2026-09-30 22:35:35,506 - INFO - 
****************************************************************************************************
2026-09-30 22:35:36,933 - INFO - --- training epoch 222, loss 7.0894, mae 7.5684, rmse 11.7165, time elapsed(min) 0.02---
2026-09-30 22:35:37,098 - INFO - --- validation at epoch 222, val_loss 7.2909, val_mae 7.4713, val_rmse 11.7846, val_r2 0.8067, val_pearson 0.8994, lr 8.10e-06 ---
2026-09-30 22:35:37,098 - INFO - 
****************************************************************************************************
2026-09-30 22:35:38,381 - INFO - --- training epoch 223, loss 7.1495, mae 7.6307, rmse 11.8014, time elapsed(min) 0.01---
2026-09-30 22:35:38,562 - INFO - --- validation at epoch 223, val_loss 7.2717, val_mae 7.4609, val_rmse 11.7797, val_r2 0.8069, val_pearson 0.8995, lr 8.10e-06 ---
2026-09-30 22:35:38,562 - INFO - 
****************************************************************************************************
2026-09-30 22:35:39,976 - INFO - --- training epoch 224, loss 7.0946, mae 7.5758, rmse 11.7502, time elapsed(min) 0.02---
2026-09-30 22:35:40,140 - INFO - --- validation at epoch 224, val_loss 7.2842, val_mae 7.4748, val_rmse 11.8024, val_r2 0.8061, val_pearson 0.8992, lr 8.10e-06 ---
2026-09-30 22:35:40,140 - INFO - 
****************************************************************************************************
2026-09-30 22:35:41,217 - INFO - --- training epoch 225, loss 7.0875, mae 7.5676, rmse 11.8452, time elapsed(min) 0.01---
2026-09-30 22:35:41,391 - INFO - --- validation at epoch 225, val_loss 7.2347, val_mae 7.4402, val_rmse 11.7598, val_r2 0.8075, val_pearson 0.9000, lr 8.10e-06 ---
2026-09-30 22:35:41,391 - INFO - 
****************************************************************************************************
2026-09-30 22:35:42,603 - INFO - --- training epoch 226, loss 7.0927, mae 7.5733, rmse 11.7324, time elapsed(min) 0.01---
2026-09-30 22:35:42,775 - INFO - --- validation at epoch 226, val_loss 7.2647, val_mae 7.4687, val_rmse 11.7976, val_r2 0.8063, val_pearson 0.8994, lr 8.10e-06 ---
2026-09-30 22:35:42,775 - INFO - 
****************************************************************************************************
2026-09-30 22:35:44,040 - INFO - --- training epoch 227, loss 7.0377, mae 7.5166, rmse 11.6887, time elapsed(min) 0.01---
2026-09-30 22:35:44,201 - INFO - --- validation at epoch 227, val_loss 7.2252, val_mae 7.4505, val_rmse 11.7858, val_r2 0.8067, val_pearson 0.8998, lr 8.10e-06 ---
2026-09-30 22:35:44,201 - INFO - 
****************************************************************************************************
2026-09-30 22:35:45,487 - INFO - --- training epoch 228, loss 7.0131, mae 7.4912, rmse 11.7259, time elapsed(min) 0.01---
2026-09-30 22:35:45,663 - INFO - --- validation at epoch 228, val_loss 7.2048, val_mae 7.4266, val_rmse 11.7681, val_r2 0.8072, val_pearson 0.9000, lr 8.10e-06 ---
2026-09-30 22:35:45,663 - INFO - 
****************************************************************************************************
2026-09-30 22:35:46,849 - INFO - --- training epoch 229, loss 7.0884, mae 7.5696, rmse 11.7643, time elapsed(min) 0.01---
2026-09-30 22:35:47,020 - INFO - --- validation at epoch 229, val_loss 7.2055, val_mae 7.4356, val_rmse 11.7541, val_r2 0.8077, val_pearson 0.9000, lr 8.10e-06 ---
2026-09-30 22:35:47,020 - INFO - 
****************************************************************************************************
2026-09-30 22:35:48,075 - INFO - --- training epoch 230, loss 7.1680, mae 7.6485, rmse 11.7831, time elapsed(min) 0.01---
2026-09-30 22:35:48,247 - INFO - --- validation at epoch 230, val_loss 7.2421, val_mae 7.4599, val_rmse 11.7783, val_r2 0.8069, val_pearson 0.8994, lr 8.10e-06 ---
2026-09-30 22:35:48,247 - INFO - 
****************************************************************************************************
2026-09-30 22:35:49,491 - INFO - --- training epoch 231, loss 7.1394, mae 7.6217, rmse 11.8222, time elapsed(min) 0.01---
2026-09-30 22:35:49,663 - INFO - --- validation at epoch 231, val_loss 7.1958, val_mae 7.4322, val_rmse 11.7494, val_r2 0.8079, val_pearson 0.9000, lr 8.10e-06 ---
2026-09-30 22:35:49,663 - INFO - 
****************************************************************************************************
2026-09-30 22:35:51,064 - INFO - --- training epoch 232, loss 7.1565, mae 7.6383, rmse 11.7617, time elapsed(min) 0.02---
2026-09-30 22:35:51,226 - INFO - --- validation at epoch 232, val_loss 7.2027, val_mae 7.4358, val_rmse 11.7634, val_r2 0.8074, val_pearson 0.9000, lr 8.10e-06 ---
2026-09-30 22:35:51,226 - INFO - 
****************************************************************************************************
2026-09-30 22:35:52,492 - INFO - --- training epoch 233, loss 7.0238, mae 7.5022, rmse 11.6662, time elapsed(min) 0.01---
2026-09-30 22:35:52,658 - INFO - --- validation at epoch 233, val_loss 7.2085, val_mae 7.4424, val_rmse 11.7674, val_r2 0.8073, val_pearson 0.9000, lr 2.43e-06 ---
2026-09-30 22:35:52,658 - INFO - 
****************************************************************************************************
2026-09-30 22:35:54,086 - INFO - --- training epoch 234, loss 7.0302, mae 7.5111, rmse 11.6840, time elapsed(min) 0.02---
2026-09-30 22:35:54,254 - INFO - --- validation at epoch 234, val_loss 7.2115, val_mae 7.4451, val_rmse 11.7631, val_r2 0.8074, val_pearson 0.8999, lr 2.43e-06 ---
2026-09-30 22:35:54,254 - INFO - 
****************************************************************************************************
2026-09-30 22:35:55,302 - INFO - --- training epoch 235, loss 7.0993, mae 7.5796, rmse 11.7528, time elapsed(min) 0.01---
2026-09-30 22:35:55,478 - INFO - --- validation at epoch 235, val_loss 7.2019, val_mae 7.4382, val_rmse 11.7407, val_r2 0.8081, val_pearson 0.9001, lr 2.43e-06 ---
2026-09-30 22:35:55,478 - INFO - 
****************************************************************************************************
2026-09-30 22:35:56,512 - INFO - --- training epoch 236, loss 7.0605, mae 7.5418, rmse 11.7141, time elapsed(min) 0.01---
2026-09-30 22:35:56,689 - INFO - --- validation at epoch 236, val_loss 7.2071, val_mae 7.4411, val_rmse 11.7363, val_r2 0.8083, val_pearson 0.9001, lr 2.43e-06 ---
2026-09-30 22:35:56,689 - INFO - 
****************************************************************************************************
2026-09-30 22:35:57,949 - INFO - --- training epoch 237, loss 7.0017, mae 7.4808, rmse 11.6602, time elapsed(min) 0.01---
2026-09-30 22:35:58,119 - INFO - --- validation at epoch 237, val_loss 7.2099, val_mae 7.4393, val_rmse 11.7351, val_r2 0.8083, val_pearson 0.9001, lr 2.43e-06 ---
2026-09-30 22:35:58,119 - INFO - 
****************************************************************************************************
2026-09-30 22:35:59,395 - INFO - --- training epoch 238, loss 7.1370, mae 7.6161, rmse 11.7380, time elapsed(min) 0.01---
2026-09-30 22:35:59,570 - INFO - --- validation at epoch 238, val_loss 7.1999, val_mae 7.4303, val_rmse 11.7248, val_r2 0.8087, val_pearson 0.9003, lr 2.43e-06 ---
2026-09-30 22:35:59,571 - INFO - 
****************************************************************************************************
2026-09-30 22:36:00,955 - INFO - --- training epoch 239, loss 7.1020, mae 7.5799, rmse 11.7238, time elapsed(min) 0.02---
2026-09-30 22:36:01,121 - INFO - --- validation at epoch 239, val_loss 7.2007, val_mae 7.4305, val_rmse 11.7285, val_r2 0.8085, val_pearson 0.9003, lr 2.43e-06 ---
2026-09-30 22:36:01,121 - INFO - 
****************************************************************************************************
2026-09-30 22:36:02,161 - INFO - --- training epoch 240, loss 7.0589, mae 7.5394, rmse 11.7032, time elapsed(min) 0.01---
2026-09-30 22:36:02,335 - INFO - --- validation at epoch 240, val_loss 7.1965, val_mae 7.4232, val_rmse 11.7297, val_r2 0.8085, val_pearson 0.9004, lr 2.43e-06 ---
2026-09-30 22:36:02,335 - INFO - 
****************************************************************************************************
2026-09-30 22:36:03,556 - INFO - --- training epoch 241, loss 7.1466, mae 7.6272, rmse 11.7024, time elapsed(min) 0.01---
2026-09-30 22:36:03,727 - INFO - --- validation at epoch 241, val_loss 7.1908, val_mae 7.4148, val_rmse 11.7201, val_r2 0.8088, val_pearson 0.9005, lr 2.43e-06 ---
2026-09-30 22:36:03,727 - INFO - 
****************************************************************************************************
2026-09-30 22:36:04,990 - INFO - --- training epoch 242, loss 7.0406, mae 7.5192, rmse 11.8279, time elapsed(min) 0.01---
2026-09-30 22:36:05,168 - INFO - --- validation at epoch 242, val_loss 7.1911, val_mae 7.4116, val_rmse 11.7297, val_r2 0.8085, val_pearson 0.9004, lr 2.43e-06 ---
2026-09-30 22:36:05,168 - INFO - 
****************************************************************************************************
2026-09-30 22:36:06,426 - INFO - --- training epoch 243, loss 7.1980, mae 7.6783, rmse 11.8510, time elapsed(min) 0.01---
2026-09-30 22:36:06,596 - INFO - --- validation at epoch 243, val_loss 7.1948, val_mae 7.4151, val_rmse 11.7316, val_r2 0.8084, val_pearson 0.9003, lr 2.43e-06 ---
2026-09-30 22:36:06,596 - INFO - 
****************************************************************************************************
2026-09-30 22:36:08,030 - INFO - --- training epoch 244, loss 7.0133, mae 7.4918, rmse 11.7011, time elapsed(min) 0.02---
2026-09-30 22:36:08,196 - INFO - --- validation at epoch 244, val_loss 7.1951, val_mae 7.4142, val_rmse 11.7303, val_r2 0.8085, val_pearson 0.9003, lr 1.00e-06 ---
2026-09-30 22:36:08,196 - INFO - 
****************************************************************************************************
2026-09-30 22:36:09,254 - INFO - --- training epoch 245, loss 6.9638, mae 7.4447, rmse 11.5873, time elapsed(min) 0.01---
2026-09-30 22:36:09,418 - INFO - --- validation at epoch 245, val_loss 7.1902, val_mae 7.4110, val_rmse 11.7249, val_r2 0.8087, val_pearson 0.9004, lr 1.00e-06 ---
2026-09-30 22:36:09,418 - INFO - 
****************************************************************************************************
2026-09-30 22:36:10,609 - INFO - --- training epoch 246, loss 7.1053, mae 7.5846, rmse 11.8245, time elapsed(min) 0.01---
2026-09-30 22:36:10,777 - INFO - --- validation at epoch 246, val_loss 7.1872, val_mae 7.4077, val_rmse 11.7235, val_r2 0.8087, val_pearson 0.9004, lr 1.00e-06 ---
2026-09-30 22:36:10,777 - INFO - 
****************************************************************************************************
2026-09-30 22:36:12,020 - INFO - --- training epoch 247, loss 7.0797, mae 7.5621, rmse 11.8269, time elapsed(min) 0.01---
2026-09-30 22:36:12,183 - INFO - --- validation at epoch 247, val_loss 7.1913, val_mae 7.4098, val_rmse 11.7284, val_r2 0.8085, val_pearson 0.9004, lr 1.00e-06 ---
2026-09-30 22:36:12,183 - INFO - 
****************************************************************************************************
2026-09-30 22:36:13,440 - INFO - --- training epoch 248, loss 7.1108, mae 7.5891, rmse 11.8064, time elapsed(min) 0.01---
2026-09-30 22:36:13,624 - INFO - --- validation at epoch 248, val_loss 7.1971, val_mae 7.4142, val_rmse 11.7343, val_r2 0.8084, val_pearson 0.9003, lr 1.00e-06 ---
2026-09-30 22:36:13,624 - INFO - 
****************************************************************************************************
2026-09-30 22:36:15,026 - INFO - --- training epoch 249, loss 7.0660, mae 7.5450, rmse 11.7335, time elapsed(min) 0.02---
2026-09-30 22:36:15,203 - INFO - --- validation at epoch 249, val_loss 7.2006, val_mae 7.4164, val_rmse 11.7335, val_r2 0.8084, val_pearson 0.9003, lr 1.00e-06 ---
2026-09-30 22:36:15,203 - INFO - 
****************************************************************************************************
2026-09-30 22:36:15,597 - INFO - --- early stopping at epoch 249: val_loss did not improve for 50 epochs ---
2026-09-30 22:36:15,800 - INFO - --- selected checkpoint from epoch 199, val_loss 7.0449, val_mae 7.5391, val_rmse 11.9131
2026-09-30 22:36:16,232 - INFO - -- RESULT
2026-09-30 22:36:16,232 - INFO - --- test size: 1187
2026-09-30 22:36:16,232 - INFO - --- MAE: 7.7561 pp, RMSE: 11.7488 pp, R2: 0.8207, Pearson: 0.9087
2026-09-30 22:36:17,318 - INFO - --- Buchwald-Hartwig | fullcv05_split70 | current_model: test R2 0.8207 MAE 7.7561 RMSE 11.7488 | 355.1s (1.4s/epoch)
2026-09-30 22:36:17,321 - INFO - --- Buchwald-Hartwig | fullcv05_split70 | approach 3 (comb/linear) (comb/linear)
