2026-09-30 23:59:55,277 - INFO - device is	cuda:0
2026-09-30 23:59:55,372 - INFO - -- CONFIGURATIONS
2026-09-30 23:59:55,372 - INFO - --- train/valid/test: 2491/277/1187
2026-09-30 23:59:55,372 - INFO - --- max no. reactants_train, valid, test respectively: 6, 6, 6
2026-09-30 23:59:55,372 - INFO - --- max no. products_train, valid, test respectively: 1, 1, 1
2026-09-30 23:59:55,372 - INFO - --- model_path: ../logs/approach2_grid_bh/e400/runs/Buchwald-Hartwig_fullcv09_split70_approach_3/model.pt
2026-09-30 23:59:55,381 - INFO - -- TRAINING
2026-09-30 23:59:56,258 - INFO - --- training epoch 0, loss 23.9965, mae 24.4928, rmse 29.7085, time elapsed(min) 0.01---
2026-09-30 23:59:56,436 - INFO - --- validation at epoch 0, val_loss 23.0969, val_mae 23.4852, val_rmse 28.6850, val_r2 -0.0947, val_pearson -0.3335, lr 1.00e-03 ---
2026-09-30 23:59:56,436 - INFO - 
****************************************************************************************************
2026-09-30 23:59:57,726 - INFO - --- training epoch 1, loss 22.8344, mae 23.3311, rmse 28.1813, time elapsed(min) 0.01---
2026-09-30 23:59:58,107 - INFO - --- validation at epoch 1, val_loss 22.7319, val_mae 23.2224, val_rmse 27.8300, val_r2 -0.0304, val_pearson 0.0205, lr 1.00e-03 ---
2026-09-30 23:59:58,108 - INFO - 
****************************************************************************************************
2026-09-30 23:59:59,392 - INFO - --- training epoch 2, loss 22.4577, mae 22.9545, rmse 27.6084, time elapsed(min) 0.01---
2026-09-30 23:59:59,566 - INFO - --- validation at epoch 2, val_loss 23.1191, val_mae 23.2621, val_rmse 28.9393, val_r2 -0.1142, val_pearson 0.1928, lr 1.00e-03 ---
2026-09-30 23:59:59,566 - INFO - 
****************************************************************************************************
2026-10-01 00:00:00,579 - INFO - --- training epoch 3, loss 22.4514, mae 22.9476, rmse 27.8657, time elapsed(min) 0.01---
2026-10-01 00:00:00,753 - INFO - --- validation at epoch 3, val_loss 22.8367, val_mae 23.1641, val_rmse 27.8245, val_r2 -0.0300, val_pearson 0.1549, lr 1.00e-03 ---
2026-10-01 00:00:00,753 - INFO - 
****************************************************************************************************
2026-10-01 00:00:01,786 - INFO - --- training epoch 4, loss 21.9441, mae 22.4409, rmse 26.8141, time elapsed(min) 0.01---
2026-10-01 00:00:01,946 - INFO - --- validation at epoch 4, val_loss 22.4511, val_mae 22.7830, val_rmse 27.0663, val_r2 0.0254, val_pearson 0.2021, lr 1.00e-03 ---
2026-10-01 00:00:01,946 - INFO - 
****************************************************************************************************
2026-10-01 00:00:03,249 - INFO - --- training epoch 5, loss 21.5761, mae 22.0731, rmse 26.3982, time elapsed(min) 0.01---
2026-10-01 00:00:03,419 - INFO - --- validation at epoch 5, val_loss 22.6515, val_mae 22.7996, val_rmse 28.6466, val_r2 -0.0918, val_pearson 0.2577, lr 1.00e-03 ---
2026-10-01 00:00:03,419 - INFO - 
****************************************************************************************************
2026-10-01 00:00:04,647 - INFO - --- training epoch 6, loss 21.0454, mae 21.5409, rmse 25.8572, time elapsed(min) 0.01---
2026-10-01 00:00:04,811 - INFO - --- validation at epoch 6, val_loss 23.3514, val_mae 23.0425, val_rmse 29.4328, val_r2 -0.1525, val_pearson 0.2869, lr 1.00e-03 ---
2026-10-01 00:00:04,812 - INFO - 
****************************************************************************************************
2026-10-01 00:00:06,076 - INFO - --- training epoch 7, loss 21.3044, mae 21.8010, rmse 26.1585, time elapsed(min) 0.01---
2026-10-01 00:00:06,242 - INFO - --- validation at epoch 7, val_loss 21.7446, val_mae 21.5552, val_rmse 26.0791, val_r2 0.0952, val_pearson 0.3439, lr 1.00e-03 ---
2026-10-01 00:00:06,242 - INFO - 
****************************************************************************************************
2026-10-01 00:00:07,532 - INFO - --- training epoch 8, loss 20.7802, mae 21.2746, rmse 25.7202, time elapsed(min) 0.01---
2026-10-01 00:00:07,703 - INFO - --- validation at epoch 8, val_loss 23.7633, val_mae 23.3254, val_rmse 30.5171, val_r2 -0.2390, val_pearson 0.3488, lr 1.00e-03 ---
2026-10-01 00:00:07,703 - INFO - 
****************************************************************************************************
2026-10-01 00:00:08,766 - INFO - --- training epoch 9, loss 21.0872, mae 21.5841, rmse 25.8789, time elapsed(min) 0.01---
2026-10-01 00:00:08,934 - INFO - --- validation at epoch 9, val_loss 22.1896, val_mae 21.7027, val_rmse 27.1249, val_r2 0.0211, val_pearson 0.3553, lr 1.00e-03 ---
2026-10-01 00:00:08,935 - INFO - 
****************************************************************************************************
2026-10-01 00:00:09,990 - INFO - --- training epoch 10, loss 20.6237, mae 21.1197, rmse 25.4579, time elapsed(min) 0.01---
2026-10-01 00:00:10,164 - INFO - --- validation at epoch 10, val_loss 22.0528, val_mae 21.2794, val_rmse 26.6544, val_r2 0.0548, val_pearson 0.4065, lr 1.00e-03 ---
2026-10-01 00:00:10,164 - INFO - 
****************************************************************************************************
2026-10-01 00:00:11,540 - INFO - --- training epoch 11, loss 20.6324, mae 21.1283, rmse 25.4610, time elapsed(min) 0.02---
2026-10-01 00:00:11,707 - INFO - --- validation at epoch 11, val_loss 21.8075, val_mae 21.1441, val_rmse 25.7888, val_r2 0.1152, val_pearson 0.3841, lr 1.00e-03 ---
2026-10-01 00:00:11,707 - INFO - 
****************************************************************************************************
2026-10-01 00:00:12,971 - INFO - --- training epoch 12, loss 20.8289, mae 21.3243, rmse 25.7582, time elapsed(min) 0.01---
2026-10-01 00:00:13,139 - INFO - --- validation at epoch 12, val_loss 21.6551, val_mae 21.2358, val_rmse 25.4948, val_r2 0.1353, val_pearson 0.3857, lr 1.00e-03 ---
2026-10-01 00:00:13,139 - INFO - 
****************************************************************************************************
2026-10-01 00:00:14,514 - INFO - --- training epoch 13, loss 20.5137, mae 21.0104, rmse 25.2354, time elapsed(min) 0.02---
2026-10-01 00:00:14,905 - INFO - --- validation at epoch 13, val_loss 21.7995, val_mae 21.0693, val_rmse 25.8434, val_r2 0.1114, val_pearson 0.3923, lr 1.00e-03 ---
2026-10-01 00:00:14,905 - INFO - 
****************************************************************************************************
2026-10-01 00:00:16,125 - INFO - --- training epoch 14, loss 19.8063, mae 20.3021, rmse 24.7881, time elapsed(min) 0.01---
2026-10-01 00:00:16,295 - INFO - --- validation at epoch 14, val_loss 22.2754, val_mae 21.6614, val_rmse 26.2217, val_r2 0.0852, val_pearson 0.3295, lr 1.00e-03 ---
2026-10-01 00:00:16,296 - INFO - 
****************************************************************************************************
2026-10-01 00:00:17,360 - INFO - --- training epoch 15, loss 21.1365, mae 21.6325, rmse 25.8787, time elapsed(min) 0.01---
2026-10-01 00:00:17,538 - INFO - --- validation at epoch 15, val_loss 22.2734, val_mae 21.9430, val_rmse 27.4531, val_r2 -0.0027, val_pearson 0.3339, lr 1.00e-03 ---
2026-10-01 00:00:17,538 - INFO - 
****************************************************************************************************
2026-10-01 00:00:18,901 - INFO - --- training epoch 16, loss 20.9768, mae 21.4735, rmse 25.6973, time elapsed(min) 0.02---
2026-10-01 00:00:19,073 - INFO - --- validation at epoch 16, val_loss 21.9186, val_mae 21.6721, val_rmse 26.0277, val_r2 0.0987, val_pearson 0.3641, lr 1.00e-03 ---
2026-10-01 00:00:19,074 - INFO - 
****************************************************************************************************
2026-10-01 00:00:20,327 - INFO - --- training epoch 17, loss 20.3633, mae 20.8587, rmse 25.2749, time elapsed(min) 0.01---
2026-10-01 00:00:20,495 - INFO - --- validation at epoch 17, val_loss 22.0997, val_mae 21.2222, val_rmse 26.1820, val_r2 0.0880, val_pearson 0.3939, lr 1.00e-03 ---
2026-10-01 00:00:20,495 - INFO - 
****************************************************************************************************
2026-10-01 00:00:21,754 - INFO - --- training epoch 18, loss 19.8204, mae 20.3151, rmse 24.8395, time elapsed(min) 0.01---
2026-10-01 00:00:22,122 - INFO - --- validation at epoch 18, val_loss 22.2815, val_mae 21.4218, val_rmse 26.3113, val_r2 0.0790, val_pearson 0.3792, lr 1.00e-03 ---
2026-10-01 00:00:22,123 - INFO - 
****************************************************************************************************
2026-10-01 00:00:23,348 - INFO - --- training epoch 19, loss 19.8313, mae 20.3265, rmse 24.9137, time elapsed(min) 0.01---
2026-10-01 00:00:23,512 - INFO - --- validation at epoch 19, val_loss 21.8850, val_mae 21.0535, val_rmse 25.7123, val_r2 0.1204, val_pearson 0.3942, lr 1.00e-03 ---
2026-10-01 00:00:23,512 - INFO - 
****************************************************************************************************
2026-10-01 00:00:24,563 - INFO - --- training epoch 20, loss 19.6714, mae 20.1664, rmse 24.7772, time elapsed(min) 0.01---
2026-10-01 00:00:24,733 - INFO - --- validation at epoch 20, val_loss 22.1495, val_mae 21.1094, val_rmse 26.0764, val_r2 0.0954, val_pearson 0.3851, lr 1.00e-03 ---
2026-10-01 00:00:24,733 - INFO - 
****************************************************************************************************
2026-10-01 00:00:25,948 - INFO - --- training epoch 21, loss 19.6866, mae 20.1824, rmse 24.8002, time elapsed(min) 0.01---
2026-10-01 00:00:26,123 - INFO - --- validation at epoch 21, val_loss 21.3422, val_mae 20.6045, val_rmse 25.6661, val_r2 0.1236, val_pearson 0.4267, lr 1.00e-03 ---
2026-10-01 00:00:26,124 - INFO - 
****************************************************************************************************
2026-10-01 00:00:27,605 - INFO - --- training epoch 22, loss 19.8303, mae 20.3249, rmse 25.1966, time elapsed(min) 0.02---
2026-10-01 00:00:27,769 - INFO - --- validation at epoch 22, val_loss 21.9476, val_mae 20.9648, val_rmse 26.1617, val_r2 0.0894, val_pearson 0.3658, lr 1.00e-03 ---
2026-10-01 00:00:27,769 - INFO - 
****************************************************************************************************
2026-10-01 00:00:29,047 - INFO - --- training epoch 23, loss 19.7596, mae 20.2535, rmse 25.0660, time elapsed(min) 0.01---
2026-10-01 00:00:29,209 - INFO - --- validation at epoch 23, val_loss 21.8353, val_mae 20.5399, val_rmse 25.5326, val_r2 0.1327, val_pearson 0.4281, lr 1.00e-03 ---
2026-10-01 00:00:29,209 - INFO - 
****************************************************************************************************
2026-10-01 00:00:30,625 - INFO - --- training epoch 24, loss 18.3542, mae 18.8477, rmse 23.8666, time elapsed(min) 0.02---
2026-10-01 00:00:30,792 - INFO - --- validation at epoch 24, val_loss 21.1180, val_mae 19.7084, val_rmse 25.0789, val_r2 0.1632, val_pearson 0.4760, lr 1.00e-03 ---
2026-10-01 00:00:30,792 - INFO - 
****************************************************************************************************
2026-10-01 00:00:31,909 - INFO - --- training epoch 25, loss 17.3855, mae 17.8775, rmse 22.4249, time elapsed(min) 0.01---
2026-10-01 00:00:32,077 - INFO - --- validation at epoch 25, val_loss 18.5547, val_mae 18.3105, val_rmse 23.1254, val_r2 0.2885, val_pearson 0.5827, lr 1.00e-03 ---
2026-10-01 00:00:32,077 - INFO - 
****************************************************************************************************
2026-10-01 00:00:33,205 - INFO - --- training epoch 26, loss 16.8741, mae 17.3663, rmse 21.5212, time elapsed(min) 0.01---
2026-10-01 00:00:33,377 - INFO - --- validation at epoch 26, val_loss 19.6927, val_mae 19.4192, val_rmse 24.8287, val_r2 0.1799, val_pearson 0.5340, lr 1.00e-03 ---
2026-10-01 00:00:33,377 - INFO - 
****************************************************************************************************
2026-10-01 00:00:34,625 - INFO - --- training epoch 27, loss 16.6792, mae 17.1735, rmse 21.4369, time elapsed(min) 0.01---
2026-10-01 00:00:34,796 - INFO - --- validation at epoch 27, val_loss 19.0934, val_mae 18.4242, val_rmse 23.3517, val_r2 0.2745, val_pearson 0.5863, lr 1.00e-03 ---
2026-10-01 00:00:34,796 - INFO - 
****************************************************************************************************
2026-10-01 00:00:36,078 - INFO - --- training epoch 28, loss 15.9486, mae 16.4436, rmse 20.5336, time elapsed(min) 0.01---
2026-10-01 00:00:36,244 - INFO - --- validation at epoch 28, val_loss 17.3359, val_mae 17.1267, val_rmse 21.5628, val_r2 0.3814, val_pearson 0.6461, lr 1.00e-03 ---
2026-10-01 00:00:36,244 - INFO - 
****************************************************************************************************
2026-10-01 00:00:37,743 - INFO - --- training epoch 29, loss 15.8004, mae 16.2935, rmse 20.2698, time elapsed(min) 0.02---
2026-10-01 00:00:37,912 - INFO - --- validation at epoch 29, val_loss 17.7144, val_mae 18.0770, val_rmse 22.7890, val_r2 0.3091, val_pearson 0.6431, lr 1.00e-03 ---
2026-10-01 00:00:37,912 - INFO - 
****************************************************************************************************
2026-10-01 00:00:38,968 - INFO - --- training epoch 30, loss 15.3111, mae 15.8065, rmse 19.6981, time elapsed(min) 0.01---
2026-10-01 00:00:39,135 - INFO - --- validation at epoch 30, val_loss 18.4491, val_mae 18.4959, val_rmse 23.4320, val_r2 0.2695, val_pearson 0.6595, lr 1.00e-03 ---
2026-10-01 00:00:39,135 - INFO - 
****************************************************************************************************
2026-10-01 00:00:40,335 - INFO - --- training epoch 31, loss 16.0321, mae 16.5274, rmse 20.6867, time elapsed(min) 0.01---
2026-10-01 00:00:40,504 - INFO - --- validation at epoch 31, val_loss 19.2897, val_mae 19.4168, val_rmse 25.5558, val_r2 0.1311, val_pearson 0.6292, lr 1.00e-03 ---
2026-10-01 00:00:40,504 - INFO - 
****************************************************************************************************
2026-10-01 00:00:41,739 - INFO - --- training epoch 32, loss 15.2886, mae 15.7806, rmse 19.6188, time elapsed(min) 0.01---
2026-10-01 00:00:41,906 - INFO - --- validation at epoch 32, val_loss 15.4842, val_mae 16.0535, val_rmse 19.9630, val_r2 0.4698, val_pearson 0.6997, lr 1.00e-03 ---
2026-10-01 00:00:41,907 - INFO - 
****************************************************************************************************
2026-10-01 00:00:43,259 - INFO - --- training epoch 33, loss 14.3004, mae 14.7940, rmse 18.4417, time elapsed(min) 0.01---
2026-10-01 00:00:43,426 - INFO - --- validation at epoch 33, val_loss 16.0299, val_mae 16.1843, val_rmse 20.5664, val_r2 0.4373, val_pearson 0.7297, lr 1.00e-03 ---
2026-10-01 00:00:43,426 - INFO - 
****************************************************************************************************
2026-10-01 00:00:44,703 - INFO - --- training epoch 34, loss 13.8481, mae 14.3421, rmse 18.0258, time elapsed(min) 0.01---
2026-10-01 00:00:45,074 - INFO - --- validation at epoch 34, val_loss 16.2205, val_mae 15.9949, val_rmse 20.1301, val_r2 0.4609, val_pearson 0.7427, lr 1.00e-03 ---
2026-10-01 00:00:45,074 - INFO - 
****************************************************************************************************
2026-10-01 00:00:46,275 - INFO - --- training epoch 35, loss 14.2818, mae 14.7740, rmse 18.6131, time elapsed(min) 0.01---
2026-10-01 00:00:46,444 - INFO - --- validation at epoch 35, val_loss 18.3298, val_mae 17.5350, val_rmse 22.5172, val_r2 0.3255, val_pearson 0.6757, lr 1.00e-03 ---
2026-10-01 00:00:46,445 - INFO - 
****************************************************************************************************
2026-10-01 00:00:47,514 - INFO - --- training epoch 36, loss 14.8458, mae 15.3403, rmse 19.2371, time elapsed(min) 0.01---
2026-10-01 00:00:47,683 - INFO - --- validation at epoch 36, val_loss 15.9957, val_mae 15.6642, val_rmse 19.5976, val_r2 0.4890, val_pearson 0.7106, lr 1.00e-03 ---
2026-10-01 00:00:47,683 - INFO - 
****************************************************************************************************
2026-10-01 00:00:48,942 - INFO - --- training epoch 37, loss 14.3597, mae 14.8528, rmse 18.5903, time elapsed(min) 0.01---
2026-10-01 00:00:49,108 - INFO - --- validation at epoch 37, val_loss 17.0604, val_mae 17.1825, val_rmse 21.3995, val_r2 0.3908, val_pearson 0.7391, lr 1.00e-03 ---
2026-10-01 00:00:49,108 - INFO - 
****************************************************************************************************
2026-10-01 00:00:50,373 - INFO - --- training epoch 38, loss 13.8593, mae 14.3513, rmse 18.1765, time elapsed(min) 0.01---
2026-10-01 00:00:50,536 - INFO - --- validation at epoch 38, val_loss 16.9065, val_mae 17.0506, val_rmse 21.3716, val_r2 0.3923, val_pearson 0.7532, lr 1.00e-03 ---
2026-10-01 00:00:50,536 - INFO - 
****************************************************************************************************
2026-10-01 00:00:51,846 - INFO - --- training epoch 39, loss 13.8374, mae 14.3290, rmse 17.9308, time elapsed(min) 0.02---
2026-10-01 00:00:52,033 - INFO - --- validation at epoch 39, val_loss 15.9848, val_mae 16.6897, val_rmse 20.5423, val_r2 0.4386, val_pearson 0.7448, lr 1.00e-03 ---
2026-10-01 00:00:52,033 - INFO - 
****************************************************************************************************
2026-10-01 00:00:53,232 - INFO - --- training epoch 40, loss 13.4817, mae 13.9739, rmse 17.6887, time elapsed(min) 0.01---
2026-10-01 00:00:53,396 - INFO - --- validation at epoch 40, val_loss 15.7087, val_mae 15.9471, val_rmse 20.1232, val_r2 0.4613, val_pearson 0.7300, lr 1.00e-03 ---
2026-10-01 00:00:53,396 - INFO - 
****************************************************************************************************
2026-10-01 00:00:54,459 - INFO - --- training epoch 41, loss 13.2834, mae 13.7751, rmse 17.4717, time elapsed(min) 0.01---
2026-10-01 00:00:54,637 - INFO - --- validation at epoch 41, val_loss 14.8343, val_mae 14.8553, val_rmse 19.1605, val_r2 0.5116, val_pearson 0.7561, lr 1.00e-03 ---
2026-10-01 00:00:54,637 - INFO - 
****************************************************************************************************
2026-10-01 00:00:55,770 - INFO - --- training epoch 42, loss 12.9451, mae 13.4370, rmse 17.1072, time elapsed(min) 0.01---
2026-10-01 00:00:55,956 - INFO - --- validation at epoch 42, val_loss 13.8557, val_mae 14.3127, val_rmse 18.3535, val_r2 0.5518, val_pearson 0.7611, lr 1.00e-03 ---
2026-10-01 00:00:55,956 - INFO - 
****************************************************************************************************
2026-10-01 00:00:57,298 - INFO - --- training epoch 43, loss 12.6733, mae 13.1674, rmse 16.8099, time elapsed(min) 0.01---
2026-10-01 00:00:57,468 - INFO - --- validation at epoch 43, val_loss 14.3698, val_mae 14.8684, val_rmse 19.5340, val_r2 0.4923, val_pearson 0.7444, lr 1.00e-03 ---
2026-10-01 00:00:57,469 - INFO - 
****************************************************************************************************
2026-10-01 00:00:58,738 - INFO - --- training epoch 44, loss 12.8238, mae 13.3159, rmse 17.1187, time elapsed(min) 0.01---
2026-10-01 00:00:58,904 - INFO - --- validation at epoch 44, val_loss 13.1585, val_mae 13.3836, val_rmse 17.4212, val_r2 0.5962, val_pearson 0.7828, lr 1.00e-03 ---
2026-10-01 00:00:58,904 - INFO - 
****************************************************************************************************
2026-10-01 00:01:00,259 - INFO - --- training epoch 45, loss 12.1226, mae 12.6151, rmse 16.0941, time elapsed(min) 0.01---
2026-10-01 00:01:00,655 - INFO - --- validation at epoch 45, val_loss 13.0920, val_mae 13.3773, val_rmse 17.0659, val_r2 0.6125, val_pearson 0.7943, lr 1.00e-03 ---
2026-10-01 00:01:00,656 - INFO - 
****************************************************************************************************
2026-10-01 00:01:01,967 - INFO - --- training epoch 46, loss 11.9865, mae 12.4767, rmse 16.1484, time elapsed(min) 0.01---
2026-10-01 00:01:02,145 - INFO - --- validation at epoch 46, val_loss 13.6042, val_mae 13.7283, val_rmse 18.2438, val_r2 0.5572, val_pearson 0.7572, lr 1.00e-03 ---
2026-10-01 00:01:02,145 - INFO - 
****************************************************************************************************
2026-10-01 00:01:03,189 - INFO - --- training epoch 47, loss 12.3616, mae 12.8512, rmse 16.7462, time elapsed(min) 0.01---
2026-10-01 00:01:03,370 - INFO - --- validation at epoch 47, val_loss 13.0772, val_mae 13.4903, val_rmse 17.6529, val_r2 0.5854, val_pearson 0.7671, lr 1.00e-03 ---
2026-10-01 00:01:03,370 - INFO - 
****************************************************************************************************
2026-10-01 00:01:04,700 - INFO - --- training epoch 48, loss 12.4069, mae 12.8989, rmse 16.4907, time elapsed(min) 0.01---
2026-10-01 00:01:04,863 - INFO - --- validation at epoch 48, val_loss 14.2125, val_mae 14.2923, val_rmse 18.1889, val_r2 0.5599, val_pearson 0.8133, lr 1.00e-03 ---
2026-10-01 00:01:04,863 - INFO - 
****************************************************************************************************
2026-10-01 00:01:06,128 - INFO - --- training epoch 49, loss 12.0573, mae 12.5483, rmse 16.0637, time elapsed(min) 0.01---
2026-10-01 00:01:06,300 - INFO - --- validation at epoch 49, val_loss 12.5155, val_mae 13.0632, val_rmse 17.0260, val_r2 0.6143, val_pearson 0.7942, lr 1.00e-03 ---
2026-10-01 00:01:06,300 - INFO - 
****************************************************************************************************
2026-10-01 00:01:07,665 - INFO - --- training epoch 50, loss 12.1622, mae 12.6545, rmse 16.1355, time elapsed(min) 0.02---
2026-10-01 00:01:08,052 - INFO - --- validation at epoch 50, val_loss 13.8474, val_mae 14.1358, val_rmse 18.4050, val_r2 0.5493, val_pearson 0.7808, lr 1.00e-03 ---
2026-10-01 00:01:08,052 - INFO - 
****************************************************************************************************
2026-10-01 00:01:09,247 - INFO - --- training epoch 51, loss 12.0100, mae 12.5006, rmse 16.2293, time elapsed(min) 0.01---
2026-10-01 00:01:09,425 - INFO - --- validation at epoch 51, val_loss 13.6076, val_mae 13.4344, val_rmse 17.2488, val_r2 0.6042, val_pearson 0.7885, lr 1.00e-03 ---
2026-10-01 00:01:09,425 - INFO - 
****************************************************************************************************
2026-10-01 00:01:10,476 - INFO - --- training epoch 52, loss 11.7124, mae 12.2036, rmse 16.0000, time elapsed(min) 0.01---
2026-10-01 00:01:10,642 - INFO - --- validation at epoch 52, val_loss 13.6540, val_mae 13.4403, val_rmse 17.9486, val_r2 0.5714, val_pearson 0.8185, lr 1.00e-03 ---
2026-10-01 00:01:10,642 - INFO - 
****************************************************************************************************
2026-10-01 00:01:11,909 - INFO - --- training epoch 53, loss 11.7032, mae 12.1924, rmse 16.2865, time elapsed(min) 0.01---
2026-10-01 00:01:12,085 - INFO - --- validation at epoch 53, val_loss 12.7089, val_mae 13.0422, val_rmse 17.2165, val_r2 0.6057, val_pearson 0.7789, lr 1.00e-03 ---
2026-10-01 00:01:12,085 - INFO - 
****************************************************************************************************
2026-10-01 00:01:13,369 - INFO - --- training epoch 54, loss 11.9042, mae 12.3950, rmse 16.3113, time elapsed(min) 0.01---
2026-10-01 00:01:13,541 - INFO - --- validation at epoch 54, val_loss 13.1505, val_mae 13.1452, val_rmse 17.3639, val_r2 0.5989, val_pearson 0.8135, lr 1.00e-03 ---
2026-10-01 00:01:13,541 - INFO - 
****************************************************************************************************
2026-10-01 00:01:14,825 - INFO - --- training epoch 55, loss 11.5479, mae 12.0381, rmse 16.0221, time elapsed(min) 0.01---
2026-10-01 00:01:15,188 - INFO - --- validation at epoch 55, val_loss 12.4563, val_mae 12.2583, val_rmse 16.0034, val_r2 0.6593, val_pearson 0.8275, lr 1.00e-03 ---
2026-10-01 00:01:15,188 - INFO - 
****************************************************************************************************
2026-10-01 00:01:16,483 - INFO - --- training epoch 56, loss 11.5698, mae 12.0605, rmse 15.8189, time elapsed(min) 0.01---
2026-10-01 00:01:16,650 - INFO - --- validation at epoch 56, val_loss 12.8139, val_mae 13.1500, val_rmse 17.2413, val_r2 0.6045, val_pearson 0.7819, lr 1.00e-03 ---
2026-10-01 00:01:16,650 - INFO - 
****************************************************************************************************
2026-10-01 00:01:17,704 - INFO - --- training epoch 57, loss 11.8393, mae 12.3301, rmse 16.1684, time elapsed(min) 0.01---
2026-10-01 00:01:17,878 - INFO - --- validation at epoch 57, val_loss 13.4449, val_mae 12.9046, val_rmse 16.7842, val_r2 0.6252, val_pearson 0.8160, lr 1.00e-03 ---
2026-10-01 00:01:17,878 - INFO - 
****************************************************************************************************
2026-10-01 00:01:19,133 - INFO - --- training epoch 58, loss 11.0876, mae 11.5745, rmse 15.3937, time elapsed(min) 0.01---
2026-10-01 00:01:19,311 - INFO - --- validation at epoch 58, val_loss 12.3953, val_mae 12.1639, val_rmse 16.0812, val_r2 0.6559, val_pearson 0.8287, lr 1.00e-03 ---
2026-10-01 00:01:19,311 - INFO - 
****************************************************************************************************
2026-10-01 00:01:20,642 - INFO - --- training epoch 59, loss 11.5598, mae 12.0502, rmse 16.0104, time elapsed(min) 0.01---
2026-10-01 00:01:20,815 - INFO - --- validation at epoch 59, val_loss 13.8833, val_mae 13.6569, val_rmse 18.3078, val_r2 0.5541, val_pearson 0.8077, lr 1.00e-03 ---
2026-10-01 00:01:20,815 - INFO - 
****************************************************************************************************
2026-10-01 00:01:22,075 - INFO - --- training epoch 60, loss 11.5636, mae 12.0531, rmse 16.0874, time elapsed(min) 0.01---
2026-10-01 00:01:22,249 - INFO - --- validation at epoch 60, val_loss 13.6521, val_mae 14.2157, val_rmse 19.2575, val_r2 0.5066, val_pearson 0.7430, lr 1.00e-03 ---
2026-10-01 00:01:22,249 - INFO - 
****************************************************************************************************
2026-10-01 00:01:23,667 - INFO - --- training epoch 61, loss 11.9892, mae 12.4807, rmse 16.5675, time elapsed(min) 0.02---
2026-10-01 00:01:23,822 - INFO - --- validation at epoch 61, val_loss 13.4450, val_mae 13.3298, val_rmse 17.7252, val_r2 0.5820, val_pearson 0.8125, lr 1.00e-03 ---
2026-10-01 00:01:23,822 - INFO - 
****************************************************************************************************
2026-10-01 00:01:24,885 - INFO - --- training epoch 62, loss 11.6896, mae 12.1804, rmse 16.0018, time elapsed(min) 0.01---
2026-10-01 00:01:25,062 - INFO - --- validation at epoch 62, val_loss 14.4715, val_mae 14.3512, val_rmse 18.9168, val_r2 0.5239, val_pearson 0.8014, lr 1.00e-03 ---
2026-10-01 00:01:25,062 - INFO - 
****************************************************************************************************
2026-10-01 00:01:26,113 - INFO - --- training epoch 63, loss 11.1517, mae 11.6405, rmse 15.4869, time elapsed(min) 0.01---
2026-10-01 00:01:26,282 - INFO - --- validation at epoch 63, val_loss 12.2532, val_mae 12.1803, val_rmse 16.5213, val_r2 0.6369, val_pearson 0.8041, lr 1.00e-03 ---
2026-10-01 00:01:26,282 - INFO - 
****************************************************************************************************
2026-10-01 00:01:27,624 - INFO - --- training epoch 64, loss 10.8895, mae 11.3802, rmse 15.3070, time elapsed(min) 0.01---
2026-10-01 00:01:27,790 - INFO - --- validation at epoch 64, val_loss 12.4084, val_mae 12.7428, val_rmse 17.0528, val_r2 0.6131, val_pearson 0.8331, lr 1.00e-03 ---
2026-10-01 00:01:27,790 - INFO - 
****************************************************************************************************
2026-10-01 00:01:29,079 - INFO - --- training epoch 65, loss 10.8848, mae 11.3760, rmse 15.1929, time elapsed(min) 0.02---
2026-10-01 00:01:29,251 - INFO - --- validation at epoch 65, val_loss 12.9117, val_mae 13.1445, val_rmse 17.6208, val_r2 0.5869, val_pearson 0.8113, lr 1.00e-03 ---
2026-10-01 00:01:29,251 - INFO - 
****************************************************************************************************
2026-10-01 00:01:30,651 - INFO - --- training epoch 66, loss 11.2607, mae 11.7481, rmse 15.7399, time elapsed(min) 0.02---
2026-10-01 00:01:30,820 - INFO - --- validation at epoch 66, val_loss 14.1424, val_mae 13.8539, val_rmse 18.4544, val_r2 0.5469, val_pearson 0.7977, lr 1.00e-03 ---
2026-10-01 00:01:30,820 - INFO - 
****************************************************************************************************
2026-10-01 00:01:31,884 - INFO - --- training epoch 67, loss 11.0664, mae 11.5554, rmse 15.6464, time elapsed(min) 0.01---
2026-10-01 00:01:32,057 - INFO - --- validation at epoch 67, val_loss 13.5763, val_mae 13.3888, val_rmse 17.7105, val_r2 0.5827, val_pearson 0.8388, lr 1.00e-03 ---
2026-10-01 00:01:32,057 - INFO - 
****************************************************************************************************
2026-10-01 00:01:33,253 - INFO - --- training epoch 68, loss 10.9797, mae 11.4667, rmse 15.6190, time elapsed(min) 0.01---
2026-10-01 00:01:33,419 - INFO - --- validation at epoch 68, val_loss 13.3596, val_mae 13.4223, val_rmse 18.1927, val_r2 0.5597, val_pearson 0.8107, lr 1.00e-03 ---
2026-10-01 00:01:33,419 - INFO - 
****************************************************************************************************
2026-10-01 00:01:34,670 - INFO - --- training epoch 69, loss 10.6582, mae 11.1462, rmse 15.0815, time elapsed(min) 0.01---
2026-10-01 00:01:34,846 - INFO - --- validation at epoch 69, val_loss 11.4187, val_mae 11.4039, val_rmse 15.6172, val_r2 0.6755, val_pearson 0.8342, lr 1.00e-03 ---
2026-10-01 00:01:34,846 - INFO - 
****************************************************************************************************
2026-10-01 00:01:36,198 - INFO - --- training epoch 70, loss 10.3518, mae 10.8415, rmse 14.8192, time elapsed(min) 0.01---
2026-10-01 00:01:36,365 - INFO - --- validation at epoch 70, val_loss 12.7199, val_mae 12.5977, val_rmse 17.0791, val_r2 0.6119, val_pearson 0.8257, lr 1.00e-03 ---
2026-10-01 00:01:36,365 - INFO - 
****************************************************************************************************
2026-10-01 00:01:37,788 - INFO - --- training epoch 71, loss 10.6271, mae 11.1136, rmse 15.0778, time elapsed(min) 0.02---
2026-10-01 00:01:37,958 - INFO - --- validation at epoch 71, val_loss 13.6287, val_mae 13.6800, val_rmse 18.2827, val_r2 0.5553, val_pearson 0.7625, lr 1.00e-03 ---
2026-10-01 00:01:37,958 - INFO - 
****************************************************************************************************
2026-10-01 00:01:39,017 - INFO - --- training epoch 72, loss 11.3992, mae 11.8892, rmse 15.8274, time elapsed(min) 0.01---
2026-10-01 00:01:39,193 - INFO - --- validation at epoch 72, val_loss 13.7021, val_mae 13.2763, val_rmse 17.5658, val_r2 0.5895, val_pearson 0.8484, lr 1.00e-03 ---
2026-10-01 00:01:39,193 - INFO - 
****************************************************************************************************
2026-10-01 00:01:40,258 - INFO - --- training epoch 73, loss 10.4197, mae 10.9091, rmse 14.9368, time elapsed(min) 0.01---
2026-10-01 00:01:40,432 - INFO - --- validation at epoch 73, val_loss 12.7680, val_mae 12.7926, val_rmse 17.4179, val_r2 0.5964, val_pearson 0.8249, lr 1.00e-03 ---
2026-10-01 00:01:40,432 - INFO - 
****************************************************************************************************
2026-10-01 00:01:41,673 - INFO - --- training epoch 74, loss 10.3679, mae 10.8580, rmse 15.0549, time elapsed(min) 0.01---
2026-10-01 00:01:41,851 - INFO - --- validation at epoch 74, val_loss 12.5701, val_mae 12.6134, val_rmse 17.5829, val_r2 0.5887, val_pearson 0.8082, lr 1.00e-03 ---
2026-10-01 00:01:41,852 - INFO - 
****************************************************************************************************
2026-10-01 00:01:43,119 - INFO - --- training epoch 75, loss 10.6906, mae 11.1796, rmse 15.4058, time elapsed(min) 0.01---
2026-10-01 00:01:43,285 - INFO - --- validation at epoch 75, val_loss 11.9399, val_mae 11.7950, val_rmse 16.2009, val_r2 0.6508, val_pearson 0.8368, lr 1.00e-03 ---
2026-10-01 00:01:43,285 - INFO - 
****************************************************************************************************
2026-10-01 00:01:44,545 - INFO - --- training epoch 76, loss 10.1784, mae 10.6653, rmse 14.7850, time elapsed(min) 0.01---
2026-10-01 00:01:44,956 - INFO - --- validation at epoch 76, val_loss 12.5007, val_mae 12.2563, val_rmse 16.0286, val_r2 0.6582, val_pearson 0.8507, lr 1.00e-03 ---
2026-10-01 00:01:44,956 - INFO - 
****************************************************************************************************
2026-10-01 00:01:46,146 - INFO - --- training epoch 77, loss 10.4291, mae 10.9151, rmse 14.8421, time elapsed(min) 0.01---
2026-10-01 00:01:46,312 - INFO - --- validation at epoch 77, val_loss 12.8938, val_mae 13.1199, val_rmse 17.6379, val_r2 0.5861, val_pearson 0.8153, lr 1.00e-03 ---
2026-10-01 00:01:46,312 - INFO - 
****************************************************************************************************
2026-10-01 00:01:47,376 - INFO - --- training epoch 78, loss 11.1688, mae 11.6586, rmse 15.6583, time elapsed(min) 0.01---
2026-10-01 00:01:47,542 - INFO - --- validation at epoch 78, val_loss 11.7571, val_mae 11.7104, val_rmse 15.4311, val_r2 0.6832, val_pearson 0.8515, lr 1.00e-03 ---
2026-10-01 00:01:47,542 - INFO - 
****************************************************************************************************
2026-10-01 00:01:48,806 - INFO - --- training epoch 79, loss 10.7016, mae 11.1915, rmse 15.0037, time elapsed(min) 0.01---
2026-10-01 00:01:48,985 - INFO - --- validation at epoch 79, val_loss 12.7391, val_mae 12.1965, val_rmse 16.8682, val_r2 0.6214, val_pearson 0.8265, lr 1.00e-03 ---
2026-10-01 00:01:48,986 - INFO - 
****************************************************************************************************
2026-10-01 00:01:50,251 - INFO - --- training epoch 80, loss 10.5400, mae 11.0273, rmse 15.0732, time elapsed(min) 0.01---
2026-10-01 00:01:50,421 - INFO - --- validation at epoch 80, val_loss 14.0525, val_mae 13.5651, val_rmse 18.2883, val_r2 0.5550, val_pearson 0.8048, lr 1.00e-03 ---
2026-10-01 00:01:50,421 - INFO - 
****************************************************************************************************
2026-10-01 00:01:51,742 - INFO - --- training epoch 81, loss 10.6562, mae 11.1428, rmse 15.4198, time elapsed(min) 0.02---
2026-10-01 00:01:52,126 - INFO - --- validation at epoch 81, val_loss 11.6598, val_mae 11.4734, val_rmse 16.0101, val_r2 0.6590, val_pearson 0.8186, lr 3.00e-04 ---
2026-10-01 00:01:52,126 - INFO - 
****************************************************************************************************
2026-10-01 00:01:53,353 - INFO - --- training epoch 82, loss 9.9537, mae 10.4407, rmse 14.4845, time elapsed(min) 0.01---
2026-10-01 00:01:53,521 - INFO - --- validation at epoch 82, val_loss 10.7843, val_mae 10.8589, val_rmse 15.3056, val_r2 0.6883, val_pearson 0.8334, lr 3.00e-04 ---
2026-10-01 00:01:53,521 - INFO - 
****************************************************************************************************
2026-10-01 00:01:54,652 - INFO - --- training epoch 83, loss 9.6570, mae 10.1447, rmse 14.2995, time elapsed(min) 0.01---
2026-10-01 00:01:54,818 - INFO - --- validation at epoch 83, val_loss 10.9817, val_mae 11.0056, val_rmse 15.5934, val_r2 0.6765, val_pearson 0.8261, lr 3.00e-04 ---
2026-10-01 00:01:54,819 - INFO - 
****************************************************************************************************
2026-10-01 00:01:56,213 - INFO - --- training epoch 84, loss 9.5434, mae 10.0296, rmse 14.1137, time elapsed(min) 0.02---
2026-10-01 00:01:56,376 - INFO - --- validation at epoch 84, val_loss 11.0068, val_mae 10.8827, val_rmse 15.2993, val_r2 0.6886, val_pearson 0.8371, lr 3.00e-04 ---
2026-10-01 00:01:56,376 - INFO - 
****************************************************************************************************
2026-10-01 00:01:57,701 - INFO - --- training epoch 85, loss 9.6616, mae 10.1477, rmse 14.2444, time elapsed(min) 0.02---
2026-10-01 00:01:57,868 - INFO - --- validation at epoch 85, val_loss 10.7267, val_mae 10.7482, val_rmse 15.4476, val_r2 0.6825, val_pearson 0.8303, lr 3.00e-04 ---
2026-10-01 00:01:57,868 - INFO - 
****************************************************************************************************
2026-10-01 00:01:59,219 - INFO - --- training epoch 86, loss 9.5718, mae 10.0574, rmse 14.1675, time elapsed(min) 0.01---
2026-10-01 00:01:59,614 - INFO - --- validation at epoch 86, val_loss 10.7510, val_mae 10.7093, val_rmse 15.3157, val_r2 0.6879, val_pearson 0.8339, lr 3.00e-04 ---
2026-10-01 00:01:59,614 - INFO - 
****************************************************************************************************
2026-10-01 00:02:00,836 - INFO - --- training epoch 87, loss 9.3251, mae 9.8086, rmse 14.0854, time elapsed(min) 0.01---
2026-10-01 00:02:01,031 - INFO - --- validation at epoch 87, val_loss 11.0855, val_mae 11.0749, val_rmse 15.8450, val_r2 0.6660, val_pearson 0.8192, lr 3.00e-04 ---
2026-10-01 00:02:01,031 - INFO - 
****************************************************************************************************
2026-10-01 00:02:02,252 - INFO - --- training epoch 88, loss 9.5315, mae 10.0194, rmse 14.1678, time elapsed(min) 0.01---
2026-10-01 00:02:02,421 - INFO - --- validation at epoch 88, val_loss 10.9385, val_mae 10.7833, val_rmse 15.3167, val_r2 0.6879, val_pearson 0.8306, lr 3.00e-04 ---
2026-10-01 00:02:02,421 - INFO - 
****************************************************************************************************
2026-10-01 00:02:03,687 - INFO - --- training epoch 89, loss 9.3612, mae 9.8496, rmse 14.0216, time elapsed(min) 0.01---
2026-10-01 00:02:03,857 - INFO - --- validation at epoch 89, val_loss 10.3976, val_mae 10.3777, val_rmse 14.8632, val_r2 0.7061, val_pearson 0.8424, lr 3.00e-04 ---
2026-10-01 00:02:03,857 - INFO - 
****************************************************************************************************
2026-10-01 00:02:05,327 - INFO - --- training epoch 90, loss 9.3328, mae 9.8193, rmse 14.0252, time elapsed(min) 0.02---
2026-10-01 00:02:05,512 - INFO - --- validation at epoch 90, val_loss 10.5900, val_mae 10.5594, val_rmse 15.3624, val_r2 0.6860, val_pearson 0.8309, lr 3.00e-04 ---
2026-10-01 00:02:05,512 - INFO - 
****************************************************************************************************
2026-10-01 00:02:06,916 - INFO - --- training epoch 91, loss 9.3163, mae 9.8047, rmse 14.0520, time elapsed(min) 0.02---
2026-10-01 00:02:07,094 - INFO - --- validation at epoch 91, val_loss 10.1967, val_mae 10.1985, val_rmse 14.9244, val_r2 0.7037, val_pearson 0.8402, lr 3.00e-04 ---
2026-10-01 00:02:07,094 - INFO - 
****************************************************************************************************
2026-10-01 00:02:08,217 - INFO - --- training epoch 92, loss 9.2413, mae 9.7258, rmse 13.8484, time elapsed(min) 0.01---
2026-10-01 00:02:08,388 - INFO - --- validation at epoch 92, val_loss 10.2203, val_mae 10.3256, val_rmse 15.1103, val_r2 0.6962, val_pearson 0.8378, lr 3.00e-04 ---
2026-10-01 00:02:08,388 - INFO - 
****************************************************************************************************
2026-10-01 00:02:09,569 - INFO - --- training epoch 93, loss 9.3379, mae 9.8249, rmse 13.8854, time elapsed(min) 0.01---
2026-10-01 00:02:09,737 - INFO - --- validation at epoch 93, val_loss 10.6740, val_mae 10.6093, val_rmse 15.5227, val_r2 0.6794, val_pearson 0.8283, lr 3.00e-04 ---
2026-10-01 00:02:09,737 - INFO - 
****************************************************************************************************
2026-10-01 00:02:10,989 - INFO - --- training epoch 94, loss 9.4157, mae 9.9006, rmse 14.0709, time elapsed(min) 0.01---
2026-10-01 00:02:11,152 - INFO - --- validation at epoch 94, val_loss 10.5612, val_mae 10.6617, val_rmse 15.4898, val_r2 0.6808, val_pearson 0.8337, lr 3.00e-04 ---
2026-10-01 00:02:11,153 - INFO - 
****************************************************************************************************
2026-10-01 00:02:12,397 - INFO - --- training epoch 95, loss 9.2896, mae 9.7776, rmse 14.0203, time elapsed(min) 0.01---
2026-10-01 00:02:12,557 - INFO - --- validation at epoch 95, val_loss 10.1279, val_mae 10.0582, val_rmse 14.5657, val_r2 0.7177, val_pearson 0.8501, lr 3.00e-04 ---
2026-10-01 00:02:12,557 - INFO - 
****************************************************************************************************
2026-10-01 00:02:13,919 - INFO - --- training epoch 96, loss 9.1380, mae 9.6231, rmse 13.8875, time elapsed(min) 0.02---
2026-10-01 00:02:14,303 - INFO - --- validation at epoch 96, val_loss 10.1552, val_mae 10.1996, val_rmse 15.0063, val_r2 0.7004, val_pearson 0.8381, lr 3.00e-04 ---
2026-10-01 00:02:14,303 - INFO - 
****************************************************************************************************
2026-10-01 00:02:15,548 - INFO - --- training epoch 97, loss 9.2395, mae 9.7251, rmse 14.0999, time elapsed(min) 0.01---
2026-10-01 00:02:15,712 - INFO - --- validation at epoch 97, val_loss 10.3251, val_mae 10.0959, val_rmse 15.0114, val_r2 0.7002, val_pearson 0.8388, lr 3.00e-04 ---
2026-10-01 00:02:15,713 - INFO - 
****************************************************************************************************
2026-10-01 00:02:16,796 - INFO - --- training epoch 98, loss 9.0836, mae 9.5696, rmse 13.8259, time elapsed(min) 0.01---
2026-10-01 00:02:16,965 - INFO - --- validation at epoch 98, val_loss 9.9842, val_mae 9.9566, val_rmse 14.6945, val_r2 0.7127, val_pearson 0.8483, lr 3.00e-04 ---
2026-10-01 00:02:16,966 - INFO - 
****************************************************************************************************
2026-10-01 00:02:18,300 - INFO - --- training epoch 99, loss 9.0547, mae 9.5404, rmse 13.5949, time elapsed(min) 0.01---
2026-10-01 00:02:18,468 - INFO - --- validation at epoch 99, val_loss 10.2927, val_mae 10.2761, val_rmse 15.1149, val_r2 0.6961, val_pearson 0.8370, lr 3.00e-04 ---
2026-10-01 00:02:18,468 - INFO - 
****************************************************************************************************
2026-10-01 00:02:19,718 - INFO - --- training epoch 100, loss 9.3172, mae 9.8024, rmse 14.0356, time elapsed(min) 0.01---
2026-10-01 00:02:19,891 - INFO - --- validation at epoch 100, val_loss 10.0708, val_mae 10.0536, val_rmse 14.7756, val_r2 0.7095, val_pearson 0.8455, lr 3.00e-04 ---
2026-10-01 00:02:19,891 - INFO - 
****************************************************************************************************
2026-10-01 00:02:21,157 - INFO - --- training epoch 101, loss 8.9943, mae 9.4805, rmse 13.7517, time elapsed(min) 0.01---
2026-10-01 00:02:21,338 - INFO - --- validation at epoch 101, val_loss 10.4051, val_mae 10.2721, val_rmse 15.0882, val_r2 0.6971, val_pearson 0.8435, lr 3.00e-04 ---
2026-10-01 00:02:21,338 - INFO - 
****************************************************************************************************
2026-10-01 00:02:22,555 - INFO - --- training epoch 102, loss 8.9418, mae 9.4270, rmse 13.7021, time elapsed(min) 0.01---
2026-10-01 00:02:22,725 - INFO - --- validation at epoch 102, val_loss 9.9425, val_mae 9.8787, val_rmse 14.6982, val_r2 0.7126, val_pearson 0.8454, lr 3.00e-04 ---
2026-10-01 00:02:22,726 - INFO - 
****************************************************************************************************
2026-10-01 00:02:23,853 - INFO - --- training epoch 103, loss 9.1272, mae 9.6121, rmse 13.8229, time elapsed(min) 0.01---
2026-10-01 00:02:24,035 - INFO - --- validation at epoch 103, val_loss 10.4336, val_mae 10.4236, val_rmse 15.3087, val_r2 0.6882, val_pearson 0.8351, lr 3.00e-04 ---
2026-10-01 00:02:24,035 - INFO - 
****************************************************************************************************
2026-10-01 00:02:25,249 - INFO - --- training epoch 104, loss 9.0216, mae 9.5073, rmse 13.6973, time elapsed(min) 0.01---
2026-10-01 00:02:25,412 - INFO - --- validation at epoch 104, val_loss 10.3708, val_mae 10.2040, val_rmse 14.9419, val_r2 0.7030, val_pearson 0.8443, lr 3.00e-04 ---
2026-10-01 00:02:25,412 - INFO - 
****************************************************************************************************
2026-10-01 00:02:26,681 - INFO - --- training epoch 105, loss 8.9475, mae 9.4305, rmse 13.7465, time elapsed(min) 0.01---
2026-10-01 00:02:26,855 - INFO - --- validation at epoch 105, val_loss 10.0936, val_mae 10.0293, val_rmse 14.8214, val_r2 0.7077, val_pearson 0.8485, lr 3.00e-04 ---
2026-10-01 00:02:26,856 - INFO - 
****************************************************************************************************
2026-10-01 00:02:28,128 - INFO - --- training epoch 106, loss 9.1274, mae 9.6131, rmse 13.7960, time elapsed(min) 0.01---
2026-10-01 00:02:28,303 - INFO - --- validation at epoch 106, val_loss 9.9601, val_mae 10.0044, val_rmse 14.5050, val_r2 0.7201, val_pearson 0.8497, lr 3.00e-04 ---
2026-10-01 00:02:28,303 - INFO - 
****************************************************************************************************
2026-10-01 00:02:29,748 - INFO - --- training epoch 107, loss 8.8529, mae 9.3374, rmse 13.5254, time elapsed(min) 0.02---
2026-10-01 00:02:29,926 - INFO - --- validation at epoch 107, val_loss 9.8067, val_mae 9.6024, val_rmse 13.9754, val_r2 0.7402, val_pearson 0.8637, lr 3.00e-04 ---
2026-10-01 00:02:29,926 - INFO - 
****************************************************************************************************
2026-10-01 00:02:31,064 - INFO - --- training epoch 108, loss 8.7948, mae 9.2791, rmse 13.3492, time elapsed(min) 0.01---
2026-10-01 00:02:31,233 - INFO - --- validation at epoch 108, val_loss 9.6056, val_mae 9.4072, val_rmse 13.2170, val_r2 0.7676, val_pearson 0.8802, lr 3.00e-04 ---
2026-10-01 00:02:31,234 - INFO - 
****************************************************************************************************
2026-10-01 00:02:32,375 - INFO - --- training epoch 109, loss 9.0147, mae 9.5028, rmse 13.5553, time elapsed(min) 0.01---
2026-10-01 00:02:32,548 - INFO - --- validation at epoch 109, val_loss 9.7396, val_mae 9.6353, val_rmse 13.8664, val_r2 0.7442, val_pearson 0.8651, lr 3.00e-04 ---
2026-10-01 00:02:32,549 - INFO - 
****************************************************************************************************
2026-10-01 00:02:33,794 - INFO - --- training epoch 110, loss 8.8832, mae 9.3681, rmse 13.4101, time elapsed(min) 0.01---
2026-10-01 00:02:33,975 - INFO - --- validation at epoch 110, val_loss 10.1977, val_mae 9.9986, val_rmse 14.7367, val_r2 0.7111, val_pearson 0.8471, lr 3.00e-04 ---
2026-10-01 00:02:33,975 - INFO - 
****************************************************************************************************
2026-10-01 00:02:35,243 - INFO - --- training epoch 111, loss 8.9990, mae 9.4847, rmse 13.7764, time elapsed(min) 0.01---
2026-10-01 00:02:35,412 - INFO - --- validation at epoch 111, val_loss 9.9854, val_mae 9.8619, val_rmse 14.5137, val_r2 0.7198, val_pearson 0.8557, lr 3.00e-04 ---
2026-10-01 00:02:35,412 - INFO - 
****************************************************************************************************
2026-10-01 00:02:36,736 - INFO - --- training epoch 112, loss 8.8679, mae 9.3521, rmse 13.5463, time elapsed(min) 0.02---
2026-10-01 00:02:37,114 - INFO - --- validation at epoch 112, val_loss 9.8500, val_mae 9.8082, val_rmse 13.8012, val_r2 0.7466, val_pearson 0.8692, lr 3.00e-04 ---
2026-10-01 00:02:37,114 - INFO - 
****************************************************************************************************
2026-10-01 00:02:38,322 - INFO - --- training epoch 113, loss 8.7843, mae 9.2699, rmse 13.3563, time elapsed(min) 0.01---
2026-10-01 00:02:38,492 - INFO - --- validation at epoch 113, val_loss 9.5418, val_mae 9.5073, val_rmse 13.3598, val_r2 0.7625, val_pearson 0.8746, lr 3.00e-04 ---
2026-10-01 00:02:38,492 - INFO - 
****************************************************************************************************
2026-10-01 00:02:39,619 - INFO - --- training epoch 114, loss 8.8233, mae 9.3094, rmse 13.2975, time elapsed(min) 0.01---
2026-10-01 00:02:39,784 - INFO - --- validation at epoch 114, val_loss 9.4278, val_mae 9.4951, val_rmse 13.4613, val_r2 0.7589, val_pearson 0.8750, lr 3.00e-04 ---
2026-10-01 00:02:39,784 - INFO - 
****************************************************************************************************
2026-10-01 00:02:41,116 - INFO - --- training epoch 115, loss 8.6252, mae 9.1068, rmse 13.3046, time elapsed(min) 0.01---
2026-10-01 00:02:41,282 - INFO - --- validation at epoch 115, val_loss 10.0456, val_mae 9.9067, val_rmse 14.1694, val_r2 0.7329, val_pearson 0.8598, lr 3.00e-04 ---
2026-10-01 00:02:41,282 - INFO - 
****************************************************************************************************
2026-10-01 00:02:42,546 - INFO - --- training epoch 116, loss 9.1042, mae 9.5891, rmse 13.6060, time elapsed(min) 0.01---
2026-10-01 00:02:42,706 - INFO - --- validation at epoch 116, val_loss 9.9882, val_mae 9.9428, val_rmse 14.3277, val_r2 0.7269, val_pearson 0.8537, lr 3.00e-04 ---
2026-10-01 00:02:42,706 - INFO - 
****************************************************************************************************
2026-10-01 00:02:44,153 - INFO - --- training epoch 117, loss 9.1640, mae 9.6507, rmse 13.7756, time elapsed(min) 0.02---
2026-10-01 00:02:44,335 - INFO - --- validation at epoch 117, val_loss 9.7881, val_mae 9.5832, val_rmse 13.3803, val_r2 0.7618, val_pearson 0.8770, lr 3.00e-04 ---
2026-10-01 00:02:44,335 - INFO - 
****************************************************************************************************
2026-10-01 00:02:45,410 - INFO - --- training epoch 118, loss 8.7294, mae 9.2134, rmse 13.2368, time elapsed(min) 0.01---
2026-10-01 00:02:45,576 - INFO - --- validation at epoch 118, val_loss 9.7583, val_mae 9.5083, val_rmse 13.3187, val_r2 0.7640, val_pearson 0.8793, lr 3.00e-04 ---
2026-10-01 00:02:45,576 - INFO - 
****************************************************************************************************
2026-10-01 00:02:46,826 - INFO - --- training epoch 119, loss 8.7296, mae 9.2145, rmse 13.3450, time elapsed(min) 0.01---
2026-10-01 00:02:47,003 - INFO - --- validation at epoch 119, val_loss 10.1664, val_mae 9.9681, val_rmse 14.9237, val_r2 0.7037, val_pearson 0.8439, lr 3.00e-04 ---
2026-10-01 00:02:47,003 - INFO - 
****************************************************************************************************
2026-10-01 00:02:48,268 - INFO - --- training epoch 120, loss 8.8002, mae 9.2847, rmse 13.5723, time elapsed(min) 0.01---
2026-10-01 00:02:48,441 - INFO - --- validation at epoch 120, val_loss 10.0042, val_mae 9.6382, val_rmse 14.2770, val_r2 0.7288, val_pearson 0.8560, lr 3.00e-04 ---
2026-10-01 00:02:48,441 - INFO - 
****************************************************************************************************
2026-10-01 00:02:49,712 - INFO - --- training epoch 121, loss 8.7569, mae 9.2418, rmse 13.4665, time elapsed(min) 0.01---
2026-10-01 00:02:49,871 - INFO - --- validation at epoch 121, val_loss 9.6305, val_mae 9.3690, val_rmse 13.5468, val_r2 0.7559, val_pearson 0.8722, lr 3.00e-04 ---
2026-10-01 00:02:49,871 - INFO - 
****************************************************************************************************
2026-10-01 00:02:51,081 - INFO - --- training epoch 122, loss 8.7470, mae 9.2309, rmse 13.3496, time elapsed(min) 0.01---
2026-10-01 00:02:51,255 - INFO - --- validation at epoch 122, val_loss 9.9941, val_mae 9.7781, val_rmse 14.5201, val_r2 0.7195, val_pearson 0.8517, lr 3.00e-04 ---
2026-10-01 00:02:51,255 - INFO - 
****************************************************************************************************
2026-10-01 00:02:52,330 - INFO - --- training epoch 123, loss 8.9717, mae 9.4567, rmse 13.6837, time elapsed(min) 0.01---
2026-10-01 00:02:52,497 - INFO - --- validation at epoch 123, val_loss 9.9961, val_mae 9.9492, val_rmse 14.6229, val_r2 0.7155, val_pearson 0.8505, lr 3.00e-04 ---
2026-10-01 00:02:52,497 - INFO - 
****************************************************************************************************
2026-10-01 00:02:53,563 - INFO - --- training epoch 124, loss 8.9361, mae 9.4213, rmse 13.6053, time elapsed(min) 0.01---
2026-10-01 00:02:53,734 - INFO - --- validation at epoch 124, val_loss 10.2141, val_mae 10.2738, val_rmse 14.6569, val_r2 0.7142, val_pearson 0.8594, lr 3.00e-04 ---
2026-10-01 00:02:53,734 - INFO - 
****************************************************************************************************
2026-10-01 00:02:55,011 - INFO - --- training epoch 125, loss 8.6178, mae 9.1025, rmse 13.2147, time elapsed(min) 0.01---
2026-10-01 00:02:55,176 - INFO - --- validation at epoch 125, val_loss 9.8050, val_mae 9.5767, val_rmse 13.4196, val_r2 0.7604, val_pearson 0.8743, lr 3.00e-04 ---
2026-10-01 00:02:55,177 - INFO - 
****************************************************************************************************
2026-10-01 00:02:56,463 - INFO - --- training epoch 126, loss 8.5720, mae 9.0565, rmse 13.0920, time elapsed(min) 0.01---
2026-10-01 00:02:56,629 - INFO - --- validation at epoch 126, val_loss 9.8846, val_mae 9.4701, val_rmse 13.3242, val_r2 0.7638, val_pearson 0.8743, lr 9.00e-05 ---
2026-10-01 00:02:56,629 - INFO - 
****************************************************************************************************
2026-10-01 00:02:57,832 - INFO - --- training epoch 127, loss 8.4483, mae 8.9324, rmse 13.0857, time elapsed(min) 0.01---
2026-10-01 00:02:58,003 - INFO - --- validation at epoch 127, val_loss 9.6409, val_mae 9.2689, val_rmse 13.3210, val_r2 0.7639, val_pearson 0.8746, lr 9.00e-05 ---
2026-10-01 00:02:58,003 - INFO - 
****************************************************************************************************
2026-10-01 00:02:59,071 - INFO - --- training epoch 128, loss 8.3229, mae 8.8067, rmse 12.9415, time elapsed(min) 0.01---
2026-10-01 00:02:59,252 - INFO - --- validation at epoch 128, val_loss 9.6195, val_mae 9.2174, val_rmse 13.2569, val_r2 0.7662, val_pearson 0.8763, lr 9.00e-05 ---
2026-10-01 00:02:59,252 - INFO - 
****************************************************************************************************
2026-10-01 00:03:00,524 - INFO - --- training epoch 129, loss 8.3189, mae 8.8023, rmse 12.9901, time elapsed(min) 0.01---
2026-10-01 00:03:00,695 - INFO - --- validation at epoch 129, val_loss 9.5498, val_mae 9.1248, val_rmse 13.0466, val_r2 0.7735, val_pearson 0.8803, lr 9.00e-05 ---
2026-10-01 00:03:00,695 - INFO - 
****************************************************************************************************
2026-10-01 00:03:01,956 - INFO - --- training epoch 130, loss 8.2906, mae 8.7752, rmse 12.8667, time elapsed(min) 0.01---
2026-10-01 00:03:02,125 - INFO - --- validation at epoch 130, val_loss 9.5965, val_mae 9.1285, val_rmse 12.9354, val_r2 0.7774, val_pearson 0.8823, lr 9.00e-05 ---
2026-10-01 00:03:02,126 - INFO - 
****************************************************************************************************
2026-10-01 00:03:03,556 - INFO - --- training epoch 131, loss 8.3252, mae 8.8064, rmse 12.9280, time elapsed(min) 0.02---
2026-10-01 00:03:03,733 - INFO - --- validation at epoch 131, val_loss 9.5265, val_mae 9.2004, val_rmse 13.6137, val_r2 0.7534, val_pearson 0.8686, lr 9.00e-05 ---
2026-10-01 00:03:03,733 - INFO - 
****************************************************************************************************
2026-10-01 00:03:05,199 - INFO - --- training epoch 132, loss 8.3958, mae 8.8801, rmse 13.0470, time elapsed(min) 0.02---
2026-10-01 00:03:05,367 - INFO - --- validation at epoch 132, val_loss 9.5033, val_mae 9.0966, val_rmse 12.9754, val_r2 0.7760, val_pearson 0.8810, lr 9.00e-05 ---
2026-10-01 00:03:05,367 - INFO - 
****************************************************************************************************
2026-10-01 00:03:06,438 - INFO - --- training epoch 133, loss 8.2614, mae 8.7462, rmse 12.8862, time elapsed(min) 0.01---
2026-10-01 00:03:06,606 - INFO - --- validation at epoch 133, val_loss 9.2834, val_mae 8.9687, val_rmse 13.0008, val_r2 0.7751, val_pearson 0.8810, lr 9.00e-05 ---
2026-10-01 00:03:06,606 - INFO - 
****************************************************************************************************
2026-10-01 00:03:07,754 - INFO - --- training epoch 134, loss 8.3621, mae 8.8456, rmse 13.0362, time elapsed(min) 0.01---
2026-10-01 00:03:07,933 - INFO - --- validation at epoch 134, val_loss 9.2833, val_mae 8.9202, val_rmse 12.9797, val_r2 0.7759, val_pearson 0.8817, lr 9.00e-05 ---
2026-10-01 00:03:07,933 - INFO - 
****************************************************************************************************
2026-10-01 00:03:09,302 - INFO - --- training epoch 135, loss 8.2077, mae 8.6889, rmse 12.8650, time elapsed(min) 0.01---
2026-10-01 00:03:09,476 - INFO - --- validation at epoch 135, val_loss 9.3021, val_mae 8.8642, val_rmse 12.7350, val_r2 0.7842, val_pearson 0.8861, lr 9.00e-05 ---
2026-10-01 00:03:09,476 - INFO - 
****************************************************************************************************
2026-10-01 00:03:10,761 - INFO - --- training epoch 136, loss 8.2390, mae 8.7214, rmse 12.8799, time elapsed(min) 0.01---
2026-10-01 00:03:10,930 - INFO - --- validation at epoch 136, val_loss 9.1961, val_mae 8.8527, val_rmse 12.7843, val_r2 0.7826, val_pearson 0.8850, lr 9.00e-05 ---
2026-10-01 00:03:10,930 - INFO - 
****************************************************************************************************
2026-10-01 00:03:12,220 - INFO - --- training epoch 137, loss 8.3086, mae 8.7921, rmse 12.9615, time elapsed(min) 0.01---
2026-10-01 00:03:12,395 - INFO - --- validation at epoch 137, val_loss 9.1599, val_mae 8.9325, val_rmse 13.0521, val_r2 0.7734, val_pearson 0.8798, lr 9.00e-05 ---
2026-10-01 00:03:12,395 - INFO - 
****************************************************************************************************
2026-10-01 00:03:13,539 - INFO - --- training epoch 138, loss 8.3871, mae 8.8722, rmse 12.9169, time elapsed(min) 0.01---
2026-10-01 00:03:13,721 - INFO - --- validation at epoch 138, val_loss 9.1913, val_mae 8.8767, val_rmse 12.5642, val_r2 0.7900, val_pearson 0.8898, lr 9.00e-05 ---
2026-10-01 00:03:13,721 - INFO - 
****************************************************************************************************
2026-10-01 00:03:14,955 - INFO - --- training epoch 139, loss 8.2762, mae 8.7610, rmse 12.7694, time elapsed(min) 0.01---
2026-10-01 00:03:15,124 - INFO - --- validation at epoch 139, val_loss 9.2084, val_mae 8.8448, val_rmse 12.6267, val_r2 0.7879, val_pearson 0.8884, lr 9.00e-05 ---
2026-10-01 00:03:15,124 - INFO - 
****************************************************************************************************
2026-10-01 00:03:16,393 - INFO - --- training epoch 140, loss 8.2556, mae 8.7397, rmse 12.8368, time elapsed(min) 0.01---
2026-10-01 00:03:16,564 - INFO - --- validation at epoch 140, val_loss 9.0879, val_mae 8.8522, val_rmse 12.5297, val_r2 0.7911, val_pearson 0.8896, lr 9.00e-05 ---
2026-10-01 00:03:16,565 - INFO - 
****************************************************************************************************
2026-10-01 00:03:17,913 - INFO - --- training epoch 141, loss 8.1795, mae 8.6647, rmse 12.7026, time elapsed(min) 0.01---
2026-10-01 00:03:18,087 - INFO - --- validation at epoch 141, val_loss 8.9923, val_mae 8.8213, val_rmse 12.6596, val_r2 0.7868, val_pearson 0.8883, lr 9.00e-05 ---
2026-10-01 00:03:18,087 - INFO - 
****************************************************************************************************
2026-10-01 00:03:19,583 - INFO - --- training epoch 142, loss 8.1444, mae 8.6293, rmse 12.6512, time elapsed(min) 0.02---
2026-10-01 00:03:19,760 - INFO - --- validation at epoch 142, val_loss 8.9431, val_mae 8.7412, val_rmse 12.5278, val_r2 0.7912, val_pearson 0.8903, lr 9.00e-05 ---
2026-10-01 00:03:19,760 - INFO - 
****************************************************************************************************
2026-10-01 00:03:20,898 - INFO - --- training epoch 143, loss 8.2170, mae 8.7024, rmse 12.7472, time elapsed(min) 0.01---
2026-10-01 00:03:21,070 - INFO - --- validation at epoch 143, val_loss 8.8853, val_mae 8.7261, val_rmse 12.7801, val_r2 0.7827, val_pearson 0.8858, lr 9.00e-05 ---
2026-10-01 00:03:21,070 - INFO - 
****************************************************************************************************
2026-10-01 00:03:22,387 - INFO - --- training epoch 144, loss 8.0979, mae 8.5791, rmse 12.6806, time elapsed(min) 0.01---
2026-10-01 00:03:22,554 - INFO - --- validation at epoch 144, val_loss 9.2201, val_mae 8.8570, val_rmse 12.6248, val_r2 0.7880, val_pearson 0.8884, lr 9.00e-05 ---
2026-10-01 00:03:22,554 - INFO - 
****************************************************************************************************
2026-10-01 00:03:23,957 - INFO - --- training epoch 145, loss 8.2062, mae 8.6895, rmse 12.8255, time elapsed(min) 0.02---
2026-10-01 00:03:24,123 - INFO - --- validation at epoch 145, val_loss 8.9212, val_mae 8.7516, val_rmse 12.7196, val_r2 0.7848, val_pearson 0.8866, lr 9.00e-05 ---
2026-10-01 00:03:24,123 - INFO - 
****************************************************************************************************
2026-10-01 00:03:25,514 - INFO - --- training epoch 146, loss 8.1506, mae 8.6314, rmse 12.8081, time elapsed(min) 0.02---
2026-10-01 00:03:25,682 - INFO - --- validation at epoch 146, val_loss 9.1200, val_mae 8.8985, val_rmse 12.7106, val_r2 0.7851, val_pearson 0.8870, lr 9.00e-05 ---
2026-10-01 00:03:25,682 - INFO - 
****************************************************************************************************
2026-10-01 00:03:26,961 - INFO - --- training epoch 147, loss 8.2195, mae 8.7022, rmse 12.9869, time elapsed(min) 0.01---
2026-10-01 00:03:27,349 - INFO - --- validation at epoch 147, val_loss 9.2081, val_mae 8.9570, val_rmse 12.5927, val_r2 0.7890, val_pearson 0.8884, lr 9.00e-05 ---
2026-10-01 00:03:27,349 - INFO - 
****************************************************************************************************
2026-10-01 00:03:28,510 - INFO - --- training epoch 148, loss 8.0844, mae 8.5677, rmse 12.7463, time elapsed(min) 0.01---
2026-10-01 00:03:28,687 - INFO - --- validation at epoch 148, val_loss 9.0271, val_mae 8.8656, val_rmse 12.9513, val_r2 0.7768, val_pearson 0.8818, lr 9.00e-05 ---
2026-10-01 00:03:28,687 - INFO - 
****************************************************************************************************
2026-10-01 00:03:29,759 - INFO - --- training epoch 149, loss 8.2039, mae 8.6881, rmse 12.8575, time elapsed(min) 0.01---
2026-10-01 00:03:29,940 - INFO - --- validation at epoch 149, val_loss 8.9971, val_mae 8.8291, val_rmse 12.4901, val_r2 0.7925, val_pearson 0.8904, lr 9.00e-05 ---
2026-10-01 00:03:29,940 - INFO - 
****************************************************************************************************
2026-10-01 00:03:31,195 - INFO - --- training epoch 150, loss 8.1468, mae 8.6301, rmse 12.7125, time elapsed(min) 0.01---
2026-10-01 00:03:31,362 - INFO - --- validation at epoch 150, val_loss 8.8497, val_mae 8.7074, val_rmse 12.4323, val_r2 0.7944, val_pearson 0.8920, lr 9.00e-05 ---
2026-10-01 00:03:31,362 - INFO - 
****************************************************************************************************
2026-10-01 00:03:32,717 - INFO - --- training epoch 151, loss 8.1115, mae 8.5949, rmse 12.6706, time elapsed(min) 0.01---
2026-10-01 00:03:32,902 - INFO - --- validation at epoch 151, val_loss 8.8350, val_mae 8.6894, val_rmse 12.5461, val_r2 0.7906, val_pearson 0.8899, lr 9.00e-05 ---
2026-10-01 00:03:32,902 - INFO - 
****************************************************************************************************
2026-10-01 00:03:34,293 - INFO - --- training epoch 152, loss 8.1243, mae 8.6076, rmse 12.7450, time elapsed(min) 0.02---
2026-10-01 00:03:34,668 - INFO - --- validation at epoch 152, val_loss 8.8515, val_mae 8.6764, val_rmse 12.5911, val_r2 0.7891, val_pearson 0.8899, lr 9.00e-05 ---
2026-10-01 00:03:34,668 - INFO - 
****************************************************************************************************
2026-10-01 00:03:35,909 - INFO - --- training epoch 153, loss 8.1912, mae 8.6759, rmse 12.8122, time elapsed(min) 0.01---
2026-10-01 00:03:36,085 - INFO - --- validation at epoch 153, val_loss 8.8734, val_mae 8.6385, val_rmse 12.5340, val_r2 0.7910, val_pearson 0.8898, lr 9.00e-05 ---
2026-10-01 00:03:36,085 - INFO - 
****************************************************************************************************
2026-10-01 00:03:37,153 - INFO - --- training epoch 154, loss 8.1417, mae 8.6247, rmse 12.7768, time elapsed(min) 0.01---
2026-10-01 00:03:37,311 - INFO - --- validation at epoch 154, val_loss 8.9301, val_mae 8.7035, val_rmse 12.3938, val_r2 0.7956, val_pearson 0.8922, lr 9.00e-05 ---
2026-10-01 00:03:37,312 - INFO - 
****************************************************************************************************
2026-10-01 00:03:38,601 - INFO - --- training epoch 155, loss 8.1066, mae 8.5905, rmse 12.7215, time elapsed(min) 0.01---
2026-10-01 00:03:38,774 - INFO - --- validation at epoch 155, val_loss 8.8372, val_mae 8.6776, val_rmse 12.4856, val_r2 0.7926, val_pearson 0.8904, lr 9.00e-05 ---
2026-10-01 00:03:38,774 - INFO - 
****************************************************************************************************
2026-10-01 00:03:40,200 - INFO - --- training epoch 156, loss 8.0820, mae 8.5624, rmse 12.7337, time elapsed(min) 0.02---
2026-10-01 00:03:40,367 - INFO - --- validation at epoch 156, val_loss 8.9048, val_mae 8.7527, val_rmse 12.6275, val_r2 0.7879, val_pearson 0.8880, lr 9.00e-05 ---
2026-10-01 00:03:40,367 - INFO - 
****************************************************************************************************
2026-10-01 00:03:41,657 - INFO - --- training epoch 157, loss 8.2121, mae 8.6926, rmse 12.8043, time elapsed(min) 0.01---
2026-10-01 00:03:42,045 - INFO - --- validation at epoch 157, val_loss 8.8558, val_mae 8.6847, val_rmse 12.5420, val_r2 0.7907, val_pearson 0.8895, lr 9.00e-05 ---
2026-10-01 00:03:42,045 - INFO - 
****************************************************************************************************
2026-10-01 00:03:43,293 - INFO - --- training epoch 158, loss 8.3230, mae 8.8073, rmse 12.9183, time elapsed(min) 0.01---
2026-10-01 00:03:43,458 - INFO - --- validation at epoch 158, val_loss 8.9684, val_mae 8.6633, val_rmse 12.3935, val_r2 0.7957, val_pearson 0.8924, lr 9.00e-05 ---
2026-10-01 00:03:43,458 - INFO - 
****************************************************************************************************
2026-10-01 00:03:44,515 - INFO - --- training epoch 159, loss 8.0901, mae 8.5733, rmse 12.6886, time elapsed(min) 0.01---
2026-10-01 00:03:44,691 - INFO - --- validation at epoch 159, val_loss 9.0632, val_mae 8.7923, val_rmse 12.5388, val_r2 0.7908, val_pearson 0.8899, lr 9.00e-05 ---
2026-10-01 00:03:44,691 - INFO - 
****************************************************************************************************
2026-10-01 00:03:45,953 - INFO - --- training epoch 160, loss 8.0183, mae 8.4981, rmse 12.6692, time elapsed(min) 0.01---
2026-10-01 00:03:46,126 - INFO - --- validation at epoch 160, val_loss 9.2098, val_mae 8.7913, val_rmse 12.5679, val_r2 0.7899, val_pearson 0.8893, lr 9.00e-05 ---
2026-10-01 00:03:46,126 - INFO - 
****************************************************************************************************
2026-10-01 00:03:47,567 - INFO - --- training epoch 161, loss 8.0848, mae 8.5680, rmse 12.6573, time elapsed(min) 0.02---
2026-10-01 00:03:47,738 - INFO - --- validation at epoch 161, val_loss 8.8638, val_mae 8.5789, val_rmse 12.5363, val_r2 0.7909, val_pearson 0.8905, lr 9.00e-05 ---
2026-10-01 00:03:47,738 - INFO - 
****************************************************************************************************
2026-10-01 00:03:49,026 - INFO - --- training epoch 162, loss 8.0697, mae 8.5531, rmse 12.7235, time elapsed(min) 0.01---
2026-10-01 00:03:49,176 - INFO - --- validation at epoch 162, val_loss 9.0791, val_mae 8.7562, val_rmse 12.4680, val_r2 0.7932, val_pearson 0.8907, lr 9.00e-05 ---
2026-10-01 00:03:49,176 - INFO - 
****************************************************************************************************
2026-10-01 00:03:50,393 - INFO - --- training epoch 163, loss 8.0896, mae 8.5719, rmse 12.7282, time elapsed(min) 0.01---
2026-10-01 00:03:50,575 - INFO - --- validation at epoch 163, val_loss 9.0360, val_mae 8.8196, val_rmse 12.5913, val_r2 0.7891, val_pearson 0.8917, lr 2.70e-05 ---
2026-10-01 00:03:50,575 - INFO - 
****************************************************************************************************
2026-10-01 00:03:51,638 - INFO - --- training epoch 164, loss 7.9245, mae 8.4076, rmse 12.4331, time elapsed(min) 0.01---
2026-10-01 00:03:51,814 - INFO - --- validation at epoch 164, val_loss 9.0307, val_mae 8.7230, val_rmse 12.5123, val_r2 0.7917, val_pearson 0.8916, lr 2.70e-05 ---
2026-10-01 00:03:51,814 - INFO - 
****************************************************************************************************
2026-10-01 00:03:53,032 - INFO - --- training epoch 165, loss 8.0303, mae 8.5102, rmse 12.6178, time elapsed(min) 0.01---
2026-10-01 00:03:53,201 - INFO - --- validation at epoch 165, val_loss 8.8416, val_mae 8.5984, val_rmse 12.4784, val_r2 0.7928, val_pearson 0.8922, lr 2.70e-05 ---
2026-10-01 00:03:53,201 - INFO - 
****************************************************************************************************
2026-10-01 00:03:54,618 - INFO - --- training epoch 166, loss 7.8960, mae 8.3791, rmse 12.5781, time elapsed(min) 0.02---
2026-10-01 00:03:54,790 - INFO - --- validation at epoch 166, val_loss 8.9641, val_mae 8.7303, val_rmse 12.5504, val_r2 0.7904, val_pearson 0.8921, lr 2.70e-05 ---
2026-10-01 00:03:54,790 - INFO - 
****************************************************************************************************
2026-10-01 00:03:56,081 - INFO - --- training epoch 167, loss 7.9278, mae 8.4086, rmse 12.4864, time elapsed(min) 0.01---
2026-10-01 00:03:56,248 - INFO - --- validation at epoch 167, val_loss 8.8806, val_mae 8.6555, val_rmse 12.4672, val_r2 0.7932, val_pearson 0.8931, lr 2.70e-05 ---
2026-10-01 00:03:56,248 - INFO - 
****************************************************************************************************
2026-10-01 00:03:57,685 - INFO - --- training epoch 168, loss 7.8948, mae 8.3778, rmse 12.5052, time elapsed(min) 0.02---
2026-10-01 00:03:57,852 - INFO - --- validation at epoch 168, val_loss 8.6992, val_mae 8.5478, val_rmse 12.4514, val_r2 0.7937, val_pearson 0.8933, lr 2.70e-05 ---
2026-10-01 00:03:57,852 - INFO - 
****************************************************************************************************
2026-10-01 00:03:58,999 - INFO - --- training epoch 169, loss 8.0341, mae 8.5169, rmse 12.6521, time elapsed(min) 0.01---
2026-10-01 00:03:59,165 - INFO - --- validation at epoch 169, val_loss 8.8329, val_mae 8.6274, val_rmse 12.4960, val_r2 0.7923, val_pearson 0.8925, lr 2.70e-05 ---
2026-10-01 00:03:59,166 - INFO - 
****************************************************************************************************
2026-10-01 00:04:00,239 - INFO - --- training epoch 170, loss 8.1019, mae 8.5816, rmse 12.7949, time elapsed(min) 0.01---
2026-10-01 00:04:00,419 - INFO - --- validation at epoch 170, val_loss 8.8747, val_mae 8.6321, val_rmse 12.4598, val_r2 0.7935, val_pearson 0.8930, lr 2.70e-05 ---
2026-10-01 00:04:00,419 - INFO - 
****************************************************************************************************
2026-10-01 00:04:01,693 - INFO - --- training epoch 171, loss 7.8931, mae 8.3735, rmse 12.5757, time elapsed(min) 0.01---
2026-10-01 00:04:01,862 - INFO - --- validation at epoch 171, val_loss 8.7528, val_mae 8.5462, val_rmse 12.4669, val_r2 0.7932, val_pearson 0.8930, lr 2.70e-05 ---
2026-10-01 00:04:01,862 - INFO - 
****************************************************************************************************
2026-10-01 00:04:03,159 - INFO - --- training epoch 172, loss 7.8952, mae 8.3764, rmse 12.5458, time elapsed(min) 0.01---
2026-10-01 00:04:03,326 - INFO - --- validation at epoch 172, val_loss 8.8151, val_mae 8.5927, val_rmse 12.4014, val_r2 0.7954, val_pearson 0.8941, lr 2.70e-05 ---
2026-10-01 00:04:03,326 - INFO - 
****************************************************************************************************
2026-10-01 00:04:04,559 - INFO - --- training epoch 173, loss 7.9821, mae 8.4646, rmse 12.5677, time elapsed(min) 0.01---
2026-10-01 00:04:04,732 - INFO - --- validation at epoch 173, val_loss 8.7658, val_mae 8.5513, val_rmse 12.3078, val_r2 0.7985, val_pearson 0.8954, lr 2.70e-05 ---
2026-10-01 00:04:04,732 - INFO - 
****************************************************************************************************
2026-10-01 00:04:05,824 - INFO - --- training epoch 174, loss 7.8557, mae 8.3365, rmse 12.3910, time elapsed(min) 0.01---
2026-10-01 00:04:05,989 - INFO - --- validation at epoch 174, val_loss 8.8377, val_mae 8.6282, val_rmse 12.3705, val_r2 0.7964, val_pearson 0.8951, lr 2.70e-05 ---
2026-10-01 00:04:05,989 - INFO - 
****************************************************************************************************
2026-10-01 00:04:07,255 - INFO - --- training epoch 175, loss 7.8625, mae 8.3433, rmse 12.4125, time elapsed(min) 0.01---
2026-10-01 00:04:07,417 - INFO - --- validation at epoch 175, val_loss 8.8028, val_mae 8.5126, val_rmse 12.2922, val_r2 0.7990, val_pearson 0.8952, lr 2.70e-05 ---
2026-10-01 00:04:07,417 - INFO - 
****************************************************************************************************
2026-10-01 00:04:08,716 - INFO - --- training epoch 176, loss 7.8952, mae 8.3757, rmse 12.4041, time elapsed(min) 0.01---
2026-10-01 00:04:08,883 - INFO - --- validation at epoch 176, val_loss 8.7977, val_mae 8.5689, val_rmse 12.3367, val_r2 0.7975, val_pearson 0.8961, lr 2.70e-05 ---
2026-10-01 00:04:08,883 - INFO - 
****************************************************************************************************
2026-10-01 00:04:10,157 - INFO - --- training epoch 177, loss 7.9037, mae 8.3873, rmse 12.5515, time elapsed(min) 0.01---
2026-10-01 00:04:10,322 - INFO - --- validation at epoch 177, val_loss 8.7753, val_mae 8.5862, val_rmse 12.3620, val_r2 0.7967, val_pearson 0.8954, lr 2.70e-05 ---
2026-10-01 00:04:10,322 - INFO - 
****************************************************************************************************
2026-10-01 00:04:11,764 - INFO - --- training epoch 178, loss 7.8672, mae 8.3465, rmse 12.4997, time elapsed(min) 0.02---
2026-10-01 00:04:11,935 - INFO - --- validation at epoch 178, val_loss 8.7565, val_mae 8.5830, val_rmse 12.3718, val_r2 0.7964, val_pearson 0.8947, lr 2.70e-05 ---
2026-10-01 00:04:11,935 - INFO - 
****************************************************************************************************
2026-10-01 00:04:12,993 - INFO - --- training epoch 179, loss 7.8849, mae 8.3629, rmse 12.5292, time elapsed(min) 0.01---
2026-10-01 00:04:13,173 - INFO - --- validation at epoch 179, val_loss 8.7130, val_mae 8.5346, val_rmse 12.3453, val_r2 0.7972, val_pearson 0.8947, lr 2.70e-05 ---
2026-10-01 00:04:13,173 - INFO - 
****************************************************************************************************
2026-10-01 00:04:14,398 - INFO - --- training epoch 180, loss 7.7842, mae 8.2661, rmse 12.3701, time elapsed(min) 0.01---
2026-10-01 00:04:14,567 - INFO - --- validation at epoch 180, val_loss 8.7187, val_mae 8.5580, val_rmse 12.3557, val_r2 0.7969, val_pearson 0.8948, lr 8.10e-06 ---
2026-10-01 00:04:14,567 - INFO - 
****************************************************************************************************
2026-10-01 00:04:15,847 - INFO - --- training epoch 181, loss 7.8889, mae 8.3726, rmse 12.4878, time elapsed(min) 0.01---
2026-10-01 00:04:16,027 - INFO - --- validation at epoch 181, val_loss 8.7766, val_mae 8.5935, val_rmse 12.3428, val_r2 0.7973, val_pearson 0.8957, lr 8.10e-06 ---
2026-10-01 00:04:16,027 - INFO - 
****************************************************************************************************
2026-10-01 00:04:17,323 - INFO - --- training epoch 182, loss 7.9335, mae 8.4174, rmse 12.4788, time elapsed(min) 0.01---
2026-10-01 00:04:17,498 - INFO - --- validation at epoch 182, val_loss 8.6931, val_mae 8.5304, val_rmse 12.3217, val_r2 0.7980, val_pearson 0.8961, lr 8.10e-06 ---
2026-10-01 00:04:17,498 - INFO - 
****************************************************************************************************
2026-10-01 00:04:18,796 - INFO - --- training epoch 183, loss 7.8667, mae 8.3479, rmse 12.3902, time elapsed(min) 0.01---
2026-10-01 00:04:18,970 - INFO - --- validation at epoch 183, val_loss 8.7225, val_mae 8.5067, val_rmse 12.2893, val_r2 0.7991, val_pearson 0.8960, lr 8.10e-06 ---
2026-10-01 00:04:18,970 - INFO - 
****************************************************************************************************
2026-10-01 00:04:20,037 - INFO - --- training epoch 184, loss 7.9602, mae 8.4423, rmse 12.5638, time elapsed(min) 0.01---
2026-10-01 00:04:20,208 - INFO - --- validation at epoch 184, val_loss 8.7020, val_mae 8.5198, val_rmse 12.3045, val_r2 0.7986, val_pearson 0.8961, lr 8.10e-06 ---
2026-10-01 00:04:20,209 - INFO - 
****************************************************************************************************
2026-10-01 00:04:21,424 - INFO - --- training epoch 185, loss 7.9664, mae 8.4483, rmse 12.6234, time elapsed(min) 0.01---
2026-10-01 00:04:21,608 - INFO - --- validation at epoch 185, val_loss 8.6795, val_mae 8.5337, val_rmse 12.2993, val_r2 0.7987, val_pearson 0.8965, lr 8.10e-06 ---
2026-10-01 00:04:21,608 - INFO - 
****************************************************************************************************
2026-10-01 00:04:22,953 - INFO - --- training epoch 186, loss 7.8746, mae 8.3558, rmse 12.4280, time elapsed(min) 0.01---
2026-10-01 00:04:23,118 - INFO - --- validation at epoch 186, val_loss 8.6644, val_mae 8.5079, val_rmse 12.2721, val_r2 0.7996, val_pearson 0.8964, lr 8.10e-06 ---
2026-10-01 00:04:23,118 - INFO - 
****************************************************************************************************
2026-10-01 00:04:24,568 - INFO - --- training epoch 187, loss 7.8507, mae 8.3322, rmse 12.3974, time elapsed(min) 0.02---
2026-10-01 00:04:24,747 - INFO - --- validation at epoch 187, val_loss 8.6783, val_mae 8.4863, val_rmse 12.2696, val_r2 0.7997, val_pearson 0.8959, lr 8.10e-06 ---
2026-10-01 00:04:24,747 - INFO - 
****************************************************************************************************
2026-10-01 00:04:26,228 - INFO - --- training epoch 188, loss 7.8395, mae 8.3197, rmse 12.3197, time elapsed(min) 0.02---
2026-10-01 00:04:26,404 - INFO - --- validation at epoch 188, val_loss 8.6924, val_mae 8.5228, val_rmse 12.3165, val_r2 0.7982, val_pearson 0.8963, lr 8.10e-06 ---
2026-10-01 00:04:26,404 - INFO - 
****************************************************************************************************
2026-10-01 00:04:27,473 - INFO - --- training epoch 189, loss 7.9019, mae 8.3856, rmse 12.5112, time elapsed(min) 0.01---
2026-10-01 00:04:27,645 - INFO - --- validation at epoch 189, val_loss 8.6996, val_mae 8.5140, val_rmse 12.2976, val_r2 0.7988, val_pearson 0.8961, lr 8.10e-06 ---
2026-10-01 00:04:27,645 - INFO - 
****************************************************************************************************
2026-10-01 00:04:28,727 - INFO - --- training epoch 190, loss 7.8680, mae 8.3483, rmse 12.4690, time elapsed(min) 0.01---
2026-10-01 00:04:28,895 - INFO - --- validation at epoch 190, val_loss 8.6928, val_mae 8.5063, val_rmse 12.2911, val_r2 0.7990, val_pearson 0.8961, lr 8.10e-06 ---
2026-10-01 00:04:28,895 - INFO - 
****************************************************************************************************
2026-10-01 00:04:30,164 - INFO - --- training epoch 191, loss 7.8836, mae 8.3642, rmse 12.4693, time elapsed(min) 0.01---
2026-10-01 00:04:30,325 - INFO - --- validation at epoch 191, val_loss 8.7032, val_mae 8.5128, val_rmse 12.3245, val_r2 0.7979, val_pearson 0.8959, lr 8.10e-06 ---
2026-10-01 00:04:30,325 - INFO - 
****************************************************************************************************
2026-10-01 00:04:31,751 - INFO - --- training epoch 192, loss 7.9258, mae 8.4072, rmse 12.5430, time elapsed(min) 0.02---
2026-10-01 00:04:31,925 - INFO - --- validation at epoch 192, val_loss 8.6896, val_mae 8.5295, val_rmse 12.3368, val_r2 0.7975, val_pearson 0.8957, lr 8.10e-06 ---
2026-10-01 00:04:31,925 - INFO - 
****************************************************************************************************
2026-10-01 00:04:33,228 - INFO - --- training epoch 193, loss 7.8177, mae 8.2991, rmse 12.4312, time elapsed(min) 0.01---
2026-10-01 00:04:33,605 - INFO - --- validation at epoch 193, val_loss 8.6885, val_mae 8.4885, val_rmse 12.2979, val_r2 0.7988, val_pearson 0.8956, lr 8.10e-06 ---
2026-10-01 00:04:33,605 - INFO - 
****************************************************************************************************
2026-10-01 00:04:34,827 - INFO - --- training epoch 194, loss 7.7994, mae 8.2800, rmse 12.4706, time elapsed(min) 0.01---
2026-10-01 00:04:34,995 - INFO - --- validation at epoch 194, val_loss 8.6897, val_mae 8.5074, val_rmse 12.3480, val_r2 0.7971, val_pearson 0.8957, lr 8.10e-06 ---
2026-10-01 00:04:34,995 - INFO - 
****************************************************************************************************
2026-10-01 00:04:36,229 - INFO - --- training epoch 195, loss 7.9160, mae 8.3990, rmse 12.5710, time elapsed(min) 0.01---
2026-10-01 00:04:36,405 - INFO - --- validation at epoch 195, val_loss 8.7138, val_mae 8.5195, val_rmse 12.3430, val_r2 0.7973, val_pearson 0.8956, lr 8.10e-06 ---
2026-10-01 00:04:36,405 - INFO - 
****************************************************************************************************
2026-10-01 00:04:37,836 - INFO - --- training epoch 196, loss 7.7183, mae 8.2011, rmse 12.3379, time elapsed(min) 0.02---
2026-10-01 00:04:38,011 - INFO - --- validation at epoch 196, val_loss 8.7123, val_mae 8.5082, val_rmse 12.3218, val_r2 0.7980, val_pearson 0.8955, lr 8.10e-06 ---
2026-10-01 00:04:38,012 - INFO - 
****************************************************************************************************
2026-10-01 00:04:39,431 - INFO - --- training epoch 197, loss 7.7724, mae 8.2536, rmse 12.3707, time elapsed(min) 0.02---
2026-10-01 00:04:39,620 - INFO - --- validation at epoch 197, val_loss 8.7042, val_mae 8.4954, val_rmse 12.2733, val_r2 0.7996, val_pearson 0.8961, lr 8.10e-06 ---
2026-10-01 00:04:39,621 - INFO - 
****************************************************************************************************
2026-10-01 00:04:41,106 - INFO - --- training epoch 198, loss 7.7457, mae 8.2261, rmse 12.3365, time elapsed(min) 0.02---
2026-10-01 00:04:41,270 - INFO - --- validation at epoch 198, val_loss 8.7046, val_mae 8.4944, val_rmse 12.2720, val_r2 0.7996, val_pearson 0.8961, lr 2.43e-06 ---
2026-10-01 00:04:41,270 - INFO - 
****************************************************************************************************
2026-10-01 00:04:42,338 - INFO - --- training epoch 199, loss 7.8480, mae 8.3286, rmse 12.4440, time elapsed(min) 0.01---
2026-10-01 00:04:42,502 - INFO - --- validation at epoch 199, val_loss 8.7060, val_mae 8.5043, val_rmse 12.2927, val_r2 0.7990, val_pearson 0.8962, lr 2.43e-06 ---
2026-10-01 00:04:42,502 - INFO - 
****************************************************************************************************
2026-10-01 00:04:43,725 - INFO - --- training epoch 200, loss 7.9071, mae 8.3881, rmse 12.5470, time elapsed(min) 0.01---
2026-10-01 00:04:43,897 - INFO - --- validation at epoch 200, val_loss 8.6912, val_mae 8.5169, val_rmse 12.3047, val_r2 0.7986, val_pearson 0.8961, lr 2.43e-06 ---
2026-10-01 00:04:43,897 - INFO - 
****************************************************************************************************
2026-10-01 00:04:45,280 - INFO - --- training epoch 201, loss 7.8094, mae 8.2906, rmse 12.3940, time elapsed(min) 0.02---
2026-10-01 00:04:45,455 - INFO - --- validation at epoch 201, val_loss 8.6886, val_mae 8.5169, val_rmse 12.3018, val_r2 0.7987, val_pearson 0.8960, lr 2.43e-06 ---
2026-10-01 00:04:45,455 - INFO - 
****************************************************************************************************
2026-10-01 00:04:46,841 - INFO - --- training epoch 202, loss 7.8533, mae 8.3336, rmse 12.4756, time elapsed(min) 0.02---
2026-10-01 00:04:47,008 - INFO - --- validation at epoch 202, val_loss 8.6968, val_mae 8.5122, val_rmse 12.2971, val_r2 0.7988, val_pearson 0.8960, lr 2.43e-06 ---
2026-10-01 00:04:47,008 - INFO - 
****************************************************************************************************
2026-10-01 00:04:48,447 - INFO - --- training epoch 203, loss 7.9345, mae 8.4161, rmse 12.5656, time elapsed(min) 0.02---
2026-10-01 00:04:48,618 - INFO - --- validation at epoch 203, val_loss 8.7048, val_mae 8.5089, val_rmse 12.3002, val_r2 0.7987, val_pearson 0.8959, lr 2.43e-06 ---
2026-10-01 00:04:48,618 - INFO - 
****************************************************************************************************
2026-10-01 00:04:49,703 - INFO - --- training epoch 204, loss 7.8461, mae 8.3273, rmse 12.4437, time elapsed(min) 0.01---
2026-10-01 00:04:49,873 - INFO - --- validation at epoch 204, val_loss 8.6934, val_mae 8.5135, val_rmse 12.3040, val_r2 0.7986, val_pearson 0.8961, lr 2.43e-06 ---
2026-10-01 00:04:49,873 - INFO - 
****************************************************************************************************
2026-10-01 00:04:50,941 - INFO - --- training epoch 205, loss 7.8442, mae 8.3261, rmse 12.3643, time elapsed(min) 0.01---
2026-10-01 00:04:51,115 - INFO - --- validation at epoch 205, val_loss 8.6825, val_mae 8.5272, val_rmse 12.3131, val_r2 0.7983, val_pearson 0.8963, lr 2.43e-06 ---
2026-10-01 00:04:51,116 - INFO - 
****************************************************************************************************
2026-10-01 00:04:52,407 - INFO - --- training epoch 206, loss 7.8816, mae 8.3631, rmse 12.4874, time elapsed(min) 0.01---
2026-10-01 00:04:52,582 - INFO - --- validation at epoch 206, val_loss 8.6807, val_mae 8.5270, val_rmse 12.3123, val_r2 0.7983, val_pearson 0.8963, lr 2.43e-06 ---
2026-10-01 00:04:52,582 - INFO - 
****************************************************************************************************
2026-10-01 00:04:53,978 - INFO - --- training epoch 207, loss 7.8609, mae 8.3414, rmse 12.4981, time elapsed(min) 0.02---
2026-10-01 00:04:54,146 - INFO - --- validation at epoch 207, val_loss 8.6996, val_mae 8.5212, val_rmse 12.3193, val_r2 0.7981, val_pearson 0.8959, lr 2.43e-06 ---
2026-10-01 00:04:54,146 - INFO - 
****************************************************************************************************
2026-10-01 00:04:55,562 - INFO - --- training epoch 208, loss 7.8206, mae 8.3016, rmse 12.4128, time elapsed(min) 0.02---
2026-10-01 00:04:55,737 - INFO - --- validation at epoch 208, val_loss 8.7028, val_mae 8.5214, val_rmse 12.3189, val_r2 0.7981, val_pearson 0.8958, lr 2.43e-06 ---
2026-10-01 00:04:55,737 - INFO - 
****************************************************************************************************
2026-10-01 00:04:56,800 - INFO - --- training epoch 209, loss 7.8456, mae 8.3290, rmse 12.3728, time elapsed(min) 0.01---
2026-10-01 00:04:56,978 - INFO - --- validation at epoch 209, val_loss 8.7054, val_mae 8.5205, val_rmse 12.3169, val_r2 0.7982, val_pearson 0.8958, lr 1.00e-06 ---
2026-10-01 00:04:56,978 - INFO - 
****************************************************************************************************
2026-10-01 00:04:58,196 - INFO - --- training epoch 210, loss 7.7474, mae 8.2291, rmse 12.3468, time elapsed(min) 0.01---
2026-10-01 00:04:58,362 - INFO - --- validation at epoch 210, val_loss 8.7055, val_mae 8.5203, val_rmse 12.3185, val_r2 0.7981, val_pearson 0.8958, lr 1.00e-06 ---
2026-10-01 00:04:58,362 - INFO - 
****************************************************************************************************
2026-10-01 00:04:59,631 - INFO - --- training epoch 211, loss 7.7906, mae 8.2734, rmse 12.3948, time elapsed(min) 0.01---
2026-10-01 00:04:59,797 - INFO - --- validation at epoch 211, val_loss 8.7062, val_mae 8.5192, val_rmse 12.3179, val_r2 0.7981, val_pearson 0.8958, lr 1.00e-06 ---
2026-10-01 00:04:59,797 - INFO - 
****************************************************************************************************
2026-10-01 00:05:01,089 - INFO - --- training epoch 212, loss 7.7856, mae 8.2678, rmse 12.4004, time elapsed(min) 0.01---
2026-10-01 00:05:01,261 - INFO - --- validation at epoch 212, val_loss 8.7082, val_mae 8.5189, val_rmse 12.3201, val_r2 0.7981, val_pearson 0.8958, lr 1.00e-06 ---
2026-10-01 00:05:01,261 - INFO - 
****************************************************************************************************
2026-10-01 00:05:02,695 - INFO - --- training epoch 213, loss 7.8511, mae 8.3342, rmse 12.4601, time elapsed(min) 0.02---
2026-10-01 00:05:02,872 - INFO - --- validation at epoch 213, val_loss 8.7091, val_mae 8.5191, val_rmse 12.3182, val_r2 0.7981, val_pearson 0.8958, lr 1.00e-06 ---
2026-10-01 00:05:02,872 - INFO - 
****************************************************************************************************
2026-10-01 00:05:03,964 - INFO - --- training epoch 214, loss 7.8826, mae 8.3647, rmse 12.4959, time elapsed(min) 0.01---
2026-10-01 00:05:04,127 - INFO - --- validation at epoch 214, val_loss 8.7043, val_mae 8.5203, val_rmse 12.3191, val_r2 0.7981, val_pearson 0.8958, lr 1.00e-06 ---
2026-10-01 00:05:04,127 - INFO - 
****************************************************************************************************
2026-10-01 00:05:05,349 - INFO - --- training epoch 215, loss 7.9220, mae 8.4031, rmse 12.5176, time elapsed(min) 0.01---
2026-10-01 00:05:05,530 - INFO - --- validation at epoch 215, val_loss 8.7004, val_mae 8.5184, val_rmse 12.3137, val_r2 0.7983, val_pearson 0.8959, lr 1.00e-06 ---
2026-10-01 00:05:05,530 - INFO - 
****************************************************************************************************
2026-10-01 00:05:06,834 - INFO - --- training epoch 216, loss 7.8082, mae 8.2887, rmse 12.4183, time elapsed(min) 0.01---
2026-10-01 00:05:06,997 - INFO - --- validation at epoch 216, val_loss 8.6991, val_mae 8.5170, val_rmse 12.3105, val_r2 0.7984, val_pearson 0.8960, lr 1.00e-06 ---
2026-10-01 00:05:06,997 - INFO - 
****************************************************************************************************
2026-10-01 00:05:08,413 - INFO - --- training epoch 217, loss 7.8669, mae 8.3490, rmse 12.4739, time elapsed(min) 0.02---
2026-10-01 00:05:08,588 - INFO - --- validation at epoch 217, val_loss 8.7014, val_mae 8.5151, val_rmse 12.3090, val_r2 0.7984, val_pearson 0.8960, lr 1.00e-06 ---
2026-10-01 00:05:08,588 - INFO - 
****************************************************************************************************
2026-10-01 00:05:10,048 - INFO - --- training epoch 218, loss 7.8753, mae 8.3564, rmse 12.5562, time elapsed(min) 0.02---
2026-10-01 00:05:10,214 - INFO - --- validation at epoch 218, val_loss 8.7019, val_mae 8.5176, val_rmse 12.3142, val_r2 0.7983, val_pearson 0.8960, lr 1.00e-06 ---
2026-10-01 00:05:10,214 - INFO - 
****************************************************************************************************
2026-10-01 00:05:11,281 - INFO - --- training epoch 219, loss 7.8274, mae 8.3093, rmse 12.4296, time elapsed(min) 0.01---
2026-10-01 00:05:11,446 - INFO - --- validation at epoch 219, val_loss 8.7041, val_mae 8.5176, val_rmse 12.3145, val_r2 0.7982, val_pearson 0.8960, lr 1.00e-06 ---
2026-10-01 00:05:11,446 - INFO - 
****************************************************************************************************
2026-10-01 00:05:12,546 - INFO - --- training epoch 220, loss 7.8347, mae 8.3173, rmse 12.4521, time elapsed(min) 0.01---
2026-10-01 00:05:12,712 - INFO - --- validation at epoch 220, val_loss 8.7039, val_mae 8.5162, val_rmse 12.3115, val_r2 0.7983, val_pearson 0.8960, lr 1.00e-06 ---
2026-10-01 00:05:12,713 - INFO - 
****************************************************************************************************
2026-10-01 00:05:13,980 - INFO - --- training epoch 221, loss 7.7891, mae 8.2707, rmse 12.3929, time elapsed(min) 0.01---
2026-10-01 00:05:14,142 - INFO - --- validation at epoch 221, val_loss 8.6991, val_mae 8.5141, val_rmse 12.3073, val_r2 0.7985, val_pearson 0.8960, lr 1.00e-06 ---
2026-10-01 00:05:14,143 - INFO - 
****************************************************************************************************
2026-10-01 00:05:15,410 - INFO - --- training epoch 222, loss 7.8615, mae 8.3435, rmse 12.4655, time elapsed(min) 0.01---
2026-10-01 00:05:15,584 - INFO - --- validation at epoch 222, val_loss 8.6977, val_mae 8.5131, val_rmse 12.3060, val_r2 0.7985, val_pearson 0.8960, lr 1.00e-06 ---
2026-10-01 00:05:15,584 - INFO - 
****************************************************************************************************
2026-10-01 00:05:16,806 - INFO - --- training epoch 223, loss 7.7975, mae 8.2796, rmse 12.3005, time elapsed(min) 0.01---
2026-10-01 00:05:16,971 - INFO - --- validation at epoch 223, val_loss 8.6852, val_mae 8.5120, val_rmse 12.3013, val_r2 0.7987, val_pearson 0.8962, lr 1.00e-06 ---
2026-10-01 00:05:16,971 - INFO - 
****************************************************************************************************
2026-10-01 00:05:18,068 - INFO - --- training epoch 224, loss 7.7928, mae 8.2756, rmse 12.4223, time elapsed(min) 0.01---
2026-10-01 00:05:18,224 - INFO - --- validation at epoch 224, val_loss 8.6832, val_mae 8.5103, val_rmse 12.2986, val_r2 0.7988, val_pearson 0.8962, lr 1.00e-06 ---
2026-10-01 00:05:18,225 - INFO - 
****************************************************************************************************
2026-10-01 00:05:19,509 - INFO - --- training epoch 225, loss 7.9758, mae 8.4588, rmse 12.6322, time elapsed(min) 0.01---
2026-10-01 00:05:19,676 - INFO - --- validation at epoch 225, val_loss 8.6850, val_mae 8.5094, val_rmse 12.2964, val_r2 0.7988, val_pearson 0.8962, lr 1.00e-06 ---
2026-10-01 00:05:19,676 - INFO - 
****************************************************************************************************
2026-10-01 00:05:20,959 - INFO - --- training epoch 226, loss 7.8599, mae 8.3409, rmse 12.5017, time elapsed(min) 0.01---
2026-10-01 00:05:21,123 - INFO - --- validation at epoch 226, val_loss 8.6819, val_mae 8.5109, val_rmse 12.2952, val_r2 0.7989, val_pearson 0.8963, lr 1.00e-06 ---
2026-10-01 00:05:21,123 - INFO - 
****************************************************************************************************
2026-10-01 00:05:22,443 - INFO - --- training epoch 227, loss 8.0125, mae 8.4942, rmse 12.6093, time elapsed(min) 0.02---
2026-10-01 00:05:22,610 - INFO - --- validation at epoch 227, val_loss 8.6919, val_mae 8.5112, val_rmse 12.2970, val_r2 0.7988, val_pearson 0.8961, lr 1.00e-06 ---
2026-10-01 00:05:22,610 - INFO - 
****************************************************************************************************
2026-10-01 00:05:24,057 - INFO - --- training epoch 228, loss 7.8892, mae 8.3700, rmse 12.4886, time elapsed(min) 0.02---
2026-10-01 00:05:24,238 - INFO - --- validation at epoch 228, val_loss 8.6950, val_mae 8.5145, val_rmse 12.3047, val_r2 0.7986, val_pearson 0.8960, lr 1.00e-06 ---
2026-10-01 00:05:24,238 - INFO - 
****************************************************************************************************
2026-10-01 00:05:25,318 - INFO - --- training epoch 229, loss 7.8377, mae 8.3192, rmse 12.4420, time elapsed(min) 0.01---
2026-10-01 00:05:25,489 - INFO - --- validation at epoch 229, val_loss 8.6991, val_mae 8.5174, val_rmse 12.3102, val_r2 0.7984, val_pearson 0.8960, lr 1.00e-06 ---
2026-10-01 00:05:25,489 - INFO - 
****************************************************************************************************
2026-10-01 00:05:26,551 - INFO - --- training epoch 230, loss 7.9075, mae 8.3901, rmse 12.4166, time elapsed(min) 0.01---
2026-10-01 00:05:26,723 - INFO - --- validation at epoch 230, val_loss 8.6995, val_mae 8.5163, val_rmse 12.3081, val_r2 0.7985, val_pearson 0.8960, lr 1.00e-06 ---
2026-10-01 00:05:26,724 - INFO - 
****************************************************************************************************
2026-10-01 00:05:27,980 - INFO - --- training epoch 231, loss 7.9229, mae 8.4049, rmse 12.5652, time elapsed(min) 0.01---
2026-10-01 00:05:28,149 - INFO - --- validation at epoch 231, val_loss 8.6973, val_mae 8.5175, val_rmse 12.3104, val_r2 0.7984, val_pearson 0.8960, lr 1.00e-06 ---
2026-10-01 00:05:28,149 - INFO - 
****************************************************************************************************
2026-10-01 00:05:29,419 - INFO - --- training epoch 232, loss 7.8000, mae 8.2814, rmse 12.3887, time elapsed(min) 0.01---
2026-10-01 00:05:29,593 - INFO - --- validation at epoch 232, val_loss 8.6987, val_mae 8.5135, val_rmse 12.3038, val_r2 0.7986, val_pearson 0.8960, lr 1.00e-06 ---
2026-10-01 00:05:29,593 - INFO - 
****************************************************************************************************
2026-10-01 00:05:30,803 - INFO - --- training epoch 233, loss 7.8761, mae 8.3570, rmse 12.4489, time elapsed(min) 0.01---
2026-10-01 00:05:30,970 - INFO - --- validation at epoch 233, val_loss 8.6937, val_mae 8.5114, val_rmse 12.2996, val_r2 0.7987, val_pearson 0.8961, lr 1.00e-06 ---
2026-10-01 00:05:30,970 - INFO - 
****************************************************************************************************
2026-10-01 00:05:32,044 - INFO - --- training epoch 234, loss 7.8170, mae 8.2963, rmse 12.4288, time elapsed(min) 0.01---
2026-10-01 00:05:32,220 - INFO - --- validation at epoch 234, val_loss 8.6960, val_mae 8.5091, val_rmse 12.2962, val_r2 0.7988, val_pearson 0.8961, lr 1.00e-06 ---
2026-10-01 00:05:32,221 - INFO - 
****************************************************************************************************
2026-10-01 00:05:33,446 - INFO - --- training epoch 235, loss 7.8624, mae 8.3434, rmse 12.4065, time elapsed(min) 0.01---
2026-10-01 00:05:33,615 - INFO - --- validation at epoch 235, val_loss 8.6970, val_mae 8.5077, val_rmse 12.2964, val_r2 0.7988, val_pearson 0.8960, lr 1.00e-06 ---
2026-10-01 00:05:33,615 - INFO - 
****************************************************************************************************
2026-10-01 00:05:35,014 - INFO - --- training epoch 236, loss 7.8457, mae 8.3272, rmse 12.4223, time elapsed(min) 0.02---
2026-10-01 00:05:35,182 - INFO - --- validation at epoch 236, val_loss 8.6932, val_mae 8.5091, val_rmse 12.2997, val_r2 0.7987, val_pearson 0.8961, lr 1.00e-06 ---
2026-10-01 00:05:35,182 - INFO - 
****************************************************************************************************
2026-10-01 00:05:35,580 - INFO - --- early stopping at epoch 236: val_loss did not improve for 50 epochs ---
2026-10-01 00:05:35,779 - INFO - --- selected checkpoint from epoch 186, val_loss 8.6644, val_mae 8.5079, val_rmse 12.2721
2026-10-01 00:05:36,434 - INFO - -- RESULT
2026-10-01 00:05:36,434 - INFO - --- test size: 1187
2026-10-01 00:05:36,434 - INFO - --- MAE: 8.3006 pp, RMSE: 12.3428 pp, R2: 0.7978, Pearson: 0.8934
2026-10-01 00:05:37,967 - INFO - --- Buchwald-Hartwig | fullcv09_split70 | approach_3: test R2 0.7978 MAE 8.3006 RMSE 12.3428 | 340.2s (1.4s/epoch)
2026-10-01 00:05:37,980 - INFO - --- Buchwald-Hartwig | fullcv09_split70 | approach 2 (comb/mlp) (comb/mlp)
