2026-09-30 23:37:14,136 - INFO - device is	cuda:0
2026-09-30 23:37:14,232 - INFO - -- CONFIGURATIONS
2026-09-30 23:37:14,232 - INFO - --- train/valid/test: 2491/277/1187
2026-09-30 23:37:14,232 - INFO - --- max no. reactants_train, valid, test respectively: 6, 6, 6
2026-09-30 23:37:14,232 - INFO - --- max no. products_train, valid, test respectively: 1, 1, 1
2026-09-30 23:37:14,232 - INFO - --- model_path: ../logs/approach2_grid_bh/e400/runs/Buchwald-Hartwig_fullcv08_split70_approach_3/model.pt
2026-09-30 23:37:14,241 - INFO - -- TRAINING
2026-09-30 23:37:14,909 - INFO - --- training epoch 0, loss 24.4233, mae 24.9196, rmse 30.6933, time elapsed(min) 0.01---
2026-09-30 23:37:15,075 - INFO - --- validation at epoch 0, val_loss 24.3629, val_mae 25.9506, val_rmse 32.7864, val_r2 -0.3137, val_pearson -0.3373, lr 1.00e-03 ---
2026-09-30 23:37:15,075 - INFO - 
****************************************************************************************************
2026-09-30 23:37:16,172 - INFO - --- training epoch 1, loss 22.9575, mae 23.4532, rmse 28.5475, time elapsed(min) 0.01---
2026-09-30 23:37:16,352 - INFO - --- validation at epoch 1, val_loss 23.6385, val_mae 25.2759, val_rmse 31.2576, val_r2 -0.1941, val_pearson -0.2027, lr 1.00e-03 ---
2026-09-30 23:37:16,353 - INFO - 
****************************************************************************************************
2026-09-30 23:37:17,628 - INFO - --- training epoch 2, loss 22.6954, mae 23.1914, rmse 28.0064, time elapsed(min) 0.01---
2026-09-30 23:37:17,794 - INFO - --- validation at epoch 2, val_loss 22.9918, val_mae 24.6669, val_rmse 29.9884, val_r2 -0.0991, val_pearson 0.2897, lr 1.00e-03 ---
2026-09-30 23:37:17,794 - INFO - 
****************************************************************************************************
2026-09-30 23:37:19,100 - INFO - --- training epoch 3, loss 22.1329, mae 22.6295, rmse 27.1016, time elapsed(min) 0.01---
2026-09-30 23:37:19,266 - INFO - --- validation at epoch 3, val_loss 21.2423, val_mae 23.1660, val_rmse 28.2576, val_r2 0.0241, val_pearson 0.3332, lr 1.00e-03 ---
2026-09-30 23:37:19,266 - INFO - 
****************************************************************************************************
2026-09-30 23:37:20,584 - INFO - --- training epoch 4, loss 21.4106, mae 21.9061, rmse 26.5728, time elapsed(min) 0.01---
2026-09-30 23:37:20,755 - INFO - --- validation at epoch 4, val_loss 20.7734, val_mae 22.5024, val_rmse 27.2490, val_r2 0.0926, val_pearson 0.3895, lr 1.00e-03 ---
2026-09-30 23:37:20,755 - INFO - 
****************************************************************************************************
2026-09-30 23:37:22,050 - INFO - --- training epoch 5, loss 21.1126, mae 21.6091, rmse 26.3747, time elapsed(min) 0.01---
2026-09-30 23:37:22,228 - INFO - --- validation at epoch 5, val_loss 21.2193, val_mae 22.9624, val_rmse 28.0592, val_r2 0.0378, val_pearson 0.4068, lr 1.00e-03 ---
2026-09-30 23:37:22,229 - INFO - 
****************************************************************************************************
2026-09-30 23:37:23,308 - INFO - --- training epoch 6, loss 20.7021, mae 21.1978, rmse 25.7367, time elapsed(min) 0.01---
2026-09-30 23:37:23,484 - INFO - --- validation at epoch 6, val_loss 19.4999, val_mae 21.0158, val_rmse 25.1093, val_r2 0.2295, val_pearson 0.4936, lr 1.00e-03 ---
2026-09-30 23:37:23,484 - INFO - 
****************************************************************************************************
2026-09-30 23:37:24,582 - INFO - --- training epoch 7, loss 20.3739, mae 20.8701, rmse 24.9280, time elapsed(min) 0.01---
2026-09-30 23:37:24,750 - INFO - --- validation at epoch 7, val_loss 20.0225, val_mae 21.3018, val_rmse 25.5141, val_r2 0.2044, val_pearson 0.4708, lr 1.00e-03 ---
2026-09-30 23:37:24,750 - INFO - 
****************************************************************************************************
2026-09-30 23:37:26,106 - INFO - --- training epoch 8, loss 19.8733, mae 20.3682, rmse 24.6830, time elapsed(min) 0.02---
2026-09-30 23:37:26,273 - INFO - --- validation at epoch 8, val_loss 18.5052, val_mae 20.3308, val_rmse 24.8458, val_r2 0.2456, val_pearson 0.5196, lr 1.00e-03 ---
2026-09-30 23:37:26,273 - INFO - 
****************************************************************************************************
2026-09-30 23:37:27,583 - INFO - --- training epoch 9, loss 19.4708, mae 19.9659, rmse 24.2497, time elapsed(min) 0.01---
2026-09-30 23:37:27,756 - INFO - --- validation at epoch 9, val_loss 17.9929, val_mae 19.6820, val_rmse 23.5348, val_r2 0.3231, val_pearson 0.5732, lr 1.00e-03 ---
2026-09-30 23:37:27,756 - INFO - 
****************************************************************************************************
2026-09-30 23:37:29,116 - INFO - --- training epoch 10, loss 18.8153, mae 19.3094, rmse 23.4671, time elapsed(min) 0.02---
2026-09-30 23:37:29,497 - INFO - --- validation at epoch 10, val_loss 20.8391, val_mae 22.2320, val_rmse 25.6549, val_r2 0.1956, val_pearson 0.4607, lr 1.00e-03 ---
2026-09-30 23:37:29,497 - INFO - 
****************************************************************************************************
2026-09-30 23:37:30,679 - INFO - --- training epoch 11, loss 19.3551, mae 19.8526, rmse 23.9047, time elapsed(min) 0.01---
2026-09-30 23:37:30,859 - INFO - --- validation at epoch 11, val_loss 17.1327, val_mae 18.8361, val_rmse 22.5095, val_r2 0.3808, val_pearson 0.6269, lr 1.00e-03 ---
2026-09-30 23:37:30,859 - INFO - 
****************************************************************************************************
2026-09-30 23:37:31,968 - INFO - --- training epoch 12, loss 17.9040, mae 18.3990, rmse 22.6274, time elapsed(min) 0.01---
2026-09-30 23:37:32,145 - INFO - --- validation at epoch 12, val_loss 15.9938, val_mae 18.1045, val_rmse 22.0120, val_r2 0.4078, val_pearson 0.6465, lr 1.00e-03 ---
2026-09-30 23:37:32,145 - INFO - 
****************************************************************************************************
2026-09-30 23:37:33,432 - INFO - --- training epoch 13, loss 16.5922, mae 17.0869, rmse 21.3340, time elapsed(min) 0.01---
2026-09-30 23:37:33,592 - INFO - --- validation at epoch 13, val_loss 15.0265, val_mae 17.3551, val_rmse 22.8306, val_r2 0.3630, val_pearson 0.6326, lr 1.00e-03 ---
2026-09-30 23:37:33,592 - INFO - 
****************************************************************************************************
2026-09-30 23:37:34,924 - INFO - --- training epoch 14, loss 15.0162, mae 15.5084, rmse 19.9918, time elapsed(min) 0.01---
2026-09-30 23:37:35,092 - INFO - --- validation at epoch 14, val_loss 14.5897, val_mae 15.9275, val_rmse 20.0205, val_r2 0.5101, val_pearson 0.7152, lr 1.00e-03 ---
2026-09-30 23:37:35,092 - INFO - 
****************************************************************************************************
2026-09-30 23:37:36,414 - INFO - --- training epoch 15, loss 14.2336, mae 14.7259, rmse 19.2032, time elapsed(min) 0.01---
2026-09-30 23:37:36,583 - INFO - --- validation at epoch 15, val_loss 13.0012, val_mae 15.1584, val_rmse 19.7845, val_r2 0.5216, val_pearson 0.7297, lr 1.00e-03 ---
2026-09-30 23:37:36,583 - INFO - 
****************************************************************************************************
2026-09-30 23:37:37,916 - INFO - --- training epoch 16, loss 14.0545, mae 14.5456, rmse 19.0873, time elapsed(min) 0.01---
2026-09-30 23:37:38,301 - INFO - --- validation at epoch 16, val_loss 13.7884, val_mae 15.2380, val_rmse 20.1800, val_r2 0.5023, val_pearson 0.7339, lr 1.00e-03 ---
2026-09-30 23:37:38,301 - INFO - 
****************************************************************************************************
2026-09-30 23:37:39,520 - INFO - --- training epoch 17, loss 14.0823, mae 14.5750, rmse 19.2156, time elapsed(min) 0.01---
2026-09-30 23:37:39,694 - INFO - --- validation at epoch 17, val_loss 15.3450, val_mae 17.5628, val_rmse 21.4856, val_r2 0.4358, val_pearson 0.6893, lr 1.00e-03 ---
2026-09-30 23:37:39,695 - INFO - 
****************************************************************************************************
2026-09-30 23:37:40,730 - INFO - --- training epoch 18, loss 14.4354, mae 14.9279, rmse 19.2378, time elapsed(min) 0.01---
2026-09-30 23:37:40,901 - INFO - --- validation at epoch 18, val_loss 12.5096, val_mae 13.9763, val_rmse 18.7640, val_r2 0.5697, val_pearson 0.7596, lr 1.00e-03 ---
2026-09-30 23:37:40,901 - INFO - 
****************************************************************************************************
2026-09-30 23:37:42,373 - INFO - --- training epoch 19, loss 13.5775, mae 14.0665, rmse 18.7373, time elapsed(min) 0.02---
2026-09-30 23:37:42,546 - INFO - --- validation at epoch 19, val_loss 12.6071, val_mae 13.8786, val_rmse 18.9567, val_r2 0.5608, val_pearson 0.7564, lr 1.00e-03 ---
2026-09-30 23:37:42,546 - INFO - 
****************************************************************************************************
2026-09-30 23:37:43,794 - INFO - --- training epoch 20, loss 13.1302, mae 13.6207, rmse 18.1187, time elapsed(min) 0.01---
2026-09-30 23:37:43,962 - INFO - --- validation at epoch 20, val_loss 12.8105, val_mae 14.2242, val_rmse 19.0990, val_r2 0.5542, val_pearson 0.7558, lr 1.00e-03 ---
2026-09-30 23:37:43,963 - INFO - 
****************************************************************************************************
2026-09-30 23:37:45,192 - INFO - --- training epoch 21, loss 13.1315, mae 13.6212, rmse 18.1035, time elapsed(min) 0.01---
2026-09-30 23:37:45,373 - INFO - --- validation at epoch 21, val_loss 12.4986, val_mae 13.8451, val_rmse 18.6063, val_r2 0.5769, val_pearson 0.7643, lr 1.00e-03 ---
2026-09-30 23:37:45,373 - INFO - 
****************************************************************************************************
2026-09-30 23:37:46,639 - INFO - --- training epoch 22, loss 12.8798, mae 13.3692, rmse 17.6255, time elapsed(min) 0.01---
2026-09-30 23:37:46,806 - INFO - --- validation at epoch 22, val_loss 12.6498, val_mae 14.0013, val_rmse 18.4614, val_r2 0.5835, val_pearson 0.7700, lr 1.00e-03 ---
2026-09-30 23:37:46,806 - INFO - 
****************************************************************************************************
2026-09-30 23:37:47,846 - INFO - --- training epoch 23, loss 12.6833, mae 13.1756, rmse 17.3065, time elapsed(min) 0.01---
2026-09-30 23:37:48,010 - INFO - --- validation at epoch 23, val_loss 12.0427, val_mae 13.6514, val_rmse 17.6500, val_r2 0.6193, val_pearson 0.7874, lr 1.00e-03 ---
2026-09-30 23:37:48,010 - INFO - 
****************************************************************************************************
2026-09-30 23:37:49,342 - INFO - --- training epoch 24, loss 12.3917, mae 12.8814, rmse 16.7935, time elapsed(min) 0.01---
2026-09-30 23:37:49,511 - INFO - --- validation at epoch 24, val_loss 11.6816, val_mae 12.9440, val_rmse 17.0144, val_r2 0.6462, val_pearson 0.8089, lr 1.00e-03 ---
2026-09-30 23:37:49,511 - INFO - 
****************************************************************************************************
2026-09-30 23:37:50,826 - INFO - --- training epoch 25, loss 12.0942, mae 12.5851, rmse 16.5057, time elapsed(min) 0.01---
2026-09-30 23:37:51,003 - INFO - --- validation at epoch 25, val_loss 10.8874, val_mae 12.3621, val_rmse 16.5470, val_r2 0.6654, val_pearson 0.8157, lr 1.00e-03 ---
2026-09-30 23:37:51,004 - INFO - 
****************************************************************************************************
2026-09-30 23:37:52,362 - INFO - --- training epoch 26, loss 11.9324, mae 12.4222, rmse 16.0325, time elapsed(min) 0.01---
2026-09-30 23:37:52,534 - INFO - --- validation at epoch 26, val_loss 11.6864, val_mae 12.6719, val_rmse 17.0019, val_r2 0.6467, val_pearson 0.8093, lr 1.00e-03 ---
2026-09-30 23:37:52,535 - INFO - 
****************************************************************************************************
2026-09-30 23:37:53,745 - INFO - --- training epoch 27, loss 11.3972, mae 11.8878, rmse 15.8850, time elapsed(min) 0.01---
2026-09-30 23:37:53,915 - INFO - --- validation at epoch 27, val_loss 11.9712, val_mae 12.5973, val_rmse 16.8137, val_r2 0.6545, val_pearson 0.8197, lr 1.00e-03 ---
2026-09-30 23:37:53,915 - INFO - 
****************************************************************************************************
2026-09-30 23:37:54,981 - INFO - --- training epoch 28, loss 11.0403, mae 11.5297, rmse 15.2992, time elapsed(min) 0.01---
2026-09-30 23:37:55,158 - INFO - --- validation at epoch 28, val_loss 11.2083, val_mae 12.4466, val_rmse 16.7647, val_r2 0.6565, val_pearson 0.8272, lr 1.00e-03 ---
2026-09-30 23:37:55,158 - INFO - 
****************************************************************************************************
2026-09-30 23:37:56,349 - INFO - --- training epoch 29, loss 11.5174, mae 12.0059, rmse 15.8195, time elapsed(min) 0.01---
2026-09-30 23:37:56,538 - INFO - --- validation at epoch 29, val_loss 10.2357, val_mae 11.2424, val_rmse 15.1739, val_r2 0.7186, val_pearson 0.8512, lr 1.00e-03 ---
2026-09-30 23:37:56,538 - INFO - 
****************************************************************************************************
2026-09-30 23:37:57,885 - INFO - --- training epoch 30, loss 11.1024, mae 11.5922, rmse 15.2994, time elapsed(min) 0.01---
2026-09-30 23:37:58,053 - INFO - --- validation at epoch 30, val_loss 11.9255, val_mae 13.0392, val_rmse 17.3238, val_r2 0.6332, val_pearson 0.8211, lr 1.00e-03 ---
2026-09-30 23:37:58,053 - INFO - 
****************************************************************************************************
2026-09-30 23:37:59,319 - INFO - --- training epoch 31, loss 11.1363, mae 11.6260, rmse 15.4422, time elapsed(min) 0.01---
2026-09-30 23:37:59,491 - INFO - --- validation at epoch 31, val_loss 11.3525, val_mae 12.1490, val_rmse 16.4719, val_r2 0.6684, val_pearson 0.8335, lr 1.00e-03 ---
2026-09-30 23:37:59,491 - INFO - 
****************************************************************************************************
2026-09-30 23:38:00,773 - INFO - --- training epoch 32, loss 11.0273, mae 11.5169, rmse 15.3664, time elapsed(min) 0.01---
2026-09-30 23:38:01,157 - INFO - --- validation at epoch 32, val_loss 11.4715, val_mae 12.7601, val_rmse 16.5008, val_r2 0.6672, val_pearson 0.8188, lr 1.00e-03 ---
2026-09-30 23:38:01,157 - INFO - 
****************************************************************************************************
2026-09-30 23:38:02,369 - INFO - --- training epoch 33, loss 11.0373, mae 11.5278, rmse 15.0853, time elapsed(min) 0.01---
2026-09-30 23:38:02,528 - INFO - --- validation at epoch 33, val_loss 11.4457, val_mae 12.7005, val_rmse 15.9510, val_r2 0.6890, val_pearson 0.8362, lr 1.00e-03 ---
2026-09-30 23:38:02,528 - INFO - 
****************************************************************************************************
2026-09-30 23:38:03,717 - INFO - --- training epoch 34, loss 10.8099, mae 11.2991, rmse 14.8869, time elapsed(min) 0.01---
2026-09-30 23:38:03,882 - INFO - --- validation at epoch 34, val_loss 10.9868, val_mae 11.8560, val_rmse 15.6771, val_r2 0.6996, val_pearson 0.8418, lr 1.00e-03 ---
2026-09-30 23:38:03,883 - INFO - 
****************************************************************************************************
2026-09-30 23:38:05,156 - INFO - --- training epoch 35, loss 10.9779, mae 11.4665, rmse 15.1035, time elapsed(min) 0.01---
2026-09-30 23:38:05,325 - INFO - --- validation at epoch 35, val_loss 10.6386, val_mae 11.4529, val_rmse 15.1904, val_r2 0.7180, val_pearson 0.8530, lr 1.00e-03 ---
2026-09-30 23:38:05,326 - INFO - 
****************************************************************************************************
2026-09-30 23:38:06,626 - INFO - --- training epoch 36, loss 11.2790, mae 11.7678, rmse 15.5516, time elapsed(min) 0.01---
2026-09-30 23:38:06,794 - INFO - --- validation at epoch 36, val_loss 11.4577, val_mae 12.7481, val_rmse 15.5955, val_r2 0.7027, val_pearson 0.8405, lr 1.00e-03 ---
2026-09-30 23:38:06,794 - INFO - 
****************************************************************************************************
2026-09-30 23:38:08,247 - INFO - --- training epoch 37, loss 10.5283, mae 11.0183, rmse 14.7272, time elapsed(min) 0.02---
2026-09-30 23:38:08,418 - INFO - --- validation at epoch 37, val_loss 10.3034, val_mae 10.9767, val_rmse 15.0108, val_r2 0.7246, val_pearson 0.8584, lr 1.00e-03 ---
2026-09-30 23:38:08,418 - INFO - 
****************************************************************************************************
2026-09-30 23:38:09,466 - INFO - --- training epoch 38, loss 9.9161, mae 10.4053, rmse 13.9187, time elapsed(min) 0.01---
2026-09-30 23:38:09,636 - INFO - --- validation at epoch 38, val_loss 10.1465, val_mae 11.2331, val_rmse 14.7585, val_r2 0.7338, val_pearson 0.8595, lr 1.00e-03 ---
2026-09-30 23:38:09,636 - INFO - 
****************************************************************************************************
2026-09-30 23:38:10,904 - INFO - --- training epoch 39, loss 10.3016, mae 10.7914, rmse 14.2613, time elapsed(min) 0.01---
2026-09-30 23:38:11,063 - INFO - --- validation at epoch 39, val_loss 10.8964, val_mae 11.7894, val_rmse 15.1635, val_r2 0.7190, val_pearson 0.8514, lr 1.00e-03 ---
2026-09-30 23:38:11,063 - INFO - 
****************************************************************************************************
2026-09-30 23:38:12,432 - INFO - --- training epoch 40, loss 10.3612, mae 10.8503, rmse 14.4395, time elapsed(min) 0.02---
2026-09-30 23:38:12,613 - INFO - --- validation at epoch 40, val_loss 9.3885, val_mae 10.4858, val_rmse 14.1730, val_r2 0.7545, val_pearson 0.8710, lr 1.00e-03 ---
2026-09-30 23:38:12,613 - INFO - 
****************************************************************************************************
2026-09-30 23:38:13,978 - INFO - --- training epoch 41, loss 9.9004, mae 10.3868, rmse 14.1185, time elapsed(min) 0.01---
2026-09-30 23:38:14,133 - INFO - --- validation at epoch 41, val_loss 10.5593, val_mae 11.3684, val_rmse 15.5706, val_r2 0.7037, val_pearson 0.8650, lr 1.00e-03 ---
2026-09-30 23:38:14,133 - INFO - 
****************************************************************************************************
2026-09-30 23:38:15,560 - INFO - --- training epoch 42, loss 9.5348, mae 10.0233, rmse 13.5700, time elapsed(min) 0.02---
2026-09-30 23:38:15,733 - INFO - --- validation at epoch 42, val_loss 10.0651, val_mae 11.0310, val_rmse 15.4087, val_r2 0.7098, val_pearson 0.8471, lr 1.00e-03 ---
2026-09-30 23:38:15,733 - INFO - 
****************************************************************************************************
2026-09-30 23:38:16,796 - INFO - --- training epoch 43, loss 9.9882, mae 10.4746, rmse 14.1587, time elapsed(min) 0.01---
2026-09-30 23:38:16,969 - INFO - --- validation at epoch 43, val_loss 9.7252, val_mae 10.7076, val_rmse 13.9285, val_r2 0.7629, val_pearson 0.8748, lr 1.00e-03 ---
2026-09-30 23:38:16,969 - INFO - 
****************************************************************************************************
2026-09-30 23:38:18,189 - INFO - --- training epoch 44, loss 9.8792, mae 10.3689, rmse 13.8527, time elapsed(min) 0.01---
2026-09-30 23:38:18,357 - INFO - --- validation at epoch 44, val_loss 10.3015, val_mae 11.6413, val_rmse 16.1017, val_r2 0.6831, val_pearson 0.8452, lr 1.00e-03 ---
2026-09-30 23:38:18,357 - INFO - 
****************************************************************************************************
2026-09-30 23:38:19,626 - INFO - --- training epoch 45, loss 9.7876, mae 10.2745, rmse 13.9435, time elapsed(min) 0.01---
2026-09-30 23:38:19,798 - INFO - --- validation at epoch 45, val_loss 9.9056, val_mae 10.5885, val_rmse 14.1104, val_r2 0.7567, val_pearson 0.8700, lr 1.00e-03 ---
2026-09-30 23:38:19,798 - INFO - 
****************************************************************************************************
2026-09-30 23:38:21,096 - INFO - --- training epoch 46, loss 9.9607, mae 10.4491, rmse 14.1744, time elapsed(min) 0.02---
2026-09-30 23:38:21,273 - INFO - --- validation at epoch 46, val_loss 10.1363, val_mae 11.3665, val_rmse 16.3512, val_r2 0.6732, val_pearson 0.8499, lr 1.00e-03 ---
2026-09-30 23:38:21,273 - INFO - 
****************************************************************************************************
2026-09-30 23:38:22,736 - INFO - --- training epoch 47, loss 9.8410, mae 10.3269, rmse 14.0571, time elapsed(min) 0.02---
2026-09-30 23:38:22,914 - INFO - --- validation at epoch 47, val_loss 9.7453, val_mae 10.2967, val_rmse 14.3022, val_r2 0.7500, val_pearson 0.8773, lr 1.00e-03 ---
2026-09-30 23:38:22,914 - INFO - 
****************************************************************************************************
2026-09-30 23:38:23,967 - INFO - --- training epoch 48, loss 10.0118, mae 10.4987, rmse 14.1614, time elapsed(min) 0.01---
2026-09-30 23:38:24,131 - INFO - --- validation at epoch 48, val_loss 8.7073, val_mae 9.9166, val_rmse 13.2886, val_r2 0.7842, val_pearson 0.8865, lr 1.00e-03 ---
2026-09-30 23:38:24,131 - INFO - 
****************************************************************************************************
2026-09-30 23:38:25,268 - INFO - --- training epoch 49, loss 9.4370, mae 9.9232, rmse 13.4877, time elapsed(min) 0.01---
2026-09-30 23:38:25,430 - INFO - --- validation at epoch 49, val_loss 10.2103, val_mae 11.0185, val_rmse 14.9997, val_r2 0.7250, val_pearson 0.8581, lr 1.00e-03 ---
2026-09-30 23:38:25,430 - INFO - 
****************************************************************************************************
2026-09-30 23:38:26,708 - INFO - --- training epoch 50, loss 9.6779, mae 10.1661, rmse 13.7582, time elapsed(min) 0.01---
2026-09-30 23:38:26,873 - INFO - --- validation at epoch 50, val_loss 9.3995, val_mae 10.1584, val_rmse 13.9738, val_r2 0.7614, val_pearson 0.8793, lr 1.00e-03 ---
2026-09-30 23:38:26,873 - INFO - 
****************************************************************************************************
2026-09-30 23:38:28,133 - INFO - --- training epoch 51, loss 9.3054, mae 9.7907, rmse 13.2782, time elapsed(min) 0.01---
2026-09-30 23:38:28,301 - INFO - --- validation at epoch 51, val_loss 9.6462, val_mae 10.4674, val_rmse 14.4564, val_r2 0.7446, val_pearson 0.8699, lr 1.00e-03 ---
2026-09-30 23:38:28,302 - INFO - 
****************************************************************************************************
2026-09-30 23:38:29,737 - INFO - --- training epoch 52, loss 9.3437, mae 9.8321, rmse 13.4838, time elapsed(min) 0.02---
2026-09-30 23:38:29,900 - INFO - --- validation at epoch 52, val_loss 9.3039, val_mae 10.3111, val_rmse 14.2150, val_r2 0.7530, val_pearson 0.8838, lr 1.00e-03 ---
2026-09-30 23:38:29,900 - INFO - 
****************************************************************************************************
2026-09-30 23:38:30,989 - INFO - --- training epoch 53, loss 9.6603, mae 10.1481, rmse 13.8880, time elapsed(min) 0.01---
2026-09-30 23:38:31,157 - INFO - --- validation at epoch 53, val_loss 8.5567, val_mae 9.5876, val_rmse 13.3410, val_r2 0.7825, val_pearson 0.8856, lr 1.00e-03 ---
2026-09-30 23:38:31,157 - INFO - 
****************************************************************************************************
2026-09-30 23:38:32,313 - INFO - --- training epoch 54, loss 9.4657, mae 9.9543, rmse 13.5325, time elapsed(min) 0.01---
2026-09-30 23:38:32,492 - INFO - --- validation at epoch 54, val_loss 9.3337, val_mae 10.0868, val_rmse 14.0740, val_r2 0.7579, val_pearson 0.8744, lr 1.00e-03 ---
2026-09-30 23:38:32,492 - INFO - 
****************************************************************************************************
2026-09-30 23:38:33,771 - INFO - --- training epoch 55, loss 9.3854, mae 9.8724, rmse 13.7187, time elapsed(min) 0.01---
2026-09-30 23:38:33,937 - INFO - --- validation at epoch 55, val_loss 8.5785, val_mae 9.5242, val_rmse 13.6338, val_r2 0.7728, val_pearson 0.8872, lr 1.00e-03 ---
2026-09-30 23:38:33,937 - INFO - 
****************************************************************************************************
2026-09-30 23:38:35,224 - INFO - --- training epoch 56, loss 8.8389, mae 9.3261, rmse 13.1113, time elapsed(min) 0.01---
2026-09-30 23:38:35,386 - INFO - --- validation at epoch 56, val_loss 9.2595, val_mae 9.9546, val_rmse 14.2855, val_r2 0.7506, val_pearson 0.8845, lr 1.00e-03 ---
2026-09-30 23:38:35,386 - INFO - 
****************************************************************************************************
2026-09-30 23:38:36,786 - INFO - --- training epoch 57, loss 8.8630, mae 9.3505, rmse 12.9115, time elapsed(min) 0.02---
2026-09-30 23:38:36,960 - INFO - --- validation at epoch 57, val_loss 9.6740, val_mae 10.4272, val_rmse 14.8728, val_r2 0.7297, val_pearson 0.8794, lr 1.00e-03 ---
2026-09-30 23:38:36,960 - INFO - 
****************************************************************************************************
2026-09-30 23:38:38,016 - INFO - --- training epoch 58, loss 8.8504, mae 9.3366, rmse 12.7995, time elapsed(min) 0.01---
2026-09-30 23:38:38,183 - INFO - --- validation at epoch 58, val_loss 10.8276, val_mae 11.6339, val_rmse 15.7498, val_r2 0.6968, val_pearson 0.8572, lr 1.00e-03 ---
2026-09-30 23:38:38,183 - INFO - 
****************************************************************************************************
2026-09-30 23:38:39,248 - INFO - --- training epoch 59, loss 9.9361, mae 10.4256, rmse 14.1240, time elapsed(min) 0.01---
2026-09-30 23:38:39,428 - INFO - --- validation at epoch 59, val_loss 9.2105, val_mae 10.3773, val_rmse 14.5743, val_r2 0.7404, val_pearson 0.8670, lr 1.00e-03 ---
2026-09-30 23:38:39,428 - INFO - 
****************************************************************************************************
2026-09-30 23:38:40,669 - INFO - --- training epoch 60, loss 9.4189, mae 9.9048, rmse 13.5446, time elapsed(min) 0.01---
2026-09-30 23:38:40,838 - INFO - --- validation at epoch 60, val_loss 10.3843, val_mae 11.1251, val_rmse 15.3155, val_r2 0.7133, val_pearson 0.8745, lr 1.00e-03 ---
2026-09-30 23:38:40,839 - INFO - 
****************************************************************************************************
2026-09-30 23:38:42,085 - INFO - --- training epoch 61, loss 9.0338, mae 9.5197, rmse 13.3140, time elapsed(min) 0.01---
2026-09-30 23:38:42,257 - INFO - --- validation at epoch 61, val_loss 8.7094, val_mae 9.4584, val_rmse 13.5783, val_r2 0.7747, val_pearson 0.8869, lr 1.00e-03 ---
2026-09-30 23:38:42,257 - INFO - 
****************************************************************************************************
2026-09-30 23:38:43,525 - INFO - --- training epoch 62, loss 8.6429, mae 9.1277, rmse 12.8234, time elapsed(min) 0.01---
2026-09-30 23:38:43,900 - INFO - --- validation at epoch 62, val_loss 8.6522, val_mae 9.4880, val_rmse 13.5381, val_r2 0.7760, val_pearson 0.8857, lr 1.00e-03 ---
2026-09-30 23:38:43,900 - INFO - 
****************************************************************************************************
2026-09-30 23:38:45,099 - INFO - --- training epoch 63, loss 8.8235, mae 9.3089, rmse 12.8538, time elapsed(min) 0.01---
2026-09-30 23:38:45,263 - INFO - --- validation at epoch 63, val_loss 9.8975, val_mae 10.4875, val_rmse 14.3742, val_r2 0.7475, val_pearson 0.8808, lr 1.00e-03 ---
2026-09-30 23:38:45,264 - INFO - 
****************************************************************************************************
2026-09-30 23:38:46,311 - INFO - --- training epoch 64, loss 8.6137, mae 9.0981, rmse 12.7526, time elapsed(min) 0.01---
2026-09-30 23:38:46,487 - INFO - --- validation at epoch 64, val_loss 8.1164, val_mae 9.0507, val_rmse 12.9138, val_r2 0.7962, val_pearson 0.8937, lr 1.00e-03 ---
2026-09-30 23:38:46,487 - INFO - 
****************************************************************************************************
2026-09-30 23:38:47,828 - INFO - --- training epoch 65, loss 8.3592, mae 8.8446, rmse 12.4333, time elapsed(min) 0.01---
2026-09-30 23:38:47,990 - INFO - --- validation at epoch 65, val_loss 8.8527, val_mae 9.7403, val_rmse 13.7017, val_r2 0.7706, val_pearson 0.8846, lr 1.00e-03 ---
2026-09-30 23:38:47,990 - INFO - 
****************************************************************************************************
2026-09-30 23:38:49,297 - INFO - --- training epoch 66, loss 8.4427, mae 8.9252, rmse 12.4585, time elapsed(min) 0.02---
2026-09-30 23:38:49,463 - INFO - --- validation at epoch 66, val_loss 8.7188, val_mae 9.5132, val_rmse 13.5892, val_r2 0.7743, val_pearson 0.8884, lr 1.00e-03 ---
2026-09-30 23:38:49,463 - INFO - 
****************************************************************************************************
2026-09-30 23:38:50,784 - INFO - --- training epoch 67, loss 8.5981, mae 9.0817, rmse 12.8318, time elapsed(min) 0.02---
2026-09-30 23:38:51,173 - INFO - --- validation at epoch 67, val_loss 8.2762, val_mae 9.3988, val_rmse 13.1876, val_r2 0.7875, val_pearson 0.8913, lr 1.00e-03 ---
2026-09-30 23:38:51,174 - INFO - 
****************************************************************************************************
2026-09-30 23:38:52,397 - INFO - --- training epoch 68, loss 8.4708, mae 8.9557, rmse 12.7534, time elapsed(min) 0.01---
2026-09-30 23:38:52,555 - INFO - --- validation at epoch 68, val_loss 8.6520, val_mae 9.7527, val_rmse 14.1316, val_r2 0.7559, val_pearson 0.8876, lr 1.00e-03 ---
2026-09-30 23:38:52,555 - INFO - 
****************************************************************************************************
2026-09-30 23:38:53,622 - INFO - --- training epoch 69, loss 8.4048, mae 8.8899, rmse 12.5715, time elapsed(min) 0.01---
2026-09-30 23:38:53,793 - INFO - --- validation at epoch 69, val_loss 8.3146, val_mae 9.5162, val_rmse 13.7168, val_r2 0.7701, val_pearson 0.8869, lr 1.00e-03 ---
2026-09-30 23:38:53,793 - INFO - 
****************************************************************************************************
2026-09-30 23:38:55,071 - INFO - --- training epoch 70, loss 8.7534, mae 9.2399, rmse 12.9945, time elapsed(min) 0.01---
2026-09-30 23:38:55,235 - INFO - --- validation at epoch 70, val_loss 8.7315, val_mae 9.7038, val_rmse 14.0118, val_r2 0.7601, val_pearson 0.8804, lr 1.00e-03 ---
2026-09-30 23:38:55,235 - INFO - 
****************************************************************************************************
2026-09-30 23:38:56,638 - INFO - --- training epoch 71, loss 8.6944, mae 9.1805, rmse 12.8554, time elapsed(min) 0.02---
2026-09-30 23:38:56,809 - INFO - --- validation at epoch 71, val_loss 8.8671, val_mae 9.8533, val_rmse 13.8957, val_r2 0.7640, val_pearson 0.8883, lr 1.00e-03 ---
2026-09-30 23:38:56,809 - INFO - 
****************************************************************************************************
2026-09-30 23:38:58,276 - INFO - --- training epoch 72, loss 8.2939, mae 8.7802, rmse 12.3246, time elapsed(min) 0.02---
2026-09-30 23:38:58,453 - INFO - --- validation at epoch 72, val_loss 9.5273, val_mae 10.2029, val_rmse 13.9679, val_r2 0.7616, val_pearson 0.8828, lr 1.00e-03 ---
2026-09-30 23:38:58,453 - INFO - 
****************************************************************************************************
2026-09-30 23:38:59,498 - INFO - --- training epoch 73, loss 8.4077, mae 8.8931, rmse 12.6309, time elapsed(min) 0.01---
2026-09-30 23:38:59,665 - INFO - --- validation at epoch 73, val_loss 8.3488, val_mae 9.4724, val_rmse 13.6148, val_r2 0.7735, val_pearson 0.8818, lr 1.00e-03 ---
2026-09-30 23:38:59,665 - INFO - 
****************************************************************************************************
2026-09-30 23:39:00,853 - INFO - --- training epoch 74, loss 8.1888, mae 8.6751, rmse 12.3365, time elapsed(min) 0.01---
2026-09-30 23:39:01,021 - INFO - --- validation at epoch 74, val_loss 8.7540, val_mae 10.0895, val_rmse 14.1744, val_r2 0.7545, val_pearson 0.8767, lr 1.00e-03 ---
2026-09-30 23:39:01,021 - INFO - 
****************************************************************************************************
2026-09-30 23:39:02,263 - INFO - --- training epoch 75, loss 8.3066, mae 8.7917, rmse 12.4968, time elapsed(min) 0.01---
2026-09-30 23:39:02,435 - INFO - --- validation at epoch 75, val_loss 8.1519, val_mae 9.4735, val_rmse 13.2713, val_r2 0.7847, val_pearson 0.8882, lr 1.00e-03 ---
2026-09-30 23:39:02,435 - INFO - 
****************************************************************************************************
2026-09-30 23:39:03,681 - INFO - --- training epoch 76, loss 8.0188, mae 8.5020, rmse 12.2234, time elapsed(min) 0.01---
2026-09-30 23:39:03,858 - INFO - --- validation at epoch 76, val_loss 7.9573, val_mae 9.4069, val_rmse 13.4584, val_r2 0.7786, val_pearson 0.8832, lr 3.00e-04 ---
2026-09-30 23:39:03,858 - INFO - 
****************************************************************************************************
2026-09-30 23:39:05,189 - INFO - --- training epoch 77, loss 8.2815, mae 8.7663, rmse 12.6083, time elapsed(min) 0.01---
2026-09-30 23:39:05,583 - INFO - --- validation at epoch 77, val_loss 7.9862, val_mae 9.1889, val_rmse 13.1821, val_r2 0.7876, val_pearson 0.8899, lr 3.00e-04 ---
2026-09-30 23:39:05,583 - INFO - 
****************************************************************************************************
2026-09-30 23:39:06,786 - INFO - --- training epoch 78, loss 8.0354, mae 8.5184, rmse 12.2318, time elapsed(min) 0.01---
2026-09-30 23:39:06,951 - INFO - --- validation at epoch 78, val_loss 7.7842, val_mae 9.0175, val_rmse 13.0217, val_r2 0.7928, val_pearson 0.8927, lr 3.00e-04 ---
2026-09-30 23:39:06,951 - INFO - 
****************************************************************************************************
2026-09-30 23:39:08,089 - INFO - --- training epoch 79, loss 7.9481, mae 8.4303, rmse 12.0114, time elapsed(min) 0.01---
2026-09-30 23:39:08,258 - INFO - --- validation at epoch 79, val_loss 7.9677, val_mae 9.2064, val_rmse 13.0156, val_r2 0.7930, val_pearson 0.8920, lr 3.00e-04 ---
2026-09-30 23:39:08,258 - INFO - 
****************************************************************************************************
2026-09-30 23:39:09,522 - INFO - --- training epoch 80, loss 7.7721, mae 8.2548, rmse 11.7407, time elapsed(min) 0.01---
2026-09-30 23:39:09,695 - INFO - --- validation at epoch 80, val_loss 7.8038, val_mae 9.0498, val_rmse 12.9752, val_r2 0.7942, val_pearson 0.8926, lr 3.00e-04 ---
2026-09-30 23:39:09,695 - INFO - 
****************************************************************************************************
2026-09-30 23:39:10,982 - INFO - --- training epoch 81, loss 7.8964, mae 8.3798, rmse 12.0290, time elapsed(min) 0.02---
2026-09-30 23:39:11,162 - INFO - --- validation at epoch 81, val_loss 8.0159, val_mae 9.3762, val_rmse 13.2520, val_r2 0.7854, val_pearson 0.8902, lr 3.00e-04 ---
2026-09-30 23:39:11,162 - INFO - 
****************************************************************************************************
2026-09-30 23:39:12,428 - INFO - --- training epoch 82, loss 7.9010, mae 8.3818, rmse 11.9794, time elapsed(min) 0.01---
2026-09-30 23:39:12,594 - INFO - --- validation at epoch 82, val_loss 7.8732, val_mae 9.1213, val_rmse 13.3979, val_r2 0.7806, val_pearson 0.8857, lr 3.00e-04 ---
2026-09-30 23:39:12,594 - INFO - 
****************************************************************************************************
2026-09-30 23:39:13,796 - INFO - --- training epoch 83, loss 7.9649, mae 8.4489, rmse 12.0476, time elapsed(min) 0.01---
2026-09-30 23:39:13,962 - INFO - --- validation at epoch 83, val_loss 7.8282, val_mae 9.0034, val_rmse 13.0362, val_r2 0.7923, val_pearson 0.8929, lr 3.00e-04 ---
2026-09-30 23:39:13,963 - INFO - 
****************************************************************************************************
2026-09-30 23:39:15,022 - INFO - --- training epoch 84, loss 7.8509, mae 8.3333, rmse 11.8135, time elapsed(min) 0.01---
2026-09-30 23:39:15,203 - INFO - --- validation at epoch 84, val_loss 7.5865, val_mae 8.9217, val_rmse 12.9252, val_r2 0.7958, val_pearson 0.8927, lr 3.00e-04 ---
2026-09-30 23:39:15,203 - INFO - 
****************************************************************************************************
2026-09-30 23:39:16,538 - INFO - --- training epoch 85, loss 7.8003, mae 8.2845, rmse 11.7796, time elapsed(min) 0.01---
2026-09-30 23:39:16,707 - INFO - --- validation at epoch 85, val_loss 8.0270, val_mae 9.1268, val_rmse 13.0181, val_r2 0.7929, val_pearson 0.8954, lr 3.00e-04 ---
2026-09-30 23:39:16,707 - INFO - 
****************************************************************************************************
2026-09-30 23:39:17,976 - INFO - --- training epoch 86, loss 7.7708, mae 8.2541, rmse 11.6810, time elapsed(min) 0.01---
2026-09-30 23:39:18,144 - INFO - --- validation at epoch 86, val_loss 7.4028, val_mae 8.7029, val_rmse 12.4402, val_r2 0.8109, val_pearson 0.9009, lr 3.00e-04 ---
2026-09-30 23:39:18,144 - INFO - 
****************************************************************************************************
2026-09-30 23:39:19,487 - INFO - --- training epoch 87, loss 7.6553, mae 8.1389, rmse 11.5260, time elapsed(min) 0.01---
2026-09-30 23:39:19,656 - INFO - --- validation at epoch 87, val_loss 7.5785, val_mae 8.8759, val_rmse 12.8295, val_r2 0.7988, val_pearson 0.8968, lr 3.00e-04 ---
2026-09-30 23:39:19,656 - INFO - 
****************************************************************************************************
2026-09-30 23:39:20,886 - INFO - --- training epoch 88, loss 7.5978, mae 8.0797, rmse 11.5787, time elapsed(min) 0.01---
2026-09-30 23:39:21,056 - INFO - --- validation at epoch 88, val_loss 7.5886, val_mae 8.8780, val_rmse 12.8929, val_r2 0.7968, val_pearson 0.8931, lr 3.00e-04 ---
2026-09-30 23:39:21,056 - INFO - 
****************************************************************************************************
2026-09-30 23:39:22,126 - INFO - --- training epoch 89, loss 7.7115, mae 8.1953, rmse 11.7706, time elapsed(min) 0.01---
2026-09-30 23:39:22,305 - INFO - --- validation at epoch 89, val_loss 7.4149, val_mae 8.6808, val_rmse 12.7293, val_r2 0.8020, val_pearson 0.8975, lr 3.00e-04 ---
2026-09-30 23:39:22,305 - INFO - 
****************************************************************************************************
2026-09-30 23:39:23,521 - INFO - --- training epoch 90, loss 7.3711, mae 7.8541, rmse 11.3539, time elapsed(min) 0.01---
2026-09-30 23:39:23,700 - INFO - --- validation at epoch 90, val_loss 7.6043, val_mae 8.8244, val_rmse 13.0996, val_r2 0.7903, val_pearson 0.8908, lr 3.00e-04 ---
2026-09-30 23:39:23,700 - INFO - 
****************************************************************************************************
2026-09-30 23:39:24,967 - INFO - --- training epoch 91, loss 7.7063, mae 8.1864, rmse 11.8591, time elapsed(min) 0.01---
2026-09-30 23:39:25,131 - INFO - --- validation at epoch 91, val_loss 7.6296, val_mae 8.7266, val_rmse 13.0160, val_r2 0.7929, val_pearson 0.8938, lr 3.00e-04 ---
2026-09-30 23:39:25,131 - INFO - 
****************************************************************************************************
2026-09-30 23:39:26,404 - INFO - --- training epoch 92, loss 7.6559, mae 8.1396, rmse 11.6028, time elapsed(min) 0.02---
2026-09-30 23:39:26,571 - INFO - --- validation at epoch 92, val_loss 7.4536, val_mae 8.6975, val_rmse 12.6233, val_r2 0.8053, val_pearson 0.9007, lr 3.00e-04 ---
2026-09-30 23:39:26,572 - INFO - 
****************************************************************************************************
2026-09-30 23:39:28,034 - INFO - --- training epoch 93, loss 7.4734, mae 7.9578, rmse 11.4267, time elapsed(min) 0.02---
2026-09-30 23:39:28,210 - INFO - --- validation at epoch 93, val_loss 7.2201, val_mae 8.5487, val_rmse 12.8461, val_r2 0.7983, val_pearson 0.8946, lr 3.00e-04 ---
2026-09-30 23:39:28,210 - INFO - 
****************************************************************************************************
2026-09-30 23:39:29,326 - INFO - --- training epoch 94, loss 7.5496, mae 8.0311, rmse 11.6469, time elapsed(min) 0.01---
2026-09-30 23:39:29,507 - INFO - --- validation at epoch 94, val_loss 7.6426, val_mae 8.8238, val_rmse 13.1516, val_r2 0.7886, val_pearson 0.8917, lr 3.00e-04 ---
2026-09-30 23:39:29,507 - INFO - 
****************************************************************************************************
2026-09-30 23:39:30,549 - INFO - --- training epoch 95, loss 7.8185, mae 8.3013, rmse 11.9589, time elapsed(min) 0.01---
2026-09-30 23:39:30,719 - INFO - --- validation at epoch 95, val_loss 7.6493, val_mae 8.7812, val_rmse 12.8529, val_r2 0.7981, val_pearson 0.8945, lr 3.00e-04 ---
2026-09-30 23:39:30,719 - INFO - 
****************************************************************************************************
2026-09-30 23:39:32,102 - INFO - --- training epoch 96, loss 7.5250, mae 8.0061, rmse 11.5058, time elapsed(min) 0.02---
2026-09-30 23:39:32,280 - INFO - --- validation at epoch 96, val_loss 7.2923, val_mae 8.6550, val_rmse 12.7827, val_r2 0.8003, val_pearson 0.8955, lr 3.00e-04 ---
2026-09-30 23:39:32,280 - INFO - 
****************************************************************************************************
2026-09-30 23:39:33,524 - INFO - --- training epoch 97, loss 7.6820, mae 8.1650, rmse 11.7928, time elapsed(min) 0.01---
2026-09-30 23:39:33,682 - INFO - --- validation at epoch 97, val_loss 7.2837, val_mae 8.6821, val_rmse 12.9307, val_r2 0.7957, val_pearson 0.8952, lr 3.00e-04 ---
2026-09-30 23:39:33,682 - INFO - 
****************************************************************************************************
2026-09-30 23:39:34,966 - INFO - --- training epoch 98, loss 7.4924, mae 7.9738, rmse 11.5409, time elapsed(min) 0.02---
2026-09-30 23:39:35,137 - INFO - --- validation at epoch 98, val_loss 7.6925, val_mae 8.9304, val_rmse 12.7681, val_r2 0.8008, val_pearson 0.8967, lr 3.00e-04 ---
2026-09-30 23:39:35,137 - INFO - 
****************************************************************************************************
2026-09-30 23:39:36,332 - INFO - --- training epoch 99, loss 7.4254, mae 7.9051, rmse 11.3946, time elapsed(min) 0.01---
2026-09-30 23:39:36,507 - INFO - --- validation at epoch 99, val_loss 7.2257, val_mae 8.5750, val_rmse 12.5998, val_r2 0.8060, val_pearson 0.8985, lr 3.00e-04 ---
2026-09-30 23:39:36,507 - INFO - 
****************************************************************************************************
2026-09-30 23:39:37,552 - INFO - --- training epoch 100, loss 7.5081, mae 7.9908, rmse 11.5347, time elapsed(min) 0.01---
2026-09-30 23:39:37,717 - INFO - --- validation at epoch 100, val_loss 7.0569, val_mae 8.4727, val_rmse 12.5195, val_r2 0.8084, val_pearson 0.9000, lr 3.00e-04 ---
2026-09-30 23:39:37,717 - INFO - 
****************************************************************************************************
2026-09-30 23:39:38,836 - INFO - --- training epoch 101, loss 7.7324, mae 8.2174, rmse 11.7343, time elapsed(min) 0.01---
2026-09-30 23:39:38,994 - INFO - --- validation at epoch 101, val_loss 7.6609, val_mae 8.8647, val_rmse 12.8004, val_r2 0.7998, val_pearson 0.8993, lr 3.00e-04 ---
2026-09-30 23:39:38,995 - INFO - 
****************************************************************************************************
2026-09-30 23:39:40,242 - INFO - --- training epoch 102, loss 7.4487, mae 7.9302, rmse 11.5629, time elapsed(min) 0.01---
2026-09-30 23:39:40,419 - INFO - --- validation at epoch 102, val_loss 7.2832, val_mae 8.7285, val_rmse 13.0965, val_r2 0.7904, val_pearson 0.8897, lr 3.00e-04 ---
2026-09-30 23:39:40,419 - INFO - 
****************************************************************************************************
2026-09-30 23:39:41,674 - INFO - --- training epoch 103, loss 7.2769, mae 7.7595, rmse 11.2781, time elapsed(min) 0.01---
2026-09-30 23:39:41,842 - INFO - --- validation at epoch 103, val_loss 7.1694, val_mae 8.5829, val_rmse 12.5919, val_r2 0.8062, val_pearson 0.8989, lr 3.00e-04 ---
2026-09-30 23:39:41,842 - INFO - 
****************************************************************************************************
2026-09-30 23:39:43,284 - INFO - --- training epoch 104, loss 7.5862, mae 8.0713, rmse 11.5175, time elapsed(min) 0.02---
2026-09-30 23:39:43,441 - INFO - --- validation at epoch 104, val_loss 7.1388, val_mae 8.4167, val_rmse 12.5343, val_r2 0.8080, val_pearson 0.8995, lr 3.00e-04 ---
2026-09-30 23:39:43,441 - INFO - 
****************************************************************************************************
2026-09-30 23:39:44,492 - INFO - --- training epoch 105, loss 7.3498, mae 7.8311, rmse 11.2398, time elapsed(min) 0.01---
2026-09-30 23:39:44,658 - INFO - --- validation at epoch 105, val_loss 7.0079, val_mae 8.3862, val_rmse 12.5228, val_r2 0.8083, val_pearson 0.8998, lr 3.00e-04 ---
2026-09-30 23:39:44,658 - INFO - 
****************************************************************************************************
2026-09-30 23:39:45,778 - INFO - --- training epoch 106, loss 7.9360, mae 8.4200, rmse 11.9418, time elapsed(min) 0.01---
2026-09-30 23:39:45,948 - INFO - --- validation at epoch 106, val_loss 7.7395, val_mae 9.0271, val_rmse 12.8415, val_r2 0.7985, val_pearson 0.8976, lr 3.00e-04 ---
2026-09-30 23:39:45,948 - INFO - 
****************************************************************************************************
2026-09-30 23:39:47,190 - INFO - --- training epoch 107, loss 7.5574, mae 8.0415, rmse 11.5109, time elapsed(min) 0.01---
2026-09-30 23:39:47,366 - INFO - --- validation at epoch 107, val_loss 6.9476, val_mae 8.3267, val_rmse 12.6587, val_r2 0.8042, val_pearson 0.8976, lr 3.00e-04 ---
2026-09-30 23:39:47,366 - INFO - 
****************************************************************************************************
2026-09-30 23:39:48,684 - INFO - --- training epoch 108, loss 7.3402, mae 7.8241, rmse 11.1442, time elapsed(min) 0.01---
2026-09-30 23:39:48,859 - INFO - --- validation at epoch 108, val_loss 7.1376, val_mae 8.4785, val_rmse 12.6233, val_r2 0.8053, val_pearson 0.8997, lr 3.00e-04 ---
2026-09-30 23:39:48,859 - INFO - 
****************************************************************************************************
2026-09-30 23:39:50,112 - INFO - --- training epoch 109, loss 7.4519, mae 7.9350, rmse 11.3325, time elapsed(min) 0.01---
2026-09-30 23:39:50,511 - INFO - --- validation at epoch 109, val_loss 7.3803, val_mae 8.6419, val_rmse 12.9532, val_r2 0.7949, val_pearson 0.8943, lr 3.00e-04 ---
2026-09-30 23:39:50,511 - INFO - 
****************************************************************************************************
2026-09-30 23:39:51,730 - INFO - --- training epoch 110, loss 7.2496, mae 7.7315, rmse 11.1259, time elapsed(min) 0.01---
2026-09-30 23:39:51,898 - INFO - --- validation at epoch 110, val_loss 6.8903, val_mae 8.2572, val_rmse 12.3895, val_r2 0.8124, val_pearson 0.9015, lr 3.00e-04 ---
2026-09-30 23:39:51,898 - INFO - 
****************************************************************************************************
2026-09-30 23:39:53,019 - INFO - --- training epoch 111, loss 7.2928, mae 7.7739, rmse 11.0957, time elapsed(min) 0.01---
2026-09-30 23:39:53,182 - INFO - --- validation at epoch 111, val_loss 7.3009, val_mae 8.5118, val_rmse 12.2852, val_r2 0.8155, val_pearson 0.9057, lr 3.00e-04 ---
2026-09-30 23:39:53,182 - INFO - 
****************************************************************************************************
2026-09-30 23:39:54,429 - INFO - --- training epoch 112, loss 7.3704, mae 7.8532, rmse 11.1822, time elapsed(min) 0.01---
2026-09-30 23:39:54,598 - INFO - --- validation at epoch 112, val_loss 7.5510, val_mae 8.7559, val_rmse 12.9238, val_r2 0.7959, val_pearson 0.8959, lr 3.00e-04 ---
2026-09-30 23:39:54,598 - INFO - 
****************************************************************************************************
2026-09-30 23:39:55,855 - INFO - --- training epoch 113, loss 7.3332, mae 7.8167, rmse 11.1769, time elapsed(min) 0.01---
2026-09-30 23:39:56,021 - INFO - --- validation at epoch 113, val_loss 7.1367, val_mae 8.3052, val_rmse 12.3796, val_r2 0.8127, val_pearson 0.9019, lr 3.00e-04 ---
2026-09-30 23:39:56,021 - INFO - 
****************************************************************************************************
2026-09-30 23:39:57,275 - INFO - --- training epoch 114, loss 7.2080, mae 7.6918, rmse 11.0562, time elapsed(min) 0.01---
2026-09-30 23:39:57,702 - INFO - --- validation at epoch 114, val_loss 7.3387, val_mae 8.5387, val_rmse 12.3226, val_r2 0.8144, val_pearson 0.9062, lr 3.00e-04 ---
2026-09-30 23:39:57,702 - INFO - 
****************************************************************************************************
2026-09-30 23:39:58,904 - INFO - --- training epoch 115, loss 6.9866, mae 7.4673, rmse 10.8105, time elapsed(min) 0.01---
2026-09-30 23:39:59,072 - INFO - --- validation at epoch 115, val_loss 7.2066, val_mae 8.4947, val_rmse 12.5486, val_r2 0.8076, val_pearson 0.9005, lr 3.00e-04 ---
2026-09-30 23:39:59,073 - INFO - 
****************************************************************************************************
2026-09-30 23:40:00,138 - INFO - --- training epoch 116, loss 7.1737, mae 7.6573, rmse 10.9353, time elapsed(min) 0.01---
2026-09-30 23:40:00,305 - INFO - --- validation at epoch 116, val_loss 7.0456, val_mae 8.3548, val_rmse 12.2477, val_r2 0.8167, val_pearson 0.9062, lr 3.00e-04 ---
2026-09-30 23:40:00,305 - INFO - 
****************************************************************************************************
2026-09-30 23:40:01,521 - INFO - --- training epoch 117, loss 7.2752, mae 7.7584, rmse 11.0837, time elapsed(min) 0.01---
2026-09-30 23:40:01,682 - INFO - --- validation at epoch 117, val_loss 7.1017, val_mae 8.4747, val_rmse 12.8620, val_r2 0.7978, val_pearson 0.8948, lr 3.00e-04 ---
2026-09-30 23:40:01,682 - INFO - 
****************************************************************************************************
2026-09-30 23:40:02,943 - INFO - --- training epoch 118, loss 7.1493, mae 7.6296, rmse 10.9999, time elapsed(min) 0.01---
2026-09-30 23:40:03,125 - INFO - --- validation at epoch 118, val_loss 6.9123, val_mae 8.2652, val_rmse 12.1750, val_r2 0.8188, val_pearson 0.9058, lr 3.00e-04 ---
2026-09-30 23:40:03,125 - INFO - 
****************************************************************************************************
2026-09-30 23:40:04,410 - INFO - --- training epoch 119, loss 6.9835, mae 7.4642, rmse 10.7626, time elapsed(min) 0.01---
2026-09-30 23:40:04,798 - INFO - --- validation at epoch 119, val_loss 6.8866, val_mae 8.2720, val_rmse 12.4627, val_r2 0.8102, val_pearson 0.9012, lr 3.00e-04 ---
2026-09-30 23:40:04,798 - INFO - 
****************************************************************************************************
2026-09-30 23:40:06,082 - INFO - --- training epoch 120, loss 7.2288, mae 7.7119, rmse 11.0456, time elapsed(min) 0.01---
2026-09-30 23:40:06,244 - INFO - --- validation at epoch 120, val_loss 7.0900, val_mae 8.2773, val_rmse 12.3464, val_r2 0.8137, val_pearson 0.9029, lr 3.00e-04 ---
2026-09-30 23:40:06,244 - INFO - 
****************************************************************************************************
2026-09-30 23:40:07,313 - INFO - --- training epoch 121, loss 7.0869, mae 7.5678, rmse 10.9787, time elapsed(min) 0.01---
2026-09-30 23:40:07,487 - INFO - --- validation at epoch 121, val_loss 7.1466, val_mae 8.4218, val_rmse 12.5691, val_r2 0.8069, val_pearson 0.9008, lr 3.00e-04 ---
2026-09-30 23:40:07,487 - INFO - 
****************************************************************************************************
2026-09-30 23:40:08,751 - INFO - --- training epoch 122, loss 6.9882, mae 7.4732, rmse 10.7502, time elapsed(min) 0.01---
2026-09-30 23:40:08,927 - INFO - --- validation at epoch 122, val_loss 6.8638, val_mae 8.1651, val_rmse 12.4918, val_r2 0.8093, val_pearson 0.9003, lr 3.00e-04 ---
2026-09-30 23:40:08,927 - INFO - 
****************************************************************************************************
2026-09-30 23:40:10,249 - INFO - --- training epoch 123, loss 6.9457, mae 7.4267, rmse 10.7949, time elapsed(min) 0.01---
2026-09-30 23:40:10,425 - INFO - --- validation at epoch 123, val_loss 6.7629, val_mae 8.0407, val_rmse 12.1093, val_r2 0.8208, val_pearson 0.9076, lr 3.00e-04 ---
2026-09-30 23:40:10,425 - INFO - 
****************************************************************************************************
2026-09-30 23:40:11,778 - INFO - --- training epoch 124, loss 6.9436, mae 7.4234, rmse 10.7685, time elapsed(min) 0.01---
2026-09-30 23:40:11,941 - INFO - --- validation at epoch 124, val_loss 7.0558, val_mae 8.3089, val_rmse 12.6760, val_r2 0.8036, val_pearson 0.8983, lr 3.00e-04 ---
2026-09-30 23:40:11,942 - INFO - 
****************************************************************************************************
2026-09-30 23:40:13,173 - INFO - --- training epoch 125, loss 6.9126, mae 7.3935, rmse 10.7440, time elapsed(min) 0.01---
2026-09-30 23:40:13,333 - INFO - --- validation at epoch 125, val_loss 6.9390, val_mae 8.1890, val_rmse 12.3545, val_r2 0.8135, val_pearson 0.9049, lr 3.00e-04 ---
2026-09-30 23:40:13,333 - INFO - 
****************************************************************************************************
2026-09-30 23:40:14,388 - INFO - --- training epoch 126, loss 6.7718, mae 7.2515, rmse 10.6226, time elapsed(min) 0.01---
2026-09-30 23:40:14,564 - INFO - --- validation at epoch 126, val_loss 6.8854, val_mae 8.0263, val_rmse 12.2268, val_r2 0.8173, val_pearson 0.9059, lr 3.00e-04 ---
2026-09-30 23:40:14,565 - INFO - 
****************************************************************************************************
2026-09-30 23:40:15,622 - INFO - --- training epoch 127, loss 6.6713, mae 7.1510, rmse 10.4730, time elapsed(min) 0.01---
2026-09-30 23:40:15,790 - INFO - --- validation at epoch 127, val_loss 6.6527, val_mae 7.9571, val_rmse 12.2505, val_r2 0.8166, val_pearson 0.9042, lr 3.00e-04 ---
2026-09-30 23:40:15,791 - INFO - 
****************************************************************************************************
2026-09-30 23:40:17,142 - INFO - --- training epoch 128, loss 6.7055, mae 7.1860, rmse 10.4404, time elapsed(min) 0.01---
2026-09-30 23:40:17,311 - INFO - --- validation at epoch 128, val_loss 6.9181, val_mae 8.0644, val_rmse 12.1047, val_r2 0.8209, val_pearson 0.9105, lr 3.00e-04 ---
2026-09-30 23:40:17,311 - INFO - 
****************************************************************************************************
2026-09-30 23:40:18,712 - INFO - --- training epoch 129, loss 6.7428, mae 7.2240, rmse 10.4430, time elapsed(min) 0.02---
2026-09-30 23:40:18,871 - INFO - --- validation at epoch 129, val_loss 6.6848, val_mae 7.7701, val_rmse 11.7303, val_r2 0.8318, val_pearson 0.9123, lr 3.00e-04 ---
2026-09-30 23:40:18,871 - INFO - 
****************************************************************************************************
2026-09-30 23:40:20,346 - INFO - --- training epoch 130, loss 6.6495, mae 7.1257, rmse 10.5566, time elapsed(min) 0.02---
2026-09-30 23:40:20,524 - INFO - --- validation at epoch 130, val_loss 6.6778, val_mae 7.8328, val_rmse 12.0408, val_r2 0.8228, val_pearson 0.9081, lr 3.00e-04 ---
2026-09-30 23:40:20,524 - INFO - 
****************************************************************************************************
2026-09-30 23:40:21,586 - INFO - --- training epoch 131, loss 6.7252, mae 7.2042, rmse 10.5177, time elapsed(min) 0.01---
2026-09-30 23:40:21,768 - INFO - --- validation at epoch 131, val_loss 6.6137, val_mae 7.7660, val_rmse 11.9118, val_r2 0.8266, val_pearson 0.9106, lr 3.00e-04 ---
2026-09-30 23:40:21,768 - INFO - 
****************************************************************************************************
2026-09-30 23:40:22,891 - INFO - --- training epoch 132, loss 6.8038, mae 7.2854, rmse 10.5700, time elapsed(min) 0.01---
2026-09-30 23:40:23,058 - INFO - --- validation at epoch 132, val_loss 6.7476, val_mae 7.7341, val_rmse 11.9581, val_r2 0.8252, val_pearson 0.9099, lr 3.00e-04 ---
2026-09-30 23:40:23,058 - INFO - 
****************************************************************************************************
2026-09-30 23:40:24,333 - INFO - --- training epoch 133, loss 6.6610, mae 7.1418, rmse 10.3898, time elapsed(min) 0.01---
2026-09-30 23:40:24,500 - INFO - --- validation at epoch 133, val_loss 7.6962, val_mae 8.8274, val_rmse 12.5796, val_r2 0.8066, val_pearson 0.9005, lr 3.00e-04 ---
2026-09-30 23:40:24,500 - INFO - 
****************************************************************************************************
2026-09-30 23:40:25,776 - INFO - --- training epoch 134, loss 7.1709, mae 7.6524, rmse 11.1246, time elapsed(min) 0.01---
2026-09-30 23:40:25,942 - INFO - --- validation at epoch 134, val_loss 7.2364, val_mae 8.6643, val_rmse 12.9843, val_r2 0.7940, val_pearson 0.8962, lr 3.00e-04 ---
2026-09-30 23:40:25,942 - INFO - 
****************************************************************************************************
2026-09-30 23:40:27,345 - INFO - --- training epoch 135, loss 6.8310, mae 7.3108, rmse 10.8139, time elapsed(min) 0.02---
2026-09-30 23:40:27,512 - INFO - --- validation at epoch 135, val_loss 6.8679, val_mae 8.0645, val_rmse 12.4694, val_r2 0.8100, val_pearson 0.9021, lr 3.00e-04 ---
2026-09-30 23:40:27,512 - INFO - 
****************************************************************************************************
2026-09-30 23:40:28,609 - INFO - --- training epoch 136, loss 6.7033, mae 7.1816, rmse 10.5816, time elapsed(min) 0.01---
2026-09-30 23:40:28,775 - INFO - --- validation at epoch 136, val_loss 6.7622, val_mae 8.1522, val_rmse 12.0014, val_r2 0.8240, val_pearson 0.9088, lr 3.00e-04 ---
2026-09-30 23:40:28,775 - INFO - 
****************************************************************************************************
2026-09-30 23:40:30,007 - INFO - --- training epoch 137, loss 6.9726, mae 7.4555, rmse 10.8627, time elapsed(min) 0.01---
2026-09-30 23:40:30,179 - INFO - --- validation at epoch 137, val_loss 7.0926, val_mae 8.4392, val_rmse 12.6635, val_r2 0.8040, val_pearson 0.8992, lr 3.00e-04 ---
2026-09-30 23:40:30,180 - INFO - 
****************************************************************************************************
2026-09-30 23:40:31,429 - INFO - --- training epoch 138, loss 6.7934, mae 7.2757, rmse 10.5222, time elapsed(min) 0.01---
2026-09-30 23:40:31,595 - INFO - --- validation at epoch 138, val_loss 6.7869, val_mae 8.0532, val_rmse 12.1323, val_r2 0.8201, val_pearson 0.9074, lr 3.00e-04 ---
2026-09-30 23:40:31,595 - INFO - 
****************************************************************************************************
2026-09-30 23:40:32,873 - INFO - --- training epoch 139, loss 6.5612, mae 7.0406, rmse 10.3100, time elapsed(min) 0.01---
2026-09-30 23:40:33,038 - INFO - --- validation at epoch 139, val_loss 7.0817, val_mae 8.1596, val_rmse 12.6942, val_r2 0.8031, val_pearson 0.8982, lr 3.00e-04 ---
2026-09-30 23:40:33,038 - INFO - 
****************************************************************************************************
2026-09-30 23:40:34,310 - INFO - --- training epoch 140, loss 6.4940, mae 6.9730, rmse 10.1898, time elapsed(min) 0.01---
2026-09-30 23:40:34,702 - INFO - --- validation at epoch 140, val_loss 6.6261, val_mae 7.8829, val_rmse 12.0577, val_r2 0.8223, val_pearson 0.9088, lr 3.00e-04 ---
2026-09-30 23:40:34,702 - INFO - 
****************************************************************************************************
2026-09-30 23:40:35,906 - INFO - --- training epoch 141, loss 6.5074, mae 6.9885, rmse 10.3282, time elapsed(min) 0.01---
2026-09-30 23:40:36,071 - INFO - --- validation at epoch 141, val_loss 6.7502, val_mae 7.8121, val_rmse 11.8821, val_r2 0.8275, val_pearson 0.9111, lr 3.00e-04 ---
2026-09-30 23:40:36,071 - INFO - 
****************************************************************************************************
2026-09-30 23:40:37,131 - INFO - --- training epoch 142, loss 6.4722, mae 6.9496, rmse 10.2098, time elapsed(min) 0.01---
2026-09-30 23:40:37,304 - INFO - --- validation at epoch 142, val_loss 6.6048, val_mae 7.8447, val_rmse 12.0618, val_r2 0.8222, val_pearson 0.9083, lr 3.00e-04 ---
2026-09-30 23:40:37,304 - INFO - 
****************************************************************************************************
2026-09-30 23:40:38,576 - INFO - --- training epoch 143, loss 6.3525, mae 6.8326, rmse 10.0692, time elapsed(min) 0.01---
2026-09-30 23:40:38,748 - INFO - --- validation at epoch 143, val_loss 6.7433, val_mae 7.8949, val_rmse 12.2167, val_r2 0.8176, val_pearson 0.9059, lr 3.00e-04 ---
2026-09-30 23:40:38,748 - INFO - 
****************************************************************************************************
2026-09-30 23:40:40,013 - INFO - --- training epoch 144, loss 6.4332, mae 6.9105, rmse 10.2282, time elapsed(min) 0.01---
2026-09-30 23:40:40,191 - INFO - --- validation at epoch 144, val_loss 6.6815, val_mae 7.8628, val_rmse 12.1419, val_r2 0.8198, val_pearson 0.9074, lr 3.00e-04 ---
2026-09-30 23:40:40,191 - INFO - 
****************************************************************************************************
2026-09-30 23:40:41,465 - INFO - --- training epoch 145, loss 6.5118, mae 6.9925, rmse 10.1346, time elapsed(min) 0.01---
2026-09-30 23:40:41,856 - INFO - --- validation at epoch 145, val_loss 6.6445, val_mae 7.9087, val_rmse 12.0271, val_r2 0.8232, val_pearson 0.9103, lr 3.00e-04 ---
2026-09-30 23:40:41,856 - INFO - 
****************************************************************************************************
2026-09-30 23:40:43,062 - INFO - --- training epoch 146, loss 6.5421, mae 7.0232, rmse 10.2810, time elapsed(min) 0.01---
2026-09-30 23:40:43,234 - INFO - --- validation at epoch 146, val_loss 6.7240, val_mae 7.8304, val_rmse 11.9023, val_r2 0.8269, val_pearson 0.9123, lr 3.00e-04 ---
2026-09-30 23:40:43,234 - INFO - 
****************************************************************************************************
2026-09-30 23:40:44,275 - INFO - --- training epoch 147, loss 6.3776, mae 6.8550, rmse 10.0694, time elapsed(min) 0.01---
2026-09-30 23:40:44,450 - INFO - --- validation at epoch 147, val_loss 6.4970, val_mae 7.6915, val_rmse 11.8756, val_r2 0.8276, val_pearson 0.9120, lr 3.00e-04 ---
2026-09-30 23:40:44,450 - INFO - 
****************************************************************************************************
2026-09-30 23:40:45,726 - INFO - --- training epoch 148, loss 6.3294, mae 6.8068, rmse 10.0943, time elapsed(min) 0.01---
2026-09-30 23:40:45,897 - INFO - --- validation at epoch 148, val_loss 6.6910, val_mae 7.9126, val_rmse 12.1271, val_r2 0.8203, val_pearson 0.9072, lr 3.00e-04 ---
2026-09-30 23:40:45,897 - INFO - 
****************************************************************************************************
2026-09-30 23:40:47,158 - INFO - --- training epoch 149, loss 6.3988, mae 6.8757, rmse 10.1082, time elapsed(min) 0.01---
2026-09-30 23:40:47,326 - INFO - --- validation at epoch 149, val_loss 6.2676, val_mae 7.5183, val_rmse 11.6887, val_r2 0.8330, val_pearson 0.9149, lr 3.00e-04 ---
2026-09-30 23:40:47,326 - INFO - 
****************************************************************************************************
2026-09-30 23:40:48,678 - INFO - --- training epoch 150, loss 6.3338, mae 6.8106, rmse 10.0804, time elapsed(min) 0.01---
2026-09-30 23:40:48,853 - INFO - --- validation at epoch 150, val_loss 6.3831, val_mae 7.6314, val_rmse 11.7668, val_r2 0.8308, val_pearson 0.9149, lr 3.00e-04 ---
2026-09-30 23:40:48,853 - INFO - 
****************************************************************************************************
2026-09-30 23:40:50,275 - INFO - --- training epoch 151, loss 6.5352, mae 7.0170, rmse 10.2211, time elapsed(min) 0.02---
2026-09-30 23:40:50,443 - INFO - --- validation at epoch 151, val_loss 6.0603, val_mae 7.4377, val_rmse 11.4702, val_r2 0.8392, val_pearson 0.9166, lr 3.00e-04 ---
2026-09-30 23:40:50,443 - INFO - 
****************************************************************************************************
2026-09-30 23:40:51,565 - INFO - --- training epoch 152, loss 6.3830, mae 6.8617, rmse 10.1089, time elapsed(min) 0.01---
2026-09-30 23:40:51,737 - INFO - --- validation at epoch 152, val_loss 6.4922, val_mae 7.7080, val_rmse 11.8658, val_r2 0.8279, val_pearson 0.9122, lr 3.00e-04 ---
2026-09-30 23:40:51,737 - INFO - 
****************************************************************************************************
2026-09-30 23:40:52,959 - INFO - --- training epoch 153, loss 6.3510, mae 6.8294, rmse 10.0700, time elapsed(min) 0.01---
2026-09-30 23:40:53,122 - INFO - --- validation at epoch 153, val_loss 6.2358, val_mae 7.5916, val_rmse 11.6596, val_r2 0.8339, val_pearson 0.9151, lr 3.00e-04 ---
2026-09-30 23:40:53,122 - INFO - 
****************************************************************************************************
2026-09-30 23:40:54,364 - INFO - --- training epoch 154, loss 6.3542, mae 6.8361, rmse 9.9713, time elapsed(min) 0.01---
2026-09-30 23:40:54,537 - INFO - --- validation at epoch 154, val_loss 6.4254, val_mae 7.8522, val_rmse 12.2736, val_r2 0.8159, val_pearson 0.9061, lr 3.00e-04 ---
2026-09-30 23:40:54,537 - INFO - 
****************************************************************************************************
2026-09-30 23:40:55,802 - INFO - --- training epoch 155, loss 6.3694, mae 6.8489, rmse 10.0025, time elapsed(min) 0.01---
2026-09-30 23:40:55,980 - INFO - --- validation at epoch 155, val_loss 6.7215, val_mae 7.8665, val_rmse 11.8475, val_r2 0.8285, val_pearson 0.9145, lr 3.00e-04 ---
2026-09-30 23:40:55,980 - INFO - 
****************************************************************************************************
2026-09-30 23:40:57,413 - INFO - --- training epoch 156, loss 6.1099, mae 6.5865, rmse 9.7899, time elapsed(min) 0.02---
2026-09-30 23:40:57,580 - INFO - --- validation at epoch 156, val_loss 6.7417, val_mae 7.8837, val_rmse 11.8668, val_r2 0.8279, val_pearson 0.9137, lr 3.00e-04 ---
2026-09-30 23:40:57,580 - INFO - 
****************************************************************************************************
2026-09-30 23:40:58,658 - INFO - --- training epoch 157, loss 6.1359, mae 6.6123, rmse 9.7649, time elapsed(min) 0.01---
2026-09-30 23:40:58,826 - INFO - --- validation at epoch 157, val_loss 6.2185, val_mae 7.4708, val_rmse 11.3575, val_r2 0.8424, val_pearson 0.9192, lr 3.00e-04 ---
2026-09-30 23:40:58,826 - INFO - 
****************************************************************************************************
2026-09-30 23:40:59,871 - INFO - --- training epoch 158, loss 6.3149, mae 6.7940, rmse 9.9578, time elapsed(min) 0.01---
2026-09-30 23:41:00,027 - INFO - --- validation at epoch 158, val_loss 6.6930, val_mae 7.7705, val_rmse 11.7412, val_r2 0.8315, val_pearson 0.9133, lr 3.00e-04 ---
2026-09-30 23:41:00,027 - INFO - 
****************************************************************************************************
2026-09-30 23:41:01,312 - INFO - --- training epoch 159, loss 6.3902, mae 6.8706, rmse 10.0765, time elapsed(min) 0.01---
2026-09-30 23:41:01,492 - INFO - --- validation at epoch 159, val_loss 6.5842, val_mae 7.6500, val_rmse 11.5953, val_r2 0.8357, val_pearson 0.9163, lr 3.00e-04 ---
2026-09-30 23:41:01,492 - INFO - 
****************************************************************************************************
2026-09-30 23:41:02,890 - INFO - --- training epoch 160, loss 6.1042, mae 6.5825, rmse 9.8057, time elapsed(min) 0.02---
2026-09-30 23:41:03,056 - INFO - --- validation at epoch 160, val_loss 6.5084, val_mae 7.6876, val_rmse 11.5300, val_r2 0.8375, val_pearson 0.9170, lr 3.00e-04 ---
2026-09-30 23:41:03,056 - INFO - 
****************************************************************************************************
2026-09-30 23:41:04,512 - INFO - --- training epoch 161, loss 5.9954, mae 6.4710, rmse 9.6279, time elapsed(min) 0.02---
2026-09-30 23:41:04,684 - INFO - --- validation at epoch 161, val_loss 6.1633, val_mae 7.5237, val_rmse 11.2897, val_r2 0.8442, val_pearson 0.9190, lr 3.00e-04 ---
2026-09-30 23:41:04,684 - INFO - 
****************************************************************************************************
2026-09-30 23:41:05,739 - INFO - --- training epoch 162, loss 6.0206, mae 6.4991, rmse 9.7709, time elapsed(min) 0.01---
2026-09-30 23:41:05,915 - INFO - --- validation at epoch 162, val_loss 6.4579, val_mae 7.7895, val_rmse 12.0551, val_r2 0.8224, val_pearson 0.9081, lr 3.00e-04 ---
2026-09-30 23:41:05,915 - INFO - 
****************************************************************************************************
2026-09-30 23:41:07,126 - INFO - --- training epoch 163, loss 5.9864, mae 6.4635, rmse 9.6821, time elapsed(min) 0.01---
2026-09-30 23:41:07,293 - INFO - --- validation at epoch 163, val_loss 6.0917, val_mae 7.2672, val_rmse 11.4796, val_r2 0.8389, val_pearson 0.9161, lr 9.00e-05 ---
2026-09-30 23:41:07,293 - INFO - 
****************************************************************************************************
2026-09-30 23:41:08,554 - INFO - --- training epoch 164, loss 5.8504, mae 6.3285, rmse 9.5225, time elapsed(min) 0.01---
2026-09-30 23:41:08,730 - INFO - --- validation at epoch 164, val_loss 6.0052, val_mae 7.2306, val_rmse 11.2690, val_r2 0.8448, val_pearson 0.9195, lr 9.00e-05 ---
2026-09-30 23:41:08,730 - INFO - 
****************************************************************************************************
2026-09-30 23:41:10,069 - INFO - --- training epoch 165, loss 5.7916, mae 6.2648, rmse 9.4790, time elapsed(min) 0.01---
2026-09-30 23:41:10,243 - INFO - --- validation at epoch 165, val_loss 5.9756, val_mae 7.2290, val_rmse 11.4989, val_r2 0.8384, val_pearson 0.9158, lr 9.00e-05 ---
2026-09-30 23:41:10,243 - INFO - 
****************************************************************************************************
2026-09-30 23:41:11,535 - INFO - --- training epoch 166, loss 5.7490, mae 6.2239, rmse 9.4663, time elapsed(min) 0.01---
2026-09-30 23:41:11,700 - INFO - --- validation at epoch 166, val_loss 6.1029, val_mae 7.3129, val_rmse 11.5901, val_r2 0.8358, val_pearson 0.9149, lr 9.00e-05 ---
2026-09-30 23:41:11,701 - INFO - 
****************************************************************************************************
2026-09-30 23:41:12,759 - INFO - --- training epoch 167, loss 5.7284, mae 6.2043, rmse 9.4140, time elapsed(min) 0.01---
2026-09-30 23:41:12,933 - INFO - --- validation at epoch 167, val_loss 6.0141, val_mae 7.1637, val_rmse 11.2181, val_r2 0.8462, val_pearson 0.9201, lr 9.00e-05 ---
2026-09-30 23:41:12,933 - INFO - 
****************************************************************************************************
2026-09-30 23:41:14,145 - INFO - --- training epoch 168, loss 5.6902, mae 6.1661, rmse 9.4283, time elapsed(min) 0.01---
2026-09-30 23:41:14,326 - INFO - --- validation at epoch 168, val_loss 5.8156, val_mae 7.0521, val_rmse 11.0377, val_r2 0.8511, val_pearson 0.9228, lr 9.00e-05 ---
2026-09-30 23:41:14,327 - INFO - 
****************************************************************************************************
2026-09-30 23:41:15,778 - INFO - --- training epoch 169, loss 5.7246, mae 6.2039, rmse 9.4432, time elapsed(min) 0.02---
2026-09-30 23:41:15,955 - INFO - --- validation at epoch 169, val_loss 5.8304, val_mae 7.0322, val_rmse 11.0325, val_r2 0.8512, val_pearson 0.9232, lr 9.00e-05 ---
2026-09-30 23:41:15,955 - INFO - 
****************************************************************************************************
2026-09-30 23:41:17,237 - INFO - --- training epoch 170, loss 5.6827, mae 6.1575, rmse 9.3255, time elapsed(min) 0.01---
2026-09-30 23:41:17,406 - INFO - --- validation at epoch 170, val_loss 5.8218, val_mae 7.0885, val_rmse 10.9442, val_r2 0.8536, val_pearson 0.9241, lr 9.00e-05 ---
2026-09-30 23:41:17,406 - INFO - 
****************************************************************************************************
2026-09-30 23:41:18,830 - INFO - --- training epoch 171, loss 5.7899, mae 6.2696, rmse 9.2833, time elapsed(min) 0.02---
2026-09-30 23:41:18,999 - INFO - --- validation at epoch 171, val_loss 5.9212, val_mae 7.0969, val_rmse 11.0616, val_r2 0.8505, val_pearson 0.9228, lr 9.00e-05 ---
2026-09-30 23:41:18,999 - INFO - 
****************************************************************************************************
2026-09-30 23:41:20,068 - INFO - --- training epoch 172, loss 5.6508, mae 6.1257, rmse 9.3496, time elapsed(min) 0.01---
2026-09-30 23:41:20,246 - INFO - --- validation at epoch 172, val_loss 5.8910, val_mae 7.0400, val_rmse 10.9616, val_r2 0.8532, val_pearson 0.9243, lr 9.00e-05 ---
2026-09-30 23:41:20,246 - INFO - 
****************************************************************************************************
2026-09-30 23:41:21,324 - INFO - --- training epoch 173, loss 5.6036, mae 6.0792, rmse 9.2825, time elapsed(min) 0.01---
2026-09-30 23:41:21,512 - INFO - --- validation at epoch 173, val_loss 5.7565, val_mae 6.9792, val_rmse 10.9573, val_r2 0.8533, val_pearson 0.9243, lr 9.00e-05 ---
2026-09-30 23:41:21,512 - INFO - 
****************************************************************************************************
2026-09-30 23:41:22,854 - INFO - --- training epoch 174, loss 5.5943, mae 6.0700, rmse 9.2271, time elapsed(min) 0.01---
2026-09-30 23:41:23,023 - INFO - --- validation at epoch 174, val_loss 5.8978, val_mae 7.1338, val_rmse 11.1616, val_r2 0.8477, val_pearson 0.9215, lr 9.00e-05 ---
2026-09-30 23:41:23,023 - INFO - 
****************************************************************************************************
2026-09-30 23:41:24,308 - INFO - --- training epoch 175, loss 5.6106, mae 6.0831, rmse 9.3453, time elapsed(min) 0.01---
2026-09-30 23:41:24,480 - INFO - --- validation at epoch 175, val_loss 5.9766, val_mae 7.1691, val_rmse 11.1131, val_r2 0.8491, val_pearson 0.9217, lr 9.00e-05 ---
2026-09-30 23:41:24,480 - INFO - 
****************************************************************************************************
2026-09-30 23:41:25,697 - INFO - --- training epoch 176, loss 5.6806, mae 6.1556, rmse 9.4287, time elapsed(min) 0.01---
2026-09-30 23:41:25,869 - INFO - --- validation at epoch 176, val_loss 5.8512, val_mae 7.0109, val_rmse 10.9435, val_r2 0.8536, val_pearson 0.9243, lr 9.00e-05 ---
2026-09-30 23:41:25,870 - INFO - 
****************************************************************************************************
2026-09-30 23:41:26,929 - INFO - --- training epoch 177, loss 5.6529, mae 6.1292, rmse 9.1827, time elapsed(min) 0.01---
2026-09-30 23:41:27,121 - INFO - --- validation at epoch 177, val_loss 5.7167, val_mae 7.0654, val_rmse 10.8418, val_r2 0.8563, val_pearson 0.9255, lr 9.00e-05 ---
2026-09-30 23:41:27,121 - INFO - 
****************************************************************************************************
2026-09-30 23:41:28,424 - INFO - --- training epoch 178, loss 5.6250, mae 6.1026, rmse 9.2200, time elapsed(min) 0.01---
2026-09-30 23:41:28,587 - INFO - --- validation at epoch 178, val_loss 5.6507, val_mae 6.8859, val_rmse 10.6925, val_r2 0.8603, val_pearson 0.9276, lr 9.00e-05 ---
2026-09-30 23:41:28,587 - INFO - 
****************************************************************************************************
2026-09-30 23:41:29,936 - INFO - --- training epoch 179, loss 5.5185, mae 5.9939, rmse 9.0993, time elapsed(min) 0.01---
2026-09-30 23:41:30,113 - INFO - --- validation at epoch 179, val_loss 5.6715, val_mae 6.9488, val_rmse 10.8279, val_r2 0.8567, val_pearson 0.9258, lr 9.00e-05 ---
2026-09-30 23:41:30,113 - INFO - 
****************************************************************************************************
2026-09-30 23:41:31,407 - INFO - --- training epoch 180, loss 5.5146, mae 5.9888, rmse 9.1283, time elapsed(min) 0.01---
2026-09-30 23:41:31,570 - INFO - --- validation at epoch 180, val_loss 5.6253, val_mae 6.9627, val_rmse 10.8275, val_r2 0.8567, val_pearson 0.9258, lr 9.00e-05 ---
2026-09-30 23:41:31,571 - INFO - 
****************************************************************************************************
2026-09-30 23:41:32,875 - INFO - --- training epoch 181, loss 5.5417, mae 6.0175, rmse 9.1069, time elapsed(min) 0.01---
2026-09-30 23:41:33,052 - INFO - --- validation at epoch 181, val_loss 5.6923, val_mae 6.9946, val_rmse 10.8052, val_r2 0.8573, val_pearson 0.9263, lr 9.00e-05 ---
2026-09-30 23:41:33,052 - INFO - 
****************************************************************************************************
2026-09-30 23:41:34,118 - INFO - --- training epoch 182, loss 5.5744, mae 6.0491, rmse 9.1612, time elapsed(min) 0.01---
2026-09-30 23:41:34,288 - INFO - --- validation at epoch 182, val_loss 5.8039, val_mae 6.9710, val_rmse 10.7692, val_r2 0.8583, val_pearson 0.9267, lr 9.00e-05 ---
2026-09-30 23:41:34,288 - INFO - 
****************************************************************************************************
2026-09-30 23:41:35,339 - INFO - --- training epoch 183, loss 5.5438, mae 6.0184, rmse 9.0558, time elapsed(min) 0.01---
2026-09-30 23:41:35,504 - INFO - --- validation at epoch 183, val_loss 5.6223, val_mae 6.9412, val_rmse 10.7872, val_r2 0.8578, val_pearson 0.9267, lr 9.00e-05 ---
2026-09-30 23:41:35,505 - INFO - 
****************************************************************************************************
2026-09-30 23:41:36,975 - INFO - --- training epoch 184, loss 5.5356, mae 6.0126, rmse 9.1443, time elapsed(min) 0.02---
2026-09-30 23:41:37,156 - INFO - --- validation at epoch 184, val_loss 5.6393, val_mae 6.9316, val_rmse 10.7210, val_r2 0.8595, val_pearson 0.9275, lr 9.00e-05 ---
2026-09-30 23:41:37,156 - INFO - 
****************************************************************************************************
2026-09-30 23:41:38,428 - INFO - --- training epoch 185, loss 5.5592, mae 6.0350, rmse 9.1145, time elapsed(min) 0.01---
2026-09-30 23:41:38,605 - INFO - --- validation at epoch 185, val_loss 5.6050, val_mae 6.8914, val_rmse 10.6143, val_r2 0.8623, val_pearson 0.9290, lr 9.00e-05 ---
2026-09-30 23:41:38,605 - INFO - 
****************************************************************************************************
2026-09-30 23:41:40,127 - INFO - --- training epoch 186, loss 5.5236, mae 5.9998, rmse 9.1041, time elapsed(min) 0.02---
2026-09-30 23:41:40,292 - INFO - --- validation at epoch 186, val_loss 5.4053, val_mae 6.8032, val_rmse 10.5714, val_r2 0.8634, val_pearson 0.9295, lr 9.00e-05 ---
2026-09-30 23:41:40,293 - INFO - 
****************************************************************************************************
2026-09-30 23:41:41,425 - INFO - --- training epoch 187, loss 5.6554, mae 6.1323, rmse 9.2492, time elapsed(min) 0.01---
2026-09-30 23:41:41,598 - INFO - --- validation at epoch 187, val_loss 5.5886, val_mae 6.8309, val_rmse 10.6034, val_r2 0.8626, val_pearson 0.9289, lr 9.00e-05 ---
2026-09-30 23:41:41,599 - INFO - 
****************************************************************************************************
2026-09-30 23:41:42,830 - INFO - --- training epoch 188, loss 5.5699, mae 6.0455, rmse 9.1112, time elapsed(min) 0.01---
2026-09-30 23:41:42,993 - INFO - --- validation at epoch 188, val_loss 5.6515, val_mae 6.9179, val_rmse 10.6902, val_r2 0.8603, val_pearson 0.9283, lr 9.00e-05 ---
2026-09-30 23:41:42,993 - INFO - 
****************************************************************************************************
2026-09-30 23:41:44,258 - INFO - --- training epoch 189, loss 5.4531, mae 5.9276, rmse 8.9986, time elapsed(min) 0.01---
2026-09-30 23:41:44,424 - INFO - --- validation at epoch 189, val_loss 5.7466, val_mae 6.9593, val_rmse 10.6057, val_r2 0.8625, val_pearson 0.9298, lr 9.00e-05 ---
2026-09-30 23:41:44,424 - INFO - 
****************************************************************************************************
2026-09-30 23:41:45,705 - INFO - --- training epoch 190, loss 5.4911, mae 5.9682, rmse 8.9478, time elapsed(min) 0.01---
2026-09-30 23:41:45,880 - INFO - --- validation at epoch 190, val_loss 5.6291, val_mae 6.8355, val_rmse 10.6044, val_r2 0.8626, val_pearson 0.9291, lr 9.00e-05 ---
2026-09-30 23:41:45,880 - INFO - 
****************************************************************************************************
2026-09-30 23:41:47,324 - INFO - --- training epoch 191, loss 5.5728, mae 6.0477, rmse 9.1546, time elapsed(min) 0.02---
2026-09-30 23:41:47,488 - INFO - --- validation at epoch 191, val_loss 5.6225, val_mae 6.8129, val_rmse 10.5759, val_r2 0.8633, val_pearson 0.9293, lr 9.00e-05 ---
2026-09-30 23:41:47,489 - INFO - 
****************************************************************************************************
2026-09-30 23:41:48,546 - INFO - --- training epoch 192, loss 5.4886, mae 5.9663, rmse 8.9930, time elapsed(min) 0.01---
2026-09-30 23:41:48,718 - INFO - --- validation at epoch 192, val_loss 5.5870, val_mae 6.8806, val_rmse 10.6510, val_r2 0.8614, val_pearson 0.9284, lr 9.00e-05 ---
2026-09-30 23:41:48,718 - INFO - 
****************************************************************************************************
2026-09-30 23:41:49,988 - INFO - --- training epoch 193, loss 5.5667, mae 6.0435, rmse 9.0125, time elapsed(min) 0.01---
2026-09-30 23:41:50,158 - INFO - --- validation at epoch 193, val_loss 5.5300, val_mae 6.8181, val_rmse 10.5180, val_r2 0.8648, val_pearson 0.9302, lr 9.00e-05 ---
2026-09-30 23:41:50,158 - INFO - 
****************************************************************************************************
2026-09-30 23:41:51,447 - INFO - --- training epoch 194, loss 5.5431, mae 6.0172, rmse 9.1012, time elapsed(min) 0.01---
2026-09-30 23:41:51,633 - INFO - --- validation at epoch 194, val_loss 5.5337, val_mae 6.8524, val_rmse 10.5552, val_r2 0.8638, val_pearson 0.9295, lr 9.00e-05 ---
2026-09-30 23:41:51,633 - INFO - 
****************************************************************************************************
2026-09-30 23:41:52,925 - INFO - --- training epoch 195, loss 5.5341, mae 6.0083, rmse 9.0745, time elapsed(min) 0.01---
2026-09-30 23:41:53,104 - INFO - --- validation at epoch 195, val_loss 5.6807, val_mae 6.8392, val_rmse 10.6277, val_r2 0.8620, val_pearson 0.9291, lr 9.00e-05 ---
2026-09-30 23:41:53,105 - INFO - 
****************************************************************************************************
2026-09-30 23:41:54,540 - INFO - --- training epoch 196, loss 5.3733, mae 5.8472, rmse 8.8253, time elapsed(min) 0.02---
2026-09-30 23:41:54,725 - INFO - --- validation at epoch 196, val_loss 5.6253, val_mae 6.8717, val_rmse 10.6485, val_r2 0.8614, val_pearson 0.9283, lr 9.00e-05 ---
2026-09-30 23:41:54,726 - INFO - 
****************************************************************************************************
2026-09-30 23:41:55,781 - INFO - --- training epoch 197, loss 5.5073, mae 5.9834, rmse 9.0565, time elapsed(min) 0.01---
2026-09-30 23:41:55,949 - INFO - --- validation at epoch 197, val_loss 5.6610, val_mae 6.9056, val_rmse 10.6121, val_r2 0.8624, val_pearson 0.9291, lr 9.00e-05 ---
2026-09-30 23:41:55,950 - INFO - 
****************************************************************************************************
2026-09-30 23:41:57,044 - INFO - --- training epoch 198, loss 5.4222, mae 5.8979, rmse 8.9072, time elapsed(min) 0.01---
2026-09-30 23:41:57,203 - INFO - --- validation at epoch 198, val_loss 5.7036, val_mae 6.9067, val_rmse 10.6231, val_r2 0.8621, val_pearson 0.9289, lr 2.70e-05 ---
2026-09-30 23:41:57,203 - INFO - 
****************************************************************************************************
2026-09-30 23:41:58,483 - INFO - --- training epoch 199, loss 5.2750, mae 5.7493, rmse 8.7798, time elapsed(min) 0.01---
2026-09-30 23:41:58,654 - INFO - --- validation at epoch 199, val_loss 5.7203, val_mae 6.9173, val_rmse 10.6547, val_r2 0.8613, val_pearson 0.9285, lr 2.70e-05 ---
2026-09-30 23:41:58,654 - INFO - 
****************************************************************************************************
2026-09-30 23:41:59,912 - INFO - --- training epoch 200, loss 5.4016, mae 5.8784, rmse 8.7620, time elapsed(min) 0.01---
2026-09-30 23:42:00,089 - INFO - --- validation at epoch 200, val_loss 5.7439, val_mae 6.9472, val_rmse 10.7240, val_r2 0.8594, val_pearson 0.9275, lr 2.70e-05 ---
2026-09-30 23:42:00,089 - INFO - 
****************************************************************************************************
2026-09-30 23:42:01,392 - INFO - --- training epoch 201, loss 5.3087, mae 5.7815, rmse 8.7250, time elapsed(min) 0.02---
2026-09-30 23:42:01,811 - INFO - --- validation at epoch 201, val_loss 5.6802, val_mae 6.9304, val_rmse 10.6759, val_r2 0.8607, val_pearson 0.9283, lr 2.70e-05 ---
2026-09-30 23:42:01,811 - INFO - 
****************************************************************************************************
2026-09-30 23:42:03,040 - INFO - --- training epoch 202, loss 5.3664, mae 5.8427, rmse 8.8771, time elapsed(min) 0.01---
2026-09-30 23:42:03,206 - INFO - --- validation at epoch 202, val_loss 5.5678, val_mae 6.8031, val_rmse 10.5428, val_r2 0.8642, val_pearson 0.9299, lr 2.70e-05 ---
2026-09-30 23:42:03,206 - INFO - 
****************************************************************************************************
2026-09-30 23:42:04,290 - INFO - --- training epoch 203, loss 5.3567, mae 5.8314, rmse 8.8330, time elapsed(min) 0.01---
2026-09-30 23:42:04,468 - INFO - --- validation at epoch 203, val_loss 5.6947, val_mae 6.9173, val_rmse 10.6166, val_r2 0.8622, val_pearson 0.9295, lr 2.70e-05 ---
2026-09-30 23:42:04,468 - INFO - 
****************************************************************************************************
2026-09-30 23:42:05,767 - INFO - --- training epoch 204, loss 5.3308, mae 5.8058, rmse 8.8184, time elapsed(min) 0.02---
2026-09-30 23:42:05,932 - INFO - --- validation at epoch 204, val_loss 5.6277, val_mae 6.8783, val_rmse 10.6135, val_r2 0.8623, val_pearson 0.9291, lr 2.70e-05 ---
2026-09-30 23:42:05,932 - INFO - 
****************************************************************************************************
2026-09-30 23:42:07,225 - INFO - --- training epoch 205, loss 5.3030, mae 5.7775, rmse 8.8561, time elapsed(min) 0.01---
2026-09-30 23:42:07,395 - INFO - --- validation at epoch 205, val_loss 5.6159, val_mae 6.8659, val_rmse 10.6221, val_r2 0.8621, val_pearson 0.9290, lr 2.70e-05 ---
2026-09-30 23:42:07,395 - INFO - 
****************************************************************************************************
2026-09-30 23:42:08,678 - INFO - --- training epoch 206, loss 5.4098, mae 5.8847, rmse 8.8281, time elapsed(min) 0.01---
2026-09-30 23:42:09,072 - INFO - --- validation at epoch 206, val_loss 5.5527, val_mae 6.8020, val_rmse 10.5406, val_r2 0.8642, val_pearson 0.9301, lr 2.70e-05 ---
2026-09-30 23:42:09,072 - INFO - 
****************************************************************************************************
2026-09-30 23:42:10,311 - INFO - --- training epoch 207, loss 5.3617, mae 5.8369, rmse 8.9310, time elapsed(min) 0.01---
2026-09-30 23:42:10,496 - INFO - --- validation at epoch 207, val_loss 5.5103, val_mae 6.8030, val_rmse 10.5923, val_r2 0.8629, val_pearson 0.9292, lr 2.70e-05 ---
2026-09-30 23:42:10,497 - INFO - 
****************************************************************************************************
2026-09-30 23:42:11,564 - INFO - --- training epoch 208, loss 5.3161, mae 5.7900, rmse 8.8036, time elapsed(min) 0.01---
2026-09-30 23:42:11,733 - INFO - --- validation at epoch 208, val_loss 5.4721, val_mae 6.7490, val_rmse 10.5135, val_r2 0.8649, val_pearson 0.9302, lr 2.70e-05 ---
2026-09-30 23:42:11,733 - INFO - 
****************************************************************************************************
2026-09-30 23:42:13,003 - INFO - --- training epoch 209, loss 5.4287, mae 5.9040, rmse 8.8838, time elapsed(min) 0.01---
2026-09-30 23:42:13,171 - INFO - --- validation at epoch 209, val_loss 5.5400, val_mae 6.8063, val_rmse 10.5292, val_r2 0.8645, val_pearson 0.9302, lr 8.10e-06 ---
2026-09-30 23:42:13,171 - INFO - 
****************************************************************************************************
2026-09-30 23:42:14,440 - INFO - --- training epoch 210, loss 5.3104, mae 5.7873, rmse 8.7796, time elapsed(min) 0.01---
2026-09-30 23:42:14,608 - INFO - --- validation at epoch 210, val_loss 5.5612, val_mae 6.8286, val_rmse 10.5566, val_r2 0.8638, val_pearson 0.9300, lr 8.10e-06 ---
2026-09-30 23:42:14,609 - INFO - 
****************************************************************************************************
2026-09-30 23:42:15,889 - INFO - --- training epoch 211, loss 5.3841, mae 5.8599, rmse 8.8322, time elapsed(min) 0.01---
2026-09-30 23:42:16,286 - INFO - --- validation at epoch 211, val_loss 5.5045, val_mae 6.7777, val_rmse 10.5172, val_r2 0.8648, val_pearson 0.9303, lr 8.10e-06 ---
2026-09-30 23:42:16,287 - INFO - 
****************************************************************************************************
2026-09-30 23:42:17,518 - INFO - --- training epoch 212, loss 5.2827, mae 5.7541, rmse 8.7127, time elapsed(min) 0.01---
2026-09-30 23:42:17,687 - INFO - --- validation at epoch 212, val_loss 5.5117, val_mae 6.7771, val_rmse 10.5223, val_r2 0.8647, val_pearson 0.9302, lr 8.10e-06 ---
2026-09-30 23:42:17,687 - INFO - 
****************************************************************************************************
2026-09-30 23:42:18,759 - INFO - --- training epoch 213, loss 5.3263, mae 5.8023, rmse 8.7493, time elapsed(min) 0.01---
2026-09-30 23:42:18,933 - INFO - --- validation at epoch 213, val_loss 5.5431, val_mae 6.8123, val_rmse 10.5351, val_r2 0.8644, val_pearson 0.9302, lr 8.10e-06 ---
2026-09-30 23:42:18,934 - INFO - 
****************************************************************************************************
2026-09-30 23:42:20,202 - INFO - --- training epoch 214, loss 5.4125, mae 5.8880, rmse 8.8506, time elapsed(min) 0.01---
2026-09-30 23:42:20,365 - INFO - --- validation at epoch 214, val_loss 5.5759, val_mae 6.8452, val_rmse 10.5604, val_r2 0.8637, val_pearson 0.9301, lr 8.10e-06 ---
2026-09-30 23:42:20,366 - INFO - 
****************************************************************************************************
2026-09-30 23:42:21,634 - INFO - --- training epoch 215, loss 5.3238, mae 5.7971, rmse 8.8126, time elapsed(min) 0.01---
2026-09-30 23:42:21,811 - INFO - --- validation at epoch 215, val_loss 5.5257, val_mae 6.7955, val_rmse 10.5279, val_r2 0.8645, val_pearson 0.9302, lr 8.10e-06 ---
2026-09-30 23:42:21,811 - INFO - 
****************************************************************************************************
2026-09-30 23:42:23,078 - INFO - --- training epoch 216, loss 5.3022, mae 5.7786, rmse 8.7432, time elapsed(min) 0.01---
2026-09-30 23:42:23,426 - INFO - --- validation at epoch 216, val_loss 5.5176, val_mae 6.7676, val_rmse 10.5117, val_r2 0.8650, val_pearson 0.9304, lr 8.10e-06 ---
2026-09-30 23:42:23,426 - INFO - 
****************************************************************************************************
2026-09-30 23:42:24,652 - INFO - --- training epoch 217, loss 5.3263, mae 5.7971, rmse 8.7656, time elapsed(min) 0.01---
2026-09-30 23:42:24,830 - INFO - --- validation at epoch 217, val_loss 5.5313, val_mae 6.7926, val_rmse 10.5262, val_r2 0.8646, val_pearson 0.9302, lr 8.10e-06 ---
2026-09-30 23:42:24,831 - INFO - 
****************************************************************************************************
2026-09-30 23:42:25,899 - INFO - --- training epoch 218, loss 5.3080, mae 5.7846, rmse 8.8259, time elapsed(min) 0.01---
2026-09-30 23:42:26,077 - INFO - --- validation at epoch 218, val_loss 5.5488, val_mae 6.8088, val_rmse 10.5408, val_r2 0.8642, val_pearson 0.9301, lr 8.10e-06 ---
2026-09-30 23:42:26,077 - INFO - 
****************************************************************************************************
2026-09-30 23:42:27,154 - INFO - --- training epoch 219, loss 5.4061, mae 5.8833, rmse 8.8763, time elapsed(min) 0.01---
2026-09-30 23:42:27,323 - INFO - --- validation at epoch 219, val_loss 5.5607, val_mae 6.8193, val_rmse 10.5605, val_r2 0.8637, val_pearson 0.9298, lr 8.10e-06 ---
2026-09-30 23:42:27,323 - INFO - 
****************************************************************************************************
2026-09-30 23:42:28,766 - INFO - --- training epoch 220, loss 5.2931, mae 5.7680, rmse 8.8765, time elapsed(min) 0.02---
2026-09-30 23:42:28,938 - INFO - --- validation at epoch 220, val_loss 5.5584, val_mae 6.8189, val_rmse 10.5581, val_r2 0.8638, val_pearson 0.9299, lr 2.43e-06 ---
2026-09-30 23:42:28,938 - INFO - 
****************************************************************************************************
2026-09-30 23:42:30,248 - INFO - --- training epoch 221, loss 5.4258, mae 5.9001, rmse 8.9401, time elapsed(min) 0.02---
2026-09-30 23:42:30,415 - INFO - --- validation at epoch 221, val_loss 5.5595, val_mae 6.8200, val_rmse 10.5561, val_r2 0.8638, val_pearson 0.9299, lr 2.43e-06 ---
2026-09-30 23:42:30,415 - INFO - 
****************************************************************************************************
2026-09-30 23:42:31,666 - INFO - --- training epoch 222, loss 5.3554, mae 5.8293, rmse 8.8601, time elapsed(min) 0.01---
2026-09-30 23:42:31,844 - INFO - --- validation at epoch 222, val_loss 5.5562, val_mae 6.8202, val_rmse 10.5534, val_r2 0.8639, val_pearson 0.9299, lr 2.43e-06 ---
2026-09-30 23:42:31,844 - INFO - 
****************************************************************************************************
2026-09-30 23:42:32,920 - INFO - --- training epoch 223, loss 5.2438, mae 5.7179, rmse 8.7043, time elapsed(min) 0.01---
2026-09-30 23:42:33,083 - INFO - --- validation at epoch 223, val_loss 5.5649, val_mae 6.8252, val_rmse 10.5575, val_r2 0.8638, val_pearson 0.9299, lr 2.43e-06 ---
2026-09-30 23:42:33,084 - INFO - 
****************************************************************************************************
2026-09-30 23:42:34,356 - INFO - --- training epoch 224, loss 5.3211, mae 5.7953, rmse 8.7809, time elapsed(min) 0.01---
2026-09-30 23:42:34,527 - INFO - --- validation at epoch 224, val_loss 5.5734, val_mae 6.8279, val_rmse 10.5555, val_r2 0.8638, val_pearson 0.9299, lr 2.43e-06 ---
2026-09-30 23:42:34,527 - INFO - 
****************************************************************************************************
2026-09-30 23:42:35,940 - INFO - --- training epoch 225, loss 5.2687, mae 5.7402, rmse 8.8007, time elapsed(min) 0.02---
2026-09-30 23:42:36,108 - INFO - --- validation at epoch 225, val_loss 5.5735, val_mae 6.8258, val_rmse 10.5531, val_r2 0.8639, val_pearson 0.9299, lr 2.43e-06 ---
2026-09-30 23:42:36,108 - INFO - 
****************************************************************************************************
2026-09-30 23:42:37,395 - INFO - --- training epoch 226, loss 5.2411, mae 5.7170, rmse 8.7506, time elapsed(min) 0.01---
2026-09-30 23:42:37,830 - INFO - --- validation at epoch 226, val_loss 5.5722, val_mae 6.8194, val_rmse 10.5481, val_r2 0.8640, val_pearson 0.9300, lr 2.43e-06 ---
2026-09-30 23:42:37,830 - INFO - 
****************************************************************************************************
2026-09-30 23:42:39,061 - INFO - --- training epoch 227, loss 5.3444, mae 5.8198, rmse 8.8492, time elapsed(min) 0.01---
2026-09-30 23:42:39,227 - INFO - --- validation at epoch 227, val_loss 5.5707, val_mae 6.8169, val_rmse 10.5444, val_r2 0.8641, val_pearson 0.9300, lr 2.43e-06 ---
2026-09-30 23:42:39,227 - INFO - 
****************************************************************************************************
2026-09-30 23:42:40,297 - INFO - --- training epoch 228, loss 5.3217, mae 5.7948, rmse 8.8222, time elapsed(min) 0.01---
2026-09-30 23:42:40,467 - INFO - --- validation at epoch 228, val_loss 5.5642, val_mae 6.8090, val_rmse 10.5371, val_r2 0.8643, val_pearson 0.9301, lr 2.43e-06 ---
2026-09-30 23:42:40,467 - INFO - 
****************************************************************************************************
2026-09-30 23:42:41,532 - INFO - --- training epoch 229, loss 5.3508, mae 5.8245, rmse 8.8740, time elapsed(min) 0.01---
2026-09-30 23:42:41,701 - INFO - --- validation at epoch 229, val_loss 5.5589, val_mae 6.8044, val_rmse 10.5342, val_r2 0.8644, val_pearson 0.9302, lr 2.43e-06 ---
2026-09-30 23:42:41,702 - INFO - 
****************************************************************************************************
2026-09-30 23:42:42,976 - INFO - --- training epoch 230, loss 5.3169, mae 5.7922, rmse 8.7770, time elapsed(min) 0.01---
2026-09-30 23:42:43,141 - INFO - --- validation at epoch 230, val_loss 5.5634, val_mae 6.8119, val_rmse 10.5344, val_r2 0.8644, val_pearson 0.9302, lr 2.43e-06 ---
2026-09-30 23:42:43,141 - INFO - 
****************************************************************************************************
2026-09-30 23:42:44,454 - INFO - --- training epoch 231, loss 5.3048, mae 5.7807, rmse 8.8271, time elapsed(min) 0.02---
2026-09-30 23:42:44,623 - INFO - --- validation at epoch 231, val_loss 5.5631, val_mae 6.8107, val_rmse 10.5308, val_r2 0.8645, val_pearson 0.9302, lr 1.00e-06 ---
2026-09-30 23:42:44,623 - INFO - 
****************************************************************************************************
2026-09-30 23:42:45,857 - INFO - --- training epoch 232, loss 5.2747, mae 5.7505, rmse 8.7425, time elapsed(min) 0.01---
2026-09-30 23:42:46,023 - INFO - --- validation at epoch 232, val_loss 5.5607, val_mae 6.8083, val_rmse 10.5276, val_r2 0.8645, val_pearson 0.9303, lr 1.00e-06 ---
2026-09-30 23:42:46,023 - INFO - 
****************************************************************************************************
2026-09-30 23:42:47,106 - INFO - --- training epoch 233, loss 5.3546, mae 5.8286, rmse 8.9127, time elapsed(min) 0.01---
2026-09-30 23:42:47,278 - INFO - --- validation at epoch 233, val_loss 5.5572, val_mae 6.8081, val_rmse 10.5299, val_r2 0.8645, val_pearson 0.9302, lr 1.00e-06 ---
2026-09-30 23:42:47,278 - INFO - 
****************************************************************************************************
2026-09-30 23:42:48,551 - INFO - --- training epoch 234, loss 5.3303, mae 5.8055, rmse 8.7720, time elapsed(min) 0.01---
2026-09-30 23:42:48,718 - INFO - --- validation at epoch 234, val_loss 5.5611, val_mae 6.8128, val_rmse 10.5373, val_r2 0.8643, val_pearson 0.9301, lr 1.00e-06 ---
2026-09-30 23:42:48,718 - INFO - 
****************************************************************************************************
2026-09-30 23:42:49,990 - INFO - --- training epoch 235, loss 5.2768, mae 5.7492, rmse 8.7794, time elapsed(min) 0.01---
2026-09-30 23:42:50,165 - INFO - --- validation at epoch 235, val_loss 5.5693, val_mae 6.8182, val_rmse 10.5467, val_r2 0.8641, val_pearson 0.9301, lr 1.00e-06 ---
2026-09-30 23:42:50,165 - INFO - 
****************************************************************************************************
2026-09-30 23:42:51,433 - INFO - --- training epoch 236, loss 5.2540, mae 5.7285, rmse 8.7281, time elapsed(min) 0.01---
2026-09-30 23:42:51,597 - INFO - --- validation at epoch 236, val_loss 5.5735, val_mae 6.8224, val_rmse 10.5531, val_r2 0.8639, val_pearson 0.9300, lr 1.00e-06 ---
2026-09-30 23:42:51,597 - INFO - 
****************************************************************************************************
2026-09-30 23:42:51,994 - INFO - --- early stopping at epoch 236: val_loss did not improve for 50 epochs ---
2026-09-30 23:42:52,396 - INFO - --- selected checkpoint from epoch 186, val_loss 5.4053, val_mae 6.8032, val_rmse 10.5714
2026-09-30 23:42:53,200 - INFO - -- RESULT
2026-09-30 23:42:53,200 - INFO - --- test size: 1187
2026-09-30 23:42:53,200 - INFO - --- MAE: 6.2136 pp, RMSE: 9.3724 pp, R2: 0.8792, Pearson: 0.9380
2026-09-30 23:42:54,278 - INFO - --- Buchwald-Hartwig | fullcv08_split70 | approach_3: test R2 0.8792 MAE 6.2136 RMSE 9.3724 | 337.8s (1.4s/epoch)
2026-09-30 23:42:54,282 - INFO - --- Buchwald-Hartwig | fullcv08_split70 | approach 2 (comb/mlp) (comb/mlp)
