2026-10-01 08:29:12,384 - INFO - device is	cuda:0
2026-10-01 08:29:12,490 - INFO - -- CONFIGURATIONS
2026-10-01 08:29:12,490 - INFO - --- train/valid/test: 3628/404/1728
2026-10-01 08:29:12,490 - INFO - --- max no. reactants_train, valid, test respectively: 14, 14, 14
2026-10-01 08:29:12,490 - INFO - --- max no. products_train, valid, test respectively: 1, 1, 1
2026-10-01 08:29:12,490 - INFO - --- model_path: ../logs/approach2_grid_suzuki/e400/runs/Suzuki-Miyaura_split_3_ind_mlp/model.pt
2026-10-01 08:29:12,497 - INFO - -- TRAINING
2026-10-01 08:29:13,777 - INFO - --- training epoch 0, loss 0.6487, mae 0.9517, rmse 2.2157, time elapsed(min) 0.02---
2026-10-01 08:29:14,024 - INFO - --- validation at epoch 0, val_loss 0.0566, val_mae 0.2629, val_rmse 0.3357, val_r2 -0.4041, val_pearson 0.1603, lr 1.00e-03 ---
2026-10-01 08:29:14,024 - INFO - 
****************************************************************************************************
2026-10-01 08:29:15,646 - INFO - --- training epoch 1, loss 0.0418, mae 0.2469, rmse 0.2891, time elapsed(min) 0.02---
2026-10-01 08:29:15,994 - INFO - --- validation at epoch 1, val_loss 0.0390, val_mae 0.2448, val_rmse 0.2828, val_r2 0.0037, val_pearson 0.3302, lr 1.00e-03 ---
2026-10-01 08:29:15,994 - INFO - 
****************************************************************************************************
2026-10-01 08:29:17,721 - INFO - --- training epoch 2, loss 0.0388, mae 0.2397, rmse 0.2786, time elapsed(min) 0.02---
2026-10-01 08:29:18,089 - INFO - --- validation at epoch 2, val_loss 0.0367, val_mae 0.2361, val_rmse 0.2754, val_r2 0.0552, val_pearson 0.3339, lr 1.00e-03 ---
2026-10-01 08:29:18,089 - INFO - 
****************************************************************************************************
2026-10-01 08:29:19,970 - INFO - --- training epoch 3, loss 0.0379, mae 0.2346, rmse 0.2755, time elapsed(min) 0.02---
2026-10-01 08:29:20,209 - INFO - --- validation at epoch 3, val_loss 0.0360, val_mae 0.2327, val_rmse 0.2723, val_r2 0.0765, val_pearson 0.3488, lr 1.00e-03 ---
2026-10-01 08:29:20,209 - INFO - 
****************************************************************************************************
2026-10-01 08:29:21,897 - INFO - --- training epoch 4, loss 0.0375, mae 0.2335, rmse 0.2739, time elapsed(min) 0.02---
2026-10-01 08:29:22,120 - INFO - --- validation at epoch 4, val_loss 0.0346, val_mae 0.2307, val_rmse 0.2676, val_r2 0.1080, val_pearson 0.3686, lr 1.00e-03 ---
2026-10-01 08:29:22,120 - INFO - 
****************************************************************************************************
2026-10-01 08:29:23,765 - INFO - --- training epoch 5, loss 0.0367, mae 0.2313, rmse 0.2708, time elapsed(min) 0.02---
2026-10-01 08:29:24,112 - INFO - --- validation at epoch 5, val_loss 0.0337, val_mae 0.2284, val_rmse 0.2644, val_r2 0.1290, val_pearson 0.3751, lr 1.00e-03 ---
2026-10-01 08:29:24,112 - INFO - 
****************************************************************************************************
2026-10-01 08:29:25,944 - INFO - --- training epoch 6, loss 0.0368, mae 0.2310, rmse 0.2711, time elapsed(min) 0.02---
2026-10-01 08:29:26,167 - INFO - --- validation at epoch 6, val_loss 0.0341, val_mae 0.2304, val_rmse 0.2650, val_r2 0.1255, val_pearson 0.3890, lr 1.00e-03 ---
2026-10-01 08:29:26,167 - INFO - 
****************************************************************************************************
2026-10-01 08:29:27,721 - INFO - --- training epoch 7, loss 0.0370, mae 0.2314, rmse 0.2719, time elapsed(min) 0.02---
2026-10-01 08:29:27,925 - INFO - --- validation at epoch 7, val_loss 0.0334, val_mae 0.2280, val_rmse 0.2634, val_r2 0.1356, val_pearson 0.3803, lr 1.00e-03 ---
2026-10-01 08:29:27,925 - INFO - 
****************************************************************************************************
2026-10-01 08:29:29,595 - INFO - --- training epoch 8, loss 0.0363, mae 0.2295, rmse 0.2693, time elapsed(min) 0.02---
2026-10-01 08:29:29,801 - INFO - --- validation at epoch 8, val_loss 0.0331, val_mae 0.2267, val_rmse 0.2630, val_r2 0.1387, val_pearson 0.3791, lr 1.00e-03 ---
2026-10-01 08:29:29,801 - INFO - 
****************************************************************************************************
2026-10-01 08:29:31,535 - INFO - --- training epoch 9, loss 0.0359, mae 0.2280, rmse 0.2679, time elapsed(min) 0.02---
2026-10-01 08:29:31,895 - INFO - --- validation at epoch 9, val_loss 0.0347, val_mae 0.2290, val_rmse 0.2667, val_r2 0.1141, val_pearson 0.3923, lr 1.00e-03 ---
2026-10-01 08:29:31,895 - INFO - 
****************************************************************************************************
2026-10-01 08:29:33,577 - INFO - --- training epoch 10, loss 0.0365, mae 0.2306, rmse 0.2703, time elapsed(min) 0.02---
2026-10-01 08:29:33,790 - INFO - --- validation at epoch 10, val_loss 0.0350, val_mae 0.2284, val_rmse 0.2672, val_r2 0.1104, val_pearson 0.4053, lr 1.00e-03 ---
2026-10-01 08:29:33,790 - INFO - 
****************************************************************************************************
2026-10-01 08:29:35,372 - INFO - --- training epoch 11, loss 0.0356, mae 0.2265, rmse 0.2668, time elapsed(min) 0.02---
2026-10-01 08:29:35,597 - INFO - --- validation at epoch 11, val_loss 0.0318, val_mae 0.2214, val_rmse 0.2564, val_r2 0.1813, val_pearson 0.4294, lr 1.00e-03 ---
2026-10-01 08:29:35,597 - INFO - 
****************************************************************************************************
2026-10-01 08:29:37,266 - INFO - --- training epoch 12, loss 0.0346, mae 0.2216, rmse 0.2630, time elapsed(min) 0.02---
2026-10-01 08:29:37,646 - INFO - --- validation at epoch 12, val_loss 0.0313, val_mae 0.2164, val_rmse 0.2531, val_r2 0.2020, val_pearson 0.4559, lr 1.00e-03 ---
2026-10-01 08:29:37,646 - INFO - 
****************************************************************************************************
2026-10-01 08:29:39,520 - INFO - --- training epoch 13, loss 0.0339, mae 0.2177, rmse 0.2604, time elapsed(min) 0.03---
2026-10-01 08:29:39,748 - INFO - --- validation at epoch 13, val_loss 0.0351, val_mae 0.2265, val_rmse 0.2669, val_r2 0.1124, val_pearson 0.4100, lr 1.00e-03 ---
2026-10-01 08:29:39,748 - INFO - 
****************************************************************************************************
2026-10-01 08:29:41,392 - INFO - --- training epoch 14, loss 0.0335, mae 0.2167, rmse 0.2589, time elapsed(min) 0.02---
2026-10-01 08:29:41,599 - INFO - --- validation at epoch 14, val_loss 0.0313, val_mae 0.2144, val_rmse 0.2525, val_r2 0.2061, val_pearson 0.4748, lr 1.00e-03 ---
2026-10-01 08:29:41,599 - INFO - 
****************************************************************************************************
2026-10-01 08:29:43,264 - INFO - --- training epoch 15, loss 0.0330, mae 0.2151, rmse 0.2570, time elapsed(min) 0.02---
2026-10-01 08:29:43,592 - INFO - --- validation at epoch 15, val_loss 0.0333, val_mae 0.2170, val_rmse 0.2578, val_r2 0.1719, val_pearson 0.4750, lr 1.00e-03 ---
2026-10-01 08:29:43,592 - INFO - 
****************************************************************************************************
2026-10-01 08:29:45,468 - INFO - --- training epoch 16, loss 0.0327, mae 0.2135, rmse 0.2557, time elapsed(min) 0.03---
2026-10-01 08:29:45,677 - INFO - --- validation at epoch 16, val_loss 0.0309, val_mae 0.2127, val_rmse 0.2509, val_r2 0.2160, val_pearson 0.4801, lr 1.00e-03 ---
2026-10-01 08:29:45,677 - INFO - 
****************************************************************************************************
2026-10-01 08:29:47,359 - INFO - --- training epoch 17, loss 0.0327, mae 0.2135, rmse 0.2556, time elapsed(min) 0.02---
2026-10-01 08:29:47,585 - INFO - --- validation at epoch 17, val_loss 0.0311, val_mae 0.2117, val_rmse 0.2502, val_r2 0.2205, val_pearson 0.4869, lr 1.00e-03 ---
2026-10-01 08:29:47,586 - INFO - 
****************************************************************************************************
2026-10-01 08:29:49,172 - INFO - --- training epoch 18, loss 0.0330, mae 0.2139, rmse 0.2570, time elapsed(min) 0.02---
2026-10-01 08:29:49,506 - INFO - --- validation at epoch 18, val_loss 0.0329, val_mae 0.2200, val_rmse 0.2572, val_r2 0.1758, val_pearson 0.4978, lr 1.00e-03 ---
2026-10-01 08:29:49,506 - INFO - 
****************************************************************************************************
2026-10-01 08:29:51,283 - INFO - --- training epoch 19, loss 0.0326, mae 0.2129, rmse 0.2554, time elapsed(min) 0.02---
2026-10-01 08:29:51,486 - INFO - --- validation at epoch 19, val_loss 0.0315, val_mae 0.2140, val_rmse 0.2512, val_r2 0.2138, val_pearson 0.4941, lr 1.00e-03 ---
2026-10-01 08:29:51,486 - INFO - 
****************************************************************************************************
2026-10-01 08:29:53,105 - INFO - --- training epoch 20, loss 0.0324, mae 0.2124, rmse 0.2544, time elapsed(min) 0.02---
2026-10-01 08:29:53,334 - INFO - --- validation at epoch 20, val_loss 0.0296, val_mae 0.2083, val_rmse 0.2459, val_r2 0.2467, val_pearson 0.4968, lr 1.00e-03 ---
2026-10-01 08:29:53,334 - INFO - 
****************************************************************************************************
2026-10-01 08:29:54,997 - INFO - --- training epoch 21, loss 0.0330, mae 0.2124, rmse 0.2570, time elapsed(min) 0.02---
2026-10-01 08:29:55,325 - INFO - --- validation at epoch 21, val_loss 0.0327, val_mae 0.2212, val_rmse 0.2572, val_r2 0.1763, val_pearson 0.4588, lr 1.00e-03 ---
2026-10-01 08:29:55,325 - INFO - 
****************************************************************************************************
2026-10-01 08:29:56,977 - INFO - --- training epoch 22, loss 0.0328, mae 0.2122, rmse 0.2560, time elapsed(min) 0.02---
2026-10-01 08:29:57,440 - INFO - --- validation at epoch 22, val_loss 0.0315, val_mae 0.2138, val_rmse 0.2509, val_r2 0.2161, val_pearson 0.4920, lr 1.00e-03 ---
2026-10-01 08:29:57,440 - INFO - 
****************************************************************************************************
2026-10-01 08:29:59,082 - INFO - --- training epoch 23, loss 0.0323, mae 0.2113, rmse 0.2543, time elapsed(min) 0.02---
2026-10-01 08:29:59,283 - INFO - --- validation at epoch 23, val_loss 0.0298, val_mae 0.2093, val_rmse 0.2450, val_r2 0.2524, val_pearson 0.5067, lr 1.00e-03 ---
2026-10-01 08:29:59,283 - INFO - 
****************************************************************************************************
2026-10-01 08:30:00,848 - INFO - --- training epoch 24, loss 0.0312, mae 0.2059, rmse 0.2499, time elapsed(min) 0.02---
2026-10-01 08:30:01,055 - INFO - --- validation at epoch 24, val_loss 0.0286, val_mae 0.2044, val_rmse 0.2408, val_r2 0.2776, val_pearson 0.5345, lr 1.00e-03 ---
2026-10-01 08:30:01,055 - INFO - 
****************************************************************************************************
2026-10-01 08:30:02,789 - INFO - --- training epoch 25, loss 0.0309, mae 0.2032, rmse 0.2484, time elapsed(min) 0.02---
2026-10-01 08:30:03,189 - INFO - --- validation at epoch 25, val_loss 0.0279, val_mae 0.2010, val_rmse 0.2386, val_r2 0.2906, val_pearson 0.5404, lr 1.00e-03 ---
2026-10-01 08:30:03,189 - INFO - 
****************************************************************************************************
2026-10-01 08:30:04,970 - INFO - --- training epoch 26, loss 0.0299, mae 0.1992, rmse 0.2444, time elapsed(min) 0.02---
2026-10-01 08:30:05,206 - INFO - --- validation at epoch 26, val_loss 0.0265, val_mae 0.1983, val_rmse 0.2366, val_r2 0.3027, val_pearson 0.5543, lr 1.00e-03 ---
2026-10-01 08:30:05,206 - INFO - 
****************************************************************************************************
2026-10-01 08:30:06,917 - INFO - --- training epoch 27, loss 0.0278, mae 0.1912, rmse 0.2359, time elapsed(min) 0.02---
2026-10-01 08:30:07,137 - INFO - --- validation at epoch 27, val_loss 0.0245, val_mae 0.1779, val_rmse 0.2161, val_r2 0.4184, val_pearson 0.6770, lr 1.00e-03 ---
2026-10-01 08:30:07,137 - INFO - 
****************************************************************************************************
2026-10-01 08:30:08,912 - INFO - --- training epoch 28, loss 0.0237, mae 0.1737, rmse 0.2175, time elapsed(min) 0.02---
2026-10-01 08:30:09,304 - INFO - --- validation at epoch 28, val_loss 0.0226, val_mae 0.1747, val_rmse 0.2089, val_r2 0.4562, val_pearson 0.6863, lr 1.00e-03 ---
2026-10-01 08:30:09,304 - INFO - 
****************************************************************************************************
2026-10-01 08:30:11,117 - INFO - --- training epoch 29, loss 0.0210, mae 0.1623, rmse 0.2049, time elapsed(min) 0.02---
2026-10-01 08:30:11,325 - INFO - --- validation at epoch 29, val_loss 0.0219, val_mae 0.1696, val_rmse 0.2084, val_r2 0.4589, val_pearson 0.6956, lr 1.00e-03 ---
2026-10-01 08:30:11,325 - INFO - 
****************************************************************************************************
2026-10-01 08:30:13,061 - INFO - --- training epoch 30, loss 0.0218, mae 0.1660, rmse 0.2086, time elapsed(min) 0.02---
2026-10-01 08:30:13,286 - INFO - --- validation at epoch 30, val_loss 0.0203, val_mae 0.1655, val_rmse 0.2012, val_r2 0.4956, val_pearson 0.7210, lr 1.00e-03 ---
2026-10-01 08:30:13,286 - INFO - 
****************************************************************************************************
2026-10-01 08:30:14,958 - INFO - --- training epoch 31, loss 0.0207, mae 0.1606, rmse 0.2034, time elapsed(min) 0.02---
2026-10-01 08:30:15,294 - INFO - --- validation at epoch 31, val_loss 0.0188, val_mae 0.1590, val_rmse 0.1954, val_r2 0.5244, val_pearson 0.7432, lr 1.00e-03 ---
2026-10-01 08:30:15,294 - INFO - 
****************************************************************************************************
2026-10-01 08:30:17,156 - INFO - --- training epoch 32, loss 0.0197, mae 0.1560, rmse 0.1987, time elapsed(min) 0.02---
2026-10-01 08:30:17,361 - INFO - --- validation at epoch 32, val_loss 0.0188, val_mae 0.1577, val_rmse 0.1945, val_r2 0.5290, val_pearson 0.7323, lr 1.00e-03 ---
2026-10-01 08:30:17,361 - INFO - 
****************************************************************************************************
2026-10-01 08:30:19,075 - INFO - --- training epoch 33, loss 0.0196, mae 0.1559, rmse 0.1981, time elapsed(min) 0.02---
2026-10-01 08:30:19,279 - INFO - --- validation at epoch 33, val_loss 0.0190, val_mae 0.1555, val_rmse 0.1962, val_r2 0.5206, val_pearson 0.7356, lr 1.00e-03 ---
2026-10-01 08:30:19,279 - INFO - 
****************************************************************************************************
2026-10-01 08:30:20,899 - INFO - --- training epoch 34, loss 0.0204, mae 0.1596, rmse 0.2020, time elapsed(min) 0.02---
2026-10-01 08:30:21,229 - INFO - --- validation at epoch 34, val_loss 0.0181, val_mae 0.1519, val_rmse 0.1916, val_r2 0.5426, val_pearson 0.7510, lr 1.00e-03 ---
2026-10-01 08:30:21,229 - INFO - 
****************************************************************************************************
2026-10-01 08:30:23,089 - INFO - --- training epoch 35, loss 0.0184, mae 0.1504, rmse 0.1919, time elapsed(min) 0.02---
2026-10-01 08:30:23,294 - INFO - --- validation at epoch 35, val_loss 0.0196, val_mae 0.1543, val_rmse 0.1968, val_r2 0.5177, val_pearson 0.7361, lr 1.00e-03 ---
2026-10-01 08:30:23,294 - INFO - 
****************************************************************************************************
2026-10-01 08:30:24,895 - INFO - --- training epoch 36, loss 0.0192, mae 0.1538, rmse 0.1961, time elapsed(min) 0.02---
2026-10-01 08:30:25,120 - INFO - --- validation at epoch 36, val_loss 0.0158, val_mae 0.1497, val_rmse 0.1835, val_r2 0.5804, val_pearson 0.7669, lr 1.00e-03 ---
2026-10-01 08:30:25,121 - INFO - 
****************************************************************************************************
2026-10-01 08:30:26,855 - INFO - --- training epoch 37, loss 0.0182, mae 0.1490, rmse 0.1906, time elapsed(min) 0.02---
2026-10-01 08:30:27,184 - INFO - --- validation at epoch 37, val_loss 0.0172, val_mae 0.1495, val_rmse 0.1874, val_r2 0.5626, val_pearson 0.7605, lr 1.00e-03 ---
2026-10-01 08:30:27,184 - INFO - 
****************************************************************************************************
2026-10-01 08:30:28,939 - INFO - --- training epoch 38, loss 0.0188, mae 0.1523, rmse 0.1939, time elapsed(min) 0.02---
2026-10-01 08:30:29,425 - INFO - --- validation at epoch 38, val_loss 0.0157, val_mae 0.1486, val_rmse 0.1827, val_r2 0.5843, val_pearson 0.7689, lr 1.00e-03 ---
2026-10-01 08:30:29,425 - INFO - 
****************************************************************************************************
2026-10-01 08:30:31,211 - INFO - --- training epoch 39, loss 0.0178, mae 0.1471, rmse 0.1886, time elapsed(min) 0.02---
2026-10-01 08:30:31,417 - INFO - --- validation at epoch 39, val_loss 0.0173, val_mae 0.1505, val_rmse 0.1895, val_r2 0.5526, val_pearson 0.7511, lr 1.00e-03 ---
2026-10-01 08:30:31,418 - INFO - 
****************************************************************************************************
2026-10-01 08:30:33,090 - INFO - --- training epoch 40, loss 0.0177, mae 0.1467, rmse 0.1883, time elapsed(min) 0.02---
2026-10-01 08:30:33,294 - INFO - --- validation at epoch 40, val_loss 0.0170, val_mae 0.1465, val_rmse 0.1883, val_r2 0.5582, val_pearson 0.7686, lr 1.00e-03 ---
2026-10-01 08:30:33,294 - INFO - 
****************************************************************************************************
2026-10-01 08:30:34,952 - INFO - --- training epoch 41, loss 0.0180, mae 0.1484, rmse 0.1896, time elapsed(min) 0.02---
2026-10-01 08:30:35,332 - INFO - --- validation at epoch 41, val_loss 0.0173, val_mae 0.1488, val_rmse 0.1885, val_r2 0.5573, val_pearson 0.7708, lr 1.00e-03 ---
2026-10-01 08:30:35,332 - INFO - 
****************************************************************************************************
2026-10-01 08:30:37,019 - INFO - --- training epoch 42, loss 0.0175, mae 0.1450, rmse 0.1872, time elapsed(min) 0.02---
2026-10-01 08:30:37,225 - INFO - --- validation at epoch 42, val_loss 0.0167, val_mae 0.1483, val_rmse 0.1865, val_r2 0.5669, val_pearson 0.7638, lr 1.00e-03 ---
2026-10-01 08:30:37,225 - INFO - 
****************************************************************************************************
2026-10-01 08:30:38,829 - INFO - --- training epoch 43, loss 0.0174, mae 0.1453, rmse 0.1867, time elapsed(min) 0.02---
2026-10-01 08:30:39,032 - INFO - --- validation at epoch 43, val_loss 0.0145, val_mae 0.1405, val_rmse 0.1755, val_r2 0.6164, val_pearson 0.7864, lr 1.00e-03 ---
2026-10-01 08:30:39,032 - INFO - 
****************************************************************************************************
2026-10-01 08:30:40,803 - INFO - --- training epoch 44, loss 0.0165, mae 0.1407, rmse 0.1817, time elapsed(min) 0.02---
2026-10-01 08:30:41,138 - INFO - --- validation at epoch 44, val_loss 0.0168, val_mae 0.1493, val_rmse 0.1860, val_r2 0.5689, val_pearson 0.7694, lr 1.00e-03 ---
2026-10-01 08:30:41,138 - INFO - 
****************************************************************************************************
2026-10-01 08:30:42,983 - INFO - --- training epoch 45, loss 0.0173, mae 0.1447, rmse 0.1860, time elapsed(min) 0.03---
2026-10-01 08:30:43,203 - INFO - --- validation at epoch 45, val_loss 0.0175, val_mae 0.1555, val_rmse 0.1907, val_r2 0.5472, val_pearson 0.7481, lr 1.00e-03 ---
2026-10-01 08:30:43,203 - INFO - 
****************************************************************************************************
2026-10-01 08:30:44,793 - INFO - --- training epoch 46, loss 0.0175, mae 0.1460, rmse 0.1872, time elapsed(min) 0.02---
2026-10-01 08:30:45,049 - INFO - --- validation at epoch 46, val_loss 0.0162, val_mae 0.1414, val_rmse 0.1833, val_r2 0.5813, val_pearson 0.7767, lr 1.00e-03 ---
2026-10-01 08:30:45,049 - INFO - 
****************************************************************************************************
2026-10-01 08:30:46,695 - INFO - --- training epoch 47, loss 0.0175, mae 0.1456, rmse 0.1873, time elapsed(min) 0.02---
2026-10-01 08:30:47,026 - INFO - --- validation at epoch 47, val_loss 0.0148, val_mae 0.1446, val_rmse 0.1768, val_r2 0.6106, val_pearson 0.7916, lr 1.00e-03 ---
2026-10-01 08:30:47,026 - INFO - 
****************************************************************************************************
2026-10-01 08:30:48,807 - INFO - --- training epoch 48, loss 0.0173, mae 0.1454, rmse 0.1861, time elapsed(min) 0.02---
2026-10-01 08:30:49,008 - INFO - --- validation at epoch 48, val_loss 0.0146, val_mae 0.1352, val_rmse 0.1747, val_r2 0.6200, val_pearson 0.7885, lr 1.00e-03 ---
2026-10-01 08:30:49,008 - INFO - 
****************************************************************************************************
2026-10-01 08:30:50,677 - INFO - --- training epoch 49, loss 0.0164, mae 0.1412, rmse 0.1813, time elapsed(min) 0.02---
2026-10-01 08:30:50,884 - INFO - --- validation at epoch 49, val_loss 0.0140, val_mae 0.1361, val_rmse 0.1741, val_r2 0.6225, val_pearson 0.7890, lr 1.00e-03 ---
2026-10-01 08:30:50,884 - INFO - 
****************************************************************************************************
2026-10-01 08:30:52,613 - INFO - --- training epoch 50, loss 0.0164, mae 0.1406, rmse 0.1813, time elapsed(min) 0.02---
2026-10-01 08:30:52,936 - INFO - --- validation at epoch 50, val_loss 0.0137, val_mae 0.1335, val_rmse 0.1688, val_r2 0.6452, val_pearson 0.8038, lr 1.00e-03 ---
2026-10-01 08:30:52,936 - INFO - 
****************************************************************************************************
2026-10-01 08:30:54,810 - INFO - --- training epoch 51, loss 0.0158, mae 0.1376, rmse 0.1777, time elapsed(min) 0.03---
2026-10-01 08:30:55,012 - INFO - --- validation at epoch 51, val_loss 0.0141, val_mae 0.1394, val_rmse 0.1734, val_r2 0.6255, val_pearson 0.7976, lr 1.00e-03 ---
2026-10-01 08:30:55,012 - INFO - 
****************************************************************************************************
2026-10-01 08:30:56,594 - INFO - --- training epoch 52, loss 0.0160, mae 0.1379, rmse 0.1787, time elapsed(min) 0.02---
2026-10-01 08:30:56,798 - INFO - --- validation at epoch 52, val_loss 0.0134, val_mae 0.1375, val_rmse 0.1689, val_r2 0.6448, val_pearson 0.8069, lr 1.00e-03 ---
2026-10-01 08:30:56,798 - INFO - 
****************************************************************************************************
2026-10-01 08:30:58,445 - INFO - --- training epoch 53, loss 0.0161, mae 0.1389, rmse 0.1797, time elapsed(min) 0.02---
2026-10-01 08:30:58,775 - INFO - --- validation at epoch 53, val_loss 0.0136, val_mae 0.1368, val_rmse 0.1685, val_r2 0.6462, val_pearson 0.8116, lr 1.00e-03 ---
2026-10-01 08:30:58,775 - INFO - 
****************************************************************************************************
2026-10-01 08:31:00,444 - INFO - --- training epoch 54, loss 0.0160, mae 0.1379, rmse 0.1789, time elapsed(min) 0.02---
2026-10-01 08:31:00,973 - INFO - --- validation at epoch 54, val_loss 0.0176, val_mae 0.1519, val_rmse 0.1900, val_r2 0.5501, val_pearson 0.7887, lr 1.00e-03 ---
2026-10-01 08:31:00,973 - INFO - 
****************************************************************************************************
2026-10-01 08:31:02,565 - INFO - --- training epoch 55, loss 0.0166, mae 0.1408, rmse 0.1821, time elapsed(min) 0.02---
2026-10-01 08:31:02,776 - INFO - --- validation at epoch 55, val_loss 0.0135, val_mae 0.1350, val_rmse 0.1694, val_r2 0.6425, val_pearson 0.8039, lr 1.00e-03 ---
2026-10-01 08:31:02,776 - INFO - 
****************************************************************************************************
2026-10-01 08:31:04,342 - INFO - --- training epoch 56, loss 0.0154, mae 0.1357, rmse 0.1755, time elapsed(min) 0.02---
2026-10-01 08:31:04,547 - INFO - --- validation at epoch 56, val_loss 0.0136, val_mae 0.1345, val_rmse 0.1664, val_r2 0.6551, val_pearson 0.8129, lr 1.00e-03 ---
2026-10-01 08:31:04,547 - INFO - 
****************************************************************************************************
2026-10-01 08:31:06,182 - INFO - --- training epoch 57, loss 0.0154, mae 0.1353, rmse 0.1757, time elapsed(min) 0.02---
2026-10-01 08:31:06,569 - INFO - --- validation at epoch 57, val_loss 0.0140, val_mae 0.1362, val_rmse 0.1709, val_r2 0.6361, val_pearson 0.7978, lr 1.00e-03 ---
2026-10-01 08:31:06,569 - INFO - 
****************************************************************************************************
2026-10-01 08:31:08,387 - INFO - --- training epoch 58, loss 0.0155, mae 0.1354, rmse 0.1760, time elapsed(min) 0.02---
2026-10-01 08:31:08,600 - INFO - --- validation at epoch 58, val_loss 0.0131, val_mae 0.1289, val_rmse 0.1660, val_r2 0.6566, val_pearson 0.8117, lr 1.00e-03 ---
2026-10-01 08:31:08,600 - INFO - 
****************************************************************************************************
2026-10-01 08:31:10,231 - INFO - --- training epoch 59, loss 0.0153, mae 0.1342, rmse 0.1746, time elapsed(min) 0.02---
2026-10-01 08:31:10,438 - INFO - --- validation at epoch 59, val_loss 0.0134, val_mae 0.1302, val_rmse 0.1666, val_r2 0.6542, val_pearson 0.8089, lr 1.00e-03 ---
2026-10-01 08:31:10,438 - INFO - 
****************************************************************************************************
2026-10-01 08:31:11,998 - INFO - --- training epoch 60, loss 0.0149, mae 0.1328, rmse 0.1727, time elapsed(min) 0.02---
2026-10-01 08:31:12,334 - INFO - --- validation at epoch 60, val_loss 0.0145, val_mae 0.1365, val_rmse 0.1723, val_r2 0.6302, val_pearson 0.8202, lr 1.00e-03 ---
2026-10-01 08:31:12,334 - INFO - 
****************************************************************************************************
2026-10-01 08:31:14,094 - INFO - --- training epoch 61, loss 0.0150, mae 0.1331, rmse 0.1732, time elapsed(min) 0.02---
2026-10-01 08:31:14,298 - INFO - --- validation at epoch 61, val_loss 0.0123, val_mae 0.1211, val_rmse 0.1583, val_r2 0.6878, val_pearson 0.8372, lr 1.00e-03 ---
2026-10-01 08:31:14,298 - INFO - 
****************************************************************************************************
2026-10-01 08:31:15,931 - INFO - --- training epoch 62, loss 0.0145, mae 0.1292, rmse 0.1703, time elapsed(min) 0.02---
2026-10-01 08:31:16,138 - INFO - --- validation at epoch 62, val_loss 0.0154, val_mae 0.1334, val_rmse 0.1748, val_r2 0.6194, val_pearson 0.8179, lr 1.00e-03 ---
2026-10-01 08:31:16,138 - INFO - 
****************************************************************************************************
2026-10-01 08:31:17,699 - INFO - --- training epoch 63, loss 0.0151, mae 0.1328, rmse 0.1737, time elapsed(min) 0.02---
2026-10-01 08:31:17,922 - INFO - --- validation at epoch 63, val_loss 0.0117, val_mae 0.1191, val_rmse 0.1548, val_r2 0.7014, val_pearson 0.8396, lr 1.00e-03 ---
2026-10-01 08:31:17,922 - INFO - 
****************************************************************************************************
2026-10-01 08:31:19,698 - INFO - --- training epoch 64, loss 0.0137, mae 0.1253, rmse 0.1656, time elapsed(min) 0.02---
2026-10-01 08:31:20,073 - INFO - --- validation at epoch 64, val_loss 0.0122, val_mae 0.1184, val_rmse 0.1505, val_r2 0.7179, val_pearson 0.8533, lr 1.00e-03 ---
2026-10-01 08:31:20,073 - INFO - 
****************************************************************************************************
2026-10-01 08:31:21,731 - INFO - --- training epoch 65, loss 0.0135, mae 0.1245, rmse 0.1646, time elapsed(min) 0.02---
2026-10-01 08:31:21,972 - INFO - --- validation at epoch 65, val_loss 0.0117, val_mae 0.1202, val_rmse 0.1510, val_r2 0.7161, val_pearson 0.8512, lr 1.00e-03 ---
2026-10-01 08:31:21,972 - INFO - 
****************************************************************************************************
2026-10-01 08:31:23,669 - INFO - --- training epoch 66, loss 0.0132, mae 0.1228, rmse 0.1627, time elapsed(min) 0.02---
2026-10-01 08:31:23,873 - INFO - --- validation at epoch 66, val_loss 0.0116, val_mae 0.1168, val_rmse 0.1514, val_r2 0.7143, val_pearson 0.8478, lr 1.00e-03 ---
2026-10-01 08:31:23,873 - INFO - 
****************************************************************************************************
2026-10-01 08:31:25,594 - INFO - --- training epoch 67, loss 0.0128, mae 0.1206, rmse 0.1597, time elapsed(min) 0.02---
2026-10-01 08:31:26,000 - INFO - --- validation at epoch 67, val_loss 0.0114, val_mae 0.1140, val_rmse 0.1482, val_r2 0.7262, val_pearson 0.8541, lr 1.00e-03 ---
2026-10-01 08:31:26,000 - INFO - 
****************************************************************************************************
2026-10-01 08:31:27,862 - INFO - --- training epoch 68, loss 0.0127, mae 0.1203, rmse 0.1593, time elapsed(min) 0.02---
2026-10-01 08:31:28,109 - INFO - --- validation at epoch 68, val_loss 0.0110, val_mae 0.1139, val_rmse 0.1499, val_r2 0.7202, val_pearson 0.8493, lr 1.00e-03 ---
2026-10-01 08:31:28,109 - INFO - 
****************************************************************************************************
2026-10-01 08:31:29,780 - INFO - --- training epoch 69, loss 0.0126, mae 0.1205, rmse 0.1589, time elapsed(min) 0.02---
2026-10-01 08:31:29,980 - INFO - --- validation at epoch 69, val_loss 0.0124, val_mae 0.1173, val_rmse 0.1576, val_r2 0.6906, val_pearson 0.8362, lr 1.00e-03 ---
2026-10-01 08:31:29,980 - INFO - 
****************************************************************************************************
2026-10-01 08:31:31,546 - INFO - --- training epoch 70, loss 0.0129, mae 0.1210, rmse 0.1604, time elapsed(min) 0.02---
2026-10-01 08:31:31,880 - INFO - --- validation at epoch 70, val_loss 0.0109, val_mae 0.1120, val_rmse 0.1505, val_r2 0.7177, val_pearson 0.8480, lr 1.00e-03 ---
2026-10-01 08:31:31,880 - INFO - 
****************************************************************************************************
2026-10-01 08:31:33,789 - INFO - --- training epoch 71, loss 0.0134, mae 0.1245, rmse 0.1640, time elapsed(min) 0.03---
2026-10-01 08:31:34,000 - INFO - --- validation at epoch 71, val_loss 0.0122, val_mae 0.1186, val_rmse 0.1543, val_r2 0.7036, val_pearson 0.8400, lr 1.00e-03 ---
2026-10-01 08:31:34,000 - INFO - 
****************************************************************************************************
2026-10-01 08:31:35,548 - INFO - --- training epoch 72, loss 0.0135, mae 0.1242, rmse 0.1641, time elapsed(min) 0.02---
2026-10-01 08:31:35,753 - INFO - --- validation at epoch 72, val_loss 0.0120, val_mae 0.1236, val_rmse 0.1575, val_r2 0.6911, val_pearson 0.8348, lr 1.00e-03 ---
2026-10-01 08:31:35,754 - INFO - 
****************************************************************************************************
2026-10-01 08:31:37,370 - INFO - --- training epoch 73, loss 0.0127, mae 0.1209, rmse 0.1596, time elapsed(min) 0.02---
2026-10-01 08:31:37,711 - INFO - --- validation at epoch 73, val_loss 0.0111, val_mae 0.1120, val_rmse 0.1493, val_r2 0.7223, val_pearson 0.8513, lr 1.00e-03 ---
2026-10-01 08:31:37,711 - INFO - 
****************************************************************************************************
2026-10-01 08:31:39,418 - INFO - --- training epoch 74, loss 0.0126, mae 0.1200, rmse 0.1589, time elapsed(min) 0.02---
2026-10-01 08:31:39,773 - INFO - --- validation at epoch 74, val_loss 0.0110, val_mae 0.1119, val_rmse 0.1486, val_r2 0.7248, val_pearson 0.8535, lr 1.00e-03 ---
2026-10-01 08:31:39,773 - INFO - 
****************************************************************************************************
2026-10-01 08:31:41,418 - INFO - --- training epoch 75, loss 0.0125, mae 0.1188, rmse 0.1584, time elapsed(min) 0.02---
2026-10-01 08:31:41,626 - INFO - --- validation at epoch 75, val_loss 0.0113, val_mae 0.1149, val_rmse 0.1498, val_r2 0.7205, val_pearson 0.8500, lr 1.00e-03 ---
2026-10-01 08:31:41,626 - INFO - 
****************************************************************************************************
2026-10-01 08:31:43,167 - INFO - --- training epoch 76, loss 0.0124, mae 0.1181, rmse 0.1576, time elapsed(min) 0.02---
2026-10-01 08:31:43,374 - INFO - --- validation at epoch 76, val_loss 0.0113, val_mae 0.1163, val_rmse 0.1530, val_r2 0.7084, val_pearson 0.8423, lr 1.00e-03 ---
2026-10-01 08:31:43,374 - INFO - 
****************************************************************************************************
2026-10-01 08:31:44,993 - INFO - --- training epoch 77, loss 0.0123, mae 0.1177, rmse 0.1569, time elapsed(min) 0.02---
2026-10-01 08:31:45,369 - INFO - --- validation at epoch 77, val_loss 0.0124, val_mae 0.1192, val_rmse 0.1580, val_r2 0.6891, val_pearson 0.8346, lr 1.00e-03 ---
2026-10-01 08:31:45,369 - INFO - 
****************************************************************************************************
2026-10-01 08:31:47,021 - INFO - --- training epoch 78, loss 0.0122, mae 0.1175, rmse 0.1565, time elapsed(min) 0.02---
2026-10-01 08:31:47,231 - INFO - --- validation at epoch 78, val_loss 0.0116, val_mae 0.1110, val_rmse 0.1492, val_r2 0.7228, val_pearson 0.8568, lr 1.00e-03 ---
2026-10-01 08:31:47,231 - INFO - 
****************************************************************************************************
2026-10-01 08:31:48,773 - INFO - --- training epoch 79, loss 0.0123, mae 0.1181, rmse 0.1570, time elapsed(min) 0.02---
2026-10-01 08:31:49,002 - INFO - --- validation at epoch 79, val_loss 0.0108, val_mae 0.1120, val_rmse 0.1477, val_r2 0.7282, val_pearson 0.8566, lr 1.00e-03 ---
2026-10-01 08:31:49,002 - INFO - 
****************************************************************************************************
2026-10-01 08:31:50,644 - INFO - --- training epoch 80, loss 0.0123, mae 0.1177, rmse 0.1567, time elapsed(min) 0.02---
2026-10-01 08:31:50,978 - INFO - --- validation at epoch 80, val_loss 0.0116, val_mae 0.1153, val_rmse 0.1528, val_r2 0.7091, val_pearson 0.8427, lr 1.00e-03 ---
2026-10-01 08:31:50,978 - INFO - 
****************************************************************************************************
2026-10-01 08:31:52,660 - INFO - --- training epoch 81, loss 0.0121, mae 0.1167, rmse 0.1555, time elapsed(min) 0.02---
2026-10-01 08:31:53,042 - INFO - --- validation at epoch 81, val_loss 0.0115, val_mae 0.1144, val_rmse 0.1519, val_r2 0.7124, val_pearson 0.8447, lr 1.00e-03 ---
2026-10-01 08:31:53,042 - INFO - 
****************************************************************************************************
2026-10-01 08:31:54,723 - INFO - --- training epoch 82, loss 0.0127, mae 0.1191, rmse 0.1591, time elapsed(min) 0.02---
2026-10-01 08:31:54,923 - INFO - --- validation at epoch 82, val_loss 0.0121, val_mae 0.1160, val_rmse 0.1511, val_r2 0.7156, val_pearson 0.8465, lr 1.00e-03 ---
2026-10-01 08:31:54,923 - INFO - 
****************************************************************************************************
2026-10-01 08:31:56,509 - INFO - --- training epoch 83, loss 0.0121, mae 0.1164, rmse 0.1555, time elapsed(min) 0.02---
2026-10-01 08:31:56,714 - INFO - --- validation at epoch 83, val_loss 0.0112, val_mae 0.1137, val_rmse 0.1485, val_r2 0.7254, val_pearson 0.8532, lr 1.00e-03 ---
2026-10-01 08:31:56,714 - INFO - 
****************************************************************************************************
2026-10-01 08:31:58,361 - INFO - --- training epoch 84, loss 0.0123, mae 0.1171, rmse 0.1565, time elapsed(min) 0.02---
2026-10-01 08:31:58,739 - INFO - --- validation at epoch 84, val_loss 0.0109, val_mae 0.1119, val_rmse 0.1486, val_r2 0.7249, val_pearson 0.8516, lr 1.00e-03 ---
2026-10-01 08:31:58,739 - INFO - 
****************************************************************************************************
2026-10-01 08:32:00,584 - INFO - --- training epoch 85, loss 0.0119, mae 0.1154, rmse 0.1541, time elapsed(min) 0.03---
2026-10-01 08:32:00,808 - INFO - --- validation at epoch 85, val_loss 0.0114, val_mae 0.1107, val_rmse 0.1497, val_r2 0.7207, val_pearson 0.8498, lr 1.00e-03 ---
2026-10-01 08:32:00,809 - INFO - 
****************************************************************************************************
2026-10-01 08:32:02,373 - INFO - --- training epoch 86, loss 0.0118, mae 0.1157, rmse 0.1535, time elapsed(min) 0.02---
2026-10-01 08:32:02,574 - INFO - --- validation at epoch 86, val_loss 0.0110, val_mae 0.1147, val_rmse 0.1504, val_r2 0.7182, val_pearson 0.8483, lr 1.00e-03 ---
2026-10-01 08:32:02,574 - INFO - 
****************************************************************************************************
2026-10-01 08:32:04,123 - INFO - --- training epoch 87, loss 0.0121, mae 0.1167, rmse 0.1553, time elapsed(min) 0.02---
2026-10-01 08:32:04,454 - INFO - --- validation at epoch 87, val_loss 0.0102, val_mae 0.1100, val_rmse 0.1472, val_r2 0.7302, val_pearson 0.8546, lr 1.00e-03 ---
2026-10-01 08:32:04,454 - INFO - 
****************************************************************************************************
2026-10-01 08:32:06,374 - INFO - --- training epoch 88, loss 0.0119, mae 0.1157, rmse 0.1541, time elapsed(min) 0.03---
2026-10-01 08:32:06,593 - INFO - --- validation at epoch 88, val_loss 0.0110, val_mae 0.1089, val_rmse 0.1433, val_r2 0.7444, val_pearson 0.8647, lr 1.00e-03 ---
2026-10-01 08:32:06,593 - INFO - 
****************************************************************************************************
2026-10-01 08:32:08,147 - INFO - --- training epoch 89, loss 0.0117, mae 0.1140, rmse 0.1527, time elapsed(min) 0.02---
2026-10-01 08:32:08,352 - INFO - --- validation at epoch 89, val_loss 0.0103, val_mae 0.1095, val_rmse 0.1462, val_r2 0.7339, val_pearson 0.8575, lr 1.00e-03 ---
2026-10-01 08:32:08,352 - INFO - 
****************************************************************************************************
2026-10-01 08:32:09,928 - INFO - --- training epoch 90, loss 0.0118, mae 0.1161, rmse 0.1537, time elapsed(min) 0.02---
2026-10-01 08:32:10,133 - INFO - --- validation at epoch 90, val_loss 0.0106, val_mae 0.1103, val_rmse 0.1446, val_r2 0.7394, val_pearson 0.8618, lr 1.00e-03 ---
2026-10-01 08:32:10,133 - INFO - 
****************************************************************************************************
2026-10-01 08:32:11,765 - INFO - --- training epoch 91, loss 0.0116, mae 0.1143, rmse 0.1523, time elapsed(min) 0.02---
2026-10-01 08:32:12,187 - INFO - --- validation at epoch 91, val_loss 0.0109, val_mae 0.1123, val_rmse 0.1462, val_r2 0.7336, val_pearson 0.8585, lr 1.00e-03 ---
2026-10-01 08:32:12,187 - INFO - 
****************************************************************************************************
2026-10-01 08:32:13,828 - INFO - --- training epoch 92, loss 0.0113, mae 0.1129, rmse 0.1503, time elapsed(min) 0.02---
2026-10-01 08:32:14,033 - INFO - --- validation at epoch 92, val_loss 0.0103, val_mae 0.1090, val_rmse 0.1450, val_r2 0.7380, val_pearson 0.8592, lr 1.00e-03 ---
2026-10-01 08:32:14,033 - INFO - 
****************************************************************************************************
2026-10-01 08:32:15,587 - INFO - --- training epoch 93, loss 0.0114, mae 0.1136, rmse 0.1512, time elapsed(min) 0.02---
2026-10-01 08:32:15,795 - INFO - --- validation at epoch 93, val_loss 0.0107, val_mae 0.1124, val_rmse 0.1466, val_r2 0.7323, val_pearson 0.8597, lr 1.00e-03 ---
2026-10-01 08:32:15,795 - INFO - 
****************************************************************************************************
2026-10-01 08:32:17,406 - INFO - --- training epoch 94, loss 0.0119, mae 0.1150, rmse 0.1540, time elapsed(min) 0.02---
2026-10-01 08:32:17,737 - INFO - --- validation at epoch 94, val_loss 0.0114, val_mae 0.1151, val_rmse 0.1510, val_r2 0.7160, val_pearson 0.8464, lr 1.00e-03 ---
2026-10-01 08:32:17,737 - INFO - 
****************************************************************************************************
2026-10-01 08:32:19,400 - INFO - --- training epoch 95, loss 0.0115, mae 0.1146, rmse 0.1515, time elapsed(min) 0.02---
2026-10-01 08:32:19,796 - INFO - --- validation at epoch 95, val_loss 0.0095, val_mae 0.1058, val_rmse 0.1383, val_r2 0.7619, val_pearson 0.8732, lr 1.00e-03 ---
2026-10-01 08:32:19,796 - INFO - 
****************************************************************************************************
2026-10-01 08:32:21,681 - INFO - --- training epoch 96, loss 0.0121, mae 0.1164, rmse 0.1554, time elapsed(min) 0.02---
2026-10-01 08:32:21,886 - INFO - --- validation at epoch 96, val_loss 0.0106, val_mae 0.1112, val_rmse 0.1466, val_r2 0.7323, val_pearson 0.8568, lr 1.00e-03 ---
2026-10-01 08:32:21,886 - INFO - 
****************************************************************************************************
2026-10-01 08:32:23,432 - INFO - --- training epoch 97, loss 0.0113, mae 0.1122, rmse 0.1502, time elapsed(min) 0.02---
2026-10-01 08:32:23,634 - INFO - --- validation at epoch 97, val_loss 0.0094, val_mae 0.1041, val_rmse 0.1369, val_r2 0.7665, val_pearson 0.8769, lr 1.00e-03 ---
2026-10-01 08:32:23,634 - INFO - 
****************************************************************************************************
2026-10-01 08:32:25,350 - INFO - --- training epoch 98, loss 0.0115, mae 0.1143, rmse 0.1516, time elapsed(min) 0.02---
2026-10-01 08:32:25,679 - INFO - --- validation at epoch 98, val_loss 0.0106, val_mae 0.1111, val_rmse 0.1455, val_r2 0.7363, val_pearson 0.8587, lr 1.00e-03 ---
2026-10-01 08:32:25,679 - INFO - 
****************************************************************************************************
2026-10-01 08:32:27,452 - INFO - --- training epoch 99, loss 0.0118, mae 0.1151, rmse 0.1539, time elapsed(min) 0.02---
2026-10-01 08:32:27,658 - INFO - --- validation at epoch 99, val_loss 0.0107, val_mae 0.1120, val_rmse 0.1480, val_r2 0.7273, val_pearson 0.8556, lr 1.00e-03 ---
2026-10-01 08:32:27,658 - INFO - 
****************************************************************************************************
2026-10-01 08:32:29,189 - INFO - --- training epoch 100, loss 0.0115, mae 0.1137, rmse 0.1515, time elapsed(min) 0.02---
2026-10-01 08:32:29,409 - INFO - --- validation at epoch 100, val_loss 0.0108, val_mae 0.1096, val_rmse 0.1448, val_r2 0.7389, val_pearson 0.8619, lr 1.00e-03 ---
2026-10-01 08:32:29,409 - INFO - 
****************************************************************************************************
2026-10-01 08:32:31,049 - INFO - --- training epoch 101, loss 0.0117, mae 0.1144, rmse 0.1530, time elapsed(min) 0.02---
2026-10-01 08:32:31,383 - INFO - --- validation at epoch 101, val_loss 0.0109, val_mae 0.1145, val_rmse 0.1495, val_r2 0.7214, val_pearson 0.8496, lr 1.00e-03 ---
2026-10-01 08:32:31,383 - INFO - 
****************************************************************************************************
2026-10-01 08:32:33,174 - INFO - --- training epoch 102, loss 0.0117, mae 0.1152, rmse 0.1528, time elapsed(min) 0.03---
2026-10-01 08:32:33,383 - INFO - --- validation at epoch 102, val_loss 0.0120, val_mae 0.1200, val_rmse 0.1571, val_r2 0.6927, val_pearson 0.8423, lr 1.00e-03 ---
2026-10-01 08:32:33,383 - INFO - 
****************************************************************************************************
2026-10-01 08:32:35,056 - INFO - --- training epoch 103, loss 0.0120, mae 0.1167, rmse 0.1548, time elapsed(min) 0.02---
2026-10-01 08:32:35,284 - INFO - --- validation at epoch 103, val_loss 0.0101, val_mae 0.1046, val_rmse 0.1394, val_r2 0.7580, val_pearson 0.8708, lr 1.00e-03 ---
2026-10-01 08:32:35,284 - INFO - 
****************************************************************************************************
2026-10-01 08:32:36,825 - INFO - --- training epoch 104, loss 0.0115, mae 0.1133, rmse 0.1519, time elapsed(min) 0.02---
2026-10-01 08:32:37,031 - INFO - --- validation at epoch 104, val_loss 0.0092, val_mae 0.1009, val_rmse 0.1345, val_r2 0.7748, val_pearson 0.8803, lr 1.00e-03 ---
2026-10-01 08:32:37,031 - INFO - 
****************************************************************************************************
2026-10-01 08:32:38,834 - INFO - --- training epoch 105, loss 0.0110, mae 0.1105, rmse 0.1481, time elapsed(min) 0.02---
2026-10-01 08:32:39,200 - INFO - --- validation at epoch 105, val_loss 0.0090, val_mae 0.1034, val_rmse 0.1361, val_r2 0.7691, val_pearson 0.8783, lr 1.00e-03 ---
2026-10-01 08:32:39,200 - INFO - 
****************************************************************************************************
2026-10-01 08:32:40,980 - INFO - --- training epoch 106, loss 0.0107, mae 0.1091, rmse 0.1463, time elapsed(min) 0.02---
2026-10-01 08:32:41,183 - INFO - --- validation at epoch 106, val_loss 0.0088, val_mae 0.1015, val_rmse 0.1353, val_r2 0.7721, val_pearson 0.8811, lr 1.00e-03 ---
2026-10-01 08:32:41,183 - INFO - 
****************************************************************************************************
2026-10-01 08:32:42,810 - INFO - --- training epoch 107, loss 0.0114, mae 0.1135, rmse 0.1511, time elapsed(min) 0.02---
2026-10-01 08:32:43,014 - INFO - --- validation at epoch 107, val_loss 0.0099, val_mae 0.1048, val_rmse 0.1409, val_r2 0.7527, val_pearson 0.8753, lr 1.00e-03 ---
2026-10-01 08:32:43,014 - INFO - 
****************************************************************************************************
2026-10-01 08:32:44,666 - INFO - --- training epoch 108, loss 0.0118, mae 0.1155, rmse 0.1539, time elapsed(min) 0.02---
2026-10-01 08:32:45,047 - INFO - --- validation at epoch 108, val_loss 0.0090, val_mae 0.1018, val_rmse 0.1350, val_r2 0.7731, val_pearson 0.8806, lr 1.00e-03 ---
2026-10-01 08:32:45,047 - INFO - 
****************************************************************************************************
2026-10-01 08:32:46,879 - INFO - --- training epoch 109, loss 0.0108, mae 0.1103, rmse 0.1469, time elapsed(min) 0.03---
2026-10-01 08:32:47,084 - INFO - --- validation at epoch 109, val_loss 0.0093, val_mae 0.1050, val_rmse 0.1380, val_r2 0.7626, val_pearson 0.8740, lr 1.00e-03 ---
2026-10-01 08:32:47,084 - INFO - 
****************************************************************************************************
2026-10-01 08:32:48,682 - INFO - --- training epoch 110, loss 0.0112, mae 0.1112, rmse 0.1494, time elapsed(min) 0.02---
2026-10-01 08:32:48,885 - INFO - --- validation at epoch 110, val_loss 0.0097, val_mae 0.1054, val_rmse 0.1405, val_r2 0.7543, val_pearson 0.8686, lr 1.00e-03 ---
2026-10-01 08:32:48,885 - INFO - 
****************************************************************************************************
2026-10-01 08:32:50,428 - INFO - --- training epoch 111, loss 0.0116, mae 0.1137, rmse 0.1522, time elapsed(min) 0.02---
2026-10-01 08:32:50,755 - INFO - --- validation at epoch 111, val_loss 0.0096, val_mae 0.1018, val_rmse 0.1371, val_r2 0.7660, val_pearson 0.8759, lr 1.00e-03 ---
2026-10-01 08:32:50,755 - INFO - 
****************************************************************************************************
2026-10-01 08:32:52,629 - INFO - --- training epoch 112, loss 0.0112, mae 0.1119, rmse 0.1493, time elapsed(min) 0.03---
2026-10-01 08:32:52,833 - INFO - --- validation at epoch 112, val_loss 0.0108, val_mae 0.1101, val_rmse 0.1456, val_r2 0.7361, val_pearson 0.8585, lr 1.00e-03 ---
2026-10-01 08:32:52,833 - INFO - 
****************************************************************************************************
2026-10-01 08:32:54,439 - INFO - --- training epoch 113, loss 0.0118, mae 0.1153, rmse 0.1535, time elapsed(min) 0.02---
2026-10-01 08:32:54,642 - INFO - --- validation at epoch 113, val_loss 0.0104, val_mae 0.1022, val_rmse 0.1385, val_r2 0.7611, val_pearson 0.8745, lr 1.00e-03 ---
2026-10-01 08:32:54,642 - INFO - 
****************************************************************************************************
2026-10-01 08:32:56,276 - INFO - --- training epoch 114, loss 0.0121, mae 0.1166, rmse 0.1557, time elapsed(min) 0.02---
2026-10-01 08:32:56,501 - INFO - --- validation at epoch 114, val_loss 0.0114, val_mae 0.1091, val_rmse 0.1484, val_r2 0.7257, val_pearson 0.8527, lr 1.00e-03 ---
2026-10-01 08:32:56,501 - INFO - 
****************************************************************************************************
2026-10-01 08:32:58,101 - INFO - --- training epoch 115, loss 0.0113, mae 0.1131, rmse 0.1503, time elapsed(min) 0.02---
2026-10-01 08:32:58,498 - INFO - --- validation at epoch 115, val_loss 0.0107, val_mae 0.1121, val_rmse 0.1496, val_r2 0.7212, val_pearson 0.8566, lr 1.00e-03 ---
2026-10-01 08:32:58,498 - INFO - 
****************************************************************************************************
2026-10-01 08:33:00,283 - INFO - --- training epoch 116, loss 0.0109, mae 0.1106, rmse 0.1476, time elapsed(min) 0.02---
2026-10-01 08:33:00,508 - INFO - --- validation at epoch 116, val_loss 0.0090, val_mae 0.1034, val_rmse 0.1360, val_r2 0.7697, val_pearson 0.8811, lr 1.00e-03 ---
2026-10-01 08:33:00,508 - INFO - 
****************************************************************************************************
2026-10-01 08:33:02,068 - INFO - --- training epoch 117, loss 0.0112, mae 0.1122, rmse 0.1495, time elapsed(min) 0.02---
2026-10-01 08:33:02,272 - INFO - --- validation at epoch 117, val_loss 0.0097, val_mae 0.1045, val_rmse 0.1392, val_r2 0.7586, val_pearson 0.8736, lr 1.00e-03 ---
2026-10-01 08:33:02,272 - INFO - 
****************************************************************************************************
2026-10-01 08:33:03,828 - INFO - --- training epoch 118, loss 0.0102, mae 0.1066, rmse 0.1429, time elapsed(min) 0.02---
2026-10-01 08:33:04,162 - INFO - --- validation at epoch 118, val_loss 0.0084, val_mae 0.1000, val_rmse 0.1324, val_r2 0.7816, val_pearson 0.8862, lr 3.00e-04 ---
2026-10-01 08:33:04,162 - INFO - 
****************************************************************************************************
2026-10-01 08:33:06,015 - INFO - --- training epoch 119, loss 0.0099, mae 0.1041, rmse 0.1404, time elapsed(min) 0.02---
2026-10-01 08:33:06,220 - INFO - --- validation at epoch 119, val_loss 0.0083, val_mae 0.1008, val_rmse 0.1334, val_r2 0.7782, val_pearson 0.8892, lr 3.00e-04 ---
2026-10-01 08:33:06,220 - INFO - 
****************************************************************************************************
2026-10-01 08:33:07,904 - INFO - --- training epoch 120, loss 0.0101, mae 0.1058, rmse 0.1422, time elapsed(min) 0.02---
2026-10-01 08:33:08,113 - INFO - --- validation at epoch 120, val_loss 0.0077, val_mae 0.0956, val_rmse 0.1288, val_r2 0.7935, val_pearson 0.8912, lr 3.00e-04 ---
2026-10-01 08:33:08,113 - INFO - 
****************************************************************************************************
2026-10-01 08:33:09,819 - INFO - --- training epoch 121, loss 0.0096, mae 0.1032, rmse 0.1387, time elapsed(min) 0.02---
2026-10-01 08:33:10,022 - INFO - --- validation at epoch 121, val_loss 0.0080, val_mae 0.0973, val_rmse 0.1303, val_r2 0.7885, val_pearson 0.8914, lr 3.00e-04 ---
2026-10-01 08:33:10,022 - INFO - 
****************************************************************************************************
2026-10-01 08:33:11,655 - INFO - --- training epoch 122, loss 0.0097, mae 0.1028, rmse 0.1394, time elapsed(min) 0.02---
2026-10-01 08:33:12,117 - INFO - --- validation at epoch 122, val_loss 0.0081, val_mae 0.0975, val_rmse 0.1298, val_r2 0.7902, val_pearson 0.8920, lr 3.00e-04 ---
2026-10-01 08:33:12,117 - INFO - 
****************************************************************************************************
2026-10-01 08:33:13,892 - INFO - --- training epoch 123, loss 0.0098, mae 0.1045, rmse 0.1403, time elapsed(min) 0.02---
2026-10-01 08:33:14,099 - INFO - --- validation at epoch 123, val_loss 0.0080, val_mae 0.0967, val_rmse 0.1295, val_r2 0.7913, val_pearson 0.8934, lr 3.00e-04 ---
2026-10-01 08:33:14,099 - INFO - 
****************************************************************************************************
2026-10-01 08:33:15,723 - INFO - --- training epoch 124, loss 0.0097, mae 0.1044, rmse 0.1394, time elapsed(min) 0.02---
2026-10-01 08:33:15,926 - INFO - --- validation at epoch 124, val_loss 0.0082, val_mae 0.0972, val_rmse 0.1300, val_r2 0.7895, val_pearson 0.8920, lr 3.00e-04 ---
2026-10-01 08:33:15,926 - INFO - 
****************************************************************************************************
2026-10-01 08:33:17,609 - INFO - --- training epoch 125, loss 0.0098, mae 0.1037, rmse 0.1397, time elapsed(min) 0.02---
2026-10-01 08:33:17,985 - INFO - --- validation at epoch 125, val_loss 0.0080, val_mae 0.0972, val_rmse 0.1300, val_r2 0.7893, val_pearson 0.8921, lr 3.00e-04 ---
2026-10-01 08:33:17,985 - INFO - 
****************************************************************************************************
2026-10-01 08:33:19,659 - INFO - --- training epoch 126, loss 0.0098, mae 0.1042, rmse 0.1398, time elapsed(min) 0.02---
2026-10-01 08:33:19,886 - INFO - --- validation at epoch 126, val_loss 0.0081, val_mae 0.0973, val_rmse 0.1307, val_r2 0.7872, val_pearson 0.8936, lr 3.00e-04 ---
2026-10-01 08:33:19,886 - INFO - 
****************************************************************************************************
2026-10-01 08:33:21,430 - INFO - --- training epoch 127, loss 0.0098, mae 0.1040, rmse 0.1397, time elapsed(min) 0.02---
2026-10-01 08:33:21,634 - INFO - --- validation at epoch 127, val_loss 0.0082, val_mae 0.0987, val_rmse 0.1320, val_r2 0.7828, val_pearson 0.8917, lr 3.00e-04 ---
2026-10-01 08:33:21,634 - INFO - 
****************************************************************************************************
2026-10-01 08:33:23,292 - INFO - --- training epoch 128, loss 0.0098, mae 0.1038, rmse 0.1399, time elapsed(min) 0.02---
2026-10-01 08:33:23,628 - INFO - --- validation at epoch 128, val_loss 0.0079, val_mae 0.0970, val_rmse 0.1296, val_r2 0.7907, val_pearson 0.8915, lr 3.00e-04 ---
2026-10-01 08:33:23,629 - INFO - 
****************************************************************************************************
2026-10-01 08:33:25,406 - INFO - --- training epoch 129, loss 0.0096, mae 0.1030, rmse 0.1386, time elapsed(min) 0.03---
2026-10-01 08:33:25,625 - INFO - --- validation at epoch 129, val_loss 0.0080, val_mae 0.0970, val_rmse 0.1299, val_r2 0.7898, val_pearson 0.8910, lr 3.00e-04 ---
2026-10-01 08:33:25,625 - INFO - 
****************************************************************************************************
2026-10-01 08:33:27,200 - INFO - --- training epoch 130, loss 0.0098, mae 0.1035, rmse 0.1397, time elapsed(min) 0.02---
2026-10-01 08:33:27,451 - INFO - --- validation at epoch 130, val_loss 0.0080, val_mae 0.0947, val_rmse 0.1282, val_r2 0.7953, val_pearson 0.8920, lr 3.00e-04 ---
2026-10-01 08:33:27,451 - INFO - 
****************************************************************************************************
2026-10-01 08:33:29,002 - INFO - --- training epoch 131, loss 0.0098, mae 0.1042, rmse 0.1403, time elapsed(min) 0.02---
2026-10-01 08:33:29,334 - INFO - --- validation at epoch 131, val_loss 0.0090, val_mae 0.1027, val_rmse 0.1358, val_r2 0.7703, val_pearson 0.8906, lr 3.00e-04 ---
2026-10-01 08:33:29,334 - INFO - 
****************************************************************************************************
2026-10-01 08:33:31,213 - INFO - --- training epoch 132, loss 0.0094, mae 0.1019, rmse 0.1372, time elapsed(min) 0.03---
2026-10-01 08:33:31,414 - INFO - --- validation at epoch 132, val_loss 0.0077, val_mae 0.0938, val_rmse 0.1258, val_r2 0.8028, val_pearson 0.8963, lr 9.00e-05 ---
2026-10-01 08:33:31,414 - INFO - 
****************************************************************************************************
2026-10-01 08:33:32,960 - INFO - --- training epoch 133, loss 0.0091, mae 0.1003, rmse 0.1353, time elapsed(min) 0.02---
2026-10-01 08:33:33,166 - INFO - --- validation at epoch 133, val_loss 0.0074, val_mae 0.0927, val_rmse 0.1247, val_r2 0.8064, val_pearson 0.8981, lr 9.00e-05 ---
2026-10-01 08:33:33,166 - INFO - 
****************************************************************************************************
2026-10-01 08:33:34,829 - INFO - --- training epoch 134, loss 0.0092, mae 0.1002, rmse 0.1356, time elapsed(min) 0.02---
2026-10-01 08:33:35,047 - INFO - --- validation at epoch 134, val_loss 0.0075, val_mae 0.0938, val_rmse 0.1251, val_r2 0.8051, val_pearson 0.8986, lr 9.00e-05 ---
2026-10-01 08:33:35,047 - INFO - 
****************************************************************************************************
2026-10-01 08:33:36,718 - INFO - --- training epoch 135, loss 0.0090, mae 0.0998, rmse 0.1343, time elapsed(min) 0.02---
2026-10-01 08:33:37,235 - INFO - --- validation at epoch 135, val_loss 0.0072, val_mae 0.0928, val_rmse 0.1248, val_r2 0.8060, val_pearson 0.8983, lr 9.00e-05 ---
2026-10-01 08:33:37,235 - INFO - 
****************************************************************************************************
2026-10-01 08:33:38,881 - INFO - --- training epoch 136, loss 0.0091, mae 0.1003, rmse 0.1352, time elapsed(min) 0.02---
2026-10-01 08:33:39,089 - INFO - --- validation at epoch 136, val_loss 0.0074, val_mae 0.0923, val_rmse 0.1243, val_r2 0.8074, val_pearson 0.8988, lr 9.00e-05 ---
2026-10-01 08:33:39,090 - INFO - 
****************************************************************************************************
2026-10-01 08:33:40,681 - INFO - --- training epoch 137, loss 0.0091, mae 0.1005, rmse 0.1351, time elapsed(min) 0.02---
2026-10-01 08:33:40,891 - INFO - --- validation at epoch 137, val_loss 0.0074, val_mae 0.0930, val_rmse 0.1251, val_r2 0.8052, val_pearson 0.8980, lr 9.00e-05 ---
2026-10-01 08:33:40,891 - INFO - 
****************************************************************************************************
2026-10-01 08:33:42,436 - INFO - --- training epoch 138, loss 0.0094, mae 0.1016, rmse 0.1371, time elapsed(min) 0.02---
2026-10-01 08:33:42,761 - INFO - --- validation at epoch 138, val_loss 0.0073, val_mae 0.0919, val_rmse 0.1244, val_r2 0.8073, val_pearson 0.8989, lr 9.00e-05 ---
2026-10-01 08:33:42,761 - INFO - 
****************************************************************************************************
2026-10-01 08:33:44,539 - INFO - --- training epoch 139, loss 0.0091, mae 0.0996, rmse 0.1346, time elapsed(min) 0.03---
2026-10-01 08:33:44,744 - INFO - --- validation at epoch 139, val_loss 0.0074, val_mae 0.0926, val_rmse 0.1244, val_r2 0.8073, val_pearson 0.8988, lr 9.00e-05 ---
2026-10-01 08:33:44,744 - INFO - 
****************************************************************************************************
2026-10-01 08:33:46,289 - INFO - --- training epoch 140, loss 0.0092, mae 0.1009, rmse 0.1357, time elapsed(min) 0.02---
2026-10-01 08:33:46,497 - INFO - --- validation at epoch 140, val_loss 0.0074, val_mae 0.0923, val_rmse 0.1243, val_r2 0.8074, val_pearson 0.8996, lr 9.00e-05 ---
2026-10-01 08:33:46,497 - INFO - 
****************************************************************************************************
2026-10-01 08:33:48,070 - INFO - --- training epoch 141, loss 0.0090, mae 0.0990, rmse 0.1339, time elapsed(min) 0.02---
2026-10-01 08:33:48,400 - INFO - --- validation at epoch 141, val_loss 0.0074, val_mae 0.0927, val_rmse 0.1248, val_r2 0.8061, val_pearson 0.8986, lr 9.00e-05 ---
2026-10-01 08:33:48,400 - INFO - 
****************************************************************************************************
2026-10-01 08:33:50,169 - INFO - --- training epoch 142, loss 0.0092, mae 0.1002, rmse 0.1355, time elapsed(min) 0.03---
2026-10-01 08:33:50,369 - INFO - --- validation at epoch 142, val_loss 0.0073, val_mae 0.0916, val_rmse 0.1235, val_r2 0.8099, val_pearson 0.9005, lr 9.00e-05 ---
2026-10-01 08:33:50,370 - INFO - 
****************************************************************************************************
2026-10-01 08:33:51,986 - INFO - --- training epoch 143, loss 0.0094, mae 0.1012, rmse 0.1370, time elapsed(min) 0.02---
2026-10-01 08:33:52,192 - INFO - --- validation at epoch 143, val_loss 0.0073, val_mae 0.0932, val_rmse 0.1244, val_r2 0.8072, val_pearson 0.8995, lr 9.00e-05 ---
2026-10-01 08:33:52,192 - INFO - 
****************************************************************************************************
2026-10-01 08:33:53,881 - INFO - --- training epoch 144, loss 0.0091, mae 0.1002, rmse 0.1350, time elapsed(min) 0.02---
2026-10-01 08:33:54,228 - INFO - --- validation at epoch 144, val_loss 0.0074, val_mae 0.0922, val_rmse 0.1240, val_r2 0.8086, val_pearson 0.8999, lr 9.00e-05 ---
2026-10-01 08:33:54,228 - INFO - 
****************************************************************************************************
2026-10-01 08:33:56,010 - INFO - --- training epoch 145, loss 0.0092, mae 0.1008, rmse 0.1357, time elapsed(min) 0.02---
2026-10-01 08:33:56,213 - INFO - --- validation at epoch 145, val_loss 0.0073, val_mae 0.0918, val_rmse 0.1237, val_r2 0.8096, val_pearson 0.9000, lr 9.00e-05 ---
2026-10-01 08:33:56,213 - INFO - 
****************************************************************************************************
2026-10-01 08:33:57,776 - INFO - --- training epoch 146, loss 0.0091, mae 0.0998, rmse 0.1348, time elapsed(min) 0.02---
2026-10-01 08:33:57,980 - INFO - --- validation at epoch 146, val_loss 0.0072, val_mae 0.0920, val_rmse 0.1238, val_r2 0.8092, val_pearson 0.9005, lr 9.00e-05 ---
2026-10-01 08:33:57,980 - INFO - 
****************************************************************************************************
2026-10-01 08:33:59,624 - INFO - --- training epoch 147, loss 0.0090, mae 0.0989, rmse 0.1342, time elapsed(min) 0.02---
2026-10-01 08:33:59,829 - INFO - --- validation at epoch 147, val_loss 0.0071, val_mae 0.0913, val_rmse 0.1230, val_r2 0.8114, val_pearson 0.9011, lr 2.70e-05 ---
2026-10-01 08:33:59,829 - INFO - 
****************************************************************************************************
2026-10-01 08:34:01,529 - INFO - --- training epoch 148, loss 0.0087, mae 0.0981, rmse 0.1318, time elapsed(min) 0.02---
2026-10-01 08:34:01,904 - INFO - --- validation at epoch 148, val_loss 0.0072, val_mae 0.0907, val_rmse 0.1230, val_r2 0.8115, val_pearson 0.9012, lr 2.70e-05 ---
2026-10-01 08:34:01,904 - INFO - 
****************************************************************************************************
2026-10-01 08:34:03,557 - INFO - --- training epoch 149, loss 0.0090, mae 0.0993, rmse 0.1339, time elapsed(min) 0.02---
2026-10-01 08:34:03,782 - INFO - --- validation at epoch 149, val_loss 0.0072, val_mae 0.0908, val_rmse 0.1231, val_r2 0.8114, val_pearson 0.9010, lr 2.70e-05 ---
2026-10-01 08:34:03,782 - INFO - 
****************************************************************************************************
2026-10-01 08:34:05,341 - INFO - --- training epoch 150, loss 0.0089, mae 0.0991, rmse 0.1332, time elapsed(min) 0.02---
2026-10-01 08:34:05,546 - INFO - --- validation at epoch 150, val_loss 0.0072, val_mae 0.0914, val_rmse 0.1231, val_r2 0.8112, val_pearson 0.9008, lr 2.70e-05 ---
2026-10-01 08:34:05,546 - INFO - 
****************************************************************************************************
2026-10-01 08:34:07,148 - INFO - --- training epoch 151, loss 0.0088, mae 0.0976, rmse 0.1329, time elapsed(min) 0.02---
2026-10-01 08:34:07,524 - INFO - --- validation at epoch 151, val_loss 0.0071, val_mae 0.0910, val_rmse 0.1230, val_r2 0.8116, val_pearson 0.9012, lr 2.70e-05 ---
2026-10-01 08:34:07,524 - INFO - 
****************************************************************************************************
2026-10-01 08:34:09,332 - INFO - --- training epoch 152, loss 0.0089, mae 0.0992, rmse 0.1336, time elapsed(min) 0.03---
2026-10-01 08:34:09,534 - INFO - --- validation at epoch 152, val_loss 0.0072, val_mae 0.0909, val_rmse 0.1228, val_r2 0.8120, val_pearson 0.9014, lr 2.70e-05 ---
2026-10-01 08:34:09,534 - INFO - 
****************************************************************************************************
2026-10-01 08:34:11,098 - INFO - --- training epoch 153, loss 0.0088, mae 0.0983, rmse 0.1326, time elapsed(min) 0.02---
2026-10-01 08:34:11,307 - INFO - --- validation at epoch 153, val_loss 0.0071, val_mae 0.0905, val_rmse 0.1228, val_r2 0.8121, val_pearson 0.9014, lr 2.70e-05 ---
2026-10-01 08:34:11,307 - INFO - 
****************************************************************************************************
2026-10-01 08:34:12,868 - INFO - --- training epoch 154, loss 0.0089, mae 0.0988, rmse 0.1333, time elapsed(min) 0.02---
2026-10-01 08:34:13,202 - INFO - --- validation at epoch 154, val_loss 0.0071, val_mae 0.0911, val_rmse 0.1230, val_r2 0.8116, val_pearson 0.9011, lr 2.70e-05 ---
2026-10-01 08:34:13,202 - INFO - 
****************************************************************************************************
2026-10-01 08:34:14,962 - INFO - --- training epoch 155, loss 0.0087, mae 0.0984, rmse 0.1322, time elapsed(min) 0.02---
2026-10-01 08:34:15,167 - INFO - --- validation at epoch 155, val_loss 0.0071, val_mae 0.0909, val_rmse 0.1229, val_r2 0.8120, val_pearson 0.9013, lr 2.70e-05 ---
2026-10-01 08:34:15,167 - INFO - 
****************************************************************************************************
2026-10-01 08:34:16,721 - INFO - --- training epoch 156, loss 0.0090, mae 0.0998, rmse 0.1338, time elapsed(min) 0.02---
2026-10-01 08:34:16,926 - INFO - --- validation at epoch 156, val_loss 0.0071, val_mae 0.0909, val_rmse 0.1230, val_r2 0.8115, val_pearson 0.9010, lr 2.70e-05 ---
2026-10-01 08:34:16,926 - INFO - 
****************************************************************************************************
2026-10-01 08:34:18,493 - INFO - --- training epoch 157, loss 0.0087, mae 0.0989, rmse 0.1323, time elapsed(min) 0.02---
2026-10-01 08:34:18,832 - INFO - --- validation at epoch 157, val_loss 0.0071, val_mae 0.0908, val_rmse 0.1227, val_r2 0.8124, val_pearson 0.9015, lr 2.70e-05 ---
2026-10-01 08:34:18,832 - INFO - 
****************************************************************************************************
2026-10-01 08:34:20,547 - INFO - --- training epoch 158, loss 0.0091, mae 0.0999, rmse 0.1346, time elapsed(min) 0.02---
2026-10-01 08:34:20,927 - INFO - --- validation at epoch 158, val_loss 0.0072, val_mae 0.0909, val_rmse 0.1228, val_r2 0.8123, val_pearson 0.9016, lr 2.70e-05 ---
2026-10-01 08:34:20,927 - INFO - 
****************************************************************************************************
2026-10-01 08:34:22,576 - INFO - --- training epoch 159, loss 0.0089, mae 0.0981, rmse 0.1334, time elapsed(min) 0.02---
2026-10-01 08:34:22,782 - INFO - --- validation at epoch 159, val_loss 0.0070, val_mae 0.0905, val_rmse 0.1225, val_r2 0.8131, val_pearson 0.9019, lr 2.70e-05 ---
2026-10-01 08:34:22,782 - INFO - 
****************************************************************************************************
2026-10-01 08:34:24,425 - INFO - --- training epoch 160, loss 0.0089, mae 0.0986, rmse 0.1335, time elapsed(min) 0.02---
2026-10-01 08:34:24,642 - INFO - --- validation at epoch 160, val_loss 0.0071, val_mae 0.0908, val_rmse 0.1228, val_r2 0.8122, val_pearson 0.9017, lr 2.70e-05 ---
2026-10-01 08:34:24,642 - INFO - 
****************************************************************************************************
2026-10-01 08:34:26,300 - INFO - --- training epoch 161, loss 0.0088, mae 0.0984, rmse 0.1328, time elapsed(min) 0.02---
2026-10-01 08:34:26,686 - INFO - --- validation at epoch 161, val_loss 0.0070, val_mae 0.0905, val_rmse 0.1225, val_r2 0.8129, val_pearson 0.9019, lr 2.70e-05 ---
2026-10-01 08:34:26,687 - INFO - 
****************************************************************************************************
2026-10-01 08:34:28,341 - INFO - --- training epoch 162, loss 0.0088, mae 0.0983, rmse 0.1329, time elapsed(min) 0.02---
2026-10-01 08:34:28,550 - INFO - --- validation at epoch 162, val_loss 0.0071, val_mae 0.0909, val_rmse 0.1231, val_r2 0.8114, val_pearson 0.9011, lr 2.70e-05 ---
2026-10-01 08:34:28,551 - INFO - 
****************************************************************************************************
2026-10-01 08:34:30,097 - INFO - --- training epoch 163, loss 0.0088, mae 0.0980, rmse 0.1327, time elapsed(min) 0.02---
2026-10-01 08:34:30,306 - INFO - --- validation at epoch 163, val_loss 0.0071, val_mae 0.0909, val_rmse 0.1232, val_r2 0.8108, val_pearson 0.9007, lr 2.70e-05 ---
2026-10-01 08:34:30,306 - INFO - 
****************************************************************************************************
2026-10-01 08:34:31,925 - INFO - --- training epoch 164, loss 0.0089, mae 0.0985, rmse 0.1333, time elapsed(min) 0.02---
2026-10-01 08:34:32,262 - INFO - --- validation at epoch 164, val_loss 0.0071, val_mae 0.0906, val_rmse 0.1227, val_r2 0.8126, val_pearson 0.9017, lr 2.70e-05 ---
2026-10-01 08:34:32,262 - INFO - 
****************************************************************************************************
2026-10-01 08:34:34,103 - INFO - --- training epoch 165, loss 0.0088, mae 0.0993, rmse 0.1328, time elapsed(min) 0.03---
2026-10-01 08:34:34,321 - INFO - --- validation at epoch 165, val_loss 0.0071, val_mae 0.0907, val_rmse 0.1225, val_r2 0.8132, val_pearson 0.9021, lr 2.70e-05 ---
2026-10-01 08:34:34,321 - INFO - 
****************************************************************************************************
2026-10-01 08:34:35,934 - INFO - --- training epoch 166, loss 0.0087, mae 0.0983, rmse 0.1322, time elapsed(min) 0.02---
2026-10-01 08:34:36,139 - INFO - --- validation at epoch 166, val_loss 0.0070, val_mae 0.0905, val_rmse 0.1226, val_r2 0.8129, val_pearson 0.9018, lr 2.70e-05 ---
2026-10-01 08:34:36,139 - INFO - 
****************************************************************************************************
2026-10-01 08:34:37,770 - INFO - --- training epoch 167, loss 0.0089, mae 0.0986, rmse 0.1332, time elapsed(min) 0.02---
2026-10-01 08:34:38,094 - INFO - --- validation at epoch 167, val_loss 0.0071, val_mae 0.0904, val_rmse 0.1225, val_r2 0.8131, val_pearson 0.9019, lr 2.70e-05 ---
2026-10-01 08:34:38,094 - INFO - 
****************************************************************************************************
2026-10-01 08:34:39,886 - INFO - --- training epoch 168, loss 0.0088, mae 0.0983, rmse 0.1324, time elapsed(min) 0.02---
2026-10-01 08:34:40,092 - INFO - --- validation at epoch 168, val_loss 0.0070, val_mae 0.0906, val_rmse 0.1225, val_r2 0.8131, val_pearson 0.9020, lr 2.70e-05 ---
2026-10-01 08:34:40,092 - INFO - 
****************************************************************************************************
2026-10-01 08:34:41,637 - INFO - --- training epoch 169, loss 0.0089, mae 0.0985, rmse 0.1335, time elapsed(min) 0.02---
2026-10-01 08:34:41,886 - INFO - --- validation at epoch 169, val_loss 0.0071, val_mae 0.0907, val_rmse 0.1226, val_r2 0.8127, val_pearson 0.9018, lr 2.70e-05 ---
2026-10-01 08:34:41,886 - INFO - 
****************************************************************************************************
2026-10-01 08:34:43,520 - INFO - --- training epoch 170, loss 0.0090, mae 0.0988, rmse 0.1338, time elapsed(min) 0.02---
2026-10-01 08:34:43,725 - INFO - --- validation at epoch 170, val_loss 0.0070, val_mae 0.0907, val_rmse 0.1225, val_r2 0.8131, val_pearson 0.9019, lr 2.70e-05 ---
2026-10-01 08:34:43,725 - INFO - 
****************************************************************************************************
2026-10-01 08:34:45,390 - INFO - --- training epoch 171, loss 0.0088, mae 0.0985, rmse 0.1325, time elapsed(min) 0.02---
2026-10-01 08:34:45,746 - INFO - --- validation at epoch 171, val_loss 0.0071, val_mae 0.0903, val_rmse 0.1222, val_r2 0.8139, val_pearson 0.9023, lr 2.70e-05 ---
2026-10-01 08:34:45,746 - INFO - 
****************************************************************************************************
2026-10-01 08:34:47,438 - INFO - --- training epoch 172, loss 0.0089, mae 0.0982, rmse 0.1334, time elapsed(min) 0.02---
2026-10-01 08:34:47,643 - INFO - --- validation at epoch 172, val_loss 0.0071, val_mae 0.0907, val_rmse 0.1226, val_r2 0.8127, val_pearson 0.9017, lr 2.70e-05 ---
2026-10-01 08:34:47,643 - INFO - 
****************************************************************************************************
2026-10-01 08:34:49,203 - INFO - --- training epoch 173, loss 0.0089, mae 0.0988, rmse 0.1331, time elapsed(min) 0.02---
2026-10-01 08:34:49,454 - INFO - --- validation at epoch 173, val_loss 0.0071, val_mae 0.0911, val_rmse 0.1229, val_r2 0.8118, val_pearson 0.9012, lr 2.70e-05 ---
2026-10-01 08:34:49,454 - INFO - 
****************************************************************************************************
2026-10-01 08:34:51,055 - INFO - --- training epoch 174, loss 0.0088, mae 0.0990, rmse 0.1330, time elapsed(min) 0.02---
2026-10-01 08:34:51,419 - INFO - --- validation at epoch 174, val_loss 0.0071, val_mae 0.0906, val_rmse 0.1226, val_r2 0.8128, val_pearson 0.9018, lr 2.70e-05 ---
2026-10-01 08:34:51,419 - INFO - 
****************************************************************************************************
2026-10-01 08:34:53,211 - INFO - --- training epoch 175, loss 0.0088, mae 0.0984, rmse 0.1328, time elapsed(min) 0.02---
2026-10-01 08:34:53,434 - INFO - --- validation at epoch 175, val_loss 0.0071, val_mae 0.0903, val_rmse 0.1227, val_r2 0.8126, val_pearson 0.9016, lr 2.70e-05 ---
2026-10-01 08:34:53,434 - INFO - 
****************************************************************************************************
2026-10-01 08:34:55,197 - INFO - --- training epoch 176, loss 0.0090, mae 0.0986, rmse 0.1338, time elapsed(min) 0.02---
2026-10-01 08:34:55,401 - INFO - --- validation at epoch 176, val_loss 0.0071, val_mae 0.0905, val_rmse 0.1228, val_r2 0.8121, val_pearson 0.9013, lr 2.70e-05 ---
2026-10-01 08:34:55,401 - INFO - 
****************************************************************************************************
2026-10-01 08:34:56,951 - INFO - --- training epoch 177, loss 0.0089, mae 0.0979, rmse 0.1331, time elapsed(min) 0.02---
2026-10-01 08:34:57,290 - INFO - --- validation at epoch 177, val_loss 0.0071, val_mae 0.0910, val_rmse 0.1228, val_r2 0.8121, val_pearson 0.9013, lr 2.70e-05 ---
2026-10-01 08:34:57,290 - INFO - 
****************************************************************************************************
2026-10-01 08:34:59,126 - INFO - --- training epoch 178, loss 0.0090, mae 0.0991, rmse 0.1338, time elapsed(min) 0.03---
2026-10-01 08:34:59,539 - INFO - --- validation at epoch 178, val_loss 0.0070, val_mae 0.0909, val_rmse 0.1228, val_r2 0.8122, val_pearson 0.9014, lr 8.10e-06 ---
2026-10-01 08:34:59,539 - INFO - 
****************************************************************************************************
2026-10-01 08:35:01,289 - INFO - --- training epoch 179, loss 0.0086, mae 0.0976, rmse 0.1315, time elapsed(min) 0.02---
2026-10-01 08:35:01,493 - INFO - --- validation at epoch 179, val_loss 0.0070, val_mae 0.0905, val_rmse 0.1226, val_r2 0.8128, val_pearson 0.9018, lr 8.10e-06 ---
2026-10-01 08:35:01,493 - INFO - 
****************************************************************************************************
2026-10-01 08:35:03,163 - INFO - --- training epoch 180, loss 0.0087, mae 0.0980, rmse 0.1318, time elapsed(min) 0.02---
2026-10-01 08:35:03,373 - INFO - --- validation at epoch 180, val_loss 0.0070, val_mae 0.0907, val_rmse 0.1226, val_r2 0.8127, val_pearson 0.9016, lr 8.10e-06 ---
2026-10-01 08:35:03,373 - INFO - 
****************************************************************************************************
2026-10-01 08:35:04,969 - INFO - --- training epoch 181, loss 0.0086, mae 0.0970, rmse 0.1312, time elapsed(min) 0.02---
2026-10-01 08:35:05,358 - INFO - --- validation at epoch 181, val_loss 0.0070, val_mae 0.0908, val_rmse 0.1228, val_r2 0.8122, val_pearson 0.9014, lr 8.10e-06 ---
2026-10-01 08:35:05,358 - INFO - 
****************************************************************************************************
2026-10-01 08:35:07,032 - INFO - --- training epoch 182, loss 0.0087, mae 0.0973, rmse 0.1318, time elapsed(min) 0.02---
2026-10-01 08:35:07,238 - INFO - --- validation at epoch 182, val_loss 0.0070, val_mae 0.0906, val_rmse 0.1226, val_r2 0.8126, val_pearson 0.9016, lr 8.10e-06 ---
2026-10-01 08:35:07,238 - INFO - 
****************************************************************************************************
2026-10-01 08:35:08,788 - INFO - --- training epoch 183, loss 0.0087, mae 0.0983, rmse 0.1323, time elapsed(min) 0.02---
2026-10-01 08:35:09,041 - INFO - --- validation at epoch 183, val_loss 0.0070, val_mae 0.0908, val_rmse 0.1227, val_r2 0.8126, val_pearson 0.9016, lr 8.10e-06 ---
2026-10-01 08:35:09,041 - INFO - 
****************************************************************************************************
2026-10-01 08:35:10,682 - INFO - --- training epoch 184, loss 0.0088, mae 0.0975, rmse 0.1323, time elapsed(min) 0.02---
2026-10-01 08:35:11,015 - INFO - --- validation at epoch 184, val_loss 0.0070, val_mae 0.0906, val_rmse 0.1226, val_r2 0.8128, val_pearson 0.9017, lr 8.10e-06 ---
2026-10-01 08:35:11,015 - INFO - 
****************************************************************************************************
2026-10-01 08:35:12,807 - INFO - --- training epoch 185, loss 0.0089, mae 0.0991, rmse 0.1334, time elapsed(min) 0.03---
2026-10-01 08:35:13,012 - INFO - --- validation at epoch 185, val_loss 0.0069, val_mae 0.0905, val_rmse 0.1225, val_r2 0.8132, val_pearson 0.9019, lr 8.10e-06 ---
2026-10-01 08:35:13,012 - INFO - 
****************************************************************************************************
2026-10-01 08:35:14,671 - INFO - --- training epoch 186, loss 0.0087, mae 0.0978, rmse 0.1322, time elapsed(min) 0.02---
2026-10-01 08:35:14,890 - INFO - --- validation at epoch 186, val_loss 0.0070, val_mae 0.0907, val_rmse 0.1226, val_r2 0.8127, val_pearson 0.9016, lr 8.10e-06 ---
2026-10-01 08:35:14,890 - INFO - 
****************************************************************************************************
2026-10-01 08:35:16,464 - INFO - --- training epoch 187, loss 0.0088, mae 0.0982, rmse 0.1324, time elapsed(min) 0.02---
2026-10-01 08:35:16,790 - INFO - --- validation at epoch 187, val_loss 0.0070, val_mae 0.0907, val_rmse 0.1227, val_r2 0.8125, val_pearson 0.9015, lr 8.10e-06 ---
2026-10-01 08:35:16,790 - INFO - 
****************************************************************************************************
2026-10-01 08:35:18,603 - INFO - --- training epoch 188, loss 0.0088, mae 0.0979, rmse 0.1323, time elapsed(min) 0.03---
2026-10-01 08:35:18,810 - INFO - --- validation at epoch 188, val_loss 0.0070, val_mae 0.0906, val_rmse 0.1226, val_r2 0.8127, val_pearson 0.9017, lr 8.10e-06 ---
2026-10-01 08:35:18,810 - INFO - 
****************************************************************************************************
2026-10-01 08:35:20,419 - INFO - --- training epoch 189, loss 0.0089, mae 0.0985, rmse 0.1331, time elapsed(min) 0.02---
2026-10-01 08:35:20,625 - INFO - --- validation at epoch 189, val_loss 0.0070, val_mae 0.0907, val_rmse 0.1225, val_r2 0.8129, val_pearson 0.9018, lr 8.10e-06 ---
2026-10-01 08:35:20,625 - INFO - 
****************************************************************************************************
2026-10-01 08:35:22,186 - INFO - --- training epoch 190, loss 0.0088, mae 0.0985, rmse 0.1326, time elapsed(min) 0.02---
2026-10-01 08:35:22,522 - INFO - --- validation at epoch 190, val_loss 0.0070, val_mae 0.0907, val_rmse 0.1225, val_r2 0.8129, val_pearson 0.9018, lr 8.10e-06 ---
2026-10-01 08:35:22,522 - INFO - 
****************************************************************************************************
2026-10-01 08:35:24,309 - INFO - --- training epoch 191, loss 0.0088, mae 0.0986, rmse 0.1329, time elapsed(min) 0.03---
2026-10-01 08:35:24,698 - INFO - --- validation at epoch 191, val_loss 0.0069, val_mae 0.0905, val_rmse 0.1225, val_r2 0.8130, val_pearson 0.9018, lr 8.10e-06 ---
2026-10-01 08:35:24,698 - INFO - 
****************************************************************************************************
2026-10-01 08:35:26,444 - INFO - --- training epoch 192, loss 0.0088, mae 0.0984, rmse 0.1327, time elapsed(min) 0.02---
2026-10-01 08:35:26,647 - INFO - --- validation at epoch 192, val_loss 0.0070, val_mae 0.0904, val_rmse 0.1226, val_r2 0.8128, val_pearson 0.9018, lr 8.10e-06 ---
2026-10-01 08:35:26,647 - INFO - 
****************************************************************************************************
2026-10-01 08:35:28,270 - INFO - --- training epoch 193, loss 0.0088, mae 0.0983, rmse 0.1329, time elapsed(min) 0.02---
2026-10-01 08:35:28,474 - INFO - --- validation at epoch 193, val_loss 0.0070, val_mae 0.0907, val_rmse 0.1226, val_r2 0.8128, val_pearson 0.9017, lr 8.10e-06 ---
2026-10-01 08:35:28,475 - INFO - 
****************************************************************************************************
2026-10-01 08:35:30,102 - INFO - --- training epoch 194, loss 0.0089, mae 0.0984, rmse 0.1332, time elapsed(min) 0.02---
2026-10-01 08:35:30,494 - INFO - --- validation at epoch 194, val_loss 0.0070, val_mae 0.0902, val_rmse 0.1224, val_r2 0.8135, val_pearson 0.9021, lr 8.10e-06 ---
2026-10-01 08:35:30,494 - INFO - 
****************************************************************************************************
2026-10-01 08:35:32,275 - INFO - --- training epoch 195, loss 0.0086, mae 0.0980, rmse 0.1311, time elapsed(min) 0.02---
2026-10-01 08:35:32,478 - INFO - --- validation at epoch 195, val_loss 0.0070, val_mae 0.0904, val_rmse 0.1224, val_r2 0.8134, val_pearson 0.9020, lr 8.10e-06 ---
2026-10-01 08:35:32,478 - INFO - 
****************************************************************************************************
2026-10-01 08:35:34,018 - INFO - --- training epoch 196, loss 0.0088, mae 0.0977, rmse 0.1324, time elapsed(min) 0.02---
2026-10-01 08:35:34,237 - INFO - --- validation at epoch 196, val_loss 0.0070, val_mae 0.0904, val_rmse 0.1225, val_r2 0.8131, val_pearson 0.9019, lr 8.10e-06 ---
2026-10-01 08:35:34,237 - INFO - 
****************************************************************************************************
2026-10-01 08:35:35,803 - INFO - --- training epoch 197, loss 0.0087, mae 0.0983, rmse 0.1321, time elapsed(min) 0.02---
2026-10-01 08:35:36,133 - INFO - --- validation at epoch 197, val_loss 0.0070, val_mae 0.0903, val_rmse 0.1224, val_r2 0.8133, val_pearson 0.9020, lr 8.10e-06 ---
2026-10-01 08:35:36,133 - INFO - 
****************************************************************************************************
2026-10-01 08:35:38,019 - INFO - --- training epoch 198, loss 0.0089, mae 0.0984, rmse 0.1332, time elapsed(min) 0.03---
2026-10-01 08:35:38,224 - INFO - --- validation at epoch 198, val_loss 0.0069, val_mae 0.0902, val_rmse 0.1225, val_r2 0.8131, val_pearson 0.9019, lr 8.10e-06 ---
2026-10-01 08:35:38,224 - INFO - 
****************************************************************************************************
2026-10-01 08:35:39,924 - INFO - --- training epoch 199, loss 0.0087, mae 0.0976, rmse 0.1319, time elapsed(min) 0.02---
2026-10-01 08:35:40,130 - INFO - --- validation at epoch 199, val_loss 0.0070, val_mae 0.0902, val_rmse 0.1224, val_r2 0.8133, val_pearson 0.9020, lr 8.10e-06 ---
2026-10-01 08:35:40,130 - INFO - 
****************************************************************************************************
2026-10-01 08:35:41,699 - INFO - --- training epoch 200, loss 0.0089, mae 0.0993, rmse 0.1334, time elapsed(min) 0.02---
2026-10-01 08:35:41,907 - INFO - --- validation at epoch 200, val_loss 0.0070, val_mae 0.0904, val_rmse 0.1225, val_r2 0.8132, val_pearson 0.9019, lr 8.10e-06 ---
2026-10-01 08:35:41,907 - INFO - 
****************************************************************************************************
2026-10-01 08:35:43,556 - INFO - --- training epoch 201, loss 0.0088, mae 0.0982, rmse 0.1327, time elapsed(min) 0.02---
2026-10-01 08:35:43,952 - INFO - --- validation at epoch 201, val_loss 0.0070, val_mae 0.0906, val_rmse 0.1225, val_r2 0.8131, val_pearson 0.9019, lr 8.10e-06 ---
2026-10-01 08:35:43,952 - INFO - 
****************************************************************************************************
2026-10-01 08:35:45,598 - INFO - --- training epoch 202, loss 0.0087, mae 0.0975, rmse 0.1322, time elapsed(min) 0.02---
2026-10-01 08:35:45,822 - INFO - --- validation at epoch 202, val_loss 0.0070, val_mae 0.0906, val_rmse 0.1227, val_r2 0.8124, val_pearson 0.9015, lr 8.10e-06 ---
2026-10-01 08:35:45,822 - INFO - 
****************************************************************************************************
2026-10-01 08:35:47,391 - INFO - --- training epoch 203, loss 0.0091, mae 0.0995, rmse 0.1349, time elapsed(min) 0.02---
2026-10-01 08:35:47,591 - INFO - --- validation at epoch 203, val_loss 0.0070, val_mae 0.0906, val_rmse 0.1227, val_r2 0.8124, val_pearson 0.9015, lr 2.43e-06 ---
2026-10-01 08:35:47,591 - INFO - 
****************************************************************************************************
2026-10-01 08:35:49,272 - INFO - --- training epoch 204, loss 0.0088, mae 0.0975, rmse 0.1325, time elapsed(min) 0.02---
2026-10-01 08:35:49,647 - INFO - --- validation at epoch 204, val_loss 0.0070, val_mae 0.0906, val_rmse 0.1226, val_r2 0.8126, val_pearson 0.9016, lr 2.43e-06 ---
2026-10-01 08:35:49,647 - INFO - 
****************************************************************************************************
2026-10-01 08:35:51,486 - INFO - --- training epoch 205, loss 0.0088, mae 0.0977, rmse 0.1325, time elapsed(min) 0.03---
2026-10-01 08:35:51,697 - INFO - --- validation at epoch 205, val_loss 0.0070, val_mae 0.0906, val_rmse 0.1226, val_r2 0.8128, val_pearson 0.9017, lr 2.43e-06 ---
2026-10-01 08:35:51,697 - INFO - 
****************************************************************************************************
2026-10-01 08:35:53,242 - INFO - --- training epoch 206, loss 0.0088, mae 0.0979, rmse 0.1326, time elapsed(min) 0.02---
2026-10-01 08:35:53,446 - INFO - --- validation at epoch 206, val_loss 0.0070, val_mae 0.0905, val_rmse 0.1225, val_r2 0.8131, val_pearson 0.9019, lr 2.43e-06 ---
2026-10-01 08:35:53,446 - INFO - 
****************************************************************************************************
2026-10-01 08:35:54,991 - INFO - --- training epoch 207, loss 0.0089, mae 0.0980, rmse 0.1332, time elapsed(min) 0.02---
2026-10-01 08:35:55,320 - INFO - --- validation at epoch 207, val_loss 0.0070, val_mae 0.0905, val_rmse 0.1225, val_r2 0.8132, val_pearson 0.9019, lr 2.43e-06 ---
2026-10-01 08:35:55,320 - INFO - 
****************************************************************************************************
2026-10-01 08:35:57,169 - INFO - --- training epoch 208, loss 0.0087, mae 0.0972, rmse 0.1320, time elapsed(min) 0.03---
2026-10-01 08:35:57,392 - INFO - --- validation at epoch 208, val_loss 0.0070, val_mae 0.0905, val_rmse 0.1225, val_r2 0.8132, val_pearson 0.9020, lr 2.43e-06 ---
2026-10-01 08:35:57,392 - INFO - 
****************************************************************************************************
2026-10-01 08:35:58,928 - INFO - --- training epoch 209, loss 0.0087, mae 0.0977, rmse 0.1321, time elapsed(min) 0.02---
2026-10-01 08:35:59,131 - INFO - --- validation at epoch 209, val_loss 0.0070, val_mae 0.0905, val_rmse 0.1225, val_r2 0.8132, val_pearson 0.9019, lr 2.43e-06 ---
2026-10-01 08:35:59,131 - INFO - 
****************************************************************************************************
2026-10-01 08:36:00,674 - INFO - --- training epoch 210, loss 0.0088, mae 0.0986, rmse 0.1324, time elapsed(min) 0.02---
2026-10-01 08:36:00,877 - INFO - --- validation at epoch 210, val_loss 0.0070, val_mae 0.0905, val_rmse 0.1225, val_r2 0.8130, val_pearson 0.9018, lr 2.43e-06 ---
2026-10-01 08:36:00,877 - INFO - 
****************************************************************************************************
2026-10-01 08:36:02,521 - INFO - --- training epoch 211, loss 0.0087, mae 0.0977, rmse 0.1322, time elapsed(min) 0.02---
2026-10-01 08:36:02,998 - INFO - --- validation at epoch 211, val_loss 0.0070, val_mae 0.0904, val_rmse 0.1225, val_r2 0.8131, val_pearson 0.9019, lr 2.43e-06 ---
2026-10-01 08:36:02,998 - INFO - 
****************************************************************************************************
2026-10-01 08:36:04,603 - INFO - --- training epoch 212, loss 0.0087, mae 0.0971, rmse 0.1318, time elapsed(min) 0.02---
2026-10-01 08:36:04,812 - INFO - --- validation at epoch 212, val_loss 0.0070, val_mae 0.0904, val_rmse 0.1225, val_r2 0.8132, val_pearson 0.9019, lr 2.43e-06 ---
2026-10-01 08:36:04,812 - INFO - 
****************************************************************************************************
2026-10-01 08:36:06,365 - INFO - --- training epoch 213, loss 0.0089, mae 0.0983, rmse 0.1331, time elapsed(min) 0.02---
2026-10-01 08:36:06,568 - INFO - --- validation at epoch 213, val_loss 0.0070, val_mae 0.0905, val_rmse 0.1224, val_r2 0.8133, val_pearson 0.9020, lr 2.43e-06 ---
2026-10-01 08:36:06,568 - INFO - 
****************************************************************************************************
2026-10-01 08:36:08,259 - INFO - --- training epoch 214, loss 0.0088, mae 0.0981, rmse 0.1324, time elapsed(min) 0.02---
2026-10-01 08:36:08,678 - INFO - --- validation at epoch 214, val_loss 0.0070, val_mae 0.0905, val_rmse 0.1224, val_r2 0.8134, val_pearson 0.9020, lr 1.00e-06 ---
2026-10-01 08:36:08,678 - INFO - 
****************************************************************************************************
2026-10-01 08:36:10,338 - INFO - --- training epoch 215, loss 0.0088, mae 0.0982, rmse 0.1328, time elapsed(min) 0.02---
2026-10-01 08:36:10,542 - INFO - --- validation at epoch 215, val_loss 0.0070, val_mae 0.0904, val_rmse 0.1224, val_r2 0.8135, val_pearson 0.9021, lr 1.00e-06 ---
2026-10-01 08:36:10,543 - INFO - 
****************************************************************************************************
2026-10-01 08:36:12,100 - INFO - --- training epoch 216, loss 0.0089, mae 0.0987, rmse 0.1336, time elapsed(min) 0.02---
2026-10-01 08:36:12,345 - INFO - --- validation at epoch 216, val_loss 0.0070, val_mae 0.0904, val_rmse 0.1224, val_r2 0.8135, val_pearson 0.9021, lr 1.00e-06 ---
2026-10-01 08:36:12,345 - INFO - 
****************************************************************************************************
2026-10-01 08:36:13,985 - INFO - --- training epoch 217, loss 0.0084, mae 0.0960, rmse 0.1297, time elapsed(min) 0.02---
2026-10-01 08:36:14,319 - INFO - --- validation at epoch 217, val_loss 0.0070, val_mae 0.0903, val_rmse 0.1224, val_r2 0.8134, val_pearson 0.9021, lr 1.00e-06 ---
2026-10-01 08:36:14,319 - INFO - 
****************************************************************************************************
2026-10-01 08:36:16,051 - INFO - --- training epoch 218, loss 0.0089, mae 0.0987, rmse 0.1333, time elapsed(min) 0.02---
2026-10-01 08:36:16,261 - INFO - --- validation at epoch 218, val_loss 0.0070, val_mae 0.0904, val_rmse 0.1224, val_r2 0.8134, val_pearson 0.9020, lr 1.00e-06 ---
2026-10-01 08:36:16,261 - INFO - 
****************************************************************************************************
2026-10-01 08:36:17,807 - INFO - --- training epoch 219, loss 0.0087, mae 0.0978, rmse 0.1317, time elapsed(min) 0.02---
2026-10-01 08:36:18,011 - INFO - --- validation at epoch 219, val_loss 0.0069, val_mae 0.0903, val_rmse 0.1224, val_r2 0.8134, val_pearson 0.9020, lr 1.00e-06 ---
2026-10-01 08:36:18,011 - INFO - 
****************************************************************************************************
2026-10-01 08:36:19,569 - INFO - --- training epoch 220, loss 0.0089, mae 0.0985, rmse 0.1331, time elapsed(min) 0.02---
2026-10-01 08:36:19,900 - INFO - --- validation at epoch 220, val_loss 0.0070, val_mae 0.0904, val_rmse 0.1224, val_r2 0.8133, val_pearson 0.9020, lr 1.00e-06 ---
2026-10-01 08:36:19,900 - INFO - 
****************************************************************************************************
2026-10-01 08:36:21,684 - INFO - --- training epoch 221, loss 0.0087, mae 0.0976, rmse 0.1321, time elapsed(min) 0.02---
2026-10-01 08:36:21,886 - INFO - --- validation at epoch 221, val_loss 0.0069, val_mae 0.0904, val_rmse 0.1224, val_r2 0.8132, val_pearson 0.9020, lr 1.00e-06 ---
2026-10-01 08:36:21,886 - INFO - 
****************************************************************************************************
2026-10-01 08:36:23,434 - INFO - --- training epoch 222, loss 0.0085, mae 0.0972, rmse 0.1305, time elapsed(min) 0.02---
2026-10-01 08:36:23,640 - INFO - --- validation at epoch 222, val_loss 0.0070, val_mae 0.0905, val_rmse 0.1224, val_r2 0.8132, val_pearson 0.9020, lr 1.00e-06 ---
2026-10-01 08:36:23,640 - INFO - 
****************************************************************************************************
2026-10-01 08:36:25,219 - INFO - --- training epoch 223, loss 0.0087, mae 0.0977, rmse 0.1318, time elapsed(min) 0.02---
2026-10-01 08:36:25,430 - INFO - --- validation at epoch 223, val_loss 0.0070, val_mae 0.0904, val_rmse 0.1224, val_r2 0.8133, val_pearson 0.9020, lr 1.00e-06 ---
2026-10-01 08:36:25,430 - INFO - 
****************************************************************************************************
2026-10-01 08:36:27,091 - INFO - --- training epoch 224, loss 0.0089, mae 0.0988, rmse 0.1335, time elapsed(min) 0.02---
2026-10-01 08:36:27,470 - INFO - --- validation at epoch 224, val_loss 0.0070, val_mae 0.0904, val_rmse 0.1224, val_r2 0.8135, val_pearson 0.9021, lr 1.00e-06 ---
2026-10-01 08:36:27,470 - INFO - 
****************************************************************************************************
2026-10-01 08:36:29,272 - INFO - --- training epoch 225, loss 0.0085, mae 0.0965, rmse 0.1305, time elapsed(min) 0.02---
2026-10-01 08:36:29,478 - INFO - --- validation at epoch 225, val_loss 0.0069, val_mae 0.0904, val_rmse 0.1224, val_r2 0.8135, val_pearson 0.9021, lr 1.00e-06 ---
2026-10-01 08:36:29,478 - INFO - 
****************************************************************************************************
2026-10-01 08:36:31,180 - INFO - --- training epoch 226, loss 0.0088, mae 0.0977, rmse 0.1328, time elapsed(min) 0.02---
2026-10-01 08:36:31,382 - INFO - --- validation at epoch 226, val_loss 0.0069, val_mae 0.0904, val_rmse 0.1224, val_r2 0.8135, val_pearson 0.9021, lr 1.00e-06 ---
2026-10-01 08:36:31,382 - INFO - 
****************************************************************************************************
2026-10-01 08:36:33,106 - INFO - --- training epoch 227, loss 0.0088, mae 0.0981, rmse 0.1330, time elapsed(min) 0.02---
2026-10-01 08:36:33,441 - INFO - --- validation at epoch 227, val_loss 0.0069, val_mae 0.0904, val_rmse 0.1224, val_r2 0.8134, val_pearson 0.9021, lr 1.00e-06 ---
2026-10-01 08:36:33,441 - INFO - 
****************************************************************************************************
2026-10-01 08:36:35,196 - INFO - --- training epoch 228, loss 0.0088, mae 0.0986, rmse 0.1327, time elapsed(min) 0.02---
2026-10-01 08:36:35,402 - INFO - --- validation at epoch 228, val_loss 0.0069, val_mae 0.0904, val_rmse 0.1224, val_r2 0.8135, val_pearson 0.9021, lr 1.00e-06 ---
2026-10-01 08:36:35,402 - INFO - 
****************************************************************************************************
2026-10-01 08:36:37,037 - INFO - --- training epoch 229, loss 0.0089, mae 0.0990, rmse 0.1331, time elapsed(min) 0.02---
2026-10-01 08:36:37,238 - INFO - --- validation at epoch 229, val_loss 0.0069, val_mae 0.0904, val_rmse 0.1223, val_r2 0.8135, val_pearson 0.9021, lr 1.00e-06 ---
2026-10-01 08:36:37,238 - INFO - 
****************************************************************************************************
2026-10-01 08:36:38,791 - INFO - --- training epoch 230, loss 0.0086, mae 0.0980, rmse 0.1311, time elapsed(min) 0.02---
2026-10-01 08:36:39,121 - INFO - --- validation at epoch 230, val_loss 0.0069, val_mae 0.0904, val_rmse 0.1223, val_r2 0.8136, val_pearson 0.9021, lr 1.00e-06 ---
2026-10-01 08:36:39,121 - INFO - 
****************************************************************************************************
2026-10-01 08:36:40,892 - INFO - --- training epoch 231, loss 0.0085, mae 0.0969, rmse 0.1305, time elapsed(min) 0.03---
2026-10-01 08:36:41,120 - INFO - --- validation at epoch 231, val_loss 0.0069, val_mae 0.0904, val_rmse 0.1223, val_r2 0.8136, val_pearson 0.9022, lr 1.00e-06 ---
2026-10-01 08:36:41,120 - INFO - 
****************************************************************************************************
2026-10-01 08:36:42,794 - INFO - --- training epoch 232, loss 0.0088, mae 0.0986, rmse 0.1325, time elapsed(min) 0.02---
2026-10-01 08:36:43,002 - INFO - --- validation at epoch 232, val_loss 0.0069, val_mae 0.0904, val_rmse 0.1223, val_r2 0.8136, val_pearson 0.9021, lr 1.00e-06 ---
2026-10-01 08:36:43,002 - INFO - 
****************************************************************************************************
2026-10-01 08:36:44,712 - INFO - --- training epoch 233, loss 0.0089, mae 0.0984, rmse 0.1334, time elapsed(min) 0.02---
2026-10-01 08:36:44,937 - INFO - --- validation at epoch 233, val_loss 0.0069, val_mae 0.0904, val_rmse 0.1223, val_r2 0.8136, val_pearson 0.9022, lr 1.00e-06 ---
2026-10-01 08:36:44,937 - INFO - 
****************************************************************************************************
2026-10-01 08:36:46,680 - INFO - --- training epoch 234, loss 0.0087, mae 0.0978, rmse 0.1316, time elapsed(min) 0.02---
2026-10-01 08:36:47,106 - INFO - --- validation at epoch 234, val_loss 0.0069, val_mae 0.0903, val_rmse 0.1223, val_r2 0.8137, val_pearson 0.9022, lr 1.00e-06 ---
2026-10-01 08:36:47,107 - INFO - 
****************************************************************************************************
2026-10-01 08:36:48,837 - INFO - --- training epoch 235, loss 0.0085, mae 0.0968, rmse 0.1307, time elapsed(min) 0.02---
2026-10-01 08:36:49,087 - INFO - --- validation at epoch 235, val_loss 0.0069, val_mae 0.0903, val_rmse 0.1223, val_r2 0.8138, val_pearson 0.9022, lr 1.00e-06 ---
2026-10-01 08:36:49,087 - INFO - 
****************************************************************************************************
2026-10-01 08:36:50,648 - INFO - --- training epoch 236, loss 0.0089, mae 0.0986, rmse 0.1335, time elapsed(min) 0.02---
2026-10-01 08:36:50,853 - INFO - --- validation at epoch 236, val_loss 0.0069, val_mae 0.0903, val_rmse 0.1222, val_r2 0.8138, val_pearson 0.9023, lr 1.00e-06 ---
2026-10-01 08:36:50,853 - INFO - 
****************************************************************************************************
2026-10-01 08:36:52,491 - INFO - --- training epoch 237, loss 0.0085, mae 0.0972, rmse 0.1306, time elapsed(min) 0.02---
2026-10-01 08:36:52,876 - INFO - --- validation at epoch 237, val_loss 0.0069, val_mae 0.0903, val_rmse 0.1223, val_r2 0.8138, val_pearson 0.9022, lr 1.00e-06 ---
2026-10-01 08:36:52,876 - INFO - 
****************************************************************************************************
2026-10-01 08:36:54,631 - INFO - --- training epoch 238, loss 0.0089, mae 0.0981, rmse 0.1332, time elapsed(min) 0.02---
2026-10-01 08:36:54,840 - INFO - --- validation at epoch 238, val_loss 0.0069, val_mae 0.0903, val_rmse 0.1223, val_r2 0.8138, val_pearson 0.9022, lr 1.00e-06 ---
2026-10-01 08:36:54,840 - INFO - 
****************************************************************************************************
2026-10-01 08:36:56,372 - INFO - --- training epoch 239, loss 0.0087, mae 0.0976, rmse 0.1318, time elapsed(min) 0.02---
2026-10-01 08:36:56,576 - INFO - --- validation at epoch 239, val_loss 0.0069, val_mae 0.0903, val_rmse 0.1223, val_r2 0.8137, val_pearson 0.9022, lr 1.00e-06 ---
2026-10-01 08:36:56,576 - INFO - 
****************************************************************************************************
2026-10-01 08:36:58,210 - INFO - --- training epoch 240, loss 0.0086, mae 0.0973, rmse 0.1309, time elapsed(min) 0.02---
2026-10-01 08:36:58,539 - INFO - --- validation at epoch 240, val_loss 0.0069, val_mae 0.0903, val_rmse 0.1223, val_r2 0.8137, val_pearson 0.9022, lr 1.00e-06 ---
2026-10-01 08:36:58,539 - INFO - 
****************************************************************************************************
2026-10-01 08:37:00,193 - INFO - --- training epoch 241, loss 0.0089, mae 0.0993, rmse 0.1335, time elapsed(min) 0.02---
2026-10-01 08:37:00,671 - INFO - --- validation at epoch 241, val_loss 0.0069, val_mae 0.0903, val_rmse 0.1223, val_r2 0.8138, val_pearson 0.9023, lr 1.00e-06 ---
2026-10-01 08:37:00,671 - INFO - 
****************************************************************************************************
2026-10-01 08:37:02,318 - INFO - --- training epoch 242, loss 0.0087, mae 0.0984, rmse 0.1321, time elapsed(min) 0.02---
2026-10-01 08:37:02,541 - INFO - --- validation at epoch 242, val_loss 0.0069, val_mae 0.0903, val_rmse 0.1222, val_r2 0.8139, val_pearson 0.9023, lr 1.00e-06 ---
2026-10-01 08:37:02,541 - INFO - 
****************************************************************************************************
2026-10-01 08:37:04,201 - INFO - --- training epoch 243, loss 0.0086, mae 0.0976, rmse 0.1309, time elapsed(min) 0.02---
2026-10-01 08:37:04,403 - INFO - --- validation at epoch 243, val_loss 0.0069, val_mae 0.0903, val_rmse 0.1223, val_r2 0.8138, val_pearson 0.9022, lr 1.00e-06 ---
2026-10-01 08:37:04,403 - INFO - 
****************************************************************************************************
2026-10-01 08:37:06,058 - INFO - --- training epoch 244, loss 0.0087, mae 0.0975, rmse 0.1318, time elapsed(min) 0.02---
2026-10-01 08:37:06,429 - INFO - --- validation at epoch 244, val_loss 0.0069, val_mae 0.0903, val_rmse 0.1223, val_r2 0.8138, val_pearson 0.9022, lr 1.00e-06 ---
2026-10-01 08:37:06,429 - INFO - 
****************************************************************************************************
2026-10-01 08:37:08,103 - INFO - --- training epoch 245, loss 0.0088, mae 0.0983, rmse 0.1323, time elapsed(min) 0.02---
2026-10-01 08:37:08,313 - INFO - --- validation at epoch 245, val_loss 0.0069, val_mae 0.0903, val_rmse 0.1223, val_r2 0.8138, val_pearson 0.9022, lr 1.00e-06 ---
2026-10-01 08:37:08,313 - INFO - 
****************************************************************************************************
2026-10-01 08:37:09,919 - INFO - --- training epoch 246, loss 0.0085, mae 0.0965, rmse 0.1304, time elapsed(min) 0.02---
2026-10-01 08:37:10,126 - INFO - --- validation at epoch 246, val_loss 0.0069, val_mae 0.0902, val_rmse 0.1222, val_r2 0.8139, val_pearson 0.9023, lr 1.00e-06 ---
2026-10-01 08:37:10,126 - INFO - 
****************************************************************************************************
2026-10-01 08:37:11,802 - INFO - --- training epoch 247, loss 0.0087, mae 0.0975, rmse 0.1320, time elapsed(min) 0.02---
2026-10-01 08:37:12,134 - INFO - --- validation at epoch 247, val_loss 0.0069, val_mae 0.0901, val_rmse 0.1222, val_r2 0.8139, val_pearson 0.9023, lr 1.00e-06 ---
2026-10-01 08:37:12,134 - INFO - 
****************************************************************************************************
2026-10-01 08:37:13,970 - INFO - --- training epoch 248, loss 0.0087, mae 0.0976, rmse 0.1321, time elapsed(min) 0.02---
2026-10-01 08:37:14,189 - INFO - --- validation at epoch 248, val_loss 0.0069, val_mae 0.0901, val_rmse 0.1222, val_r2 0.8139, val_pearson 0.9023, lr 1.00e-06 ---
2026-10-01 08:37:14,189 - INFO - 
****************************************************************************************************
2026-10-01 08:37:15,865 - INFO - --- training epoch 249, loss 0.0085, mae 0.0965, rmse 0.1301, time elapsed(min) 0.02---
2026-10-01 08:37:16,094 - INFO - --- validation at epoch 249, val_loss 0.0069, val_mae 0.0901, val_rmse 0.1222, val_r2 0.8139, val_pearson 0.9023, lr 1.00e-06 ---
2026-10-01 08:37:16,094 - INFO - 
****************************************************************************************************
2026-10-01 08:37:17,720 - INFO - --- training epoch 250, loss 0.0086, mae 0.0976, rmse 0.1315, time elapsed(min) 0.02---
2026-10-01 08:37:18,048 - INFO - --- validation at epoch 250, val_loss 0.0069, val_mae 0.0902, val_rmse 0.1223, val_r2 0.8138, val_pearson 0.9022, lr 1.00e-06 ---
2026-10-01 08:37:18,048 - INFO - 
****************************************************************************************************
2026-10-01 08:37:19,716 - INFO - --- training epoch 251, loss 0.0088, mae 0.0987, rmse 0.1327, time elapsed(min) 0.02---
2026-10-01 08:37:20,092 - INFO - --- validation at epoch 251, val_loss 0.0069, val_mae 0.0903, val_rmse 0.1223, val_r2 0.8137, val_pearson 0.9022, lr 1.00e-06 ---
2026-10-01 08:37:20,092 - INFO - 
****************************************************************************************************
2026-10-01 08:37:21,907 - INFO - --- training epoch 252, loss 0.0086, mae 0.0973, rmse 0.1313, time elapsed(min) 0.02---
2026-10-01 08:37:22,112 - INFO - --- validation at epoch 252, val_loss 0.0069, val_mae 0.0903, val_rmse 0.1223, val_r2 0.8136, val_pearson 0.9022, lr 1.00e-06 ---
2026-10-01 08:37:22,112 - INFO - 
****************************************************************************************************
2026-10-01 08:37:23,842 - INFO - --- training epoch 253, loss 0.0088, mae 0.0983, rmse 0.1323, time elapsed(min) 0.02---
2026-10-01 08:37:24,085 - INFO - --- validation at epoch 253, val_loss 0.0069, val_mae 0.0903, val_rmse 0.1223, val_r2 0.8137, val_pearson 0.9022, lr 1.00e-06 ---
2026-10-01 08:37:24,085 - INFO - 
****************************************************************************************************
2026-10-01 08:37:25,744 - INFO - --- training epoch 254, loss 0.0087, mae 0.0984, rmse 0.1322, time elapsed(min) 0.02---
2026-10-01 08:37:26,129 - INFO - --- validation at epoch 254, val_loss 0.0069, val_mae 0.0903, val_rmse 0.1223, val_r2 0.8136, val_pearson 0.9021, lr 1.00e-06 ---
2026-10-01 08:37:26,129 - INFO - 
****************************************************************************************************
2026-10-01 08:37:27,902 - INFO - --- training epoch 255, loss 0.0089, mae 0.0984, rmse 0.1335, time elapsed(min) 0.02---
2026-10-01 08:37:28,106 - INFO - --- validation at epoch 255, val_loss 0.0069, val_mae 0.0904, val_rmse 0.1224, val_r2 0.8135, val_pearson 0.9021, lr 1.00e-06 ---
2026-10-01 08:37:28,107 - INFO - 
****************************************************************************************************
2026-10-01 08:37:29,651 - INFO - --- training epoch 256, loss 0.0084, mae 0.0965, rmse 0.1300, time elapsed(min) 0.02---
2026-10-01 08:37:29,854 - INFO - --- validation at epoch 256, val_loss 0.0069, val_mae 0.0903, val_rmse 0.1224, val_r2 0.8135, val_pearson 0.9021, lr 1.00e-06 ---
2026-10-01 08:37:29,854 - INFO - 
****************************************************************************************************
2026-10-01 08:37:31,403 - INFO - --- training epoch 257, loss 0.0086, mae 0.0969, rmse 0.1314, time elapsed(min) 0.02---
2026-10-01 08:37:31,736 - INFO - --- validation at epoch 257, val_loss 0.0069, val_mae 0.0903, val_rmse 0.1224, val_r2 0.8135, val_pearson 0.9021, lr 1.00e-06 ---
2026-10-01 08:37:31,736 - INFO - 
****************************************************************************************************
2026-10-01 08:37:33,537 - INFO - --- training epoch 258, loss 0.0087, mae 0.0975, rmse 0.1317, time elapsed(min) 0.03---
2026-10-01 08:37:33,739 - INFO - --- validation at epoch 258, val_loss 0.0069, val_mae 0.0903, val_rmse 0.1224, val_r2 0.8135, val_pearson 0.9021, lr 1.00e-06 ---
2026-10-01 08:37:33,739 - INFO - 
****************************************************************************************************
2026-10-01 08:37:35,445 - INFO - --- training epoch 259, loss 0.0086, mae 0.0972, rmse 0.1312, time elapsed(min) 0.02---
2026-10-01 08:37:35,656 - INFO - --- validation at epoch 259, val_loss 0.0069, val_mae 0.0903, val_rmse 0.1223, val_r2 0.8136, val_pearson 0.9021, lr 1.00e-06 ---
2026-10-01 08:37:35,656 - INFO - 
****************************************************************************************************
2026-10-01 08:37:37,234 - INFO - --- training epoch 260, loss 0.0088, mae 0.0978, rmse 0.1328, time elapsed(min) 0.02---
2026-10-01 08:37:37,559 - INFO - --- validation at epoch 260, val_loss 0.0069, val_mae 0.0903, val_rmse 0.1223, val_r2 0.8136, val_pearson 0.9021, lr 1.00e-06 ---
2026-10-01 08:37:37,559 - INFO - 
****************************************************************************************************
2026-10-01 08:37:39,184 - INFO - --- training epoch 261, loss 0.0089, mae 0.0993, rmse 0.1333, time elapsed(min) 0.02---
2026-10-01 08:37:39,558 - INFO - --- validation at epoch 261, val_loss 0.0069, val_mae 0.0903, val_rmse 0.1223, val_r2 0.8136, val_pearson 0.9021, lr 1.00e-06 ---
2026-10-01 08:37:39,558 - INFO - 
****************************************************************************************************
2026-10-01 08:37:41,238 - INFO - --- training epoch 262, loss 0.0088, mae 0.0973, rmse 0.1326, time elapsed(min) 0.02---
2026-10-01 08:37:41,449 - INFO - --- validation at epoch 262, val_loss 0.0069, val_mae 0.0902, val_rmse 0.1223, val_r2 0.8137, val_pearson 0.9022, lr 1.00e-06 ---
2026-10-01 08:37:41,449 - INFO - 
****************************************************************************************************
2026-10-01 08:37:43,008 - INFO - --- training epoch 263, loss 0.0087, mae 0.0975, rmse 0.1317, time elapsed(min) 0.02---
2026-10-01 08:37:43,211 - INFO - --- validation at epoch 263, val_loss 0.0069, val_mae 0.0902, val_rmse 0.1223, val_r2 0.8137, val_pearson 0.9022, lr 1.00e-06 ---
2026-10-01 08:37:43,211 - INFO - 
****************************************************************************************************
2026-10-01 08:37:44,862 - INFO - --- training epoch 264, loss 0.0086, mae 0.0969, rmse 0.1308, time elapsed(min) 0.02---
2026-10-01 08:37:45,268 - INFO - --- validation at epoch 264, val_loss 0.0069, val_mae 0.0902, val_rmse 0.1223, val_r2 0.8138, val_pearson 0.9022, lr 1.00e-06 ---
2026-10-01 08:37:45,268 - INFO - 
****************************************************************************************************
2026-10-01 08:37:47,102 - INFO - --- training epoch 265, loss 0.0087, mae 0.0970, rmse 0.1320, time elapsed(min) 0.03---
2026-10-01 08:37:47,303 - INFO - --- validation at epoch 265, val_loss 0.0069, val_mae 0.0902, val_rmse 0.1223, val_r2 0.8138, val_pearson 0.9022, lr 1.00e-06 ---
2026-10-01 08:37:47,303 - INFO - 
****************************************************************************************************
2026-10-01 08:37:48,913 - INFO - --- training epoch 266, loss 0.0088, mae 0.0979, rmse 0.1326, time elapsed(min) 0.02---
2026-10-01 08:37:49,116 - INFO - --- validation at epoch 266, val_loss 0.0069, val_mae 0.0903, val_rmse 0.1223, val_r2 0.8138, val_pearson 0.9022, lr 1.00e-06 ---
2026-10-01 08:37:49,116 - INFO - 
****************************************************************************************************
2026-10-01 08:37:50,695 - INFO - --- training epoch 267, loss 0.0088, mae 0.0982, rmse 0.1330, time elapsed(min) 0.02---
2026-10-01 08:37:51,025 - INFO - --- validation at epoch 267, val_loss 0.0069, val_mae 0.0903, val_rmse 0.1222, val_r2 0.8139, val_pearson 0.9023, lr 1.00e-06 ---
2026-10-01 08:37:51,025 - INFO - 
****************************************************************************************************
2026-10-01 08:37:52,711 - INFO - --- training epoch 268, loss 0.0086, mae 0.0962, rmse 0.1309, time elapsed(min) 0.02---
2026-10-01 08:37:53,089 - INFO - --- validation at epoch 268, val_loss 0.0069, val_mae 0.0903, val_rmse 0.1222, val_r2 0.8139, val_pearson 0.9023, lr 1.00e-06 ---
2026-10-01 08:37:53,089 - INFO - 
****************************************************************************************************
2026-10-01 08:37:54,743 - INFO - --- training epoch 269, loss 0.0088, mae 0.0983, rmse 0.1328, time elapsed(min) 0.02---
2026-10-01 08:37:54,947 - INFO - --- validation at epoch 269, val_loss 0.0069, val_mae 0.0902, val_rmse 0.1222, val_r2 0.8140, val_pearson 0.9023, lr 1.00e-06 ---
2026-10-01 08:37:54,947 - INFO - 
****************************************************************************************************
2026-10-01 08:37:56,511 - INFO - --- training epoch 270, loss 0.0088, mae 0.0984, rmse 0.1326, time elapsed(min) 0.02---
2026-10-01 08:37:56,712 - INFO - --- validation at epoch 270, val_loss 0.0069, val_mae 0.0902, val_rmse 0.1222, val_r2 0.8139, val_pearson 0.9023, lr 1.00e-06 ---
2026-10-01 08:37:56,712 - INFO - 
****************************************************************************************************
2026-10-01 08:37:58,358 - INFO - --- training epoch 271, loss 0.0086, mae 0.0971, rmse 0.1312, time elapsed(min) 0.02---
2026-10-01 08:37:58,759 - INFO - --- validation at epoch 271, val_loss 0.0069, val_mae 0.0902, val_rmse 0.1222, val_r2 0.8139, val_pearson 0.9023, lr 1.00e-06 ---
2026-10-01 08:37:58,759 - INFO - 
****************************************************************************************************
2026-10-01 08:38:00,490 - INFO - --- training epoch 272, loss 0.0088, mae 0.0985, rmse 0.1329, time elapsed(min) 0.02---
2026-10-01 08:38:00,700 - INFO - --- validation at epoch 272, val_loss 0.0069, val_mae 0.0902, val_rmse 0.1222, val_r2 0.8139, val_pearson 0.9023, lr 1.00e-06 ---
2026-10-01 08:38:00,700 - INFO - 
****************************************************************************************************
2026-10-01 08:38:02,305 - INFO - --- training epoch 273, loss 0.0085, mae 0.0969, rmse 0.1304, time elapsed(min) 0.02---
2026-10-01 08:38:02,510 - INFO - --- validation at epoch 273, val_loss 0.0069, val_mae 0.0902, val_rmse 0.1222, val_r2 0.8140, val_pearson 0.9024, lr 1.00e-06 ---
2026-10-01 08:38:02,510 - INFO - 
****************************************************************************************************
2026-10-01 08:38:04,145 - INFO - --- training epoch 274, loss 0.0087, mae 0.0973, rmse 0.1317, time elapsed(min) 0.02---
2026-10-01 08:38:04,480 - INFO - --- validation at epoch 274, val_loss 0.0069, val_mae 0.0902, val_rmse 0.1222, val_r2 0.8139, val_pearson 0.9023, lr 1.00e-06 ---
2026-10-01 08:38:04,480 - INFO - 
****************************************************************************************************
2026-10-01 08:38:06,244 - INFO - --- training epoch 275, loss 0.0088, mae 0.0980, rmse 0.1324, time elapsed(min) 0.02---
2026-10-01 08:38:06,450 - INFO - --- validation at epoch 275, val_loss 0.0069, val_mae 0.0902, val_rmse 0.1223, val_r2 0.8138, val_pearson 0.9023, lr 1.00e-06 ---
2026-10-01 08:38:06,450 - INFO - 
****************************************************************************************************
2026-10-01 08:38:08,009 - INFO - --- training epoch 276, loss 0.0089, mae 0.0990, rmse 0.1331, time elapsed(min) 0.02---
2026-10-01 08:38:08,213 - INFO - --- validation at epoch 276, val_loss 0.0069, val_mae 0.0902, val_rmse 0.1223, val_r2 0.8138, val_pearson 0.9022, lr 1.00e-06 ---
2026-10-01 08:38:08,213 - INFO - 
****************************************************************************************************
2026-10-01 08:38:09,771 - INFO - --- training epoch 277, loss 0.0088, mae 0.0975, rmse 0.1325, time elapsed(min) 0.02---
2026-10-01 08:38:09,990 - INFO - --- validation at epoch 277, val_loss 0.0069, val_mae 0.0902, val_rmse 0.1223, val_r2 0.8137, val_pearson 0.9022, lr 1.00e-06 ---
2026-10-01 08:38:09,990 - INFO - 
****************************************************************************************************
2026-10-01 08:38:11,652 - INFO - --- training epoch 278, loss 0.0088, mae 0.0977, rmse 0.1327, time elapsed(min) 0.02---
2026-10-01 08:38:12,133 - INFO - --- validation at epoch 278, val_loss 0.0069, val_mae 0.0903, val_rmse 0.1223, val_r2 0.8136, val_pearson 0.9021, lr 1.00e-06 ---
2026-10-01 08:38:12,134 - INFO - 
****************************************************************************************************
2026-10-01 08:38:13,663 - INFO - --- training epoch 279, loss 0.0087, mae 0.0979, rmse 0.1323, time elapsed(min) 0.02---
2026-10-01 08:38:13,890 - INFO - --- validation at epoch 279, val_loss 0.0069, val_mae 0.0902, val_rmse 0.1223, val_r2 0.8137, val_pearson 0.9022, lr 1.00e-06 ---
2026-10-01 08:38:13,890 - INFO - 
****************************************************************************************************
2026-10-01 08:38:15,448 - INFO - --- training epoch 280, loss 0.0085, mae 0.0970, rmse 0.1304, time elapsed(min) 0.02---
2026-10-01 08:38:15,653 - INFO - --- validation at epoch 280, val_loss 0.0069, val_mae 0.0903, val_rmse 0.1223, val_r2 0.8138, val_pearson 0.9022, lr 1.00e-06 ---
2026-10-01 08:38:15,653 - INFO - 
****************************************************************************************************
2026-10-01 08:38:17,229 - INFO - --- training epoch 281, loss 0.0087, mae 0.0977, rmse 0.1319, time elapsed(min) 0.02---
2026-10-01 08:38:17,626 - INFO - --- validation at epoch 281, val_loss 0.0069, val_mae 0.0903, val_rmse 0.1223, val_r2 0.8138, val_pearson 0.9022, lr 1.00e-06 ---
2026-10-01 08:38:17,626 - INFO - 
****************************************************************************************************
2026-10-01 08:38:19,298 - INFO - --- training epoch 282, loss 0.0088, mae 0.0983, rmse 0.1329, time elapsed(min) 0.02---
2026-10-01 08:38:19,508 - INFO - --- validation at epoch 282, val_loss 0.0069, val_mae 0.0903, val_rmse 0.1223, val_r2 0.8137, val_pearson 0.9022, lr 1.00e-06 ---
2026-10-01 08:38:19,509 - INFO - 
****************************************************************************************************
2026-10-01 08:38:21,132 - INFO - --- training epoch 283, loss 0.0089, mae 0.0994, rmse 0.1338, time elapsed(min) 0.02---
2026-10-01 08:38:21,342 - INFO - --- validation at epoch 283, val_loss 0.0069, val_mae 0.0903, val_rmse 0.1223, val_r2 0.8137, val_pearson 0.9022, lr 1.00e-06 ---
2026-10-01 08:38:21,343 - INFO - 
****************************************************************************************************
2026-10-01 08:38:22,887 - INFO - --- training epoch 284, loss 0.0088, mae 0.0978, rmse 0.1325, time elapsed(min) 0.02---
2026-10-01 08:38:23,215 - INFO - --- validation at epoch 284, val_loss 0.0069, val_mae 0.0903, val_rmse 0.1223, val_r2 0.8137, val_pearson 0.9022, lr 1.00e-06 ---
2026-10-01 08:38:23,215 - INFO - 
****************************************************************************************************
2026-10-01 08:38:24,984 - INFO - --- training epoch 285, loss 0.0088, mae 0.0982, rmse 0.1329, time elapsed(min) 0.03---
2026-10-01 08:38:25,188 - INFO - --- validation at epoch 285, val_loss 0.0069, val_mae 0.0903, val_rmse 0.1223, val_r2 0.8138, val_pearson 0.9022, lr 1.00e-06 ---
2026-10-01 08:38:25,188 - INFO - 
****************************************************************************************************
2026-10-01 08:38:26,732 - INFO - --- training epoch 286, loss 0.0088, mae 0.0982, rmse 0.1329, time elapsed(min) 0.02---
2026-10-01 08:38:26,940 - INFO - --- validation at epoch 286, val_loss 0.0069, val_mae 0.0902, val_rmse 0.1222, val_r2 0.8139, val_pearson 0.9023, lr 1.00e-06 ---
2026-10-01 08:38:26,940 - INFO - 
****************************************************************************************************
2026-10-01 08:38:28,497 - INFO - --- training epoch 287, loss 0.0085, mae 0.0964, rmse 0.1301, time elapsed(min) 0.02---
2026-10-01 08:38:28,824 - INFO - --- validation at epoch 287, val_loss 0.0069, val_mae 0.0901, val_rmse 0.1222, val_r2 0.8140, val_pearson 0.9023, lr 1.00e-06 ---
2026-10-01 08:38:28,824 - INFO - 
****************************************************************************************************
2026-10-01 08:38:30,481 - INFO - --- training epoch 288, loss 0.0089, mae 0.0984, rmse 0.1332, time elapsed(min) 0.02---
2026-10-01 08:38:30,860 - INFO - --- validation at epoch 288, val_loss 0.0069, val_mae 0.0902, val_rmse 0.1222, val_r2 0.8139, val_pearson 0.9023, lr 1.00e-06 ---
2026-10-01 08:38:30,861 - INFO - 
****************************************************************************************************
2026-10-01 08:38:32,513 - INFO - --- training epoch 289, loss 0.0085, mae 0.0971, rmse 0.1306, time elapsed(min) 0.02---
2026-10-01 08:38:32,716 - INFO - --- validation at epoch 289, val_loss 0.0069, val_mae 0.0902, val_rmse 0.1222, val_r2 0.8139, val_pearson 0.9023, lr 1.00e-06 ---
2026-10-01 08:38:32,716 - INFO - 
****************************************************************************************************
2026-10-01 08:38:34,272 - INFO - --- training epoch 290, loss 0.0086, mae 0.0968, rmse 0.1314, time elapsed(min) 0.02---
2026-10-01 08:38:34,482 - INFO - --- validation at epoch 290, val_loss 0.0069, val_mae 0.0902, val_rmse 0.1222, val_r2 0.8139, val_pearson 0.9023, lr 1.00e-06 ---
2026-10-01 08:38:34,482 - INFO - 
****************************************************************************************************
2026-10-01 08:38:36,131 - INFO - --- training epoch 291, loss 0.0088, mae 0.0982, rmse 0.1323, time elapsed(min) 0.02---
2026-10-01 08:38:36,515 - INFO - --- validation at epoch 291, val_loss 0.0069, val_mae 0.0901, val_rmse 0.1222, val_r2 0.8139, val_pearson 0.9023, lr 1.00e-06 ---
2026-10-01 08:38:36,515 - INFO - 
****************************************************************************************************
2026-10-01 08:38:38,177 - INFO - --- training epoch 292, loss 0.0088, mae 0.0985, rmse 0.1328, time elapsed(min) 0.02---
2026-10-01 08:38:38,383 - INFO - --- validation at epoch 292, val_loss 0.0069, val_mae 0.0902, val_rmse 0.1222, val_r2 0.8140, val_pearson 0.9024, lr 1.00e-06 ---
2026-10-01 08:38:38,383 - INFO - 
****************************************************************************************************
2026-10-01 08:38:39,943 - INFO - --- training epoch 293, loss 0.0087, mae 0.0979, rmse 0.1322, time elapsed(min) 0.02---
2026-10-01 08:38:40,189 - INFO - --- validation at epoch 293, val_loss 0.0069, val_mae 0.0901, val_rmse 0.1222, val_r2 0.8141, val_pearson 0.9024, lr 1.00e-06 ---
2026-10-01 08:38:40,189 - INFO - 
****************************************************************************************************
2026-10-01 08:38:41,745 - INFO - --- training epoch 294, loss 0.0086, mae 0.0971, rmse 0.1310, time elapsed(min) 0.02---
2026-10-01 08:38:42,079 - INFO - --- validation at epoch 294, val_loss 0.0069, val_mae 0.0901, val_rmse 0.1222, val_r2 0.8140, val_pearson 0.9023, lr 1.00e-06 ---
2026-10-01 08:38:42,079 - INFO - 
****************************************************************************************************
2026-10-01 08:38:43,833 - INFO - --- training epoch 295, loss 0.0089, mae 0.0989, rmse 0.1335, time elapsed(min) 0.02---
2026-10-01 08:38:44,037 - INFO - --- validation at epoch 295, val_loss 0.0069, val_mae 0.0901, val_rmse 0.1222, val_r2 0.8140, val_pearson 0.9024, lr 1.00e-06 ---
2026-10-01 08:38:44,037 - INFO - 
****************************************************************************************************
2026-10-01 08:38:45,610 - INFO - --- training epoch 296, loss 0.0088, mae 0.0981, rmse 0.1327, time elapsed(min) 0.02---
2026-10-01 08:38:45,817 - INFO - --- validation at epoch 296, val_loss 0.0069, val_mae 0.0901, val_rmse 0.1222, val_r2 0.8140, val_pearson 0.9023, lr 1.00e-06 ---
2026-10-01 08:38:45,817 - INFO - 
****************************************************************************************************
2026-10-01 08:38:47,449 - INFO - --- training epoch 297, loss 0.0087, mae 0.0973, rmse 0.1315, time elapsed(min) 0.02---
2026-10-01 08:38:47,654 - INFO - --- validation at epoch 297, val_loss 0.0069, val_mae 0.0902, val_rmse 0.1222, val_r2 0.8139, val_pearson 0.9023, lr 1.00e-06 ---
2026-10-01 08:38:47,655 - INFO - 
****************************************************************************************************
2026-10-01 08:38:49,304 - INFO - --- training epoch 298, loss 0.0088, mae 0.0984, rmse 0.1324, time elapsed(min) 0.02---
2026-10-01 08:38:49,678 - INFO - --- validation at epoch 298, val_loss 0.0069, val_mae 0.0902, val_rmse 0.1222, val_r2 0.8139, val_pearson 0.9023, lr 1.00e-06 ---
2026-10-01 08:38:49,678 - INFO - 
****************************************************************************************************
2026-10-01 08:38:51,330 - INFO - --- training epoch 299, loss 0.0087, mae 0.0976, rmse 0.1320, time elapsed(min) 0.02---
2026-10-01 08:38:51,533 - INFO - --- validation at epoch 299, val_loss 0.0069, val_mae 0.0902, val_rmse 0.1223, val_r2 0.8138, val_pearson 0.9022, lr 1.00e-06 ---
2026-10-01 08:38:51,533 - INFO - 
****************************************************************************************************
2026-10-01 08:38:53,073 - INFO - --- training epoch 300, loss 0.0087, mae 0.0977, rmse 0.1322, time elapsed(min) 0.02---
2026-10-01 08:38:53,292 - INFO - --- validation at epoch 300, val_loss 0.0069, val_mae 0.0902, val_rmse 0.1223, val_r2 0.8138, val_pearson 0.9022, lr 1.00e-06 ---
2026-10-01 08:38:53,292 - INFO - 
****************************************************************************************************
2026-10-01 08:38:54,857 - INFO - --- training epoch 301, loss 0.0090, mae 0.0989, rmse 0.1341, time elapsed(min) 0.02---
2026-10-01 08:38:55,188 - INFO - --- validation at epoch 301, val_loss 0.0069, val_mae 0.0902, val_rmse 0.1223, val_r2 0.8137, val_pearson 0.9022, lr 1.00e-06 ---
2026-10-01 08:38:55,188 - INFO - 
****************************************************************************************************
2026-10-01 08:38:56,951 - INFO - --- training epoch 302, loss 0.0090, mae 0.0986, rmse 0.1339, time elapsed(min) 0.02---
2026-10-01 08:38:57,157 - INFO - --- validation at epoch 302, val_loss 0.0069, val_mae 0.0902, val_rmse 0.1223, val_r2 0.8138, val_pearson 0.9023, lr 1.00e-06 ---
2026-10-01 08:38:57,157 - INFO - 
****************************************************************************************************
2026-10-01 08:38:57,424 - INFO - --- early stopping at epoch 302: val_loss did not improve for 50 epochs ---
2026-10-01 08:38:57,662 - INFO - --- selected checkpoint from epoch 252, val_loss 0.0069, val_mae 0.0903, val_rmse 0.1223
2026-10-01 08:38:58,400 - INFO - -- RESULT
2026-10-01 08:38:58,400 - INFO - --- test size: 1728
2026-10-01 08:38:58,400 - INFO - --- MAE: 0.0967 (9.67 pp), RMSE: 0.1342 (13.42 pp), R2: 0.7701, Pearson: 0.8781
2026-10-01 08:39:00,507 - INFO - --- Suzuki-Miyaura | split_3 | ind_mlp: test R2 0.7701 MAE 0.0967 RMSE 0.1342 | 584.9s (1.9s/epoch)
2026-10-01 08:39:00,510 - INFO - --- Suzuki-Miyaura | split_4 | current model (ind/linear) (ind/linear)
