2026-10-01 09:29:05,338 - INFO - device is	cuda:0
2026-10-01 09:29:05,458 - INFO - -- CONFIGURATIONS
2026-10-01 09:29:05,458 - INFO - --- train/valid/test: 3628/404/1728
2026-10-01 09:29:05,458 - INFO - --- max no. reactants_train, valid, test respectively: 14, 14, 14
2026-10-01 09:29:05,458 - INFO - --- max no. products_train, valid, test respectively: 1, 1, 1
2026-10-01 09:29:05,458 - INFO - --- model_path: ../logs/approach2_grid_suzuki/e400/runs/Suzuki-Miyaura_split_5_approach_3/model.pt
2026-10-01 09:29:05,465 - INFO - -- TRAINING
2026-10-01 09:29:07,292 - INFO - --- training epoch 0, loss 2.4496, mae 2.8672, rmse 5.9959, time elapsed(min) 0.03---
2026-10-01 09:29:07,519 - INFO - --- validation at epoch 0, val_loss 0.0464, val_mae 0.2740, val_rmse 0.3055, val_r2 -0.1388, val_pearson 0.1060, lr 1.00e-03 ---
2026-10-01 09:29:07,519 - INFO - 
****************************************************************************************************
2026-10-01 09:29:09,481 - INFO - --- training epoch 1, loss 0.0514, mae 0.2670, rmse 0.3205, time elapsed(min) 0.03---
2026-10-01 09:29:09,721 - INFO - --- validation at epoch 1, val_loss 0.0404, val_mae 0.2436, val_rmse 0.2906, val_r2 -0.0301, val_pearson 0.2303, lr 1.00e-03 ---
2026-10-01 09:29:09,721 - INFO - 
****************************************************************************************************
2026-10-01 09:29:11,650 - INFO - --- training epoch 2, loss 0.0396, mae 0.2429, rmse 0.2815, time elapsed(min) 0.03---
2026-10-01 09:29:11,880 - INFO - --- validation at epoch 2, val_loss 0.0382, val_mae 0.2430, val_rmse 0.2821, val_r2 0.0294, val_pearson 0.2466, lr 1.00e-03 ---
2026-10-01 09:29:11,880 - INFO - 
****************************************************************************************************
2026-10-01 09:29:13,770 - INFO - --- training epoch 3, loss 0.0385, mae 0.2378, rmse 0.2773, time elapsed(min) 0.03---
2026-10-01 09:29:14,173 - INFO - --- validation at epoch 3, val_loss 0.0405, val_mae 0.2573, val_rmse 0.2880, val_r2 -0.0121, val_pearson 0.2580, lr 1.00e-03 ---
2026-10-01 09:29:14,173 - INFO - 
****************************************************************************************************
2026-10-01 09:29:16,211 - INFO - --- training epoch 4, loss 0.0379, mae 0.2363, rmse 0.2753, time elapsed(min) 0.03---
2026-10-01 09:29:16,441 - INFO - --- validation at epoch 4, val_loss 0.0366, val_mae 0.2396, val_rmse 0.2765, val_r2 0.0670, val_pearson 0.2722, lr 1.00e-03 ---
2026-10-01 09:29:16,441 - INFO - 
****************************************************************************************************
2026-10-01 09:29:18,308 - INFO - --- training epoch 5, loss 0.0379, mae 0.2353, rmse 0.2755, time elapsed(min) 0.03---
2026-10-01 09:29:18,563 - INFO - --- validation at epoch 5, val_loss 0.0365, val_mae 0.2404, val_rmse 0.2755, val_r2 0.0738, val_pearson 0.2878, lr 1.00e-03 ---
2026-10-01 09:29:18,563 - INFO - 
****************************************************************************************************
2026-10-01 09:29:20,480 - INFO - --- training epoch 6, loss 0.0379, mae 0.2358, rmse 0.2753, time elapsed(min) 0.03---
2026-10-01 09:29:20,859 - INFO - --- validation at epoch 6, val_loss 0.0362, val_mae 0.2375, val_rmse 0.2748, val_r2 0.0789, val_pearson 0.3019, lr 1.00e-03 ---
2026-10-01 09:29:20,859 - INFO - 
****************************************************************************************************
2026-10-01 09:29:22,872 - INFO - --- training epoch 7, loss 0.0367, mae 0.2320, rmse 0.2709, time elapsed(min) 0.03---
2026-10-01 09:29:23,411 - INFO - --- validation at epoch 7, val_loss 0.0357, val_mae 0.2338, val_rmse 0.2723, val_r2 0.0953, val_pearson 0.3288, lr 1.00e-03 ---
2026-10-01 09:29:23,411 - INFO - 
****************************************************************************************************
2026-10-01 09:29:25,356 - INFO - --- training epoch 8, loss 0.0383, mae 0.2347, rmse 0.2769, time elapsed(min) 0.03---
2026-10-01 09:29:25,585 - INFO - --- validation at epoch 8, val_loss 0.0367, val_mae 0.2439, val_rmse 0.2747, val_r2 0.0793, val_pearson 0.3360, lr 1.00e-03 ---
2026-10-01 09:29:25,585 - INFO - 
****************************************************************************************************
2026-10-01 09:29:27,403 - INFO - --- training epoch 9, loss 0.0360, mae 0.2293, rmse 0.2683, time elapsed(min) 0.03---
2026-10-01 09:29:27,633 - INFO - --- validation at epoch 9, val_loss 0.0354, val_mae 0.2279, val_rmse 0.2702, val_r2 0.1092, val_pearson 0.3625, lr 1.00e-03 ---
2026-10-01 09:29:27,633 - INFO - 
****************************************************************************************************
2026-10-01 09:29:29,800 - INFO - --- training epoch 10, loss 0.0360, mae 0.2280, rmse 0.2684, time elapsed(min) 0.03---
2026-10-01 09:29:30,377 - INFO - --- validation at epoch 10, val_loss 0.0350, val_mae 0.2256, val_rmse 0.2677, val_r2 0.1254, val_pearson 0.3861, lr 1.00e-03 ---
2026-10-01 09:29:30,377 - INFO - 
****************************************************************************************************
2026-10-01 09:29:32,393 - INFO - --- training epoch 11, loss 0.0357, mae 0.2261, rmse 0.2674, time elapsed(min) 0.03---
2026-10-01 09:29:32,626 - INFO - --- validation at epoch 11, val_loss 0.0337, val_mae 0.2234, val_rmse 0.2615, val_r2 0.1658, val_pearson 0.4156, lr 1.00e-03 ---
2026-10-01 09:29:32,626 - INFO - 
****************************************************************************************************
2026-10-01 09:29:34,508 - INFO - --- training epoch 12, loss 0.0337, mae 0.2178, rmse 0.2594, time elapsed(min) 0.03---
2026-10-01 09:29:34,737 - INFO - --- validation at epoch 12, val_loss 0.0320, val_mae 0.2147, val_rmse 0.2533, val_r2 0.2174, val_pearson 0.4734, lr 1.00e-03 ---
2026-10-01 09:29:34,737 - INFO - 
****************************************************************************************************
2026-10-01 09:29:36,712 - INFO - --- training epoch 13, loss 0.0360, mae 0.2241, rmse 0.2683, time elapsed(min) 0.03---
2026-10-01 09:29:37,129 - INFO - --- validation at epoch 13, val_loss 0.0323, val_mae 0.2149, val_rmse 0.2548, val_r2 0.2080, val_pearson 0.4733, lr 1.00e-03 ---
2026-10-01 09:29:37,129 - INFO - 
****************************************************************************************************
2026-10-01 09:29:39,179 - INFO - --- training epoch 14, loss 0.0314, mae 0.2076, rmse 0.2508, time elapsed(min) 0.03---
2026-10-01 09:29:39,407 - INFO - --- validation at epoch 14, val_loss 0.0291, val_mae 0.2025, val_rmse 0.2408, val_r2 0.2925, val_pearson 0.5474, lr 1.00e-03 ---
2026-10-01 09:29:39,407 - INFO - 
****************************************************************************************************
2026-10-01 09:29:41,290 - INFO - --- training epoch 15, loss 0.0299, mae 0.2015, rmse 0.2445, time elapsed(min) 0.03---
2026-10-01 09:29:41,516 - INFO - --- validation at epoch 15, val_loss 0.0281, val_mae 0.1937, val_rmse 0.2367, val_r2 0.3163, val_pearson 0.5992, lr 1.00e-03 ---
2026-10-01 09:29:41,516 - INFO - 
****************************************************************************************************
2026-10-01 09:29:43,533 - INFO - --- training epoch 16, loss 0.0282, mae 0.1955, rmse 0.2373, time elapsed(min) 0.03---
2026-10-01 09:29:43,916 - INFO - --- validation at epoch 16, val_loss 0.0247, val_mae 0.1793, val_rmse 0.2175, val_r2 0.4230, val_pearson 0.6511, lr 1.00e-03 ---
2026-10-01 09:29:43,916 - INFO - 
****************************************************************************************************
2026-10-01 09:29:46,105 - INFO - --- training epoch 17, loss 0.0244, mae 0.1812, rmse 0.2208, time elapsed(min) 0.03---
2026-10-01 09:29:46,333 - INFO - --- validation at epoch 17, val_loss 0.0215, val_mae 0.1702, val_rmse 0.2094, val_r2 0.4648, val_pearson 0.7060, lr 1.00e-03 ---
2026-10-01 09:29:46,334 - INFO - 
****************************************************************************************************
2026-10-01 09:29:48,255 - INFO - --- training epoch 18, loss 0.0298, mae 0.1977, rmse 0.2440, time elapsed(min) 0.03---
2026-10-01 09:29:48,491 - INFO - --- validation at epoch 18, val_loss 0.0236, val_mae 0.1774, val_rmse 0.2181, val_r2 0.4196, val_pearson 0.6741, lr 1.00e-03 ---
2026-10-01 09:29:48,491 - INFO - 
****************************************************************************************************
2026-10-01 09:29:50,327 - INFO - --- training epoch 19, loss 0.0235, mae 0.1755, rmse 0.2166, time elapsed(min) 0.03---
2026-10-01 09:29:50,704 - INFO - --- validation at epoch 19, val_loss 0.0206, val_mae 0.1631, val_rmse 0.2021, val_r2 0.5017, val_pearson 0.7136, lr 1.00e-03 ---
2026-10-01 09:29:50,704 - INFO - 
****************************************************************************************************
2026-10-01 09:29:52,751 - INFO - --- training epoch 20, loss 0.0218, mae 0.1680, rmse 0.2089, time elapsed(min) 0.03---
2026-10-01 09:29:53,171 - INFO - --- validation at epoch 20, val_loss 0.0199, val_mae 0.1607, val_rmse 0.2019, val_r2 0.5026, val_pearson 0.7287, lr 1.00e-03 ---
2026-10-01 09:29:53,171 - INFO - 
****************************************************************************************************
2026-10-01 09:29:55,211 - INFO - --- training epoch 21, loss 0.0214, mae 0.1658, rmse 0.2067, time elapsed(min) 0.03---
2026-10-01 09:29:55,441 - INFO - --- validation at epoch 21, val_loss 0.0197, val_mae 0.1552, val_rmse 0.1998, val_r2 0.5131, val_pearson 0.7258, lr 1.00e-03 ---
2026-10-01 09:29:55,441 - INFO - 
****************************************************************************************************
2026-10-01 09:29:57,345 - INFO - --- training epoch 22, loss 0.0212, mae 0.1652, rmse 0.2058, time elapsed(min) 0.03---
2026-10-01 09:29:57,572 - INFO - --- validation at epoch 22, val_loss 0.0202, val_mae 0.1578, val_rmse 0.2037, val_r2 0.4937, val_pearson 0.7303, lr 1.00e-03 ---
2026-10-01 09:29:57,573 - INFO - 
****************************************************************************************************
2026-10-01 09:29:59,432 - INFO - --- training epoch 23, loss 0.0215, mae 0.1662, rmse 0.2071, time elapsed(min) 0.03---
2026-10-01 09:29:59,857 - INFO - --- validation at epoch 23, val_loss 0.0204, val_mae 0.1587, val_rmse 0.2047, val_r2 0.4890, val_pearson 0.7316, lr 1.00e-03 ---
2026-10-01 09:29:59,857 - INFO - 
****************************************************************************************************
2026-10-01 09:30:01,826 - INFO - --- training epoch 24, loss 0.0220, mae 0.1684, rmse 0.2095, time elapsed(min) 0.03---
2026-10-01 09:30:02,058 - INFO - --- validation at epoch 24, val_loss 0.0208, val_mae 0.1607, val_rmse 0.2078, val_r2 0.4732, val_pearson 0.7341, lr 1.00e-03 ---
2026-10-01 09:30:02,058 - INFO - 
****************************************************************************************************
2026-10-01 09:30:03,997 - INFO - --- training epoch 25, loss 0.0220, mae 0.1679, rmse 0.2098, time elapsed(min) 0.03---
2026-10-01 09:30:04,229 - INFO - --- validation at epoch 25, val_loss 0.0196, val_mae 0.1550, val_rmse 0.2019, val_r2 0.5026, val_pearson 0.7351, lr 1.00e-03 ---
2026-10-01 09:30:04,230 - INFO - 
****************************************************************************************************
2026-10-01 09:30:06,317 - INFO - --- training epoch 26, loss 0.0207, mae 0.1629, rmse 0.2037, time elapsed(min) 0.03---
2026-10-01 09:30:06,713 - INFO - --- validation at epoch 26, val_loss 0.0178, val_mae 0.1486, val_rmse 0.1918, val_r2 0.5513, val_pearson 0.7502, lr 1.00e-03 ---
2026-10-01 09:30:06,713 - INFO - 
****************************************************************************************************
2026-10-01 09:30:08,939 - INFO - --- training epoch 27, loss 0.0195, mae 0.1575, rmse 0.1974, time elapsed(min) 0.03---
2026-10-01 09:30:09,171 - INFO - --- validation at epoch 27, val_loss 0.0190, val_mae 0.1559, val_rmse 0.2019, val_r2 0.5028, val_pearson 0.7558, lr 1.00e-03 ---
2026-10-01 09:30:09,171 - INFO - 
****************************************************************************************************
2026-10-01 09:30:11,016 - INFO - --- training epoch 28, loss 0.0208, mae 0.1628, rmse 0.2040, time elapsed(min) 0.03---
2026-10-01 09:30:11,241 - INFO - --- validation at epoch 28, val_loss 0.0187, val_mae 0.1554, val_rmse 0.1998, val_r2 0.5130, val_pearson 0.7630, lr 1.00e-03 ---
2026-10-01 09:30:11,241 - INFO - 
****************************************************************************************************
2026-10-01 09:30:13,066 - INFO - --- training epoch 29, loss 0.0201, mae 0.1596, rmse 0.2004, time elapsed(min) 0.03---
2026-10-01 09:30:13,296 - INFO - --- validation at epoch 29, val_loss 0.0182, val_mae 0.1518, val_rmse 0.1971, val_r2 0.5260, val_pearson 0.7517, lr 1.00e-03 ---
2026-10-01 09:30:13,296 - INFO - 
****************************************************************************************************
2026-10-01 09:30:15,268 - INFO - --- training epoch 30, loss 0.0205, mae 0.1608, rmse 0.2025, time elapsed(min) 0.03---
2026-10-01 09:30:15,676 - INFO - --- validation at epoch 30, val_loss 0.0176, val_mae 0.1474, val_rmse 0.1926, val_r2 0.5472, val_pearson 0.7477, lr 1.00e-03 ---
2026-10-01 09:30:15,676 - INFO - 
****************************************************************************************************
2026-10-01 09:30:17,831 - INFO - --- training epoch 31, loss 0.0197, mae 0.1570, rmse 0.1987, time elapsed(min) 0.03---
2026-10-01 09:30:18,062 - INFO - --- validation at epoch 31, val_loss 0.0176, val_mae 0.1503, val_rmse 0.1952, val_r2 0.5351, val_pearson 0.7635, lr 1.00e-03 ---
2026-10-01 09:30:18,062 - INFO - 
****************************************************************************************************
2026-10-01 09:30:19,934 - INFO - --- training epoch 32, loss 0.0200, mae 0.1585, rmse 0.2001, time elapsed(min) 0.03---
2026-10-01 09:30:20,160 - INFO - --- validation at epoch 32, val_loss 0.0169, val_mae 0.1486, val_rmse 0.1893, val_r2 0.5629, val_pearson 0.7694, lr 1.00e-03 ---
2026-10-01 09:30:20,160 - INFO - 
****************************************************************************************************
2026-10-01 09:30:22,197 - INFO - --- training epoch 33, loss 0.0190, mae 0.1527, rmse 0.1947, time elapsed(min) 0.03---
2026-10-01 09:30:22,615 - INFO - --- validation at epoch 33, val_loss 0.0165, val_mae 0.1456, val_rmse 0.1878, val_r2 0.5698, val_pearson 0.7693, lr 1.00e-03 ---
2026-10-01 09:30:22,615 - INFO - 
****************************************************************************************************
2026-10-01 09:30:24,822 - INFO - --- training epoch 34, loss 0.0181, mae 0.1489, rmse 0.1903, time elapsed(min) 0.03---
2026-10-01 09:30:25,052 - INFO - --- validation at epoch 34, val_loss 0.0163, val_mae 0.1409, val_rmse 0.1865, val_r2 0.5756, val_pearson 0.7705, lr 1.00e-03 ---
2026-10-01 09:30:25,052 - INFO - 
****************************************************************************************************
2026-10-01 09:30:26,963 - INFO - --- training epoch 35, loss 0.0180, mae 0.1487, rmse 0.1900, time elapsed(min) 0.03---
2026-10-01 09:30:27,194 - INFO - --- validation at epoch 35, val_loss 0.0161, val_mae 0.1410, val_rmse 0.1855, val_r2 0.5804, val_pearson 0.7720, lr 1.00e-03 ---
2026-10-01 09:30:27,195 - INFO - 
****************************************************************************************************
2026-10-01 09:30:29,121 - INFO - --- training epoch 36, loss 0.0178, mae 0.1484, rmse 0.1888, time elapsed(min) 0.03---
2026-10-01 09:30:29,506 - INFO - --- validation at epoch 36, val_loss 0.0181, val_mae 0.1506, val_rmse 0.1999, val_r2 0.5122, val_pearson 0.7692, lr 1.00e-03 ---
2026-10-01 09:30:29,506 - INFO - 
****************************************************************************************************
2026-10-01 09:30:31,550 - INFO - --- training epoch 37, loss 0.0185, mae 0.1507, rmse 0.1925, time elapsed(min) 0.03---
2026-10-01 09:30:31,991 - INFO - --- validation at epoch 37, val_loss 0.0174, val_mae 0.1479, val_rmse 0.1947, val_r2 0.5377, val_pearson 0.7588, lr 1.00e-03 ---
2026-10-01 09:30:31,991 - INFO - 
****************************************************************************************************
2026-10-01 09:30:33,942 - INFO - --- training epoch 38, loss 0.0180, mae 0.1488, rmse 0.1898, time elapsed(min) 0.03---
2026-10-01 09:30:34,176 - INFO - --- validation at epoch 38, val_loss 0.0159, val_mae 0.1412, val_rmse 0.1849, val_r2 0.5831, val_pearson 0.7823, lr 1.00e-03 ---
2026-10-01 09:30:34,176 - INFO - 
****************************************************************************************************
2026-10-01 09:30:36,104 - INFO - --- training epoch 39, loss 0.0210, mae 0.1619, rmse 0.2047, time elapsed(min) 0.03---
2026-10-01 09:30:36,337 - INFO - --- validation at epoch 39, val_loss 0.0264, val_mae 0.1886, val_rmse 0.2268, val_r2 0.3724, val_pearson 0.7681, lr 1.00e-03 ---
2026-10-01 09:30:36,337 - INFO - 
****************************************************************************************************
2026-10-01 09:30:38,269 - INFO - --- training epoch 40, loss 0.0173, mae 0.1453, rmse 0.1858, time elapsed(min) 0.03---
2026-10-01 09:30:38,697 - INFO - --- validation at epoch 40, val_loss 0.0155, val_mae 0.1403, val_rmse 0.1847, val_r2 0.5839, val_pearson 0.7784, lr 1.00e-03 ---
2026-10-01 09:30:38,697 - INFO - 
****************************************************************************************************
2026-10-01 09:30:40,855 - INFO - --- training epoch 41, loss 0.0164, mae 0.1405, rmse 0.1811, time elapsed(min) 0.03---
2026-10-01 09:30:41,115 - INFO - --- validation at epoch 41, val_loss 0.0160, val_mae 0.1421, val_rmse 0.1883, val_r2 0.5674, val_pearson 0.7760, lr 1.00e-03 ---
2026-10-01 09:30:41,115 - INFO - 
****************************************************************************************************
2026-10-01 09:30:42,934 - INFO - --- training epoch 42, loss 0.0168, mae 0.1437, rmse 0.1831, time elapsed(min) 0.03---
2026-10-01 09:30:43,162 - INFO - --- validation at epoch 42, val_loss 0.0154, val_mae 0.1388, val_rmse 0.1818, val_r2 0.5970, val_pearson 0.7922, lr 1.00e-03 ---
2026-10-01 09:30:43,162 - INFO - 
****************************************************************************************************
2026-10-01 09:30:45,198 - INFO - --- training epoch 43, loss 0.0165, mae 0.1422, rmse 0.1819, time elapsed(min) 0.03---
2026-10-01 09:30:45,592 - INFO - --- validation at epoch 43, val_loss 0.0160, val_mae 0.1413, val_rmse 0.1862, val_r2 0.5770, val_pearson 0.7969, lr 1.00e-03 ---
2026-10-01 09:30:45,592 - INFO - 
****************************************************************************************************
2026-10-01 09:30:47,694 - INFO - --- training epoch 44, loss 0.0167, mae 0.1428, rmse 0.1827, time elapsed(min) 0.03---
2026-10-01 09:30:47,927 - INFO - --- validation at epoch 44, val_loss 0.0163, val_mae 0.1438, val_rmse 0.1888, val_r2 0.5649, val_pearson 0.7906, lr 1.00e-03 ---
2026-10-01 09:30:47,927 - INFO - 
****************************************************************************************************
2026-10-01 09:30:49,761 - INFO - --- training epoch 45, loss 0.0170, mae 0.1446, rmse 0.1842, time elapsed(min) 0.03---
2026-10-01 09:30:49,996 - INFO - --- validation at epoch 45, val_loss 0.0156, val_mae 0.1422, val_rmse 0.1869, val_r2 0.5740, val_pearson 0.7904, lr 1.00e-03 ---
2026-10-01 09:30:49,996 - INFO - 
****************************************************************************************************
2026-10-01 09:30:51,847 - INFO - --- training epoch 46, loss 0.0162, mae 0.1403, rmse 0.1802, time elapsed(min) 0.03---
2026-10-01 09:30:52,213 - INFO - --- validation at epoch 46, val_loss 0.0153, val_mae 0.1429, val_rmse 0.1862, val_r2 0.5769, val_pearson 0.7833, lr 1.00e-03 ---
2026-10-01 09:30:52,213 - INFO - 
****************************************************************************************************
2026-10-01 09:30:54,245 - INFO - --- training epoch 47, loss 0.0157, mae 0.1371, rmse 0.1771, time elapsed(min) 0.03---
2026-10-01 09:30:54,671 - INFO - --- validation at epoch 47, val_loss 0.0143, val_mae 0.1361, val_rmse 0.1787, val_r2 0.6102, val_pearson 0.7985, lr 1.00e-03 ---
2026-10-01 09:30:54,671 - INFO - 
****************************************************************************************************
2026-10-01 09:30:56,810 - INFO - --- training epoch 48, loss 0.0155, mae 0.1371, rmse 0.1761, time elapsed(min) 0.03---
2026-10-01 09:30:57,044 - INFO - --- validation at epoch 48, val_loss 0.0139, val_mae 0.1329, val_rmse 0.1765, val_r2 0.6199, val_pearson 0.8073, lr 1.00e-03 ---
2026-10-01 09:30:57,044 - INFO - 
****************************************************************************************************
2026-10-01 09:30:58,995 - INFO - --- training epoch 49, loss 0.0154, mae 0.1368, rmse 0.1755, time elapsed(min) 0.03---
2026-10-01 09:30:59,227 - INFO - --- validation at epoch 49, val_loss 0.0146, val_mae 0.1352, val_rmse 0.1789, val_r2 0.6095, val_pearson 0.8080, lr 1.00e-03 ---
2026-10-01 09:30:59,227 - INFO - 
****************************************************************************************************
2026-10-01 09:31:01,151 - INFO - --- training epoch 50, loss 0.0158, mae 0.1386, rmse 0.1777, time elapsed(min) 0.03---
2026-10-01 09:31:01,580 - INFO - --- validation at epoch 50, val_loss 0.0148, val_mae 0.1391, val_rmse 0.1826, val_r2 0.5931, val_pearson 0.8046, lr 1.00e-03 ---
2026-10-01 09:31:01,580 - INFO - 
****************************************************************************************************
2026-10-01 09:31:03,741 - INFO - --- training epoch 51, loss 0.0162, mae 0.1397, rmse 0.1799, time elapsed(min) 0.03---
2026-10-01 09:31:03,996 - INFO - --- validation at epoch 51, val_loss 0.0136, val_mae 0.1319, val_rmse 0.1722, val_r2 0.6382, val_pearson 0.8014, lr 1.00e-03 ---
2026-10-01 09:31:03,996 - INFO - 
****************************************************************************************************
2026-10-01 09:31:05,908 - INFO - --- training epoch 52, loss 0.0144, mae 0.1312, rmse 0.1698, time elapsed(min) 0.03---
2026-10-01 09:31:06,184 - INFO - --- validation at epoch 52, val_loss 0.0142, val_mae 0.1333, val_rmse 0.1771, val_r2 0.6173, val_pearson 0.8143, lr 1.00e-03 ---
2026-10-01 09:31:06,184 - INFO - 
****************************************************************************************************
2026-10-01 09:31:08,102 - INFO - --- training epoch 53, loss 0.0150, mae 0.1351, rmse 0.1734, time elapsed(min) 0.03---
2026-10-01 09:31:08,510 - INFO - --- validation at epoch 53, val_loss 0.0143, val_mae 0.1340, val_rmse 0.1772, val_r2 0.6170, val_pearson 0.8215, lr 1.00e-03 ---
2026-10-01 09:31:08,510 - INFO - 
****************************************************************************************************
2026-10-01 09:31:10,623 - INFO - --- training epoch 54, loss 0.0149, mae 0.1347, rmse 0.1726, time elapsed(min) 0.03---
2026-10-01 09:31:10,860 - INFO - --- validation at epoch 54, val_loss 0.0146, val_mae 0.1343, val_rmse 0.1791, val_r2 0.6087, val_pearson 0.8187, lr 1.00e-03 ---
2026-10-01 09:31:10,860 - INFO - 
****************************************************************************************************
2026-10-01 09:31:12,675 - INFO - --- training epoch 55, loss 0.0149, mae 0.1333, rmse 0.1725, time elapsed(min) 0.03---
2026-10-01 09:31:12,908 - INFO - --- validation at epoch 55, val_loss 0.0129, val_mae 0.1262, val_rmse 0.1675, val_r2 0.6577, val_pearson 0.8196, lr 1.00e-03 ---
2026-10-01 09:31:12,908 - INFO - 
****************************************************************************************************
2026-10-01 09:31:14,829 - INFO - --- training epoch 56, loss 0.0139, mae 0.1285, rmse 0.1667, time elapsed(min) 0.03---
2026-10-01 09:31:15,205 - INFO - --- validation at epoch 56, val_loss 0.0135, val_mae 0.1284, val_rmse 0.1706, val_r2 0.6447, val_pearson 0.8255, lr 1.00e-03 ---
2026-10-01 09:31:15,205 - INFO - 
****************************************************************************************************
2026-10-01 09:31:17,255 - INFO - --- training epoch 57, loss 0.0144, mae 0.1312, rmse 0.1698, time elapsed(min) 0.03---
2026-10-01 09:31:17,682 - INFO - --- validation at epoch 57, val_loss 0.0132, val_mae 0.1303, val_rmse 0.1715, val_r2 0.6412, val_pearson 0.8244, lr 1.00e-03 ---
2026-10-01 09:31:17,682 - INFO - 
****************************************************************************************************
2026-10-01 09:31:19,655 - INFO - --- training epoch 58, loss 0.0141, mae 0.1293, rmse 0.1677, time elapsed(min) 0.03---
2026-10-01 09:31:19,886 - INFO - --- validation at epoch 58, val_loss 0.0133, val_mae 0.1302, val_rmse 0.1722, val_r2 0.6381, val_pearson 0.8236, lr 1.00e-03 ---
2026-10-01 09:31:19,886 - INFO - 
****************************************************************************************************
2026-10-01 09:31:21,785 - INFO - --- training epoch 59, loss 0.0146, mae 0.1314, rmse 0.1708, time elapsed(min) 0.03---
2026-10-01 09:31:22,018 - INFO - --- validation at epoch 59, val_loss 0.0118, val_mae 0.1240, val_rmse 0.1627, val_r2 0.6770, val_pearson 0.8278, lr 1.00e-03 ---
2026-10-01 09:31:22,018 - INFO - 
****************************************************************************************************
2026-10-01 09:31:24,029 - INFO - --- training epoch 60, loss 0.0132, mae 0.1246, rmse 0.1623, time elapsed(min) 0.03---
2026-10-01 09:31:24,436 - INFO - --- validation at epoch 60, val_loss 0.0119, val_mae 0.1220, val_rmse 0.1623, val_r2 0.6785, val_pearson 0.8350, lr 1.00e-03 ---
2026-10-01 09:31:24,436 - INFO - 
****************************************************************************************************
2026-10-01 09:31:26,395 - INFO - --- training epoch 61, loss 0.0135, mae 0.1263, rmse 0.1644, time elapsed(min) 0.03---
2026-10-01 09:31:26,623 - INFO - --- validation at epoch 61, val_loss 0.0130, val_mae 0.1276, val_rmse 0.1706, val_r2 0.6448, val_pearson 0.8319, lr 1.00e-03 ---
2026-10-01 09:31:26,623 - INFO - 
****************************************************************************************************
2026-10-01 09:31:28,521 - INFO - --- training epoch 62, loss 0.0139, mae 0.1275, rmse 0.1665, time elapsed(min) 0.03---
2026-10-01 09:31:28,748 - INFO - --- validation at epoch 62, val_loss 0.0123, val_mae 0.1258, val_rmse 0.1660, val_r2 0.6637, val_pearson 0.8348, lr 1.00e-03 ---
2026-10-01 09:31:28,748 - INFO - 
****************************************************************************************************
2026-10-01 09:31:30,575 - INFO - --- training epoch 63, loss 0.0136, mae 0.1268, rmse 0.1648, time elapsed(min) 0.03---
2026-10-01 09:31:30,965 - INFO - --- validation at epoch 63, val_loss 0.0122, val_mae 0.1243, val_rmse 0.1656, val_r2 0.6656, val_pearson 0.8371, lr 1.00e-03 ---
2026-10-01 09:31:30,965 - INFO - 
****************************************************************************************************
2026-10-01 09:31:33,150 - INFO - --- training epoch 64, loss 0.0132, mae 0.1252, rmse 0.1622, time elapsed(min) 0.03---
2026-10-01 09:31:33,376 - INFO - --- validation at epoch 64, val_loss 0.0120, val_mae 0.1265, val_rmse 0.1657, val_r2 0.6652, val_pearson 0.8409, lr 1.00e-03 ---
2026-10-01 09:31:33,376 - INFO - 
****************************************************************************************************
2026-10-01 09:31:35,169 - INFO - --- training epoch 65, loss 0.0132, mae 0.1249, rmse 0.1624, time elapsed(min) 0.03---
2026-10-01 09:31:35,393 - INFO - --- validation at epoch 65, val_loss 0.0119, val_mae 0.1242, val_rmse 0.1625, val_r2 0.6778, val_pearson 0.8457, lr 1.00e-03 ---
2026-10-01 09:31:35,393 - INFO - 
****************************************************************************************************
2026-10-01 09:31:37,243 - INFO - --- training epoch 66, loss 0.0135, mae 0.1274, rmse 0.1643, time elapsed(min) 0.03---
2026-10-01 09:31:37,616 - INFO - --- validation at epoch 66, val_loss 0.0119, val_mae 0.1255, val_rmse 0.1638, val_r2 0.6728, val_pearson 0.8370, lr 1.00e-03 ---
2026-10-01 09:31:37,616 - INFO - 
****************************************************************************************************
2026-10-01 09:31:39,704 - INFO - --- training epoch 67, loss 0.0134, mae 0.1260, rmse 0.1639, time elapsed(min) 0.03---
2026-10-01 09:31:39,932 - INFO - --- validation at epoch 67, val_loss 0.0114, val_mae 0.1203, val_rmse 0.1600, val_r2 0.6878, val_pearson 0.8417, lr 1.00e-03 ---
2026-10-01 09:31:39,932 - INFO - 
****************************************************************************************************
2026-10-01 09:31:41,875 - INFO - --- training epoch 68, loss 0.0131, mae 0.1251, rmse 0.1617, time elapsed(min) 0.03---
2026-10-01 09:31:42,105 - INFO - --- validation at epoch 68, val_loss 0.0120, val_mae 0.1229, val_rmse 0.1622, val_r2 0.6789, val_pearson 0.8433, lr 1.00e-03 ---
2026-10-01 09:31:42,105 - INFO - 
****************************************************************************************************
2026-10-01 09:31:44,028 - INFO - --- training epoch 69, loss 0.0130, mae 0.1236, rmse 0.1610, time elapsed(min) 0.03---
2026-10-01 09:31:44,406 - INFO - --- validation at epoch 69, val_loss 0.0107, val_mae 0.1170, val_rmse 0.1553, val_r2 0.7058, val_pearson 0.8478, lr 1.00e-03 ---
2026-10-01 09:31:44,406 - INFO - 
****************************************************************************************************
2026-10-01 09:31:46,410 - INFO - --- training epoch 70, loss 0.0124, mae 0.1214, rmse 0.1577, time elapsed(min) 0.03---
2026-10-01 09:31:46,976 - INFO - --- validation at epoch 70, val_loss 0.0122, val_mae 0.1215, val_rmse 0.1622, val_r2 0.6792, val_pearson 0.8476, lr 1.00e-03 ---
2026-10-01 09:31:46,976 - INFO - 
****************************************************************************************************
2026-10-01 09:31:48,833 - INFO - --- training epoch 71, loss 0.0145, mae 0.1322, rmse 0.1704, time elapsed(min) 0.03---
2026-10-01 09:31:49,062 - INFO - --- validation at epoch 71, val_loss 0.0150, val_mae 0.1381, val_rmse 0.1837, val_r2 0.5883, val_pearson 0.8045, lr 1.00e-03 ---
2026-10-01 09:31:49,062 - INFO - 
****************************************************************************************************
2026-10-01 09:31:50,916 - INFO - --- training epoch 72, loss 0.0149, mae 0.1348, rmse 0.1726, time elapsed(min) 0.03---
2026-10-01 09:31:51,150 - INFO - --- validation at epoch 72, val_loss 0.0119, val_mae 0.1215, val_rmse 0.1622, val_r2 0.6790, val_pearson 0.8500, lr 1.00e-03 ---
2026-10-01 09:31:51,150 - INFO - 
****************************************************************************************************
2026-10-01 09:31:53,113 - INFO - --- training epoch 73, loss 0.0131, mae 0.1236, rmse 0.1617, time elapsed(min) 0.03---
2026-10-01 09:31:53,533 - INFO - --- validation at epoch 73, val_loss 0.0110, val_mae 0.1198, val_rmse 0.1564, val_r2 0.7017, val_pearson 0.8448, lr 1.00e-03 ---
2026-10-01 09:31:53,533 - INFO - 
****************************************************************************************************
2026-10-01 09:31:55,508 - INFO - --- training epoch 74, loss 0.0125, mae 0.1199, rmse 0.1578, time elapsed(min) 0.03---
2026-10-01 09:31:55,739 - INFO - --- validation at epoch 74, val_loss 0.0099, val_mae 0.1099, val_rmse 0.1483, val_r2 0.7318, val_pearson 0.8609, lr 1.00e-03 ---
2026-10-01 09:31:55,739 - INFO - 
****************************************************************************************************
2026-10-01 09:31:57,631 - INFO - --- training epoch 75, loss 0.0118, mae 0.1168, rmse 0.1534, time elapsed(min) 0.03---
2026-10-01 09:31:57,856 - INFO - --- validation at epoch 75, val_loss 0.0100, val_mae 0.1103, val_rmse 0.1478, val_r2 0.7335, val_pearson 0.8637, lr 1.00e-03 ---
2026-10-01 09:31:57,856 - INFO - 
****************************************************************************************************
2026-10-01 09:31:59,740 - INFO - --- training epoch 76, loss 0.0118, mae 0.1173, rmse 0.1535, time elapsed(min) 0.03---
2026-10-01 09:32:00,136 - INFO - --- validation at epoch 76, val_loss 0.0107, val_mae 0.1156, val_rmse 0.1540, val_r2 0.7107, val_pearson 0.8561, lr 1.00e-03 ---
2026-10-01 09:32:00,136 - INFO - 
****************************************************************************************************
2026-10-01 09:32:02,238 - INFO - --- training epoch 77, loss 0.0116, mae 0.1168, rmse 0.1520, time elapsed(min) 0.03---
2026-10-01 09:32:02,472 - INFO - --- validation at epoch 77, val_loss 0.0107, val_mae 0.1146, val_rmse 0.1539, val_r2 0.7111, val_pearson 0.8605, lr 1.00e-03 ---
2026-10-01 09:32:02,472 - INFO - 
****************************************************************************************************
2026-10-01 09:32:04,304 - INFO - --- training epoch 78, loss 0.0118, mae 0.1174, rmse 0.1533, time elapsed(min) 0.03---
2026-10-01 09:32:04,535 - INFO - --- validation at epoch 78, val_loss 0.0111, val_mae 0.1198, val_rmse 0.1572, val_r2 0.6983, val_pearson 0.8613, lr 1.00e-03 ---
2026-10-01 09:32:04,535 - INFO - 
****************************************************************************************************
2026-10-01 09:32:06,437 - INFO - --- training epoch 79, loss 0.0115, mae 0.1158, rmse 0.1515, time elapsed(min) 0.03---
2026-10-01 09:32:06,802 - INFO - --- validation at epoch 79, val_loss 0.0114, val_mae 0.1179, val_rmse 0.1577, val_r2 0.6967, val_pearson 0.8537, lr 1.00e-03 ---
2026-10-01 09:32:06,802 - INFO - 
****************************************************************************************************
2026-10-01 09:32:08,739 - INFO - --- training epoch 80, loss 0.0123, mae 0.1202, rmse 0.1567, time elapsed(min) 0.03---
2026-10-01 09:32:09,311 - INFO - --- validation at epoch 80, val_loss 0.0100, val_mae 0.1100, val_rmse 0.1471, val_r2 0.7359, val_pearson 0.8634, lr 1.00e-03 ---
2026-10-01 09:32:09,311 - INFO - 
****************************************************************************************************
2026-10-01 09:32:11,152 - INFO - --- training epoch 81, loss 0.0116, mae 0.1166, rmse 0.1525, time elapsed(min) 0.03---
2026-10-01 09:32:11,383 - INFO - --- validation at epoch 81, val_loss 0.0107, val_mae 0.1135, val_rmse 0.1535, val_r2 0.7125, val_pearson 0.8493, lr 1.00e-03 ---
2026-10-01 09:32:11,384 - INFO - 
****************************************************************************************************
2026-10-01 09:32:13,215 - INFO - --- training epoch 82, loss 0.0107, mae 0.1109, rmse 0.1465, time elapsed(min) 0.03---
2026-10-01 09:32:13,448 - INFO - --- validation at epoch 82, val_loss 0.0100, val_mae 0.1109, val_rmse 0.1486, val_r2 0.7305, val_pearson 0.8709, lr 1.00e-03 ---
2026-10-01 09:32:13,448 - INFO - 
****************************************************************************************************
2026-10-01 09:32:15,422 - INFO - --- training epoch 83, loss 0.0110, mae 0.1127, rmse 0.1482, time elapsed(min) 0.03---
2026-10-01 09:32:15,872 - INFO - --- validation at epoch 83, val_loss 0.0099, val_mae 0.1103, val_rmse 0.1506, val_r2 0.7232, val_pearson 0.8685, lr 1.00e-03 ---
2026-10-01 09:32:15,872 - INFO - 
****************************************************************************************************
2026-10-01 09:32:17,912 - INFO - --- training epoch 84, loss 0.0115, mae 0.1155, rmse 0.1517, time elapsed(min) 0.03---
2026-10-01 09:32:18,158 - INFO - --- validation at epoch 84, val_loss 0.0089, val_mae 0.1022, val_rmse 0.1395, val_r2 0.7626, val_pearson 0.8770, lr 1.00e-03 ---
2026-10-01 09:32:18,159 - INFO - 
****************************************************************************************************
2026-10-01 09:32:20,079 - INFO - --- training epoch 85, loss 0.0106, mae 0.1105, rmse 0.1456, time elapsed(min) 0.03---
2026-10-01 09:32:20,317 - INFO - --- validation at epoch 85, val_loss 0.0091, val_mae 0.1015, val_rmse 0.1406, val_r2 0.7589, val_pearson 0.8774, lr 1.00e-03 ---
2026-10-01 09:32:20,317 - INFO - 
****************************************************************************************************
2026-10-01 09:32:22,273 - INFO - --- training epoch 86, loss 0.0103, mae 0.1079, rmse 0.1434, time elapsed(min) 0.03---
2026-10-01 09:32:22,662 - INFO - --- validation at epoch 86, val_loss 0.0092, val_mae 0.1064, val_rmse 0.1440, val_r2 0.7470, val_pearson 0.8780, lr 1.00e-03 ---
2026-10-01 09:32:22,662 - INFO - 
****************************************************************************************************
2026-10-01 09:32:24,819 - INFO - --- training epoch 87, loss 0.0104, mae 0.1089, rmse 0.1444, time elapsed(min) 0.03---
2026-10-01 09:32:25,051 - INFO - --- validation at epoch 87, val_loss 0.0095, val_mae 0.1101, val_rmse 0.1457, val_r2 0.7409, val_pearson 0.8706, lr 1.00e-03 ---
2026-10-01 09:32:25,051 - INFO - 
****************************************************************************************************
2026-10-01 09:32:26,874 - INFO - --- training epoch 88, loss 0.0103, mae 0.1090, rmse 0.1437, time elapsed(min) 0.03---
2026-10-01 09:32:27,109 - INFO - --- validation at epoch 88, val_loss 0.0088, val_mae 0.1045, val_rmse 0.1410, val_r2 0.7574, val_pearson 0.8764, lr 1.00e-03 ---
2026-10-01 09:32:27,109 - INFO - 
****************************************************************************************************
2026-10-01 09:32:29,038 - INFO - --- training epoch 89, loss 0.0103, mae 0.1082, rmse 0.1434, time elapsed(min) 0.03---
2026-10-01 09:32:29,421 - INFO - --- validation at epoch 89, val_loss 0.0094, val_mae 0.1082, val_rmse 0.1425, val_r2 0.7523, val_pearson 0.8697, lr 1.00e-03 ---
2026-10-01 09:32:29,421 - INFO - 
****************************************************************************************************
2026-10-01 09:32:31,532 - INFO - --- training epoch 90, loss 0.0097, mae 0.1049, rmse 0.1395, time elapsed(min) 0.03---
2026-10-01 09:32:31,769 - INFO - --- validation at epoch 90, val_loss 0.0091, val_mae 0.1050, val_rmse 0.1399, val_r2 0.7611, val_pearson 0.8752, lr 1.00e-03 ---
2026-10-01 09:32:31,769 - INFO - 
****************************************************************************************************
2026-10-01 09:32:33,605 - INFO - --- training epoch 91, loss 0.0097, mae 0.1043, rmse 0.1390, time elapsed(min) 0.03---
2026-10-01 09:32:33,832 - INFO - --- validation at epoch 91, val_loss 0.0087, val_mae 0.1057, val_rmse 0.1399, val_r2 0.7613, val_pearson 0.8823, lr 1.00e-03 ---
2026-10-01 09:32:33,832 - INFO - 
****************************************************************************************************
2026-10-01 09:32:35,842 - INFO - --- training epoch 92, loss 0.0100, mae 0.1075, rmse 0.1415, time elapsed(min) 0.03---
2026-10-01 09:32:36,071 - INFO - --- validation at epoch 92, val_loss 0.0086, val_mae 0.1006, val_rmse 0.1362, val_r2 0.7735, val_pearson 0.8826, lr 1.00e-03 ---
2026-10-01 09:32:36,071 - INFO - 
****************************************************************************************************
2026-10-01 09:32:38,097 - INFO - --- training epoch 93, loss 0.0097, mae 0.1041, rmse 0.1391, time elapsed(min) 0.03---
2026-10-01 09:32:38,519 - INFO - --- validation at epoch 93, val_loss 0.0079, val_mae 0.0977, val_rmse 0.1314, val_r2 0.7895, val_pearson 0.8902, lr 1.00e-03 ---
2026-10-01 09:32:38,519 - INFO - 
****************************************************************************************************
2026-10-01 09:32:40,575 - INFO - --- training epoch 94, loss 0.0089, mae 0.0992, rmse 0.1335, time elapsed(min) 0.03---
2026-10-01 09:32:40,803 - INFO - --- validation at epoch 94, val_loss 0.0079, val_mae 0.0989, val_rmse 0.1317, val_r2 0.7883, val_pearson 0.8905, lr 1.00e-03 ---
2026-10-01 09:32:40,803 - INFO - 
****************************************************************************************************
2026-10-01 09:32:42,711 - INFO - --- training epoch 95, loss 0.0089, mae 0.1004, rmse 0.1337, time elapsed(min) 0.03---
2026-10-01 09:32:42,939 - INFO - --- validation at epoch 95, val_loss 0.0077, val_mae 0.0948, val_rmse 0.1272, val_r2 0.8025, val_pearson 0.8969, lr 1.00e-03 ---
2026-10-01 09:32:42,939 - INFO - 
****************************************************************************************************
2026-10-01 09:32:44,920 - INFO - --- training epoch 96, loss 0.0087, mae 0.0991, rmse 0.1316, time elapsed(min) 0.03---
2026-10-01 09:32:45,349 - INFO - --- validation at epoch 96, val_loss 0.0077, val_mae 0.0947, val_rmse 0.1279, val_r2 0.8004, val_pearson 0.8983, lr 1.00e-03 ---
2026-10-01 09:32:45,349 - INFO - 
****************************************************************************************************
2026-10-01 09:32:47,445 - INFO - --- training epoch 97, loss 0.0089, mae 0.0996, rmse 0.1336, time elapsed(min) 0.03---
2026-10-01 09:32:47,669 - INFO - --- validation at epoch 97, val_loss 0.0085, val_mae 0.1005, val_rmse 0.1381, val_r2 0.7674, val_pearson 0.8898, lr 1.00e-03 ---
2026-10-01 09:32:47,669 - INFO - 
****************************************************************************************************
2026-10-01 09:32:49,622 - INFO - --- training epoch 98, loss 0.0091, mae 0.1013, rmse 0.1349, time elapsed(min) 0.03---
2026-10-01 09:32:49,852 - INFO - --- validation at epoch 98, val_loss 0.0074, val_mae 0.0946, val_rmse 0.1286, val_r2 0.7981, val_pearson 0.8960, lr 1.00e-03 ---
2026-10-01 09:32:49,852 - INFO - 
****************************************************************************************************
2026-10-01 09:32:51,781 - INFO - --- training epoch 99, loss 0.0087, mae 0.0986, rmse 0.1320, time elapsed(min) 0.03---
2026-10-01 09:32:52,148 - INFO - --- validation at epoch 99, val_loss 0.0074, val_mae 0.0919, val_rmse 0.1264, val_r2 0.8051, val_pearson 0.8985, lr 1.00e-03 ---
2026-10-01 09:32:52,148 - INFO - 
****************************************************************************************************
2026-10-01 09:32:54,355 - INFO - --- training epoch 100, loss 0.0088, mae 0.0992, rmse 0.1328, time elapsed(min) 0.03---
2026-10-01 09:32:54,586 - INFO - --- validation at epoch 100, val_loss 0.0074, val_mae 0.0913, val_rmse 0.1262, val_r2 0.8057, val_pearson 0.8995, lr 1.00e-03 ---
2026-10-01 09:32:54,586 - INFO - 
****************************************************************************************************
2026-10-01 09:32:56,430 - INFO - --- training epoch 101, loss 0.0090, mae 0.1008, rmse 0.1343, time elapsed(min) 0.03---
2026-10-01 09:32:56,665 - INFO - --- validation at epoch 101, val_loss 0.0082, val_mae 0.0948, val_rmse 0.1283, val_r2 0.7992, val_pearson 0.8944, lr 1.00e-03 ---
2026-10-01 09:32:56,665 - INFO - 
****************************************************************************************************
2026-10-01 09:32:58,517 - INFO - --- training epoch 102, loss 0.0083, mae 0.0970, rmse 0.1290, time elapsed(min) 0.03---
2026-10-01 09:32:58,885 - INFO - --- validation at epoch 102, val_loss 0.0077, val_mae 0.0955, val_rmse 0.1296, val_r2 0.7952, val_pearson 0.8979, lr 1.00e-03 ---
2026-10-01 09:32:58,885 - INFO - 
****************************************************************************************************
2026-10-01 09:33:00,940 - INFO - --- training epoch 103, loss 0.0084, mae 0.0965, rmse 0.1297, time elapsed(min) 0.03---
2026-10-01 09:33:01,346 - INFO - --- validation at epoch 103, val_loss 0.0078, val_mae 0.0950, val_rmse 0.1307, val_r2 0.7916, val_pearson 0.8921, lr 1.00e-03 ---
2026-10-01 09:33:01,346 - INFO - 
****************************************************************************************************
2026-10-01 09:33:03,422 - INFO - --- training epoch 104, loss 0.0082, mae 0.0955, rmse 0.1280, time elapsed(min) 0.03---
2026-10-01 09:33:03,651 - INFO - --- validation at epoch 104, val_loss 0.0076, val_mae 0.0955, val_rmse 0.1290, val_r2 0.7970, val_pearson 0.8970, lr 1.00e-03 ---
2026-10-01 09:33:03,651 - INFO - 
****************************************************************************************************
2026-10-01 09:33:05,593 - INFO - --- training epoch 105, loss 0.0082, mae 0.0955, rmse 0.1278, time elapsed(min) 0.03---
2026-10-01 09:33:05,821 - INFO - --- validation at epoch 105, val_loss 0.0073, val_mae 0.0930, val_rmse 0.1271, val_r2 0.8029, val_pearson 0.9003, lr 1.00e-03 ---
2026-10-01 09:33:05,821 - INFO - 
****************************************************************************************************
2026-10-01 09:33:07,818 - INFO - --- training epoch 106, loss 0.0080, mae 0.0956, rmse 0.1268, time elapsed(min) 0.03---
2026-10-01 09:33:08,249 - INFO - --- validation at epoch 106, val_loss 0.0075, val_mae 0.0935, val_rmse 0.1278, val_r2 0.8006, val_pearson 0.8994, lr 1.00e-03 ---
2026-10-01 09:33:08,249 - INFO - 
****************************************************************************************************
2026-10-01 09:33:10,224 - INFO - --- training epoch 107, loss 0.0080, mae 0.0943, rmse 0.1268, time elapsed(min) 0.03---
2026-10-01 09:33:10,492 - INFO - --- validation at epoch 107, val_loss 0.0075, val_mae 0.0922, val_rmse 0.1268, val_r2 0.8040, val_pearson 0.8985, lr 1.00e-03 ---
2026-10-01 09:33:10,492 - INFO - 
****************************************************************************************************
2026-10-01 09:33:12,320 - INFO - --- training epoch 108, loss 0.0079, mae 0.0931, rmse 0.1258, time elapsed(min) 0.03---
2026-10-01 09:33:12,552 - INFO - --- validation at epoch 108, val_loss 0.0070, val_mae 0.0897, val_rmse 0.1232, val_r2 0.8148, val_pearson 0.9042, lr 1.00e-03 ---
2026-10-01 09:33:12,553 - INFO - 
****************************************************************************************************
2026-10-01 09:33:14,470 - INFO - --- training epoch 109, loss 0.0076, mae 0.0923, rmse 0.1231, time elapsed(min) 0.03---
2026-10-01 09:33:14,859 - INFO - --- validation at epoch 109, val_loss 0.0084, val_mae 0.0985, val_rmse 0.1340, val_r2 0.7809, val_pearson 0.8884, lr 1.00e-03 ---
2026-10-01 09:33:14,859 - INFO - 
****************************************************************************************************
2026-10-01 09:33:17,002 - INFO - --- training epoch 110, loss 0.0080, mae 0.0937, rmse 0.1261, time elapsed(min) 0.03---
2026-10-01 09:33:17,235 - INFO - --- validation at epoch 110, val_loss 0.0079, val_mae 0.0932, val_rmse 0.1289, val_r2 0.7972, val_pearson 0.8929, lr 1.00e-03 ---
2026-10-01 09:33:17,235 - INFO - 
****************************************************************************************************
2026-10-01 09:33:19,134 - INFO - --- training epoch 111, loss 0.0077, mae 0.0924, rmse 0.1239, time elapsed(min) 0.03---
2026-10-01 09:33:19,371 - INFO - --- validation at epoch 111, val_loss 0.0072, val_mae 0.0900, val_rmse 0.1261, val_r2 0.8061, val_pearson 0.9034, lr 1.00e-03 ---
2026-10-01 09:33:19,371 - INFO - 
****************************************************************************************************
2026-10-01 09:33:21,201 - INFO - --- training epoch 112, loss 0.0074, mae 0.0914, rmse 0.1219, time elapsed(min) 0.03---
2026-10-01 09:33:21,580 - INFO - --- validation at epoch 112, val_loss 0.0070, val_mae 0.0900, val_rmse 0.1230, val_r2 0.8155, val_pearson 0.9032, lr 1.00e-03 ---
2026-10-01 09:33:21,580 - INFO - 
****************************************************************************************************
2026-10-01 09:33:23,437 - INFO - --- training epoch 113, loss 0.0074, mae 0.0905, rmse 0.1218, time elapsed(min) 0.03---
2026-10-01 09:33:23,843 - INFO - --- validation at epoch 113, val_loss 0.0069, val_mae 0.0896, val_rmse 0.1228, val_r2 0.8160, val_pearson 0.9053, lr 1.00e-03 ---
2026-10-01 09:33:23,843 - INFO - 
****************************************************************************************************
2026-10-01 09:33:25,873 - INFO - --- training epoch 114, loss 0.0071, mae 0.0893, rmse 0.1194, time elapsed(min) 0.03---
2026-10-01 09:33:26,103 - INFO - --- validation at epoch 114, val_loss 0.0070, val_mae 0.0898, val_rmse 0.1231, val_r2 0.8150, val_pearson 0.9031, lr 1.00e-03 ---
2026-10-01 09:33:26,103 - INFO - 
****************************************************************************************************
2026-10-01 09:33:27,966 - INFO - --- training epoch 115, loss 0.0075, mae 0.0906, rmse 0.1221, time elapsed(min) 0.03---
2026-10-01 09:33:28,193 - INFO - --- validation at epoch 115, val_loss 0.0070, val_mae 0.0885, val_rmse 0.1236, val_r2 0.8135, val_pearson 0.9054, lr 1.00e-03 ---
2026-10-01 09:33:28,193 - INFO - 
****************************************************************************************************
2026-10-01 09:33:30,123 - INFO - --- training epoch 116, loss 0.0077, mae 0.0930, rmse 0.1240, time elapsed(min) 0.03---
2026-10-01 09:33:30,554 - INFO - --- validation at epoch 116, val_loss 0.0069, val_mae 0.0919, val_rmse 0.1234, val_r2 0.8143, val_pearson 0.9073, lr 1.00e-03 ---
2026-10-01 09:33:30,554 - INFO - 
****************************************************************************************************
2026-10-01 09:33:32,590 - INFO - --- training epoch 117, loss 0.0074, mae 0.0909, rmse 0.1218, time elapsed(min) 0.03---
2026-10-01 09:33:32,822 - INFO - --- validation at epoch 117, val_loss 0.0071, val_mae 0.0897, val_rmse 0.1230, val_r2 0.8154, val_pearson 0.9068, lr 1.00e-03 ---
2026-10-01 09:33:32,823 - INFO - 
****************************************************************************************************
2026-10-01 09:33:34,830 - INFO - --- training epoch 118, loss 0.0077, mae 0.0935, rmse 0.1241, time elapsed(min) 0.03---
2026-10-01 09:33:35,060 - INFO - --- validation at epoch 118, val_loss 0.0074, val_mae 0.0908, val_rmse 0.1247, val_r2 0.8102, val_pearson 0.9002, lr 1.00e-03 ---
2026-10-01 09:33:35,060 - INFO - 
****************************************************************************************************
2026-10-01 09:33:36,984 - INFO - --- training epoch 119, loss 0.0073, mae 0.0909, rmse 0.1212, time elapsed(min) 0.03---
2026-10-01 09:33:37,374 - INFO - --- validation at epoch 119, val_loss 0.0066, val_mae 0.0871, val_rmse 0.1194, val_r2 0.8260, val_pearson 0.9097, lr 1.00e-03 ---
2026-10-01 09:33:37,374 - INFO - 
****************************************************************************************************
2026-10-01 09:33:39,568 - INFO - --- training epoch 120, loss 0.0072, mae 0.0897, rmse 0.1202, time elapsed(min) 0.03---
2026-10-01 09:33:39,801 - INFO - --- validation at epoch 120, val_loss 0.0073, val_mae 0.0915, val_rmse 0.1238, val_r2 0.8130, val_pearson 0.9050, lr 1.00e-03 ---
2026-10-01 09:33:39,801 - INFO - 
****************************************************************************************************
2026-10-01 09:33:41,622 - INFO - --- training epoch 121, loss 0.0075, mae 0.0910, rmse 0.1221, time elapsed(min) 0.03---
2026-10-01 09:33:41,853 - INFO - --- validation at epoch 121, val_loss 0.0072, val_mae 0.0910, val_rmse 0.1246, val_r2 0.8105, val_pearson 0.9146, lr 1.00e-03 ---
2026-10-01 09:33:41,853 - INFO - 
****************************************************************************************************
2026-10-01 09:33:43,789 - INFO - --- training epoch 122, loss 0.0074, mae 0.0920, rmse 0.1219, time elapsed(min) 0.03---
2026-10-01 09:33:44,193 - INFO - --- validation at epoch 122, val_loss 0.0069, val_mae 0.0876, val_rmse 0.1212, val_r2 0.8208, val_pearson 0.9065, lr 1.00e-03 ---
2026-10-01 09:33:44,193 - INFO - 
****************************************************************************************************
2026-10-01 09:33:46,270 - INFO - --- training epoch 123, loss 0.0082, mae 0.0955, rmse 0.1279, time elapsed(min) 0.03---
2026-10-01 09:33:46,501 - INFO - --- validation at epoch 123, val_loss 0.0074, val_mae 0.0967, val_rmse 0.1248, val_r2 0.8101, val_pearson 0.9046, lr 1.00e-03 ---
2026-10-01 09:33:46,501 - INFO - 
****************************************************************************************************
2026-10-01 09:33:48,309 - INFO - --- training epoch 124, loss 0.0086, mae 0.1001, rmse 0.1315, time elapsed(min) 0.03---
2026-10-01 09:33:48,560 - INFO - --- validation at epoch 124, val_loss 0.0067, val_mae 0.0887, val_rmse 0.1198, val_r2 0.8250, val_pearson 0.9091, lr 1.00e-03 ---
2026-10-01 09:33:48,560 - INFO - 
****************************************************************************************************
2026-10-01 09:33:50,417 - INFO - --- training epoch 125, loss 0.0072, mae 0.0897, rmse 0.1197, time elapsed(min) 0.03---
2026-10-01 09:33:50,652 - INFO - --- validation at epoch 125, val_loss 0.0072, val_mae 0.0892, val_rmse 0.1220, val_r2 0.8185, val_pearson 0.9072, lr 1.00e-03 ---
2026-10-01 09:33:50,652 - INFO - 
****************************************************************************************************
2026-10-01 09:33:52,599 - INFO - --- training epoch 126, loss 0.0072, mae 0.0898, rmse 0.1201, time elapsed(min) 0.03---
2026-10-01 09:33:53,003 - INFO - --- validation at epoch 126, val_loss 0.0073, val_mae 0.0897, val_rmse 0.1238, val_r2 0.8131, val_pearson 0.9072, lr 1.00e-03 ---
2026-10-01 09:33:53,003 - INFO - 
****************************************************************************************************
2026-10-01 09:33:54,982 - INFO - --- training epoch 127, loss 0.0074, mae 0.0910, rmse 0.1214, time elapsed(min) 0.03---
2026-10-01 09:33:55,222 - INFO - --- validation at epoch 127, val_loss 0.0075, val_mae 0.0950, val_rmse 0.1292, val_r2 0.7964, val_pearson 0.9061, lr 1.00e-03 ---
2026-10-01 09:33:55,222 - INFO - 
****************************************************************************************************
2026-10-01 09:33:57,056 - INFO - --- training epoch 128, loss 0.0075, mae 0.0920, rmse 0.1227, time elapsed(min) 0.03---
2026-10-01 09:33:57,285 - INFO - --- validation at epoch 128, val_loss 0.0071, val_mae 0.0909, val_rmse 0.1236, val_r2 0.8136, val_pearson 0.9079, lr 1.00e-03 ---
2026-10-01 09:33:57,285 - INFO - 
****************************************************************************************************
2026-10-01 09:33:59,216 - INFO - --- training epoch 129, loss 0.0076, mae 0.0922, rmse 0.1233, time elapsed(min) 0.03---
2026-10-01 09:33:59,585 - INFO - --- validation at epoch 129, val_loss 0.0075, val_mae 0.0925, val_rmse 0.1258, val_r2 0.8069, val_pearson 0.9030, lr 1.00e-03 ---
2026-10-01 09:33:59,585 - INFO - 
****************************************************************************************************
2026-10-01 09:34:01,729 - INFO - --- training epoch 130, loss 0.0076, mae 0.0926, rmse 0.1235, time elapsed(min) 0.03---
2026-10-01 09:34:01,966 - INFO - --- validation at epoch 130, val_loss 0.0080, val_mae 0.0962, val_rmse 0.1288, val_r2 0.7975, val_pearson 0.8938, lr 1.00e-03 ---
2026-10-01 09:34:01,966 - INFO - 
****************************************************************************************************
2026-10-01 09:34:03,788 - INFO - --- training epoch 131, loss 0.0069, mae 0.0866, rmse 0.1176, time elapsed(min) 0.03---
2026-10-01 09:34:04,020 - INFO - --- validation at epoch 131, val_loss 0.0062, val_mae 0.0847, val_rmse 0.1179, val_r2 0.8305, val_pearson 0.9126, lr 3.00e-04 ---
2026-10-01 09:34:04,020 - INFO - 
****************************************************************************************************
2026-10-01 09:34:05,941 - INFO - --- training epoch 132, loss 0.0061, mae 0.0810, rmse 0.1107, time elapsed(min) 0.03---
2026-10-01 09:34:06,321 - INFO - --- validation at epoch 132, val_loss 0.0063, val_mae 0.0867, val_rmse 0.1193, val_r2 0.8263, val_pearson 0.9118, lr 3.00e-04 ---
2026-10-01 09:34:06,321 - INFO - 
****************************************************************************************************
2026-10-01 09:34:08,426 - INFO - --- training epoch 133, loss 0.0062, mae 0.0814, rmse 0.1110, time elapsed(min) 0.03---
2026-10-01 09:34:08,679 - INFO - --- validation at epoch 133, val_loss 0.0062, val_mae 0.0857, val_rmse 0.1187, val_r2 0.8281, val_pearson 0.9139, lr 3.00e-04 ---
2026-10-01 09:34:08,679 - INFO - 
****************************************************************************************************
2026-10-01 09:34:10,589 - INFO - --- training epoch 134, loss 0.0061, mae 0.0808, rmse 0.1107, time elapsed(min) 0.03---
2026-10-01 09:34:10,815 - INFO - --- validation at epoch 134, val_loss 0.0062, val_mae 0.0856, val_rmse 0.1177, val_r2 0.8310, val_pearson 0.9152, lr 3.00e-04 ---
2026-10-01 09:34:10,815 - INFO - 
****************************************************************************************************
2026-10-01 09:34:12,727 - INFO - --- training epoch 135, loss 0.0060, mae 0.0805, rmse 0.1099, time elapsed(min) 0.03---
2026-10-01 09:34:13,110 - INFO - --- validation at epoch 135, val_loss 0.0061, val_mae 0.0848, val_rmse 0.1177, val_r2 0.8310, val_pearson 0.9152, lr 3.00e-04 ---
2026-10-01 09:34:13,110 - INFO - 
****************************************************************************************************
2026-10-01 09:34:15,132 - INFO - --- training epoch 136, loss 0.0059, mae 0.0787, rmse 0.1086, time elapsed(min) 0.03---
2026-10-01 09:34:15,536 - INFO - --- validation at epoch 136, val_loss 0.0060, val_mae 0.0832, val_rmse 0.1156, val_r2 0.8370, val_pearson 0.9170, lr 3.00e-04 ---
2026-10-01 09:34:15,536 - INFO - 
****************************************************************************************************
2026-10-01 09:34:17,631 - INFO - --- training epoch 137, loss 0.0060, mae 0.0798, rmse 0.1092, time elapsed(min) 0.03---
2026-10-01 09:34:17,879 - INFO - --- validation at epoch 137, val_loss 0.0063, val_mae 0.0858, val_rmse 0.1187, val_r2 0.8280, val_pearson 0.9143, lr 3.00e-04 ---
2026-10-01 09:34:17,879 - INFO - 
****************************************************************************************************
2026-10-01 09:34:19,820 - INFO - --- training epoch 138, loss 0.0061, mae 0.0809, rmse 0.1100, time elapsed(min) 0.03---
2026-10-01 09:34:20,045 - INFO - --- validation at epoch 138, val_loss 0.0061, val_mae 0.0846, val_rmse 0.1173, val_r2 0.8322, val_pearson 0.9163, lr 3.00e-04 ---
2026-10-01 09:34:20,045 - INFO - 
****************************************************************************************************
2026-10-01 09:34:21,961 - INFO - --- training epoch 139, loss 0.0060, mae 0.0803, rmse 0.1096, time elapsed(min) 0.03---
2026-10-01 09:34:22,398 - INFO - --- validation at epoch 139, val_loss 0.0061, val_mae 0.0851, val_rmse 0.1175, val_r2 0.8315, val_pearson 0.9159, lr 3.00e-04 ---
2026-10-01 09:34:22,398 - INFO - 
****************************************************************************************************
2026-10-01 09:34:24,359 - INFO - --- training epoch 140, loss 0.0059, mae 0.0798, rmse 0.1089, time elapsed(min) 0.03---
2026-10-01 09:34:24,594 - INFO - --- validation at epoch 140, val_loss 0.0063, val_mae 0.0859, val_rmse 0.1193, val_r2 0.8264, val_pearson 0.9155, lr 3.00e-04 ---
2026-10-01 09:34:24,594 - INFO - 
****************************************************************************************************
2026-10-01 09:34:26,507 - INFO - --- training epoch 141, loss 0.0058, mae 0.0788, rmse 0.1077, time elapsed(min) 0.03---
2026-10-01 09:34:26,740 - INFO - --- validation at epoch 141, val_loss 0.0062, val_mae 0.0849, val_rmse 0.1178, val_r2 0.8306, val_pearson 0.9167, lr 3.00e-04 ---
2026-10-01 09:34:26,740 - INFO - 
****************************************************************************************************
2026-10-01 09:34:28,778 - INFO - --- training epoch 142, loss 0.0059, mae 0.0793, rmse 0.1088, time elapsed(min) 0.03---
2026-10-01 09:34:29,166 - INFO - --- validation at epoch 142, val_loss 0.0064, val_mae 0.0862, val_rmse 0.1201, val_r2 0.8240, val_pearson 0.9148, lr 3.00e-04 ---
2026-10-01 09:34:29,166 - INFO - 
****************************************************************************************************
2026-10-01 09:34:31,363 - INFO - --- training epoch 143, loss 0.0058, mae 0.0788, rmse 0.1078, time elapsed(min) 0.03---
2026-10-01 09:34:31,591 - INFO - --- validation at epoch 143, val_loss 0.0059, val_mae 0.0832, val_rmse 0.1156, val_r2 0.8371, val_pearson 0.9187, lr 3.00e-04 ---
2026-10-01 09:34:31,591 - INFO - 
****************************************************************************************************
2026-10-01 09:34:33,508 - INFO - --- training epoch 144, loss 0.0058, mae 0.0779, rmse 0.1074, time elapsed(min) 0.03---
2026-10-01 09:34:33,739 - INFO - --- validation at epoch 144, val_loss 0.0063, val_mae 0.0839, val_rmse 0.1167, val_r2 0.8338, val_pearson 0.9170, lr 3.00e-04 ---
2026-10-01 09:34:33,739 - INFO - 
****************************************************************************************************
2026-10-01 09:34:35,563 - INFO - --- training epoch 145, loss 0.0058, mae 0.0792, rmse 0.1078, time elapsed(min) 0.03---
2026-10-01 09:34:35,790 - INFO - --- validation at epoch 145, val_loss 0.0066, val_mae 0.0886, val_rmse 0.1210, val_r2 0.8214, val_pearson 0.9173, lr 3.00e-04 ---
2026-10-01 09:34:35,790 - INFO - 
****************************************************************************************************
2026-10-01 09:34:37,730 - INFO - --- training epoch 146, loss 0.0059, mae 0.0797, rmse 0.1083, time elapsed(min) 0.03---
2026-10-01 09:34:38,134 - INFO - --- validation at epoch 146, val_loss 0.0062, val_mae 0.0840, val_rmse 0.1162, val_r2 0.8352, val_pearson 0.9183, lr 3.00e-04 ---
2026-10-01 09:34:38,134 - INFO - 
****************************************************************************************************
2026-10-01 09:34:40,231 - INFO - --- training epoch 147, loss 0.0057, mae 0.0781, rmse 0.1066, time elapsed(min) 0.03---
2026-10-01 09:34:40,461 - INFO - --- validation at epoch 147, val_loss 0.0065, val_mae 0.0870, val_rmse 0.1200, val_r2 0.8242, val_pearson 0.9169, lr 3.00e-04 ---
2026-10-01 09:34:40,462 - INFO - 
****************************************************************************************************
2026-10-01 09:34:42,282 - INFO - --- training epoch 148, loss 0.0057, mae 0.0782, rmse 0.1070, time elapsed(min) 0.03---
2026-10-01 09:34:42,516 - INFO - --- validation at epoch 148, val_loss 0.0062, val_mae 0.0834, val_rmse 0.1163, val_r2 0.8349, val_pearson 0.9173, lr 3.00e-04 ---
2026-10-01 09:34:42,516 - INFO - 
****************************************************************************************************
2026-10-01 09:34:44,350 - INFO - --- training epoch 149, loss 0.0057, mae 0.0778, rmse 0.1071, time elapsed(min) 0.03---
2026-10-01 09:34:44,763 - INFO - --- validation at epoch 149, val_loss 0.0064, val_mae 0.0879, val_rmse 0.1188, val_r2 0.8279, val_pearson 0.9189, lr 3.00e-04 ---
2026-10-01 09:34:44,763 - INFO - 
****************************************************************************************************
2026-10-01 09:34:46,722 - INFO - --- training epoch 150, loss 0.0060, mae 0.0810, rmse 0.1098, time elapsed(min) 0.03---
2026-10-01 09:34:46,958 - INFO - --- validation at epoch 150, val_loss 0.0068, val_mae 0.0901, val_rmse 0.1225, val_r2 0.8169, val_pearson 0.9141, lr 3.00e-04 ---
2026-10-01 09:34:46,958 - INFO - 
****************************************************************************************************
2026-10-01 09:34:48,780 - INFO - --- training epoch 151, loss 0.0059, mae 0.0796, rmse 0.1088, time elapsed(min) 0.03---
2026-10-01 09:34:49,020 - INFO - --- validation at epoch 151, val_loss 0.0063, val_mae 0.0868, val_rmse 0.1179, val_r2 0.8303, val_pearson 0.9188, lr 3.00e-04 ---
2026-10-01 09:34:49,020 - INFO - 
****************************************************************************************************
2026-10-01 09:34:50,851 - INFO - --- training epoch 152, loss 0.0058, mae 0.0793, rmse 0.1081, time elapsed(min) 0.03---
2026-10-01 09:34:51,245 - INFO - --- validation at epoch 152, val_loss 0.0063, val_mae 0.0843, val_rmse 0.1172, val_r2 0.8324, val_pearson 0.9179, lr 3.00e-04 ---
2026-10-01 09:34:51,245 - INFO - 
****************************************************************************************************
2026-10-01 09:34:53,331 - INFO - --- training epoch 153, loss 0.0058, mae 0.0791, rmse 0.1076, time elapsed(min) 0.03---
2026-10-01 09:34:53,566 - INFO - --- validation at epoch 153, val_loss 0.0063, val_mae 0.0863, val_rmse 0.1179, val_r2 0.8303, val_pearson 0.9194, lr 3.00e-04 ---
2026-10-01 09:34:53,566 - INFO - 
****************************************************************************************************
2026-10-01 09:34:55,606 - INFO - --- training epoch 154, loss 0.0059, mae 0.0797, rmse 0.1083, time elapsed(min) 0.03---
2026-10-01 09:34:55,834 - INFO - --- validation at epoch 154, val_loss 0.0066, val_mae 0.0876, val_rmse 0.1200, val_r2 0.8242, val_pearson 0.9173, lr 3.00e-04 ---
2026-10-01 09:34:55,834 - INFO - 
****************************************************************************************************
2026-10-01 09:34:57,769 - INFO - --- training epoch 155, loss 0.0054, mae 0.0761, rmse 0.1039, time elapsed(min) 0.03---
2026-10-01 09:34:57,996 - INFO - --- validation at epoch 155, val_loss 0.0057, val_mae 0.0793, val_rmse 0.1111, val_r2 0.8493, val_pearson 0.9220, lr 9.00e-05 ---
2026-10-01 09:34:57,997 - INFO - 
****************************************************************************************************
2026-10-01 09:35:00,031 - INFO - --- training epoch 156, loss 0.0052, mae 0.0734, rmse 0.1016, time elapsed(min) 0.03---
2026-10-01 09:35:00,484 - INFO - --- validation at epoch 156, val_loss 0.0058, val_mae 0.0799, val_rmse 0.1121, val_r2 0.8466, val_pearson 0.9212, lr 9.00e-05 ---
2026-10-01 09:35:00,484 - INFO - 
****************************************************************************************************
2026-10-01 09:35:02,635 - INFO - --- training epoch 157, loss 0.0051, mae 0.0738, rmse 0.1014, time elapsed(min) 0.03---
2026-10-01 09:35:02,866 - INFO - --- validation at epoch 157, val_loss 0.0057, val_mae 0.0789, val_rmse 0.1108, val_r2 0.8503, val_pearson 0.9227, lr 9.00e-05 ---
2026-10-01 09:35:02,866 - INFO - 
****************************************************************************************************
2026-10-01 09:35:04,770 - INFO - --- training epoch 158, loss 0.0051, mae 0.0740, rmse 0.1012, time elapsed(min) 0.03---
2026-10-01 09:35:05,006 - INFO - --- validation at epoch 158, val_loss 0.0056, val_mae 0.0792, val_rmse 0.1107, val_r2 0.8506, val_pearson 0.9227, lr 9.00e-05 ---
2026-10-01 09:35:05,006 - INFO - 
****************************************************************************************************
2026-10-01 09:35:06,925 - INFO - --- training epoch 159, loss 0.0051, mae 0.0731, rmse 0.1008, time elapsed(min) 0.03---
2026-10-01 09:35:07,367 - INFO - --- validation at epoch 159, val_loss 0.0057, val_mae 0.0792, val_rmse 0.1112, val_r2 0.8492, val_pearson 0.9221, lr 9.00e-05 ---
2026-10-01 09:35:07,367 - INFO - 
****************************************************************************************************
2026-10-01 09:35:09,631 - INFO - --- training epoch 160, loss 0.0050, mae 0.0729, rmse 0.1002, time elapsed(min) 0.03---
2026-10-01 09:35:09,866 - INFO - --- validation at epoch 160, val_loss 0.0057, val_mae 0.0800, val_rmse 0.1121, val_r2 0.8466, val_pearson 0.9219, lr 9.00e-05 ---
2026-10-01 09:35:09,866 - INFO - 
****************************************************************************************************
2026-10-01 09:35:11,714 - INFO - --- training epoch 161, loss 0.0051, mae 0.0735, rmse 0.1005, time elapsed(min) 0.03---
2026-10-01 09:35:11,947 - INFO - --- validation at epoch 161, val_loss 0.0058, val_mae 0.0803, val_rmse 0.1120, val_r2 0.8469, val_pearson 0.9209, lr 9.00e-05 ---
2026-10-01 09:35:11,947 - INFO - 
****************************************************************************************************
2026-10-01 09:35:13,798 - INFO - --- training epoch 162, loss 0.0051, mae 0.0740, rmse 0.1011, time elapsed(min) 0.03---
2026-10-01 09:35:14,180 - INFO - --- validation at epoch 162, val_loss 0.0057, val_mae 0.0796, val_rmse 0.1116, val_r2 0.8481, val_pearson 0.9217, lr 9.00e-05 ---
2026-10-01 09:35:14,180 - INFO - 
****************************************************************************************************
2026-10-01 09:35:16,346 - INFO - --- training epoch 163, loss 0.0051, mae 0.0735, rmse 0.1005, time elapsed(min) 0.03---
2026-10-01 09:35:16,574 - INFO - --- validation at epoch 163, val_loss 0.0055, val_mae 0.0782, val_rmse 0.1098, val_r2 0.8528, val_pearson 0.9243, lr 9.00e-05 ---
2026-10-01 09:35:16,574 - INFO - 
****************************************************************************************************
2026-10-01 09:35:18,560 - INFO - --- training epoch 164, loss 0.0051, mae 0.0739, rmse 0.1010, time elapsed(min) 0.03---
2026-10-01 09:35:18,791 - INFO - --- validation at epoch 164, val_loss 0.0057, val_mae 0.0796, val_rmse 0.1113, val_r2 0.8489, val_pearson 0.9218, lr 9.00e-05 ---
2026-10-01 09:35:18,791 - INFO - 
****************************************************************************************************
2026-10-01 09:35:20,629 - INFO - --- training epoch 165, loss 0.0050, mae 0.0727, rmse 0.0999, time elapsed(min) 0.03---
2026-10-01 09:35:20,855 - INFO - --- validation at epoch 165, val_loss 0.0056, val_mae 0.0786, val_rmse 0.1101, val_r2 0.8522, val_pearson 0.9237, lr 9.00e-05 ---
2026-10-01 09:35:20,856 - INFO - 
****************************************************************************************************
2026-10-01 09:35:22,810 - INFO - --- training epoch 166, loss 0.0051, mae 0.0738, rmse 0.1013, time elapsed(min) 0.03---
2026-10-01 09:35:23,238 - INFO - --- validation at epoch 166, val_loss 0.0055, val_mae 0.0793, val_rmse 0.1107, val_r2 0.8504, val_pearson 0.9226, lr 9.00e-05 ---
2026-10-01 09:35:23,238 - INFO - 
****************************************************************************************************
2026-10-01 09:35:25,433 - INFO - --- training epoch 167, loss 0.0051, mae 0.0738, rmse 0.1008, time elapsed(min) 0.03---
2026-10-01 09:35:25,666 - INFO - --- validation at epoch 167, val_loss 0.0056, val_mae 0.0793, val_rmse 0.1107, val_r2 0.8504, val_pearson 0.9228, lr 9.00e-05 ---
2026-10-01 09:35:25,666 - INFO - 
****************************************************************************************************
2026-10-01 09:35:27,514 - INFO - --- training epoch 168, loss 0.0050, mae 0.0731, rmse 0.1002, time elapsed(min) 0.03---
2026-10-01 09:35:27,739 - INFO - --- validation at epoch 168, val_loss 0.0056, val_mae 0.0791, val_rmse 0.1107, val_r2 0.8506, val_pearson 0.9230, lr 9.00e-05 ---
2026-10-01 09:35:27,739 - INFO - 
****************************************************************************************************
2026-10-01 09:35:29,670 - INFO - --- training epoch 169, loss 0.0051, mae 0.0741, rmse 0.1014, time elapsed(min) 0.03---
2026-10-01 09:35:30,100 - INFO - --- validation at epoch 169, val_loss 0.0056, val_mae 0.0795, val_rmse 0.1112, val_r2 0.8492, val_pearson 0.9225, lr 9.00e-05 ---
2026-10-01 09:35:30,100 - INFO - 
****************************************************************************************************
2026-10-01 09:35:32,203 - INFO - --- training epoch 170, loss 0.0051, mae 0.0740, rmse 0.1011, time elapsed(min) 0.03---
2026-10-01 09:35:32,442 - INFO - --- validation at epoch 170, val_loss 0.0056, val_mae 0.0793, val_rmse 0.1112, val_r2 0.8492, val_pearson 0.9227, lr 9.00e-05 ---
2026-10-01 09:35:32,442 - INFO - 
****************************************************************************************************
2026-10-01 09:35:34,278 - INFO - --- training epoch 171, loss 0.0050, mae 0.0730, rmse 0.0996, time elapsed(min) 0.03---
2026-10-01 09:35:34,520 - INFO - --- validation at epoch 171, val_loss 0.0056, val_mae 0.0798, val_rmse 0.1115, val_r2 0.8484, val_pearson 0.9227, lr 9.00e-05 ---
2026-10-01 09:35:34,520 - INFO - 
****************************************************************************************************
2026-10-01 09:35:36,357 - INFO - --- training epoch 172, loss 0.0050, mae 0.0730, rmse 0.1003, time elapsed(min) 0.03---
2026-10-01 09:35:36,745 - INFO - --- validation at epoch 172, val_loss 0.0057, val_mae 0.0803, val_rmse 0.1120, val_r2 0.8470, val_pearson 0.9213, lr 9.00e-05 ---
2026-10-01 09:35:36,745 - INFO - 
****************************************************************************************************
2026-10-01 09:35:38,844 - INFO - --- training epoch 173, loss 0.0050, mae 0.0726, rmse 0.1000, time elapsed(min) 0.03---
2026-10-01 09:35:39,076 - INFO - --- validation at epoch 173, val_loss 0.0057, val_mae 0.0795, val_rmse 0.1118, val_r2 0.8475, val_pearson 0.9215, lr 9.00e-05 ---
2026-10-01 09:35:39,076 - INFO - 
****************************************************************************************************
2026-10-01 09:35:41,169 - INFO - --- training epoch 174, loss 0.0050, mae 0.0730, rmse 0.0998, time elapsed(min) 0.03---
2026-10-01 09:35:41,395 - INFO - --- validation at epoch 174, val_loss 0.0057, val_mae 0.0797, val_rmse 0.1121, val_r2 0.8468, val_pearson 0.9216, lr 9.00e-05 ---
2026-10-01 09:35:41,395 - INFO - 
****************************************************************************************************
2026-10-01 09:35:43,235 - INFO - --- training epoch 175, loss 0.0049, mae 0.0718, rmse 0.0985, time elapsed(min) 0.03---
2026-10-01 09:35:43,606 - INFO - --- validation at epoch 175, val_loss 0.0054, val_mae 0.0786, val_rmse 0.1094, val_r2 0.8540, val_pearson 0.9247, lr 2.70e-05 ---
2026-10-01 09:35:43,606 - INFO - 
****************************************************************************************************
2026-10-01 09:35:45,765 - INFO - --- training epoch 176, loss 0.0046, mae 0.0703, rmse 0.0964, time elapsed(min) 0.03---
2026-10-01 09:35:46,001 - INFO - --- validation at epoch 176, val_loss 0.0055, val_mae 0.0789, val_rmse 0.1097, val_r2 0.8532, val_pearson 0.9243, lr 2.70e-05 ---
2026-10-01 09:35:46,001 - INFO - 
****************************************************************************************************
2026-10-01 09:35:47,854 - INFO - --- training epoch 177, loss 0.0047, mae 0.0708, rmse 0.0972, time elapsed(min) 0.03---
2026-10-01 09:35:48,085 - INFO - --- validation at epoch 177, val_loss 0.0055, val_mae 0.0785, val_rmse 0.1098, val_r2 0.8530, val_pearson 0.9242, lr 2.70e-05 ---
2026-10-01 09:35:48,085 - INFO - 
****************************************************************************************************
2026-10-01 09:35:49,961 - INFO - --- training epoch 178, loss 0.0047, mae 0.0701, rmse 0.0967, time elapsed(min) 0.03---
2026-10-01 09:35:50,339 - INFO - --- validation at epoch 178, val_loss 0.0055, val_mae 0.0785, val_rmse 0.1096, val_r2 0.8534, val_pearson 0.9245, lr 2.70e-05 ---
2026-10-01 09:35:50,339 - INFO - 
****************************************************************************************************
2026-10-01 09:35:52,547 - INFO - --- training epoch 179, loss 0.0047, mae 0.0703, rmse 0.0968, time elapsed(min) 0.03---
2026-10-01 09:35:52,778 - INFO - --- validation at epoch 179, val_loss 0.0055, val_mae 0.0784, val_rmse 0.1093, val_r2 0.8542, val_pearson 0.9247, lr 2.70e-05 ---
2026-10-01 09:35:52,778 - INFO - 
****************************************************************************************************
2026-10-01 09:35:54,724 - INFO - --- training epoch 180, loss 0.0047, mae 0.0702, rmse 0.0966, time elapsed(min) 0.03---
2026-10-01 09:35:54,951 - INFO - --- validation at epoch 180, val_loss 0.0055, val_mae 0.0786, val_rmse 0.1098, val_r2 0.8529, val_pearson 0.9242, lr 2.70e-05 ---
2026-10-01 09:35:54,951 - INFO - 
****************************************************************************************************
2026-10-01 09:35:56,797 - INFO - --- training epoch 181, loss 0.0048, mae 0.0711, rmse 0.0978, time elapsed(min) 0.03---
2026-10-01 09:35:57,025 - INFO - --- validation at epoch 181, val_loss 0.0055, val_mae 0.0787, val_rmse 0.1101, val_r2 0.8521, val_pearson 0.9238, lr 2.70e-05 ---
2026-10-01 09:35:57,025 - INFO - 
****************************************************************************************************
2026-10-01 09:35:58,996 - INFO - --- training epoch 182, loss 0.0047, mae 0.0711, rmse 0.0973, time elapsed(min) 0.03---
2026-10-01 09:35:59,415 - INFO - --- validation at epoch 182, val_loss 0.0055, val_mae 0.0789, val_rmse 0.1102, val_r2 0.8519, val_pearson 0.9237, lr 2.70e-05 ---
2026-10-01 09:35:59,415 - INFO - 
****************************************************************************************************
2026-10-01 09:36:01,397 - INFO - --- training epoch 183, loss 0.0048, mae 0.0714, rmse 0.0979, time elapsed(min) 0.03---
2026-10-01 09:36:01,629 - INFO - --- validation at epoch 183, val_loss 0.0054, val_mae 0.0787, val_rmse 0.1096, val_r2 0.8533, val_pearson 0.9245, lr 2.70e-05 ---
2026-10-01 09:36:01,629 - INFO - 
****************************************************************************************************
2026-10-01 09:36:03,548 - INFO - --- training epoch 184, loss 0.0048, mae 0.0716, rmse 0.0981, time elapsed(min) 0.03---
2026-10-01 09:36:03,789 - INFO - --- validation at epoch 184, val_loss 0.0055, val_mae 0.0785, val_rmse 0.1095, val_r2 0.8538, val_pearson 0.9245, lr 2.70e-05 ---
2026-10-01 09:36:03,789 - INFO - 
****************************************************************************************************
2026-10-01 09:36:05,628 - INFO - --- training epoch 185, loss 0.0047, mae 0.0705, rmse 0.0973, time elapsed(min) 0.03---
2026-10-01 09:36:06,051 - INFO - --- validation at epoch 185, val_loss 0.0055, val_mae 0.0787, val_rmse 0.1098, val_r2 0.8528, val_pearson 0.9241, lr 2.70e-05 ---
2026-10-01 09:36:06,051 - INFO - 
****************************************************************************************************
2026-10-01 09:36:08,104 - INFO - --- training epoch 186, loss 0.0048, mae 0.0710, rmse 0.0976, time elapsed(min) 0.03---
2026-10-01 09:36:08,335 - INFO - --- validation at epoch 186, val_loss 0.0055, val_mae 0.0786, val_rmse 0.1097, val_r2 0.8532, val_pearson 0.9243, lr 2.70e-05 ---
2026-10-01 09:36:08,336 - INFO - 
****************************************************************************************************
2026-10-01 09:36:10,185 - INFO - --- training epoch 187, loss 0.0047, mae 0.0707, rmse 0.0964, time elapsed(min) 0.03---
2026-10-01 09:36:10,420 - INFO - --- validation at epoch 187, val_loss 0.0056, val_mae 0.0787, val_rmse 0.1101, val_r2 0.8522, val_pearson 0.9240, lr 2.70e-05 ---
2026-10-01 09:36:10,420 - INFO - 
****************************************************************************************************
2026-10-01 09:36:12,255 - INFO - --- training epoch 188, loss 0.0047, mae 0.0707, rmse 0.0970, time elapsed(min) 0.03---
2026-10-01 09:36:12,650 - INFO - --- validation at epoch 188, val_loss 0.0055, val_mae 0.0789, val_rmse 0.1096, val_r2 0.8534, val_pearson 0.9242, lr 2.70e-05 ---
2026-10-01 09:36:12,650 - INFO - 
****************************************************************************************************
2026-10-01 09:36:14,742 - INFO - --- training epoch 189, loss 0.0047, mae 0.0709, rmse 0.0969, time elapsed(min) 0.03---
2026-10-01 09:36:14,973 - INFO - --- validation at epoch 189, val_loss 0.0055, val_mae 0.0788, val_rmse 0.1096, val_r2 0.8534, val_pearson 0.9242, lr 2.70e-05 ---
2026-10-01 09:36:14,973 - INFO - 
****************************************************************************************************
2026-10-01 09:36:16,815 - INFO - --- training epoch 190, loss 0.0047, mae 0.0711, rmse 0.0968, time elapsed(min) 0.03---
2026-10-01 09:36:17,042 - INFO - --- validation at epoch 190, val_loss 0.0054, val_mae 0.0782, val_rmse 0.1091, val_r2 0.8548, val_pearson 0.9251, lr 2.70e-05 ---
2026-10-01 09:36:17,042 - INFO - 
****************************************************************************************************
2026-10-01 09:36:18,953 - INFO - --- training epoch 191, loss 0.0047, mae 0.0712, rmse 0.0972, time elapsed(min) 0.03---
2026-10-01 09:36:19,190 - INFO - --- validation at epoch 191, val_loss 0.0055, val_mae 0.0789, val_rmse 0.1099, val_r2 0.8528, val_pearson 0.9240, lr 2.70e-05 ---
2026-10-01 09:36:19,190 - INFO - 
****************************************************************************************************
2026-10-01 09:36:21,042 - INFO - --- training epoch 192, loss 0.0048, mae 0.0718, rmse 0.0981, time elapsed(min) 0.03---
2026-10-01 09:36:21,472 - INFO - --- validation at epoch 192, val_loss 0.0055, val_mae 0.0786, val_rmse 0.1092, val_r2 0.8546, val_pearson 0.9251, lr 2.70e-05 ---
2026-10-01 09:36:21,472 - INFO - 
****************************************************************************************************
2026-10-01 09:36:23,453 - INFO - --- training epoch 193, loss 0.0048, mae 0.0713, rmse 0.0978, time elapsed(min) 0.03---
2026-10-01 09:36:23,692 - INFO - --- validation at epoch 193, val_loss 0.0054, val_mae 0.0786, val_rmse 0.1092, val_r2 0.8545, val_pearson 0.9249, lr 2.70e-05 ---
2026-10-01 09:36:23,692 - INFO - 
****************************************************************************************************
2026-10-01 09:36:25,677 - INFO - --- training epoch 194, loss 0.0047, mae 0.0714, rmse 0.0973, time elapsed(min) 0.03---
2026-10-01 09:36:25,931 - INFO - --- validation at epoch 194, val_loss 0.0055, val_mae 0.0786, val_rmse 0.1092, val_r2 0.8546, val_pearson 0.9250, lr 2.70e-05 ---
2026-10-01 09:36:25,931 - INFO - 
****************************************************************************************************
2026-10-01 09:36:27,920 - INFO - --- training epoch 195, loss 0.0047, mae 0.0705, rmse 0.0967, time elapsed(min) 0.03---
2026-10-01 09:36:28,319 - INFO - --- validation at epoch 195, val_loss 0.0054, val_mae 0.0785, val_rmse 0.1091, val_r2 0.8548, val_pearson 0.9251, lr 2.70e-05 ---
2026-10-01 09:36:28,319 - INFO - 
****************************************************************************************************
2026-10-01 09:36:30,385 - INFO - --- training epoch 196, loss 0.0047, mae 0.0705, rmse 0.0972, time elapsed(min) 0.03---
2026-10-01 09:36:30,613 - INFO - --- validation at epoch 196, val_loss 0.0055, val_mae 0.0787, val_rmse 0.1095, val_r2 0.8537, val_pearson 0.9246, lr 2.70e-05 ---
2026-10-01 09:36:30,613 - INFO - 
****************************************************************************************************
2026-10-01 09:36:32,472 - INFO - --- training epoch 197, loss 0.0046, mae 0.0698, rmse 0.0958, time elapsed(min) 0.03---
2026-10-01 09:36:32,703 - INFO - --- validation at epoch 197, val_loss 0.0055, val_mae 0.0786, val_rmse 0.1096, val_r2 0.8535, val_pearson 0.9246, lr 2.70e-05 ---
2026-10-01 09:36:32,703 - INFO - 
****************************************************************************************************
2026-10-01 09:36:34,529 - INFO - --- training epoch 198, loss 0.0047, mae 0.0707, rmse 0.0974, time elapsed(min) 0.03---
2026-10-01 09:36:34,929 - INFO - --- validation at epoch 198, val_loss 0.0054, val_mae 0.0782, val_rmse 0.1090, val_r2 0.8550, val_pearson 0.9253, lr 2.70e-05 ---
2026-10-01 09:36:34,929 - INFO - 
****************************************************************************************************
2026-10-01 09:36:37,107 - INFO - --- training epoch 199, loss 0.0048, mae 0.0711, rmse 0.0979, time elapsed(min) 0.03---
2026-10-01 09:36:37,353 - INFO - --- validation at epoch 199, val_loss 0.0055, val_mae 0.0784, val_rmse 0.1093, val_r2 0.8542, val_pearson 0.9247, lr 2.70e-05 ---
2026-10-01 09:36:37,353 - INFO - 
****************************************************************************************************
2026-10-01 09:36:39,214 - INFO - --- training epoch 200, loss 0.0047, mae 0.0704, rmse 0.0966, time elapsed(min) 0.03---
2026-10-01 09:36:39,444 - INFO - --- validation at epoch 200, val_loss 0.0055, val_mae 0.0783, val_rmse 0.1086, val_r2 0.8561, val_pearson 0.9255, lr 2.70e-05 ---
2026-10-01 09:36:39,444 - INFO - 
****************************************************************************************************
2026-10-01 09:36:41,288 - INFO - --- training epoch 201, loss 0.0046, mae 0.0699, rmse 0.0962, time elapsed(min) 0.03---
2026-10-01 09:36:41,682 - INFO - --- validation at epoch 201, val_loss 0.0054, val_mae 0.0784, val_rmse 0.1091, val_r2 0.8548, val_pearson 0.9251, lr 2.70e-05 ---
2026-10-01 09:36:41,682 - INFO - 
****************************************************************************************************
2026-10-01 09:36:43,619 - INFO - --- training epoch 202, loss 0.0046, mae 0.0703, rmse 0.0960, time elapsed(min) 0.03---
2026-10-01 09:36:44,047 - INFO - --- validation at epoch 202, val_loss 0.0055, val_mae 0.0788, val_rmse 0.1097, val_r2 0.8532, val_pearson 0.9246, lr 2.70e-05 ---
2026-10-01 09:36:44,047 - INFO - 
****************************************************************************************************
2026-10-01 09:36:46,075 - INFO - --- training epoch 203, loss 0.0047, mae 0.0706, rmse 0.0968, time elapsed(min) 0.03---
2026-10-01 09:36:46,309 - INFO - --- validation at epoch 203, val_loss 0.0054, val_mae 0.0783, val_rmse 0.1094, val_r2 0.8539, val_pearson 0.9248, lr 2.70e-05 ---
2026-10-01 09:36:46,309 - INFO - 
****************************************************************************************************
2026-10-01 09:36:48,149 - INFO - --- training epoch 204, loss 0.0046, mae 0.0706, rmse 0.0964, time elapsed(min) 0.03---
2026-10-01 09:36:48,375 - INFO - --- validation at epoch 204, val_loss 0.0055, val_mae 0.0787, val_rmse 0.1094, val_r2 0.8540, val_pearson 0.9244, lr 2.70e-05 ---
2026-10-01 09:36:48,375 - INFO - 
****************************************************************************************************
2026-10-01 09:36:50,235 - INFO - --- training epoch 205, loss 0.0046, mae 0.0704, rmse 0.0960, time elapsed(min) 0.03---
2026-10-01 09:36:50,662 - INFO - --- validation at epoch 205, val_loss 0.0055, val_mae 0.0785, val_rmse 0.1096, val_r2 0.8534, val_pearson 0.9250, lr 8.10e-06 ---
2026-10-01 09:36:50,662 - INFO - 
****************************************************************************************************
2026-10-01 09:36:52,637 - INFO - --- training epoch 206, loss 0.0046, mae 0.0707, rmse 0.0962, time elapsed(min) 0.03---
2026-10-01 09:36:52,868 - INFO - --- validation at epoch 206, val_loss 0.0054, val_mae 0.0782, val_rmse 0.1094, val_r2 0.8541, val_pearson 0.9252, lr 8.10e-06 ---
2026-10-01 09:36:52,868 - INFO - 
****************************************************************************************************
2026-10-01 09:36:54,731 - INFO - --- training epoch 207, loss 0.0046, mae 0.0698, rmse 0.0962, time elapsed(min) 0.03---
2026-10-01 09:36:54,977 - INFO - --- validation at epoch 207, val_loss 0.0054, val_mae 0.0780, val_rmse 0.1089, val_r2 0.8552, val_pearson 0.9255, lr 8.10e-06 ---
2026-10-01 09:36:54,977 - INFO - 
****************************************************************************************************
2026-10-01 09:36:56,942 - INFO - --- training epoch 208, loss 0.0047, mae 0.0701, rmse 0.0965, time elapsed(min) 0.03---
2026-10-01 09:36:57,373 - INFO - --- validation at epoch 208, val_loss 0.0055, val_mae 0.0783, val_rmse 0.1094, val_r2 0.8540, val_pearson 0.9250, lr 8.10e-06 ---
2026-10-01 09:36:57,373 - INFO - 
****************************************************************************************************
2026-10-01 09:36:59,438 - INFO - --- training epoch 209, loss 0.0048, mae 0.0711, rmse 0.0976, time elapsed(min) 0.03---
2026-10-01 09:36:59,668 - INFO - --- validation at epoch 209, val_loss 0.0055, val_mae 0.0784, val_rmse 0.1094, val_r2 0.8540, val_pearson 0.9250, lr 8.10e-06 ---
2026-10-01 09:36:59,668 - INFO - 
****************************************************************************************************
2026-10-01 09:37:01,662 - INFO - --- training epoch 210, loss 0.0046, mae 0.0700, rmse 0.0959, time elapsed(min) 0.03---
2026-10-01 09:37:01,895 - INFO - --- validation at epoch 210, val_loss 0.0054, val_mae 0.0781, val_rmse 0.1089, val_r2 0.8553, val_pearson 0.9257, lr 8.10e-06 ---
2026-10-01 09:37:01,895 - INFO - 
****************************************************************************************************
2026-10-01 09:37:03,732 - INFO - --- training epoch 211, loss 0.0047, mae 0.0703, rmse 0.0968, time elapsed(min) 0.03---
2026-10-01 09:37:04,120 - INFO - --- validation at epoch 211, val_loss 0.0054, val_mae 0.0782, val_rmse 0.1089, val_r2 0.8554, val_pearson 0.9256, lr 8.10e-06 ---
2026-10-01 09:37:04,120 - INFO - 
****************************************************************************************************
2026-10-01 09:37:06,197 - INFO - --- training epoch 212, loss 0.0046, mae 0.0699, rmse 0.0958, time elapsed(min) 0.03---
2026-10-01 09:37:06,450 - INFO - --- validation at epoch 212, val_loss 0.0054, val_mae 0.0782, val_rmse 0.1091, val_r2 0.8549, val_pearson 0.9255, lr 8.10e-06 ---
2026-10-01 09:37:06,450 - INFO - 
****************************************************************************************************
2026-10-01 09:37:08,262 - INFO - --- training epoch 213, loss 0.0047, mae 0.0702, rmse 0.0966, time elapsed(min) 0.03---
2026-10-01 09:37:08,495 - INFO - --- validation at epoch 213, val_loss 0.0055, val_mae 0.0784, val_rmse 0.1093, val_r2 0.8542, val_pearson 0.9249, lr 8.10e-06 ---
2026-10-01 09:37:08,495 - INFO - 
****************************************************************************************************
2026-10-01 09:37:10,326 - INFO - --- training epoch 214, loss 0.0046, mae 0.0697, rmse 0.0963, time elapsed(min) 0.03---
2026-10-01 09:37:10,698 - INFO - --- validation at epoch 214, val_loss 0.0055, val_mae 0.0783, val_rmse 0.1093, val_r2 0.8543, val_pearson 0.9253, lr 8.10e-06 ---
2026-10-01 09:37:10,698 - INFO - 
****************************************************************************************************
2026-10-01 09:37:12,710 - INFO - --- training epoch 215, loss 0.0047, mae 0.0705, rmse 0.0970, time elapsed(min) 0.03---
2026-10-01 09:37:13,134 - INFO - --- validation at epoch 215, val_loss 0.0054, val_mae 0.0782, val_rmse 0.1090, val_r2 0.8551, val_pearson 0.9255, lr 8.10e-06 ---
2026-10-01 09:37:13,134 - INFO - 
****************************************************************************************************
2026-10-01 09:37:15,108 - INFO - --- training epoch 216, loss 0.0046, mae 0.0702, rmse 0.0962, time elapsed(min) 0.03---
2026-10-01 09:37:15,339 - INFO - --- validation at epoch 216, val_loss 0.0054, val_mae 0.0783, val_rmse 0.1091, val_r2 0.8548, val_pearson 0.9253, lr 2.43e-06 ---
2026-10-01 09:37:15,339 - INFO - 
****************************************************************************************************
2026-10-01 09:37:17,191 - INFO - --- training epoch 217, loss 0.0045, mae 0.0694, rmse 0.0952, time elapsed(min) 0.03---
2026-10-01 09:37:17,416 - INFO - --- validation at epoch 217, val_loss 0.0054, val_mae 0.0784, val_rmse 0.1091, val_r2 0.8547, val_pearson 0.9253, lr 2.43e-06 ---
2026-10-01 09:37:17,416 - INFO - 
****************************************************************************************************
2026-10-01 09:37:19,287 - INFO - --- training epoch 218, loss 0.0046, mae 0.0698, rmse 0.0956, time elapsed(min) 0.03---
2026-10-01 09:37:19,717 - INFO - --- validation at epoch 218, val_loss 0.0054, val_mae 0.0784, val_rmse 0.1091, val_r2 0.8548, val_pearson 0.9253, lr 2.43e-06 ---
2026-10-01 09:37:19,717 - INFO - 
****************************************************************************************************
2026-10-01 09:37:21,709 - INFO - --- training epoch 219, loss 0.0046, mae 0.0699, rmse 0.0963, time elapsed(min) 0.03---
2026-10-01 09:37:21,939 - INFO - --- validation at epoch 219, val_loss 0.0055, val_mae 0.0785, val_rmse 0.1092, val_r2 0.8545, val_pearson 0.9252, lr 2.43e-06 ---
2026-10-01 09:37:21,939 - INFO - 
****************************************************************************************************
2026-10-01 09:37:23,859 - INFO - --- training epoch 220, loss 0.0045, mae 0.0689, rmse 0.0951, time elapsed(min) 0.03---
2026-10-01 09:37:24,090 - INFO - --- validation at epoch 220, val_loss 0.0055, val_mae 0.0784, val_rmse 0.1092, val_r2 0.8546, val_pearson 0.9252, lr 2.43e-06 ---
2026-10-01 09:37:24,090 - INFO - 
****************************************************************************************************
2026-10-01 09:37:26,063 - INFO - --- training epoch 221, loss 0.0046, mae 0.0702, rmse 0.0964, time elapsed(min) 0.03---
2026-10-01 09:37:26,446 - INFO - --- validation at epoch 221, val_loss 0.0055, val_mae 0.0783, val_rmse 0.1091, val_r2 0.8549, val_pearson 0.9253, lr 2.43e-06 ---
2026-10-01 09:37:26,446 - INFO - 
****************************************************************************************************
2026-10-01 09:37:28,640 - INFO - --- training epoch 222, loss 0.0046, mae 0.0705, rmse 0.0964, time elapsed(min) 0.03---
2026-10-01 09:37:28,871 - INFO - --- validation at epoch 222, val_loss 0.0055, val_mae 0.0784, val_rmse 0.1093, val_r2 0.8543, val_pearson 0.9251, lr 2.43e-06 ---
2026-10-01 09:37:28,871 - INFO - 
****************************************************************************************************
2026-10-01 09:37:30,787 - INFO - --- training epoch 223, loss 0.0046, mae 0.0699, rmse 0.0960, time elapsed(min) 0.03---
2026-10-01 09:37:31,026 - INFO - --- validation at epoch 223, val_loss 0.0055, val_mae 0.0784, val_rmse 0.1093, val_r2 0.8543, val_pearson 0.9250, lr 2.43e-06 ---
2026-10-01 09:37:31,026 - INFO - 
****************************************************************************************************
2026-10-01 09:37:33,028 - INFO - --- training epoch 224, loss 0.0046, mae 0.0699, rmse 0.0961, time elapsed(min) 0.03---
2026-10-01 09:37:33,408 - INFO - --- validation at epoch 224, val_loss 0.0055, val_mae 0.0785, val_rmse 0.1093, val_r2 0.8542, val_pearson 0.9250, lr 2.43e-06 ---
2026-10-01 09:37:33,408 - INFO - 
****************************************************************************************************
2026-10-01 09:37:35,490 - INFO - --- training epoch 225, loss 0.0046, mae 0.0700, rmse 0.0962, time elapsed(min) 0.03---
2026-10-01 09:37:35,721 - INFO - --- validation at epoch 225, val_loss 0.0055, val_mae 0.0785, val_rmse 0.1094, val_r2 0.8539, val_pearson 0.9249, lr 2.43e-06 ---
2026-10-01 09:37:35,721 - INFO - 
****************************************************************************************************
2026-10-01 09:37:37,532 - INFO - --- training epoch 226, loss 0.0046, mae 0.0700, rmse 0.0957, time elapsed(min) 0.03---
2026-10-01 09:37:37,768 - INFO - --- validation at epoch 226, val_loss 0.0055, val_mae 0.0784, val_rmse 0.1091, val_r2 0.8547, val_pearson 0.9251, lr 2.43e-06 ---
2026-10-01 09:37:37,768 - INFO - 
****************************************************************************************************
2026-10-01 09:37:39,793 - INFO - --- training epoch 227, loss 0.0045, mae 0.0695, rmse 0.0952, time elapsed(min) 0.03---
2026-10-01 09:37:40,198 - INFO - --- validation at epoch 227, val_loss 0.0055, val_mae 0.0784, val_rmse 0.1091, val_r2 0.8547, val_pearson 0.9252, lr 1.00e-06 ---
2026-10-01 09:37:40,198 - INFO - 
****************************************************************************************************
2026-10-01 09:37:42,288 - INFO - --- training epoch 228, loss 0.0046, mae 0.0700, rmse 0.0961, time elapsed(min) 0.03---
2026-10-01 09:37:42,524 - INFO - --- validation at epoch 228, val_loss 0.0055, val_mae 0.0784, val_rmse 0.1091, val_r2 0.8547, val_pearson 0.9252, lr 1.00e-06 ---
2026-10-01 09:37:42,524 - INFO - 
****************************************************************************************************
2026-10-01 09:37:44,339 - INFO - --- training epoch 229, loss 0.0046, mae 0.0702, rmse 0.0956, time elapsed(min) 0.03---
2026-10-01 09:37:44,570 - INFO - --- validation at epoch 229, val_loss 0.0055, val_mae 0.0784, val_rmse 0.1091, val_r2 0.8547, val_pearson 0.9252, lr 1.00e-06 ---
2026-10-01 09:37:44,570 - INFO - 
****************************************************************************************************
2026-10-01 09:37:46,426 - INFO - --- training epoch 230, loss 0.0046, mae 0.0695, rmse 0.0955, time elapsed(min) 0.03---
2026-10-01 09:37:46,816 - INFO - --- validation at epoch 230, val_loss 0.0055, val_mae 0.0783, val_rmse 0.1091, val_r2 0.8547, val_pearson 0.9253, lr 1.00e-06 ---
2026-10-01 09:37:46,816 - INFO - 
****************************************************************************************************
2026-10-01 09:37:49,003 - INFO - --- training epoch 231, loss 0.0047, mae 0.0703, rmse 0.0966, time elapsed(min) 0.03---
2026-10-01 09:37:49,235 - INFO - --- validation at epoch 231, val_loss 0.0055, val_mae 0.0783, val_rmse 0.1092, val_r2 0.8546, val_pearson 0.9252, lr 1.00e-06 ---
2026-10-01 09:37:49,235 - INFO - 
****************************************************************************************************
2026-10-01 09:37:51,184 - INFO - --- training epoch 232, loss 0.0046, mae 0.0695, rmse 0.0959, time elapsed(min) 0.03---
2026-10-01 09:37:51,418 - INFO - --- validation at epoch 232, val_loss 0.0055, val_mae 0.0784, val_rmse 0.1092, val_r2 0.8546, val_pearson 0.9252, lr 1.00e-06 ---
2026-10-01 09:37:51,418 - INFO - 
****************************************************************************************************
2026-10-01 09:37:53,274 - INFO - --- training epoch 233, loss 0.0046, mae 0.0696, rmse 0.0958, time elapsed(min) 0.03---
2026-10-01 09:37:53,508 - INFO - --- validation at epoch 233, val_loss 0.0055, val_mae 0.0783, val_rmse 0.1091, val_r2 0.8547, val_pearson 0.9252, lr 1.00e-06 ---
2026-10-01 09:37:53,508 - INFO - 
****************************************************************************************************
2026-10-01 09:37:55,568 - INFO - --- training epoch 234, loss 0.0046, mae 0.0698, rmse 0.0961, time elapsed(min) 0.03---
2026-10-01 09:37:56,003 - INFO - --- validation at epoch 234, val_loss 0.0055, val_mae 0.0783, val_rmse 0.1091, val_r2 0.8547, val_pearson 0.9252, lr 1.00e-06 ---
2026-10-01 09:37:56,003 - INFO - 
****************************************************************************************************
2026-10-01 09:37:58,052 - INFO - --- training epoch 235, loss 0.0046, mae 0.0698, rmse 0.0962, time elapsed(min) 0.03---
2026-10-01 09:37:58,294 - INFO - --- validation at epoch 235, val_loss 0.0055, val_mae 0.0784, val_rmse 0.1092, val_r2 0.8545, val_pearson 0.9252, lr 1.00e-06 ---
2026-10-01 09:37:58,294 - INFO - 
****************************************************************************************************
2026-10-01 09:38:00,223 - INFO - --- training epoch 236, loss 0.0046, mae 0.0698, rmse 0.0955, time elapsed(min) 0.03---
2026-10-01 09:38:00,457 - INFO - --- validation at epoch 236, val_loss 0.0055, val_mae 0.0783, val_rmse 0.1091, val_r2 0.8548, val_pearson 0.9253, lr 1.00e-06 ---
2026-10-01 09:38:00,457 - INFO - 
****************************************************************************************************
2026-10-01 09:38:02,504 - INFO - --- training epoch 237, loss 0.0046, mae 0.0701, rmse 0.0959, time elapsed(min) 0.03---
2026-10-01 09:38:02,928 - INFO - --- validation at epoch 237, val_loss 0.0055, val_mae 0.0783, val_rmse 0.1092, val_r2 0.8546, val_pearson 0.9253, lr 1.00e-06 ---
2026-10-01 09:38:02,928 - INFO - 
****************************************************************************************************
2026-10-01 09:38:04,919 - INFO - --- training epoch 238, loss 0.0046, mae 0.0697, rmse 0.0959, time elapsed(min) 0.03---
2026-10-01 09:38:05,165 - INFO - --- validation at epoch 238, val_loss 0.0055, val_mae 0.0783, val_rmse 0.1091, val_r2 0.8547, val_pearson 0.9253, lr 1.00e-06 ---
2026-10-01 09:38:05,165 - INFO - 
****************************************************************************************************
2026-10-01 09:38:07,109 - INFO - --- training epoch 239, loss 0.0046, mae 0.0702, rmse 0.0954, time elapsed(min) 0.03---
2026-10-01 09:38:07,336 - INFO - --- validation at epoch 239, val_loss 0.0055, val_mae 0.0783, val_rmse 0.1091, val_r2 0.8549, val_pearson 0.9253, lr 1.00e-06 ---
2026-10-01 09:38:07,336 - INFO - 
****************************************************************************************************
2026-10-01 09:38:09,291 - INFO - --- training epoch 240, loss 0.0045, mae 0.0694, rmse 0.0951, time elapsed(min) 0.03---
2026-10-01 09:38:09,715 - INFO - --- validation at epoch 240, val_loss 0.0055, val_mae 0.0783, val_rmse 0.1091, val_r2 0.8548, val_pearson 0.9253, lr 1.00e-06 ---
2026-10-01 09:38:09,715 - INFO - 
****************************************************************************************************
2026-10-01 09:38:11,859 - INFO - --- training epoch 241, loss 0.0046, mae 0.0702, rmse 0.0962, time elapsed(min) 0.03---
2026-10-01 09:38:12,085 - INFO - --- validation at epoch 241, val_loss 0.0054, val_mae 0.0783, val_rmse 0.1091, val_r2 0.8547, val_pearson 0.9253, lr 1.00e-06 ---
2026-10-01 09:38:12,085 - INFO - 
****************************************************************************************************
2026-10-01 09:38:13,917 - INFO - --- training epoch 242, loss 0.0046, mae 0.0703, rmse 0.0963, time elapsed(min) 0.03---
2026-10-01 09:38:14,144 - INFO - --- validation at epoch 242, val_loss 0.0055, val_mae 0.0784, val_rmse 0.1092, val_r2 0.8546, val_pearson 0.9252, lr 1.00e-06 ---
2026-10-01 09:38:14,144 - INFO - 
****************************************************************************************************
2026-10-01 09:38:16,116 - INFO - --- training epoch 243, loss 0.0046, mae 0.0699, rmse 0.0961, time elapsed(min) 0.03---
2026-10-01 09:38:16,522 - INFO - --- validation at epoch 243, val_loss 0.0055, val_mae 0.0784, val_rmse 0.1092, val_r2 0.8546, val_pearson 0.9252, lr 1.00e-06 ---
2026-10-01 09:38:16,522 - INFO - 
****************************************************************************************************
2026-10-01 09:38:16,806 - INFO - --- early stopping at epoch 243: val_loss did not improve for 50 epochs ---
2026-10-01 09:38:17,380 - INFO - --- selected checkpoint from epoch 193, val_loss 0.0054, val_mae 0.0786, val_rmse 0.1092
2026-10-01 09:38:18,344 - INFO - -- RESULT
2026-10-01 09:38:18,344 - INFO - --- test size: 1728
2026-10-01 09:38:18,344 - INFO - --- MAE: 0.0831 (8.31 pp), RMSE: 0.1166 (11.66 pp), R2: 0.8257, Pearson: 0.9104
2026-10-01 09:38:20,610 - INFO - --- Suzuki-Miyaura | split_5 | approach_3: test R2 0.8257 MAE 0.0831 RMSE 0.1166 | 551.4s (2.3s/epoch)
2026-10-01 09:38:20,619 - INFO - --- Suzuki-Miyaura | split_5 | approach 2 (comb/mlp) (comb/mlp)
