2026-10-01 06:19:04,681 - INFO - device is	cuda:0
2026-10-01 06:19:04,859 - INFO - -- CONFIGURATIONS
2026-10-01 06:19:04,860 - INFO - --- train/valid/test: 3628/404/1728
2026-10-01 06:19:04,860 - INFO - --- max no. reactants_train, valid, test respectively: 14, 14, 14
2026-10-01 06:19:04,860 - INFO - --- max no. products_train, valid, test respectively: 1, 1, 1
2026-10-01 06:19:04,860 - INFO - --- model_path: ../logs/approach2_grid_suzuki/e400/runs/Suzuki-Miyaura_split_0_current_model/model.pt
2026-10-01 06:19:04,957 - INFO - -- TRAINING
2026-10-01 06:19:06,494 - INFO - --- training epoch 0, loss 2.7664, mae 3.1526, rmse 7.9511, time elapsed(min) 0.03---
2026-10-01 06:19:06,748 - INFO - --- validation at epoch 0, val_loss 0.0436, val_mae 0.2627, val_rmse 0.2998, val_r2 -0.0005, val_pearson 0.0485, lr 1.00e-03 ---
2026-10-01 06:19:06,748 - INFO - 
****************************************************************************************************
2026-10-01 06:19:08,319 - INFO - --- training epoch 1, loss 0.0474, mae 0.2613, rmse 0.3080, time elapsed(min) 0.02---
2026-10-01 06:19:08,513 - INFO - --- validation at epoch 1, val_loss 0.0432, val_mae 0.2670, val_rmse 0.3002, val_r2 -0.0030, val_pearson 0.1724, lr 1.00e-03 ---
2026-10-01 06:19:08,513 - INFO - 
****************************************************************************************************
2026-10-01 06:19:10,118 - INFO - --- training epoch 2, loss 0.0397, mae 0.2426, rmse 0.2817, time elapsed(min) 0.02---
2026-10-01 06:19:10,308 - INFO - --- validation at epoch 2, val_loss 0.0426, val_mae 0.2636, val_rmse 0.2975, val_r2 0.0152, val_pearson 0.1872, lr 1.00e-03 ---
2026-10-01 06:19:10,308 - INFO - 
****************************************************************************************************
2026-10-01 06:19:11,969 - INFO - --- training epoch 3, loss 0.0388, mae 0.2410, rmse 0.2786, time elapsed(min) 0.02---
2026-10-01 06:19:12,305 - INFO - --- validation at epoch 3, val_loss 0.0422, val_mae 0.2575, val_rmse 0.2952, val_r2 0.0306, val_pearson 0.2330, lr 1.00e-03 ---
2026-10-01 06:19:12,305 - INFO - 
****************************************************************************************************
2026-10-01 06:19:13,985 - INFO - --- training epoch 4, loss 0.0378, mae 0.2362, rmse 0.2750, time elapsed(min) 0.02---
2026-10-01 06:19:14,184 - INFO - --- validation at epoch 4, val_loss 0.0415, val_mae 0.2525, val_rmse 0.2924, val_r2 0.0487, val_pearson 0.2509, lr 1.00e-03 ---
2026-10-01 06:19:14,184 - INFO - 
****************************************************************************************************
2026-10-01 06:19:15,742 - INFO - --- training epoch 5, loss 0.0375, mae 0.2349, rmse 0.2738, time elapsed(min) 0.02---
2026-10-01 06:19:15,934 - INFO - --- validation at epoch 5, val_loss 0.0408, val_mae 0.2555, val_rmse 0.2906, val_r2 0.0602, val_pearson 0.2610, lr 1.00e-03 ---
2026-10-01 06:19:15,934 - INFO - 
****************************************************************************************************
2026-10-01 06:19:17,568 - INFO - --- training epoch 6, loss 0.0370, mae 0.2327, rmse 0.2720, time elapsed(min) 0.02---
2026-10-01 06:19:17,938 - INFO - --- validation at epoch 6, val_loss 0.0401, val_mae 0.2519, val_rmse 0.2884, val_r2 0.0741, val_pearson 0.2778, lr 1.00e-03 ---
2026-10-01 06:19:17,938 - INFO - 
****************************************************************************************************
2026-10-01 06:19:19,608 - INFO - --- training epoch 7, loss 0.0375, mae 0.2332, rmse 0.2737, time elapsed(min) 0.02---
2026-10-01 06:19:19,825 - INFO - --- validation at epoch 7, val_loss 0.0409, val_mae 0.2468, val_rmse 0.2904, val_r2 0.0619, val_pearson 0.2955, lr 1.00e-03 ---
2026-10-01 06:19:19,825 - INFO - 
****************************************************************************************************
2026-10-01 06:19:21,331 - INFO - --- training epoch 8, loss 0.0369, mae 0.2318, rmse 0.2718, time elapsed(min) 0.02---
2026-10-01 06:19:21,528 - INFO - --- validation at epoch 8, val_loss 0.0395, val_mae 0.2508, val_rmse 0.2860, val_r2 0.0899, val_pearson 0.3304, lr 1.00e-03 ---
2026-10-01 06:19:21,528 - INFO - 
****************************************************************************************************
2026-10-01 06:19:23,265 - INFO - --- training epoch 9, loss 0.0367, mae 0.2286, rmse 0.2710, time elapsed(min) 0.02---
2026-10-01 06:19:23,607 - INFO - --- validation at epoch 9, val_loss 0.0372, val_mae 0.2276, val_rmse 0.2742, val_r2 0.1636, val_pearson 0.4365, lr 1.00e-03 ---
2026-10-01 06:19:23,608 - INFO - 
****************************************************************************************************
2026-10-01 06:19:25,387 - INFO - --- training epoch 10, loss 0.0339, mae 0.2178, rmse 0.2602, time elapsed(min) 0.02---
2026-10-01 06:19:25,582 - INFO - --- validation at epoch 10, val_loss 0.0366, val_mae 0.2359, val_rmse 0.2727, val_r2 0.1725, val_pearson 0.4447, lr 1.00e-03 ---
2026-10-01 06:19:25,582 - INFO - 
****************************************************************************************************
2026-10-01 06:19:27,186 - INFO - --- training epoch 11, loss 0.0345, mae 0.2200, rmse 0.2626, time elapsed(min) 0.02---
2026-10-01 06:19:27,383 - INFO - --- validation at epoch 11, val_loss 0.0373, val_mae 0.2387, val_rmse 0.2752, val_r2 0.1574, val_pearson 0.4521, lr 1.00e-03 ---
2026-10-01 06:19:27,383 - INFO - 
****************************************************************************************************
2026-10-01 06:19:28,890 - INFO - --- training epoch 12, loss 0.0346, mae 0.2207, rmse 0.2630, time elapsed(min) 0.02---
2026-10-01 06:19:29,210 - INFO - --- validation at epoch 12, val_loss 0.0365, val_mae 0.2342, val_rmse 0.2715, val_r2 0.1797, val_pearson 0.4575, lr 1.00e-03 ---
2026-10-01 06:19:29,210 - INFO - 
****************************************************************************************************
2026-10-01 06:19:31,059 - INFO - --- training epoch 13, loss 0.0341, mae 0.2195, rmse 0.2612, time elapsed(min) 0.02---
2026-10-01 06:19:31,251 - INFO - --- validation at epoch 13, val_loss 0.0359, val_mae 0.2309, val_rmse 0.2689, val_r2 0.1956, val_pearson 0.4640, lr 1.00e-03 ---
2026-10-01 06:19:31,251 - INFO - 
****************************************************************************************************
2026-10-01 06:19:32,852 - INFO - --- training epoch 14, loss 0.0337, mae 0.2179, rmse 0.2597, time elapsed(min) 0.02---
2026-10-01 06:19:33,046 - INFO - --- validation at epoch 14, val_loss 0.0348, val_mae 0.2264, val_rmse 0.2651, val_r2 0.2179, val_pearson 0.4817, lr 1.00e-03 ---
2026-10-01 06:19:33,046 - INFO - 
****************************************************************************************************
2026-10-01 06:19:34,783 - INFO - --- training epoch 15, loss 0.0329, mae 0.2136, rmse 0.2564, time elapsed(min) 0.02---
2026-10-01 06:19:34,978 - INFO - --- validation at epoch 15, val_loss 0.0365, val_mae 0.2210, val_rmse 0.2715, val_r2 0.1797, val_pearson 0.5049, lr 1.00e-03 ---
2026-10-01 06:19:34,978 - INFO - 
****************************************************************************************************
2026-10-01 06:19:36,588 - INFO - --- training epoch 16, loss 0.0319, mae 0.2096, rmse 0.2527, time elapsed(min) 0.02---
2026-10-01 06:19:37,042 - INFO - --- validation at epoch 16, val_loss 0.0325, val_mae 0.2162, val_rmse 0.2577, val_r2 0.2612, val_pearson 0.5276, lr 1.00e-03 ---
2026-10-01 06:19:37,042 - INFO - 
****************************************************************************************************
2026-10-01 06:19:38,632 - INFO - --- training epoch 17, loss 0.0310, mae 0.2052, rmse 0.2491, time elapsed(min) 0.02---
2026-10-01 06:19:38,824 - INFO - --- validation at epoch 17, val_loss 0.0316, val_mae 0.2118, val_rmse 0.2546, val_r2 0.2787, val_pearson 0.5528, lr 1.00e-03 ---
2026-10-01 06:19:38,824 - INFO - 
****************************************************************************************************
2026-10-01 06:19:40,449 - INFO - --- training epoch 18, loss 0.0345, mae 0.2159, rmse 0.2628, time elapsed(min) 0.02---
2026-10-01 06:19:40,659 - INFO - --- validation at epoch 18, val_loss 0.0377, val_mae 0.2449, val_rmse 0.2784, val_r2 0.1376, val_pearson 0.5168, lr 1.00e-03 ---
2026-10-01 06:19:40,659 - INFO - 
****************************************************************************************************
2026-10-01 06:19:42,280 - INFO - --- training epoch 19, loss 0.0324, mae 0.2102, rmse 0.2547, time elapsed(min) 0.02---
2026-10-01 06:19:42,629 - INFO - --- validation at epoch 19, val_loss 0.0327, val_mae 0.2216, val_rmse 0.2586, val_r2 0.2557, val_pearson 0.5425, lr 1.00e-03 ---
2026-10-01 06:19:42,629 - INFO - 
****************************************************************************************************
2026-10-01 06:19:44,241 - INFO - --- training epoch 20, loss 0.0318, mae 0.2080, rmse 0.2523, time elapsed(min) 0.02---
2026-10-01 06:19:44,456 - INFO - --- validation at epoch 20, val_loss 0.0328, val_mae 0.2237, val_rmse 0.2603, val_r2 0.2462, val_pearson 0.5566, lr 1.00e-03 ---
2026-10-01 06:19:44,456 - INFO - 
****************************************************************************************************
2026-10-01 06:19:46,022 - INFO - --- training epoch 21, loss 0.0314, mae 0.2057, rmse 0.2505, time elapsed(min) 0.02---
2026-10-01 06:19:46,217 - INFO - --- validation at epoch 21, val_loss 0.0319, val_mae 0.2175, val_rmse 0.2558, val_r2 0.2716, val_pearson 0.5671, lr 1.00e-03 ---
2026-10-01 06:19:46,217 - INFO - 
****************************************************************************************************
2026-10-01 06:19:47,830 - INFO - --- training epoch 22, loss 0.0305, mae 0.2016, rmse 0.2468, time elapsed(min) 0.02---
2026-10-01 06:19:48,178 - INFO - --- validation at epoch 22, val_loss 0.0311, val_mae 0.2087, val_rmse 0.2538, val_r2 0.2833, val_pearson 0.5782, lr 1.00e-03 ---
2026-10-01 06:19:48,178 - INFO - 
****************************************************************************************************
2026-10-01 06:19:49,929 - INFO - --- training epoch 23, loss 0.0337, mae 0.2120, rmse 0.2597, time elapsed(min) 0.02---
2026-10-01 06:19:50,129 - INFO - --- validation at epoch 23, val_loss 0.0322, val_mae 0.2122, val_rmse 0.2578, val_r2 0.2607, val_pearson 0.5770, lr 1.00e-03 ---
2026-10-01 06:19:50,129 - INFO - 
****************************************************************************************************
2026-10-01 06:19:51,668 - INFO - --- training epoch 24, loss 0.0300, mae 0.1991, rmse 0.2450, time elapsed(min) 0.02---
2026-10-01 06:19:51,871 - INFO - --- validation at epoch 24, val_loss 0.0309, val_mae 0.2155, val_rmse 0.2530, val_r2 0.2879, val_pearson 0.5934, lr 1.00e-03 ---
2026-10-01 06:19:51,871 - INFO - 
****************************************************************************************************
2026-10-01 06:19:53,578 - INFO - --- training epoch 25, loss 0.0297, mae 0.1993, rmse 0.2436, time elapsed(min) 0.02---
2026-10-01 06:19:53,945 - INFO - --- validation at epoch 25, val_loss 0.0299, val_mae 0.2097, val_rmse 0.2486, val_r2 0.3121, val_pearson 0.5992, lr 1.00e-03 ---
2026-10-01 06:19:53,945 - INFO - 
****************************************************************************************************
2026-10-01 06:19:55,756 - INFO - --- training epoch 26, loss 0.0296, mae 0.1977, rmse 0.2431, time elapsed(min) 0.02---
2026-10-01 06:19:55,958 - INFO - --- validation at epoch 26, val_loss 0.0296, val_mae 0.2106, val_rmse 0.2489, val_r2 0.3108, val_pearson 0.5981, lr 1.00e-03 ---
2026-10-01 06:19:55,958 - INFO - 
****************************************************************************************************
2026-10-01 06:19:57,568 - INFO - --- training epoch 27, loss 0.0291, mae 0.1963, rmse 0.2413, time elapsed(min) 0.02---
2026-10-01 06:19:57,763 - INFO - --- validation at epoch 27, val_loss 0.0284, val_mae 0.2009, val_rmse 0.2427, val_r2 0.3443, val_pearson 0.6088, lr 1.00e-03 ---
2026-10-01 06:19:57,763 - INFO - 
****************************************************************************************************
2026-10-01 06:19:59,381 - INFO - --- training epoch 28, loss 0.0291, mae 0.1958, rmse 0.2414, time elapsed(min) 0.02---
2026-10-01 06:19:59,696 - INFO - --- validation at epoch 28, val_loss 0.0300, val_mae 0.2134, val_rmse 0.2503, val_r2 0.3027, val_pearson 0.6042, lr 1.00e-03 ---
2026-10-01 06:19:59,697 - INFO - 
****************************************************************************************************
2026-10-01 06:20:01,431 - INFO - --- training epoch 29, loss 0.0294, mae 0.1972, rmse 0.2423, time elapsed(min) 0.02---
2026-10-01 06:20:01,626 - INFO - --- validation at epoch 29, val_loss 0.0289, val_mae 0.2020, val_rmse 0.2443, val_r2 0.3356, val_pearson 0.6122, lr 1.00e-03 ---
2026-10-01 06:20:01,626 - INFO - 
****************************************************************************************************
2026-10-01 06:20:03,139 - INFO - --- training epoch 30, loss 0.0291, mae 0.1953, rmse 0.2410, time elapsed(min) 0.02---
2026-10-01 06:20:03,342 - INFO - --- validation at epoch 30, val_loss 0.0294, val_mae 0.2110, val_rmse 0.2477, val_r2 0.3173, val_pearson 0.6171, lr 1.00e-03 ---
2026-10-01 06:20:03,342 - INFO - 
****************************************************************************************************
2026-10-01 06:20:04,899 - INFO - --- training epoch 31, loss 0.0293, mae 0.1968, rmse 0.2420, time elapsed(min) 0.02---
2026-10-01 06:20:05,220 - INFO - --- validation at epoch 31, val_loss 0.0292, val_mae 0.2072, val_rmse 0.2468, val_r2 0.3222, val_pearson 0.6181, lr 1.00e-03 ---
2026-10-01 06:20:05,220 - INFO - 
****************************************************************************************************
2026-10-01 06:20:07,026 - INFO - --- training epoch 32, loss 0.0291, mae 0.1956, rmse 0.2411, time elapsed(min) 0.03---
2026-10-01 06:20:07,220 - INFO - --- validation at epoch 32, val_loss 0.0286, val_mae 0.2075, val_rmse 0.2455, val_r2 0.3291, val_pearson 0.6267, lr 1.00e-03 ---
2026-10-01 06:20:07,220 - INFO - 
****************************************************************************************************
2026-10-01 06:20:08,743 - INFO - --- training epoch 33, loss 0.0288, mae 0.1948, rmse 0.2399, time elapsed(min) 0.02---
2026-10-01 06:20:08,943 - INFO - --- validation at epoch 33, val_loss 0.0279, val_mae 0.2000, val_rmse 0.2410, val_r2 0.3534, val_pearson 0.6220, lr 1.00e-03 ---
2026-10-01 06:20:08,943 - INFO - 
****************************************************************************************************
2026-10-01 06:20:10,639 - INFO - --- training epoch 34, loss 0.0287, mae 0.1938, rmse 0.2396, time elapsed(min) 0.02---
2026-10-01 06:20:10,853 - INFO - --- validation at epoch 34, val_loss 0.0285, val_mae 0.2061, val_rmse 0.2446, val_r2 0.3345, val_pearson 0.6240, lr 1.00e-03 ---
2026-10-01 06:20:10,853 - INFO - 
****************************************************************************************************
2026-10-01 06:20:12,466 - INFO - --- training epoch 35, loss 0.0288, mae 0.1938, rmse 0.2400, time elapsed(min) 0.02---
2026-10-01 06:20:12,859 - INFO - --- validation at epoch 35, val_loss 0.0284, val_mae 0.2048, val_rmse 0.2447, val_r2 0.3337, val_pearson 0.6368, lr 1.00e-03 ---
2026-10-01 06:20:12,859 - INFO - 
****************************************************************************************************
2026-10-01 06:20:14,535 - INFO - --- training epoch 36, loss 0.0287, mae 0.1933, rmse 0.2395, time elapsed(min) 0.02---
2026-10-01 06:20:14,738 - INFO - --- validation at epoch 36, val_loss 0.0280, val_mae 0.2043, val_rmse 0.2425, val_r2 0.3455, val_pearson 0.6428, lr 1.00e-03 ---
2026-10-01 06:20:14,739 - INFO - 
****************************************************************************************************
2026-10-01 06:20:16,297 - INFO - --- training epoch 37, loss 0.0285, mae 0.1927, rmse 0.2388, time elapsed(min) 0.02---
2026-10-01 06:20:16,497 - INFO - --- validation at epoch 37, val_loss 0.0279, val_mae 0.2057, val_rmse 0.2433, val_r2 0.3413, val_pearson 0.6466, lr 1.00e-03 ---
2026-10-01 06:20:16,498 - INFO - 
****************************************************************************************************
2026-10-01 06:20:18,167 - INFO - --- training epoch 38, loss 0.0284, mae 0.1919, rmse 0.2383, time elapsed(min) 0.02---
2026-10-01 06:20:18,487 - INFO - --- validation at epoch 38, val_loss 0.0270, val_mae 0.1980, val_rmse 0.2383, val_r2 0.3683, val_pearson 0.6435, lr 1.00e-03 ---
2026-10-01 06:20:18,487 - INFO - 
****************************************************************************************************
2026-10-01 06:20:20,278 - INFO - --- training epoch 39, loss 0.0279, mae 0.1906, rmse 0.2364, time elapsed(min) 0.02---
2026-10-01 06:20:20,477 - INFO - --- validation at epoch 39, val_loss 0.0270, val_mae 0.2006, val_rmse 0.2385, val_r2 0.3672, val_pearson 0.6509, lr 1.00e-03 ---
2026-10-01 06:20:20,477 - INFO - 
****************************************************************************************************
2026-10-01 06:20:22,072 - INFO - --- training epoch 40, loss 0.0284, mae 0.1920, rmse 0.2384, time elapsed(min) 0.02---
2026-10-01 06:20:22,319 - INFO - --- validation at epoch 40, val_loss 0.0277, val_mae 0.2047, val_rmse 0.2433, val_r2 0.3416, val_pearson 0.6556, lr 1.00e-03 ---
2026-10-01 06:20:22,319 - INFO - 
****************************************************************************************************
2026-10-01 06:20:23,937 - INFO - --- training epoch 41, loss 0.0283, mae 0.1913, rmse 0.2377, time elapsed(min) 0.02---
2026-10-01 06:20:24,275 - INFO - --- validation at epoch 41, val_loss 0.0262, val_mae 0.1922, val_rmse 0.2351, val_r2 0.3851, val_pearson 0.6519, lr 1.00e-03 ---
2026-10-01 06:20:24,275 - INFO - 
****************************************************************************************************
2026-10-01 06:20:26,183 - INFO - --- training epoch 42, loss 0.0277, mae 0.1887, rmse 0.2354, time elapsed(min) 0.03---
2026-10-01 06:20:26,400 - INFO - --- validation at epoch 42, val_loss 0.0264, val_mae 0.1952, val_rmse 0.2360, val_r2 0.3802, val_pearson 0.6480, lr 1.00e-03 ---
2026-10-01 06:20:26,400 - INFO - 
****************************************************************************************************
2026-10-01 06:20:27,950 - INFO - --- training epoch 43, loss 0.0302, mae 0.1967, rmse 0.2459, time elapsed(min) 0.02---
2026-10-01 06:20:28,145 - INFO - --- validation at epoch 43, val_loss 0.0283, val_mae 0.1923, val_rmse 0.2420, val_r2 0.3484, val_pearson 0.6587, lr 1.00e-03 ---
2026-10-01 06:20:28,145 - INFO - 
****************************************************************************************************
2026-10-01 06:20:29,694 - INFO - --- training epoch 44, loss 0.0291, mae 0.1945, rmse 0.2412, time elapsed(min) 0.02---
2026-10-01 06:20:30,014 - INFO - --- validation at epoch 44, val_loss 0.0260, val_mae 0.1927, val_rmse 0.2340, val_r2 0.3905, val_pearson 0.6554, lr 1.00e-03 ---
2026-10-01 06:20:30,014 - INFO - 
****************************************************************************************************
2026-10-01 06:20:31,848 - INFO - --- training epoch 45, loss 0.0274, mae 0.1874, rmse 0.2341, time elapsed(min) 0.02---
2026-10-01 06:20:32,043 - INFO - --- validation at epoch 45, val_loss 0.0263, val_mae 0.1960, val_rmse 0.2362, val_r2 0.3794, val_pearson 0.6569, lr 1.00e-03 ---
2026-10-01 06:20:32,043 - INFO - 
****************************************************************************************************
2026-10-01 06:20:33,575 - INFO - --- training epoch 46, loss 0.0278, mae 0.1895, rmse 0.2357, time elapsed(min) 0.02---
2026-10-01 06:20:33,770 - INFO - --- validation at epoch 46, val_loss 0.0260, val_mae 0.1933, val_rmse 0.2355, val_r2 0.3830, val_pearson 0.6635, lr 1.00e-03 ---
2026-10-01 06:20:33,770 - INFO - 
****************************************************************************************************
2026-10-01 06:20:35,383 - INFO - --- training epoch 47, loss 0.0279, mae 0.1891, rmse 0.2363, time elapsed(min) 0.02---
2026-10-01 06:20:35,710 - INFO - --- validation at epoch 47, val_loss 0.0264, val_mae 0.1964, val_rmse 0.2371, val_r2 0.3743, val_pearson 0.6680, lr 1.00e-03 ---
2026-10-01 06:20:35,710 - INFO - 
****************************************************************************************************
2026-10-01 06:20:37,590 - INFO - --- training epoch 48, loss 0.0275, mae 0.1877, rmse 0.2345, time elapsed(min) 0.03---
2026-10-01 06:20:37,785 - INFO - --- validation at epoch 48, val_loss 0.0252, val_mae 0.1904, val_rmse 0.2318, val_r2 0.4020, val_pearson 0.6646, lr 1.00e-03 ---
2026-10-01 06:20:37,785 - INFO - 
****************************************************************************************************
2026-10-01 06:20:39,428 - INFO - --- training epoch 49, loss 0.0273, mae 0.1868, rmse 0.2336, time elapsed(min) 0.02---
2026-10-01 06:20:39,623 - INFO - --- validation at epoch 49, val_loss 0.0258, val_mae 0.1925, val_rmse 0.2342, val_r2 0.3897, val_pearson 0.6663, lr 1.00e-03 ---
2026-10-01 06:20:39,623 - INFO - 
****************************************************************************************************
2026-10-01 06:20:41,296 - INFO - --- training epoch 50, loss 0.0275, mae 0.1872, rmse 0.2345, time elapsed(min) 0.02---
2026-10-01 06:20:41,622 - INFO - --- validation at epoch 50, val_loss 0.0263, val_mae 0.1956, val_rmse 0.2369, val_r2 0.3753, val_pearson 0.6642, lr 1.00e-03 ---
2026-10-01 06:20:41,622 - INFO - 
****************************************************************************************************
2026-10-01 06:20:43,500 - INFO - --- training epoch 51, loss 0.0323, mae 0.2011, rmse 0.2541, time elapsed(min) 0.03---
2026-10-01 06:20:43,696 - INFO - --- validation at epoch 51, val_loss 0.0329, val_mae 0.2244, val_rmse 0.2629, val_r2 0.2312, val_pearson 0.6450, lr 1.00e-03 ---
2026-10-01 06:20:43,696 - INFO - 
****************************************************************************************************
2026-10-01 06:20:45,239 - INFO - --- training epoch 52, loss 0.0292, mae 0.1977, rmse 0.2417, time elapsed(min) 0.02---
2026-10-01 06:20:45,437 - INFO - --- validation at epoch 52, val_loss 0.0252, val_mae 0.1864, val_rmse 0.2306, val_r2 0.4085, val_pearson 0.6537, lr 1.00e-03 ---
2026-10-01 06:20:45,437 - INFO - 
****************************************************************************************************
2026-10-01 06:20:47,118 - INFO - --- training epoch 53, loss 0.0272, mae 0.1864, rmse 0.2331, time elapsed(min) 0.02---
2026-10-01 06:20:47,436 - INFO - --- validation at epoch 53, val_loss 0.0257, val_mae 0.1877, val_rmse 0.2319, val_r2 0.4014, val_pearson 0.6619, lr 1.00e-03 ---
2026-10-01 06:20:47,436 - INFO - 
****************************************************************************************************
2026-10-01 06:20:49,184 - INFO - --- training epoch 54, loss 0.0272, mae 0.1867, rmse 0.2333, time elapsed(min) 0.02---
2026-10-01 06:20:49,399 - INFO - --- validation at epoch 54, val_loss 0.0267, val_mae 0.1945, val_rmse 0.2377, val_r2 0.3714, val_pearson 0.6611, lr 1.00e-03 ---
2026-10-01 06:20:49,399 - INFO - 
****************************************************************************************************
2026-10-01 06:20:50,974 - INFO - --- training epoch 55, loss 0.0278, mae 0.1880, rmse 0.2360, time elapsed(min) 0.02---
2026-10-01 06:20:51,170 - INFO - --- validation at epoch 55, val_loss 0.0253, val_mae 0.1899, val_rmse 0.2327, val_r2 0.3972, val_pearson 0.6646, lr 1.00e-03 ---
2026-10-01 06:20:51,170 - INFO - 
****************************************************************************************************
2026-10-01 06:20:52,772 - INFO - --- training epoch 56, loss 0.0271, mae 0.1860, rmse 0.2326, time elapsed(min) 0.02---
2026-10-01 06:20:52,970 - INFO - --- validation at epoch 56, val_loss 0.0245, val_mae 0.1847, val_rmse 0.2284, val_r2 0.4195, val_pearson 0.6670, lr 1.00e-03 ---
2026-10-01 06:20:52,970 - INFO - 
****************************************************************************************************
2026-10-01 06:20:54,767 - INFO - --- training epoch 57, loss 0.0273, mae 0.1869, rmse 0.2338, time elapsed(min) 0.02---
2026-10-01 06:20:55,233 - INFO - --- validation at epoch 57, val_loss 0.0260, val_mae 0.1912, val_rmse 0.2345, val_r2 0.3880, val_pearson 0.6698, lr 1.00e-03 ---
2026-10-01 06:20:55,233 - INFO - 
****************************************************************************************************
2026-10-01 06:20:56,909 - INFO - --- training epoch 58, loss 0.0277, mae 0.1880, rmse 0.2356, time elapsed(min) 0.02---
2026-10-01 06:20:57,127 - INFO - --- validation at epoch 58, val_loss 0.0259, val_mae 0.1929, val_rmse 0.2349, val_r2 0.3861, val_pearson 0.6736, lr 1.00e-03 ---
2026-10-01 06:20:57,127 - INFO - 
****************************************************************************************************
2026-10-01 06:20:58,674 - INFO - --- training epoch 59, loss 0.0277, mae 0.1881, rmse 0.2352, time elapsed(min) 0.02---
2026-10-01 06:20:58,918 - INFO - --- validation at epoch 59, val_loss 0.0250, val_mae 0.1868, val_rmse 0.2309, val_r2 0.4066, val_pearson 0.6704, lr 1.00e-03 ---
2026-10-01 06:20:58,918 - INFO - 
****************************************************************************************************
2026-10-01 06:21:00,591 - INFO - --- training epoch 60, loss 0.0270, mae 0.1848, rmse 0.2326, time elapsed(min) 0.02---
2026-10-01 06:21:00,956 - INFO - --- validation at epoch 60, val_loss 0.0254, val_mae 0.1925, val_rmse 0.2328, val_r2 0.3967, val_pearson 0.6647, lr 1.00e-03 ---
2026-10-01 06:21:00,956 - INFO - 
****************************************************************************************************
2026-10-01 06:21:02,594 - INFO - --- training epoch 61, loss 0.0272, mae 0.1863, rmse 0.2333, time elapsed(min) 0.02---
2026-10-01 06:21:02,792 - INFO - --- validation at epoch 61, val_loss 0.0249, val_mae 0.1894, val_rmse 0.2313, val_r2 0.4047, val_pearson 0.6720, lr 1.00e-03 ---
2026-10-01 06:21:02,792 - INFO - 
****************************************************************************************************
2026-10-01 06:21:04,364 - INFO - --- training epoch 62, loss 0.0273, mae 0.1862, rmse 0.2335, time elapsed(min) 0.02---
2026-10-01 06:21:04,569 - INFO - --- validation at epoch 62, val_loss 0.0250, val_mae 0.1902, val_rmse 0.2316, val_r2 0.4030, val_pearson 0.6756, lr 1.00e-03 ---
2026-10-01 06:21:04,569 - INFO - 
****************************************************************************************************
2026-10-01 06:21:06,128 - INFO - --- training epoch 63, loss 0.0270, mae 0.1855, rmse 0.2325, time elapsed(min) 0.02---
2026-10-01 06:21:06,454 - INFO - --- validation at epoch 63, val_loss 0.0253, val_mae 0.1906, val_rmse 0.2323, val_r2 0.3994, val_pearson 0.6655, lr 1.00e-03 ---
2026-10-01 06:21:06,454 - INFO - 
****************************************************************************************************
2026-10-01 06:21:08,256 - INFO - --- training epoch 64, loss 0.0268, mae 0.1840, rmse 0.2313, time elapsed(min) 0.03---
2026-10-01 06:21:08,454 - INFO - --- validation at epoch 64, val_loss 0.0246, val_mae 0.1850, val_rmse 0.2293, val_r2 0.4147, val_pearson 0.6714, lr 1.00e-03 ---
2026-10-01 06:21:08,454 - INFO - 
****************************************************************************************************
2026-10-01 06:21:09,993 - INFO - --- training epoch 65, loss 0.0272, mae 0.1847, rmse 0.2331, time elapsed(min) 0.02---
2026-10-01 06:21:10,190 - INFO - --- validation at epoch 65, val_loss 0.0243, val_mae 0.1801, val_rmse 0.2256, val_r2 0.4336, val_pearson 0.6763, lr 1.00e-03 ---
2026-10-01 06:21:10,190 - INFO - 
****************************************************************************************************
2026-10-01 06:21:11,824 - INFO - --- training epoch 66, loss 0.0261, mae 0.1813, rmse 0.2285, time elapsed(min) 0.02---
2026-10-01 06:21:12,157 - INFO - --- validation at epoch 66, val_loss 0.0249, val_mae 0.1879, val_rmse 0.2305, val_r2 0.4086, val_pearson 0.6709, lr 1.00e-03 ---
2026-10-01 06:21:12,157 - INFO - 
****************************************************************************************************
2026-10-01 06:21:13,798 - INFO - --- training epoch 67, loss 0.0265, mae 0.1834, rmse 0.2302, time elapsed(min) 0.02---
2026-10-01 06:21:14,167 - INFO - --- validation at epoch 67, val_loss 0.0225, val_mae 0.1753, val_rmse 0.2193, val_r2 0.4647, val_pearson 0.6988, lr 1.00e-03 ---
2026-10-01 06:21:14,167 - INFO - 
****************************************************************************************************
2026-10-01 06:21:15,908 - INFO - --- training epoch 68, loss 0.0234, mae 0.1707, rmse 0.2161, time elapsed(min) 0.02---
2026-10-01 06:21:16,123 - INFO - --- validation at epoch 68, val_loss 0.0215, val_mae 0.1700, val_rmse 0.2119, val_r2 0.5001, val_pearson 0.7281, lr 1.00e-03 ---
2026-10-01 06:21:16,123 - INFO - 
****************************************************************************************************
2026-10-01 06:21:17,827 - INFO - --- training epoch 69, loss 0.0214, mae 0.1624, rmse 0.2067, time elapsed(min) 0.02---
2026-10-01 06:21:18,025 - INFO - --- validation at epoch 69, val_loss 0.0183, val_mae 0.1549, val_rmse 0.1934, val_r2 0.5839, val_pearson 0.7676, lr 1.00e-03 ---
2026-10-01 06:21:18,025 - INFO - 
****************************************************************************************************
2026-10-01 06:21:19,869 - INFO - --- training epoch 70, loss 0.0182, mae 0.1503, rmse 0.1910, time elapsed(min) 0.02---
2026-10-01 06:21:20,245 - INFO - --- validation at epoch 70, val_loss 0.0164, val_mae 0.1445, val_rmse 0.1831, val_r2 0.6269, val_pearson 0.7945, lr 1.00e-03 ---
2026-10-01 06:21:20,245 - INFO - 
****************************************************************************************************
2026-10-01 06:21:22,030 - INFO - --- training epoch 71, loss 0.0165, mae 0.1434, rmse 0.1819, time elapsed(min) 0.02---
2026-10-01 06:21:22,246 - INFO - --- validation at epoch 71, val_loss 0.0167, val_mae 0.1432, val_rmse 0.1830, val_r2 0.6274, val_pearson 0.7934, lr 1.00e-03 ---
2026-10-01 06:21:22,246 - INFO - 
****************************************************************************************************
2026-10-01 06:21:23,892 - INFO - --- training epoch 72, loss 0.0158, mae 0.1381, rmse 0.1777, time elapsed(min) 0.02---
2026-10-01 06:21:24,093 - INFO - --- validation at epoch 72, val_loss 0.0162, val_mae 0.1375, val_rmse 0.1786, val_r2 0.6450, val_pearson 0.8127, lr 1.00e-03 ---
2026-10-01 06:21:24,093 - INFO - 
****************************************************************************************************
2026-10-01 06:21:25,745 - INFO - --- training epoch 73, loss 0.0158, mae 0.1378, rmse 0.1778, time elapsed(min) 0.02---
2026-10-01 06:21:26,069 - INFO - --- validation at epoch 73, val_loss 0.0154, val_mae 0.1364, val_rmse 0.1764, val_r2 0.6536, val_pearson 0.8133, lr 1.00e-03 ---
2026-10-01 06:21:26,069 - INFO - 
****************************************************************************************************
2026-10-01 06:21:27,870 - INFO - --- training epoch 74, loss 0.0153, mae 0.1347, rmse 0.1747, time elapsed(min) 0.02---
2026-10-01 06:21:28,066 - INFO - --- validation at epoch 74, val_loss 0.0142, val_mae 0.1306, val_rmse 0.1685, val_r2 0.6839, val_pearson 0.8321, lr 1.00e-03 ---
2026-10-01 06:21:28,066 - INFO - 
****************************************************************************************************
2026-10-01 06:21:29,669 - INFO - --- training epoch 75, loss 0.0148, mae 0.1336, rmse 0.1718, time elapsed(min) 0.02---
2026-10-01 06:21:29,863 - INFO - --- validation at epoch 75, val_loss 0.0143, val_mae 0.1314, val_rmse 0.1704, val_r2 0.6768, val_pearson 0.8232, lr 1.00e-03 ---
2026-10-01 06:21:29,863 - INFO - 
****************************************************************************************************
2026-10-01 06:21:31,406 - INFO - --- training epoch 76, loss 0.0149, mae 0.1339, rmse 0.1728, time elapsed(min) 0.02---
2026-10-01 06:21:31,734 - INFO - --- validation at epoch 76, val_loss 0.0142, val_mae 0.1280, val_rmse 0.1673, val_r2 0.6887, val_pearson 0.8307, lr 1.00e-03 ---
2026-10-01 06:21:31,734 - INFO - 
****************************************************************************************************
2026-10-01 06:21:33,463 - INFO - --- training epoch 77, loss 0.0141, mae 0.1296, rmse 0.1678, time elapsed(min) 0.02---
2026-10-01 06:21:33,661 - INFO - --- validation at epoch 77, val_loss 0.0142, val_mae 0.1296, val_rmse 0.1662, val_r2 0.6925, val_pearson 0.8363, lr 1.00e-03 ---
2026-10-01 06:21:33,661 - INFO - 
****************************************************************************************************
2026-10-01 06:21:35,300 - INFO - --- training epoch 78, loss 0.0143, mae 0.1306, rmse 0.1692, time elapsed(min) 0.02---
2026-10-01 06:21:35,502 - INFO - --- validation at epoch 78, val_loss 0.0145, val_mae 0.1325, val_rmse 0.1712, val_r2 0.6738, val_pearson 0.8320, lr 1.00e-03 ---
2026-10-01 06:21:35,502 - INFO - 
****************************************************************************************************
2026-10-01 06:21:37,136 - INFO - --- training epoch 79, loss 0.0143, mae 0.1307, rmse 0.1688, time elapsed(min) 0.02---
2026-10-01 06:21:37,456 - INFO - --- validation at epoch 79, val_loss 0.0134, val_mae 0.1271, val_rmse 0.1615, val_r2 0.7096, val_pearson 0.8454, lr 1.00e-03 ---
2026-10-01 06:21:37,456 - INFO - 
****************************************************************************************************
2026-10-01 06:21:39,198 - INFO - --- training epoch 80, loss 0.0139, mae 0.1282, rmse 0.1665, time elapsed(min) 0.02---
2026-10-01 06:21:39,566 - INFO - --- validation at epoch 80, val_loss 0.0132, val_mae 0.1243, val_rmse 0.1612, val_r2 0.7110, val_pearson 0.8496, lr 1.00e-03 ---
2026-10-01 06:21:39,566 - INFO - 
****************************************************************************************************
2026-10-01 06:21:41,289 - INFO - --- training epoch 81, loss 0.0136, mae 0.1270, rmse 0.1649, time elapsed(min) 0.02---
2026-10-01 06:21:41,489 - INFO - --- validation at epoch 81, val_loss 0.0135, val_mae 0.1255, val_rmse 0.1614, val_r2 0.7103, val_pearson 0.8499, lr 1.00e-03 ---
2026-10-01 06:21:41,489 - INFO - 
****************************************************************************************************
2026-10-01 06:21:43,041 - INFO - --- training epoch 82, loss 0.0134, mae 0.1262, rmse 0.1638, time elapsed(min) 0.02---
2026-10-01 06:21:43,260 - INFO - --- validation at epoch 82, val_loss 0.0134, val_mae 0.1232, val_rmse 0.1603, val_r2 0.7142, val_pearson 0.8459, lr 1.00e-03 ---
2026-10-01 06:21:43,260 - INFO - 
****************************************************************************************************
2026-10-01 06:21:44,909 - INFO - --- training epoch 83, loss 0.0140, mae 0.1285, rmse 0.1674, time elapsed(min) 0.02---
2026-10-01 06:21:45,264 - INFO - --- validation at epoch 83, val_loss 0.0131, val_mae 0.1204, val_rmse 0.1590, val_r2 0.7185, val_pearson 0.8480, lr 1.00e-03 ---
2026-10-01 06:21:45,264 - INFO - 
****************************************************************************************************
2026-10-01 06:21:47,064 - INFO - --- training epoch 84, loss 0.0131, mae 0.1243, rmse 0.1621, time elapsed(min) 0.02---
2026-10-01 06:21:47,260 - INFO - --- validation at epoch 84, val_loss 0.0132, val_mae 0.1203, val_rmse 0.1586, val_r2 0.7202, val_pearson 0.8498, lr 1.00e-03 ---
2026-10-01 06:21:47,260 - INFO - 
****************************************************************************************************
2026-10-01 06:21:48,788 - INFO - --- training epoch 85, loss 0.0133, mae 0.1252, rmse 0.1629, time elapsed(min) 0.02---
2026-10-01 06:21:48,984 - INFO - --- validation at epoch 85, val_loss 0.0132, val_mae 0.1190, val_rmse 0.1573, val_r2 0.7247, val_pearson 0.8523, lr 1.00e-03 ---
2026-10-01 06:21:48,984 - INFO - 
****************************************************************************************************
2026-10-01 06:21:50,557 - INFO - --- training epoch 86, loss 0.0134, mae 0.1263, rmse 0.1634, time elapsed(min) 0.02---
2026-10-01 06:21:50,876 - INFO - --- validation at epoch 86, val_loss 0.0123, val_mae 0.1190, val_rmse 0.1548, val_r2 0.7335, val_pearson 0.8571, lr 1.00e-03 ---
2026-10-01 06:21:50,876 - INFO - 
****************************************************************************************************
2026-10-01 06:21:52,736 - INFO - --- training epoch 87, loss 0.0142, mae 0.1298, rmse 0.1687, time elapsed(min) 0.02---
2026-10-01 06:21:52,932 - INFO - --- validation at epoch 87, val_loss 0.0161, val_mae 0.1408, val_rmse 0.1773, val_r2 0.6501, val_pearson 0.8587, lr 1.00e-03 ---
2026-10-01 06:21:52,932 - INFO - 
****************************************************************************************************
2026-10-01 06:21:54,653 - INFO - --- training epoch 88, loss 0.0138, mae 0.1274, rmse 0.1659, time elapsed(min) 0.02---
2026-10-01 06:21:54,848 - INFO - --- validation at epoch 88, val_loss 0.0133, val_mae 0.1208, val_rmse 0.1592, val_r2 0.7181, val_pearson 0.8520, lr 1.00e-03 ---
2026-10-01 06:21:54,848 - INFO - 
****************************************************************************************************
2026-10-01 06:21:56,523 - INFO - --- training epoch 89, loss 0.0126, mae 0.1208, rmse 0.1586, time elapsed(min) 0.02---
2026-10-01 06:21:56,839 - INFO - --- validation at epoch 89, val_loss 0.0130, val_mae 0.1224, val_rmse 0.1594, val_r2 0.7174, val_pearson 0.8516, lr 1.00e-03 ---
2026-10-01 06:21:56,839 - INFO - 
****************************************************************************************************
2026-10-01 06:21:58,647 - INFO - --- training epoch 90, loss 0.0131, mae 0.1248, rmse 0.1616, time elapsed(min) 0.03---
2026-10-01 06:21:58,848 - INFO - --- validation at epoch 90, val_loss 0.0127, val_mae 0.1195, val_rmse 0.1567, val_r2 0.7267, val_pearson 0.8533, lr 1.00e-03 ---
2026-10-01 06:21:58,848 - INFO - 
****************************************************************************************************
2026-10-01 06:22:00,385 - INFO - --- training epoch 91, loss 0.0127, mae 0.1227, rmse 0.1593, time elapsed(min) 0.02---
2026-10-01 06:22:00,582 - INFO - --- validation at epoch 91, val_loss 0.0125, val_mae 0.1166, val_rmse 0.1539, val_r2 0.7364, val_pearson 0.8625, lr 1.00e-03 ---
2026-10-01 06:22:00,582 - INFO - 
****************************************************************************************************
2026-10-01 06:22:02,120 - INFO - --- training epoch 92, loss 0.0129, mae 0.1234, rmse 0.1604, time elapsed(min) 0.02---
2026-10-01 06:22:02,435 - INFO - --- validation at epoch 92, val_loss 0.0126, val_mae 0.1170, val_rmse 0.1553, val_r2 0.7317, val_pearson 0.8598, lr 1.00e-03 ---
2026-10-01 06:22:02,435 - INFO - 
****************************************************************************************************
2026-10-01 06:22:04,127 - INFO - --- training epoch 93, loss 0.0127, mae 0.1225, rmse 0.1592, time elapsed(min) 0.02---
2026-10-01 06:22:04,577 - INFO - --- validation at epoch 93, val_loss 0.0127, val_mae 0.1215, val_rmse 0.1550, val_r2 0.7326, val_pearson 0.8650, lr 1.00e-03 ---
2026-10-01 06:22:04,577 - INFO - 
****************************************************************************************************
2026-10-01 06:22:06,154 - INFO - --- training epoch 94, loss 0.0123, mae 0.1200, rmse 0.1566, time elapsed(min) 0.02---
2026-10-01 06:22:06,397 - INFO - --- validation at epoch 94, val_loss 0.0130, val_mae 0.1194, val_rmse 0.1568, val_r2 0.7265, val_pearson 0.8624, lr 1.00e-03 ---
2026-10-01 06:22:06,397 - INFO - 
****************************************************************************************************
2026-10-01 06:22:07,924 - INFO - --- training epoch 95, loss 0.0125, mae 0.1221, rmse 0.1581, time elapsed(min) 0.02---
2026-10-01 06:22:08,126 - INFO - --- validation at epoch 95, val_loss 0.0135, val_mae 0.1195, val_rmse 0.1597, val_r2 0.7161, val_pearson 0.8502, lr 1.00e-03 ---
2026-10-01 06:22:08,126 - INFO - 
****************************************************************************************************
2026-10-01 06:22:09,740 - INFO - --- training epoch 96, loss 0.0127, mae 0.1217, rmse 0.1593, time elapsed(min) 0.02---
2026-10-01 06:22:10,127 - INFO - --- validation at epoch 96, val_loss 0.0110, val_mae 0.1129, val_rmse 0.1480, val_r2 0.7561, val_pearson 0.8730, lr 1.00e-03 ---
2026-10-01 06:22:10,127 - INFO - 
****************************************************************************************************
2026-10-01 06:22:11,897 - INFO - --- training epoch 97, loss 0.0125, mae 0.1215, rmse 0.1581, time elapsed(min) 0.02---
2026-10-01 06:22:12,092 - INFO - --- validation at epoch 97, val_loss 0.0118, val_mae 0.1142, val_rmse 0.1520, val_r2 0.7430, val_pearson 0.8627, lr 1.00e-03 ---
2026-10-01 06:22:12,093 - INFO - 
****************************************************************************************************
2026-10-01 06:22:13,661 - INFO - --- training epoch 98, loss 0.0122, mae 0.1193, rmse 0.1565, time elapsed(min) 0.02---
2026-10-01 06:22:13,857 - INFO - --- validation at epoch 98, val_loss 0.0125, val_mae 0.1156, val_rmse 0.1544, val_r2 0.7348, val_pearson 0.8578, lr 1.00e-03 ---
2026-10-01 06:22:13,857 - INFO - 
****************************************************************************************************
2026-10-01 06:22:15,522 - INFO - --- training epoch 99, loss 0.0119, mae 0.1185, rmse 0.1542, time elapsed(min) 0.02---
2026-10-01 06:22:15,891 - INFO - --- validation at epoch 99, val_loss 0.0130, val_mae 0.1181, val_rmse 0.1570, val_r2 0.7258, val_pearson 0.8544, lr 1.00e-03 ---
2026-10-01 06:22:15,891 - INFO - 
****************************************************************************************************
2026-10-01 06:22:17,517 - INFO - --- training epoch 100, loss 0.0126, mae 0.1223, rmse 0.1587, time elapsed(min) 0.02---
2026-10-01 06:22:17,717 - INFO - --- validation at epoch 100, val_loss 0.0134, val_mae 0.1242, val_rmse 0.1615, val_r2 0.7099, val_pearson 0.8434, lr 1.00e-03 ---
2026-10-01 06:22:17,717 - INFO - 
****************************************************************************************************
2026-10-01 06:22:19,245 - INFO - --- training epoch 101, loss 0.0123, mae 0.1200, rmse 0.1570, time elapsed(min) 0.02---
2026-10-01 06:22:19,441 - INFO - --- validation at epoch 101, val_loss 0.0126, val_mae 0.1148, val_rmse 0.1540, val_r2 0.7361, val_pearson 0.8587, lr 1.00e-03 ---
2026-10-01 06:22:19,441 - INFO - 
****************************************************************************************************
2026-10-01 06:22:21,129 - INFO - --- training epoch 102, loss 0.0124, mae 0.1209, rmse 0.1572, time elapsed(min) 0.02---
2026-10-01 06:22:21,450 - INFO - --- validation at epoch 102, val_loss 0.0130, val_mae 0.1156, val_rmse 0.1556, val_r2 0.7308, val_pearson 0.8620, lr 1.00e-03 ---
2026-10-01 06:22:21,450 - INFO - 
****************************************************************************************************
2026-10-01 06:22:23,178 - INFO - --- training epoch 103, loss 0.0125, mae 0.1214, rmse 0.1583, time elapsed(min) 0.02---
2026-10-01 06:22:23,376 - INFO - --- validation at epoch 103, val_loss 0.0121, val_mae 0.1150, val_rmse 0.1530, val_r2 0.7396, val_pearson 0.8678, lr 1.00e-03 ---
2026-10-01 06:22:23,376 - INFO - 
****************************************************************************************************
2026-10-01 06:22:24,906 - INFO - --- training epoch 104, loss 0.0118, mae 0.1175, rmse 0.1537, time elapsed(min) 0.02---
2026-10-01 06:22:25,105 - INFO - --- validation at epoch 104, val_loss 0.0120, val_mae 0.1119, val_rmse 0.1486, val_r2 0.7542, val_pearson 0.8713, lr 1.00e-03 ---
2026-10-01 06:22:25,105 - INFO - 
****************************************************************************************************
2026-10-01 06:22:26,655 - INFO - --- training epoch 105, loss 0.0120, mae 0.1196, rmse 0.1549, time elapsed(min) 0.02---
2026-10-01 06:22:26,979 - INFO - --- validation at epoch 105, val_loss 0.0120, val_mae 0.1144, val_rmse 0.1510, val_r2 0.7461, val_pearson 0.8664, lr 1.00e-03 ---
2026-10-01 06:22:26,979 - INFO - 
****************************************************************************************************
2026-10-01 06:22:28,704 - INFO - --- training epoch 106, loss 0.0119, mae 0.1191, rmse 0.1543, time elapsed(min) 0.02---
2026-10-01 06:22:28,919 - INFO - --- validation at epoch 106, val_loss 0.0111, val_mae 0.1078, val_rmse 0.1443, val_r2 0.7682, val_pearson 0.8779, lr 1.00e-03 ---
2026-10-01 06:22:28,919 - INFO - 
****************************************************************************************************
2026-10-01 06:22:30,441 - INFO - --- training epoch 107, loss 0.0112, mae 0.1144, rmse 0.1498, time elapsed(min) 0.02---
2026-10-01 06:22:30,644 - INFO - --- validation at epoch 107, val_loss 0.0121, val_mae 0.1111, val_rmse 0.1486, val_r2 0.7541, val_pearson 0.8729, lr 1.00e-03 ---
2026-10-01 06:22:30,644 - INFO - 
****************************************************************************************************
2026-10-01 06:22:32,188 - INFO - --- training epoch 108, loss 0.0108, mae 0.1119, rmse 0.1467, time elapsed(min) 0.02---
2026-10-01 06:22:32,511 - INFO - --- validation at epoch 108, val_loss 0.0106, val_mae 0.1080, val_rmse 0.1427, val_r2 0.7733, val_pearson 0.8832, lr 3.00e-04 ---
2026-10-01 06:22:32,511 - INFO - 
****************************************************************************************************
2026-10-01 06:22:34,327 - INFO - --- training epoch 109, loss 0.0108, mae 0.1114, rmse 0.1467, time elapsed(min) 0.02---
2026-10-01 06:22:34,522 - INFO - --- validation at epoch 109, val_loss 0.0104, val_mae 0.1067, val_rmse 0.1411, val_r2 0.7785, val_pearson 0.8854, lr 3.00e-04 ---
2026-10-01 06:22:34,523 - INFO - 
****************************************************************************************************
2026-10-01 06:22:36,121 - INFO - --- training epoch 110, loss 0.0103, mae 0.1092, rmse 0.1434, time elapsed(min) 0.02---
2026-10-01 06:22:36,326 - INFO - --- validation at epoch 110, val_loss 0.0103, val_mae 0.1072, val_rmse 0.1406, val_r2 0.7802, val_pearson 0.8869, lr 3.00e-04 ---
2026-10-01 06:22:36,326 - INFO - 
****************************************************************************************************
2026-10-01 06:22:38,004 - INFO - --- training epoch 111, loss 0.0104, mae 0.1095, rmse 0.1440, time elapsed(min) 0.02---
2026-10-01 06:22:38,222 - INFO - --- validation at epoch 111, val_loss 0.0103, val_mae 0.1071, val_rmse 0.1408, val_r2 0.7793, val_pearson 0.8872, lr 3.00e-04 ---
2026-10-01 06:22:38,222 - INFO - 
****************************************************************************************************
2026-10-01 06:22:39,957 - INFO - --- training epoch 112, loss 0.0108, mae 0.1116, rmse 0.1468, time elapsed(min) 0.02---
2026-10-01 06:22:40,333 - INFO - --- validation at epoch 112, val_loss 0.0104, val_mae 0.1085, val_rmse 0.1412, val_r2 0.7783, val_pearson 0.8882, lr 3.00e-04 ---
2026-10-01 06:22:40,333 - INFO - 
****************************************************************************************************
2026-10-01 06:22:41,965 - INFO - --- training epoch 113, loss 0.0105, mae 0.1099, rmse 0.1448, time elapsed(min) 0.02---
2026-10-01 06:22:42,186 - INFO - --- validation at epoch 113, val_loss 0.0106, val_mae 0.1091, val_rmse 0.1427, val_r2 0.7734, val_pearson 0.8845, lr 3.00e-04 ---
2026-10-01 06:22:42,186 - INFO - 
****************************************************************************************************
2026-10-01 06:22:43,726 - INFO - --- training epoch 114, loss 0.0106, mae 0.1103, rmse 0.1454, time elapsed(min) 0.02---
2026-10-01 06:22:43,930 - INFO - --- validation at epoch 114, val_loss 0.0108, val_mae 0.1106, val_rmse 0.1441, val_r2 0.7690, val_pearson 0.8826, lr 3.00e-04 ---
2026-10-01 06:22:43,930 - INFO - 
****************************************************************************************************
2026-10-01 06:22:45,483 - INFO - --- training epoch 115, loss 0.0106, mae 0.1111, rmse 0.1459, time elapsed(min) 0.02---
2026-10-01 06:22:45,814 - INFO - --- validation at epoch 115, val_loss 0.0103, val_mae 0.1076, val_rmse 0.1414, val_r2 0.7774, val_pearson 0.8863, lr 3.00e-04 ---
2026-10-01 06:22:45,815 - INFO - 
****************************************************************************************************
2026-10-01 06:22:47,578 - INFO - --- training epoch 116, loss 0.0105, mae 0.1105, rmse 0.1448, time elapsed(min) 0.02---
2026-10-01 06:22:47,772 - INFO - --- validation at epoch 116, val_loss 0.0106, val_mae 0.1084, val_rmse 0.1428, val_r2 0.7730, val_pearson 0.8841, lr 3.00e-04 ---
2026-10-01 06:22:47,772 - INFO - 
****************************************************************************************************
2026-10-01 06:22:49,338 - INFO - --- training epoch 117, loss 0.0104, mae 0.1098, rmse 0.1443, time elapsed(min) 0.02---
2026-10-01 06:22:49,540 - INFO - --- validation at epoch 117, val_loss 0.0108, val_mae 0.1092, val_rmse 0.1434, val_r2 0.7712, val_pearson 0.8814, lr 3.00e-04 ---
2026-10-01 06:22:49,540 - INFO - 
****************************************************************************************************
2026-10-01 06:22:51,088 - INFO - --- training epoch 118, loss 0.0105, mae 0.1097, rmse 0.1447, time elapsed(min) 0.02---
2026-10-01 06:22:51,410 - INFO - --- validation at epoch 118, val_loss 0.0105, val_mae 0.1068, val_rmse 0.1417, val_r2 0.7766, val_pearson 0.8843, lr 3.00e-04 ---
2026-10-01 06:22:51,410 - INFO - 
****************************************************************************************************
2026-10-01 06:22:53,154 - INFO - --- training epoch 119, loss 0.0104, mae 0.1099, rmse 0.1445, time elapsed(min) 0.02---
2026-10-01 06:22:53,349 - INFO - --- validation at epoch 119, val_loss 0.0105, val_mae 0.1063, val_rmse 0.1412, val_r2 0.7782, val_pearson 0.8859, lr 3.00e-04 ---
2026-10-01 06:22:53,349 - INFO - 
****************************************************************************************************
2026-10-01 06:22:54,972 - INFO - --- training epoch 120, loss 0.0103, mae 0.1088, rmse 0.1432, time elapsed(min) 0.02---
2026-10-01 06:22:55,172 - INFO - --- validation at epoch 120, val_loss 0.0102, val_mae 0.1049, val_rmse 0.1395, val_r2 0.7834, val_pearson 0.8888, lr 3.00e-04 ---
2026-10-01 06:22:55,172 - INFO - 
****************************************************************************************************
2026-10-01 06:22:56,791 - INFO - --- training epoch 121, loss 0.0102, mae 0.1084, rmse 0.1431, time elapsed(min) 0.02---
2026-10-01 06:22:57,119 - INFO - --- validation at epoch 121, val_loss 0.0105, val_mae 0.1072, val_rmse 0.1416, val_r2 0.7768, val_pearson 0.8870, lr 3.00e-04 ---
2026-10-01 06:22:57,119 - INFO - 
****************************************************************************************************
2026-10-01 06:22:58,857 - INFO - --- training epoch 122, loss 0.0102, mae 0.1089, rmse 0.1431, time elapsed(min) 0.02---
2026-10-01 06:22:59,051 - INFO - --- validation at epoch 122, val_loss 0.0106, val_mae 0.1078, val_rmse 0.1430, val_r2 0.7726, val_pearson 0.8839, lr 3.00e-04 ---
2026-10-01 06:22:59,051 - INFO - 
****************************************************************************************************
2026-10-01 06:23:00,590 - INFO - --- training epoch 123, loss 0.0103, mae 0.1089, rmse 0.1434, time elapsed(min) 0.02---
2026-10-01 06:23:00,786 - INFO - --- validation at epoch 123, val_loss 0.0103, val_mae 0.1053, val_rmse 0.1395, val_r2 0.7834, val_pearson 0.8877, lr 3.00e-04 ---
2026-10-01 06:23:00,786 - INFO - 
****************************************************************************************************
2026-10-01 06:23:02,509 - INFO - --- training epoch 124, loss 0.0103, mae 0.1093, rmse 0.1438, time elapsed(min) 0.02---
2026-10-01 06:23:02,829 - INFO - --- validation at epoch 124, val_loss 0.0103, val_mae 0.1057, val_rmse 0.1400, val_r2 0.7820, val_pearson 0.8875, lr 3.00e-04 ---
2026-10-01 06:23:02,830 - INFO - 
****************************************************************************************************
2026-10-01 06:23:04,645 - INFO - --- training epoch 125, loss 0.0104, mae 0.1103, rmse 0.1443, time elapsed(min) 0.03---
2026-10-01 06:23:04,866 - INFO - --- validation at epoch 125, val_loss 0.0107, val_mae 0.1073, val_rmse 0.1414, val_r2 0.7774, val_pearson 0.8886, lr 3.00e-04 ---
2026-10-01 06:23:04,866 - INFO - 
****************************************************************************************************
2026-10-01 06:23:06,411 - INFO - --- training epoch 126, loss 0.0104, mae 0.1092, rmse 0.1442, time elapsed(min) 0.02---
2026-10-01 06:23:06,608 - INFO - --- validation at epoch 126, val_loss 0.0103, val_mae 0.1068, val_rmse 0.1412, val_r2 0.7782, val_pearson 0.8881, lr 3.00e-04 ---
2026-10-01 06:23:06,608 - INFO - 
****************************************************************************************************
2026-10-01 06:23:08,292 - INFO - --- training epoch 127, loss 0.0102, mae 0.1088, rmse 0.1430, time elapsed(min) 0.02---
2026-10-01 06:23:08,612 - INFO - --- validation at epoch 127, val_loss 0.0101, val_mae 0.1045, val_rmse 0.1382, val_r2 0.7876, val_pearson 0.8923, lr 3.00e-04 ---
2026-10-01 06:23:08,612 - INFO - 
****************************************************************************************************
2026-10-01 06:23:10,451 - INFO - --- training epoch 128, loss 0.0103, mae 0.1097, rmse 0.1437, time elapsed(min) 0.02---
2026-10-01 06:23:10,648 - INFO - --- validation at epoch 128, val_loss 0.0102, val_mae 0.1074, val_rmse 0.1397, val_r2 0.7827, val_pearson 0.8906, lr 3.00e-04 ---
2026-10-01 06:23:10,648 - INFO - 
****************************************************************************************************
2026-10-01 06:23:12,189 - INFO - --- training epoch 129, loss 0.0104, mae 0.1094, rmse 0.1439, time elapsed(min) 0.02---
2026-10-01 06:23:12,384 - INFO - --- validation at epoch 129, val_loss 0.0101, val_mae 0.1058, val_rmse 0.1396, val_r2 0.7832, val_pearson 0.8889, lr 3.00e-04 ---
2026-10-01 06:23:12,384 - INFO - 
****************************************************************************************************
2026-10-01 06:23:13,945 - INFO - --- training epoch 130, loss 0.0101, mae 0.1080, rmse 0.1423, time elapsed(min) 0.02---
2026-10-01 06:23:14,267 - INFO - --- validation at epoch 130, val_loss 0.0100, val_mae 0.1032, val_rmse 0.1377, val_r2 0.7889, val_pearson 0.8910, lr 3.00e-04 ---
2026-10-01 06:23:14,267 - INFO - 
****************************************************************************************************
2026-10-01 06:23:15,997 - INFO - --- training epoch 131, loss 0.0101, mae 0.1077, rmse 0.1418, time elapsed(min) 0.02---
2026-10-01 06:23:16,387 - INFO - --- validation at epoch 131, val_loss 0.0101, val_mae 0.1050, val_rmse 0.1394, val_r2 0.7837, val_pearson 0.8921, lr 3.00e-04 ---
2026-10-01 06:23:16,387 - INFO - 
****************************************************************************************************
2026-10-01 06:23:18,036 - INFO - --- training epoch 132, loss 0.0105, mae 0.1107, rmse 0.1448, time elapsed(min) 0.02---
2026-10-01 06:23:18,233 - INFO - --- validation at epoch 132, val_loss 0.0101, val_mae 0.1063, val_rmse 0.1392, val_r2 0.7845, val_pearson 0.8922, lr 3.00e-04 ---
2026-10-01 06:23:18,233 - INFO - 
****************************************************************************************************
2026-10-01 06:23:19,780 - INFO - --- training epoch 133, loss 0.0103, mae 0.1094, rmse 0.1437, time elapsed(min) 0.02---
2026-10-01 06:23:20,022 - INFO - --- validation at epoch 133, val_loss 0.0102, val_mae 0.1045, val_rmse 0.1393, val_r2 0.7842, val_pearson 0.8882, lr 3.00e-04 ---
2026-10-01 06:23:20,022 - INFO - 
****************************************************************************************************
2026-10-01 06:23:21,693 - INFO - --- training epoch 134, loss 0.0102, mae 0.1090, rmse 0.1432, time elapsed(min) 0.02---
2026-10-01 06:23:22,067 - INFO - --- validation at epoch 134, val_loss 0.0101, val_mae 0.1053, val_rmse 0.1394, val_r2 0.7838, val_pearson 0.8918, lr 3.00e-04 ---
2026-10-01 06:23:22,067 - INFO - 
****************************************************************************************************
2026-10-01 06:23:23,732 - INFO - --- training epoch 135, loss 0.0099, mae 0.1071, rmse 0.1409, time elapsed(min) 0.02---
2026-10-01 06:23:23,936 - INFO - --- validation at epoch 135, val_loss 0.0104, val_mae 0.1048, val_rmse 0.1405, val_r2 0.7803, val_pearson 0.8851, lr 3.00e-04 ---
2026-10-01 06:23:23,936 - INFO - 
****************************************************************************************************
2026-10-01 06:23:25,497 - INFO - --- training epoch 136, loss 0.0101, mae 0.1079, rmse 0.1422, time elapsed(min) 0.02---
2026-10-01 06:23:25,702 - INFO - --- validation at epoch 136, val_loss 0.0104, val_mae 0.1061, val_rmse 0.1409, val_r2 0.7792, val_pearson 0.8888, lr 3.00e-04 ---
2026-10-01 06:23:25,702 - INFO - 
****************************************************************************************************
2026-10-01 06:23:27,324 - INFO - --- training epoch 137, loss 0.0099, mae 0.1069, rmse 0.1406, time elapsed(min) 0.02---
2026-10-01 06:23:27,679 - INFO - --- validation at epoch 137, val_loss 0.0100, val_mae 0.1048, val_rmse 0.1388, val_r2 0.7855, val_pearson 0.8910, lr 3.00e-04 ---
2026-10-01 06:23:27,679 - INFO - 
****************************************************************************************************
2026-10-01 06:23:29,550 - INFO - --- training epoch 138, loss 0.0101, mae 0.1087, rmse 0.1422, time elapsed(min) 0.03---
2026-10-01 06:23:29,759 - INFO - --- validation at epoch 138, val_loss 0.0096, val_mae 0.1023, val_rmse 0.1359, val_r2 0.7944, val_pearson 0.8950, lr 3.00e-04 ---
2026-10-01 06:23:29,759 - INFO - 
****************************************************************************************************
2026-10-01 06:23:31,422 - INFO - --- training epoch 139, loss 0.0100, mae 0.1079, rmse 0.1415, time elapsed(min) 0.02---
2026-10-01 06:23:31,618 - INFO - --- validation at epoch 139, val_loss 0.0099, val_mae 0.1019, val_rmse 0.1369, val_r2 0.7913, val_pearson 0.8913, lr 3.00e-04 ---
2026-10-01 06:23:31,618 - INFO - 
****************************************************************************************************
2026-10-01 06:23:33,217 - INFO - --- training epoch 140, loss 0.0099, mae 0.1070, rmse 0.1409, time elapsed(min) 0.02---
2026-10-01 06:23:33,547 - INFO - --- validation at epoch 140, val_loss 0.0099, val_mae 0.1029, val_rmse 0.1379, val_r2 0.7885, val_pearson 0.8929, lr 3.00e-04 ---
2026-10-01 06:23:33,547 - INFO - 
****************************************************************************************************
2026-10-01 06:23:35,235 - INFO - --- training epoch 141, loss 0.0100, mae 0.1072, rmse 0.1412, time elapsed(min) 0.02---
2026-10-01 06:23:35,603 - INFO - --- validation at epoch 141, val_loss 0.0097, val_mae 0.1021, val_rmse 0.1360, val_r2 0.7943, val_pearson 0.8944, lr 3.00e-04 ---
2026-10-01 06:23:35,603 - INFO - 
****************************************************************************************************
2026-10-01 06:23:37,279 - INFO - --- training epoch 142, loss 0.0099, mae 0.1063, rmse 0.1405, time elapsed(min) 0.02---
2026-10-01 06:23:37,473 - INFO - --- validation at epoch 142, val_loss 0.0097, val_mae 0.1030, val_rmse 0.1373, val_r2 0.7901, val_pearson 0.8941, lr 3.00e-04 ---
2026-10-01 06:23:37,473 - INFO - 
****************************************************************************************************
2026-10-01 06:23:39,018 - INFO - --- training epoch 143, loss 0.0097, mae 0.1057, rmse 0.1395, time elapsed(min) 0.02---
2026-10-01 06:23:39,339 - INFO - --- validation at epoch 143, val_loss 0.0097, val_mae 0.1011, val_rmse 0.1359, val_r2 0.7945, val_pearson 0.8919, lr 3.00e-04 ---
2026-10-01 06:23:39,339 - INFO - 
****************************************************************************************************
2026-10-01 06:23:40,915 - INFO - --- training epoch 144, loss 0.0100, mae 0.1071, rmse 0.1415, time elapsed(min) 0.02---
2026-10-01 06:23:41,268 - INFO - --- validation at epoch 144, val_loss 0.0096, val_mae 0.1013, val_rmse 0.1362, val_r2 0.7936, val_pearson 0.8929, lr 3.00e-04 ---
2026-10-01 06:23:41,268 - INFO - 
****************************************************************************************************
2026-10-01 06:23:43,044 - INFO - --- training epoch 145, loss 0.0099, mae 0.1075, rmse 0.1410, time elapsed(min) 0.02---
2026-10-01 06:23:43,247 - INFO - --- validation at epoch 145, val_loss 0.0099, val_mae 0.1017, val_rmse 0.1381, val_r2 0.7878, val_pearson 0.8878, lr 3.00e-04 ---
2026-10-01 06:23:43,247 - INFO - 
****************************************************************************************************
2026-10-01 06:23:44,866 - INFO - --- training epoch 146, loss 0.0099, mae 0.1064, rmse 0.1410, time elapsed(min) 0.02---
2026-10-01 06:23:45,073 - INFO - --- validation at epoch 146, val_loss 0.0096, val_mae 0.1025, val_rmse 0.1376, val_r2 0.7892, val_pearson 0.8917, lr 3.00e-04 ---
2026-10-01 06:23:45,073 - INFO - 
****************************************************************************************************
2026-10-01 06:23:46,712 - INFO - --- training epoch 147, loss 0.0099, mae 0.1069, rmse 0.1409, time elapsed(min) 0.02---
2026-10-01 06:23:47,102 - INFO - --- validation at epoch 147, val_loss 0.0093, val_mae 0.0994, val_rmse 0.1340, val_r2 0.8001, val_pearson 0.8959, lr 3.00e-04 ---
2026-10-01 06:23:47,102 - INFO - 
****************************************************************************************************
2026-10-01 06:23:48,815 - INFO - --- training epoch 148, loss 0.0098, mae 0.1064, rmse 0.1401, time elapsed(min) 0.02---
2026-10-01 06:23:49,038 - INFO - --- validation at epoch 148, val_loss 0.0101, val_mae 0.1029, val_rmse 0.1381, val_r2 0.7877, val_pearson 0.8896, lr 3.00e-04 ---
2026-10-01 06:23:49,038 - INFO - 
****************************************************************************************************
2026-10-01 06:23:50,582 - INFO - --- training epoch 149, loss 0.0099, mae 0.1065, rmse 0.1404, time elapsed(min) 0.02---
2026-10-01 06:23:50,819 - INFO - --- validation at epoch 149, val_loss 0.0101, val_mae 0.1044, val_rmse 0.1402, val_r2 0.7813, val_pearson 0.8884, lr 3.00e-04 ---
2026-10-01 06:23:50,819 - INFO - 
****************************************************************************************************
2026-10-01 06:23:52,364 - INFO - --- training epoch 150, loss 0.0098, mae 0.1058, rmse 0.1398, time elapsed(min) 0.02---
2026-10-01 06:23:52,715 - INFO - --- validation at epoch 150, val_loss 0.0097, val_mae 0.1003, val_rmse 0.1360, val_r2 0.7942, val_pearson 0.8927, lr 3.00e-04 ---
2026-10-01 06:23:52,715 - INFO - 
****************************************************************************************************
2026-10-01 06:23:54,357 - INFO - --- training epoch 151, loss 0.0098, mae 0.1062, rmse 0.1401, time elapsed(min) 0.02---
2026-10-01 06:23:54,555 - INFO - --- validation at epoch 151, val_loss 0.0099, val_mae 0.1013, val_rmse 0.1364, val_r2 0.7931, val_pearson 0.8919, lr 3.00e-04 ---
2026-10-01 06:23:54,555 - INFO - 
****************************************************************************************************
2026-10-01 06:23:56,123 - INFO - --- training epoch 152, loss 0.0098, mae 0.1059, rmse 0.1398, time elapsed(min) 0.02---
2026-10-01 06:23:56,357 - INFO - --- validation at epoch 152, val_loss 0.0093, val_mae 0.0986, val_rmse 0.1336, val_r2 0.8013, val_pearson 0.8955, lr 3.00e-04 ---
2026-10-01 06:23:56,357 - INFO - 
****************************************************************************************************
2026-10-01 06:23:58,009 - INFO - --- training epoch 153, loss 0.0097, mae 0.1056, rmse 0.1392, time elapsed(min) 0.02---
2026-10-01 06:23:58,335 - INFO - --- validation at epoch 153, val_loss 0.0093, val_mae 0.1007, val_rmse 0.1341, val_r2 0.7999, val_pearson 0.8963, lr 3.00e-04 ---
2026-10-01 06:23:58,335 - INFO - 
****************************************************************************************************
2026-10-01 06:24:00,106 - INFO - --- training epoch 154, loss 0.0098, mae 0.1061, rmse 0.1403, time elapsed(min) 0.02---
2026-10-01 06:24:00,347 - INFO - --- validation at epoch 154, val_loss 0.0095, val_mae 0.1001, val_rmse 0.1350, val_r2 0.7973, val_pearson 0.8936, lr 3.00e-04 ---
2026-10-01 06:24:00,347 - INFO - 
****************************************************************************************************
2026-10-01 06:24:02,044 - INFO - --- training epoch 155, loss 0.0095, mae 0.1042, rmse 0.1382, time elapsed(min) 0.02---
2026-10-01 06:24:02,245 - INFO - --- validation at epoch 155, val_loss 0.0098, val_mae 0.1008, val_rmse 0.1360, val_r2 0.7941, val_pearson 0.8919, lr 3.00e-04 ---
2026-10-01 06:24:02,245 - INFO - 
****************************************************************************************************
2026-10-01 06:24:03,854 - INFO - --- training epoch 156, loss 0.0096, mae 0.1047, rmse 0.1384, time elapsed(min) 0.02---
2026-10-01 06:24:04,176 - INFO - --- validation at epoch 156, val_loss 0.0094, val_mae 0.1004, val_rmse 0.1350, val_r2 0.7971, val_pearson 0.8933, lr 3.00e-04 ---
2026-10-01 06:24:04,176 - INFO - 
****************************************************************************************************
2026-10-01 06:24:05,908 - INFO - --- training epoch 157, loss 0.0097, mae 0.1060, rmse 0.1394, time elapsed(min) 0.02---
2026-10-01 06:24:06,107 - INFO - --- validation at epoch 157, val_loss 0.0093, val_mae 0.1012, val_rmse 0.1338, val_r2 0.8009, val_pearson 0.8966, lr 3.00e-04 ---
2026-10-01 06:24:06,107 - INFO - 
****************************************************************************************************
2026-10-01 06:24:07,643 - INFO - --- training epoch 158, loss 0.0097, mae 0.1063, rmse 0.1390, time elapsed(min) 0.02---
2026-10-01 06:24:07,886 - INFO - --- validation at epoch 158, val_loss 0.0091, val_mae 0.1007, val_rmse 0.1346, val_r2 0.7985, val_pearson 0.8940, lr 3.00e-04 ---
2026-10-01 06:24:07,886 - INFO - 
****************************************************************************************************
2026-10-01 06:24:09,578 - INFO - --- training epoch 159, loss 0.0097, mae 0.1060, rmse 0.1390, time elapsed(min) 0.02---
2026-10-01 06:24:09,896 - INFO - --- validation at epoch 159, val_loss 0.0096, val_mae 0.1011, val_rmse 0.1363, val_r2 0.7933, val_pearson 0.8916, lr 3.00e-04 ---
2026-10-01 06:24:09,896 - INFO - 
****************************************************************************************************
2026-10-01 06:24:11,650 - INFO - --- training epoch 160, loss 0.0095, mae 0.1034, rmse 0.1375, time elapsed(min) 0.02---
2026-10-01 06:24:11,847 - INFO - --- validation at epoch 160, val_loss 0.0095, val_mae 0.0996, val_rmse 0.1346, val_r2 0.7983, val_pearson 0.8947, lr 3.00e-04 ---
2026-10-01 06:24:11,848 - INFO - 
****************************************************************************************************
2026-10-01 06:24:13,401 - INFO - --- training epoch 161, loss 0.0096, mae 0.1044, rmse 0.1383, time elapsed(min) 0.02---
2026-10-01 06:24:13,597 - INFO - --- validation at epoch 161, val_loss 0.0100, val_mae 0.1021, val_rmse 0.1377, val_r2 0.7890, val_pearson 0.8888, lr 3.00e-04 ---
2026-10-01 06:24:13,597 - INFO - 
****************************************************************************************************
2026-10-01 06:24:15,271 - INFO - --- training epoch 162, loss 0.0095, mae 0.1045, rmse 0.1378, time elapsed(min) 0.02---
2026-10-01 06:24:15,599 - INFO - --- validation at epoch 162, val_loss 0.0097, val_mae 0.0998, val_rmse 0.1369, val_r2 0.7915, val_pearson 0.8907, lr 3.00e-04 ---
2026-10-01 06:24:15,599 - INFO - 
****************************************************************************************************
2026-10-01 06:24:17,402 - INFO - --- training epoch 163, loss 0.0092, mae 0.1025, rmse 0.1360, time elapsed(min) 0.03---
2026-10-01 06:24:17,598 - INFO - --- validation at epoch 163, val_loss 0.0099, val_mae 0.1017, val_rmse 0.1382, val_r2 0.7874, val_pearson 0.8880, lr 3.00e-04 ---
2026-10-01 06:24:17,598 - INFO - 
****************************************************************************************************
2026-10-01 06:24:19,208 - INFO - --- training epoch 164, loss 0.0096, mae 0.1050, rmse 0.1387, time elapsed(min) 0.02---
2026-10-01 06:24:19,404 - INFO - --- validation at epoch 164, val_loss 0.0094, val_mae 0.1001, val_rmse 0.1346, val_r2 0.7983, val_pearson 0.8935, lr 3.00e-04 ---
2026-10-01 06:24:19,404 - INFO - 
****************************************************************************************************
2026-10-01 06:24:21,010 - INFO - --- training epoch 165, loss 0.0093, mae 0.1032, rmse 0.1364, time elapsed(min) 0.02---
2026-10-01 06:24:21,338 - INFO - --- validation at epoch 165, val_loss 0.0095, val_mae 0.0995, val_rmse 0.1359, val_r2 0.7946, val_pearson 0.8914, lr 3.00e-04 ---
2026-10-01 06:24:21,338 - INFO - 
****************************************************************************************************
2026-10-01 06:24:22,977 - INFO - --- training epoch 166, loss 0.0092, mae 0.1028, rmse 0.1359, time elapsed(min) 0.02---
2026-10-01 06:24:23,480 - INFO - --- validation at epoch 166, val_loss 0.0091, val_mae 0.0990, val_rmse 0.1320, val_r2 0.8062, val_pearson 0.8983, lr 3.00e-04 ---
2026-10-01 06:24:23,480 - INFO - 
****************************************************************************************************
2026-10-01 06:24:25,013 - INFO - --- training epoch 167, loss 0.0097, mae 0.1052, rmse 0.1393, time elapsed(min) 0.02---
2026-10-01 06:24:25,213 - INFO - --- validation at epoch 167, val_loss 0.0099, val_mae 0.1032, val_rmse 0.1379, val_r2 0.7883, val_pearson 0.8883, lr 3.00e-04 ---
2026-10-01 06:24:25,213 - INFO - 
****************************************************************************************************
2026-10-01 06:24:26,808 - INFO - --- training epoch 168, loss 0.0094, mae 0.1041, rmse 0.1374, time elapsed(min) 0.02---
2026-10-01 06:24:27,008 - INFO - --- validation at epoch 168, val_loss 0.0092, val_mae 0.0988, val_rmse 0.1340, val_r2 0.8002, val_pearson 0.8947, lr 3.00e-04 ---
2026-10-01 06:24:27,009 - INFO - 
****************************************************************************************************
2026-10-01 06:24:28,569 - INFO - --- training epoch 169, loss 0.0094, mae 0.1029, rmse 0.1369, time elapsed(min) 0.02---
2026-10-01 06:24:28,919 - INFO - --- validation at epoch 169, val_loss 0.0096, val_mae 0.1002, val_rmse 0.1352, val_r2 0.7965, val_pearson 0.8925, lr 3.00e-04 ---
2026-10-01 06:24:28,919 - INFO - 
****************************************************************************************************
2026-10-01 06:24:30,665 - INFO - --- training epoch 170, loss 0.0091, mae 0.1012, rmse 0.1348, time elapsed(min) 0.02---
2026-10-01 06:24:30,866 - INFO - --- validation at epoch 170, val_loss 0.0090, val_mae 0.0986, val_rmse 0.1321, val_r2 0.8057, val_pearson 0.8982, lr 9.00e-05 ---
2026-10-01 06:24:30,866 - INFO - 
****************************************************************************************************
2026-10-01 06:24:32,474 - INFO - --- training epoch 171, loss 0.0089, mae 0.1008, rmse 0.1333, time elapsed(min) 0.02---
2026-10-01 06:24:32,671 - INFO - --- validation at epoch 171, val_loss 0.0090, val_mae 0.0979, val_rmse 0.1315, val_r2 0.8075, val_pearson 0.8992, lr 9.00e-05 ---
2026-10-01 06:24:32,671 - INFO - 
****************************************************************************************************
2026-10-01 06:24:34,284 - INFO - --- training epoch 172, loss 0.0091, mae 0.1014, rmse 0.1349, time elapsed(min) 0.02---
2026-10-01 06:24:34,604 - INFO - --- validation at epoch 172, val_loss 0.0089, val_mae 0.0983, val_rmse 0.1304, val_r2 0.8108, val_pearson 0.9006, lr 9.00e-05 ---
2026-10-01 06:24:34,604 - INFO - 
****************************************************************************************************
2026-10-01 06:24:36,433 - INFO - --- training epoch 173, loss 0.0089, mae 0.1003, rmse 0.1331, time elapsed(min) 0.02---
2026-10-01 06:24:36,631 - INFO - --- validation at epoch 173, val_loss 0.0095, val_mae 0.1008, val_rmse 0.1338, val_r2 0.8007, val_pearson 0.8951, lr 9.00e-05 ---
2026-10-01 06:24:36,631 - INFO - 
****************************************************************************************************
2026-10-01 06:24:38,173 - INFO - --- training epoch 174, loss 0.0087, mae 0.0996, rmse 0.1323, time elapsed(min) 0.02---
2026-10-01 06:24:38,372 - INFO - --- validation at epoch 174, val_loss 0.0090, val_mae 0.0969, val_rmse 0.1303, val_r2 0.8110, val_pearson 0.9012, lr 9.00e-05 ---
2026-10-01 06:24:38,372 - INFO - 
****************************************************************************************************
2026-10-01 06:24:39,934 - INFO - --- training epoch 175, loss 0.0090, mae 0.1011, rmse 0.1344, time elapsed(min) 0.02---
2026-10-01 06:24:40,256 - INFO - --- validation at epoch 175, val_loss 0.0093, val_mae 0.0993, val_rmse 0.1337, val_r2 0.8010, val_pearson 0.8961, lr 9.00e-05 ---
2026-10-01 06:24:40,256 - INFO - 
****************************************************************************************************
2026-10-01 06:24:41,996 - INFO - --- training epoch 176, loss 0.0089, mae 0.0990, rmse 0.1332, time elapsed(min) 0.02---
2026-10-01 06:24:42,196 - INFO - --- validation at epoch 176, val_loss 0.0093, val_mae 0.0991, val_rmse 0.1337, val_r2 0.8010, val_pearson 0.8967, lr 9.00e-05 ---
2026-10-01 06:24:42,196 - INFO - 
****************************************************************************************************
2026-10-01 06:24:43,727 - INFO - --- training epoch 177, loss 0.0089, mae 0.0999, rmse 0.1331, time elapsed(min) 0.02---
2026-10-01 06:24:43,929 - INFO - --- validation at epoch 177, val_loss 0.0094, val_mae 0.0997, val_rmse 0.1337, val_r2 0.8010, val_pearson 0.8957, lr 9.00e-05 ---
2026-10-01 06:24:43,929 - INFO - 
****************************************************************************************************
2026-10-01 06:24:45,494 - INFO - --- training epoch 178, loss 0.0091, mae 0.1013, rmse 0.1347, time elapsed(min) 0.02---
2026-10-01 06:24:45,822 - INFO - --- validation at epoch 178, val_loss 0.0095, val_mae 0.0997, val_rmse 0.1347, val_r2 0.7980, val_pearson 0.8953, lr 9.00e-05 ---
2026-10-01 06:24:45,822 - INFO - 
****************************************************************************************************
2026-10-01 06:24:47,623 - INFO - --- training epoch 179, loss 0.0087, mae 0.0997, rmse 0.1322, time elapsed(min) 0.03---
2026-10-01 06:24:47,989 - INFO - --- validation at epoch 179, val_loss 0.0092, val_mae 0.0985, val_rmse 0.1328, val_r2 0.8036, val_pearson 0.8973, lr 9.00e-05 ---
2026-10-01 06:24:47,989 - INFO - 
****************************************************************************************************
2026-10-01 06:24:49,640 - INFO - --- training epoch 180, loss 0.0090, mae 0.1013, rmse 0.1338, time elapsed(min) 0.02---
2026-10-01 06:24:49,839 - INFO - --- validation at epoch 180, val_loss 0.0091, val_mae 0.0975, val_rmse 0.1323, val_r2 0.8052, val_pearson 0.8987, lr 9.00e-05 ---
2026-10-01 06:24:49,839 - INFO - 
****************************************************************************************************
2026-10-01 06:24:51,459 - INFO - --- training epoch 181, loss 0.0087, mae 0.0998, rmse 0.1323, time elapsed(min) 0.02---
2026-10-01 06:24:51,656 - INFO - --- validation at epoch 181, val_loss 0.0092, val_mae 0.0984, val_rmse 0.1321, val_r2 0.8057, val_pearson 0.8979, lr 9.00e-05 ---
2026-10-01 06:24:51,656 - INFO - 
****************************************************************************************************
2026-10-01 06:24:53,450 - INFO - --- training epoch 182, loss 0.0089, mae 0.1001, rmse 0.1332, time elapsed(min) 0.02---
2026-10-01 06:24:53,835 - INFO - --- validation at epoch 182, val_loss 0.0090, val_mae 0.0969, val_rmse 0.1306, val_r2 0.8101, val_pearson 0.9017, lr 9.00e-05 ---
2026-10-01 06:24:53,835 - INFO - 
****************************************************************************************************
2026-10-01 06:24:55,509 - INFO - --- training epoch 183, loss 0.0088, mae 0.1002, rmse 0.1329, time elapsed(min) 0.02---
2026-10-01 06:24:55,708 - INFO - --- validation at epoch 183, val_loss 0.0090, val_mae 0.0981, val_rmse 0.1325, val_r2 0.8045, val_pearson 0.8996, lr 9.00e-05 ---
2026-10-01 06:24:55,708 - INFO - 
****************************************************************************************************
2026-10-01 06:24:57,263 - INFO - --- training epoch 184, loss 0.0086, mae 0.0986, rmse 0.1310, time elapsed(min) 0.02---
2026-10-01 06:24:57,465 - INFO - --- validation at epoch 184, val_loss 0.0088, val_mae 0.0951, val_rmse 0.1279, val_r2 0.8181, val_pearson 0.9046, lr 2.70e-05 ---
2026-10-01 06:24:57,465 - INFO - 
****************************************************************************************************
2026-10-01 06:24:59,218 - INFO - --- training epoch 185, loss 0.0086, mae 0.0985, rmse 0.1311, time elapsed(min) 0.02---
2026-10-01 06:24:59,612 - INFO - --- validation at epoch 185, val_loss 0.0087, val_mae 0.0950, val_rmse 0.1277, val_r2 0.8184, val_pearson 0.9047, lr 2.70e-05 ---
2026-10-01 06:24:59,612 - INFO - 
****************************************************************************************************
2026-10-01 06:25:01,325 - INFO - --- training epoch 186, loss 0.0085, mae 0.0978, rmse 0.1304, time elapsed(min) 0.02---
2026-10-01 06:25:01,524 - INFO - --- validation at epoch 186, val_loss 0.0087, val_mae 0.0952, val_rmse 0.1279, val_r2 0.8181, val_pearson 0.9045, lr 2.70e-05 ---
2026-10-01 06:25:01,524 - INFO - 
****************************************************************************************************
2026-10-01 06:25:03,067 - INFO - --- training epoch 187, loss 0.0086, mae 0.0984, rmse 0.1310, time elapsed(min) 0.02---
2026-10-01 06:25:03,284 - INFO - --- validation at epoch 187, val_loss 0.0087, val_mae 0.0952, val_rmse 0.1280, val_r2 0.8177, val_pearson 0.9043, lr 2.70e-05 ---
2026-10-01 06:25:03,284 - INFO - 
****************************************************************************************************
2026-10-01 06:25:04,835 - INFO - --- training epoch 188, loss 0.0084, mae 0.0972, rmse 0.1295, time elapsed(min) 0.02---
2026-10-01 06:25:05,161 - INFO - --- validation at epoch 188, val_loss 0.0086, val_mae 0.0950, val_rmse 0.1275, val_r2 0.8191, val_pearson 0.9052, lr 2.70e-05 ---
2026-10-01 06:25:05,161 - INFO - 
****************************************************************************************************
2026-10-01 06:25:06,997 - INFO - --- training epoch 189, loss 0.0086, mae 0.0988, rmse 0.1313, time elapsed(min) 0.02---
2026-10-01 06:25:07,195 - INFO - --- validation at epoch 189, val_loss 0.0088, val_mae 0.0956, val_rmse 0.1283, val_r2 0.8168, val_pearson 0.9038, lr 2.70e-05 ---
2026-10-01 06:25:07,195 - INFO - 
****************************************************************************************************
2026-10-01 06:25:08,729 - INFO - --- training epoch 190, loss 0.0086, mae 0.0984, rmse 0.1311, time elapsed(min) 0.02---
2026-10-01 06:25:08,925 - INFO - --- validation at epoch 190, val_loss 0.0088, val_mae 0.0958, val_rmse 0.1288, val_r2 0.8153, val_pearson 0.9031, lr 2.70e-05 ---
2026-10-01 06:25:08,925 - INFO - 
****************************************************************************************************
2026-10-01 06:25:10,479 - INFO - --- training epoch 191, loss 0.0086, mae 0.0984, rmse 0.1312, time elapsed(min) 0.02---
2026-10-01 06:25:10,798 - INFO - --- validation at epoch 191, val_loss 0.0088, val_mae 0.0956, val_rmse 0.1288, val_r2 0.8153, val_pearson 0.9031, lr 2.70e-05 ---
2026-10-01 06:25:10,798 - INFO - 
****************************************************************************************************
2026-10-01 06:25:12,616 - INFO - --- training epoch 192, loss 0.0086, mae 0.0993, rmse 0.1315, time elapsed(min) 0.03---
2026-10-01 06:25:12,821 - INFO - --- validation at epoch 192, val_loss 0.0088, val_mae 0.0953, val_rmse 0.1283, val_r2 0.8167, val_pearson 0.9037, lr 2.70e-05 ---
2026-10-01 06:25:12,821 - INFO - 
****************************************************************************************************
2026-10-01 06:25:14,440 - INFO - --- training epoch 193, loss 0.0086, mae 0.0974, rmse 0.1310, time elapsed(min) 0.02---
2026-10-01 06:25:14,661 - INFO - --- validation at epoch 193, val_loss 0.0089, val_mae 0.0962, val_rmse 0.1296, val_r2 0.8132, val_pearson 0.9018, lr 2.70e-05 ---
2026-10-01 06:25:14,662 - INFO - 
****************************************************************************************************
2026-10-01 06:25:16,219 - INFO - --- training epoch 194, loss 0.0086, mae 0.0983, rmse 0.1313, time elapsed(min) 0.02---
2026-10-01 06:25:16,416 - INFO - --- validation at epoch 194, val_loss 0.0087, val_mae 0.0952, val_rmse 0.1277, val_r2 0.8185, val_pearson 0.9048, lr 2.70e-05 ---
2026-10-01 06:25:16,416 - INFO - 
****************************************************************************************************
2026-10-01 06:25:18,120 - INFO - --- training epoch 195, loss 0.0085, mae 0.0981, rmse 0.1306, time elapsed(min) 0.02---
2026-10-01 06:25:18,578 - INFO - --- validation at epoch 195, val_loss 0.0086, val_mae 0.0949, val_rmse 0.1273, val_r2 0.8196, val_pearson 0.9055, lr 2.70e-05 ---
2026-10-01 06:25:18,578 - INFO - 
****************************************************************************************************
2026-10-01 06:25:20,254 - INFO - --- training epoch 196, loss 0.0085, mae 0.0976, rmse 0.1301, time elapsed(min) 0.02---
2026-10-01 06:25:20,447 - INFO - --- validation at epoch 196, val_loss 0.0088, val_mae 0.0951, val_rmse 0.1282, val_r2 0.8172, val_pearson 0.9040, lr 2.70e-05 ---
2026-10-01 06:25:20,447 - INFO - 
****************************************************************************************************
2026-10-01 06:25:22,058 - INFO - --- training epoch 197, loss 0.0086, mae 0.0990, rmse 0.1308, time elapsed(min) 0.02---
2026-10-01 06:25:22,273 - INFO - --- validation at epoch 197, val_loss 0.0087, val_mae 0.0951, val_rmse 0.1280, val_r2 0.8177, val_pearson 0.9043, lr 2.70e-05 ---
2026-10-01 06:25:22,273 - INFO - 
****************************************************************************************************
2026-10-01 06:25:24,036 - INFO - --- training epoch 198, loss 0.0086, mae 0.0988, rmse 0.1313, time elapsed(min) 0.02---
2026-10-01 06:25:24,245 - INFO - --- validation at epoch 198, val_loss 0.0086, val_mae 0.0952, val_rmse 0.1277, val_r2 0.8187, val_pearson 0.9049, lr 2.70e-05 ---
2026-10-01 06:25:24,245 - INFO - 
****************************************************************************************************
2026-10-01 06:25:25,785 - INFO - --- training epoch 199, loss 0.0085, mae 0.0976, rmse 0.1306, time elapsed(min) 0.02---
2026-10-01 06:25:25,983 - INFO - --- validation at epoch 199, val_loss 0.0086, val_mae 0.0948, val_rmse 0.1274, val_r2 0.8194, val_pearson 0.9053, lr 2.70e-05 ---
2026-10-01 06:25:25,984 - INFO - 
****************************************************************************************************
2026-10-01 06:25:27,545 - INFO - --- training epoch 200, loss 0.0086, mae 0.0976, rmse 0.1310, time elapsed(min) 0.02---
2026-10-01 06:25:27,874 - INFO - --- validation at epoch 200, val_loss 0.0088, val_mae 0.0959, val_rmse 0.1286, val_r2 0.8160, val_pearson 0.9035, lr 2.70e-05 ---
2026-10-01 06:25:27,874 - INFO - 
****************************************************************************************************
2026-10-01 06:25:29,566 - INFO - --- training epoch 201, loss 0.0086, mae 0.0984, rmse 0.1308, time elapsed(min) 0.02---
2026-10-01 06:25:29,915 - INFO - --- validation at epoch 201, val_loss 0.0086, val_mae 0.0952, val_rmse 0.1279, val_r2 0.8181, val_pearson 0.9045, lr 2.70e-05 ---
2026-10-01 06:25:29,916 - INFO - 
****************************************************************************************************
2026-10-01 06:25:31,600 - INFO - --- training epoch 202, loss 0.0085, mae 0.0984, rmse 0.1302, time elapsed(min) 0.02---
2026-10-01 06:25:31,795 - INFO - --- validation at epoch 202, val_loss 0.0087, val_mae 0.0954, val_rmse 0.1279, val_r2 0.8180, val_pearson 0.9044, lr 2.70e-05 ---
2026-10-01 06:25:31,795 - INFO - 
****************************************************************************************************
2026-10-01 06:25:33,340 - INFO - --- training epoch 203, loss 0.0084, mae 0.0976, rmse 0.1299, time elapsed(min) 0.02---
2026-10-01 06:25:33,557 - INFO - --- validation at epoch 203, val_loss 0.0087, val_mae 0.0957, val_rmse 0.1281, val_r2 0.8173, val_pearson 0.9041, lr 2.70e-05 ---
2026-10-01 06:25:33,557 - INFO - 
****************************************************************************************************
2026-10-01 06:25:35,219 - INFO - --- training epoch 204, loss 0.0084, mae 0.0965, rmse 0.1296, time elapsed(min) 0.02---
2026-10-01 06:25:35,592 - INFO - --- validation at epoch 204, val_loss 0.0087, val_mae 0.0952, val_rmse 0.1278, val_r2 0.8184, val_pearson 0.9047, lr 2.70e-05 ---
2026-10-01 06:25:35,592 - INFO - 
****************************************************************************************************
2026-10-01 06:25:37,317 - INFO - --- training epoch 205, loss 0.0086, mae 0.0990, rmse 0.1315, time elapsed(min) 0.02---
2026-10-01 06:25:37,511 - INFO - --- validation at epoch 205, val_loss 0.0087, val_mae 0.0953, val_rmse 0.1280, val_r2 0.8176, val_pearson 0.9043, lr 2.70e-05 ---
2026-10-01 06:25:37,512 - INFO - 
****************************************************************************************************
2026-10-01 06:25:39,053 - INFO - --- training epoch 206, loss 0.0085, mae 0.0977, rmse 0.1306, time elapsed(min) 0.02---
2026-10-01 06:25:39,274 - INFO - --- validation at epoch 206, val_loss 0.0087, val_mae 0.0952, val_rmse 0.1277, val_r2 0.8185, val_pearson 0.9048, lr 2.70e-05 ---
2026-10-01 06:25:39,274 - INFO - 
****************************************************************************************************
2026-10-01 06:25:40,822 - INFO - --- training epoch 207, loss 0.0083, mae 0.0965, rmse 0.1287, time elapsed(min) 0.02---
2026-10-01 06:25:41,139 - INFO - --- validation at epoch 207, val_loss 0.0087, val_mae 0.0957, val_rmse 0.1281, val_r2 0.8173, val_pearson 0.9044, lr 8.10e-06 ---
2026-10-01 06:25:41,139 - INFO - 
****************************************************************************************************
2026-10-01 06:25:42,910 - INFO - --- training epoch 208, loss 0.0085, mae 0.0968, rmse 0.1300, time elapsed(min) 0.02---
2026-10-01 06:25:43,111 - INFO - --- validation at epoch 208, val_loss 0.0087, val_mae 0.0957, val_rmse 0.1281, val_r2 0.8175, val_pearson 0.9044, lr 8.10e-06 ---
2026-10-01 06:25:43,111 - INFO - 
****************************************************************************************************
2026-10-01 06:25:44,712 - INFO - --- training epoch 209, loss 0.0084, mae 0.0971, rmse 0.1298, time elapsed(min) 0.02---
2026-10-01 06:25:44,908 - INFO - --- validation at epoch 209, val_loss 0.0087, val_mae 0.0955, val_rmse 0.1277, val_r2 0.8185, val_pearson 0.9050, lr 8.10e-06 ---
2026-10-01 06:25:44,908 - INFO - 
****************************************************************************************************
2026-10-01 06:25:46,508 - INFO - --- training epoch 210, loss 0.0085, mae 0.0982, rmse 0.1302, time elapsed(min) 0.02---
2026-10-01 06:25:46,826 - INFO - --- validation at epoch 210, val_loss 0.0087, val_mae 0.0955, val_rmse 0.1278, val_r2 0.8182, val_pearson 0.9047, lr 8.10e-06 ---
2026-10-01 06:25:46,826 - INFO - 
****************************************************************************************************
2026-10-01 06:25:48,440 - INFO - --- training epoch 211, loss 0.0086, mae 0.0985, rmse 0.1310, time elapsed(min) 0.02---
2026-10-01 06:25:48,934 - INFO - --- validation at epoch 211, val_loss 0.0087, val_mae 0.0954, val_rmse 0.1278, val_r2 0.8184, val_pearson 0.9049, lr 8.10e-06 ---
2026-10-01 06:25:48,934 - INFO - 
****************************************************************************************************
2026-10-01 06:25:50,471 - INFO - --- training epoch 212, loss 0.0084, mae 0.0970, rmse 0.1298, time elapsed(min) 0.02---
2026-10-01 06:25:50,672 - INFO - --- validation at epoch 212, val_loss 0.0087, val_mae 0.0954, val_rmse 0.1277, val_r2 0.8186, val_pearson 0.9051, lr 8.10e-06 ---
2026-10-01 06:25:50,672 - INFO - 
****************************************************************************************************
2026-10-01 06:25:52,204 - INFO - --- training epoch 213, loss 0.0084, mae 0.0971, rmse 0.1298, time elapsed(min) 0.02---
2026-10-01 06:25:52,405 - INFO - --- validation at epoch 213, val_loss 0.0087, val_mae 0.0957, val_rmse 0.1281, val_r2 0.8175, val_pearson 0.9046, lr 8.10e-06 ---
2026-10-01 06:25:52,405 - INFO - 
****************************************************************************************************
2026-10-01 06:25:54,128 - INFO - --- training epoch 214, loss 0.0084, mae 0.0972, rmse 0.1299, time elapsed(min) 0.02---
2026-10-01 06:25:54,498 - INFO - --- validation at epoch 214, val_loss 0.0087, val_mae 0.0955, val_rmse 0.1277, val_r2 0.8184, val_pearson 0.9050, lr 8.10e-06 ---
2026-10-01 06:25:54,498 - INFO - 
****************************************************************************************************
2026-10-01 06:25:56,260 - INFO - --- training epoch 215, loss 0.0083, mae 0.0963, rmse 0.1288, time elapsed(min) 0.02---
2026-10-01 06:25:56,456 - INFO - --- validation at epoch 215, val_loss 0.0087, val_mae 0.0954, val_rmse 0.1278, val_r2 0.8182, val_pearson 0.9047, lr 8.10e-06 ---
2026-10-01 06:25:56,457 - INFO - 
****************************************************************************************************
2026-10-01 06:25:58,014 - INFO - --- training epoch 216, loss 0.0084, mae 0.0975, rmse 0.1300, time elapsed(min) 0.02---
2026-10-01 06:25:58,215 - INFO - --- validation at epoch 216, val_loss 0.0087, val_mae 0.0956, val_rmse 0.1280, val_r2 0.8178, val_pearson 0.9045, lr 8.10e-06 ---
2026-10-01 06:25:58,215 - INFO - 
****************************************************************************************************
2026-10-01 06:25:59,851 - INFO - --- training epoch 217, loss 0.0082, mae 0.0961, rmse 0.1278, time elapsed(min) 0.02---
2026-10-01 06:26:00,170 - INFO - --- validation at epoch 217, val_loss 0.0087, val_mae 0.0955, val_rmse 0.1280, val_r2 0.8178, val_pearson 0.9045, lr 8.10e-06 ---
2026-10-01 06:26:00,170 - INFO - 
****************************************************************************************************
2026-10-01 06:26:01,913 - INFO - --- training epoch 218, loss 0.0084, mae 0.0974, rmse 0.1297, time elapsed(min) 0.02---
2026-10-01 06:26:02,129 - INFO - --- validation at epoch 218, val_loss 0.0087, val_mae 0.0954, val_rmse 0.1280, val_r2 0.8177, val_pearson 0.9044, lr 2.43e-06 ---
2026-10-01 06:26:02,129 - INFO - 
****************************************************************************************************
2026-10-01 06:26:03,677 - INFO - --- training epoch 219, loss 0.0084, mae 0.0973, rmse 0.1294, time elapsed(min) 0.02---
2026-10-01 06:26:03,873 - INFO - --- validation at epoch 219, val_loss 0.0087, val_mae 0.0954, val_rmse 0.1279, val_r2 0.8179, val_pearson 0.9045, lr 2.43e-06 ---
2026-10-01 06:26:03,873 - INFO - 
****************************************************************************************************
2026-10-01 06:26:05,519 - INFO - --- training epoch 220, loss 0.0083, mae 0.0965, rmse 0.1286, time elapsed(min) 0.02---
2026-10-01 06:26:05,841 - INFO - --- validation at epoch 220, val_loss 0.0087, val_mae 0.0955, val_rmse 0.1280, val_r2 0.8177, val_pearson 0.9044, lr 2.43e-06 ---
2026-10-01 06:26:05,841 - INFO - 
****************************************************************************************************
2026-10-01 06:26:07,570 - INFO - --- training epoch 221, loss 0.0085, mae 0.0973, rmse 0.1304, time elapsed(min) 0.02---
2026-10-01 06:26:07,777 - INFO - --- validation at epoch 221, val_loss 0.0087, val_mae 0.0956, val_rmse 0.1281, val_r2 0.8173, val_pearson 0.9042, lr 2.43e-06 ---
2026-10-01 06:26:07,777 - INFO - 
****************************************************************************************************
2026-10-01 06:26:09,341 - INFO - --- training epoch 222, loss 0.0084, mae 0.0974, rmse 0.1298, time elapsed(min) 0.02---
2026-10-01 06:26:09,542 - INFO - --- validation at epoch 222, val_loss 0.0087, val_mae 0.0955, val_rmse 0.1281, val_r2 0.8175, val_pearson 0.9042, lr 2.43e-06 ---
2026-10-01 06:26:09,542 - INFO - 
****************************************************************************************************
2026-10-01 06:26:11,170 - INFO - --- training epoch 223, loss 0.0084, mae 0.0970, rmse 0.1296, time elapsed(min) 0.02---
2026-10-01 06:26:11,489 - INFO - --- validation at epoch 223, val_loss 0.0087, val_mae 0.0955, val_rmse 0.1281, val_r2 0.8175, val_pearson 0.9042, lr 2.43e-06 ---
2026-10-01 06:26:11,489 - INFO - 
****************************************************************************************************
2026-10-01 06:26:13,277 - INFO - --- training epoch 224, loss 0.0084, mae 0.0973, rmse 0.1298, time elapsed(min) 0.02---
2026-10-01 06:26:13,471 - INFO - --- validation at epoch 224, val_loss 0.0087, val_mae 0.0956, val_rmse 0.1281, val_r2 0.8173, val_pearson 0.9042, lr 2.43e-06 ---
2026-10-01 06:26:13,471 - INFO - 
****************************************************************************************************
2026-10-01 06:26:15,018 - INFO - --- training epoch 225, loss 0.0082, mae 0.0963, rmse 0.1280, time elapsed(min) 0.02---
2026-10-01 06:26:15,218 - INFO - --- validation at epoch 225, val_loss 0.0087, val_mae 0.0953, val_rmse 0.1279, val_r2 0.8179, val_pearson 0.9044, lr 2.43e-06 ---
2026-10-01 06:26:15,218 - INFO - 
****************************************************************************************************
2026-10-01 06:26:16,807 - INFO - --- training epoch 226, loss 0.0085, mae 0.0978, rmse 0.1304, time elapsed(min) 0.02---
2026-10-01 06:26:17,130 - INFO - --- validation at epoch 226, val_loss 0.0087, val_mae 0.0954, val_rmse 0.1279, val_r2 0.8178, val_pearson 0.9045, lr 2.43e-06 ---
2026-10-01 06:26:17,131 - INFO - 
****************************************************************************************************
2026-10-01 06:26:18,855 - INFO - --- training epoch 227, loss 0.0085, mae 0.0980, rmse 0.1304, time elapsed(min) 0.02---
2026-10-01 06:26:19,202 - INFO - --- validation at epoch 227, val_loss 0.0087, val_mae 0.0953, val_rmse 0.1278, val_r2 0.8182, val_pearson 0.9046, lr 2.43e-06 ---
2026-10-01 06:26:19,202 - INFO - 
****************************************************************************************************
2026-10-01 06:26:20,864 - INFO - --- training epoch 228, loss 0.0083, mae 0.0959, rmse 0.1291, time elapsed(min) 0.02---
2026-10-01 06:26:21,060 - INFO - --- validation at epoch 228, val_loss 0.0087, val_mae 0.0956, val_rmse 0.1280, val_r2 0.8176, val_pearson 0.9044, lr 2.43e-06 ---
2026-10-01 06:26:21,060 - INFO - 
****************************************************************************************************
2026-10-01 06:26:22,595 - INFO - --- training epoch 229, loss 0.0084, mae 0.0978, rmse 0.1299, time elapsed(min) 0.02---
2026-10-01 06:26:22,795 - INFO - --- validation at epoch 229, val_loss 0.0087, val_mae 0.0955, val_rmse 0.1280, val_r2 0.8177, val_pearson 0.9045, lr 1.00e-06 ---
2026-10-01 06:26:22,795 - INFO - 
****************************************************************************************************
2026-10-01 06:26:24,492 - INFO - --- training epoch 230, loss 0.0084, mae 0.0967, rmse 0.1298, time elapsed(min) 0.02---
2026-10-01 06:26:24,891 - INFO - --- validation at epoch 230, val_loss 0.0087, val_mae 0.0954, val_rmse 0.1279, val_r2 0.8180, val_pearson 0.9046, lr 1.00e-06 ---
2026-10-01 06:26:24,891 - INFO - 
****************************************************************************************************
2026-10-01 06:26:26,545 - INFO - --- training epoch 231, loss 0.0084, mae 0.0970, rmse 0.1298, time elapsed(min) 0.02---
2026-10-01 06:26:26,791 - INFO - --- validation at epoch 231, val_loss 0.0087, val_mae 0.0953, val_rmse 0.1278, val_r2 0.8182, val_pearson 0.9047, lr 1.00e-06 ---
2026-10-01 06:26:26,791 - INFO - 
****************************************************************************************************
2026-10-01 06:26:28,470 - INFO - --- training epoch 232, loss 0.0085, mae 0.0981, rmse 0.1304, time elapsed(min) 0.02---
2026-10-01 06:26:28,667 - INFO - --- validation at epoch 232, val_loss 0.0087, val_mae 0.0953, val_rmse 0.1278, val_r2 0.8183, val_pearson 0.9047, lr 1.00e-06 ---
2026-10-01 06:26:28,667 - INFO - 
****************************************************************************************************
2026-10-01 06:26:30,395 - INFO - --- training epoch 233, loss 0.0084, mae 0.0972, rmse 0.1292, time elapsed(min) 0.02---
2026-10-01 06:26:30,721 - INFO - --- validation at epoch 233, val_loss 0.0087, val_mae 0.0953, val_rmse 0.1278, val_r2 0.8183, val_pearson 0.9047, lr 1.00e-06 ---
2026-10-01 06:26:30,722 - INFO - 
****************************************************************************************************
2026-10-01 06:26:32,490 - INFO - --- training epoch 234, loss 0.0085, mae 0.0978, rmse 0.1301, time elapsed(min) 0.02---
2026-10-01 06:26:32,689 - INFO - --- validation at epoch 234, val_loss 0.0087, val_mae 0.0954, val_rmse 0.1279, val_r2 0.8180, val_pearson 0.9046, lr 1.00e-06 ---
2026-10-01 06:26:32,689 - INFO - 
****************************************************************************************************
2026-10-01 06:26:34,366 - INFO - --- training epoch 235, loss 0.0083, mae 0.0967, rmse 0.1288, time elapsed(min) 0.02---
2026-10-01 06:26:34,564 - INFO - --- validation at epoch 235, val_loss 0.0087, val_mae 0.0954, val_rmse 0.1279, val_r2 0.8180, val_pearson 0.9046, lr 1.00e-06 ---
2026-10-01 06:26:34,564 - INFO - 
****************************************************************************************************
2026-10-01 06:26:36,115 - INFO - --- training epoch 236, loss 0.0083, mae 0.0971, rmse 0.1291, time elapsed(min) 0.02---
2026-10-01 06:26:36,437 - INFO - --- validation at epoch 236, val_loss 0.0087, val_mae 0.0954, val_rmse 0.1279, val_r2 0.8180, val_pearson 0.9046, lr 1.00e-06 ---
2026-10-01 06:26:36,437 - INFO - 
****************************************************************************************************
2026-10-01 06:26:38,238 - INFO - --- training epoch 237, loss 0.0084, mae 0.0979, rmse 0.1298, time elapsed(min) 0.03---
2026-10-01 06:26:38,476 - INFO - --- validation at epoch 237, val_loss 0.0087, val_mae 0.0953, val_rmse 0.1278, val_r2 0.8182, val_pearson 0.9046, lr 1.00e-06 ---
2026-10-01 06:26:38,476 - INFO - 
****************************************************************************************************
2026-10-01 06:26:40,020 - INFO - --- training epoch 238, loss 0.0084, mae 0.0971, rmse 0.1298, time elapsed(min) 0.02---
2026-10-01 06:26:40,214 - INFO - --- validation at epoch 238, val_loss 0.0087, val_mae 0.0953, val_rmse 0.1279, val_r2 0.8181, val_pearson 0.9046, lr 1.00e-06 ---
2026-10-01 06:26:40,214 - INFO - 
****************************************************************************************************
2026-10-01 06:26:41,756 - INFO - --- training epoch 239, loss 0.0084, mae 0.0977, rmse 0.1299, time elapsed(min) 0.02---
2026-10-01 06:26:42,073 - INFO - --- validation at epoch 239, val_loss 0.0087, val_mae 0.0953, val_rmse 0.1278, val_r2 0.8182, val_pearson 0.9046, lr 1.00e-06 ---
2026-10-01 06:26:42,073 - INFO - 
****************************************************************************************************
2026-10-01 06:26:43,913 - INFO - --- training epoch 240, loss 0.0084, mae 0.0971, rmse 0.1298, time elapsed(min) 0.03---
2026-10-01 06:26:44,111 - INFO - --- validation at epoch 240, val_loss 0.0087, val_mae 0.0952, val_rmse 0.1278, val_r2 0.8183, val_pearson 0.9046, lr 1.00e-06 ---
2026-10-01 06:26:44,111 - INFO - 
****************************************************************************************************
2026-10-01 06:26:45,706 - INFO - --- training epoch 241, loss 0.0084, mae 0.0978, rmse 0.1297, time elapsed(min) 0.02---
2026-10-01 06:26:45,900 - INFO - --- validation at epoch 241, val_loss 0.0087, val_mae 0.0954, val_rmse 0.1278, val_r2 0.8181, val_pearson 0.9046, lr 1.00e-06 ---
2026-10-01 06:26:45,901 - INFO - 
****************************************************************************************************
2026-10-01 06:26:47,474 - INFO - --- training epoch 242, loss 0.0083, mae 0.0974, rmse 0.1292, time elapsed(min) 0.02---
2026-10-01 06:26:47,793 - INFO - --- validation at epoch 242, val_loss 0.0087, val_mae 0.0953, val_rmse 0.1279, val_r2 0.8181, val_pearson 0.9046, lr 1.00e-06 ---
2026-10-01 06:26:47,793 - INFO - 
****************************************************************************************************
2026-10-01 06:26:49,429 - INFO - --- training epoch 243, loss 0.0085, mae 0.0977, rmse 0.1302, time elapsed(min) 0.02---
2026-10-01 06:26:49,910 - INFO - --- validation at epoch 243, val_loss 0.0087, val_mae 0.0953, val_rmse 0.1278, val_r2 0.8182, val_pearson 0.9046, lr 1.00e-06 ---
2026-10-01 06:26:49,910 - INFO - 
****************************************************************************************************
2026-10-01 06:26:51,439 - INFO - --- training epoch 244, loss 0.0083, mae 0.0965, rmse 0.1291, time elapsed(min) 0.02---
2026-10-01 06:26:51,641 - INFO - --- validation at epoch 244, val_loss 0.0087, val_mae 0.0952, val_rmse 0.1278, val_r2 0.8184, val_pearson 0.9047, lr 1.00e-06 ---
2026-10-01 06:26:51,641 - INFO - 
****************************************************************************************************
2026-10-01 06:26:53,281 - INFO - --- training epoch 245, loss 0.0082, mae 0.0967, rmse 0.1282, time elapsed(min) 0.02---
2026-10-01 06:26:53,501 - INFO - --- validation at epoch 245, val_loss 0.0087, val_mae 0.0953, val_rmse 0.1278, val_r2 0.8183, val_pearson 0.9048, lr 1.00e-06 ---
2026-10-01 06:26:53,501 - INFO - 
****************************************************************************************************
2026-10-01 06:26:53,783 - INFO - --- early stopping at epoch 245: val_loss did not improve for 50 epochs ---
2026-10-01 06:26:54,190 - INFO - --- selected checkpoint from epoch 195, val_loss 0.0086, val_mae 0.0949, val_rmse 0.1273
2026-10-01 06:26:55,029 - INFO - -- RESULT
2026-10-01 06:26:55,029 - INFO - --- test size: 1728
2026-10-01 06:26:55,029 - INFO - --- MAE: 0.0972 (9.72 pp), RMSE: 0.1315 (13.15 pp), R2: 0.7766, Pearson: 0.8816
2026-10-01 06:26:57,224 - INFO - --- Suzuki-Miyaura | split_0 | current_model: test R2 0.7766 MAE 0.0972 RMSE 0.1315 | 468.9s (1.9s/epoch)
2026-10-01 06:26:57,230 - INFO - --- Suzuki-Miyaura | split_0 | approach 3 (comb/linear) (comb/linear)
