2026-09-30 22:36:17,323 - INFO - device is	cuda:0
2026-09-30 22:36:17,419 - INFO - -- CONFIGURATIONS
2026-09-30 22:36:17,419 - INFO - --- train/valid/test: 2491/277/1187
2026-09-30 22:36:17,419 - INFO - --- max no. reactants_train, valid, test respectively: 6, 6, 6
2026-09-30 22:36:17,419 - INFO - --- max no. products_train, valid, test respectively: 1, 1, 1
2026-09-30 22:36:17,419 - INFO - --- model_path: ../logs/approach2_grid_bh/e400/runs/Buchwald-Hartwig_fullcv05_split70_approach_3/model.pt
2026-09-30 22:36:17,428 - INFO - -- TRAINING
2026-09-30 22:36:18,119 - INFO - --- training epoch 0, loss 24.2173, mae 24.7120, rmse 30.4913, time elapsed(min) 0.01---
2026-09-30 22:36:18,290 - INFO - --- validation at epoch 0, val_loss 24.7597, val_mae 23.3104, val_rmse 28.6317, val_r2 -0.1410, val_pearson -0.2167, lr 1.00e-03 ---
2026-09-30 22:36:18,290 - INFO - 
****************************************************************************************************
2026-09-30 22:36:19,596 - INFO - --- training epoch 1, loss 22.6698, mae 23.1660, rmse 28.1398, time elapsed(min) 0.01---
2026-09-30 22:36:19,767 - INFO - --- validation at epoch 1, val_loss 24.7147, val_mae 23.2484, val_rmse 28.3770, val_r2 -0.1208, val_pearson -0.2119, lr 1.00e-03 ---
2026-09-30 22:36:19,767 - INFO - 
****************************************************************************************************
2026-09-30 22:36:21,164 - INFO - --- training epoch 2, loss 22.5491, mae 23.0457, rmse 27.9046, time elapsed(min) 0.02---
2026-09-30 22:36:21,329 - INFO - --- validation at epoch 2, val_loss 24.6176, val_mae 23.0997, val_rmse 28.0296, val_r2 -0.0935, val_pearson 0.1811, lr 1.00e-03 ---
2026-09-30 22:36:21,329 - INFO - 
****************************************************************************************************
2026-09-30 22:36:22,630 - INFO - --- training epoch 3, loss 22.1527, mae 22.6477, rmse 27.4233, time elapsed(min) 0.01---
2026-09-30 22:36:22,800 - INFO - --- validation at epoch 3, val_loss 24.0906, val_mae 22.3909, val_rmse 26.6904, val_r2 0.0085, val_pearson 0.2227, lr 1.00e-03 ---
2026-09-30 22:36:22,800 - INFO - 
****************************************************************************************************
2026-09-30 22:36:24,227 - INFO - --- training epoch 4, loss 22.2433, mae 22.7399, rmse 27.8798, time elapsed(min) 0.02---
2026-09-30 22:36:24,411 - INFO - --- validation at epoch 4, val_loss 23.9131, val_mae 22.2527, val_rmse 26.2327, val_r2 0.0422, val_pearson 0.2251, lr 1.00e-03 ---
2026-09-30 22:36:24,411 - INFO - 
****************************************************************************************************
2026-09-30 22:36:25,504 - INFO - --- training epoch 5, loss 21.8688, mae 22.3657, rmse 26.9668, time elapsed(min) 0.01---
2026-09-30 22:36:25,671 - INFO - --- validation at epoch 5, val_loss 23.7849, val_mae 21.9616, val_rmse 26.0079, val_r2 0.0585, val_pearson 0.2548, lr 1.00e-03 ---
2026-09-30 22:36:25,671 - INFO - 
****************************************************************************************************
2026-09-30 22:36:26,774 - INFO - --- training epoch 6, loss 21.3631, mae 21.8593, rmse 26.3033, time elapsed(min) 0.01---
2026-09-30 22:36:26,952 - INFO - --- validation at epoch 6, val_loss 23.6845, val_mae 21.4281, val_rmse 26.0474, val_r2 0.0557, val_pearson 0.2932, lr 1.00e-03 ---
2026-09-30 22:36:26,952 - INFO - 
****************************************************************************************************
2026-09-30 22:36:28,254 - INFO - --- training epoch 7, loss 20.9680, mae 21.4637, rmse 25.9613, time elapsed(min) 0.01---
2026-09-30 22:36:28,427 - INFO - --- validation at epoch 7, val_loss 23.8927, val_mae 21.9001, val_rmse 25.7628, val_r2 0.0762, val_pearson 0.3019, lr 1.00e-03 ---
2026-09-30 22:36:28,427 - INFO - 
****************************************************************************************************
2026-09-30 22:36:29,783 - INFO - --- training epoch 8, loss 21.0495, mae 21.5453, rmse 26.0474, time elapsed(min) 0.02---
2026-09-30 22:36:29,953 - INFO - --- validation at epoch 8, val_loss 24.4302, val_mae 21.8484, val_rmse 26.9727, val_r2 -0.0126, val_pearson 0.3278, lr 1.00e-03 ---
2026-09-30 22:36:29,953 - INFO - 
****************************************************************************************************
2026-09-30 22:36:31,200 - INFO - --- training epoch 9, loss 20.8980, mae 21.3940, rmse 25.7478, time elapsed(min) 0.01---
2026-09-30 22:36:31,598 - INFO - --- validation at epoch 9, val_loss 23.9753, val_mae 21.5978, val_rmse 25.9140, val_r2 0.0653, val_pearson 0.3326, lr 1.00e-03 ---
2026-09-30 22:36:31,598 - INFO - 
****************************************************************************************************
2026-09-30 22:36:32,852 - INFO - --- training epoch 10, loss 20.9116, mae 21.4077, rmse 25.8859, time elapsed(min) 0.01---
2026-09-30 22:36:33,008 - INFO - --- validation at epoch 10, val_loss 23.5464, val_mae 21.6894, val_rmse 25.3622, val_r2 0.1047, val_pearson 0.3537, lr 1.00e-03 ---
2026-09-30 22:36:33,008 - INFO - 
****************************************************************************************************
2026-09-30 22:36:34,120 - INFO - --- training epoch 11, loss 20.6031, mae 21.0988, rmse 25.9485, time elapsed(min) 0.01---
2026-09-30 22:36:34,292 - INFO - --- validation at epoch 11, val_loss 24.0402, val_mae 21.9323, val_rmse 26.2188, val_r2 0.0432, val_pearson 0.3400, lr 1.00e-03 ---
2026-09-30 22:36:34,292 - INFO - 
****************************************************************************************************
2026-09-30 22:36:35,475 - INFO - --- training epoch 12, loss 20.4292, mae 20.9249, rmse 25.1557, time elapsed(min) 0.01---
2026-09-30 22:36:35,647 - INFO - --- validation at epoch 12, val_loss 23.7851, val_mae 21.0289, val_rmse 25.9646, val_r2 0.0617, val_pearson 0.3592, lr 1.00e-03 ---
2026-09-30 22:36:35,647 - INFO - 
****************************************************************************************************
2026-09-30 22:36:36,922 - INFO - --- training epoch 13, loss 20.1159, mae 20.6116, rmse 24.7581, time elapsed(min) 0.01---
2026-09-30 22:36:37,092 - INFO - --- validation at epoch 13, val_loss 23.1800, val_mae 20.7781, val_rmse 25.5580, val_r2 0.0908, val_pearson 0.3781, lr 1.00e-03 ---
2026-09-30 22:36:37,092 - INFO - 
****************************************************************************************************
2026-09-30 22:36:38,402 - INFO - --- training epoch 14, loss 19.7083, mae 20.2045, rmse 24.9326, time elapsed(min) 0.01---
2026-09-30 22:36:38,577 - INFO - --- validation at epoch 14, val_loss 23.6878, val_mae 21.8882, val_rmse 26.5026, val_r2 0.0224, val_pearson 0.3129, lr 1.00e-03 ---
2026-09-30 22:36:38,577 - INFO - 
****************************************************************************************************
2026-09-30 22:36:39,995 - INFO - --- training epoch 15, loss 20.5690, mae 21.0643, rmse 25.6471, time elapsed(min) 0.02---
2026-09-30 22:36:40,167 - INFO - --- validation at epoch 15, val_loss 23.3632, val_mae 21.0641, val_rmse 25.4612, val_r2 0.0977, val_pearson 0.3638, lr 1.00e-03 ---
2026-09-30 22:36:40,167 - INFO - 
****************************************************************************************************
2026-09-30 22:36:41,195 - INFO - --- training epoch 16, loss 20.0512, mae 20.5466, rmse 25.1094, time elapsed(min) 0.01---
2026-09-30 22:36:41,360 - INFO - --- validation at epoch 16, val_loss 22.8130, val_mae 20.9642, val_rmse 25.7662, val_r2 0.0759, val_pearson 0.3722, lr 1.00e-03 ---
2026-09-30 22:36:41,360 - INFO - 
****************************************************************************************************
2026-09-30 22:36:42,489 - INFO - --- training epoch 17, loss 20.0500, mae 20.5437, rmse 25.5194, time elapsed(min) 0.01---
2026-09-30 22:36:42,664 - INFO - --- validation at epoch 17, val_loss 23.1279, val_mae 21.4884, val_rmse 25.6651, val_r2 0.0832, val_pearson 0.3609, lr 1.00e-03 ---
2026-09-30 22:36:42,664 - INFO - 
****************************************************************************************************
2026-09-30 22:36:44,017 - INFO - --- training epoch 18, loss 19.8748, mae 20.3709, rmse 25.1535, time elapsed(min) 0.02---
2026-09-30 22:36:44,188 - INFO - --- validation at epoch 18, val_loss 23.1048, val_mae 20.8542, val_rmse 25.3228, val_r2 0.1075, val_pearson 0.3710, lr 1.00e-03 ---
2026-09-30 22:36:44,189 - INFO - 
****************************************************************************************************
2026-09-30 22:36:45,425 - INFO - --- training epoch 19, loss 19.1828, mae 19.6770, rmse 24.3295, time elapsed(min) 0.01---
2026-09-30 22:36:45,592 - INFO - --- validation at epoch 19, val_loss 22.4527, val_mae 20.1495, val_rmse 25.5609, val_r2 0.0906, val_pearson 0.4102, lr 1.00e-03 ---
2026-09-30 22:36:45,592 - INFO - 
****************************************************************************************************
2026-09-30 22:36:46,954 - INFO - --- training epoch 20, loss 19.0733, mae 19.5664, rmse 24.6136, time elapsed(min) 0.02---
2026-09-30 22:36:47,342 - INFO - --- validation at epoch 20, val_loss 22.9170, val_mae 21.1399, val_rmse 25.6191, val_r2 0.0865, val_pearson 0.3810, lr 1.00e-03 ---
2026-09-30 22:36:47,342 - INFO - 
****************************************************************************************************
2026-09-30 22:36:48,538 - INFO - --- training epoch 21, loss 20.0553, mae 20.5511, rmse 25.6364, time elapsed(min) 0.01---
2026-09-30 22:36:48,699 - INFO - --- validation at epoch 21, val_loss 22.1812, val_mae 20.8420, val_rmse 25.0749, val_r2 0.1249, val_pearson 0.3864, lr 1.00e-03 ---
2026-09-30 22:36:48,699 - INFO - 
****************************************************************************************************
2026-09-30 22:36:49,812 - INFO - --- training epoch 22, loss 19.2329, mae 19.7283, rmse 24.8859, time elapsed(min) 0.01---
2026-09-30 22:36:49,991 - INFO - --- validation at epoch 22, val_loss 25.3002, val_mae 23.6024, val_rmse 30.7315, val_r2 -0.3145, val_pearson 0.3349, lr 1.00e-03 ---
2026-09-30 22:36:49,991 - INFO - 
****************************************************************************************************
2026-09-30 22:36:51,232 - INFO - --- training epoch 23, loss 19.2312, mae 19.7271, rmse 24.5958, time elapsed(min) 0.01---
2026-09-30 22:36:51,412 - INFO - --- validation at epoch 23, val_loss 19.6124, val_mae 18.5913, val_rmse 22.8222, val_r2 0.2750, val_pearson 0.5558, lr 1.00e-03 ---
2026-09-30 22:36:51,412 - INFO - 
****************************************************************************************************
2026-09-30 22:36:52,763 - INFO - --- training epoch 24, loss 17.1739, mae 17.6668, rmse 22.4501, time elapsed(min) 0.01---
2026-09-30 22:36:52,930 - INFO - --- validation at epoch 24, val_loss 20.2034, val_mae 19.4130, val_rmse 24.4575, val_r2 0.1674, val_pearson 0.5017, lr 1.00e-03 ---
2026-09-30 22:36:52,930 - INFO - 
****************************************************************************************************
2026-09-30 22:36:54,216 - INFO - --- training epoch 25, loss 19.3710, mae 19.8663, rmse 24.5554, time elapsed(min) 0.01---
2026-09-30 22:36:54,641 - INFO - --- validation at epoch 25, val_loss 24.7185, val_mae 22.4858, val_rmse 27.8933, val_r2 -0.0829, val_pearson 0.3160, lr 1.00e-03 ---
2026-09-30 22:36:54,641 - INFO - 
****************************************************************************************************
2026-09-30 22:36:55,864 - INFO - --- training epoch 26, loss 19.9669, mae 20.4622, rmse 24.9640, time elapsed(min) 0.01---
2026-09-30 22:36:56,031 - INFO - --- validation at epoch 26, val_loss 21.6770, val_mae 19.5510, val_rmse 24.5511, val_r2 0.1611, val_pearson 0.4719, lr 1.00e-03 ---
2026-09-30 22:36:56,031 - INFO - 
****************************************************************************************************
2026-09-30 22:36:57,088 - INFO - --- training epoch 27, loss 17.6116, mae 18.1047, rmse 22.4641, time elapsed(min) 0.01---
2026-09-30 22:36:57,266 - INFO - --- validation at epoch 27, val_loss 20.4930, val_mae 19.5310, val_rmse 24.2423, val_r2 0.1820, val_pearson 0.6051, lr 1.00e-03 ---
2026-09-30 22:36:57,266 - INFO - 
****************************************************************************************************
2026-09-30 22:36:58,341 - INFO - --- training epoch 28, loss 17.0375, mae 17.5313, rmse 21.8377, time elapsed(min) 0.01---
2026-09-30 22:36:58,506 - INFO - --- validation at epoch 28, val_loss 19.5961, val_mae 18.3788, val_rmse 22.5333, val_r2 0.2933, val_pearson 0.5566, lr 1.00e-03 ---
2026-09-30 22:36:58,507 - INFO - 
****************************************************************************************************
2026-09-30 22:36:59,828 - INFO - --- training epoch 29, loss 17.1401, mae 17.6351, rmse 22.0737, time elapsed(min) 0.01---
2026-09-30 22:36:59,991 - INFO - --- validation at epoch 29, val_loss 18.2366, val_mae 17.6978, val_rmse 21.3404, val_r2 0.3661, val_pearson 0.6107, lr 1.00e-03 ---
2026-09-30 22:36:59,991 - INFO - 
****************************************************************************************************
2026-09-30 22:37:01,453 - INFO - --- training epoch 30, loss 16.7833, mae 17.2780, rmse 21.7604, time elapsed(min) 0.02---
2026-09-30 22:37:01,613 - INFO - --- validation at epoch 30, val_loss 19.6485, val_mae 18.7467, val_rmse 22.2138, val_r2 0.3132, val_pearson 0.6186, lr 1.00e-03 ---
2026-09-30 22:37:01,613 - INFO - 
****************************************************************************************************
2026-09-30 22:37:03,036 - INFO - --- training epoch 31, loss 16.9710, mae 17.4654, rmse 21.5263, time elapsed(min) 0.02---
2026-09-30 22:37:03,202 - INFO - --- validation at epoch 31, val_loss 18.6053, val_mae 17.9079, val_rmse 21.9255, val_r2 0.3309, val_pearson 0.5759, lr 1.00e-03 ---
2026-09-30 22:37:03,202 - INFO - 
****************************************************************************************************
2026-09-30 22:37:04,254 - INFO - --- training epoch 32, loss 16.6074, mae 17.1014, rmse 21.5497, time elapsed(min) 0.01---
2026-09-30 22:37:04,427 - INFO - --- validation at epoch 32, val_loss 16.3977, val_mae 16.4204, val_rmse 20.9880, val_r2 0.3869, val_pearson 0.6403, lr 1.00e-03 ---
2026-09-30 22:37:04,428 - INFO - 
****************************************************************************************************
2026-09-30 22:37:05,709 - INFO - --- training epoch 33, loss 17.3709, mae 17.8649, rmse 22.4727, time elapsed(min) 0.01---
2026-09-30 22:37:05,880 - INFO - --- validation at epoch 33, val_loss 18.4997, val_mae 17.9242, val_rmse 22.2600, val_r2 0.3103, val_pearson 0.5696, lr 1.00e-03 ---
2026-09-30 22:37:05,880 - INFO - 
****************************************************************************************************
2026-09-30 22:37:07,276 - INFO - --- training epoch 34, loss 16.9087, mae 17.4027, rmse 21.8786, time elapsed(min) 0.02---
2026-09-30 22:37:07,442 - INFO - --- validation at epoch 34, val_loss 17.5517, val_mae 17.3107, val_rmse 21.1692, val_r2 0.3763, val_pearson 0.6171, lr 1.00e-03 ---
2026-09-30 22:37:07,442 - INFO - 
****************************************************************************************************
2026-09-30 22:37:08,826 - INFO - --- training epoch 35, loss 16.6682, mae 17.1611, rmse 21.7990, time elapsed(min) 0.02---
2026-09-30 22:37:08,992 - INFO - --- validation at epoch 35, val_loss 17.3036, val_mae 17.3695, val_rmse 21.8866, val_r2 0.3333, val_pearson 0.6212, lr 1.00e-03 ---
2026-09-30 22:37:08,992 - INFO - 
****************************************************************************************************
2026-09-30 22:37:10,269 - INFO - --- training epoch 36, loss 16.1479, mae 16.6396, rmse 21.1646, time elapsed(min) 0.01---
2026-09-30 22:37:10,445 - INFO - --- validation at epoch 36, val_loss 17.2937, val_mae 17.3396, val_rmse 21.9170, val_r2 0.3314, val_pearson 0.6005, lr 1.00e-03 ---
2026-09-30 22:37:10,445 - INFO - 
****************************************************************************************************
2026-09-30 22:37:11,663 - INFO - --- training epoch 37, loss 16.8995, mae 17.3926, rmse 21.8083, time elapsed(min) 0.01---
2026-09-30 22:37:11,848 - INFO - --- validation at epoch 37, val_loss 18.0852, val_mae 17.7245, val_rmse 22.1091, val_r2 0.3196, val_pearson 0.5753, lr 1.00e-03 ---
2026-09-30 22:37:11,848 - INFO - 
****************************************************************************************************
2026-09-30 22:37:12,879 - INFO - --- training epoch 38, loss 16.4715, mae 16.9654, rmse 21.5340, time elapsed(min) 0.01---
2026-09-30 22:37:13,044 - INFO - --- validation at epoch 38, val_loss 16.7249, val_mae 16.3458, val_rmse 20.8058, val_r2 0.3975, val_pearson 0.6351, lr 1.00e-03 ---
2026-09-30 22:37:13,044 - INFO - 
****************************************************************************************************
2026-09-30 22:37:14,071 - INFO - --- training epoch 39, loss 16.1104, mae 16.6031, rmse 20.9464, time elapsed(min) 0.01---
2026-09-30 22:37:14,248 - INFO - --- validation at epoch 39, val_loss 18.3069, val_mae 17.5033, val_rmse 21.4999, val_r2 0.3566, val_pearson 0.6284, lr 1.00e-03 ---
2026-09-30 22:37:14,248 - INFO - 
****************************************************************************************************
2026-09-30 22:37:15,498 - INFO - --- training epoch 40, loss 16.3276, mae 16.8199, rmse 21.3989, time elapsed(min) 0.01---
2026-09-30 22:37:15,672 - INFO - --- validation at epoch 40, val_loss 17.1379, val_mae 17.2448, val_rmse 21.7349, val_r2 0.3425, val_pearson 0.6197, lr 1.00e-03 ---
2026-09-30 22:37:15,672 - INFO - 
****************************************************************************************************
2026-09-30 22:37:16,939 - INFO - --- training epoch 41, loss 16.1874, mae 16.6817, rmse 21.0347, time elapsed(min) 0.01---
2026-09-30 22:37:17,101 - INFO - --- validation at epoch 41, val_loss 16.2556, val_mae 16.0783, val_rmse 20.1331, val_r2 0.4358, val_pearson 0.6604, lr 1.00e-03 ---
2026-09-30 22:37:17,101 - INFO - 
****************************************************************************************************
2026-09-30 22:37:18,616 - INFO - --- training epoch 42, loss 16.2470, mae 16.7406, rmse 21.2336, time elapsed(min) 0.02---
2026-09-30 22:37:18,784 - INFO - --- validation at epoch 42, val_loss 15.3510, val_mae 15.6394, val_rmse 20.1494, val_r2 0.4349, val_pearson 0.6616, lr 1.00e-03 ---
2026-09-30 22:37:18,784 - INFO - 
****************************************************************************************************
2026-09-30 22:37:19,908 - INFO - --- training epoch 43, loss 15.6189, mae 16.1111, rmse 20.6053, time elapsed(min) 0.01---
2026-09-30 22:37:20,093 - INFO - --- validation at epoch 43, val_loss 15.1176, val_mae 15.6602, val_rmse 20.2763, val_r2 0.4278, val_pearson 0.6646, lr 1.00e-03 ---
2026-09-30 22:37:20,093 - INFO - 
****************************************************************************************************
2026-09-30 22:37:21,375 - INFO - --- training epoch 44, loss 15.2979, mae 15.7906, rmse 20.3694, time elapsed(min) 0.01---
2026-09-30 22:37:21,538 - INFO - --- validation at epoch 44, val_loss 15.8918, val_mae 16.1048, val_rmse 20.9007, val_r2 0.3920, val_pearson 0.6507, lr 1.00e-03 ---
2026-09-30 22:37:21,538 - INFO - 
****************************************************************************************************
2026-09-30 22:37:22,918 - INFO - --- training epoch 45, loss 15.2127, mae 15.7037, rmse 20.2067, time elapsed(min) 0.02---
2026-09-30 22:37:23,095 - INFO - --- validation at epoch 45, val_loss 15.8610, val_mae 15.4310, val_rmse 20.3158, val_r2 0.4255, val_pearson 0.6606, lr 1.00e-03 ---
2026-09-30 22:37:23,096 - INFO - 
****************************************************************************************************
2026-09-30 22:37:24,469 - INFO - --- training epoch 46, loss 14.9546, mae 15.4468, rmse 19.8894, time elapsed(min) 0.02---
2026-09-30 22:37:24,650 - INFO - --- validation at epoch 46, val_loss 16.3369, val_mae 16.1188, val_rmse 20.6734, val_r2 0.4051, val_pearson 0.6648, lr 1.00e-03 ---
2026-09-30 22:37:24,650 - INFO - 
****************************************************************************************************
2026-09-30 22:37:26,053 - INFO - --- training epoch 47, loss 15.3882, mae 15.8821, rmse 20.5515, time elapsed(min) 0.02---
2026-09-30 22:37:26,221 - INFO - --- validation at epoch 47, val_loss 17.2014, val_mae 16.9610, val_rmse 21.2734, val_r2 0.3701, val_pearson 0.6264, lr 1.00e-03 ---
2026-09-30 22:37:26,221 - INFO - 
****************************************************************************************************
2026-09-30 22:37:27,264 - INFO - --- training epoch 48, loss 16.2668, mae 16.7589, rmse 21.3650, time elapsed(min) 0.01---
2026-09-30 22:37:27,430 - INFO - --- validation at epoch 48, val_loss 17.2973, val_mae 16.7946, val_rmse 20.9532, val_r2 0.3889, val_pearson 0.6265, lr 1.00e-03 ---
2026-09-30 22:37:27,430 - INFO - 
****************************************************************************************************
2026-09-30 22:37:28,640 - INFO - --- training epoch 49, loss 16.0797, mae 16.5730, rmse 20.8862, time elapsed(min) 0.01---
2026-09-30 22:37:28,793 - INFO - --- validation at epoch 49, val_loss 16.5784, val_mae 16.5849, val_rmse 20.5785, val_r2 0.4106, val_pearson 0.6413, lr 1.00e-03 ---
2026-09-30 22:37:28,793 - INFO - 
****************************************************************************************************
2026-09-30 22:37:30,058 - INFO - --- training epoch 50, loss 15.5529, mae 16.0455, rmse 20.6641, time elapsed(min) 0.01---
2026-09-30 22:37:30,219 - INFO - --- validation at epoch 50, val_loss 15.3165, val_mae 15.5348, val_rmse 20.3690, val_r2 0.4225, val_pearson 0.6658, lr 1.00e-03 ---
2026-09-30 22:37:30,219 - INFO - 
****************************************************************************************************
2026-09-30 22:37:31,479 - INFO - --- training epoch 51, loss 15.7553, mae 16.2497, rmse 20.7265, time elapsed(min) 0.01---
2026-09-30 22:37:31,653 - INFO - --- validation at epoch 51, val_loss 17.0669, val_mae 16.7775, val_rmse 21.1621, val_r2 0.3767, val_pearson 0.6297, lr 1.00e-03 ---
2026-09-30 22:37:31,653 - INFO - 
****************************************************************************************************
2026-09-30 22:37:32,932 - INFO - --- training epoch 52, loss 16.1411, mae 16.6340, rmse 20.9151, time elapsed(min) 0.01---
2026-09-30 22:37:33,312 - INFO - --- validation at epoch 52, val_loss 15.9907, val_mae 16.7327, val_rmse 22.1329, val_r2 0.3182, val_pearson 0.6705, lr 1.00e-03 ---
2026-09-30 22:37:33,312 - INFO - 
****************************************************************************************************
2026-09-30 22:37:34,528 - INFO - --- training epoch 53, loss 15.5812, mae 16.0743, rmse 20.7461, time elapsed(min) 0.01---
2026-09-30 22:37:34,705 - INFO - --- validation at epoch 53, val_loss 15.3589, val_mae 15.6714, val_rmse 20.7406, val_r2 0.4013, val_pearson 0.6786, lr 1.00e-03 ---
2026-09-30 22:37:34,705 - INFO - 
****************************************************************************************************
2026-09-30 22:37:35,919 - INFO - --- training epoch 54, loss 15.4554, mae 15.9467, rmse 20.2355, time elapsed(min) 0.01---
2026-09-30 22:37:36,094 - INFO - --- validation at epoch 54, val_loss 24.3612, val_mae 23.3089, val_rmse 27.7961, val_r2 -0.0754, val_pearson 0.5533, lr 1.00e-03 ---
2026-09-30 22:37:36,094 - INFO - 
****************************************************************************************************
2026-09-30 22:37:37,339 - INFO - --- training epoch 55, loss 17.6776, mae 18.1703, rmse 23.0258, time elapsed(min) 0.01---
2026-09-30 22:37:37,505 - INFO - --- validation at epoch 55, val_loss 16.0419, val_mae 15.5650, val_rmse 20.0526, val_r2 0.4403, val_pearson 0.6797, lr 3.00e-04 ---
2026-09-30 22:37:37,505 - INFO - 
****************************************************************************************************
2026-09-30 22:37:38,745 - INFO - --- training epoch 56, loss 14.7021, mae 15.1944, rmse 19.5994, time elapsed(min) 0.01---
2026-09-30 22:37:38,911 - INFO - --- validation at epoch 56, val_loss 14.2985, val_mae 14.6610, val_rmse 19.2213, val_r2 0.4858, val_pearson 0.6990, lr 3.00e-04 ---
2026-09-30 22:37:38,912 - INFO - 
****************************************************************************************************
2026-09-30 22:37:40,289 - INFO - --- training epoch 57, loss 13.9059, mae 14.3955, rmse 18.6572, time elapsed(min) 0.02---
2026-09-30 22:37:40,691 - INFO - --- validation at epoch 57, val_loss 13.9494, val_mae 14.3573, val_rmse 18.5839, val_r2 0.5193, val_pearson 0.7318, lr 3.00e-04 ---
2026-09-30 22:37:40,691 - INFO - 
****************************************************************************************************
2026-09-30 22:37:41,953 - INFO - --- training epoch 58, loss 13.9663, mae 14.4568, rmse 18.5796, time elapsed(min) 0.01---
2026-09-30 22:37:42,118 - INFO - --- validation at epoch 58, val_loss 13.8524, val_mae 13.8620, val_rmse 17.9534, val_r2 0.5514, val_pearson 0.7460, lr 3.00e-04 ---
2026-09-30 22:37:42,118 - INFO - 
****************************************************************************************************
2026-09-30 22:37:43,252 - INFO - --- training epoch 59, loss 13.9893, mae 14.4810, rmse 18.5744, time elapsed(min) 0.01---
2026-09-30 22:37:43,409 - INFO - --- validation at epoch 59, val_loss 14.1916, val_mae 14.3883, val_rmse 18.3616, val_r2 0.5307, val_pearson 0.7434, lr 3.00e-04 ---
2026-09-30 22:37:43,409 - INFO - 
****************************************************************************************************
2026-09-30 22:37:44,597 - INFO - --- training epoch 60, loss 13.5549, mae 14.0466, rmse 18.1706, time elapsed(min) 0.01---
2026-09-30 22:37:44,776 - INFO - --- validation at epoch 60, val_loss 13.0817, val_mae 13.3968, val_rmse 17.5401, val_r2 0.5718, val_pearson 0.7592, lr 3.00e-04 ---
2026-09-30 22:37:44,776 - INFO - 
****************************************************************************************************
2026-09-30 22:37:46,111 - INFO - --- training epoch 61, loss 13.2238, mae 13.7159, rmse 17.9012, time elapsed(min) 0.01---
2026-09-30 22:37:46,291 - INFO - --- validation at epoch 61, val_loss 12.5379, val_mae 13.1569, val_rmse 17.3384, val_r2 0.5816, val_pearson 0.7639, lr 3.00e-04 ---
2026-09-30 22:37:46,291 - INFO - 
****************************************************************************************************
2026-09-30 22:37:47,657 - INFO - --- training epoch 62, loss 13.0904, mae 13.5788, rmse 17.9814, time elapsed(min) 0.02---
2026-09-30 22:37:48,042 - INFO - --- validation at epoch 62, val_loss 12.6114, val_mae 13.1345, val_rmse 17.5329, val_r2 0.5721, val_pearson 0.7655, lr 3.00e-04 ---
2026-09-30 22:37:48,042 - INFO - 
****************************************************************************************************
2026-09-30 22:37:49,242 - INFO - --- training epoch 63, loss 12.7804, mae 13.2687, rmse 17.5930, time elapsed(min) 0.01---
2026-09-30 22:37:49,404 - INFO - --- validation at epoch 63, val_loss 12.1621, val_mae 12.8218, val_rmse 17.4504, val_r2 0.5762, val_pearson 0.7662, lr 3.00e-04 ---
2026-09-30 22:37:49,404 - INFO - 
****************************************************************************************************
2026-09-30 22:37:50,547 - INFO - --- training epoch 64, loss 12.7179, mae 13.2075, rmse 17.4301, time elapsed(min) 0.01---
2026-09-30 22:37:50,714 - INFO - --- validation at epoch 64, val_loss 11.9796, val_mae 12.4591, val_rmse 16.6324, val_r2 0.6150, val_pearson 0.7859, lr 3.00e-04 ---
2026-09-30 22:37:50,714 - INFO - 
****************************************************************************************************
2026-09-30 22:37:52,035 - INFO - --- training epoch 65, loss 12.3769, mae 12.8670, rmse 17.0388, time elapsed(min) 0.01---
2026-09-30 22:37:52,210 - INFO - --- validation at epoch 65, val_loss 11.7552, val_mae 12.3804, val_rmse 16.8802, val_r2 0.6034, val_pearson 0.7824, lr 3.00e-04 ---
2026-09-30 22:37:52,210 - INFO - 
****************************************************************************************************
2026-09-30 22:37:53,667 - INFO - --- training epoch 66, loss 12.5931, mae 13.0816, rmse 17.2219, time elapsed(min) 0.02---
2026-09-30 22:37:53,838 - INFO - --- validation at epoch 66, val_loss 12.0017, val_mae 12.5548, val_rmse 16.4023, val_r2 0.6255, val_pearson 0.7952, lr 3.00e-04 ---
2026-09-30 22:37:53,838 - INFO - 
****************************************************************************************************
2026-09-30 22:37:55,233 - INFO - --- training epoch 67, loss 12.0630, mae 12.5533, rmse 16.6555, time elapsed(min) 0.02---
2026-09-30 22:37:55,405 - INFO - --- validation at epoch 67, val_loss 11.5521, val_mae 11.9259, val_rmse 16.0622, val_r2 0.6409, val_pearson 0.8040, lr 3.00e-04 ---
2026-09-30 22:37:55,405 - INFO - 
****************************************************************************************************
2026-09-30 22:37:56,914 - INFO - --- training epoch 68, loss 12.1409, mae 12.6305, rmse 16.8169, time elapsed(min) 0.02---
2026-09-30 22:37:57,092 - INFO - --- validation at epoch 68, val_loss 11.7891, val_mae 12.4269, val_rmse 16.6844, val_r2 0.6126, val_pearson 0.7919, lr 3.00e-04 ---
2026-09-30 22:37:57,092 - INFO - 
****************************************************************************************************
2026-09-30 22:37:58,151 - INFO - --- training epoch 69, loss 12.3493, mae 12.8397, rmse 16.9106, time elapsed(min) 0.01---
2026-09-30 22:37:58,329 - INFO - --- validation at epoch 69, val_loss 11.3206, val_mae 11.8543, val_rmse 15.7277, val_r2 0.6557, val_pearson 0.8158, lr 3.00e-04 ---
2026-09-30 22:37:58,329 - INFO - 
****************************************************************************************************
2026-09-30 22:37:59,611 - INFO - --- training epoch 70, loss 12.1628, mae 12.6518, rmse 16.7205, time elapsed(min) 0.01---
2026-09-30 22:37:59,786 - INFO - --- validation at epoch 70, val_loss 12.8027, val_mae 12.5952, val_rmse 16.4712, val_r2 0.6224, val_pearson 0.8140, lr 3.00e-04 ---
2026-09-30 22:37:59,786 - INFO - 
****************************************************************************************************
2026-09-30 22:38:01,186 - INFO - --- training epoch 71, loss 11.8176, mae 12.3079, rmse 16.2936, time elapsed(min) 0.02---
2026-09-30 22:38:01,358 - INFO - --- validation at epoch 71, val_loss 11.1468, val_mae 11.6621, val_rmse 15.8096, val_r2 0.6521, val_pearson 0.8129, lr 3.00e-04 ---
2026-09-30 22:38:01,358 - INFO - 
****************************************************************************************************
2026-09-30 22:38:02,836 - INFO - --- training epoch 72, loss 11.6282, mae 12.1167, rmse 16.3592, time elapsed(min) 0.02---
2026-09-30 22:38:03,009 - INFO - --- validation at epoch 72, val_loss 11.2364, val_mae 11.6451, val_rmse 15.8647, val_r2 0.6497, val_pearson 0.8136, lr 3.00e-04 ---
2026-09-30 22:38:03,010 - INFO - 
****************************************************************************************************
2026-09-30 22:38:04,437 - INFO - --- training epoch 73, loss 11.8439, mae 12.3329, rmse 16.4360, time elapsed(min) 0.02---
2026-09-30 22:38:04,603 - INFO - --- validation at epoch 73, val_loss 11.3128, val_mae 11.7401, val_rmse 15.6085, val_r2 0.6609, val_pearson 0.8206, lr 3.00e-04 ---
2026-09-30 22:38:04,603 - INFO - 
****************************************************************************************************
2026-09-30 22:38:05,670 - INFO - --- training epoch 74, loss 11.3673, mae 11.8560, rmse 15.8115, time elapsed(min) 0.01---
2026-09-30 22:38:05,838 - INFO - --- validation at epoch 74, val_loss 10.3366, val_mae 10.9291, val_rmse 14.9549, val_r2 0.6887, val_pearson 0.8308, lr 3.00e-04 ---
2026-09-30 22:38:05,838 - INFO - 
****************************************************************************************************
2026-09-30 22:38:07,118 - INFO - --- training epoch 75, loss 11.4047, mae 11.8937, rmse 15.9754, time elapsed(min) 0.01---
2026-09-30 22:38:07,284 - INFO - --- validation at epoch 75, val_loss 10.8441, val_mae 11.0080, val_rmse 14.8518, val_r2 0.6930, val_pearson 0.8331, lr 3.00e-04 ---
2026-09-30 22:38:07,284 - INFO - 
****************************************************************************************************
2026-09-30 22:38:08,532 - INFO - --- training epoch 76, loss 11.0936, mae 11.5832, rmse 15.5728, time elapsed(min) 0.01---
2026-09-30 22:38:08,704 - INFO - --- validation at epoch 76, val_loss 10.5016, val_mae 10.8309, val_rmse 14.5129, val_r2 0.7068, val_pearson 0.8408, lr 3.00e-04 ---
2026-09-30 22:38:08,704 - INFO - 
****************************************************************************************************
2026-09-30 22:38:09,970 - INFO - --- training epoch 77, loss 11.0743, mae 11.5639, rmse 15.3255, time elapsed(min) 0.01---
2026-09-30 22:38:10,143 - INFO - --- validation at epoch 77, val_loss 9.9790, val_mae 10.7875, val_rmse 14.8493, val_r2 0.6931, val_pearson 0.8371, lr 3.00e-04 ---
2026-09-30 22:38:10,143 - INFO - 
****************************************************************************************************
2026-09-30 22:38:11,650 - INFO - --- training epoch 78, loss 10.7298, mae 11.2180, rmse 15.0931, time elapsed(min) 0.02---
2026-09-30 22:38:11,821 - INFO - --- validation at epoch 78, val_loss 10.5062, val_mae 10.7640, val_rmse 14.4694, val_r2 0.7086, val_pearson 0.8488, lr 3.00e-04 ---
2026-09-30 22:38:11,821 - INFO - 
****************************************************************************************************
2026-09-30 22:38:12,883 - INFO - --- training epoch 79, loss 10.8091, mae 11.2994, rmse 15.1871, time elapsed(min) 0.01---
2026-09-30 22:38:13,049 - INFO - --- validation at epoch 79, val_loss 10.1646, val_mae 10.6575, val_rmse 14.0512, val_r2 0.7252, val_pearson 0.8518, lr 3.00e-04 ---
2026-09-30 22:38:13,049 - INFO - 
****************************************************************************************************
2026-09-30 22:38:14,256 - INFO - --- training epoch 80, loss 10.6511, mae 11.1397, rmse 15.0212, time elapsed(min) 0.01---
2026-09-30 22:38:14,427 - INFO - --- validation at epoch 80, val_loss 10.3634, val_mae 10.7755, val_rmse 14.3724, val_r2 0.7125, val_pearson 0.8463, lr 3.00e-04 ---
2026-09-30 22:38:14,427 - INFO - 
****************************************************************************************************
2026-09-30 22:38:15,794 - INFO - --- training epoch 81, loss 10.8031, mae 11.2946, rmse 15.2026, time elapsed(min) 0.02---
2026-09-30 22:38:15,961 - INFO - --- validation at epoch 81, val_loss 10.6151, val_mae 10.5103, val_rmse 14.1990, val_r2 0.7194, val_pearson 0.8544, lr 3.00e-04 ---
2026-09-30 22:38:15,961 - INFO - 
****************************************************************************************************
2026-09-30 22:38:17,230 - INFO - --- training epoch 82, loss 10.5195, mae 11.0064, rmse 14.8730, time elapsed(min) 0.01---
2026-09-30 22:38:17,396 - INFO - --- validation at epoch 82, val_loss 10.2799, val_mae 10.9294, val_rmse 14.7078, val_r2 0.6989, val_pearson 0.8467, lr 3.00e-04 ---
2026-09-30 22:38:17,396 - INFO - 
****************************************************************************************************
2026-09-30 22:38:18,825 - INFO - --- training epoch 83, loss 10.4597, mae 10.9489, rmse 14.9159, time elapsed(min) 0.02---
2026-09-30 22:38:18,997 - INFO - --- validation at epoch 83, val_loss 9.7804, val_mae 10.0806, val_rmse 13.8744, val_r2 0.7321, val_pearson 0.8632, lr 3.00e-04 ---
2026-09-30 22:38:18,998 - INFO - 
****************************************************************************************************
2026-09-30 22:38:20,147 - INFO - --- training epoch 84, loss 10.6829, mae 11.1728, rmse 15.0098, time elapsed(min) 0.01---
2026-09-30 22:38:20,321 - INFO - --- validation at epoch 84, val_loss 9.6970, val_mae 10.2349, val_rmse 13.7440, val_r2 0.7371, val_pearson 0.8589, lr 3.00e-04 ---
2026-09-30 22:38:20,322 - INFO - 
****************************************************************************************************
2026-09-30 22:38:21,465 - INFO - --- training epoch 85, loss 10.2100, mae 10.6990, rmse 14.7367, time elapsed(min) 0.01---
2026-09-30 22:38:21,639 - INFO - --- validation at epoch 85, val_loss 9.7546, val_mae 10.1204, val_rmse 14.0235, val_r2 0.7263, val_pearson 0.8539, lr 3.00e-04 ---
2026-09-30 22:38:21,639 - INFO - 
****************************************************************************************************
2026-09-30 22:38:23,008 - INFO - --- training epoch 86, loss 10.6846, mae 11.1728, rmse 15.1912, time elapsed(min) 0.02---
2026-09-30 22:38:23,174 - INFO - --- validation at epoch 86, val_loss 10.3246, val_mae 10.7095, val_rmse 14.6267, val_r2 0.7022, val_pearson 0.8437, lr 3.00e-04 ---
2026-09-30 22:38:23,174 - INFO - 
****************************************************************************************************
2026-09-30 22:38:24,574 - INFO - --- training epoch 87, loss 11.0012, mae 11.4898, rmse 15.5680, time elapsed(min) 0.02---
2026-09-30 22:38:24,749 - INFO - --- validation at epoch 87, val_loss 10.6581, val_mae 10.9724, val_rmse 14.4955, val_r2 0.7075, val_pearson 0.8416, lr 3.00e-04 ---
2026-09-30 22:38:24,749 - INFO - 
****************************************************************************************************
2026-09-30 22:38:26,163 - INFO - --- training epoch 88, loss 10.6687, mae 11.1579, rmse 15.1306, time elapsed(min) 0.02---
2026-09-30 22:38:26,337 - INFO - --- validation at epoch 88, val_loss 10.2955, val_mae 10.3176, val_rmse 14.0811, val_r2 0.7240, val_pearson 0.8613, lr 3.00e-04 ---
2026-09-30 22:38:26,337 - INFO - 
****************************************************************************************************
2026-09-30 22:38:27,418 - INFO - --- training epoch 89, loss 10.5683, mae 11.0558, rmse 15.1438, time elapsed(min) 0.01---
2026-09-30 22:38:27,589 - INFO - --- validation at epoch 89, val_loss 10.0435, val_mae 10.4317, val_rmse 13.8857, val_r2 0.7316, val_pearson 0.8581, lr 3.00e-04 ---
2026-09-30 22:38:27,589 - INFO - 
****************************************************************************************************
2026-09-30 22:38:28,660 - INFO - --- training epoch 90, loss 10.9888, mae 11.4788, rmse 15.6192, time elapsed(min) 0.01---
2026-09-30 22:38:28,820 - INFO - --- validation at epoch 90, val_loss 10.2782, val_mae 11.3346, val_rmse 15.5801, val_r2 0.6621, val_pearson 0.8152, lr 3.00e-04 ---
2026-09-30 22:38:28,820 - INFO - 
****************************************************************************************************
2026-09-30 22:38:30,077 - INFO - --- training epoch 91, loss 11.1599, mae 11.6503, rmse 15.6119, time elapsed(min) 0.01---
2026-09-30 22:38:30,243 - INFO - --- validation at epoch 91, val_loss 10.7812, val_mae 11.3872, val_rmse 14.8156, val_r2 0.6945, val_pearson 0.8342, lr 3.00e-04 ---
2026-09-30 22:38:30,243 - INFO - 
****************************************************************************************************
2026-09-30 22:38:31,507 - INFO - --- training epoch 92, loss 10.7893, mae 11.2765, rmse 15.4310, time elapsed(min) 0.01---
2026-09-30 22:38:31,678 - INFO - --- validation at epoch 92, val_loss 9.9458, val_mae 10.7881, val_rmse 15.1916, val_r2 0.6788, val_pearson 0.8351, lr 3.00e-04 ---
2026-09-30 22:38:31,679 - INFO - 
****************************************************************************************************
2026-09-30 22:38:33,089 - INFO - --- training epoch 93, loss 11.0302, mae 11.5210, rmse 15.5493, time elapsed(min) 0.02---
2026-09-30 22:38:33,260 - INFO - --- validation at epoch 93, val_loss 12.6541, val_mae 13.7931, val_rmse 18.5481, val_r2 0.5212, val_pearson 0.7794, lr 3.00e-04 ---
2026-09-30 22:38:33,260 - INFO - 
****************************************************************************************************
2026-09-30 22:38:34,302 - INFO - --- training epoch 94, loss 12.8668, mae 13.3576, rmse 17.4186, time elapsed(min) 0.01---
2026-09-30 22:38:34,467 - INFO - --- validation at epoch 94, val_loss 11.5153, val_mae 12.4803, val_rmse 16.7493, val_r2 0.6095, val_pearson 0.7831, lr 3.00e-04 ---
2026-09-30 22:38:34,467 - INFO - 
****************************************************************************************************
2026-09-30 22:38:35,666 - INFO - --- training epoch 95, loss 11.3880, mae 11.8769, rmse 16.0843, time elapsed(min) 0.01---
2026-09-30 22:38:35,835 - INFO - --- validation at epoch 95, val_loss 10.7952, val_mae 11.4121, val_rmse 15.6613, val_r2 0.6586, val_pearson 0.8202, lr 3.00e-04 ---
2026-09-30 22:38:35,835 - INFO - 
****************************************************************************************************
2026-09-30 22:38:37,099 - INFO - --- training epoch 96, loss 10.9752, mae 11.4627, rmse 15.4514, time elapsed(min) 0.01---
2026-09-30 22:38:37,270 - INFO - --- validation at epoch 96, val_loss 11.0907, val_mae 11.3391, val_rmse 15.4805, val_r2 0.6664, val_pearson 0.8306, lr 9.00e-05 ---
2026-09-30 22:38:37,270 - INFO - 
****************************************************************************************************
2026-09-30 22:38:38,539 - INFO - --- training epoch 97, loss 10.7549, mae 11.2439, rmse 15.2568, time elapsed(min) 0.01---
2026-09-30 22:38:38,705 - INFO - --- validation at epoch 97, val_loss 10.6918, val_mae 11.0249, val_rmse 14.9812, val_r2 0.6876, val_pearson 0.8369, lr 9.00e-05 ---
2026-09-30 22:38:38,705 - INFO - 
****************************************************************************************************
2026-09-30 22:38:40,164 - INFO - --- training epoch 98, loss 10.5919, mae 11.0791, rmse 15.0811, time elapsed(min) 0.02---
2026-09-30 22:38:40,326 - INFO - --- validation at epoch 98, val_loss 10.6170, val_mae 10.9551, val_rmse 14.8374, val_r2 0.6936, val_pearson 0.8445, lr 9.00e-05 ---
2026-09-30 22:38:40,326 - INFO - 
****************************************************************************************************
2026-09-30 22:38:41,365 - INFO - --- training epoch 99, loss 10.4636, mae 10.9497, rmse 14.8775, time elapsed(min) 0.01---
2026-09-30 22:38:41,547 - INFO - --- validation at epoch 99, val_loss 10.5976, val_mae 10.9461, val_rmse 14.9557, val_r2 0.6887, val_pearson 0.8433, lr 9.00e-05 ---
2026-09-30 22:38:41,547 - INFO - 
****************************************************************************************************
2026-09-30 22:38:42,607 - INFO - --- training epoch 100, loss 10.2934, mae 10.7818, rmse 14.7827, time elapsed(min) 0.01---
2026-09-30 22:38:42,774 - INFO - --- validation at epoch 100, val_loss 10.3202, val_mae 10.7534, val_rmse 14.6259, val_r2 0.7023, val_pearson 0.8438, lr 9.00e-05 ---
2026-09-30 22:38:42,774 - INFO - 
****************************************************************************************************
2026-09-30 22:38:44,144 - INFO - --- training epoch 101, loss 10.1931, mae 10.6812, rmse 14.6377, time elapsed(min) 0.02---
2026-09-30 22:38:44,320 - INFO - --- validation at epoch 101, val_loss 9.8870, val_mae 10.4120, val_rmse 14.1319, val_r2 0.7220, val_pearson 0.8520, lr 9.00e-05 ---
2026-09-30 22:38:44,320 - INFO - 
****************************************************************************************************
2026-09-30 22:38:45,575 - INFO - --- training epoch 102, loss 10.1661, mae 10.6543, rmse 14.5015, time elapsed(min) 0.01---
2026-09-30 22:38:45,747 - INFO - --- validation at epoch 102, val_loss 9.4729, val_mae 10.0013, val_rmse 13.8518, val_r2 0.7329, val_pearson 0.8608, lr 9.00e-05 ---
2026-09-30 22:38:45,747 - INFO - 
****************************************************************************************************
2026-09-30 22:38:47,120 - INFO - --- training epoch 103, loss 10.1354, mae 10.6235, rmse 14.5059, time elapsed(min) 0.02---
2026-09-30 22:38:47,499 - INFO - --- validation at epoch 103, val_loss 9.7283, val_mae 10.1705, val_rmse 13.9816, val_r2 0.7279, val_pearson 0.8606, lr 9.00e-05 ---
2026-09-30 22:38:47,499 - INFO - 
****************************************************************************************************
2026-09-30 22:38:48,705 - INFO - --- training epoch 104, loss 10.1593, mae 10.6469, rmse 14.5361, time elapsed(min) 0.01---
2026-09-30 22:38:48,884 - INFO - --- validation at epoch 104, val_loss 10.2232, val_mae 10.6730, val_rmse 14.2136, val_r2 0.7188, val_pearson 0.8536, lr 9.00e-05 ---
2026-09-30 22:38:48,885 - INFO - 
****************************************************************************************************
2026-09-30 22:38:49,932 - INFO - --- training epoch 105, loss 10.0844, mae 10.5710, rmse 14.4126, time elapsed(min) 0.01---
2026-09-30 22:38:50,093 - INFO - --- validation at epoch 105, val_loss 9.5478, val_mae 10.0285, val_rmse 13.5383, val_r2 0.7449, val_pearson 0.8637, lr 9.00e-05 ---
2026-09-30 22:38:50,093 - INFO - 
****************************************************************************************************
2026-09-30 22:38:51,321 - INFO - --- training epoch 106, loss 10.0367, mae 10.5245, rmse 14.4072, time elapsed(min) 0.01---
2026-09-30 22:38:51,485 - INFO - --- validation at epoch 106, val_loss 9.4301, val_mae 10.1611, val_rmse 13.7046, val_r2 0.7386, val_pearson 0.8600, lr 9.00e-05 ---
2026-09-30 22:38:51,485 - INFO - 
****************************************************************************************************
2026-09-30 22:38:52,817 - INFO - --- training epoch 107, loss 9.8954, mae 10.3814, rmse 14.3348, time elapsed(min) 0.01---
2026-09-30 22:38:52,997 - INFO - --- validation at epoch 107, val_loss 9.0820, val_mae 9.8723, val_rmse 13.4855, val_r2 0.7469, val_pearson 0.8650, lr 9.00e-05 ---
2026-09-30 22:38:52,997 - INFO - 
****************************************************************************************************
2026-09-30 22:38:54,495 - INFO - --- training epoch 108, loss 9.7479, mae 10.2351, rmse 14.1061, time elapsed(min) 0.02---
2026-09-30 22:38:54,646 - INFO - --- validation at epoch 108, val_loss 9.3014, val_mae 10.0232, val_rmse 13.7116, val_r2 0.7383, val_pearson 0.8594, lr 9.00e-05 ---
2026-09-30 22:38:54,647 - INFO - 
****************************************************************************************************
2026-09-30 22:38:55,691 - INFO - --- training epoch 109, loss 9.8271, mae 10.3138, rmse 14.2248, time elapsed(min) 0.01---
2026-09-30 22:38:55,857 - INFO - --- validation at epoch 109, val_loss 9.2437, val_mae 9.8558, val_rmse 13.5169, val_r2 0.7457, val_pearson 0.8669, lr 9.00e-05 ---
2026-09-30 22:38:55,857 - INFO - 
****************************************************************************************************
2026-09-30 22:38:56,893 - INFO - --- training epoch 110, loss 9.6731, mae 10.1598, rmse 13.8519, time elapsed(min) 0.01---
2026-09-30 22:38:57,066 - INFO - --- validation at epoch 110, val_loss 8.9680, val_mae 9.6663, val_rmse 13.4638, val_r2 0.7477, val_pearson 0.8667, lr 9.00e-05 ---
2026-09-30 22:38:57,066 - INFO - 
****************************************************************************************************
2026-09-30 22:38:58,401 - INFO - --- training epoch 111, loss 9.6399, mae 10.1269, rmse 14.0047, time elapsed(min) 0.01---
2026-09-30 22:38:58,573 - INFO - --- validation at epoch 111, val_loss 9.2460, val_mae 9.7722, val_rmse 13.5601, val_r2 0.7441, val_pearson 0.8680, lr 9.00e-05 ---
2026-09-30 22:38:58,573 - INFO - 
****************************************************************************************************
2026-09-30 22:38:59,828 - INFO - --- training epoch 112, loss 9.5172, mae 10.0043, rmse 13.7592, time elapsed(min) 0.01---
2026-09-30 22:39:00,004 - INFO - --- validation at epoch 112, val_loss 8.9987, val_mae 9.7399, val_rmse 13.4913, val_r2 0.7467, val_pearson 0.8663, lr 9.00e-05 ---
2026-09-30 22:39:00,004 - INFO - 
****************************************************************************************************
2026-09-30 22:39:01,313 - INFO - --- training epoch 113, loss 9.5506, mae 10.0370, rmse 13.8784, time elapsed(min) 0.02---
2026-09-30 22:39:01,695 - INFO - --- validation at epoch 113, val_loss 8.7343, val_mae 9.6719, val_rmse 13.2667, val_r2 0.7550, val_pearson 0.8694, lr 9.00e-05 ---
2026-09-30 22:39:01,695 - INFO - 
****************************************************************************************************
2026-09-30 22:39:02,984 - INFO - --- training epoch 114, loss 9.4859, mae 9.9724, rmse 14.0352, time elapsed(min) 0.01---
2026-09-30 22:39:03,164 - INFO - --- validation at epoch 114, val_loss 9.0790, val_mae 9.8614, val_rmse 13.4737, val_r2 0.7473, val_pearson 0.8663, lr 9.00e-05 ---
2026-09-30 22:39:03,164 - INFO - 
****************************************************************************************************
2026-09-30 22:39:04,233 - INFO - --- training epoch 115, loss 9.4840, mae 9.9718, rmse 13.8612, time elapsed(min) 0.01---
2026-09-30 22:39:04,397 - INFO - --- validation at epoch 115, val_loss 9.0695, val_mae 9.8454, val_rmse 13.4185, val_r2 0.7494, val_pearson 0.8667, lr 9.00e-05 ---
2026-09-30 22:39:04,398 - INFO - 
****************************************************************************************************
2026-09-30 22:39:05,668 - INFO - --- training epoch 116, loss 9.5482, mae 10.0349, rmse 13.9413, time elapsed(min) 0.01---
2026-09-30 22:39:05,836 - INFO - --- validation at epoch 116, val_loss 9.0111, val_mae 9.7065, val_rmse 13.3148, val_r2 0.7532, val_pearson 0.8681, lr 9.00e-05 ---
2026-09-30 22:39:05,836 - INFO - 
****************************************************************************************************
2026-09-30 22:39:07,122 - INFO - --- training epoch 117, loss 9.5580, mae 10.0450, rmse 14.0050, time elapsed(min) 0.01---
2026-09-30 22:39:07,305 - INFO - --- validation at epoch 117, val_loss 8.8385, val_mae 9.7331, val_rmse 13.3131, val_r2 0.7533, val_pearson 0.8680, lr 9.00e-05 ---
2026-09-30 22:39:07,305 - INFO - 
****************************************************************************************************
2026-09-30 22:39:08,597 - INFO - --- training epoch 118, loss 9.4728, mae 9.9594, rmse 13.8041, time elapsed(min) 0.01---
2026-09-30 22:39:08,980 - INFO - --- validation at epoch 118, val_loss 8.8892, val_mae 9.7421, val_rmse 13.3767, val_r2 0.7509, val_pearson 0.8667, lr 9.00e-05 ---
2026-09-30 22:39:08,980 - INFO - 
****************************************************************************************************
2026-09-30 22:39:10,228 - INFO - --- training epoch 119, loss 9.4927, mae 9.9803, rmse 13.8485, time elapsed(min) 0.01---
2026-09-30 22:39:10,396 - INFO - --- validation at epoch 119, val_loss 9.1198, val_mae 9.8250, val_rmse 13.4333, val_r2 0.7488, val_pearson 0.8664, lr 9.00e-05 ---
2026-09-30 22:39:10,397 - INFO - 
****************************************************************************************************
2026-09-30 22:39:11,501 - INFO - --- training epoch 120, loss 9.3491, mae 9.8366, rmse 13.6617, time elapsed(min) 0.01---
2026-09-30 22:39:11,675 - INFO - --- validation at epoch 120, val_loss 8.9816, val_mae 9.6701, val_rmse 13.3594, val_r2 0.7516, val_pearson 0.8685, lr 9.00e-05 ---
2026-09-30 22:39:11,676 - INFO - 
****************************************************************************************************
2026-09-30 22:39:12,960 - INFO - --- training epoch 121, loss 9.3399, mae 9.8267, rmse 13.7156, time elapsed(min) 0.01---
2026-09-30 22:39:13,133 - INFO - --- validation at epoch 121, val_loss 9.0590, val_mae 9.7252, val_rmse 13.4660, val_r2 0.7476, val_pearson 0.8663, lr 9.00e-05 ---
2026-09-30 22:39:13,133 - INFO - 
****************************************************************************************************
2026-09-30 22:39:14,415 - INFO - --- training epoch 122, loss 9.1985, mae 9.6827, rmse 13.5804, time elapsed(min) 0.01---
2026-09-30 22:39:14,594 - INFO - --- validation at epoch 122, val_loss 9.0564, val_mae 9.8112, val_rmse 13.4034, val_r2 0.7500, val_pearson 0.8669, lr 9.00e-05 ---
2026-09-30 22:39:14,594 - INFO - 
****************************************************************************************************
2026-09-30 22:39:15,901 - INFO - --- training epoch 123, loss 9.4481, mae 9.9337, rmse 13.7628, time elapsed(min) 0.02---
2026-09-30 22:39:16,071 - INFO - --- validation at epoch 123, val_loss 8.6514, val_mae 9.6095, val_rmse 13.3429, val_r2 0.7522, val_pearson 0.8685, lr 9.00e-05 ---
2026-09-30 22:39:16,071 - INFO - 
****************************************************************************************************
2026-09-30 22:39:17,381 - INFO - --- training epoch 124, loss 9.3660, mae 9.8510, rmse 13.7876, time elapsed(min) 0.01---
2026-09-30 22:39:17,552 - INFO - --- validation at epoch 124, val_loss 9.0629, val_mae 9.7299, val_rmse 13.3862, val_r2 0.7506, val_pearson 0.8680, lr 9.00e-05 ---
2026-09-30 22:39:17,552 - INFO - 
****************************************************************************************************
2026-09-30 22:39:18,622 - INFO - --- training epoch 125, loss 9.4401, mae 9.9252, rmse 13.8700, time elapsed(min) 0.01---
2026-09-30 22:39:18,787 - INFO - --- validation at epoch 125, val_loss 8.8458, val_mae 9.4540, val_rmse 13.1581, val_r2 0.7590, val_pearson 0.8739, lr 9.00e-05 ---
2026-09-30 22:39:18,787 - INFO - 
****************************************************************************************************
2026-09-30 22:39:20,039 - INFO - --- training epoch 126, loss 9.3366, mae 9.8227, rmse 13.7750, time elapsed(min) 0.01---
2026-09-30 22:39:20,209 - INFO - --- validation at epoch 126, val_loss 8.4229, val_mae 9.3983, val_rmse 13.1877, val_r2 0.7579, val_pearson 0.8730, lr 9.00e-05 ---
2026-09-30 22:39:20,209 - INFO - 
****************************************************************************************************
2026-09-30 22:39:21,684 - INFO - --- training epoch 127, loss 9.1413, mae 9.6276, rmse 13.5258, time elapsed(min) 0.02---
2026-09-30 22:39:21,861 - INFO - --- validation at epoch 127, val_loss 8.6392, val_mae 9.4095, val_rmse 13.3779, val_r2 0.7509, val_pearson 0.8705, lr 9.00e-05 ---
2026-09-30 22:39:21,861 - INFO - 
****************************************************************************************************
2026-09-30 22:39:23,157 - INFO - --- training epoch 128, loss 9.2165, mae 9.7001, rmse 13.6363, time elapsed(min) 0.02---
2026-09-30 22:39:23,325 - INFO - --- validation at epoch 128, val_loss 8.5600, val_mae 9.3023, val_rmse 13.1104, val_r2 0.7608, val_pearson 0.8734, lr 9.00e-05 ---
2026-09-30 22:39:23,325 - INFO - 
****************************************************************************************************
2026-09-30 22:39:24,565 - INFO - --- training epoch 129, loss 9.2474, mae 9.7319, rmse 13.6517, time elapsed(min) 0.01---
2026-09-30 22:39:24,738 - INFO - --- validation at epoch 129, val_loss 8.5109, val_mae 9.1354, val_rmse 12.9128, val_r2 0.7679, val_pearson 0.8777, lr 9.00e-05 ---
2026-09-30 22:39:24,738 - INFO - 
****************************************************************************************************
2026-09-30 22:39:25,803 - INFO - --- training epoch 130, loss 9.2047, mae 9.6897, rmse 13.7303, time elapsed(min) 0.01---
2026-09-30 22:39:25,974 - INFO - --- validation at epoch 130, val_loss 8.6015, val_mae 9.3136, val_rmse 13.0040, val_r2 0.7646, val_pearson 0.8771, lr 9.00e-05 ---
2026-09-30 22:39:25,974 - INFO - 
****************************************************************************************************
2026-09-30 22:39:27,207 - INFO - --- training epoch 131, loss 9.4188, mae 9.9072, rmse 13.7649, time elapsed(min) 0.01---
2026-09-30 22:39:27,380 - INFO - --- validation at epoch 131, val_loss 8.7653, val_mae 9.4125, val_rmse 13.1934, val_r2 0.7577, val_pearson 0.8742, lr 9.00e-05 ---
2026-09-30 22:39:27,380 - INFO - 
****************************************************************************************************
2026-09-30 22:39:28,782 - INFO - --- training epoch 132, loss 9.3139, mae 9.8015, rmse 13.7271, time elapsed(min) 0.02---
2026-09-30 22:39:28,962 - INFO - --- validation at epoch 132, val_loss 8.8075, val_mae 9.3787, val_rmse 13.0798, val_r2 0.7619, val_pearson 0.8762, lr 9.00e-05 ---
2026-09-30 22:39:28,963 - INFO - 
****************************************************************************************************
2026-09-30 22:39:30,250 - INFO - --- training epoch 133, loss 9.2526, mae 9.7405, rmse 13.5525, time elapsed(min) 0.01---
2026-09-30 22:39:30,419 - INFO - --- validation at epoch 133, val_loss 8.4792, val_mae 9.3265, val_rmse 13.0513, val_r2 0.7629, val_pearson 0.8747, lr 9.00e-05 ---
2026-09-30 22:39:30,419 - INFO - 
****************************************************************************************************
2026-09-30 22:39:31,888 - INFO - --- training epoch 134, loss 9.0408, mae 9.5262, rmse 13.4707, time elapsed(min) 0.02---
2026-09-30 22:39:32,071 - INFO - --- validation at epoch 134, val_loss 8.2591, val_mae 9.0736, val_rmse 12.8533, val_r2 0.7701, val_pearson 0.8779, lr 9.00e-05 ---
2026-09-30 22:39:32,071 - INFO - 
****************************************************************************************************
2026-09-30 22:39:33,230 - INFO - --- training epoch 135, loss 9.0833, mae 9.5675, rmse 13.5086, time elapsed(min) 0.01---
2026-09-30 22:39:33,412 - INFO - --- validation at epoch 135, val_loss 8.3636, val_mae 9.0491, val_rmse 12.7279, val_r2 0.7745, val_pearson 0.8804, lr 9.00e-05 ---
2026-09-30 22:39:33,413 - INFO - 
****************************************************************************************************
2026-09-30 22:39:34,655 - INFO - --- training epoch 136, loss 8.9601, mae 9.4462, rmse 13.3097, time elapsed(min) 0.01---
2026-09-30 22:39:34,832 - INFO - --- validation at epoch 136, val_loss 8.5072, val_mae 9.1228, val_rmse 12.7940, val_r2 0.7722, val_pearson 0.8798, lr 9.00e-05 ---
2026-09-30 22:39:34,832 - INFO - 
****************************************************************************************************
2026-09-30 22:39:36,108 - INFO - --- training epoch 137, loss 9.0198, mae 9.5067, rmse 13.3797, time elapsed(min) 0.01---
2026-09-30 22:39:36,282 - INFO - --- validation at epoch 137, val_loss 7.9928, val_mae 8.9935, val_rmse 12.7988, val_r2 0.7720, val_pearson 0.8795, lr 9.00e-05 ---
2026-09-30 22:39:36,282 - INFO - 
****************************************************************************************************
2026-09-30 22:39:37,666 - INFO - --- training epoch 138, loss 8.7996, mae 9.2833, rmse 13.2115, time elapsed(min) 0.02---
2026-09-30 22:39:37,840 - INFO - --- validation at epoch 138, val_loss 8.3233, val_mae 9.0143, val_rmse 12.7706, val_r2 0.7730, val_pearson 0.8796, lr 9.00e-05 ---
2026-09-30 22:39:37,840 - INFO - 
****************************************************************************************************
2026-09-30 22:39:39,086 - INFO - --- training epoch 139, loss 9.2420, mae 9.7257, rmse 13.6729, time elapsed(min) 0.01---
2026-09-30 22:39:39,257 - INFO - --- validation at epoch 139, val_loss 8.2594, val_mae 8.8768, val_rmse 12.7435, val_r2 0.7740, val_pearson 0.8808, lr 9.00e-05 ---
2026-09-30 22:39:39,257 - INFO - 
****************************************************************************************************
2026-09-30 22:39:40,312 - INFO - --- training epoch 140, loss 9.0094, mae 9.4965, rmse 13.4096, time elapsed(min) 0.01---
2026-09-30 22:39:40,491 - INFO - --- validation at epoch 140, val_loss 8.1956, val_mae 8.8572, val_rmse 12.6470, val_r2 0.7774, val_pearson 0.8825, lr 9.00e-05 ---
2026-09-30 22:39:40,491 - INFO - 
****************************************************************************************************
2026-09-30 22:39:41,556 - INFO - --- training epoch 141, loss 8.9712, mae 9.4568, rmse 13.3233, time elapsed(min) 0.01---
2026-09-30 22:39:41,724 - INFO - --- validation at epoch 141, val_loss 8.1120, val_mae 8.9018, val_rmse 12.6575, val_r2 0.7770, val_pearson 0.8820, lr 9.00e-05 ---
2026-09-30 22:39:41,724 - INFO - 
****************************************************************************************************
2026-09-30 22:39:43,000 - INFO - --- training epoch 142, loss 8.8511, mae 9.3367, rmse 13.2997, time elapsed(min) 0.01---
2026-09-30 22:39:43,167 - INFO - --- validation at epoch 142, val_loss 8.3019, val_mae 9.0332, val_rmse 12.7156, val_r2 0.7750, val_pearson 0.8803, lr 9.00e-05 ---
2026-09-30 22:39:43,167 - INFO - 
****************************************************************************************************
2026-09-30 22:39:44,463 - INFO - --- training epoch 143, loss 9.0780, mae 9.5626, rmse 13.3644, time elapsed(min) 0.02---
2026-09-30 22:39:44,635 - INFO - --- validation at epoch 143, val_loss 8.3691, val_mae 9.2867, val_rmse 13.0376, val_r2 0.7634, val_pearson 0.8756, lr 9.00e-05 ---
2026-09-30 22:39:44,636 - INFO - 
****************************************************************************************************
2026-09-30 22:39:45,920 - INFO - --- training epoch 144, loss 9.3616, mae 9.8493, rmse 13.5413, time elapsed(min) 0.01---
2026-09-30 22:39:46,297 - INFO - --- validation at epoch 144, val_loss 8.4858, val_mae 9.2554, val_rmse 12.9829, val_r2 0.7654, val_pearson 0.8771, lr 9.00e-05 ---
2026-09-30 22:39:46,298 - INFO - 
****************************************************************************************************
2026-09-30 22:39:47,518 - INFO - --- training epoch 145, loss 9.1710, mae 9.6555, rmse 13.4889, time elapsed(min) 0.01---
2026-09-30 22:39:47,689 - INFO - --- validation at epoch 145, val_loss 8.4304, val_mae 9.2400, val_rmse 12.8316, val_r2 0.7708, val_pearson 0.8781, lr 9.00e-05 ---
2026-09-30 22:39:47,689 - INFO - 
****************************************************************************************************
2026-09-30 22:39:48,747 - INFO - --- training epoch 146, loss 9.0400, mae 9.5270, rmse 13.4193, time elapsed(min) 0.01---
2026-09-30 22:39:48,915 - INFO - --- validation at epoch 146, val_loss 8.4516, val_mae 9.3617, val_rmse 12.9448, val_r2 0.7668, val_pearson 0.8765, lr 9.00e-05 ---
2026-09-30 22:39:48,915 - INFO - 
****************************************************************************************************
2026-09-30 22:39:50,332 - INFO - --- training epoch 147, loss 8.9247, mae 9.4090, rmse 13.3144, time elapsed(min) 0.02---
2026-09-30 22:39:50,501 - INFO - --- validation at epoch 147, val_loss 8.2971, val_mae 9.0891, val_rmse 12.8273, val_r2 0.7710, val_pearson 0.8783, lr 9.00e-05 ---
2026-09-30 22:39:50,501 - INFO - 
****************************************************************************************************
2026-09-30 22:39:51,762 - INFO - --- training epoch 148, loss 8.9062, mae 9.3896, rmse 13.3515, time elapsed(min) 0.01---
2026-09-30 22:39:51,963 - INFO - --- validation at epoch 148, val_loss 8.4719, val_mae 9.3452, val_rmse 12.8453, val_r2 0.7703, val_pearson 0.8778, lr 9.00e-05 ---
2026-09-30 22:39:51,964 - INFO - 
****************************************************************************************************
2026-09-30 22:39:53,257 - INFO - --- training epoch 149, loss 8.9606, mae 9.4459, rmse 13.3931, time elapsed(min) 0.02---
2026-09-30 22:39:53,649 - INFO - --- validation at epoch 149, val_loss 8.3571, val_mae 9.1730, val_rmse 12.8815, val_r2 0.7690, val_pearson 0.8789, lr 2.70e-05 ---
2026-09-30 22:39:53,649 - INFO - 
****************************************************************************************************
2026-09-30 22:39:54,864 - INFO - --- training epoch 150, loss 8.8763, mae 9.3609, rmse 13.3934, time elapsed(min) 0.01---
2026-09-30 22:39:55,033 - INFO - --- validation at epoch 150, val_loss 8.2522, val_mae 9.0350, val_rmse 12.8752, val_r2 0.7693, val_pearson 0.8784, lr 2.70e-05 ---
2026-09-30 22:39:55,034 - INFO - 
****************************************************************************************************
2026-09-30 22:39:56,082 - INFO - --- training epoch 151, loss 8.7913, mae 9.2758, rmse 13.1939, time elapsed(min) 0.01---
2026-09-30 22:39:56,253 - INFO - --- validation at epoch 151, val_loss 8.3195, val_mae 9.0761, val_rmse 12.9266, val_r2 0.7674, val_pearson 0.8772, lr 2.70e-05 ---
2026-09-30 22:39:56,253 - INFO - 
****************************************************************************************************
2026-09-30 22:39:57,316 - INFO - --- training epoch 152, loss 8.7051, mae 9.1864, rmse 13.2275, time elapsed(min) 0.01---
2026-09-30 22:39:57,486 - INFO - --- validation at epoch 152, val_loss 8.4122, val_mae 9.1590, val_rmse 12.9315, val_r2 0.7672, val_pearson 0.8781, lr 2.70e-05 ---
2026-09-30 22:39:57,486 - INFO - 
****************************************************************************************************
2026-09-30 22:39:58,872 - INFO - --- training epoch 153, loss 8.7570, mae 9.2435, rmse 13.0756, time elapsed(min) 0.02---
2026-09-30 22:39:59,037 - INFO - --- validation at epoch 153, val_loss 8.2239, val_mae 9.0402, val_rmse 12.7789, val_r2 0.7727, val_pearson 0.8801, lr 2.70e-05 ---
2026-09-30 22:39:59,037 - INFO - 
****************************************************************************************************
2026-09-30 22:40:00,441 - INFO - --- training epoch 154, loss 8.5872, mae 9.0711, rmse 12.9016, time elapsed(min) 0.02---
2026-09-30 22:40:00,610 - INFO - --- validation at epoch 154, val_loss 8.2691, val_mae 9.0329, val_rmse 12.7682, val_r2 0.7731, val_pearson 0.8805, lr 2.70e-05 ---
2026-09-30 22:40:00,610 - INFO - 
****************************************************************************************************
2026-09-30 22:40:01,822 - INFO - --- training epoch 155, loss 8.8310, mae 9.3152, rmse 13.1892, time elapsed(min) 0.01---
2026-09-30 22:40:02,008 - INFO - --- validation at epoch 155, val_loss 8.1500, val_mae 8.9923, val_rmse 12.7666, val_r2 0.7731, val_pearson 0.8803, lr 2.70e-05 ---
2026-09-30 22:40:02,008 - INFO - 
****************************************************************************************************
2026-09-30 22:40:03,086 - INFO - --- training epoch 156, loss 8.6957, mae 9.1809, rmse 13.0649, time elapsed(min) 0.01---
2026-09-30 22:40:03,256 - INFO - --- validation at epoch 156, val_loss 8.1231, val_mae 8.9735, val_rmse 12.7890, val_r2 0.7724, val_pearson 0.8810, lr 2.70e-05 ---
2026-09-30 22:40:03,256 - INFO - 
****************************************************************************************************
2026-09-30 22:40:04,319 - INFO - --- training epoch 157, loss 8.6031, mae 9.0875, rmse 12.9462, time elapsed(min) 0.01---
2026-09-30 22:40:04,485 - INFO - --- validation at epoch 157, val_loss 8.0381, val_mae 8.8490, val_rmse 12.6319, val_r2 0.7779, val_pearson 0.8829, lr 2.70e-05 ---
2026-09-30 22:40:04,485 - INFO - 
****************************************************************************************************
2026-09-30 22:40:05,753 - INFO - --- training epoch 158, loss 8.6512, mae 9.1349, rmse 13.0762, time elapsed(min) 0.01---
2026-09-30 22:40:05,923 - INFO - --- validation at epoch 158, val_loss 8.1552, val_mae 8.9139, val_rmse 12.7564, val_r2 0.7735, val_pearson 0.8823, lr 2.70e-05 ---
2026-09-30 22:40:05,924 - INFO - 
****************************************************************************************************
2026-09-30 22:40:07,204 - INFO - --- training epoch 159, loss 8.7018, mae 9.1862, rmse 13.0781, time elapsed(min) 0.01---
2026-09-30 22:40:07,375 - INFO - --- validation at epoch 159, val_loss 8.2736, val_mae 9.1228, val_rmse 12.9985, val_r2 0.7648, val_pearson 0.8777, lr 2.70e-05 ---
2026-09-30 22:40:07,375 - INFO - 
****************************************************************************************************
2026-09-30 22:40:08,595 - INFO - --- training epoch 160, loss 8.6277, mae 9.1126, rmse 12.9608, time elapsed(min) 0.01---
2026-09-30 22:40:08,767 - INFO - --- validation at epoch 160, val_loss 8.1808, val_mae 9.0871, val_rmse 12.9242, val_r2 0.7675, val_pearson 0.8776, lr 8.10e-06 ---
2026-09-30 22:40:08,767 - INFO - 
****************************************************************************************************
2026-09-30 22:40:09,828 - INFO - --- training epoch 161, loss 8.8163, mae 9.2986, rmse 13.2910, time elapsed(min) 0.01---
2026-09-30 22:40:10,009 - INFO - --- validation at epoch 161, val_loss 8.1862, val_mae 9.0940, val_rmse 12.9609, val_r2 0.7662, val_pearson 0.8777, lr 8.10e-06 ---
2026-09-30 22:40:10,009 - INFO - 
****************************************************************************************************
2026-09-30 22:40:11,282 - INFO - --- training epoch 162, loss 8.5960, mae 9.0795, rmse 13.0189, time elapsed(min) 0.01---
2026-09-30 22:40:11,453 - INFO - --- validation at epoch 162, val_loss 8.1186, val_mae 9.0418, val_rmse 12.9001, val_r2 0.7684, val_pearson 0.8784, lr 8.10e-06 ---
2026-09-30 22:40:11,454 - INFO - 
****************************************************************************************************
2026-09-30 22:40:12,708 - INFO - --- training epoch 163, loss 8.7629, mae 9.2460, rmse 13.1473, time elapsed(min) 0.01---
2026-09-30 22:40:12,873 - INFO - --- validation at epoch 163, val_loss 8.0509, val_mae 8.9522, val_rmse 12.8365, val_r2 0.7707, val_pearson 0.8792, lr 8.10e-06 ---
2026-09-30 22:40:12,873 - INFO - 
****************************************************************************************************
2026-09-30 22:40:14,163 - INFO - --- training epoch 164, loss 8.6566, mae 9.1406, rmse 13.0778, time elapsed(min) 0.01---
2026-09-30 22:40:14,334 - INFO - --- validation at epoch 164, val_loss 7.9397, val_mae 8.8215, val_rmse 12.7334, val_r2 0.7743, val_pearson 0.8810, lr 8.10e-06 ---
2026-09-30 22:40:14,334 - INFO - 
****************************************************************************************************
2026-09-30 22:40:15,912 - INFO - --- training epoch 165, loss 8.5666, mae 9.0499, rmse 12.9620, time elapsed(min) 0.02---
2026-09-30 22:40:16,082 - INFO - --- validation at epoch 165, val_loss 7.9826, val_mae 8.8907, val_rmse 12.8138, val_r2 0.7715, val_pearson 0.8796, lr 8.10e-06 ---
2026-09-30 22:40:16,083 - INFO - 
****************************************************************************************************
2026-09-30 22:40:17,150 - INFO - --- training epoch 166, loss 8.7273, mae 9.2107, rmse 13.1517, time elapsed(min) 0.01---
2026-09-30 22:40:17,333 - INFO - --- validation at epoch 166, val_loss 7.9818, val_mae 8.8500, val_rmse 12.7439, val_r2 0.7740, val_pearson 0.8812, lr 8.10e-06 ---
2026-09-30 22:40:17,333 - INFO - 
****************************************************************************************************
2026-09-30 22:40:18,407 - INFO - --- training epoch 167, loss 8.5622, mae 9.0472, rmse 12.9935, time elapsed(min) 0.01---
2026-09-30 22:40:18,576 - INFO - --- validation at epoch 167, val_loss 7.9682, val_mae 8.8361, val_rmse 12.7158, val_r2 0.7750, val_pearson 0.8815, lr 8.10e-06 ---
2026-09-30 22:40:18,577 - INFO - 
****************************************************************************************************
2026-09-30 22:40:19,967 - INFO - --- training epoch 168, loss 8.6122, mae 9.0967, rmse 12.9859, time elapsed(min) 0.02---
2026-09-30 22:40:20,139 - INFO - --- validation at epoch 168, val_loss 7.9754, val_mae 8.8472, val_rmse 12.7008, val_r2 0.7755, val_pearson 0.8816, lr 8.10e-06 ---
2026-09-30 22:40:20,139 - INFO - 
****************************************************************************************************
2026-09-30 22:40:21,545 - INFO - --- training epoch 169, loss 8.7198, mae 9.2049, rmse 13.1338, time elapsed(min) 0.02---
2026-09-30 22:40:21,733 - INFO - --- validation at epoch 169, val_loss 7.9800, val_mae 8.8356, val_rmse 12.7032, val_r2 0.7754, val_pearson 0.8817, lr 8.10e-06 ---
2026-09-30 22:40:21,733 - INFO - 
****************************************************************************************************
2026-09-30 22:40:23,176 - INFO - --- training epoch 170, loss 8.7108, mae 9.1961, rmse 13.0953, time elapsed(min) 0.02---
2026-09-30 22:40:23,337 - INFO - --- validation at epoch 170, val_loss 7.9576, val_mae 8.8231, val_rmse 12.6892, val_r2 0.7759, val_pearson 0.8819, lr 8.10e-06 ---
2026-09-30 22:40:23,337 - INFO - 
****************************************************************************************************
2026-09-30 22:40:24,414 - INFO - --- training epoch 171, loss 8.7399, mae 9.2247, rmse 13.2219, time elapsed(min) 0.01---
2026-09-30 22:40:24,575 - INFO - --- validation at epoch 171, val_loss 7.9181, val_mae 8.8144, val_rmse 12.6743, val_r2 0.7764, val_pearson 0.8820, lr 8.10e-06 ---
2026-09-30 22:40:24,575 - INFO - 
****************************************************************************************************
2026-09-30 22:40:25,721 - INFO - --- training epoch 172, loss 8.6691, mae 9.1529, rmse 13.1379, time elapsed(min) 0.01---
2026-09-30 22:40:25,905 - INFO - --- validation at epoch 172, val_loss 7.9533, val_mae 8.8241, val_rmse 12.7042, val_r2 0.7754, val_pearson 0.8815, lr 8.10e-06 ---
2026-09-30 22:40:25,905 - INFO - 
****************************************************************************************************
2026-09-30 22:40:27,187 - INFO - --- training epoch 173, loss 8.4887, mae 8.9718, rmse 12.9330, time elapsed(min) 0.01---
2026-09-30 22:40:27,355 - INFO - --- validation at epoch 173, val_loss 7.9937, val_mae 8.8466, val_rmse 12.7228, val_r2 0.7747, val_pearson 0.8813, lr 8.10e-06 ---
2026-09-30 22:40:27,355 - INFO - 
****************************************************************************************************
2026-09-30 22:40:28,627 - INFO - --- training epoch 174, loss 8.6133, mae 9.0959, rmse 13.0715, time elapsed(min) 0.01---
2026-09-30 22:40:28,805 - INFO - --- validation at epoch 174, val_loss 7.9799, val_mae 8.8452, val_rmse 12.6880, val_r2 0.7759, val_pearson 0.8820, lr 8.10e-06 ---
2026-09-30 22:40:28,806 - INFO - 
****************************************************************************************************
2026-09-30 22:40:30,026 - INFO - --- training epoch 175, loss 8.7358, mae 9.2219, rmse 13.0920, time elapsed(min) 0.01---
2026-09-30 22:40:30,195 - INFO - --- validation at epoch 175, val_loss 7.9357, val_mae 8.7950, val_rmse 12.6561, val_r2 0.7771, val_pearson 0.8824, lr 8.10e-06 ---
2026-09-30 22:40:30,195 - INFO - 
****************************************************************************************************
2026-09-30 22:40:31,277 - INFO - --- training epoch 176, loss 8.5184, mae 9.0029, rmse 12.9764, time elapsed(min) 0.01---
2026-09-30 22:40:31,451 - INFO - --- validation at epoch 176, val_loss 7.9224, val_mae 8.7974, val_rmse 12.6922, val_r2 0.7758, val_pearson 0.8815, lr 8.10e-06 ---
2026-09-30 22:40:31,451 - INFO - 
****************************************************************************************************
2026-09-30 22:40:32,681 - INFO - --- training epoch 177, loss 8.5728, mae 9.0591, rmse 12.9664, time elapsed(min) 0.01---
2026-09-30 22:40:32,855 - INFO - --- validation at epoch 177, val_loss 7.9440, val_mae 8.8043, val_rmse 12.6867, val_r2 0.7760, val_pearson 0.8828, lr 8.10e-06 ---
2026-09-30 22:40:32,855 - INFO - 
****************************************************************************************************
2026-09-30 22:40:34,240 - INFO - --- training epoch 178, loss 8.6357, mae 9.1213, rmse 13.0044, time elapsed(min) 0.02---
2026-09-30 22:40:34,408 - INFO - --- validation at epoch 178, val_loss 7.9322, val_mae 8.7903, val_rmse 12.6498, val_r2 0.7773, val_pearson 0.8832, lr 8.10e-06 ---
2026-09-30 22:40:34,408 - INFO - 
****************************************************************************************************
2026-09-30 22:40:35,708 - INFO - --- training epoch 179, loss 8.4992, mae 8.9818, rmse 12.9968, time elapsed(min) 0.01---
2026-09-30 22:40:35,875 - INFO - --- validation at epoch 179, val_loss 7.9158, val_mae 8.7847, val_rmse 12.6660, val_r2 0.7767, val_pearson 0.8822, lr 8.10e-06 ---
2026-09-30 22:40:35,875 - INFO - 
****************************************************************************************************
2026-09-30 22:40:37,361 - INFO - --- training epoch 180, loss 8.5315, mae 9.0172, rmse 12.9671, time elapsed(min) 0.02---
2026-09-30 22:40:37,533 - INFO - --- validation at epoch 180, val_loss 7.8692, val_mae 8.7477, val_rmse 12.6690, val_r2 0.7766, val_pearson 0.8821, lr 8.10e-06 ---
2026-09-30 22:40:37,533 - INFO - 
****************************************************************************************************
2026-09-30 22:40:38,678 - INFO - --- training epoch 181, loss 8.5384, mae 9.0226, rmse 12.9751, time elapsed(min) 0.01---
2026-09-30 22:40:38,845 - INFO - --- validation at epoch 181, val_loss 7.8808, val_mae 8.7541, val_rmse 12.6461, val_r2 0.7774, val_pearson 0.8828, lr 8.10e-06 ---
2026-09-30 22:40:38,845 - INFO - 
****************************************************************************************************
2026-09-30 22:40:40,114 - INFO - --- training epoch 182, loss 8.6252, mae 9.1095, rmse 13.0280, time elapsed(min) 0.01---
2026-09-30 22:40:40,288 - INFO - --- validation at epoch 182, val_loss 7.9120, val_mae 8.7721, val_rmse 12.6375, val_r2 0.7777, val_pearson 0.8835, lr 8.10e-06 ---
2026-09-30 22:40:40,288 - INFO - 
****************************************************************************************************
2026-09-30 22:40:41,562 - INFO - --- training epoch 183, loss 8.6274, mae 9.1109, rmse 12.9657, time elapsed(min) 0.01---
2026-09-30 22:40:41,731 - INFO - --- validation at epoch 183, val_loss 7.8701, val_mae 8.7429, val_rmse 12.6120, val_r2 0.7786, val_pearson 0.8834, lr 8.10e-06 ---
2026-09-30 22:40:41,731 - INFO - 
****************************************************************************************************
2026-09-30 22:40:43,014 - INFO - --- training epoch 184, loss 8.6340, mae 9.1178, rmse 12.9975, time elapsed(min) 0.01---
2026-09-30 22:40:43,188 - INFO - --- validation at epoch 184, val_loss 7.8904, val_mae 8.7577, val_rmse 12.6144, val_r2 0.7785, val_pearson 0.8833, lr 8.10e-06 ---
2026-09-30 22:40:43,189 - INFO - 
****************************************************************************************************
2026-09-30 22:40:44,414 - INFO - --- training epoch 185, loss 8.7426, mae 9.2266, rmse 13.1647, time elapsed(min) 0.01---
2026-09-30 22:40:44,583 - INFO - --- validation at epoch 185, val_loss 7.9142, val_mae 8.7572, val_rmse 12.6489, val_r2 0.7773, val_pearson 0.8826, lr 8.10e-06 ---
2026-09-30 22:40:44,583 - INFO - 
****************************************************************************************************
2026-09-30 22:40:45,654 - INFO - --- training epoch 186, loss 8.6860, mae 9.1712, rmse 13.0576, time elapsed(min) 0.01---
2026-09-30 22:40:45,820 - INFO - --- validation at epoch 186, val_loss 7.9198, val_mae 8.7517, val_rmse 12.6126, val_r2 0.7786, val_pearson 0.8831, lr 8.10e-06 ---
2026-09-30 22:40:45,820 - INFO - 
****************************************************************************************************
2026-09-30 22:40:47,045 - INFO - --- training epoch 187, loss 8.5842, mae 9.0673, rmse 13.0041, time elapsed(min) 0.01---
2026-09-30 22:40:47,215 - INFO - --- validation at epoch 187, val_loss 7.9833, val_mae 8.7853, val_rmse 12.6078, val_r2 0.7788, val_pearson 0.8837, lr 8.10e-06 ---
2026-09-30 22:40:47,215 - INFO - 
****************************************************************************************************
2026-09-30 22:40:48,479 - INFO - --- training epoch 188, loss 8.5952, mae 9.0816, rmse 12.9010, time elapsed(min) 0.01---
2026-09-30 22:40:48,647 - INFO - --- validation at epoch 188, val_loss 7.9626, val_mae 8.7780, val_rmse 12.6330, val_r2 0.7779, val_pearson 0.8831, lr 8.10e-06 ---
2026-09-30 22:40:48,647 - INFO - 
****************************************************************************************************
2026-09-30 22:40:49,933 - INFO - --- training epoch 189, loss 8.6855, mae 9.1713, rmse 13.0865, time elapsed(min) 0.01---
2026-09-30 22:40:50,098 - INFO - --- validation at epoch 189, val_loss 7.9137, val_mae 8.7219, val_rmse 12.6240, val_r2 0.7782, val_pearson 0.8829, lr 8.10e-06 ---
2026-09-30 22:40:50,098 - INFO - 
****************************************************************************************************
2026-09-30 22:40:51,537 - INFO - --- training epoch 190, loss 8.4979, mae 8.9826, rmse 12.9447, time elapsed(min) 0.02---
2026-09-30 22:40:51,701 - INFO - --- validation at epoch 190, val_loss 7.9058, val_mae 8.7296, val_rmse 12.6367, val_r2 0.7777, val_pearson 0.8830, lr 8.10e-06 ---
2026-09-30 22:40:51,702 - INFO - 
****************************************************************************************************
2026-09-30 22:40:52,766 - INFO - --- training epoch 191, loss 8.5545, mae 9.0381, rmse 13.0507, time elapsed(min) 0.01---
2026-09-30 22:40:52,942 - INFO - --- validation at epoch 191, val_loss 7.8853, val_mae 8.7561, val_rmse 12.6130, val_r2 0.7786, val_pearson 0.8833, lr 8.10e-06 ---
2026-09-30 22:40:52,942 - INFO - 
****************************************************************************************************
2026-09-30 22:40:54,158 - INFO - --- training epoch 192, loss 8.6469, mae 9.1333, rmse 13.0260, time elapsed(min) 0.01---
2026-09-30 22:40:54,319 - INFO - --- validation at epoch 192, val_loss 7.9002, val_mae 8.7528, val_rmse 12.6044, val_r2 0.7789, val_pearson 0.8836, lr 2.43e-06 ---
2026-09-30 22:40:54,320 - INFO - 
****************************************************************************************************
2026-09-30 22:40:55,586 - INFO - --- training epoch 193, loss 8.5874, mae 9.0725, rmse 13.0288, time elapsed(min) 0.01---
2026-09-30 22:40:55,753 - INFO - --- validation at epoch 193, val_loss 7.8942, val_mae 8.7519, val_rmse 12.6016, val_r2 0.7790, val_pearson 0.8836, lr 2.43e-06 ---
2026-09-30 22:40:55,753 - INFO - 
****************************************************************************************************
2026-09-30 22:40:57,149 - INFO - --- training epoch 194, loss 8.5755, mae 9.0598, rmse 13.0149, time elapsed(min) 0.02---
2026-09-30 22:40:57,313 - INFO - --- validation at epoch 194, val_loss 7.8915, val_mae 8.7546, val_rmse 12.6049, val_r2 0.7789, val_pearson 0.8834, lr 2.43e-06 ---
2026-09-30 22:40:57,313 - INFO - 
****************************************************************************************************
2026-09-30 22:40:58,794 - INFO - --- training epoch 195, loss 8.5593, mae 9.0434, rmse 12.9775, time elapsed(min) 0.02---
2026-09-30 22:40:58,961 - INFO - --- validation at epoch 195, val_loss 7.8965, val_mae 8.7586, val_rmse 12.6089, val_r2 0.7787, val_pearson 0.8833, lr 2.43e-06 ---
2026-09-30 22:40:58,961 - INFO - 
****************************************************************************************************
2026-09-30 22:41:00,065 - INFO - --- training epoch 196, loss 8.4965, mae 8.9795, rmse 12.9058, time elapsed(min) 0.01---
2026-09-30 22:41:00,227 - INFO - --- validation at epoch 196, val_loss 7.8914, val_mae 8.7604, val_rmse 12.6103, val_r2 0.7787, val_pearson 0.8833, lr 2.43e-06 ---
2026-09-30 22:41:00,227 - INFO - 
****************************************************************************************************
2026-09-30 22:41:01,431 - INFO - --- training epoch 197, loss 8.4477, mae 8.9292, rmse 12.8900, time elapsed(min) 0.01---
2026-09-30 22:41:01,599 - INFO - --- validation at epoch 197, val_loss 7.8786, val_mae 8.7552, val_rmse 12.6274, val_r2 0.7781, val_pearson 0.8832, lr 2.43e-06 ---
2026-09-30 22:41:01,599 - INFO - 
****************************************************************************************************
2026-09-30 22:41:02,999 - INFO - --- training epoch 198, loss 8.6083, mae 9.0906, rmse 13.0314, time elapsed(min) 0.02---
2026-09-30 22:41:03,167 - INFO - --- validation at epoch 198, val_loss 7.8870, val_mae 8.7584, val_rmse 12.6274, val_r2 0.7781, val_pearson 0.8833, lr 2.43e-06 ---
2026-09-30 22:41:03,167 - INFO - 
****************************************************************************************************
2026-09-30 22:41:04,436 - INFO - --- training epoch 199, loss 8.5623, mae 9.0465, rmse 13.0015, time elapsed(min) 0.01---
2026-09-30 22:41:04,606 - INFO - --- validation at epoch 199, val_loss 7.8845, val_mae 8.7500, val_rmse 12.6031, val_r2 0.7789, val_pearson 0.8837, lr 2.43e-06 ---
2026-09-30 22:41:04,606 - INFO - 
****************************************************************************************************
2026-09-30 22:41:06,033 - INFO - --- training epoch 200, loss 8.6574, mae 9.1434, rmse 13.1180, time elapsed(min) 0.02---
2026-09-30 22:41:06,207 - INFO - --- validation at epoch 200, val_loss 7.8738, val_mae 8.7432, val_rmse 12.5907, val_r2 0.7794, val_pearson 0.8837, lr 2.43e-06 ---
2026-09-30 22:41:06,207 - INFO - 
****************************************************************************************************
2026-09-30 22:41:07,291 - INFO - --- training epoch 201, loss 8.5927, mae 9.0771, rmse 12.9661, time elapsed(min) 0.01---
2026-09-30 22:41:07,457 - INFO - --- validation at epoch 201, val_loss 7.8668, val_mae 8.7404, val_rmse 12.5866, val_r2 0.7795, val_pearson 0.8838, lr 2.43e-06 ---
2026-09-30 22:41:07,457 - INFO - 
****************************************************************************************************
2026-09-30 22:41:08,596 - INFO - --- training epoch 202, loss 8.5594, mae 9.0449, rmse 12.9516, time elapsed(min) 0.01---
2026-09-30 22:41:08,758 - INFO - --- validation at epoch 202, val_loss 7.8817, val_mae 8.7450, val_rmse 12.5961, val_r2 0.7792, val_pearson 0.8839, lr 2.43e-06 ---
2026-09-30 22:41:08,758 - INFO - 
****************************************************************************************************
2026-09-30 22:41:10,114 - INFO - --- training epoch 203, loss 8.7040, mae 9.1896, rmse 13.0580, time elapsed(min) 0.02---
2026-09-30 22:41:10,283 - INFO - --- validation at epoch 203, val_loss 7.9079, val_mae 8.7525, val_rmse 12.6070, val_r2 0.7788, val_pearson 0.8839, lr 2.43e-06 ---
2026-09-30 22:41:10,283 - INFO - 
****************************************************************************************************
2026-09-30 22:41:11,570 - INFO - --- training epoch 204, loss 8.5076, mae 8.9936, rmse 12.9701, time elapsed(min) 0.01---
2026-09-30 22:41:11,746 - INFO - --- validation at epoch 204, val_loss 7.9361, val_mae 8.7613, val_rmse 12.6195, val_r2 0.7783, val_pearson 0.8838, lr 2.43e-06 ---
2026-09-30 22:41:11,747 - INFO - 
****************************************************************************************************
2026-09-30 22:41:13,160 - INFO - --- training epoch 205, loss 8.5893, mae 9.0732, rmse 12.9755, time elapsed(min) 0.02---
2026-09-30 22:41:13,331 - INFO - --- validation at epoch 205, val_loss 7.9385, val_mae 8.7561, val_rmse 12.6060, val_r2 0.7788, val_pearson 0.8840, lr 2.43e-06 ---
2026-09-30 22:41:13,331 - INFO - 
****************************************************************************************************
2026-09-30 22:41:14,398 - INFO - --- training epoch 206, loss 8.5106, mae 8.9924, rmse 12.9691, time elapsed(min) 0.01---
2026-09-30 22:41:14,566 - INFO - --- validation at epoch 206, val_loss 7.9293, val_mae 8.7579, val_rmse 12.6088, val_r2 0.7787, val_pearson 0.8839, lr 2.43e-06 ---
2026-09-30 22:41:14,566 - INFO - 
****************************************************************************************************
2026-09-30 22:41:15,642 - INFO - --- training epoch 207, loss 8.7192, mae 9.2037, rmse 13.0812, time elapsed(min) 0.01---
2026-09-30 22:41:15,800 - INFO - --- validation at epoch 207, val_loss 7.9429, val_mae 8.7606, val_rmse 12.5913, val_r2 0.7793, val_pearson 0.8841, lr 2.43e-06 ---
2026-09-30 22:41:15,800 - INFO - 
****************************************************************************************************
2026-09-30 22:41:17,202 - INFO - --- training epoch 208, loss 8.4978, mae 8.9833, rmse 12.8610, time elapsed(min) 0.02---
2026-09-30 22:41:17,380 - INFO - --- validation at epoch 208, val_loss 7.9217, val_mae 8.7554, val_rmse 12.5881, val_r2 0.7794, val_pearson 0.8841, lr 2.43e-06 ---
2026-09-30 22:41:17,380 - INFO - 
****************************************************************************************************
2026-09-30 22:41:18,663 - INFO - --- training epoch 209, loss 8.5623, mae 9.0472, rmse 13.0074, time elapsed(min) 0.01---
2026-09-30 22:41:18,843 - INFO - --- validation at epoch 209, val_loss 7.9093, val_mae 8.7515, val_rmse 12.5824, val_r2 0.7796, val_pearson 0.8840, lr 2.43e-06 ---
2026-09-30 22:41:18,843 - INFO - 
****************************************************************************************************
2026-09-30 22:41:20,079 - INFO - --- training epoch 210, loss 8.5062, mae 8.9898, rmse 12.9638, time elapsed(min) 0.01---
2026-09-30 22:41:20,250 - INFO - --- validation at epoch 210, val_loss 7.8725, val_mae 8.7358, val_rmse 12.5583, val_r2 0.7805, val_pearson 0.8845, lr 2.43e-06 ---
2026-09-30 22:41:20,250 - INFO - 
****************************************************************************************************
2026-09-30 22:41:21,321 - INFO - --- training epoch 211, loss 8.5556, mae 9.0394, rmse 12.8493, time elapsed(min) 0.01---
2026-09-30 22:41:21,479 - INFO - --- validation at epoch 211, val_loss 7.8630, val_mae 8.7255, val_rmse 12.5592, val_r2 0.7805, val_pearson 0.8845, lr 2.43e-06 ---
2026-09-30 22:41:21,479 - INFO - 
****************************************************************************************************
2026-09-30 22:41:22,790 - INFO - --- training epoch 212, loss 8.5440, mae 9.0290, rmse 12.8393, time elapsed(min) 0.01---
2026-09-30 22:41:22,969 - INFO - --- validation at epoch 212, val_loss 7.8843, val_mae 8.7408, val_rmse 12.5835, val_r2 0.7796, val_pearson 0.8842, lr 2.43e-06 ---
2026-09-30 22:41:22,969 - INFO - 
****************************************************************************************************
2026-09-30 22:41:24,370 - INFO - --- training epoch 213, loss 8.7208, mae 9.2052, rmse 13.1366, time elapsed(min) 0.02---
2026-09-30 22:41:24,544 - INFO - --- validation at epoch 213, val_loss 7.9008, val_mae 8.7471, val_rmse 12.5899, val_r2 0.7794, val_pearson 0.8841, lr 2.43e-06 ---
2026-09-30 22:41:24,544 - INFO - 
****************************************************************************************************
2026-09-30 22:41:25,823 - INFO - --- training epoch 214, loss 8.5850, mae 9.0681, rmse 13.0710, time elapsed(min) 0.01---
2026-09-30 22:41:25,992 - INFO - --- validation at epoch 214, val_loss 7.9141, val_mae 8.7477, val_rmse 12.5896, val_r2 0.7794, val_pearson 0.8842, lr 2.43e-06 ---
2026-09-30 22:41:25,992 - INFO - 
****************************************************************************************************
2026-09-30 22:41:27,442 - INFO - --- training epoch 215, loss 8.6225, mae 9.1059, rmse 13.0069, time elapsed(min) 0.02---
2026-09-30 22:41:27,628 - INFO - --- validation at epoch 215, val_loss 7.9070, val_mae 8.7501, val_rmse 12.5908, val_r2 0.7794, val_pearson 0.8841, lr 2.43e-06 ---
2026-09-30 22:41:27,628 - INFO - 
****************************************************************************************************
2026-09-30 22:41:28,697 - INFO - --- training epoch 216, loss 8.5181, mae 9.0007, rmse 12.9745, time elapsed(min) 0.01---
2026-09-30 22:41:28,867 - INFO - --- validation at epoch 216, val_loss 7.8817, val_mae 8.7384, val_rmse 12.5817, val_r2 0.7797, val_pearson 0.8840, lr 2.43e-06 ---
2026-09-30 22:41:28,867 - INFO - 
****************************************************************************************************
2026-09-30 22:41:29,940 - INFO - --- training epoch 217, loss 8.6083, mae 9.0931, rmse 12.9992, time elapsed(min) 0.01---
2026-09-30 22:41:30,110 - INFO - --- validation at epoch 217, val_loss 7.8847, val_mae 8.7423, val_rmse 12.5820, val_r2 0.7797, val_pearson 0.8840, lr 2.43e-06 ---
2026-09-30 22:41:30,110 - INFO - 
****************************************************************************************************
2026-09-30 22:41:31,383 - INFO - --- training epoch 218, loss 8.5573, mae 9.0407, rmse 13.0888, time elapsed(min) 0.01---
2026-09-30 22:41:31,551 - INFO - --- validation at epoch 218, val_loss 7.8908, val_mae 8.7406, val_rmse 12.5826, val_r2 0.7796, val_pearson 0.8840, lr 2.43e-06 ---
2026-09-30 22:41:31,551 - INFO - 
****************************************************************************************************
2026-09-30 22:41:32,825 - INFO - --- training epoch 219, loss 8.5410, mae 9.0256, rmse 13.0116, time elapsed(min) 0.01---
2026-09-30 22:41:33,000 - INFO - --- validation at epoch 219, val_loss 7.8895, val_mae 8.7407, val_rmse 12.5826, val_r2 0.7796, val_pearson 0.8840, lr 2.43e-06 ---
2026-09-30 22:41:33,000 - INFO - 
****************************************************************************************************
2026-09-30 22:41:34,235 - INFO - --- training epoch 220, loss 8.4902, mae 8.9748, rmse 13.0653, time elapsed(min) 0.01---
2026-09-30 22:41:34,405 - INFO - --- validation at epoch 220, val_loss 7.8878, val_mae 8.7400, val_rmse 12.5873, val_r2 0.7795, val_pearson 0.8840, lr 2.43e-06 ---
2026-09-30 22:41:34,405 - INFO - 
****************************************************************************************************
2026-09-30 22:41:35,478 - INFO - --- training epoch 221, loss 8.6302, mae 9.1146, rmse 13.0278, time elapsed(min) 0.01---
2026-09-30 22:41:35,639 - INFO - --- validation at epoch 221, val_loss 7.8895, val_mae 8.7405, val_rmse 12.5910, val_r2 0.7793, val_pearson 0.8840, lr 2.43e-06 ---
2026-09-30 22:41:35,639 - INFO - 
****************************************************************************************************
2026-09-30 22:41:36,873 - INFO - --- training epoch 222, loss 8.5817, mae 9.0645, rmse 13.0170, time elapsed(min) 0.01---
2026-09-30 22:41:37,059 - INFO - --- validation at epoch 222, val_loss 7.8899, val_mae 8.7376, val_rmse 12.5902, val_r2 0.7794, val_pearson 0.8839, lr 2.43e-06 ---
2026-09-30 22:41:37,059 - INFO - 
****************************************************************************************************
2026-09-30 22:41:38,358 - INFO - --- training epoch 223, loss 8.5242, mae 9.0086, rmse 12.9318, time elapsed(min) 0.01---
2026-09-30 22:41:38,528 - INFO - --- validation at epoch 223, val_loss 7.9011, val_mae 8.7441, val_rmse 12.5972, val_r2 0.7791, val_pearson 0.8839, lr 1.00e-06 ---
2026-09-30 22:41:38,528 - INFO - 
****************************************************************************************************
2026-09-30 22:41:39,823 - INFO - --- training epoch 224, loss 8.5654, mae 9.0484, rmse 13.0094, time elapsed(min) 0.01---
2026-09-30 22:41:39,995 - INFO - --- validation at epoch 224, val_loss 7.9051, val_mae 8.7460, val_rmse 12.5996, val_r2 0.7790, val_pearson 0.8840, lr 1.00e-06 ---
2026-09-30 22:41:39,995 - INFO - 
****************************************************************************************************
2026-09-30 22:41:41,479 - INFO - --- training epoch 225, loss 8.4851, mae 8.9679, rmse 12.9817, time elapsed(min) 0.02---
2026-09-30 22:41:41,654 - INFO - --- validation at epoch 225, val_loss 7.9080, val_mae 8.7483, val_rmse 12.6014, val_r2 0.7790, val_pearson 0.8840, lr 1.00e-06 ---
2026-09-30 22:41:41,654 - INFO - 
****************************************************************************************************
2026-09-30 22:41:42,719 - INFO - --- training epoch 226, loss 8.4966, mae 8.9809, rmse 13.0220, time elapsed(min) 0.01---
2026-09-30 22:41:42,884 - INFO - --- validation at epoch 226, val_loss 7.9071, val_mae 8.7459, val_rmse 12.5969, val_r2 0.7791, val_pearson 0.8840, lr 1.00e-06 ---
2026-09-30 22:41:42,884 - INFO - 
****************************************************************************************************
2026-09-30 22:41:44,120 - INFO - --- training epoch 227, loss 8.6032, mae 9.0881, rmse 13.0271, time elapsed(min) 0.01---
2026-09-30 22:41:44,288 - INFO - --- validation at epoch 227, val_loss 7.9075, val_mae 8.7453, val_rmse 12.5967, val_r2 0.7791, val_pearson 0.8840, lr 1.00e-06 ---
2026-09-30 22:41:44,288 - INFO - 
****************************************************************************************************
2026-09-30 22:41:45,700 - INFO - --- training epoch 228, loss 8.4170, mae 8.9019, rmse 12.7036, time elapsed(min) 0.02---
2026-09-30 22:41:45,865 - INFO - --- validation at epoch 228, val_loss 7.9067, val_mae 8.7443, val_rmse 12.5970, val_r2 0.7791, val_pearson 0.8840, lr 1.00e-06 ---
2026-09-30 22:41:45,865 - INFO - 
****************************************************************************************************
2026-09-30 22:41:47,144 - INFO - --- training epoch 229, loss 8.6431, mae 9.1280, rmse 13.0109, time elapsed(min) 0.01---
2026-09-30 22:41:47,311 - INFO - --- validation at epoch 229, val_loss 7.9034, val_mae 8.7418, val_rmse 12.6078, val_r2 0.7788, val_pearson 0.8837, lr 1.00e-06 ---
2026-09-30 22:41:47,311 - INFO - 
****************************************************************************************************
2026-09-30 22:41:48,747 - INFO - --- training epoch 230, loss 8.5154, mae 8.9984, rmse 12.9842, time elapsed(min) 0.02---
2026-09-30 22:41:48,921 - INFO - --- validation at epoch 230, val_loss 7.9013, val_mae 8.7341, val_rmse 12.6017, val_r2 0.7790, val_pearson 0.8837, lr 1.00e-06 ---
2026-09-30 22:41:48,921 - INFO - 
****************************************************************************************************
2026-09-30 22:41:49,989 - INFO - --- training epoch 231, loss 8.5477, mae 9.0292, rmse 13.1560, time elapsed(min) 0.01---
2026-09-30 22:41:50,154 - INFO - --- validation at epoch 231, val_loss 7.8989, val_mae 8.7292, val_rmse 12.5998, val_r2 0.7790, val_pearson 0.8838, lr 1.00e-06 ---
2026-09-30 22:41:50,154 - INFO - 
****************************************************************************************************
2026-09-30 22:41:51,413 - INFO - --- training epoch 232, loss 8.5061, mae 8.9904, rmse 12.9054, time elapsed(min) 0.01---
2026-09-30 22:41:51,589 - INFO - --- validation at epoch 232, val_loss 7.9031, val_mae 8.7322, val_rmse 12.6008, val_r2 0.7790, val_pearson 0.8838, lr 1.00e-06 ---
2026-09-30 22:41:51,589 - INFO - 
****************************************************************************************************
2026-09-30 22:41:52,984 - INFO - --- training epoch 233, loss 8.4182, mae 8.9036, rmse 12.8250, time elapsed(min) 0.02---
2026-09-30 22:41:53,162 - INFO - --- validation at epoch 233, val_loss 7.9018, val_mae 8.7324, val_rmse 12.5987, val_r2 0.7791, val_pearson 0.8839, lr 1.00e-06 ---
2026-09-30 22:41:53,162 - INFO - 
****************************************************************************************************
2026-09-30 22:41:54,557 - INFO - --- training epoch 234, loss 8.5092, mae 8.9937, rmse 12.9386, time elapsed(min) 0.02---
2026-09-30 22:41:54,737 - INFO - --- validation at epoch 234, val_loss 7.8977, val_mae 8.7273, val_rmse 12.5959, val_r2 0.7792, val_pearson 0.8839, lr 1.00e-06 ---
2026-09-30 22:41:54,737 - INFO - 
****************************************************************************************************
2026-09-30 22:41:56,179 - INFO - --- training epoch 235, loss 8.6107, mae 9.0942, rmse 13.0200, time elapsed(min) 0.02---
2026-09-30 22:41:56,360 - INFO - --- validation at epoch 235, val_loss 7.9064, val_mae 8.7365, val_rmse 12.6065, val_r2 0.7788, val_pearson 0.8838, lr 1.00e-06 ---
2026-09-30 22:41:56,360 - INFO - 
****************************************************************************************************
2026-09-30 22:41:57,427 - INFO - --- training epoch 236, loss 8.6518, mae 9.1354, rmse 13.2130, time elapsed(min) 0.01---
2026-09-30 22:41:57,606 - INFO - --- validation at epoch 236, val_loss 7.9023, val_mae 8.7343, val_rmse 12.6058, val_r2 0.7788, val_pearson 0.8838, lr 1.00e-06 ---
2026-09-30 22:41:57,606 - INFO - 
****************************************************************************************************
2026-09-30 22:41:58,673 - INFO - --- training epoch 237, loss 8.6704, mae 9.1546, rmse 13.0512, time elapsed(min) 0.01---
2026-09-30 22:41:58,847 - INFO - --- validation at epoch 237, val_loss 7.9025, val_mae 8.7361, val_rmse 12.6067, val_r2 0.7788, val_pearson 0.8838, lr 1.00e-06 ---
2026-09-30 22:41:58,847 - INFO - 
****************************************************************************************************
2026-09-30 22:42:00,101 - INFO - --- training epoch 238, loss 8.5135, mae 8.9963, rmse 12.9478, time elapsed(min) 0.01---
2026-09-30 22:42:00,268 - INFO - --- validation at epoch 238, val_loss 7.8949, val_mae 8.7313, val_rmse 12.5926, val_r2 0.7793, val_pearson 0.8841, lr 1.00e-06 ---
2026-09-30 22:42:00,268 - INFO - 
****************************************************************************************************
2026-09-30 22:42:01,557 - INFO - --- training epoch 239, loss 8.6116, mae 9.0942, rmse 13.0830, time elapsed(min) 0.01---
2026-09-30 22:42:01,735 - INFO - --- validation at epoch 239, val_loss 7.8916, val_mae 8.7297, val_rmse 12.5876, val_r2 0.7795, val_pearson 0.8842, lr 1.00e-06 ---
2026-09-30 22:42:01,735 - INFO - 
****************************************************************************************************
2026-09-30 22:42:03,171 - INFO - --- training epoch 240, loss 8.5820, mae 9.0666, rmse 12.9959, time elapsed(min) 0.02---
2026-09-30 22:42:03,339 - INFO - --- validation at epoch 240, val_loss 7.8807, val_mae 8.7195, val_rmse 12.5726, val_r2 0.7800, val_pearson 0.8844, lr 1.00e-06 ---
2026-09-30 22:42:03,339 - INFO - 
****************************************************************************************************
2026-09-30 22:42:04,412 - INFO - --- training epoch 241, loss 8.5851, mae 9.0689, rmse 12.9593, time elapsed(min) 0.01---
2026-09-30 22:42:04,591 - INFO - --- validation at epoch 241, val_loss 7.8786, val_mae 8.7191, val_rmse 12.5689, val_r2 0.7801, val_pearson 0.8844, lr 1.00e-06 ---
2026-09-30 22:42:04,591 - INFO - 
****************************************************************************************************
2026-09-30 22:42:05,658 - INFO - --- training epoch 242, loss 8.5220, mae 9.0072, rmse 12.8913, time elapsed(min) 0.01---
2026-09-30 22:42:05,830 - INFO - --- validation at epoch 242, val_loss 7.8817, val_mae 8.7229, val_rmse 12.5708, val_r2 0.7801, val_pearson 0.8844, lr 1.00e-06 ---
2026-09-30 22:42:05,830 - INFO - 
****************************************************************************************************
2026-09-30 22:42:07,105 - INFO - --- training epoch 243, loss 8.6069, mae 9.0910, rmse 12.9660, time elapsed(min) 0.01---
2026-09-30 22:42:07,276 - INFO - --- validation at epoch 243, val_loss 7.8826, val_mae 8.7225, val_rmse 12.5707, val_r2 0.7801, val_pearson 0.8843, lr 1.00e-06 ---
2026-09-30 22:42:07,276 - INFO - 
****************************************************************************************************
2026-09-30 22:42:08,561 - INFO - --- training epoch 244, loss 8.6239, mae 9.1099, rmse 13.0094, time elapsed(min) 0.01---
2026-09-30 22:42:08,731 - INFO - --- validation at epoch 244, val_loss 7.8935, val_mae 8.7304, val_rmse 12.5829, val_r2 0.7796, val_pearson 0.8842, lr 1.00e-06 ---
2026-09-30 22:42:08,731 - INFO - 
****************************************************************************************************
2026-09-30 22:42:10,198 - INFO - --- training epoch 245, loss 8.5629, mae 9.0483, rmse 12.9976, time elapsed(min) 0.02---
2026-09-30 22:42:10,372 - INFO - --- validation at epoch 245, val_loss 7.8967, val_mae 8.7324, val_rmse 12.5906, val_r2 0.7794, val_pearson 0.8841, lr 1.00e-06 ---
2026-09-30 22:42:10,373 - INFO - 
****************************************************************************************************
2026-09-30 22:42:11,436 - INFO - --- training epoch 246, loss 8.5631, mae 9.0469, rmse 13.0287, time elapsed(min) 0.01---
2026-09-30 22:42:11,604 - INFO - --- validation at epoch 246, val_loss 7.8967, val_mae 8.7329, val_rmse 12.5898, val_r2 0.7794, val_pearson 0.8842, lr 1.00e-06 ---
2026-09-30 22:42:11,604 - INFO - 
****************************************************************************************************
2026-09-30 22:42:12,853 - INFO - --- training epoch 247, loss 8.4181, mae 8.8984, rmse 12.8898, time elapsed(min) 0.01---
2026-09-30 22:42:13,038 - INFO - --- validation at epoch 247, val_loss 7.8951, val_mae 8.7330, val_rmse 12.5885, val_r2 0.7794, val_pearson 0.8842, lr 1.00e-06 ---
2026-09-30 22:42:13,038 - INFO - 
****************************************************************************************************
2026-09-30 22:42:14,313 - INFO - --- training epoch 248, loss 8.6485, mae 9.1313, rmse 13.0881, time elapsed(min) 0.01---
2026-09-30 22:42:14,490 - INFO - --- validation at epoch 248, val_loss 7.8938, val_mae 8.7316, val_rmse 12.5840, val_r2 0.7796, val_pearson 0.8842, lr 1.00e-06 ---
2026-09-30 22:42:14,490 - INFO - 
****************************************************************************************************
2026-09-30 22:42:15,768 - INFO - --- training epoch 249, loss 8.5368, mae 9.0200, rmse 12.9399, time elapsed(min) 0.01---
2026-09-30 22:42:15,941 - INFO - --- validation at epoch 249, val_loss 7.8956, val_mae 8.7318, val_rmse 12.5815, val_r2 0.7797, val_pearson 0.8842, lr 1.00e-06 ---
2026-09-30 22:42:15,941 - INFO - 
****************************************************************************************************
2026-09-30 22:42:17,156 - INFO - --- training epoch 250, loss 8.6662, mae 9.1517, rmse 13.0929, time elapsed(min) 0.01---
2026-09-30 22:42:17,322 - INFO - --- validation at epoch 250, val_loss 7.9128, val_mae 8.7465, val_rmse 12.5905, val_r2 0.7794, val_pearson 0.8842, lr 1.00e-06 ---
2026-09-30 22:42:17,322 - INFO - 
****************************************************************************************************
2026-09-30 22:42:18,396 - INFO - --- training epoch 251, loss 8.4458, mae 8.9299, rmse 12.8862, time elapsed(min) 0.01---
2026-09-30 22:42:18,570 - INFO - --- validation at epoch 251, val_loss 7.9052, val_mae 8.7438, val_rmse 12.5851, val_r2 0.7796, val_pearson 0.8843, lr 1.00e-06 ---
2026-09-30 22:42:18,570 - INFO - 
****************************************************************************************************
2026-09-30 22:42:19,829 - INFO - --- training epoch 252, loss 8.6127, mae 9.0968, rmse 13.0270, time elapsed(min) 0.01---
2026-09-30 22:42:20,001 - INFO - --- validation at epoch 252, val_loss 7.8986, val_mae 8.7405, val_rmse 12.5874, val_r2 0.7795, val_pearson 0.8843, lr 1.00e-06 ---
2026-09-30 22:42:20,001 - INFO - 
****************************************************************************************************
2026-09-30 22:42:21,384 - INFO - --- training epoch 253, loss 8.4316, mae 8.9147, rmse 12.7967, time elapsed(min) 0.02---
2026-09-30 22:42:21,541 - INFO - --- validation at epoch 253, val_loss 7.9055, val_mae 8.7454, val_rmse 12.5935, val_r2 0.7793, val_pearson 0.8842, lr 1.00e-06 ---
2026-09-30 22:42:21,542 - INFO - 
****************************************************************************************************
2026-09-30 22:42:22,831 - INFO - --- training epoch 254, loss 8.6115, mae 9.0950, rmse 13.0133, time elapsed(min) 0.01---
2026-09-30 22:42:22,994 - INFO - --- validation at epoch 254, val_loss 7.9079, val_mae 8.7478, val_rmse 12.5930, val_r2 0.7793, val_pearson 0.8842, lr 1.00e-06 ---
2026-09-30 22:42:22,995 - INFO - 
****************************************************************************************************
2026-09-30 22:42:24,424 - INFO - --- training epoch 255, loss 8.5658, mae 9.0510, rmse 12.9838, time elapsed(min) 0.02---
2026-09-30 22:42:24,596 - INFO - --- validation at epoch 255, val_loss 7.9043, val_mae 8.7469, val_rmse 12.5852, val_r2 0.7795, val_pearson 0.8842, lr 1.00e-06 ---
2026-09-30 22:42:24,597 - INFO - 
****************************************************************************************************
2026-09-30 22:42:25,661 - INFO - --- training epoch 256, loss 8.5988, mae 9.0822, rmse 13.0060, time elapsed(min) 0.01---
2026-09-30 22:42:25,845 - INFO - --- validation at epoch 256, val_loss 7.9079, val_mae 8.7484, val_rmse 12.5896, val_r2 0.7794, val_pearson 0.8841, lr 1.00e-06 ---
2026-09-30 22:42:25,845 - INFO - 
****************************************************************************************************
2026-09-30 22:42:26,902 - INFO - --- training epoch 257, loss 8.5723, mae 9.0568, rmse 12.8668, time elapsed(min) 0.01---
2026-09-30 22:42:27,066 - INFO - --- validation at epoch 257, val_loss 7.9129, val_mae 8.7512, val_rmse 12.5955, val_r2 0.7792, val_pearson 0.8840, lr 1.00e-06 ---
2026-09-30 22:42:27,066 - INFO - 
****************************************************************************************************
2026-09-30 22:42:28,333 - INFO - --- training epoch 258, loss 8.3500, mae 8.8329, rmse 12.6850, time elapsed(min) 0.01---
2026-09-30 22:42:28,503 - INFO - --- validation at epoch 258, val_loss 7.9202, val_mae 8.7549, val_rmse 12.6019, val_r2 0.7790, val_pearson 0.8840, lr 1.00e-06 ---
2026-09-30 22:42:28,503 - INFO - 
****************************************************************************************************
2026-09-30 22:42:29,777 - INFO - --- training epoch 259, loss 8.4937, mae 8.9777, rmse 12.8960, time elapsed(min) 0.01---
2026-09-30 22:42:29,949 - INFO - --- validation at epoch 259, val_loss 7.9194, val_mae 8.7540, val_rmse 12.6005, val_r2 0.7790, val_pearson 0.8841, lr 1.00e-06 ---
2026-09-30 22:42:29,949 - INFO - 
****************************************************************************************************
2026-09-30 22:42:31,183 - INFO - --- training epoch 260, loss 8.6629, mae 9.1499, rmse 12.9590, time elapsed(min) 0.01---
2026-09-30 22:42:31,359 - INFO - --- validation at epoch 260, val_loss 7.9112, val_mae 8.7499, val_rmse 12.5949, val_r2 0.7792, val_pearson 0.8841, lr 1.00e-06 ---
2026-09-30 22:42:31,359 - INFO - 
****************************************************************************************************
2026-09-30 22:42:32,447 - INFO - --- training epoch 261, loss 8.7181, mae 9.2027, rmse 13.1338, time elapsed(min) 0.01---
2026-09-30 22:42:32,611 - INFO - --- validation at epoch 261, val_loss 7.9076, val_mae 8.7466, val_rmse 12.5917, val_r2 0.7793, val_pearson 0.8842, lr 1.00e-06 ---
2026-09-30 22:42:32,611 - INFO - 
****************************************************************************************************
2026-09-30 22:42:33,015 - INFO - --- early stopping at epoch 261: val_loss did not improve for 50 epochs ---
2026-09-30 22:42:33,200 - INFO - --- selected checkpoint from epoch 211, val_loss 7.8630, val_mae 8.7255, val_rmse 12.5592
2026-09-30 22:42:33,660 - INFO - -- RESULT
2026-09-30 22:42:33,660 - INFO - --- test size: 1187
2026-09-30 22:42:33,660 - INFO - --- MAE: 8.8687 pp, RMSE: 12.7448 pp, R2: 0.7890, Pearson: 0.8894
2026-09-30 22:42:34,883 - INFO - --- Buchwald-Hartwig | fullcv05_split70 | approach_3: test R2 0.7890 MAE 8.8687 RMSE 12.7448 | 375.6s (1.4s/epoch)
2026-09-30 22:42:34,887 - INFO - --- Buchwald-Hartwig | fullcv05_split70 | approach 2 (comb/mlp) (comb/mlp)
